id,mz,rt,log2FC,t.score,p.value
3589,630.54162,9.3353,5.3171803063816165,-191.27692777430147,8.137980623630201e-09
2716,488.25604,8.3609,-10.115887615190493,130.34753656006993,6.669778406342072e-08
2988,1046.53889,8.7223,6.616952343608297,-57.39183713140789,6.653990423271411e-07
1138,230.0776,4.992,-3.963484711752585,54.14658682841824,7.654907172793899e-07
3073,657.45619,8.8078,-4.370997410694118,85.6088045014811,1.213131971032122e-06
193,145.16894,0.7223,-7.064126234050745,91.41708245498847,3.0421696780848013e-06
2784,699.2272,8.4696,4.513499458914882,-47.638778753258045,4.625489635665005e-06
778,201.14654,4.1744,4.466627759012622,-37.328996116865575,4.8619737610828705e-06
3865,392.31168,9.6271,-5.877896695806433,41.08807407302162,4.978328831172753e-06
1142,190.06972,4.9589,-6.249910441590816,37.714688406430675,5.941367120117311e-06
3261,390.29659,9.0046,-4.768022226378743,41.98101638597917,6.060843639818452e-06
2292,398.38469,7.5608,-2.6278925459960982,30.87146608644072,6.563954976502113e-06
530,453.20505,2.1028,7.841755605868679,-37.91571990408802,6.842047409171935e-06
2508,423.27103,7.8798,-3.8104434135304026,47.163832928148935,7.750735508096726e-06
427,559.16515,1.4098,6.085661199241575,-31.062684390142685,8.267593057781304e-06
1537,196.09579,5.9245,-1.9936412281363358,34.9936246030164,8.43260373549973e-06
485,195.10966,1.7172,-9.887111177992947,105.85980086836439,8.580507692177421e-06
3757,548.2981,9.5124,4.104147707027219,-62.581054936920246,9.457288514733407e-06
2939,440.28729,8.6611,-3.4088365603025217,31.394753200569948,1.0532062152957387e-05
1628,788.35284,6.1496,-6.479774464375119,31.457445754981926,1.0673752371593215e-05
3861,370.33018,9.6238,-4.841149584027433,42.91794976076857,1.204177862059679e-05
2914,499.32506,8.6476,3.6063228618275365,-32.23809412899216,1.2329870937928959e-05
425,406.14654,1.4101,7.533107348262966,-32.470004723147575,1.851820069815615e-05
3411,385.29105,9.0484,-0.7243072144175606,27.469166457043492,1.893611826436906e-05
4028,341.30372,9.8582,-1.2772992824060339,24.14303816872349,1.944552535129064e-05
3222,578.49203,8.9638,-0.43149100630177983,23.982647268153602,2.2208483366676842e-05
566,346.1957,2.2757,5.044324518135738,-26.30226982533351,2.334949791400436e-05
395,348.17488,1.2727,5.19565092382906,-30.081268652649158,2.3926665504387527e-05
244,361.91882,0.7922,-2.9261882594007305,22.361310365387443,2.5373253021518484e-05
2195,573.32242,7.3331,7.994006779553999,-24.752455787872343,2.5766147696742772e-05
273,136.06117,0.863,-0.6357497132672982,22.193509307213176,3.097711729326907e-05
2517,518.20424,7.9456,-6.931292348409933,22.85763389269574,3.163911235382668e-05
648,612.80031,3.6644,6.699917953308084,-30.216294941885206,3.3992785786133104e-05
620,175.00136,3.033,-8.057887189535279,91.82785173168249,3.851022232636112e-05
2781,705.33243,8.4654,6.3101276231819075,-32.38571511520527,3.922309245015385e-05
236,174.11146,0.7761,-8.301033168925404,30.774432148713785,4.0983544452156066e-05
618,233.09527,3.0274,-9.083538903586344,134.5837040205712,4.317708573635831e-05
3660,530.32318,9.3769,6.917641787824781,-24.774014008424512,4.3866710459107984e-05
575,349.13817,2.3303,5.245664223527668,-23.466467374952845,4.612796299792549e-05
1630,794.01041,6.1472,-9.115495217211596,47.54501989777415,4.690797851021844e-05
925,707.86601,4.4916,5.010331278265826,-19.089586065796283,4.702279189388295e-05
3644,508.40768,9.3725,-1.1407631162047895,18.952120056209086,5.035143469116743e-05
998,508.27976,4.696,4.6010505384740465,-19.023764483666653,5.264994063840556e-05
602,360.12767,2.7092,-11.4003336977162,42.50601900026193,5.493428826887098e-05
2353,299.2574,7.6947,-2.3750568507379537,24.16584417879008,5.639380216227209e-05
4086,430.32999,9.9551,-5.273013998636789,49.47693446030953,5.778470742548413e-05
1883,485.24702,6.666,-2.422789875035106,18.361740616211634,5.895729390285823e-05
672,384.8899,3.8396,5.594335369703935,-21.331272673617164,6.313644147092035e-05
3339,907.57563,9.0815,1.2410659610253045,-21.633971426882276,6.425467130343475e-05
3054,402.27708,8.8078,-4.1557077462792815,72.84763543848926,6.459243525931074e-05
650,296.13204,3.6743,5.167054606841717,-30.553641677846322,6.507735957610161e-05
1624,795.34588,6.1436,-6.495071680346836,22.256504044574694,6.809376214105132e-05
2934,353.17393,8.5942,-2.333237745025987,17.40720923029503,6.886062324696124e-05
2170,397.25334,7.2647,-1.7041297254695946,19.17479901110215,7.000951391188085e-05
718,345.53697,3.9697,3.127376290854571,-17.879459099225137,7.060003957094537e-05
3662,402.29722,9.3738,-6.379571909653301,66.09740324887319,7.190225853405471e-05
853,476.24266,4.3232,4.279996082269439,-18.404937286119765,7.58840859302461e-05
588,506.2449,2.4613,7.861279607938135,-22.60408890683105,7.761531002432322e-05
231,260.05192,0.7708,2.8143011297509766,-25.737254118403158,7.812842114551193e-05
3323,346.2703,9.0677,-1.5287055118553017,16.611868617350485,7.91015925904802e-05
4311,536.36932,10.4531,4.497492479370827,-17.13561617321539,7.953929052158507e-05
438,360.12756,1.4191,-7.664960499829643,16.808131324728258,8.044738950568397e-05
3255,368.30811,8.9856,-7.421565362517245,53.55048484939653,8.239891117658119e-05
3283,448.28053,9.0352,-1.516280097381605,23.86261970166906,8.625706663128615e-05
3198,994.61903,8.9515,7.902231488015255,-27.814086233140884,8.860439490247554e-05
3128,515.31711,8.8534,-3.2508135768668396,21.448462209959924,9.003019797409333e-05
2837,321.2392,8.5388,-2.1906524936095817,17.510203350153144,9.186936808700333e-05
1709,364.24677,6.3149,-2.9227885658661727,26.899110973200095,9.188205810947291e-05
1320,249.14502,5.3842,-1.6077182505375749,20.77342229886052,9.744985951130698e-05
2807,615.44602,8.5111,-2.3529447677484496,34.65633356792657,0.00010147656052199724
3104,321.23843,8.844,-4.43937243144231,47.13831449960678,0.0001027681299528376
3966,497.25319,9.7584,3.094879840698851,-15.640992692080689,0.00010434129506496901
415,293.08192,1.3828,3.3837456143118114,-21.09978912887535,0.0001118602773824413
3669,424.28069,9.3843,-8.568511370608741,55.823791162477484,0.00011211688425292707
3051,325.25279,8.7973,-1.9513453425367597,33.48431801953482,0.00011669338776479399
665,203.05479,3.7528,-7.566543819811547,46.352038036215546,0.0001225350582445871
858,642.33656,4.3352,7.379448838697625,-29.86037415563995,0.0001273119204211463
3103,299.25679,8.844,-4.514279696997882,39.62163238971772,0.00012735306157055597
2856,641.47084,8.547,-7.22949118923957,18.599737286163474,0.00012850474023929002
2658,409.27225,8.2404,-5.799725095507952,22.150712614569557,0.0001285963653302788
4326,432.34577,10.4878,-8.224666277603653,15.52359390458016,0.00013186832651485348
1025,838.64276,4.736,-5.735764515627728,50.958314491493134,0.00013327941610384735
884,481.74284,4.3884,2.2442732957296947,-14.442414131089759,0.0001338314401809318
681,586.30523,3.8524,6.031922671020698,-33.20701093484912,0.00013457758339507998
1572,453.17153,6.0195,2.451457557238991,-16.331758192022814,0.00013640223463184278
2843,183.13675,8.5406,-7.009371199485457,20.365236368111717,0.000137352556240177
3197,1055.64529,8.9562,3.602323426399923,-25.928261891953188,0.00014355362005411668
1621,799.67232,6.14,-8.147064649070979,40.99067136693264,0.00014776093935400412
421,558.15841,1.4067,5.615866488188493,-21.575080463221695,0.00015053073759320617
2352,317.26774,7.6935,-2.498044738551817,18.18729333553467,0.00015337082197820602
2707,699.35407,8.3503,2.0945291630399785,-14.154714001412556,0.0001553628641075454
187,878.57244,0.7106,-1.6091313424881255,24.766750549618752,0.0001555333305651044
2567,418.30485,8.0682,-3.068276582743546,28.976420858862074,0.0001621345223480721
2351,339.24947,7.6929,-2.1887100915662856,16.915719701214506,0.00016493409391915448
3319,1134.68789,9.0649,6.09245077897684,-30.65399611427038,0.00016762064439901621
4120,267.26658,10.0102,-1.001824231135224,13.636278720607057,0.00016768309737686966
589,369.11398,2.4689,4.544308142352476,-20.99673720115846,0.0001738230588374733
584,174.10158,2.4212,-9.327468206344232,30.50085055513844,0.00017398894821005965
762,324.18769,4.1021,4.968404562289894,-29.801749563467414,0.0001814571367954557
733,379.87112,4.0451,3.1872160510642,-13.525324835916024,0.0001828566341183897
1172,350.20586,5.056,2.252016269205222,-13.237350997266015,0.00019470438500551973
230,191.98135,0.7726,-2.7622593253077556,20.085599725209043,0.00019618859078573348
921,573.26576,4.4869,4.988465725475952,-13.44842856182373,0.00019763403230283966
3151,552.49661,8.8893,-6.673260219229781,13.090424398929537,0.0002157373976691205
734,569.30174,4.0416,4.639331645096085,-27.130339093814023,0.0002245773808183222
2435,404.33558,7.8198,-1.537010364212473,12.606659317208619,0.0002279417256332772
3795,494.32253,9.5464,-1.7090598629257912,13.653540964959975,0.00023201876047790302
3958,404.31441,9.7551,-5.567117097629976,52.70092465968844,0.0002347867984440549
1007,549.26526,4.7225,3.943453343685082,-14.211871089933453,0.00023543099692129157
815,465.9442,4.2583,1.7527710408854742,-13.265117368186633,0.00023755443561640293
564,454.68883,2.2516,3.090199593105064,-16.17617579840365,0.00023862935567478888
1112,373.24412,4.9418,2.5500307989648743,-16.575633135221118,0.0002422620277968004
518,410.08817,2.0512,4.897798924324414,-16.18336737830818,0.0002448255075757734
2811,631.42268,8.5135,-2.150747178369964,18.20890138252368,0.00024743117478198744
4351,355.2506,10.5349,-1.682293243034442,13.131143690583981,0.00025269816328410026
599,421.16657,2.6519,4.965286779965043,-18.2362182290506,0.0002565312804342343
1251,375.20098,5.2281,4.479381145878507,-21.163061692636997,0.00026275832529417233
3468,502.28866,9.2158,-1.1353483269175673,15.272265475921532,0.00026915184505996116
102,826.63059,0.6664,-1.4853635053675314,13.00099583730303,0.0002760697333955229
611,381.17547,2.892,5.9468769579238225,-17.04814433695391,0.0002770675307022093
590,323.15886,2.4972,-9.860328687035308,23.58037751890427,0.0002843306935095949
2321,333.20225,7.6171,-2.0046472500236323,16.22988694863295,0.00028702344460585085
3190,955.57547,8.9404,1.3306944444866708,-11.900840214617912,0.0002878908341229915
3089,654.45079,8.8218,-7.743646019138059,15.392654259810909,0.00029854444247380264
3947,345.1922,9.7506,-0.987399381883348,15.3919867611006,0.00029954877664905
60,415.95375,0.6276,3.263141553191636,-20.00377701141951,0.000307145972243541
3131,674.36115,8.851,6.271949488021131,-14.566027043219286,0.00030819700092365163
3318,494.33281,9.1086,2.8551147132372408,-17.761160566204083,0.0003086167943419784
785,401.88688,4.1894,2.9848297758818227,-13.725175546602278,0.0003128922079969152
744,281.13823,4.0663,-1.0393118274093345,12.9357493229977,0.0003138573180563687
1015,579.77904,4.7307,2.306205899293989,-11.673579849050567,0.00031605430747010013
2806,649.39739,8.5067,-2.3608971833124492,16.553943069094736,0.0003163489641538734
769,494.27445,4.1372,4.22803313740204,-11.735236479404609,0.00031805317887527315
2847,300.25544,8.533,-2.626590184192424,20.948086497900114,0.00033260461798904065
2715,490.25733,8.3672,-7.424975858297522,11.965014036922552,0.0003385777131689695
2273,267.15556,7.5163,-7.130812222782459,20.498812367524145,0.000342026558432055
299,113.03367,0.9367,-1.3672029191331774,19.61094856564724,0.0003464380340062447
3442,342.29911,9.1793,-3.352152879585533,47.9358505156544,0.00034704403745087613
3285,413.3359,9.0356,-7.510786376674297,36.515469523257615,0.0003487726188071935
831,812.90292,4.2995,3.7544680114869142,-13.636098323435826,0.0003495556295560679
1626,787.3515,6.1436,-9.97506773101434,42.83927624142324,0.00035301808537797127
3846,450.29685,9.6068,-1.536482925950926,12.941366438537452,0.00035564215731577416
799,452.24625,4.2319,3.2427318535995973,-13.956801872585975,0.0003572335711322307
984,637.32741,4.6719,4.76535511326204,-17.79269754301863,0.00035922758365002577
578,161.10636,2.3574,-8.708257381285215,28.26304726207837,0.00036261056420125443
1143,208.09573,4.9994,-3.5987651978066966,41.02932055754206,0.00036583857982002126
3749,378.2824,9.4702,-2.8532215270183974,21.187899175191205,0.00036676958989881634
3105,499.32508,8.8503,2.124286953019766,-12.356139527944254,0.0003755021905796845
1508,772.67963,5.8498,-10.246103821290514,47.343954780885554,0.0003873054718734021
3839,371.3229,9.595,-2.9483519403358907,15.67781999635322,0.0003915317866475218
1471,247.12947,5.77,-1.6395972966666408,20.231989482939383,0.00039249270940021325
698,619.80816,3.9186,1.825369648436097,-11.052753203556819,0.0003932963662350019
891,155.06688,4.4024,-1.8353456617770911,18.416297973635448,0.00040307815975277353
3752,1015.6692,9.5078,2.4386764483916146,-15.3919551650842,0.0004031534881053812
863,557.79475,4.3479,2.872616027381977,-15.850021526726055,0.00041360584548649076
942,533.261,4.5321,4.982923488657817,-15.66000152791228,0.00042596856664077313
3651,525.38101,9.3732,-1.02013370542572,11.83988411401772,0.00042721171729875564
1629,787.01744,6.1472,-10.40868257859648,39.30747074734143,0.00043062368181624245
2981,701.83517,8.7211,4.157048567561048,-13.001456271853915,0.00043098733884168325
3413,339.17693,9.1547,-1.037620248305159,11.519827953713467,0.00043257542144547404
1602,395.17955,6.1065,-9.208010218625516,41.232241938493125,0.0004330560835492437
1087,228.06211,4.8714,-2.361935903288229,21.05534579849659,0.0004363504306651187
3324,919.57538,9.0652,-0.8249063293112497,11.95640302587304,0.0004382799758271078
304,321.06323,0.9264,3.302380119521204,-12.917511559534256,0.000438391794088619
382,246.13426,1.2429,5.365431730617835,-19.91268128979777,0.0004422455572559833
825,616.29105,4.2678,4.015496051258616,-11.046123918320394,0.0004428724645377695
4137,381.34561,10.0208,-1.8663877766890629,11.548013820254488,0.00044458123590811324
2915,708.34794,8.6634,2.359275571819645,-15.43595532975995,0.00045255017782490337
1510,774.0152,5.8528,-8.208651519325723,15.060932880442284,0.00045296160265270675
731,261.15678,4.0302,4.569475123986931,-20.033139268863764,0.0004621059538352506
319,400.72657,0.9796,5.063062075843552,-13.401598008237846,0.0004677590378319479
3609,237.22019,9.3495,-1.3872785944423889,11.50440663058195,0.0004683937190785838
3964,347.18768,9.7589,-0.9934608277155874,11.03106866375605,0.00046872013868634496
58,414.95278,0.6273,1.7649621639320632,-10.764936687913732,0.00046889550688442803
988,953.98633,4.6706,5.656867241420356,-10.409960653511618,0.00048114902021579805
587,304.1858,2.4786,6.633165105228118,-20.358816135920982,0.00048658943237136007
291,200.031,0.932,-3.86479390308167,40.898425093523386,0.0005047175605019391
1090,193.09612,4.874,-8.783634904750812,39.911519077045874,0.0005079506197200659
3321,366.2988,9.0658,-1.478850818393358,16.39284807426247,0.0005227931181228131
4286,358.30665,10.3553,-1.6279199838835474,10.47312697268215,0.0005306524168652168
59,468.91183,0.6294,4.034704498699725,-24.17077251312625,0.0005399917205209213
3299,544.35933,9.0508,-1.1088816895072808,13.66444850070446,0.0005402038913450508
2839,337.21372,8.5375,-2.273184441686241,10.253903080956984,0.0005409923318878602
3186,310.2188,8.9328,-1.3050901815050295,24.952257980186626,0.0005434537120689135
1217,493.2656,5.1737,1.835919818110714,-10.100087371754224,0.0005436051968996835
3071,247.2408,8.8078,-3.02596561219083,30.48306231575334,0.0005624740795004715
1728,589.3175,6.4045,1.3067041898484,-10.074937301233508,0.0005654144547337696
4271,548.3693,10.3304,2.204693868150061,-13.13201082931611,0.0005683793906199367
4382,578.51402,10.5798,-1.9825587644438354,10.08898340482098,0.0005685267250217793
2357,263.23571,7.6941,-3.820437026850428,32.0665633121041,0.0005695903534752937
2849,621.47752,8.5329,-6.910414198690201,14.012146582040545,0.0005707087905629328
598,629.23929,2.6237,5.328599141919203,-24.05480601135732,0.000574122591366962
3995,351.27308,9.8012,-5.004506520081474,17.670112696269932,0.0005773654418605369
2159,411.20788,7.2449,-1.0099198894247214,9.966711909796095,0.0005811824000997796
3149,285.24113,8.8894,-0.9204050232857455,11.871912547342236,0.0005836875643536959
2838,476.27543,8.5419,1.4350092651732922,-9.905512444502069,0.0005873378499999691
1627,800.33885,6.1437,-6.201590142621361,10.26086219104994,0.0005909614042742449
3120,322.25711,8.8107,-4.217866969733547,27.784217041056024,0.0005928370395132545
1468,946.41428,5.7672,-9.714223396747467,37.56837245834815,0.0006021001870029413
557,245.09836,2.2413,-4.564864511537465,39.390094834349505,0.0006045107395079403
596,129.05367,2.5858,-8.601450627805093,37.440085645286956,0.0006193542673532742
2370,381.2598,7.717,-2.261196775788413,10.720578237699753,0.0006223640590941584
429,203.1378,1.4305,5.150813519554017,-9.754263156822676,0.000627817836573397
310,205.06724,0.947,4.183183146785911,-16.424076383665287,0.000629078350408922
4228,597.30156,10.2116,5.151479252690265,-14.7000567221736,0.0006292272587046389
4280,359.3116,10.3517,-1.6505768139070511,9.823803332599816,0.0006377769567971471
1053,686.33249,4.7904,4.637653939503918,-17.18809953181684,0.0006410038250076529
1491,771.23385,5.7934,3.7245564382829652,-14.660854020356487,0.0006453145047475329
4371,601.49961,10.5579,-7.61709069878176,10.975922346130687,0.0006481546690984496
553,409.07752,2.2436,-9.628388357967527,38.47308536700083,0.0006693653995020688
1150,204.06204,5.0194,-1.6157510828151924,12.529912774143298,0.000670157826544302
783,589.25718,4.1737,4.659964507094462,-30.79511508321172,0.0006790543336846643
2166,460.32528,7.2521,-1.0970802492463196,11.263668196755628,0.000679087911980623
3101,281.24623,8.8446,-4.723962806787497,24.35652606068574,0.0006808623379281543
1132,137.10637,4.9811,-9.586110896759545,36.0671318761203,0.0006938967426960134
2354,281.24593,7.6935,-3.7615637056688414,30.275307305053246,0.0006979234778142961
2421,203.10561,7.7864,-0.9058717476619105,14.265437284423504,0.0007027033654491021
2774,355.28151,8.4938,1.2330894365464484,-10.250467009860103,0.0007041074043287254
3982,991.6693,9.7661,9.683093027272754,-25.239974808872322,0.0007054567092960615
997,366.2003,4.6974,2.2740823063398463,-11.937058252742185,0.0007104938185882524
4029,359.31428,9.8582,-1.2345058842556895,21.39663911233664,0.0007117138065153168
1506,773.34796,5.8479,-10.604285759138527,36.023402010404176,0.0007120124029273823
3047,418.29356,8.7828,-9.351670717191704,28.988424771102306,0.0007131607751402874
341,213.12236,1.0247,-4.079614532574449,31.796276702792063,0.0007152805130056457
1603,417.16144,6.1072,-8.829779434034387,36.860985752364066,0.0007164841884428803
1148,136.07471,5.0179,-1.830619821880557,31.90330875917563,0.0007174682840321826
2400,423.27071,7.781,-4.039846688696917,18.65622507204002,0.0007224332750322785
457,696.29127,1.5248,-7.550881378803533,9.811259578379914,0.0007254570040941243
701,427.19885,3.9174,2.4026013095324315,-12.061858262401154,0.0007317596960299336
3065,339.21837,8.8066,-1.6489581043938424,11.662988593158714,0.0007409119017214909
3296,507.26998,9.0484,-1.0799475781452923,9.444644246292425,0.0007473082415859369
2160,395.2391,7.2461,-1.0030504483353138,10.200520327756063,0.000748579601521305
3942,427.26993,9.7035,-3.328359261539374,12.658614124868208,0.000756791863800426
2266,340.28321,7.4998,-1.2779572538282569,14.422413428646655,0.0007673971574909275
4488,360.32227,10.883,-1.2824990038205328,9.279470499875003,0.0007780445752079896
1028,437.20159,4.7582,1.5757601204220428,-11.221517236586068,0.0007793559195673222
4030,387.27518,9.8588,-2.919348765935727,9.67393870471623,0.0007875086858985872
3147,303.2517,8.8875,-0.8160807769278478,10.977206451625369,0.0007925006540686792
2932,335.19608,8.6452,-2.2257608837419305,16.22009710123988,0.000795832357143838
2010,457.27774,6.881,1.327600816287691,-10.349112348790474,0.0008114655607089174
2780,699.35405,8.4654,1.256546518690099,-9.065361642527964,0.0008214486746339199
3006,1037.55169,8.7286,8.583536045156606,-18.942815244745365,0.0008248717461276792
789,199.09303,4.2032,-10.33453195656027,34.541577269998456,0.0008288492480545569
3067,323.25434,8.8066,-2.3508036783136905,22.10055203137893,0.0008460425220558976
407,379.20622,1.3771,4.482938535846509,-9.528892387245369,0.0008671322039348636
199,515.82343,0.7281,-1.3365458698692203,14.191898067524582,0.0008742089706803346
4415,229.21521,10.663,-1.455529898754837,9.595257729137499,0.000884255938085481
4125,299.29315,10.0135,-0.8702027934951113,8.889460969699217,0.000885172071134923
1185,589.20823,5.0844,2.719587804467044,-13.880735669307134,0.0008874407185295514
2887,311.25664,8.5872,-1.9413201310154067,13.278348561948574,0.0008913587238266224
1046,305.13454,4.773,-4.389900028957112,30.967148839610235,0.0008946165448029705
664,141.08767,3.7754,-8.399455438250202,31.44718288245475,0.0009003987713262565
1005,472.23382,4.7179,3.8018586072401224,-12.923781132687699,0.0009011671528387956
204,333.888,0.7299,-1.1170674322987484,9.980979711997668,0.0009023352172305524
1529,778.34588,5.9113,-9.739848318381119,28.31414025024578,0.0009064388239440649
736,380.20548,4.0466,4.1111922893338715,-15.429415429596478,0.0009070978754829957
516,217.10568,2.0239,-8.010437099319496,27.75850579613257,0.0009190153903940118
803,241.14227,4.2417,2.290965914690495,-9.313736934621883,0.0009273412386324416
2475,553.29662,7.878,3.538025658635452,-12.266862135611534,0.0009342790306818967
3885,308.29333,9.6463,-0.9328358311092018,11.01752253150193,0.0009460942735520168
3066,283.26194,8.8066,-2.6242620922207536,28.233749264821533,0.0009525406740004247
3994,373.26788,9.7411,-2.8063486928364942,11.539469144705134,0.0009548178409884879
888,318.07468,4.4006,-2.4643970041976937,24.847906024397172,0.0009837508817922965
1283,411.20008,5.3174,4.323516960826469,-9.988544341189495,0.0009838109719415293
625,176.1271,3.1379,-10.674756711203962,31.486467856560637,0.0009882361561597396
1228,411.1981,5.2142,4.525565224038086,-9.266016010671565,0.0009962639438914668
610,160.0958,2.9114,-7.747309173331816,29.584038243675714,0.000999437595024427
3643,515.39489,9.3711,-1.0305097862690893,11.881797389589588,0.0010015338863675492
1496,267.11895,5.7912,-1.4307089555052235,14.381503650272641,0.0010030786123145096
3587,311.31159,9.3274,-0.6703779254676725,9.019461853010942,0.0010054065743441247
3083,213.18388,8.8117,-6.686224805181413,31.12135024359884,0.0010174738990652269
4502,338.49573,10.9008,-1.1490438064385167,12.179755230382131,0.0010271307808829998
2817,185.14496,8.5231,-6.060411755137317,9.354139174358595,0.001030836484656249
915,528.75048,4.4665,3.884768868942309,-16.08952607872555,0.0010411300086246341
3952,448.27837,9.757,-6.555178880650572,8.54020902264455,0.001042129924634352
654,153.13757,3.6889,-7.355970903565538,13.787072518252737,0.001044637562669607
4494,338.41629,10.8862,-1.6596047885950105,10.25040934490718,0.0010598491056478122
879,571.37945,4.3823,-7.359598202562007,24.269789206891005,0.0010613442990484747
614,261.14322,2.9591,3.6704724307928194,-11.657420458096976,0.0010673582395214296
2688,861.40643,8.3166,1.4070552024236758,-10.379348977170986,0.001067892039347456
1396,225.11099,5.6042,-1.3375092689823846,25.927059936673995,0.001070539422959481
4026,381.29611,9.8556,-1.3224665771523032,22.44199901434356,0.001074707808575762
742,385.1939,4.0503,2.4811839207486672,-8.868361620799398,0.0010790066291559651
4367,307.26189,10.554,-1.6209170645512927,16.158647746486423,0.0010799137741247305
3987,343.26801,9.7738,-0.97509596470762,15.183254641798706,0.0010857042125598413
3009,539.31329,8.7223,-1.3703954498273978,10.756970136008414,0.0010892664938805584
359,546.27372,1.0983,-6.117639642356652,29.16763921308418,0.0011006302684214656
4315,479.29684,10.4108,-2.6256682930951785,9.322793310605883,0.0011154500841212343
3228,515.31724,8.9733,-0.7095246903797721,8.407072664766766,0.0011173310048872523
2921,701.3691,8.6194,1.3822463592525551,-8.745302897950674,0.0011323438087288316
866,522.26814,4.3482,4.359474386790781,-16.411321930224307,0.0011327653096064169
3925,318.27547,9.7157,-0.9082793667607856,12.226875494694307,0.001137120108632697
2782,354.27056,8.4678,1.3807314380376932,-8.73993291839044,0.0011503670241725412
537,427.20601,2.2146,-10.067992167081734,10.10939575799218,0.0011619645503789964
1108,691.59313,4.9295,5.186016828908811,-15.747485450763143,0.0011630024590425744
909,559.30603,4.4299,4.553103125851932,-15.943690670025996,0.0011699433847629128
3011,499.32477,8.7267,1.4212602321949976,-9.333582061331791,0.0011896782987343083
2722,512.23929,8.3646,-9.724092071578124,26.051409193701932,0.0011912857360621622
4012,671.47448,9.8404,-2.2063083311842338,10.15365843907527,0.0011940715674654912
4346,371.22319,10.5361,-1.1434331054751308,8.229564886101732,0.0011958366669842066
2431,384.30933,7.8095,-1.4855626374764395,11.892218422850007,0.0012002678762526708
2829,281.24686,8.5357,-2.380837114365079,17.5417498841407,0.001203439295151337
4357,373.22278,10.5404,-1.1859385519878334,8.653425536767864,0.0012093953216078238
2824,653.42695,8.5344,-3.512022214149015,24.330804028683723,0.001224335324875297
4234,619.28323,10.2213,1.3184065008150894,-8.27813924823625,0.0012307262733877028
560,250.07638,2.2481,-11.25498484717822,27.998712355043214,0.0012364716051443255
3044,599.11408,8.7774,-0.8892537039036696,8.79108311149971,0.0012389882700570576
312,524.19586,0.9581,7.027864435010674,-10.040110230299126,0.0012398892673306237
435,322.67643,1.4147,3.476949828189502,-11.571016893776235,0.0012405116564879282
4283,558.4882,10.3523,-1.0780643582731182,8.197802520699662,0.0012453055236444576
4487,438.26508,10.8861,-2.116111251339264,10.125532466951418,0.0012509806702280185
635,199.05664,3.3756,-8.646619416562054,27.80362225885053,0.0012515010980244739
441,459.25476,1.4445,6.705999947653563,-16.897131193191164,0.001254956478334939
1614,792.01566,6.1341,-7.082820933062946,23.57619112006784,0.00125505632159294
3608,348.28773,9.3476,-1.5126560421250836,10.759555877149893,0.0012630892159775746
1683,244.09565,6.2482,-1.2789636644251487,8.196747093024815,0.001269026145316965
3653,524.38172,9.3745,-0.9588929554487775,10.592731715678275,0.0012722389642858757
2792,627.39108,8.4881,-1.6735006450685637,8.717223625757038,0.001283199298566122
1842,373.19464,6.6142,-0.8585933135260033,8.325759931323304,0.0012836207106744343
2626,438.31975,8.2164,-6.0168824139296255,13.797371095144733,0.0012882633446923031
159,536.69678,0.6959,-1.123998142831259,13.06631420421329,0.0012957845029950958
2927,279.2306,8.5936,-1.3370926846420268,8.411330438872442,0.001296384064123012
2271,371.2778,7.5644,1.1462362802145893,-10.332252657899007,0.0013067808393665314
816,686.98763,4.2624,6.916306126654237,-13.225593092654554,0.0013094986643275644
685,434.71067,3.8521,6.866674971872495,-15.15629716890308,0.001325046613294004
426,398.16084,1.4059,8.536638031070709,-18.406372217004417,0.0013297571397239214
1509,773.01409,5.8504,-11.633749079766543,27.011980392570962,0.0013423364626375383
466,190.10637,1.6244,-7.7753924054884775,26.94662439615868,0.0013483743160041728
1533,778.67955,5.9202,-8.9947282896985,21.3470870729228,0.0013671080871989329
3950,534.29381,9.7532,1.0864786636093404,-22.16030716453137,0.0013684467653274056
2255,335.21813,7.4619,-1.3499600477190512,12.06742413583784,0.0013697200737481411
225,189.01505,0.76,4.081956692514224,-10.273562091038045,0.0013820761873111274
1297,436.20549,5.3268,2.3122897288334943,-10.385682156694521,0.001396420635687228
3097,621.48973,8.8369,-7.241667727199921,18.71935457613953,0.0013978401637386373
1681,251.12462,6.2427,-1.4344296881406802,15.054128690780752,0.0014004395217574496
617,262.04854,3.0084,-9.988524710669271,26.623228171990405,0.0014013842006029048
2970,368.15743,8.7046,1.3669359777225951,-11.516570693917453,0.0014055876236991921
772,213.07228,4.1433,-2.5021202359358474,19.47481435743851,0.0014122468543500903
710,399.23332,3.9476,1.5446154690290275,-8.271043874488083,0.0014272055845277066
183,880.57243,0.7063,-1.8274991285889977,14.964911525140257,0.001449739437510652
973,531.2848,4.6345,1.289872283467644,-7.885225680257469,0.0014499276189569791
1203,447.18256,5.1246,4.8472017415765025,-13.126916325137412,0.0014638897530392314
3074,639.48502,8.806,-4.208582659328167,24.81651702978763,0.0014727153235064407
2848,327.16021,8.5501,4.277696680861975,-12.081911624549765,0.0014788897413763862
700,393.11422,3.9201,-8.8383604158925,23.27832363086859,0.0014902586774513812
1685,415.19229,6.2494,1.4370342660562017,-7.743806932246784,0.0014982288529588287
3960,379.21416,9.7481,-2.8654166468771933,13.24440130229371,0.0015042268563937187
2840,418.29355,8.5406,-8.671434118571089,8.902249843067134,0.0015050035595969883
3153,325.23401,8.8912,-0.8734257201486777,10.590495324401756,0.0015133782654933048
3287,488.27303,9.0377,-1.9740241442910031,13.997375157081214,0.001527766407217542
924,543.31221,4.4867,3.419614488395192,-10.929902571458937,0.0015378113460384757
3816,391.28055,9.5743,-9.980643120270193,21.201653580369275,0.0015720770164454037
3792,518.32024,9.5424,0.8632815169267003,-8.254720591573125,0.0015773327966848317
517,384.1139,2.0181,4.079937618262308,-12.217625346091578,0.0015803395006047203
3541,392.31351,9.2729,-9.1435333386484,23.82912836737068,0.001581490488302887
945,480.24475,4.5309,5.019457445653557,-14.2813269829167,0.0015901228548798215
991,953.48445,4.6714,5.494737815475725,-14.641021196756615,0.0015905165096748003
3330,345.33913,9.0772,-1.0620824628969823,10.13854058098035,0.0015922974796465945
2955,392.27796,8.6806,-1.184791587877175,8.801810470453027,0.0016131807604683602
3527,559.38113,9.2611,1.0459942654635688,-8.49328116990639,0.0016137157043576494
3642,380.30769,9.356,-2.9004083205001043,24.45496082510733,0.0016254168879293106
461,580.25785,1.5515,8.802239920171512,-15.411595715913382,0.0016336970547004013
615,207.02668,3.0146,-6.427684588353285,24.290669830009048,0.0016460126027311665
3338,515.22574,9.0841,1.8946793383176233,-8.686674919198069,0.0016469901595668256
502,243.10545,1.8374,1.8538501236162706,-7.882816571867696,0.0016613508755023492
2987,1038.05428,8.7236,6.409467804945475,-14.117481091533202,0.0016653171562981827
3223,350.27335,8.964,-1.4279889347083277,19.660577725648785,0.0016894870373159651
3302,530.34579,9.054,-1.5811913923297967,13.450061707965313,0.0016928919525937625
1236,183.09719,5.2108,-1.1798076645705464,11.731037091148618,0.0016960237000043033
1568,447.18576,6.0065,-9.01963893887892,22.971752438752304,0.0016964918047075795
4277,598.47517,10.3493,-1.1908051142167189,15.223764689987688,0.001699086439202405
2148,402.28347,7.2258,1.196898582100526,-7.875260727428915,0.0017031603545245814
3639,331.28293,9.3698,-0.8232408973188967,11.415328286065348,0.0017089346835782572
674,385.22464,3.84,6.972477717701253,-8.145319315280052,0.0017111990201480387
1088,206.08004,4.8726,-2.484284759971459,21.15632983070501,0.0017196219585069539
3648,507.40608,9.3718,-0.8776150992243243,12.859250085043401,0.0017236782311937301
2820,524.25351,8.5278,-7.400371879002771,19.462431901809897,0.0017580213309705743
3253,709.36393,8.9977,1.6298257873978343,-8.862654991985988,0.0017819839112575792
2662,285.24118,8.3135,-3.8951323701961664,8.127547009586175,0.0017897343342544861
740,153.10119,4.0647,-5.169764541179806,15.399348013247508,0.0018374936177686498
722,225.12221,3.9785,-10.970024119577166,22.910030618979413,0.001858613187385043
439,527.22922,1.4223,2.1253870829715202,-18.143010757838507,0.00188299037743086
1020,196.09341,4.743,-2.2636462097063452,20.605828279205266,0.0019019921284580744
4299,306.27778,10.4054,-1.095944218861053,7.498591578490485,0.0019101426043352113
293,150.05731,0.9136,-1.6461205063779634,17.42790281426936,0.0019279744163519417
3515,543.40553,9.2564,1.09224403963481,-7.36114035547051,0.001951770257909827
771,494.60893,4.1475,4.885910260961393,-12.139210440230364,0.001973182052745802
432,298.08848,1.4123,-8.369537205588315,9.921488189689322,0.0019802429630488712
1265,378.2368,5.2708,1.54885110743795,-7.822873767793296,0.0019808540774338664
647,459.2245,3.6503,5.522918940583491,-13.610445488440051,0.0019810932372277927
802,533.26259,4.2374,2.353656648646276,-8.472795002296838,0.002009036435603811
4497,675.674,10.8868,-1.4120177092921207,9.474404126842398,0.002009818593188573
3087,655.45525,8.8141,-6.087114517981767,22.053979835309637,0.002018509058174129
2951,407.27421,8.6702,-0.736674916682345,7.324370006511525,0.0020321431578564655
2785,863.42193,8.4696,1.3714392955406103,-10.45157114769973,0.0020356833486006877
3107,539.31714,8.8465,0.8307420267923327,-7.408861405361578,0.002059727789036423
857,366.20066,4.3295,3.591794938651666,-7.6729333774765065,0.0020721657422481813
1546,609.22848,5.9465,-1.1748421084410428,9.102573626369086,0.002083591598059814
4201,549.37458,10.1476,1.1090498639997701,-7.573128092401138,0.0020855133455162907
3017,474.25733,8.7323,-1.3759937058364144,15.66556313378062,0.002090101311302092
377,113.05655,1.2183,-1.390353846881169,16.11955864140019,0.0020906938931730865
175,786.58334,0.7015,-1.0501676275015654,10.388928211055944,0.00209614740150805
3605,450.29621,9.2848,-7.839209727252884,11.632722116893182,0.0021139076501083733
1406,415.16482,5.6325,-1.6268163101307138,15.152375288519822,0.002120970711565085
1252,210.10915,5.2444,-8.583629981910695,20.556811636515427,0.00212836804356971
4040,383.32144,9.894,-0.6151307890166198,8.013378182504486,0.0021296693676470025
3157,703.38475,8.8925,0.8492975975667072,-8.825363465089524,0.0021318279188883306
4135,549.453,10.0181,-1.4915501634400457,7.207189893895761,0.002142608693750686
2201,249.14499,7.3443,-1.067715962176976,7.66964804124223,0.0021541421664886557
3046,594.15871,8.7792,-0.7733262977742461,7.1983947471222915,0.002164023798854275
1807,485.24682,6.6144,-2.195239483986079,10.767416197059983,0.0021647297650138923
351,284.09774,1.062,1.1944689536403148,-7.6292345947440365,0.002169971898032641
667,307.17506,3.8181,3.213852547371138,-7.777582235661316,0.0021705303752567805
852,585.6251,4.3302,3.4220083402621375,-7.168230303789125,0.002184683752413515
3225,422.28841,8.9647,-9.733945919570708,19.368193034025776,0.002188333469054475
2841,343.22107,8.5381,-4.01327564288808,9.346119089202796,0.0021989316789425488
765,392.18006,4.118,5.495260311726629,-11.023346531858802,0.0022029957972316797
622,206.02255,3.0292,-2.3009593149254535,20.644427708315135,0.0022139007320779213
1167,180.06447,5.0526,-7.8610890722710565,19.894994088686396,0.0022274636899234316
2574,293.20959,8.0847,-0.9293977127902959,8.375104620772353,0.0022309354183182696
4143,381.81052,10.028,-2.8048560170610637,7.660978768532551,0.0022332736769993555
3100,534.36181,8.8571,3.053096727185347,-11.076908926071587,0.00223346921984469
822,194.08009,4.2715,-1.869036145167203,19.352588928238564,0.0022337250995219985
1011,515.28179,4.7229,5.0314935683767015,-6.9699538654602184,0.0022425484417845773
4483,461.30093,10.8601,-0.6025968528537913,7.017823574993117,0.002245891887237502
4485,303.30329,10.8766,-1.5111866743652413,6.952184631929219,0.002251622533038105
2720,510.23791,8.3634,-13.274271745563356,20.841682101609024,0.00225727373632408
3488,328.27955,9.2453,-3.220139366366487,12.443812163335226,0.002264060882343467
2544,423.27082,7.9956,-6.664333318319739,14.140018382965108,0.0022851572084588443
3607,426.28752,9.3489,-2.1686070702529436,7.878583600350497,0.00229604709183533
804,532.92805,4.2392,3.3650301358689725,-11.859003164633119,0.0023038834103858547
1285,866.64967,5.3092,-9.73109490091169,20.244248413133874,0.00232034664670608
2194,424.26524,7.3,2.2807877603145097,-8.865683897630714,0.0023281276447755096
4495,339.18161,10.8868,-2.147140215572019,11.854153722491148,0.0023312598701337173
63,103.12205,0.6398,-7.48807667398807,19.160636169290623,0.0023413990214190294
4298,478.29124,10.402,-1.0505283280067186,7.305930807425785,0.0023472370294298868
546,207.10136,2.2054,3.1143109066370487,-10.615201961077027,0.002353024852538308
2858,325.16127,8.5482,1.2998919058019798,-7.144064950698999,0.002353205356714921
3759,1039.66923,9.5156,2.185577485790888,-16.929474188220507,0.0023699374072604635
1920,497.27034,6.7856,1.1873706564813933,-10.075189393551918,0.0023708277165196225
1733,334.27006,6.4121,-1.0302159928469043,7.0833841987827455,0.0023749020096167283
4036,463.3764,9.889,-0.8548929950093447,6.848461078904618,0.0023851236518712244
554,353.14518,2.2401,-9.783568164439396,20.306787632753593,0.0023938987739076873
4207,485.35846,10.1531,-0.8635781355111014,7.733247844722273,0.002398057652177151
3956,459.24657,9.7584,0.8898047339926398,-18.510995541620797,0.0023985500648150406
2835,619.47649,8.535,-4.090152294507436,19.941815586399596,0.002399420678286852
4000,475.41308,9.8472,-2.534819195837085,6.833294196863883,0.0024112258876043636
104,910.59354,0.6664,-1.9098501308103586,16.101588724289858,0.0024762380972511338
1477,403.17576,5.7747,-0.8298223471156945,8.249879484670588,0.0024764729797914446
3135,356.16373,8.8845,4.011140184012693,-16.401913233981013,0.0024962460079663877
3112,355.2827,8.8484,1.0796834401760922,-9.287570716518056,0.0025070647506626625
4325,297.27756,10.4719,-1.1785991763675137,7.357233547137374,0.0025090291281604084
4148,378.28806,10.0261,-1.0176945783344236,8.435779171660556,0.0025134256627493694
2872,357.17203,8.5458,-2.5172373704178677,7.3418177422481445,0.002515357851898225
3597,345.33913,9.334,-0.8967830415980957,11.303265108369166,0.00252310255798343
922,572.26599,4.4811,1.3080653462580587,-10.153510238423932,0.0025323349360858983
826,234.07256,4.2758,-2.0724253270303796,17.177273787357304,0.0025380180434235416
1538,413.1762,5.9266,1.7027990524809358,-7.127879011482639,0.0025515740591551296
4296,500.27296,10.3971,-0.9405482215535894,9.329036582051842,0.0025663398203550564
1544,359.14739,5.942,-0.8924794374716241,6.848632275305733,0.002569777656740748
913,529.24988,4.4453,4.370185736889451,-11.47095291108454,0.0025842481236094217
3001,701.24072,8.7255,0.9004974626753839,-6.9845811382698475,0.0025853826437333047
792,203.05766,4.228,-8.494316596433803,19.18161876072998,0.0025976486062030926
835,542.94012,4.3014,1.0488759943495012,-9.637561125224046,0.0026003360542885146
2956,391.28076,8.6812,-1.3944731329369136,9.609737885359033,0.0026067470846427086
3975,497.00198,9.7706,3.580316509153271,-10.093654405503637,0.0026111680420754743
1184,425.17678,5.1015,5.218176647794165,-14.58719427777626,0.0026133777175340106
3969,343.19156,9.7603,-0.8327979358989666,7.340433075206361,0.0026148355875847185
2132,155.1057,7.1664,-0.6079476765670373,6.768722718857707,0.0026204133313438064
270,212.85062,0.8417,-0.9168668056321732,6.717032408854654,0.002624106566511035
1050,441.26825,4.7802,-2.1541216866060475,16.589330246952407,0.0026284389891986673
2826,635.4542,8.535,-3.4091085567440995,19.413050679023304,0.0026362980821926277
350,351.08622,1.0636,-2.216447787800651,7.351235007094452,0.0026368312183841116
567,218.99391,2.282,-1.5911240754337,16.473023082740326,0.0026381412231526557
603,211.10665,2.7587,-13.284596688450307,19.406120538301813,0.0026427115265254095
4285,319.29831,10.3541,-1.6569433590826899,12.893846996088445,0.00264362386051217
4359,403.249,10.5374,-2.5021230314413314,7.037942001542519,0.0026451236184728373
820,686.65325,4.2668,6.969623424003995,-11.510966295297697,0.002654000301232723
492,205.01453,1.7444,-8.88519021508601,19.08025431779659,0.002656227914236368
941,379.19589,4.5262,1.8310246777033399,-6.736512955033085,0.0026635149728567718
4358,405.24899,10.5404,-1.4154547127022683,7.646891836405768,0.0026813878904797025
3775,521.20804,9.5299,1.9254266403105134,-8.64294306812029,0.0026892237367909908
3927,296.2933,9.7176,-0.7331678455890813,8.501963258053475,0.002692400710616842
714,366.20122,3.998,4.081572972956635,-10.676679550983446,0.00271364270408625
1688,282.16873,6.2712,-0.6501996878406917,7.329604772050239,0.002736959370632474
1467,631.61289,5.7671,-9.270525015226635,18.209972990832302,0.002750061178472823
3592,365.2653,9.3313,-0.9757148036264756,10.36911475532318,0.0027762393882990416
3901,349.27011,9.6784,-7.437821464165681,16.49443840885975,0.0027829603695191077
1001,486.24995,4.7193,-6.336416759051424,18.771238570120218,0.0028014510182428273
840,397.2249,4.3145,3.7726483946570344,-13.894551290119225,0.002806776337146816
720,394.23422,3.9745,1.4054444259690104,-11.834912945533167,0.002814345047380694
1133,352.16411,4.9766,2.8042415834131864,-10.23801943031791,0.0028143486233928347
2149,424.25553,7.1904,2.410321123287189,-8.00404578699403,0.002830165682506221
113,740.67045,0.6664,-1.270187582988818,17.334762026609035,0.002854188601252351
3514,561.88204,9.2544,1.224131729971898,-6.932723649551455,0.002873084048413301
3658,353.26491,9.3765,-1.0836154827434683,13.08495218965094,0.002891983133701314
893,218.09795,4.404,-2.3566452583019055,18.14633766820664,0.00293259451212765
4491,338.65941,10.8855,-1.195633765987976,9.29989593383287,0.002949944256078808
856,196.09347,4.3344,-8.62850574488865,18.208558328736338,0.0029914836598677595
1266,209.1104,5.2579,-5.340850641647108,11.032604511464106,0.0029964015141804357
887,303.10992,4.4037,-4.810055068209934,8.675024180719552,0.002996549514671966
4490,339.00714,10.8849,-1.7812479654577222,9.41229622743625,0.0029992455958907037
3883,589.56469,9.6451,-0.9895760092812544,6.47793973246175,0.002999493498756104
1235,399.13966,5.2032,-3.0722664789306178,6.97235164097969,0.0030035760101357876
428,529.20595,1.4029,7.543542359937182,-10.695113764687893,0.0030082878309390486
513,280.1221,1.9317,5.633354537974416,-8.76469119738927,0.0030144974753604885
4282,336.32478,10.3523,-1.456709346296682,11.951298872314085,0.003039406908032559
2950,405.25968,8.6696,-0.6661020112068279,7.0246558341034895,0.003042601563616906
1632,1180.02238,6.1533,-9.180919899749682,17.95109884281039,0.003064426363199148
477,237.11405,1.6368,3.905364440412327,-10.645871526771838,0.0030697600541783657
833,407.23503,4.2982,2.3244856759306303,-8.79992416839553,0.003071700201080554
2996,717.34337,8.7242,0.7824154383136444,-7.175109584162496,0.003077319010540527
327,263.00118,1.0239,-1.906997505068146,13.9778732981157,0.003080412420394486
659,185.0774,3.7223,-1.9720342852771786,17.444196674306315,0.003093824265882777
2281,337.23331,7.5438,-1.0149308656033256,8.743299986769882,0.0031099439638817778
388,234.05377,1.2416,-1.5583727627146375,12.227426049112829,0.0031110866888435936
3568,589.53552,9.3109,-0.7712263770690369,9.092047879142445,0.003122464236592379
56,383.92774,0.6282,1.0815556832474122,-9.00102140597919,0.003123515139350558
739,336.10001,4.0517,-2.374498795495743,11.165473139999026,0.0031368899524667694
1666,368.21647,6.1844,-0.6234045619999415,10.08979787793229,0.0031439446388623325
298,288.20189,0.9391,4.0108564166131595,-12.213520735806993,0.003145447405725266
3117,313.2724,8.8515,-2.2743792880206932,17.716000350206095,0.0031455067879178527
3132,331.28284,8.8584,1.243343657867892,-11.935712556622866,0.003149699145422234
3584,468.30659,9.3262,-0.5585004259649651,6.347959466626123,0.0031582698852169605
3407,512.50208,9.1501,1.7864685177818203,-8.739913715103238,0.00317660960611
1168,366.20079,5.0493,2.7564455622263737,-8.914093810267683,0.003180831794872686
364,457.20911,1.1367,2.668064662846837,-8.27067867164674,0.0032090279638776337
3076,265.25126,8.8085,-2.293015046327273,17.187255520362005,0.003212651846871065
1700,210.11152,6.2957,-2.77761699665964,11.398639371060927,0.0032146321621893954
1474,631.27903,5.7714,-8.919135402475218,17.45081114136125,0.0032298229121931815
3949,426.29672,9.7512,-8.879728322490953,17.35511132014899,0.0032320265638524867
1030,181.09612,4.7649,-7.833778114404144,16.624318447991257,0.0032370403681993305
3,470.26896,0.5575,0.8496789074378395,-6.463091652128781,0.0032584915343692906
1378,417.17134,5.5583,-4.044045028522662,15.313657057304441,0.0032617272177750062
1428,311.1264,5.6653,0.4635843032262734,-10.802359371556703,0.0032785306807881017
1796,121.06699,6.4742,-1.64915869883332,6.761695984893504,0.0032856246003382284
3562,243.20958,9.3042,-0.6640229977883942,6.275565498909954,0.0032937625659020613
631,225.1223,3.2776,-5.889749083085755,15.607988314887425,0.0032954736577303677
3944,449.36663,9.7565,-4.658939493171015,6.795208947131497,0.0033164866291754283
1192,309.12855,5.1156,-5.507219535476351,16.4468446774205,0.0033166804553599353
597,234.08624,2.6044,-10.258764241138836,17.18988384526736,0.003323040365875999
3487,362.30377,9.2279,-0.7914361031567765,17.082954483226573,0.003326031459806602
1171,389.21669,5.0557,2.3887963985985134,-9.298555323867607,0.003330998591415383
3934,421.2337,9.7273,-3.2650313503466863,6.637942429996055,0.0033337854272627748
3647,523.38128,9.3718,-1.0063242579211424,7.7261179680428125,0.0033340212319894645
2383,371.17185,7.7321,1.1084453916913963,-7.414646286101933,0.0033416188338963645
1460,187.13167,5.7424,-0.5407229067787078,7.875303842421476,0.003353441884414543
416,272.10091,1.3986,4.99029483647514,-11.506727908869973,0.003355150893727331
2818,675.35437,8.5313,3.769310705756228,-11.687846809373111,0.0033565291836229203
4101,334.30881,9.9633,-1.639460108862167,13.877505851506509,0.0033575804782529414
756,663.32312,4.0857,6.217480193621087,-14.154357415056653,0.0033694030505488945
616,103.07441,3.0274,-7.2660145168489825,16.655964154309462,0.0033872303119964046
379,264.14234,1.2229,2.4267442113262243,-7.92980086639765,0.003388268569367678
892,359.2272,4.404,3.4979444298783724,-9.621668668570056,0.0033997278052657026
3981,327.21942,9.7654,-0.9951432343816755,8.53446771069603,0.0034174293489661655
1147,609.23422,5.0119,1.0538639588674759,-8.491604066095064,0.0034273480524172704
164,462.76522,0.6972,-1.2963157219792079,14.25483553140004,0.003431819928801857
2842,655.4236,8.5313,-5.1353100246389225,14.897422869433672,0.0034384575869636667
931,474.25832,4.4835,1.847429208258983,-9.019995259058426,0.0034797531496375293
2487,301.17605,7.8829,-0.7210262394043294,8.357633343289969,0.0035133651644281756
2866,432.20902,8.5718,3.7359772876116963,-10.454339447098926,0.003527735628457168
2101,347.18158,7.0904,-4.309866740492357,8.37285585824754,0.003561044942712724
2804,438.31976,8.5037,-8.487612108103262,16.109906733222793,0.0035792481900051368
3080,324.25902,8.8078,-2.263779044333262,14.148124381669078,0.003580804437081531
3282,466.29106,9.0339,-1.3210090832249453,13.238282213955001,0.003585281215181743
1292,866.98396,5.317,-9.504349034541653,16.52881245626128,0.00359036435274507
3042,426.2166,8.7718,-1.1681434126359624,8.718067383186645,0.00359813844042875
559,399.12223,2.2476,-10.271271119924048,16.60490567279587,0.003600011652115117
338,345.05705,1.0423,-4.905141919686695,16.478565743293245,0.003604444721522639
2912,355.28279,8.6151,1.3371875856284454,-10.482022598129193,0.0036529257624719554
4245,365.19719,10.2627,-0.9914105299507723,6.433782668969164,0.0036574806847329204
68,112.086,0.6462,-4.420199577817135,15.913069298572069,0.0036690368131536252
1536,218.07153,5.9239,-1.3480989554706477,10.306901970505963,0.003682198429357515
830,490.24328,4.2918,4.322098580365651,-13.568108908559672,0.0036951356718114606
3469,462.2963,9.2177,-0.8191172178499295,10.41912910473739,0.0037032390045340455
2825,651.42429,8.5344,-3.6348574366039204,15.171242834004069,0.0037228494570708147
1225,350.2059,5.1926,2.0227398114066437,-7.3917182692782735,0.003728524415314118
1345,409.1825,5.44,0.9604501939115853,-6.741586609317352,0.003742551695521435
4104,544.33559,9.9671,1.0853943430461683,-9.518703956691775,0.0037554956285426647
288,388.88239,0.9051,-1.729016891738378,11.601125145279331,0.003765134772125147
3931,536.2968,9.7247,1.0559993279749822,-8.456011533589736,0.003775513291277134
389,265.09467,1.2458,-1.2637465464821558,14.88396363144472,0.0037853907717186235
394,249.11723,1.2602,-1.0324983372164596,6.235000802552429,0.003792733859759837
3483,959.60694,9.2234,-1.1100200578907078,6.48832746926916,0.0037933108939485756
170,870.54511,0.699,-1.0410074276352406,8.689212327021647,0.003810068048346915
2801,317.20733,8.493,-0.8769435074620979,6.130719401617723,0.0038251985673396762
412,337.07925,1.4047,3.9331991298798097,-9.617600088908988,0.0038509770282319994
368,437.1615,1.1905,-5.4345027281215295,15.51669435735257,0.00385338048159557
2412,332.19035,7.7852,-0.9665608678087878,8.35640678400196,0.0038594303343788268
2199,227.163,7.3413,-0.8190030206780481,7.887475155178904,0.003863536651125343
4041,384.33373,9.8958,-0.6774619003298952,6.431998883089434,0.0038703477111969383
467,203.13798,1.6178,1.0082473275179717,-7.127933454157278,0.0038779986185079533
4284,442.42384,10.3529,-0.48972981285438344,6.76737522690164,0.003885881228270146
1039,389.05214,4.773,-1.2092978069713318,13.125950313712442,0.0038859945925936424
229,353.08285,0.7684,0.9898038436642409,-8.877965191509235,0.0038863793039693503
653,197.12727,3.692,-9.32068781939749,15.706354593148454,0.0038989866302026194
4057,375.28554,9.9406,-0.7863803832052163,7.056032079472362,0.003906363410587205
2852,207.17319,8.552,-6.0479543519616925,10.92565616708535,0.003906414011667288
3565,522.28133,9.3069,1.520376896528231,-14.816281377667936,0.00391391586539701
688,389.23791,3.8718,1.0493066863676344,-9.798052883933941,0.003948148001573424
3766,427.24744,9.5319,-0.9799926567536943,9.631981708997447,0.003966009343380354
203,142.02548,0.7287,-1.5530202611054662,12.564175414865993,0.003971149998659237
552,499.14446,2.2371,-12.369522996951824,15.75976282581721,0.003971871469342176
1082,410.08951,4.8674,-8.049601687373427,14.743625123392535,0.003978344661112807
3959,496.82126,9.759,3.170477103911255,-8.46547484803122,0.004003302613864617
1395,257.13705,5.603,-1.4683459430768728,12.958238244732376,0.004010650318104491
4269,373.2701,10.331,4.9483519615041205,-11.706710846233877,0.004018105970182534
1149,182.08012,5.018,-1.6160158028752667,13.603329736630295,0.0040335770831552474
4164,447.30918,10.0756,-1.7141170710747557,6.344220380791583,0.004039276058409274
1743,441.24319,6.3834,2.040431063470003,-6.4821902800466935,0.004040828981250801
968,330.23742,4.6597,0.9866919597879455,-7.369010824041864,0.004043930085202675
682,329.14815,3.8611,2.825513271143899,-7.097699307608996,0.004048805592897113
320,365.10439,0.966,3.19347074244586,-9.64080714321781,0.004051115648412238
4060,335.29722,9.9412,-1.5528957582104992,12.76443022832009,0.004063908429483577
358,206.16411,1.1051,-4.1241745646781585,13.687018231865494,0.004066344587696153
885,482.24197,4.3922,3.397187245912177,-9.046459821453306,0.004072003236897295
2258,383.21594,7.4748,-0.6445017216028752,8.268116889238843,0.004080908277387915
3281,468.30019,9.0333,-0.8837995360933375,9.472326676001448,0.004082346377605374
836,542.27168,4.3017,1.233470789664258,-6.855731333841416,0.004104237149263214
2813,650.41648,8.5181,-4.920999853417757,10.34101352127749,0.004171232590304757
4131,359.31429,10.0155,-0.8658257586852329,9.412347239972004,0.004186891227194263
4243,665.49447,10.2652,3.590045276312813,-13.53161983317112,0.00419597904480954
514,290.16966,1.9548,5.743157532784506,-11.539679514810492,0.004216252202810876
169,954.50661,0.6996,-1.7046870854106064,10.518160058464462,0.004217477561324796
3003,707.34843,8.7267,1.0792168248177143,-9.4834978193635,0.004262094010086104
463,298.107,1.6063,-6.565509005304621,8.7764212797637,0.0042633518729845825
110,742.66953,0.6658,-1.3309184286402784,11.105893079520218,0.004271703699922381
3056,658.46005,8.8008,-6.81509828834427,14.964085740126558,0.0042937953856445246
3428,369.29839,9.2135,1.1587940043671328,-5.919149516316894,0.004305375013761341
658,145.08505,3.7248,-6.225032417043057,15.128545671993066,0.004312297761106798
4505,580.52802,10.9337,-9.485979564617786,14.749198953859775,0.004362401068915246
4033,471.34279,9.8815,-0.9650214198840725,13.338570724177325,0.004372974485746156
821,518.92722,4.2681,3.1943116639415416,-8.938346615582146,0.004376316207246206
2819,265.24441,8.5242,-5.26260624014674,8.585577066633086,0.004386252859143697
4310,377.30122,10.4234,-0.9628087911848624,7.906423977211394,0.004386359085863158
2205,316.28329,7.3657,-1.5115014313665007,13.365955293302186,0.004397674749111392
1014,535.26792,4.7286,3.120131881009564,-14.906578240442103,0.0044147174939957535
3520,560.38161,9.2584,0.9057268652663772,-7.885998577269598,0.004415568596640674
2815,299.25976,8.5205,-2.650120339055686,12.571212312550752,0.004419481012499911
3886,330.27547,9.647,-1.0258278701399401,13.750731793899945,0.004427960303932276
3968,497.15177,9.7623,3.9276759863158377,-10.009602421560503,0.0044281857723987485
2519,249.06809,7.954,-9.877051114066514,14.862586603175894,0.0044301801983480885
1554,195.06425,5.9685,-0.5321770031130919,5.863094515057415,0.004430980142255804
354,203.13784,1.0705,3.371626646912089,-8.281940117030855,0.004439609485323452
2869,450.18295,8.5676,5.509572806889936,-8.930505530683744,0.004446161566496962
2976,362.26491,8.7106,-1.9781324588250433,5.850010075563978,0.0044890054776153656
2700,383.20252,8.3479,-0.9867227462547188,5.769826612188595,0.0044973301291241444
4435,439.35405,10.7365,-9.577222842395638,13.552879107637922,0.004508535907955679
511,423.12465,1.9426,-1.2510776730699265,14.666085752624909,0.004515447779428231
474,472.17972,1.6423,2.3590350333911276,-8.843818272725022,0.004528209150192216
3247,299.19434,8.9965,-0.8191416193128678,5.787263195916516,0.004529137783390885
3951,313.16609,9.7532,-0.9289480527423066,12.549291591053159,0.004530147956410083
3272,297.18107,9.0195,-1.0223650956646777,13.192462838774079,0.0045322692813782595
556,261.07211,2.2422,-9.641953225664352,14.787923306271448,0.0045384643851733774
767,587.22924,4.1293,0.813947751905503,-5.845824830853224,0.004553481045553623
3085,227.19946,8.8339,-2.367889475922455,6.478047350513439,0.004557079257214427
1151,154.08527,5.0207,-2.001428847064706,13.365101573762797,0.004565704215534259
2777,353.26716,8.4641,1.1953215310093697,-6.168900645631151,0.004568453051563671
591,358.19578,2.5158,8.812569432099892,-6.791036126391467,0.004569318138474361
4141,567.42836,10.0208,-1.3187453254130217,6.986094079664519,0.004572569249826273
996,237.14649,4.6613,-8.745761478866843,14.012197044194588,0.004597166084507139
3417,366.29377,9.0837,-1.7971811373248539,7.637958475745975,0.004606931162265667
3620,663.46323,9.363,-2.584473654350959,7.418309291691173,0.004611544407393849
1413,603.26682,5.6328,-1.3128016263921225,6.672945399627502,0.004617897324829111
1177,146.05895,5.0637,-5.064958240605024,12.520899535799492,0.004622117256831003
4509,463.31654,10.9475,-10.710955032973292,14.314868079730834,0.00463472514716477
3454,605.42127,9.196,-0.7273773421352523,5.863728106890076,0.004642410596869137
3789,521.14925,9.5267,2.7491078971370255,-6.376476458150995,0.0046532466214266426
1698,232.09331,6.2976,-1.6998388144183805,12.099719900707877,0.004655184712711672
249,156.04132,0.8025,-1.5877730186610597,14.454129953959875,0.004678686232735992
3192,616.34354,8.9436,0.8911255616813607,-8.826004490074519,0.0046897409834542525
3730,283.04284,9.4351,-0.6617044388872557,5.836871389877256,0.004696781432533076
652,479.11019,3.6884,7.333761356044981,-12.869152761541166,0.004726630430390456
2859,355.17629,8.5502,-1.7956594423661807,8.202950529072723,0.004775651985032244
3106,337.26277,8.8465,1.0751698294304592,-8.43388300107771,0.004786380634655544
707,519.74417,3.9377,1.1909850121840355,-10.651089111787448,0.004802041360054787
529,183.09833,2.0618,-5.167691929101041,14.206528858916892,0.004806930948978034
1507,379.13472,5.8542,4.786219543387981,-11.15917431307015,0.0048071924828399695
4224,337.27232,10.225,1.7436087912752871,-9.793133941734741,0.004815663089473477
4267,269.24629,10.3126,-1.136484047562396,10.46683997823053,0.004816659931998115
4068,518.32013,9.9456,1.1771780566304395,-6.195364994361047,0.004826377325357539
549,190.07127,2.2217,-5.8007007748120465,14.290806621118147,0.004827267410207438
2474,555.312,7.8743,1.4685533102701305,-6.032737478197622,0.0048281618451696245
3728,582.52284,9.4345,-0.9527394154035873,6.263056156922652,0.0048378746579863015
1472,945.91292,5.7702,-9.178302190556433,14.239429535258568,0.004845238919226535
814,435.71825,4.2617,1.3787732052902761,-11.219993772809682,0.004850586362694799
1707,449.20019,6.3083,1.7420942835335156,-5.843476644679693,0.004862464285345316
195,599.78012,0.7245,-1.3612694152003382,10.65852029085745,0.004875537339357713
3090,427.30278,8.8188,-1.8063104578017244,12.707848882371437,0.00488095933224077
585,462.15659,2.4355,1.4366350434979402,-10.697028285819044,0.004910348752528769
325,153.03971,0.99,-5.915501232122963,14.172337171170266,0.0049321300654508226
779,402.22592,4.1826,3.9289724903783365,-10.089007828326544,0.0049337650745195525
1155,853.314,5.0276,-5.307974398367275,14.053599608107728,0.004947574144021479
365,453.13528,1.1262,-1.91969465388296,13.832581029616033,0.0049535214693124646
4136,557.44208,10.0181,-1.2233065551973779,7.7912700654491625,0.0049647276946441846
3310,335.2556,9.0589,-1.3760229686505268,12.287298849047625,0.00496773367002204
1330,277.12689,5.4053,-1.916757029721353,12.726000400911452,0.004971967781561762
515,185.05781,2.0464,-0.9022285957712706,5.698092315205018,0.004979657530349117
1291,415.13482,5.3169,-2.0428890464965894,12.208085994482895,0.004997315744147925
3161,326.23694,8.8906,-0.8879878273405053,10.821423271589344,0.005034519378843806
1473,638.27162,5.7635,-5.851270271693399,13.277518700065496,0.005038427226053622
2924,367.1571,8.6653,3.2678107063840875,-7.320723995217492,0.005063879655072092
4129,341.30375,10.0148,-0.8734238685584703,9.79849599716443,0.005066915293636516
3516,256.67597,9.2591,-0.9126147499094284,5.804881465642728,0.005081607576967592
3783,416.31196,9.5369,-8.568594697935469,13.656532599033067,0.005085544887723967
809,531.27552,4.2543,0.7459846040298563,-8.527756377340289,0.005088504598347271
4139,566.42866,10.0188,-1.2933897930862734,7.326151259140984,0.005137082467656117
3427,393.23864,9.2135,-1.3831864172287496,8.17279511582147,0.005177685706087766
3441,518.32245,9.1774,0.6637393027321963,-6.060056948517077,0.00518067340601771
4279,540.47559,10.3499,-1.2996725762289723,10.864338371011915,0.005181078288349002
3606,531.38619,9.3469,-0.6360672284809477,7.416025776049231,0.005209203352482055
3096,637.47052,8.7889,-3.9412343754016987,8.41719757373455,0.00523048102968708
3361,473.34316,9.0947,-0.9404221691326065,5.592928833847709,0.005302548227168295
2338,370.29332,7.6466,-2.192251896710804,12.910376535314393,0.005316098109032464
1114,691.84392,4.9342,3.3098368761362473,-8.916043190917135,0.005318023206310487
322,140.03322,0.984,-9.361393183268222,13.585991177185972,0.005330044452148411
902,349.11564,4.41,-2.3704776740668647,12.080201500604327,0.005335529113763414
724,154.04884,3.9883,-1.9463040353019005,13.221785881130135,0.0053607248278282876
2793,309.24109,8.4887,-0.7587781398200102,7.400363950189031,0.005364857335862817
3601,553.45597,9.3457,-2.271252331437411,7.119491127699007,0.005379497100928181
3633,483.32658,9.3659,0.9139476037070784,-7.4129479426917255,0.005387272731542195
715,590.84817,3.9687,5.244397806284275,-9.808291762623373,0.005388493232059359
912,563.26183,4.4516,5.6432739436620745,-11.026724444040756,0.0054297978311202725
2888,788.37435,8.5922,6.56710147586855,-8.848478449655218,0.005430868286778371
173,546.72632,0.7008,-1.3091506086276192,11.94312926969267,0.005431583810614755
1065,374.22701,4.815,0.7626761561725512,-5.9358617631731825,0.005434605959089894
806,560.28667,4.2473,3.9348960420087855,-10.024069108875599,0.0054570592581748905
4140,381.29619,10.0194,-0.8430878831042392,9.065055574894322,0.005458037127481526
2857,326.1629,8.5482,1.349650204542968,-5.757624219451369,0.005470885132972322
1998,415.23101,6.8416,1.2144518419434691,-5.743897114889567,0.005475245133858471
1069,280.16378,4.8137,3.6690057517243657,-6.709869355369223,0.005475692503913935
3801,369.2962,9.5581,-3.6225379923624472,12.417468609213183,0.005485643155293736
3014,708.34783,8.7243,2.7903790790821814,-9.863859205884056,0.005514035132802482
3082,409.2973,8.8227,-2.691911109621926,12.24467554511899,0.005518639840174067
2359,355.22635,7.7074,-3.234051159748634,9.91373539568765,0.005534541680179476
3794,542.31996,9.5464,0.8705901355593966,-5.577088921566233,0.005546332472687236
2188,327.2153,7.3096,0.5479685586739933,-5.426721184515585,0.005604486913189878
1342,359.16591,5.4292,2.865889708590662,-7.681366161621151,0.0056608014285961916
2116,331.18661,7.1525,-1.1508718111459553,5.446987101455835,0.005674721571036326
3774,520.51026,9.5347,7.670123947843735,-9.451307056729677,0.0057203727455066135
3057,360.30946,8.8028,-2.1550809942939946,9.9324471567463,0.005752274752838242
4160,619.61162,10.0544,-1.3557897112146335,7.3969152796352535,0.005784065948715729
2436,416.28932,7.8208,-7.131702401934934,12.738432217971761,0.0057888396004571584
274,190.01172,0.8688,-1.5034958878575706,12.682831514538394,0.0057900155776478964
3133,387.20921,8.8347,-6.083218414905383,12.356409785049012,0.005790322200408271
4154,293.28272,10.0472,-1.1666662686408502,9.176180798313935,0.00579130807006252
870,499.91968,4.3513,1.06880988751875,-6.692904690515652,0.005811018897373528
3778,521.0678,9.5299,1.91022149073319,-7.722551071071339,0.005855892740220945
999,359.22734,4.6761,3.8252828590825922,-11.015048883655645,0.005874006172566752
3227,518.32264,8.9714,0.8788534423746865,-7.108123104396188,0.005886099322374518
207,597.7715,0.7323,-1.4102308045651775,9.554769871585234,0.0058874710778723015
3325,324.28831,9.069,-1.2834225234988343,10.434591816483328,0.0058924272851444024
3773,558.29371,9.5358,1.3953379766399117,-5.889649950669703,0.0059380223422515555
4116,697.48898,9.9806,-1.054378341543746,5.749003344267476,0.005938745658669014
3232,321.23872,8.9325,-3.486948228037929,9.610878065235259,0.005946272109087098
4217,351.28548,10.183,-1.0224013350573582,7.160298578253508,0.005955382689987491
1532,778.01136,5.9173,-9.155688042350825,12.312241872827354,0.005967562034700563
1625,794.34477,6.1436,-10.251811205195908,12.66129838575023,0.005994970796885723
2599,261.22006,8.1562,1.1223684337320607,-6.039779679050616,0.006004718786270025
3070,623.49055,8.8128,-5.686008519815674,12.220874133076228,0.006005948659418502
1379,305.13463,5.5674,-1.4228794372321065,11.484718034357314,0.006017594974904149
419,501.25304,1.3981,3.2378043488108057,-8.872516133261641,0.006022544551280867
3491,465.27726,9.2351,0.477720914128569,-5.322242903436691,0.006035717401841059
899,233.00952,4.4087,-1.6200733946196184,12.4806192346391,0.00609205087619371
1016,252.08527,4.7347,-0.566832772819696,6.103778845773861,0.006106067790142634
4152,461.23932,10.042,-0.9367213175640572,11.147796461840658,0.006110864503982763
1156,852.64541,5.035,-5.617432149242588,12.512675278046677,0.006115808185969102
4215,329.30375,10.1787,-0.9284698116340708,7.0191648624318015,0.006123171888635858
2799,611.425,8.4918,-1.0902570945620313,6.442898818935364,0.006129240211076115
2091,355.24239,7.0826,-0.9565956779422979,9.444623081384087,0.006139414347656259
50,384.92533,0.6261,0.9481368591201971,-7.6906170110468555,0.006174513707995515
21,268.94629,0.6255,0.9875413957039401,-5.27622958838251,0.006194044782596025
4319,324.32478,10.4499,-1.0512365949527176,6.97751411053565,0.006207543449677031
361,189.12249,1.0912,2.994432430429955,-9.569243716415814,0.006209053284550566
3572,368.31458,9.3242,-5.4455532075072135,12.569358000310807,0.006212307389299148
4385,609.45034,10.5866,-1.0018363015086056,6.41387924175585,0.006248631446110088
3012,701.36965,8.728,0.6419958115104016,-5.8847234751949165,0.006280274826124629
3650,239.23588,9.3732,-0.690148592893288,7.316151264116595,0.006282047254046361
2985,698.36136,8.7205,1.0927703363601822,-11.230764306600918,0.006285380104121291
1261,676.24668,5.2612,-8.549192928038796,11.924839411776185,0.006291750929939434
1327,299.10878,5.4032,-1.4958044427444488,12.161520585673605,0.00629589393961975
4162,332.29106,10.0603,-1.069270984272734,6.242774943671362,0.006316905069947658
1453,536.30146,5.7138,0.6930967635472101,-5.941545205698407,0.006338672460705135
3233,1158.68737,8.9808,4.19372198035156,-12.300158145149606,0.006338692851225324
570,222.08887,2.2553,-4.676410418219032,5.342858852259988,0.006347860074870235
3946,519.32341,9.7551,0.7201611461509625,-11.037223471333002,0.00635249480041459
3671,490.89229,9.388,-0.8385519520794578,5.456507588474152,0.006359094672021721
161,868.54698,0.6965,-0.9080644663616928,6.90032331300138,0.006359630626297516
198,347.90309,0.7263,-1.5541082823158447,7.8418585995009655,0.006374870611349906
1549,441.15049,5.9534,-1.2254273667013598,8.089858142295645,0.0063976879159902255
308,121.06385,0.9513,-1.151581315149782,11.24937694322693,0.006409950036339197
2034,453.24422,6.9399,-2.3332760535426047,10.318426527950868,0.006420144696911762
1162,225.14738,5.0328,-7.674240101580164,8.329541431086065,0.006439295320695397
1051,163.07434,4.7765,1.8319192239992557,-7.658586959821593,0.006454592362121981
3130,654.60091,8.8588,-6.958412367107616,5.995404006191615,0.006473943873491299
468,189.12223,1.6215,2.587616958869826,-6.912373739376134,0.006489455802882366
901,403.21732,4.4141,2.737808526331207,-8.865819604848529,0.006518017842797117
1391,207.1003,5.5982,-1.4205274736841025,11.648944230238728,0.00652072682427142
2027,385.16564,6.9343,-0.7902581425713322,7.5383478122839005,0.006527634753525878
4108,522.97646,9.9704,2.812820389968043,-7.076412670161924,0.006540439666339786
302,352.00741,0.9439,1.2219561847937328,-5.768402264513202,0.006588494999202863
1710,422.24968,6.3281,-1.075488602350756,7.994357258720135,0.006589560078888303
1928,727.43159,6.7971,-0.6461330253831221,5.528022008651219,0.006597575210364388
1400,469.17193,5.6137,-3.1974737389109884,5.578484969297572,0.006626759610888211
1040,589.20835,4.7752,1.5913148054368298,-6.128972450056532,0.006630159572588328
3102,653.43718,8.8431,-9.593182117059674,12.154629037388688,0.006649460735870444
1086,244.03564,4.8734,-8.945180552236863,9.942958508129452,0.006672420685240639
1580,367.20759,6.0475,-0.8773533125878483,6.765098689436191,0.0066926698232742995
898,217.03724,4.4082,-1.4118852012811658,12.099812597905562,0.00669714977266615
2679,448.176,8.3092,6.534829749048063,-6.550723787991959,0.006708458637655053
562,408.07004,2.2544,-10.385053239305163,12.123072386962937,0.006718792427485627
1110,922.45571,4.9253,6.053728262833566,-5.507019772680581,0.006750199154084662
1254,219.09903,5.2457,-0.6829373719880891,9.787343152877249,0.0067579248244557496
958,453.2562,4.5997,3.6210437280390675,-8.087694860657981,0.006776430743552399
390,329.02562,1.2467,-10.623072962558835,11.724791347760677,0.0067809596451651405
3979,497.05891,9.7668,3.406331606462554,-8.46917567270716,0.006781834783739689
890,319.08141,4.4018,-4.220232566966322,12.010985349353367,0.006800828940110319
787,602.32518,4.1969,4.553491467178897,-9.59463312649126,0.006808287697692276
3410,331.21433,9.1527,-0.745009720880466,9.205529817899468,0.006814052581457213
3918,269.24638,9.6948,-4.735085331079706,8.835281454743605,0.006816643677557698
956,318.17988,4.5845,0.6425027620336374,-5.157985836593805,0.006821654682725204
3059,345.23735,8.8059,-5.1646297037683855,8.584601115009079,0.0068301295627213295
188,712.65004,0.7119,-1.278839688175136,11.76824753944416,0.006832531557155799
178,460.76664,0.7027,-1.2603869511964412,10.865375579419293,0.006836572895027197
963,196.09357,4.6303,-6.009864059842299,11.4427555426359,0.006863447320178276
2518,496.22226,7.9507,-11.980860342368715,11.977053789902966,0.006874502698671663
1377,247.1333,5.5605,-1.0191313954511374,6.6947605936466585,0.006895012861049603
3243,703.25727,8.994,0.9162181733703756,-6.050599512442073,0.006906139558874824
3862,497.39513,9.6238,-1.514453640875331,5.165599297242719,0.006914732148019886
1758,515.28048,6.4537,0.8181539191651144,-5.3767980980600605,0.006950554717722387
781,567.27535,4.1829,1.3164610156849248,-11.625335142020358,0.006952787119021261
4460,744.55971,10.7647,6.5251136269600725,-11.52130799911918,0.006982792061964463
185,544.72775,0.7082,-1.326984974588596,11.87632743626263,0.006983307781044545
120,124.9217,0.6779,-0.9698667352804664,10.742909188885628,0.006984423637601736
3489,718.5357,9.232,12.217368313809626,-11.64075470503761,0.0070499861781849445
1986,135.11585,6.8268,-0.5551403011472118,8.7751434377436,0.007060631216419652
3470,480.30681,9.2177,-0.59258805010038,7.345274417187496,0.007063310680490149
245,121.06392,0.8446,-2.320902838702277,5.2529295387835555,0.007064703230910504
1144,166.08515,5.0017,-7.099923570297327,11.735268701394151,0.007066348968764273
2524,498.22326,7.9564,-9.149161544390655,11.595025076984182,0.007079481576684148
817,466.27367,4.2688,3.065240690066713,-6.457365715717904,0.007083093978752923
243,193.99696,0.7916,-1.5397380157805047,11.10002344542189,0.007106816478332826
331,230.16995,1.0424,-7.293074121463228,11.021681550881537,0.0071318300668468506
2828,193.1577,8.5377,-6.366215868070663,11.443044002426118,0.007136136847275932
356,307.04274,1.0628,2.4731201630594297,-5.0680327866336485,0.007145668655692057
414,288.19104,1.3966,4.3816185984482825,-8.117399691233048,0.007153648598954616
2753,503.31154,8.3887,-6.80996447150013,7.125992556210496,0.007159380162214396
180,879.56718,0.6953,-2.979629830245343,7.1882391311468945,0.00716326096117544
3127,410.29031,8.8523,-7.228723314203394,11.661764358470895,0.007189562447038281
1767,465.33452,6.4815,-0.7174590864733386,5.708900018765899,0.007200270856336878
476,359.2033,1.6683,-4.282386580357497,5.187433921784072,0.007219437976084472
2855,263.23572,8.5462,-1.8605943771713118,11.434205952235796,0.007220008485974663
918,582.27141,4.4822,5.004786156985717,-5.051874692901162,0.0072223754965067225
2512,397.26718,7.933,-0.694714638012484,8.930286841608668,0.007232950319675257
1338,544.29574,5.3457,-1.1253641660900042,8.204245048846582,0.007240066144188655
417,342.11666,1.3968,1.4574512193687328,-5.50333106278096,0.007293866080249606
2398,390.31987,7.743,-2.661028944353125,11.25841487816752,0.007302012775083085
1341,453.17166,5.4361,3.4312757844275406,-8.067412380091218,0.007362180902829897
1489,297.16593,5.7826,-0.7810776573206208,6.309225228270774,0.007382163206960438
846,475.90643,4.3206,4.185179585779474,-9.595077230814757,0.007430455822124522
3578,591.52899,9.37,-1.5871934347035275,6.412061363096247,0.00743763107248427
503,298.12736,1.8268,5.949301123254468,-10.043165682240753,0.007445975992293614
3182,459.31767,8.9265,-7.480594422042873,11.132183255820843,0.007461169904664536
295,175.0012,0.9173,-1.3012653968213836,8.731726541851184,0.007481226733111296
4347,375.21914,10.5361,-1.0297167009197254,5.4515174311728485,0.007518357279330471
3955,518.32004,9.7538,0.7141795680427308,-10.209054126447267,0.007534931760858305
2791,645.36567,8.4868,-1.6565993498474505,6.248038610935156,0.00753625216543842
3155,466.29107,8.8925,-0.9487377208994712,10.634574638074726,0.007543299482748812
2272,411.27005,7.5174,0.9190755930818231,-5.999117263618371,0.00754752027059648
869,499.58554,4.3513,1.0152986777895867,-8.166772859785944,0.007550672975561496
343,654.28018,1.0281,-6.8480124017308,11.25013577644664,0.007583904819461554
693,374.23535,3.915,1.2341658687020844,-4.977073994948378,0.0076291410127155455
201,585.77077,0.7281,-1.0787012553756865,9.772672500875519,0.007653236884750115
2986,702.37303,8.723,0.7063362467863072,-5.11579663212657,0.007673663644978668
3512,349.26411,9.238,-6.959325670491853,11.242775721904207,0.0076910383073604035
1714,513.26507,6.3348,0.9310637544504132,-4.959621148308172,0.0077210264610536984
1124,364.22119,4.966,0.6819535872977793,-4.997263571669473,0.007724189588796238
4024,397.27,9.8718,-3.819274156086723,11.120606911555841,0.007756868694876725
3851,428.31371,9.6128,-1.5536222852480766,10.95389573539406,0.007763117081235366
1582,510.34086,6.0603,1.1133629246294916,-8.632173907132872,0.007791844994000496
519,275.10892,2.0372,-10.07743497648215,11.253004436563463,0.007794510005024042
493,387.26995,1.7615,6.062958879247811,-10.10169801975121,0.007807695153421157
2460,665.42789,7.8558,-0.5337097111252209,6.198205453354338,0.007813558398938124
4231,475.41296,10.214,-0.755359488681858,6.260959911347756,0.00782872461240685
337,321.99683,1.0123,-1.2602421457287853,11.215055354204129,0.007853562268677547
61,221.14849,0.631,1.050278137593752,-6.786781145823311,0.007856347674866307
4134,565.42817,10.0175,-1.361075274381033,6.92903245593708,0.007872750096121444
2218,353.2284,7.3912,-0.8115440478855138,5.2806890781292735,0.00787778238580466
1206,595.25566,5.1329,1.4112420486425776,-5.252295330395074,0.007894332860801646
2881,858.46661,8.5743,0.8789105694468722,-5.065401839508005,0.007896981805270424
247,221.18484,0.7983,-1.2558714718705914,10.636479945664835,0.007910354936755232
1528,479.11668,5.9085,1.8301381482933001,-6.686639557142826,0.007911755556702014
1141,346.23211,4.9946,1.832867906799116,-6.364301310227537,0.007928148907934822
1307,358.26863,5.3399,2.572587762398064,-8.711475801882969,0.007942044952539223
3075,640.34362,8.8079,1.1766580123123997,-9.888182017209852,0.007946617277052426
3409,299.1847,9.1514,-0.7717103594538184,5.32849823172025,0.00798273707423701
385,235.0613,1.2336,-1.2592100450569834,10.624436052353591,0.007984567328725581
691,320.15422,3.8772,1.5032829387662199,-5.504698333198575,0.007985449919802615
3484,324.2285,9.2273,-0.9386835213508506,5.620833941506575,0.00798970029579194
703,438.25132,3.9322,4.180041911272338,-7.887590720492499,0.008004163120020866
1684,266.08373,6.2488,-1.5808208528026002,6.857138571667832,0.008006135862451092
608,182.07803,2.9069,-6.484152643277254,11.002834296577015,0.00802108718105445
3985,497.18049,9.7609,3.293423278878709,-5.583260350933845,0.008035027043345468
755,310.17276,4.0845,2.3399564359567266,-7.029567105515746,0.008050857069266592
470,360.12763,1.6314,-9.473475064797071,10.974769665655401,0.008053908854055812
3449,300.28835,9.1902,-2.0399701117785094,6.836748991791048,0.008087896263789729
3577,498.37845,9.3294,2.483549651123868,-5.402859478026875,0.00809878226888267
861,371.21576,4.332,2.868604501229818,-4.89093049552331,0.008099176085980469
184,542.72941,0.707,-1.3025430027387568,10.959237110374923,0.008110732923074097
151,618.66054,0.6941,-1.0262932786607273,10.864929380906815,0.00811748912460412
2968,625.314,8.7069,2.538979723191732,-6.797444312388046,0.008123304108766563
4500,338.74092,10.8894,-1.4326872143807519,8.090406976401669,0.008130351000831584
2879,449.18374,8.5767,3.9907601248424385,-7.335247893067356,0.008134843028918164
205,587.76954,0.7299,-1.3669778791754839,9.058580399314508,0.008139155066942839
3498,278.24434,9.2423,-1.3782794552264939,7.150130028773548,0.00814869942164606
3954,499.34762,9.7578,0.9705431039866692,-4.971468897171045,0.008151838347981827
2031,401.25179,6.9423,1.354100831011042,-5.138400919180284,0.008169475510027085
108,574.7469,0.6646,-0.8183406845509769,7.738692226100847,0.00824454626051026
3760,394.33024,9.5052,-4.38842543339038,10.934515221244887,0.008247735763453296
851,642.00246,4.3314,5.049213979335021,-9.29768364080326,0.008285010517620274
2179,231.12209,7.2898,-2.362717958494482,5.287563752548993,0.008312320174422695
1076,365.11923,4.8501,-0.8148934934344547,8.65151285056479,0.008332676454242998
1055,464.24912,4.806,3.6977461578352,-8.226345105950232,0.008336279740661583
3217,282.27779,8.9613,-0.6922705284546495,5.670937739106156,0.008337007868859268
3571,399.30662,9.3149,-0.831896212878549,10.56156939054321,0.008343874596936212
1095,472.25386,4.8821,0.88838545016662,-6.545252481061172,0.008344310937068717
862,500.25458,4.3518,3.017996433938929,-7.266407084044629,0.008351647315919655
197,179.98127,0.7257,-1.3724463765651294,10.426290402097946,0.008354370969381094
4037,503.36896,9.892,-0.841398169573389,7.738542267924947,0.008390642830779617
936,664.34997,4.5236,1.1753341671421635,-9.155435382664544,0.008397950952477662
2656,562.23287,8.2713,-7.956244361047962,9.887581103325845,0.008398272527829613
2415,291.19417,7.7846,-0.9552338120547592,9.093120781356717,0.008448351151022928
3725,320.23363,9.4338,-0.5696112914629481,6.2018870300389874,0.008461551284397763
3313,297.2392,9.0515,-1.0590478452780712,5.243697339273069,0.008506286017469514
4376,600.49803,10.5644,-6.8229945802418595,8.099217691023604,0.008509859282560752
2416,253.14157,7.7852,-0.9557235251454674,5.063572007127045,0.008530280711286371
487,173.12741,1.7226,-9.660610746250377,10.60438592275874,0.008546860981186654
422,253.12594,1.3909,5.479345075459933,-9.178074920906207,0.008548836827664141
1303,289.06869,5.3303,-7.840135127896314,9.06766415479773,0.008567178558370503
3150,339.28759,8.8887,1.2505790024770658,-4.813520989815516,0.00856945093605984
1212,210.10245,5.1432,-7.453179386464996,10.677798221552207,0.008577093289242155
2219,313.23603,7.3912,-0.9972914691734545,8.703043361167396,0.008582165158293164
1704,223.12945,6.308,-0.7255123314033209,5.411717947595177,0.008590278944315561
1484,171.13704,5.7772,-0.8675496166053911,7.328696688243292,0.008596133123731206
758,366.19409,4.07,3.6056689329234173,-6.651121081562205,0.008603180314184108
3617,608.55927,9.3469,4.001969795787094,-7.927820215844159,0.008611098102513922
1056,442.26517,4.7929,0.8417000129318266,-6.836784177461073,0.008619169032523128
306,183.08492,0.9476,1.0719038317382275,-7.458712457741578,0.00862438974622233
1587,155.10569,6.0723,-1.0803695297076388,8.981584502750483,0.008630022743525492
3293,463.30141,9.0477,-1.0145405686650601,9.082533438010858,0.008644591619538051
508,355.0986,1.9146,4.447949187750833,-9.01734074393174,0.008652287969393078
259,462.85928,0.8235,-1.14025292427558,9.552667017694198,0.008720464243582112
1035,387.05047,4.7693,-1.0622615345332331,10.45391440692457,0.008723014320910513
2028,697.41727,6.935,-0.646236988610787,6.985533876922506,0.008725419131112914
3078,199.16833,8.8079,-7.476940187253437,7.952441400414259,0.008736114320777533
381,281.06686,1.2267,-1.1504077756305335,10.290644908952153,0.008759941071901041
2704,356.27978,8.3497,-1.143465611365584,9.690615711574932,0.008771253863385294
3557,520.33794,9.2996,0.9499916606635495,-8.594832982981364,0.00878763095288589
1047,265.1422,4.7718,-4.542427249229634,10.539737568003698,0.008881167606361644
206,165.96567,0.7305,-1.260525011316032,9.714426125236573,0.008883253293633712
4078,393.29602,9.9525,-0.6887333015096804,4.754350774794321,0.008943049738621422
1091,359.2273,4.8781,0.9337813696222499,-8.368959990765932,0.008944483039016224
2344,368.31442,7.6576,-2.218594591834157,9.87691315468786,0.008947569121719845
2897,537.30153,8.5953,0.8924345157881808,-4.754216366428521,0.008969403704379058
440,274.17476,1.418,5.953124733043992,-5.216712472307384,0.008985677957538594
702,185.09205,3.9155,-7.689279779625586,10.354456386259077,0.008986178592658841
910,607.31091,4.4277,4.588357365809125,-5.934440871173773,0.008990819377973951
4157,310.25795,10.0505,-1.9924010460707495,4.773498605258428,0.009001955154931369
314,137.04478,0.9605,-1.1384644515878648,10.266456752489916,0.009006973938198387
1521,721.31853,5.891,-8.780501502628018,10.017325267497098,0.00903583668651628
662,471.1447,3.7663,0.9226761012147806,-4.774952761222398,0.009052954546921607
3146,357.29803,8.8863,0.9881755017420684,-9.50767530115629,0.00907173204745116
3751,474.37738,9.5059,3.1629042120345305,-7.571072725946503,0.0090784245379122
3803,265.25123,9.5158,-0.8607694282500038,8.581416389624922,0.009109049422516153
978,393.24556,4.6503,-0.9525759209190756,4.755643542213394,0.009148007604725918
4403,587.46847,10.6209,-0.763620996521091,5.9083878711062185,0.009176231669286506
3304,376.31716,9.0565,-1.68109895829617,10.094635027292153,0.009192462466292765
889,283.12509,4.4018,-0.6936174227497487,4.729648653678191,0.009207130791919638
491,347.19128,1.7376,5.022521238001513,-9.0173967291104,0.009242034474114634
4498,376.29597,10.8888,-1.1636302331423334,8.305163419971619,0.009258630149582446
3119,677.36969,8.8515,0.5204808672965324,-4.7591391691091856,0.009277201967755243
335,290.97845,1.0068,-1.5502155554356323,8.876034033949095,0.009280137146034022
2990,1047.04022,8.7211,8.259910490284554,-9.926141749598735,0.009298694573997904
2248,309.23879,7.4452,-0.9532542137212934,5.586426251707141,0.009319340694120878
378,155.08206,1.2214,-1.329120459448088,10.121286995942752,0.009358249399265597
1723,212.16342,6.3883,-1.5631642139532635,9.579399429176929,0.009369031386319665
256,336.87037,0.8223,-1.2174774198862686,9.551425320090917,0.00937286228080353
638,265.15338,3.5185,2.601721923447063,-7.502457247554967,0.009374920039882714
3610,326.30395,9.3482,-1.4373409893458824,10.11884292092827,0.009377432693358648
4220,510.35379,10.2,0.6512860608602704,-6.049654142544905,0.00938425678465891
951,589.31728,4.5604,4.6935335745885425,-8.688897331598769,0.009425316368557405
4008,396.36178,9.8504,-6.373084309003493,10.216156699867685,0.00943134812569586
226,293.06169,0.7677,0.8985447727441347,-7.287656970564518,0.009468193038124304
3540,549.38099,9.2719,-0.40415155166787464,5.064283091327988,0.009473122031810829
49,354.93198,0.627,4.003025572776522,-9.089762519965257,0.009508379241855228
190,710.65147,0.7137,-1.268715731999424,10.17422992803621,0.009515731195362406
2834,322.25205,8.5376,-1.8225249641701442,9.64467678016752,0.009528413190813823
189,794.61246,0.7125,-1.3076002401771696,9.997526911667514,0.009528791354906975
3640,525.88128,9.3705,-1.0159036601618157,7.88632091716606,0.00954345343922249
182,626.69047,0.7057,-1.287905496459259,10.023173793966627,0.009570057250625005
2637,275.19933,8.2345,-1.3128647302475978,4.699195277049559,0.009580420670543703
1475,630.94477,5.7731,-9.669414157543041,9.833718328090757,0.009597604061875325
3747,356.29685,9.4701,-6.104518752971906,10.08448084732229,0.00960417058598756
1164,247.12948,5.0507,-7.485756702666764,10.08615425278106,0.009608240444727542
131,208.88301,0.6854,-1.1723078360789199,9.508352754714064,0.009643829015705575
3612,376.31211,9.3304,-3.4916653945293668,6.064006730848389,0.009659432737801382
4309,355.31923,10.4222,-0.7898773866562667,7.2373642623819885,0.009672859690760175
289,148.06055,0.9081,-0.4818566005418923,4.91634720350729,0.009673916567849434
3779,292.26,9.5293,-2.543152179614105,5.55324633580375,0.009682612444943716
601,182.07794,2.6925,-11.124469318720687,9.989607704826264,0.009695775163451562
1541,260.09049,5.9462,-6.795962777741501,7.343690865852896,0.009696801960002062
3717,283.22614,9.4331,-0.7039891835175256,7.421445772744432,0.009716854159734832
1355,430.15502,5.5038,1.764023599340042,-9.388898013083553,0.00973210101104796
1249,394.1961,5.2307,2.1765412403863422,-6.218027055062775,0.009744943321761661
138,294.84259,0.6897,-1.1322728898169956,9.851063021213621,0.009767798561482544
162,962.53316,0.7027,-2.5989685734013435,10.014997030175257,0.00977235786021938
644,458.89118,3.6542,5.182640492170889,-8.602426142951499,0.009791298317301593
4464,507.26749,10.7955,0.7466459276937076,-4.8086467057996805,0.009799472928586206
3187,405.26108,8.9309,-5.657856573744475,8.05304928665812,0.00982965791249328
2854,376.30436,8.545,-1.175086471033782,9.723872166600106,0.00983348770062682
1432,323.12905,5.6807,3.5144669103395008,-7.687231710240066,0.009844004928101325
154,616.66305,0.6947,-1.0196174138456007,9.68714245629875,0.009881500478147703
437,180.0868,1.4224,3.0297742762419158,-8.511655130425337,0.009885385462463791
2984,449.28573,8.7199,-0.7244856147073886,7.528500643565817,0.009899249701322114
1527,647.15615,5.9062,0.705838573221909,-6.399621608924333,0.009916364597581119
2161,373.25711,7.2479,-0.8566725148311676,7.520817979106396,0.009923122564553048
186,628.68893,0.7088,-1.223200501737642,9.807285085064374,0.009935629268123441
969,531.61968,4.6308,3.3121040948085514,-7.430581664849801,0.009972070006176038
2916,661.37787,8.6164,6.530979547510942,-9.061898658682814,0.0099732606661501
606,209.10693,2.8223,-5.771117743041861,9.912165486315189,0.009981214573877257
4133,376.34077,10.0168,-0.7736015531830418,5.931888661550583,0.010012185917319009
3600,343.33768,9.3353,-0.882342640061248,8.501833852230218,0.010014232053147077
2291,265.17659,7.5619,-7.323218927506886,9.783805418980641,0.010019303174717916
3207,539.22154,8.9588,0.7104960704045302,-4.939718543538202,0.010021051081163171
1825,681.42626,6.6111,-0.8274625793386035,9.844683305017147,0.010062116442448686
264,378.89816,0.8281,-0.8368468378027911,6.194036431377716,0.010069378206281258
4142,550.45457,10.0234,-3.1412089577879896,6.120680469589658,0.010071018552830862
420,259.02496,1.4021,-5.693920437121848,9.823869095432766,0.010098261366048668
1622,800.00641,6.14,-8.225310701696149,9.79006398779321,0.010129942902455396
1002,508.23003,4.7033,-6.597636267866659,9.77790101932977,0.0101323081176514
3674,540.53339,9.3913,2.5865251998953966,-6.557367761947908,0.01014367277094842
464,479.18522,1.5799,-5.75056520955414,7.782746665028541,0.010173459056313998
3928,297.29692,9.717,-0.8657518388901,7.9126852209946374,0.010178320900057863
4324,637.47918,10.4713,-1.3713191857407576,9.656999637426804,0.010180005979605392
2882,245.22521,8.5744,-1.6480404380694011,9.120194491554523,0.010192100072730071
177,964.53305,0.7081,-1.7866993712939676,5.56114743625279,0.010200576484075944
960,277.10349,4.5981,-2.4743067191804773,9.492191480263587,0.010251116259243907
536,323.04106,2.1901,-11.721112615377479,9.796585770057243,0.010255522400080368
1068,279.16717,4.8278,1.0802031989076308,-8.947252978015012,0.010261459583451387
550,467.20682,2.232,-9.198875569706281,9.78602896400515,0.01026193719361774
1924,230.24669,6.7894,-0.5449302691538112,4.56827017997166,0.010278578590232254
3294,485.28826,9.0477,-1.0488276206097265,9.77264979188364,0.010294239507221713
1881,588.40794,6.6942,-0.8291484556284603,5.326663836147388,0.010318272709691826
1886,566.42603,6.7073,-0.5994529116106992,5.726704277423408,0.010324617187342674
181,374.80703,0.704,-1.2119006606061937,9.699453791361044,0.010348284682351406
144,290.84591,0.6922,-1.1191849863312733,9.744723860526033,0.010352650367575328
1376,525.28568,5.5604,-0.5625640904791567,5.519777799062775,0.010369714783671592
3781,520.98719,9.5325,2.1717341279213507,-4.556256795352007,0.010375245581155003
2331,319.1146,7.6189,-0.5123879739578312,4.773483385407187,0.010378889505025761
179,458.76824,0.7034,-1.2363863560730728,9.733101388431136,0.01038059763044968
1523,720.9851,5.8999,-11.684055898980171,9.69811367081036,0.010393663630543382
1486,387.20376,5.7778,-0.7765080430532985,7.333750692252316,0.010396067490426437
2361,367.24407,7.7006,-0.7144802289361607,5.741436015396977,0.010404780958344127
2111,365.22878,7.1321,-0.5646736765266791,5.654883708716755,0.010407222103441327
4450,411.25238,10.7704,-0.6959279916061689,4.615034717002284,0.010407987270199197
4007,419.35033,9.8585,-2.3366514308685273,9.171478819068854,0.010419010711876033
4489,321.31387,10.8843,-1.0691949056408028,7.84203183748976,0.010428931168551935
522,353.08276,2.0661,5.039640829975072,-9.095952461543941,0.01044395714448302
3786,405.26554,9.5378,-0.9678787303653831,8.792852331496352,0.010448963251367708
4088,263.23574,9.957,-0.5113402589391258,5.6898477691591545,0.010466765881080548
2226,430.31512,7.4044,4.184140336005688,-7.41953923773097,0.010473128618550407
3471,450.29631,9.2178,-9.72843519663191,9.585681566840357,0.010512337251381763
1530,258.10885,5.916,-11.539865794907158,9.652029587569144,0.010527217605048482
3473,376.26773,9.1835,-6.109663459010106,9.577266668865688,0.010574096040618295
1526,625.17477,5.902,0.8037025494978547,-6.451610827197078,0.010579128387121245
2417,331.18667,7.7852,-0.9282977137443158,7.001379001354336,0.010588315904404453
1794,269.1733,6.5314,0.7498060722804958,-7.421989815528957,0.010598926467019706
409,247.12778,1.3826,4.183362129534643,-7.630196394050891,0.010622847909627873
2051,704.44958,6.9945,-0.8627989816215651,6.345177801998463,0.010624774621819084
983,426.74925,4.6678,0.8155369140401127,-7.345653943475827,0.010659656101322537
342,215.13795,1.0225,-0.798169655568584,7.089458340206106,0.010718389452606253
2263,275.19934,7.4925,-0.8185512752327933,4.722061350835485,0.010759848146348049
878,289.11966,4.3853,-6.719664460011292,7.637495379260977,0.010782674491707792
2355,340.26646,7.6593,-1.9367813025998366,4.890361730728426,0.010789226694979726
738,322.17258,4.0575,4.393660206743792,-8.812350609081065,0.01079719596734582
297,423.08828,0.9391,5.136347266391416,-8.292027793604284,0.010810081385010432
4066,553.45738,9.9443,-1.3890380658243071,9.158773343885473,0.010825235619860148
1623,786.68328,6.1424,-12.00471363404528,9.471799599090971,0.01082611786108558
2800,277.21497,8.4924,-0.7768119938068736,7.011985497977306,0.010828631104412302
4226,579.29088,10.2146,7.524028821057509,-8.858420553764935,0.010838018050858914
1420,345.16824,5.6399,-8.103601903525767,6.687249344090374,0.010856181539414225
1429,341.13888,5.6658,0.7026642537658976,-4.848388074206837,0.010857695679205701
2775,715.32797,8.469,3.326290567231301,-7.7939067784005776,0.010870185138791951
1334,545.19745,5.4092,0.697639164120984,-5.288449888890045,0.01088984153305497
459,718.27252,1.5419,-5.043512653932783,4.786136912398088,0.01090555711050329
2999,355.28276,8.7249,0.9948499222126319,-9.427994468246322,0.010923105949800517
3045,285.24116,8.7792,-0.6878371162679562,7.918212756144996,0.010944214938608018
2885,390.31989,8.5804,-0.8756869212471923,6.756298783744328,0.010956527232535592
1140,313.15339,4.9957,1.0421369190127967,-8.313926499799997,0.010965210092530247
158,376.80542,0.6959,-1.19484025954905,9.455746361957525,0.010972739161998332
3273,382.2937,9.0214,-2.63321399412569,8.821503841442611,0.010992356818681695
174,702.62184,0.7009,-0.9647607306224781,9.246633511646476,0.011013129994346098
3320,343.33769,9.0653,-0.9944663147147104,8.86133417792539,0.011020710576520194
3588,301.21235,9.3275,-0.8586833008423014,8.48959978939986,0.011025234550992876
1033,266.99382,4.768,-0.9571998638951822,8.851233931172361,0.011057959110646394
531,185.07737,2.1071,-1.208691383495169,9.171510865643226,0.011090404819603895
2876,863.42202,8.5693,0.5427646389494925,-4.775369770500337,0.011102125251307184
2929,297.2408,8.6569,-2.4373856577180586,8.21614943710758,0.01110957923451388
2463,987.40156,7.8558,2.529759906712936,-7.613108458460163,0.01113513475834954
3882,457.34845,9.645,-0.8051924333692577,7.2264095242753354,0.011142577526056163
4158,310.62836,10.0518,-3.185125543444532,7.610448164443952,0.011145217466732978
1823,621.43405,6.6105,-0.5013537160371389,5.291838929714676,0.011163915011717963
3932,544.33629,9.7266,0.7493401470522834,-6.004305443595622,0.01125350723577206
624,238.10625,3.0393,-0.9420580981207589,7.888985017059987,0.011265866821263782
4150,387.27483,10.0301,-1.0160954781758873,7.9684226965204505,0.011307824352821514
166,532.70108,0.6978,-1.057002629945222,9.016409629748408,0.011309100988905961
3239,455.45537,8.9902,-0.5162621668342382,4.486670352779123,0.011315662340117745
2363,482.34587,7.7037,2.9626282720281396,-7.060749425100207,0.011326003387868084
1293,417.12986,5.3223,-0.7261345521814038,5.659046419065227,0.011331884843313423
2936,395.27503,8.6489,-0.9566997533028809,4.639365373058965,0.011336399674034176
167,534.69877,0.6978,-1.0439793831625614,8.491335848315913,0.011384100508067737
4301,531.26595,10.4176,4.4715034363242685,-8.248609230686391,0.01139184727165095
255,509.06504,0.8244,1.2088988353195678,-7.933049535943449,0.011410431823829347
122,206.88478,0.6792,-1.1022013537546798,9.227279995987724,0.011415417308880597
3480,541.23825,9.2222,0.3400741315208258,-5.532768095964261,0.011424055049147303
3656,369.23876,9.3752,-0.6351496138052681,5.582074901877963,0.01143747345816299
3241,719.35913,8.9927,0.6369136346994351,-4.663259494289552,0.011483196570794585
1495,259.08395,5.7863,-1.8369714613250738,5.022476988287303,0.011486395900850389
533,343.19616,2.1158,1.1125510688283242,-7.594139379987774,0.011489559321272142
2277,253.13986,7.5294,-0.6538785540716958,4.875776730746836,0.011506088169548408
2868,652.43235,8.5483,-5.54694469451242,7.786450232249979,0.011527802467728157
200,501.81005,0.7281,-1.1145167293304237,8.175340590156567,0.011540202105591845
1800,261.10853,6.5575,-0.6107245017013172,4.960479313348289,0.011540698545032422
923,360.21087,4.4845,0.6520417301560135,-6.2900082931116446,0.011560348440563866
2633,293.20954,8.2314,-1.2808017318530744,4.435402526884632,0.011588081602263654
1044,355.1011,4.7749,-1.0460275518940376,8.963622308205474,0.01159698384653549
2600,536.33253,8.1647,3.7332660390633827,-7.5341617416214515,0.011597502392101824
150,280.81713,0.6941,-1.0512336365524195,9.168174018941329,0.011601129620433632
763,302.20602,4.112,0.9735957094540897,-8.885057396236089,0.011663750969702333
3139,628.34221,8.8813,3.0813600680338973,-7.878008845268385,0.01167185085404783
3878,500.39302,9.6406,-1.3323974367062643,5.850876575903568,0.01167511810420517
96,489.78898,0.6628,-0.773414927782949,8.51227558807643,0.011678861883109735
1326,433.20288,5.4031,0.9255613267490181,-6.960789943997315,0.01172681077481507
3613,255.23072,9.3489,-1.1910891826593106,8.696458101582929,0.01174790587196075
1674,701.3606,6.1895,-0.6256074456829559,5.8542077012217995,0.01175367981993291
671,380.21618,3.8252,0.9205354658195137,-7.353521548829011,0.011771749654409419
3977,497.9915,9.7597,2.995414158799096,-7.783250568646329,0.011772018087203672
196,263.94244,0.7245,-1.6860602022019728,8.595794496568786,0.011790793296592876
3580,590.54646,9.3235,0.602907808530313,-6.235288226959261,0.011794539069232413
1154,791.39483,5.0262,1.3788211037675397,-4.910299892001175,0.011807218001105482
1394,266.11771,5.5954,-2.8454659705735152,4.941589814123951,0.01181493699061832
607,295.16411,2.8815,5.5923615646505285,-8.117954543375614,0.011857620453066105
860,641.6689,4.33,5.180231183314515,-8.369390198939984,0.011858455556941459
1372,218.07777,5.5311,-8.781671231380635,9.041471889849612,0.011863419004044133
655,181.13245,3.6987,-5.458531684926635,8.983650838825774,0.01187062037522533
768,187.14326,4.1332,3.287400555405806,-6.923873387904137,0.011872256550427469
347,269.10596,1.0392,1.9386263209862724,-4.471164390456217,0.01192718196785031
431,115.03805,1.4132,-1.0212328791131515,8.420021436988671,0.011940954169861755
1227,389.21672,5.1938,1.1465307813063044,-8.107181884421284,0.011960316189607155
2920,698.36118,8.6653,1.8000710107339906,-7.050074507715776,0.011964271541629082
3663,354.2683,9.3785,-0.9801983892898303,6.270976208198423,0.012030444260050512
1398,219.10047,5.6107,-1.3844769423246355,8.829994276020745,0.012030862735001719
339,275.00624,1.0139,-1.211754595138948,8.837073757675492,0.012053064140687754
408,157.08255,1.3538,-7.745245244078994,5.338395820145337,0.012056714627508684
2523,476.25852,7.9255,-5.559931361495736,8.990219788814384,0.012067043758509413
766,427.19384,4.122,3.5192000156272383,-8.16370133397112,0.012090896636081493
460,441.18515,1.5414,-9.477176158105408,8.987094929311398,0.01209191337937177
2329,411.27016,7.6207,0.708671739172031,-4.355733921203518,0.01211245040614639
636,318.20105,3.4108,4.781499933073512,-5.106725566296958,0.0121173485051448
3109,253.25149,8.8469,-8.980599534455365,8.98816256934413,0.012137103986780353
340,226.11735,1.02,-9.757603886294024,8.974657870998188,0.012162126425676184
241,154.02548,0.7847,-3.011919684343218,8.787623403162598,0.012163397416973544
148,282.81477,0.6935,-0.9769505807362613,8.687692040727484,0.012171067099141782
2919,706.3476,8.6665,2.328628714520313,-5.873581489978752,0.012188432403693694
1633,1179.5208,6.1557,-9.870123370843864,8.960901300158051,0.012198235288441129
258,334.87206,0.8229,-1.1368631933183213,8.882342627320453,0.012215031063550891
1304,575.35067,5.3371,-9.607383548552015,8.964086766997223,0.012216023520783909
69,147.11183,0.6456,-0.9765126759507101,6.80343864165181,0.012234440868368713
3765,521.93778,9.5325,1.192581307973362,-5.42418179494363,0.012237663964789732
777,401.2275,4.1818,3.701999494484336,-6.895921188286384,0.012260259315439226
2764,386.36176,8.4343,-4.227289014978738,8.894543028777683,0.012285057584225174
353,322.05375,1.0642,3.670597769766591,-7.210319349541112,0.012304419902762403
1024,491.26154,4.7473,2.8396283533266864,-7.273625369570693,0.012308096560635648
2360,335.21785,7.6995,-0.6562183217958566,4.356947312507137,0.012312170106556804
2217,331.24655,7.3888,-0.943797001325847,7.509857753267488,0.012344491212122085
1331,315.08146,5.406,-1.5049989786534068,8.128272841913173,0.01238027050342507
3828,281.24633,9.5821,-0.5503706619701703,4.324772565828224,0.012432442316494423
3689,590.51014,9.4238,-0.9626486053692886,4.45639500232349,0.012436479394723117
2717,494.2431,8.3621,-9.564848411356596,8.575185434256326,0.012459060068651459
3116,614.32249,8.851,7.543275262224123,-8.472160388706465,0.012460006206275359
1170,248.05185,5.0569,-9.765450847584908,8.752339340656338,0.012466678985858199
1617,299.10896,6.1372,-0.8758171377848614,5.863863166804771,0.012502189413435736
1328,294.15346,5.4013,-4.204684590308984,8.491855235566204,0.012537594257050198
3872,335.24992,9.6316,-0.7335952336554463,5.29680380831037,0.012549465275856032
165,784.58538,0.6972,-0.9885637951904709,8.35806712074829,0.012551449280263015
2713,547.32981,8.3597,-8.864200295988553,5.325933798445581,0.012555302985173291
254,546.82027,0.8217,-1.1914523557854046,8.719960224074764,0.012585906642947741
3060,382.29132,8.8028,-3.768563750347545,7.7733426390981775,0.012620661939999457
149,448.74027,0.6934,-0.8963051457366182,8.134754546273435,0.012627158255628169
4378,536.36922,10.5743,1.1449089459302817,-5.999032017159244,0.012649687256982923
4092,247.24086,9.9582,-0.610799285157162,7.683598683298703,0.012653023125017294
2220,409.25459,7.3924,2.2264850510807044,-6.147668282902055,0.01266457648980957
3638,342.26804,9.3691,-1.1155035251855092,4.308814729545792,0.012668345259631335
3889,332.28875,9.6565,-1.4236066140563564,4.403796913411997,0.012707464698938712
547,498.13783,2.217,-12.76561892717044,8.781213633579828,0.012718541410017629
4258,491.16911,10.3034,3.909155217639111,-7.510324272897254,0.012749299812516992
1660,352.25028,6.1832,-0.6124226453982597,4.377770320628077,0.012784488904963576
1244,207.10644,5.2676,-1.0281007676585334,5.595362642779014,0.012807076204782936
3731,283.41724,9.4352,-0.7823190912439193,5.6326927822470605,0.012810282005672979
1410,385.1607,5.6322,-4.797573200091457,8.727253375742494,0.01285894748225975
4465,454.29119,10.8053,-4.388929210315245,7.0277163843118124,0.012876879891605868
4209,477.39224,10.1537,-0.8063819054031791,4.421415231301101,0.012882861728826075
3226,328.28327,8.967,-0.8084566321819455,7.191643142711752,0.012894145383293733
1785,475.32409,6.4902,-0.6931421570254876,5.702792494539738,0.012898734224934262
3141,315.26661,8.8614,-1.678584016337859,6.252520607733021,0.012903049594575297
3712,304.25984,9.4291,-1.020726301978005,8.388337093670946,0.012905533384412146
1054,371.07871,4.7856,-0.9573371445259902,8.281208556913887,0.01293083354266391
143,292.84416,0.6922,-1.1169652011486075,8.646948896675447,0.01295864994774391
349,380.03858,1.0587,-0.7635923089942791,7.114696003500399,0.01295993553854937
540,227.07801,2.2033,0.7162465966996292,-4.711199659912035,0.012970073014115333
2172,375.27209,7.2635,-4.729003846072513,8.626862604291139,0.012973120431941744
1517,369.2231,5.8855,-0.9438562916207651,6.033908381693806,0.012999094721823593
3603,443.33272,9.3405,-0.799394579762355,7.681015382373968,0.013055851580032288
2113,441.28081,7.1393,2.6112325801032394,-5.436000941126717,0.013061699552844096
3211,499.32489,8.96,0.6978544997093863,-5.362636538817565,0.013066020008750333
3891,688.52534,9.659,10.971588511224729,-8.343243213253768,0.013071366782568296
2712,472.26136,8.3621,-8.635894481076784,8.382701119153115,0.013089960335164814
442,418.20559,1.4595,1.0716212364767745,-8.379407032914878,0.013099974095700835
1274,401.15553,5.2899,-0.7466240576127081,6.505251729709695,0.01310446232146373
1663,701.49129,6.1838,-0.610359050263007,4.681116140318122,0.013104769060790293
1037,327.11593,4.7808,-5.813700305460407,7.3351620650937175,0.013108509832829105
3532,377.41326,9.2667,6.505912570890593,-7.853207228022688,0.013114579416591726
1213,539.24847,5.1596,4.5528914011712205,-7.741804277901593,0.013117304544430766
3184,437.33631,8.9254,-6.626470298227584,8.607315934529288,0.013140461940611053
2200,367.24404,7.3416,-0.58492615091318,4.560566490927785,0.013182791178607675
2422,165.05364,7.787,-0.9124850409929062,5.207442202585481,0.0131909665694094
4499,339.65831,10.8881,-1.9199374478148163,6.218912347425105,0.013224848074171078
1267,231.09984,5.2723,-4.671605059037279,6.518410624721597,0.013226504039731227
123,632.65663,0.6823,-0.9809374307627747,7.432657944865705,0.013246970064507051
4194,443.26555,10.1439,-1.0460813297303657,4.627902048328596,0.013263008741494392
2797,295.2255,8.4918,-0.902186161601497,8.479268856810283,0.01328385066970904
3784,502.32757,9.5319,1.5831048477558847,-4.950889081905125,0.013299239385472585
434,219.13281,1.4172,2.4213682413923303,-6.077643603428035,0.013300071807720382
396,478.26855,1.2863,7.526230548331168,-7.686748625712496,0.013301360541974063
252,418.83325,0.8115,-1.8353155473229656,4.24165443454265,0.013316219154624958
523,431.22306,2.0748,1.0601341563163356,-8.332422397279334,0.013328692416386427
2997,696.41427,8.7242,0.8948178857350371,-7.0000647346573395,0.01336184900252315
987,636.327,4.6694,1.0490966861023452,-8.291074897350134,0.013404855413089051
4127,397.27005,10.0142,-0.785569219809652,7.583892988641682,0.01343235494632855
132,548.69512,0.6854,-0.9278070555836484,6.654320228590519,0.013472248683977507
3000,434.26536,8.7249,-0.5273938380277858,7.392163559005452,0.013485375080168796
1041,269.07428,4.7733,-0.9873654578646072,8.451571951506397,0.013525429243547613
1555,217.04605,5.9688,-0.5559250501155351,4.688685044113838,0.013542164068604779
551,242.09037,2.2321,-10.980253825703643,8.502156735567796,0.013546590538060068
985,635.99267,4.6688,1.0206013678261634,-7.924029006121519,0.01354682479833142
2119,275.19931,7.1856,-2.240383056549282,7.643926538544172,0.013557551983245151
3635,482.32227,9.3671,0.8608414257139234,-7.692218979821392,0.013574829428795782
711,422.08876,3.9496,2.949169955678282,-6.275675278017057,0.013584838923876602
2510,235.16809,7.93,-0.5202048831732888,4.796802934610693,0.013592689204494749
1593,225.10873,6.0771,-0.7310056165707088,7.081151596260467,0.013614319378759506
4169,265.25142,10.0186,-2.1740267995970965,4.9878752077580994,0.013628143655732833
3542,438.29615,9.2743,-7.567700972148328,8.38960615161532,0.013641762659203704
1657,359.23204,6.1831,-0.6029540534523221,4.218964792959161,0.013666329655212575
153,450.73766,0.6947,-1.0046455693421903,8.040172001663203,0.01369949475681108
3598,487.35877,9.334,-0.7022211753400054,6.062979306198847,0.013712615011888632
801,441.14886,4.2568,2.899661320197074,-8.133827788750521,0.013772891565407196
1335,566.2777,5.3402,-0.974787111912228,7.9383654907762935,0.01382132962168193
1459,303.11904,5.7349,-1.7284564662136352,7.712241819765244,0.013837686178719033
3445,354.28445,9.1671,-3.6630802422236473,7.667086312818918,0.01385010911740255
3581,337.14592,9.3268,-1.1125884873590888,6.787502432727196,0.013873300097164516
855,585.292,4.3363,1.2982498592055416,-5.763898809693601,0.01388367039108462
1031,386.04356,4.7668,-1.0236906146295048,8.311035517541473,0.01388615132660145
4121,361.32033,10.0201,-1.1358733344547298,4.385523886261388,0.013890077104448914
1744,348.28819,6.4292,-0.7833917100942775,6.5497043582658145,0.01392377238723909
3793,521.88379,9.532,1.2877754896200972,-6.610944542840226,0.013992999926062668
4247,650.43766,10.2696,3.5315914639172545,-7.0173227805081675,0.014000648692552695
747,632.32274,4.0699,1.666188946281479,-6.027036106861059,0.014075152208645901
115,526.75557,0.67,-0.7174189355532272,6.638457359594639,0.014102945138491887
4208,427.35551,10.1537,-0.8306297607721884,4.170247380969499,0.01416251077090178
2040,425.24917,6.9545,-0.8468256107495016,5.507223043423194,0.014173798751434187
2089,356.24658,7.0796,-1.4596993524291015,4.197962046027149,0.014247460398177229
1329,259.1163,5.4057,-4.151464600300797,8.037193978781415,0.014270761680033661
4184,467.37273,10.1316,3.178375177598835,-6.401136944109607,0.014288592304413407
2044,501.30164,6.9716,-1.0846886531437798,5.0045580987690625,0.014350419628535333
695,288.19006,3.9027,5.185712885578913,-7.776199338460668,0.014365803534844514
2124,353.2284,7.1622,-0.5614980311852982,4.438786027295575,0.014408961222336984
4085,321.20875,9.9551,-0.6630641953265934,6.4805999217606605,0.01444285798359186
1201,435.1351,5.1229,-0.5204442284708897,4.572496664701032,0.014451406145684794
2130,295.2255,7.1634,-0.8404275977230427,5.81357396243529,0.014454283725610225
209,261.92679,0.7299,-2.3904809520641592,6.2875550604171035,0.014500885155783442
2213,407.23888,7.3837,3.64515792090805,-4.318062325523784,0.014509481318646303
125,464.73389,0.6841,-0.8087345139581545,7.5193086821537465,0.014549003212616927
3414,399.32329,9.2114,-1.4903985736506797,4.358438332934754,0.014584356461564241
2998,245.22522,8.7249,0.8346465435877217,-6.654619123486838,0.014589359320920888
1648,351.24875,6.1819,-0.5955522747363453,4.206590991346424,0.014616547715947633
111,656.70944,0.6658,-1.0241092574754518,7.912339949584623,0.014620603848936568
1531,236.12717,5.9156,-9.815941236273167,8.168511125140665,0.014626200178400139
729,300.19045,4.0278,1.0209910970644582,-5.163377389223894,0.01465613546062628
1127,408.21102,5.0131,3.32633828550111,-4.507823989481606,0.014681125660848032
383,110.04812,1.2298,-1.473141043623028,7.885676649583716,0.014732690666313903
2993,337.2722,8.7236,1.1019503332356102,-7.361828922588232,0.014737440464954368
1525,317.06422,5.9008,0.8573950858101691,-6.208398196324801,0.01475416784824225
318,124.03835,0.972,-0.7920442866239128,7.664020025722831,0.01480204595029755
119,122.92353,0.6767,-1.0050107834795199,8.081138901560893,0.014802132364039254
800,141.08767,4.2396,-8.977420381174014,8.080523658272105,0.014849945239542786
99,405.82782,0.6616,-0.5176249563545259,5.1137284102822065,0.014878066424292881
1152,852.98101,5.0283,-4.488948763021719,7.961132437452482,0.014884962415469067
1032,352.10563,4.7672,-1.0596775243225212,7.79738578114945,0.01488952410007927
717,394.90215,3.9693,6.361485601637261,-7.642877479206318,0.014905984428425747
3832,263.2358,9.5828,-0.5341771628840668,4.108962206352428,0.014911607924073799
3367,400.18162,9.0979,-1.9653788095931737,4.135956473205775,0.014924390115756352
972,531.95373,4.6323,5.0402857611775485,-6.577466181038836,0.014929810654882518
986,636.66128,4.6692,1.0464088555863178,-7.714196822421486,0.014934465669682208
1832,325.23597,6.6124,-0.6540961926948015,6.238093978912652,0.014964183491296561
2462,187.13168,7.8565,-0.6426755570350178,5.532655264652128,0.014971814648774014
2974,250.21296,8.7087,-1.0921770307852663,5.229119645668301,0.01499949407751734
4079,431.34045,9.9653,-5.820696442904072,7.96690258079726,0.015007304646557655
2731,279.23071,8.3792,-0.6377632944798162,5.632213676497715,0.015031132391202854
2953,640.3437,8.6904,2.4217106492069673,-6.21993408247339,0.015035226553204533
1958,151.1107,6.8184,-0.5130967741373667,6.9390237804379185,0.015052614461255807
1043,205.02479,4.7743,-1.0454347903050678,7.059368519164415,0.015056333976636232
497,284.14627,1.8205,2.6790812116848026,-4.102727157964976,0.015059883269764865
1691,400.2678,6.273,-0.6117885195125732,5.919371150104603,0.015108717786436287
4260,327.19438,10.3037,3.3361996020847884,-6.314991828438807,0.01510890696483055
773,428.72869,4.1437,0.9880620809029494,-7.679643136480586,0.015112359743800426
2138,405.28322,7.1809,-0.7939580612470944,6.615602744229271,0.015150276734582158
1469,224.1247,5.7635,-7.724612904629301,8.012423673484841,0.015154894899873955
573,459.09037,2.3118,-4.708841128385569,7.752503517235612,0.015168829087717921
709,441.13538,3.954,3.7838311195366865,-4.073929736504465,0.015190479091484962
3185,333.2387,8.9322,-0.5803908758366667,4.153709342903557,0.015212592828191646
3389,302.2442,9.1325,-0.7752207331157503,4.09028410721444,0.015215737280643689
2252,815.32844,7.455,2.4712023929047677,-5.86320720115186,0.015228852863113405
4441,166.98385,10.765,-4.581548828106162,4.922292465424613,0.015245851239041375
305,274.10889,0.9458,-0.6383780467253413,7.196871387403539,0.015288621068314074
3762,520.25655,9.5215,0.8405042645766168,-4.75021324668476,0.015323681729514671
2454,335.21792,7.8478,-0.5817297120195644,4.746562450509363,0.015342740492905953
107,572.74848,0.6646,-0.8155416571444576,7.8546472123682305,0.015361658871404728
2823,637.44559,8.5317,-6.701015047598071,7.730969763923795,0.015375726564074542
1417,221.11589,5.6369,-10.051305784980011,7.941092376437858,0.015430831604569489
1702,283.15049,6.3071,-0.8363996302867056,6.9506451260554725,0.015453719216272465
176,790.57996,0.6959,-1.611705469626521,7.4729602929257375,0.015465890457104337
4128,417.23832,10.0195,2.8206490930818164,-6.682996028416916,0.015501833056308709
253,674.80762,0.8199,-1.087200911191644,5.864821296170642,0.01550610633805248
1720,352.24478,6.386,-1.390755314485416,7.908659506214216,0.015553909991275195
51,382.92683,0.6264,0.9551511730713118,-7.591610262176911,0.015559214821283652
486,122.09549,1.7188,-0.7944148543417864,6.215792501280453,0.015565690647394968
2908,356.28353,8.6101,0.712174041822081,-5.55202837197977,0.015580295983715447
908,404.2203,4.4172,2.7147941373070723,-6.547846304435371,0.015580536447138476
696,221.07335,3.9177,1.3613140089142908,-6.582837530320981,0.015599840120044875
1995,642.48929,6.8384,-0.5501913922333008,5.647061572799865,0.015612156363284226
3750,279.23068,9.4987,-0.8712936899373451,5.809392802119758,0.015618995544554086
4496,338.3406,10.8869,-0.8728013561169092,7.153634199848404,0.01563011997945231
405,145.04854,1.3537,-0.8654074870398354,6.524292820418458,0.01563544407700314
3900,382.31005,9.6287,-5.537506447887445,7.593682717722661,0.015705354181030556
2798,333.18758,8.4918,-0.5836132407592682,4.112700279775196,0.015709198610652862
563,289.05786,2.2608,-0.9100966719043804,7.746284719843989,0.01573511074188825
992,523.27418,4.6696,-4.174227647351806,6.993519530593457,0.01574097042647542
1109,921.78818,4.9324,7.004126855564034,-5.660731162297368,0.015744177884821922
41,328.96769,0.6282,1.7950836606133471,-6.076420431468702,0.015759045291166684
3381,336.1817,9.1234,-1.4247629605474472,4.448384971780797,0.015792384951430722
4155,310.30927,10.0479,-0.9196058898213355,6.904068247336215,0.01580931150075298
1174,207.13687,5.0571,-4.671642457810448,7.4035941853064084,0.01585042245130312
2203,209.15245,7.3459,-1.096371123032732,5.444908596400538,0.015856398321774122
326,355.02946,0.9818,1.9333594154054685,-5.863598752415863,0.01586156529135741
400,175.02671,1.3162,-0.9672536741247342,7.640347824012177,0.01586646220696307
1424,287.12457,5.643,1.4397419511853187,-4.842539803189885,0.01588042688177262
3238,618.34388,8.9877,1.6351949784980722,-5.95718792245526,0.015890865462901364
168,452.73551,0.6966,-1.0882283477465498,6.811611008327079,0.015910676136413626
1419,249.16074,5.6067,1.1312076708864636,-4.780670915434567,0.015914129895932095
1268,462.76752,5.2792,2.421294649315503,-5.845110104137649,0.01591697307931438
373,352.08027,1.1695,-0.9037080858292121,7.7319523319783725,0.01595286787255162
1319,413.11929,5.3711,-0.8966255159385383,4.963502986373109,0.0159535432579
124,634.65477,0.6866,-0.9225434912903072,7.311355959204949,0.015955176135498073
532,139.12203,2.1111,-10.26113013526396,7.810680319223958,0.015969623295650947
2860,394.17896,8.5475,-4.690200174969267,6.944279095674941,0.015992559897968463
3269,307.22522,9.0151,-0.7314818606857463,7.256426038132651,0.015994503527191957
2983,356.2856,8.723,0.736265977634206,-4.092051069710106,0.01605795247032372
4067,341.17736,9.9456,-0.6258275056050833,6.318529027152591,0.01605929433621122
1524,607.213,5.9005,-0.9244978781955524,4.669441813767003,0.01606542764875635
1401,620.39717,5.6167,-0.5931914920108641,4.011500332774606,0.016078813461944137
1613,792.34921,6.1317,-10.666133945563768,7.755563388632644,0.016092871246527418
2310,706.58026,7.6202,3.5300450504725456,-4.3798194451029175,0.016154905151246325
32,200.97196,0.6219,0.5808059716157041,-4.206448848747951,0.016157818238642038
1019,316.2217,4.7411,0.9454344108292458,-7.113680582099011,0.01616512734449905
2772,696.3462,8.463,7.6529767903811825,-6.371558758080028,0.016173816797665757
1085,188.06922,4.8675,-7.695537351781878,7.751059317121986,0.016222454387059014
1036,186.04296,4.7705,-0.9532826003204447,7.092334301235184,0.016265907819274596
324,535.15167,1.0014,-3.252681390878789,7.508445067262745,0.016275699904916455
1042,189.05118,4.774,-0.8988831438695453,7.729443470759892,0.01627778974916592
1038,411.1978,4.7748,1.7185842560791604,-4.6770076585292895,0.016282820011250473
980,427.2507,4.6641,1.7249892025087021,-5.454681903007686,0.016282919998222303
3961,1013.65166,9.7571,7.160129307743262,-7.666362823621899,0.016287814637370262
520,211.1065,2.0456,-1.117471905571013,7.666202788958593,0.016314907387535677
3907,367.28052,9.6811,-0.44370506330330883,4.734999688289047,0.016320285094308478
221,455.11452,0.7587,0.889534537269391,-6.860127937927039,0.016320983210317098
965,279.16895,4.624,0.8929976738636896,-7.513282736554903,0.01632291318583331
471,366.09355,1.6195,3.5449435830279263,-6.351636634393832,0.01633270550652251
478,338.11979,1.659,4.187974670871262,-4.275908113218837,0.016333824153188774
1862,771.45388,6.6318,3.002806500339996,-3.9953340175351535,0.01633407708462222
1414,259.08415,5.6358,-0.8101716157580157,4.938611336310629,0.01637533343581503
2850,171.13775,8.5386,-6.827018923922176,6.446082688985598,0.01638544293921072
2009,497.27027,6.8791,0.86472136055486,-5.474259089065905,0.016385868756916784
719,316.22006,3.9721,0.9252724760486766,-6.540007877615306,0.016403512315417396
3144,381.26045,8.8858,-8.017830505656283,7.570875280153872,0.016428381898241827
842,345.21187,4.3135,4.117420029431125,-7.208478503191723,0.01644811405890739
2598,353.26716,8.1544,0.731485878280413,-3.9834469106084605,0.016475606286417307
4166,379.30193,10.0587,-3.4501276610545077,7.299145520656552,0.01647941548176637
2796,318.21143,8.4912,-0.9047864932465792,4.132598055824269,0.016518943719953064
1813,512.31672,6.6043,-0.7896058639094914,6.4353051601770686,0.016534959132792147
1018,257.13727,4.7374,-3.0533472429792554,7.500619965089141,0.016541862641032756
3976,497.93656,9.7629,2.7434712435313355,-6.3664151635069155,0.01654626808863585
1207,579.27556,5.1357,0.8677375574159321,-5.686517710615337,0.01658520449614638
3591,335.15046,9.3288,-0.8992676355123637,7.375637938131334,0.016633351901125186
3879,337.16595,9.6412,-0.7224442780523042,6.8490388996805205,0.016777211861664202
3699,282.80875,9.4265,-0.6918725990440411,6.412693376356633,0.0167894168647979
1615,792.68314,6.1353,-8.724672572120978,7.578007368779687,0.016821568796024044
2407,325.23582,7.8053,-2.518795113109312,6.5491067339134545,0.016824814949493457
163,874.54349,0.6965,-2.174597083077768,4.967159563955878,0.016848536966098428
558,393.10537,2.2438,-11.495043775339605,7.5990031986198625,0.016863158495299742
751,288.19048,4.0784,0.7986644493807127,-7.319836850140225,0.016882026718000855
1778,481.30244,6.4834,-0.6064806191054837,4.612228900422897,0.016898246190796936
4097,283.2624,9.9614,-0.4816811689710949,4.730326983293946,0.016936800569588382
2949,400.30436,8.6696,-0.4045501947387038,4.394267196650724,0.016955415985300395
2316,318.69692,7.6164,-0.4906742212033022,5.255125355905114,0.016971288393731306
1262,569.30593,5.2655,0.7393285309637552,-5.632635644023089,0.016976467116748366
4074,483.35042,9.95,-0.6473657574713627,3.9836785697421484,0.016980109555572505
642,427.13328,3.6052,5.249513194665802,-7.0742589272771905,0.016986960324864527
1497,317.06426,5.8566,1.6061589556935205,-4.875391808160964,0.016987515949829963
2571,367.33846,8.0739,0.605219918103824,-3.937467721585303,0.01701323506156591
4362,343.33772,10.5454,-0.6186094906709609,4.381319831150907,0.017028055421319428
2346,901.36483,7.6686,2.489266879589191,-6.279618783367432,0.017029641605580882
1619,320.25702,6.1378,-0.6610639314949411,5.389557172835224,0.017035111999540376
3286,931.57542,8.9853,-0.8347754007426715,6.466722232720138,0.01705297198045542
4175,337.1811,10.0865,-1.757149705507576,5.192451167202432,0.017131540988181853
1310,247.13074,5.343,-2.0792652319073155,5.617471581177669,0.017140086022075937
3566,341.30348,9.3076,0.959298793688621,-5.354726324566454,0.017152746437999387
2250,295.22547,7.453,-0.8178925985288981,7.081637743784779,0.017176045858346575
2342,717.36436,7.6503,3.491589955675196,-6.27879030751318,0.017178683464390065
697,255.12151,3.9172,-0.6869967537727009,6.313383477520283,0.017195461603231512
541,481.13184,2.2034,-4.937256184327202,6.138744421374906,0.017196275532237217
4159,459.23903,10.0537,-0.9537357805828108,6.710484167612712,0.01725904504038737
3748,350.26107,9.5007,-2.055457512238621,4.903511935660681,0.01726153467041071
605,187.11016,2.7859,-0.7781618012580287,4.807933323291537,0.017265011894426315
238,296.06464,0.7798,0.8610947608100314,-7.390318077452559,0.01728373797517244
1214,188.12711,5.1581,-7.915952771329961,7.484733021625173,0.017308394035132818
2336,371.27786,7.6337,0.6844081291040176,-5.72874855589017,0.017315582772406808
3871,469.32669,9.6316,-0.8787922442432059,4.010666226475065,0.017332670026164298
1637,704.49997,6.1775,-0.5961723510040526,4.35867347380389,0.017339559646190567
3332,946.61926,9.0809,2.8531112976890105,-6.426129442638855,0.017352534459425216
1656,362.2402,6.1831,-0.5811490309157445,3.9987821578958944,0.017382120472057935
1022,293.09828,4.7431,-8.10806937045897,7.365774035114914,0.017412465833873455
3916,577.54105,9.6936,-1.9468189585920328,4.200579288705419,0.017418448750164225
2553,330.29887,8.0277,-0.9076001666778053,7.130028149742821,0.01748326217577651
496,279.13312,1.787,-3.5840625209584602,4.923702030451044,0.017505463518844303
3284,388.3408,9.0356,-8.988994740506403,7.360682093221055,0.01754968891755501
1350,295.15414,5.4732,-5.025691467702993,7.378616889954893,0.017553318687175787
1835,257.18855,6.613,-0.6283445413445783,5.885605305761081,0.017576704583146276
577,144.0798,2.304,-5.3707127852234,7.421116571920247,0.017623103468427995
3517,256.60705,9.2577,-0.7520052787360658,4.144029247705972,0.017647279056134696
1711,225.10867,6.3314,-0.6497844872732665,6.962506431524877,0.01764829231286172
112,658.708,0.6658,-1.0616648423635375,7.151728609435369,0.01764830219856154
2933,319.22294,8.7006,-0.8512195694769424,4.1190105213891455,0.017667125080432288
242,116.06968,0.7877,-0.852691528720916,7.094084699406668,0.017737509152176853
2822,426.25995,8.5325,-0.762075937712936,6.452459928332343,0.017746682537083662
2911,701.24069,8.6579,2.3563015869065342,-6.02299181548082,0.017763742349575895
4510,423.32426,10.9525,-11.682651453551546,7.366314119017871,0.01778168649817283
267,166.94969,0.8313,-0.9701507135583078,7.332102481207553,0.017802749723534905
398,190.99907,1.2903,-0.948347128397117,7.200831276247229,0.017927952265805475
3176,276.22854,8.9145,-0.730197125001169,4.606818666081329,0.017936159099743432
1788,366.2606,6.5203,-0.6100669496017996,5.680265254692182,0.01793977330351119
1017,838.97767,4.7411,-5.2449095786197155,7.189772377357323,0.017976472956838102
3710,282.97328,9.4285,-0.7719251136515535,6.570789541560895,0.018029926640528993
116,442.79443,0.6706,-0.6569253034897731,7.134747076003478,0.01805171138816863
2601,279.2301,8.167,-0.6578230212105023,4.499662866865066,0.018053787914934765
1080,536.26806,4.8689,3.893498739513574,-5.010613752588863,0.018060300400921988
2402,351.20039,7.7967,-1.6544254324983685,4.025471646245253,0.01806592495104134
2285,415.2099,7.553,-0.6473654588984612,4.171743793346673,0.018118606690536748
1385,447.13998,5.5795,-0.8915867652262355,7.084103500955828,0.018157382361482063
1727,396.27198,6.4036,-0.6424586646583288,3.9031697896352386,0.018169422283156687
1878,383.1501,6.6521,-0.7607869822301625,6.773263643112296,0.018176184418943735
136,364.77988,0.6872,-0.7047778486513865,5.882882655021043,0.018181270796926382
3686,282.89922,9.4224,-0.7425168104532354,5.638573294911908,0.018200096665152946
832,542.6059,4.2988,0.8647831592484359,-6.660933593211632,0.018238610337866574
1383,431.16597,5.5791,-0.7295441186271674,5.997944219415735,0.018252850258028315
974,494.26156,4.6319,3.9890151695319602,-5.190054227114182,0.018258778426489788
4430,459.24677,10.7251,5.668352309236274,-3.8509605476403754,0.018288569394074507
1799,245.11367,6.5559,-0.7561296330661849,6.627666501817352,0.018295306380053444
2685,369.35289,8.3068,2.6281786634025264,-4.791174726863984,0.018340544625699395
3008,703.247,8.7243,2.109513803497348,-4.397661448488862,0.01834316900102136
3398,303.24748,9.1338,-0.8452479185361383,3.852303178600713,0.018360828017917614
1278,447.18194,5.2999,0.731142016120538,-6.356213140025765,0.018377890827615283
1407,203.12675,5.6334,-0.7863753159527365,7.270979018039513,0.018382416179856007
937,664.85151,4.5231,1.4919097860587591,-5.698319250077566,0.018404074160782692
1139,162.0903,4.9955,-8.228319370053507,7.227015248677179,0.018432314551537952
4364,371.30826,10.5491,-1.0985155568468654,5.570363184795767,0.018435237814624434
1470,202.1427,5.7683,-7.8504474309374,7.194674513110559,0.0184833206050492
897,218.59961,4.4018,-3.493833103543355,5.660259853605651,0.018516580741635664
2741,649.39606,8.3824,-0.5269264166248426,5.15489911487579,0.018587708778525402
348,263.02021,1.0571,-0.7043414355047624,5.988206493553362,0.018643772747320864
3858,351.28778,9.6219,-0.5254512355208956,3.83076548298414,0.01865093239260607
3231,453.30755,8.9554,-4.33987111426569,3.878450882224266,0.018662369749670487
4077,419.35041,9.9481,-0.7220847474902854,6.403539003105002,0.01868509377712835
2491,359.2155,7.889,-0.558212005043063,3.9109210997549035,0.018753805947723357
1425,343.16427,5.6521,-2.47785545758517,7.113213733697701,0.018756303933178693
3229,425.2882,8.9733,0.7593972330343872,-7.1047949433483,0.018764031573914694
1808,225.14642,6.5938,-0.9978019984780921,6.349518870666966,0.01877682492571684
914,397.14538,4.4613,0.6144807646325736,-4.917391005456606,0.018777619990055963
2024,349.19864,6.9264,-0.8146028243245533,5.635066977113227,0.018785284644421328
3481,317.19292,9.2684,-1.2135203107619175,6.649048923961013,0.018801121094926727
2495,337.23348,7.8976,-0.5063814486831291,4.330601717469716,0.018810781973858354
543,409.18525,2.203,3.1827514394453797,-6.039944481747668,0.018821712212019545
3543,536.38104,9.3216,-1.5968555022705049,5.815622382388142,0.01883707116934036
1631,794.67847,6.1496,-10.837791388317292,7.130490815576954,0.01884708517410687
1218,476.24805,5.1783,3.4938711863525556,-6.011544236532823,0.018890163508989588
4254,489.16837,10.3092,3.1694790045060888,-3.824636604043091,0.018893341865223685
2029,211.13176,6.9411,-2.139846950671622,3.823940600372194,0.01891169614017378
3438,290.24418,9.1761,-0.9894432674488591,6.287032841051115,0.0189133763007986
1464,227.12824,5.7484,-0.69991682225373,6.890822868071639,0.018935954979282268
1202,444.64971,5.123,-0.6467439511787179,5.04751585080922,0.01896144090714173
3596,333.14982,9.3333,-1.0026735710420631,6.348526318311407,0.019022840584558713
1658,340.25846,6.1832,-0.5901521550876438,3.8665473818221727,0.019035658067318918
2328,318.67565,7.6189,-0.4891302086215976,4.088344534789879,0.019037452145415988
3035,293.20976,8.7687,-0.7648170400310974,3.8904504760642817,0.019070728244510768
4345,783.57017,10.5586,9.664639160389555,-6.661394326779114,0.019139257102501687
943,190.04648,4.5305,-4.926035135041872,6.96761671761792,0.019145386952975057
3374,340.29032,9.0608,1.1552922399589347,-5.24098986404455,0.0191874448371692
841,530.26795,4.339,4.1367401900839385,-3.8868327302706427,0.019362611468747924
1029,318.17982,4.7631,0.9266459705054233,-6.94587077228959,0.019402633402567235
472,233.14838,1.6447,2.919678694675719,-5.917722488835261,0.01941510272394713
561,305.02901,2.2497,-0.822767175288071,6.097035385442948,0.019614224092932023
330,354.02158,0.9876,2.4676095441647927,-6.588708059380813,0.019656111003311546
1188,561.31732,5.0987,-7.518224015700722,7.002097487592524,0.019657901858873724
4402,542.26224,10.6166,-2.5510333255394113,6.687908470208173,0.019657908358557782
2464,311.25595,7.8589,-0.5830106732790625,4.628896411499328,0.019659988011087173
3569,390.29655,9.3166,-9.004804374775606,7.0118509029474225,0.019713110866344037
1161,197.09482,5.0423,-2.1894035195737906,6.555887986656549,0.01973936412073177
2989,1130.65647,8.7224,0.6931450048135144,-5.924214301748227,0.01974305238310012
1111,922.12243,4.9342,7.698193649225601,-5.940895317438568,0.01979439153228865
3252,309.24092,8.9996,-0.656472005524483,6.075762419750327,0.019816618948110144
4090,353.30371,9.9576,-0.6365610782700095,5.670764825659068,0.019820680105573116
1287,867.31829,5.311,-9.957617789404747,6.994886540014749,0.01982276137540066
3464,311.2555,9.2119,-0.7869762995825589,5.615333471249695,0.019823416098783058
1761,239.12434,6.4549,-0.7395807716871365,5.881342748631966,0.019824902184144264
3249,710.36362,9.0021,2.4910877940335663,-4.764107612269621,0.019826715530325955
3884,291.26708,9.6463,-0.9028413274662981,6.595127128387761,0.019828863021230467
2513,377.22851,7.933,-0.4563738077554662,3.760389151731029,0.019835586309562607
2301,450.34094,7.5819,9.144924576562845,-6.955850662136634,0.019841536519686082
4094,297.27761,9.9595,-0.5899118944971118,6.801552047505912,0.019920608590813963
4210,445.36598,10.1543,-0.7592724055234221,3.748069877019065,0.019983587394519154
4293,631.4164,10.387,-1.1672132579287737,4.587226637419826,0.0199872698785745
726,345.21161,3.9953,2.5889665761310603,-5.755138914325838,0.020005426757332898
929,490.27327,4.5013,3.4931486173970883,-4.215798611050736,0.020040513701639444
3873,339.16162,9.6341,-0.7312139093216814,6.1313404386130514,0.020098009643244416
2769,358.16373,8.462,5.192860827486267,-6.590813375904286,0.020098051537892823
3308,336.3247,9.0584,-1.4372222618512138,5.89270469222033,0.02016667675931233
3081,662.32488,8.8072,3.18758542784293,-6.012115153899481,0.020187306124943235
979,374.22712,4.6597,1.307052808175306,-4.928529585938527,0.02027461297708449
1438,569.31225,5.6803,-0.4866784571212728,4.864932921895792,0.020293955209168508
135,212.85063,0.6866,-0.5764271777956971,4.684068966861717,0.020306827466982057
3636,433.20793,9.3672,-0.8685370884159624,6.306045014997501,0.02031309733848183
2061,409.16061,7.0062,-0.9610144016657944,5.866891523854166,0.020349792064408113
2969,261.22008,8.7087,1.2397097496125618,-4.4505345795994975,0.02035109324687699
2783,694.39862,8.466,3.0046541707417105,-5.97037230416782,0.02035499275639088
2816,323.26011,8.5074,-1.4885187741788135,5.295275807789142,0.020485270502384405
2549,369.2577,7.9508,1.5262408621559445,-3.9096818983764208,0.02048812662453832
3447,700.51616,9.1871,-0.9840085271799506,3.80825275947129,0.020519738244518963
191,796.61153,0.7155,-1.5476920699273435,6.727732317689609,0.020532779970856913
2420,197.07976,7.7864,-1.071163043909979,5.3737453088445095,0.02059516100877377
4448,509.28405,10.7839,2.059079528808251,-5.06880158454228,0.020619541036877194
677,425.17678,3.8347,4.075535477010108,-6.389926481968001,0.02065533212599568
1412,185.1154,5.6355,-0.697370252380356,6.602049781373406,0.020743155095538465
2456,295.22548,7.8528,-0.7210428789779773,6.249453756772264,0.02074609890405375
1322,183.06182,5.3916,-1.7310013362942178,3.8524978206460547,0.020762116215946355
4248,331.25918,10.2683,-0.8061965500538371,3.7007082541087057,0.02082502605130333
3423,377.26479,9.1664,0.5939930066876844,-5.753675470391238,0.02084797529573685
894,201.0597,4.3955,-3.8444441390082966,6.800138228449329,0.0208810532763887
1113,123.09072,4.9354,-4.7615686416365115,6.752774103763779,0.020944061809095384
907,318.20097,4.4185,1.7931714695433953,-6.105023780999405,0.020952828086580274
3129,347.19456,8.8132,-1.0323360623288256,6.207253995470459,0.020961637987859716
2975,367.15727,8.7045,1.588058628263946,-3.6998693620143355,0.02099678744769285
1594,195.09797,6.0777,-1.041799476341919,6.621853387566962,0.021002086266254952
1384,343.16145,5.6147,-3.1910216861887943,6.678307568333669,0.021113024347559954
1888,275.33293,6.7339,-0.6356818168425118,4.57101718276044,0.021129013325633047
2918,717.34352,8.664,1.2296561548471185,-4.270420713506906,0.02113487960909829
484,388.21748,1.7134,7.245157377122126,-3.926319632125269,0.021150416116996716
2000,290.26774,6.8493,-0.5070190358496323,5.984609861575669,0.02117041529682001
1503,225.11079,5.8318,-3.193589937876402,6.479263291730913,0.021253076681085187
955,600.3209,4.5847,4.3472659088176915,-6.251848919392101,0.0212726219486117
3875,303.22786,9.6361,-0.7118203955567299,5.776546269134241,0.021276499758916115
3196,460.28058,8.948,0.669657123949488,-5.5338095542622225,0.021325753920964422
3988,343.33775,9.7809,-0.8128188618943835,3.7878720745451533,0.021331240658565422
2680,368.35084,8.3044,0.6025133083655207,-5.446853662436849,0.02133424350115129
142,112.89471,0.6916,-0.8896723493294427,5.568226721891989,0.021336680960379762
812,409.20754,4.2565,2.6151156611328537,-5.819916131101817,0.021423474350982134
1404,211.09313,5.6319,-0.7784834571767068,6.439307258138446,0.021438967877766894
2867,407.27719,8.563,-0.5865320613064213,3.7988009047505296,0.021555000153579994
1806,253.13986,6.5815,-1.0631565920990074,6.430844592724341,0.021558742554157347
147,522.67259,0.6928,-0.7789921036206122,6.579936961585303,0.02157904089429232
172,700.62453,0.7003,-0.9963916828741315,6.5025808888034184,0.021614878329622285
4082,452.2937,9.9955,-6.0180625389396045,6.619043119355764,0.02163026284251604
2305,553.2964,7.5904,8.465415739136697,-6.574529295957151,0.021642373068168266
1059,586.3167,4.7976,5.226440669412419,-5.3676371181179645,0.021732175725052497
4265,417.2386,10.308,0.6705543330266011,-3.740504732449888,0.02175539841423997
271,138.05914,0.846,-0.749582567819477,6.652700171912405,0.021791022706263003
3736,283.14719,9.4392,-0.6891493939423503,3.8268767718556154,0.021884254677416996
1089,664.29102,4.8714,3.629879331003324,-5.948897543296691,0.021897129864852507
3842,483.33258,9.6035,-0.5163132006421769,4.063350244084747,0.021953755929448284
2283,311.21964,7.5536,-1.1408684530396345,6.152441788220619,0.0220157945480038
571,203.02153,2.2755,-3.9615466196679963,6.482783242036559,0.022118932440460076
2870,425.28809,8.5668,0.5037250930472634,-3.7307408911898556,0.022122057830945757
926,332.21652,4.4928,0.8294895762849137,-6.129013729296998,0.022125893099401786
4264,457.23101,10.3074,0.5530373345732915,-3.985340282043972,0.02214877218074825
2831,197.1526,8.5377,-6.9977681036811745,6.498932820077783,0.022188832263190423
1600,416.29912,6.1089,-1.8348979340511775,6.496213209103861,0.022198349219168054
2379,683.41216,7.7315,1.2171117370023419,-3.641793092352141,0.02220691619383682
3246,700.37783,8.9977,3.198008980606991,-5.546391891172035,0.022209929302783187
2065,291.19412,7.03,-1.2415163886181366,4.055889811393814,0.02222909300132327
1178,220.09787,5.089,-7.0578256391731005,6.479363614614871,0.02223037852227355
1229,376.22157,5.2017,0.837223701881074,-6.490645138827778,0.022278949545277267
211,201.01491,0.746,0.7165922685893307,-6.318288871072932,0.022310928819255928
896,261.14296,4.4014,-1.6967489867977994,5.03708435706546,0.022324449977895018
3539,384.19238,9.2712,-0.8845658934877862,3.8322043777638246,0.02236307584712738
1833,695.40192,6.6124,-0.7370939338166966,6.446348308491858,0.02236694740042423
1409,227.06493,5.6343,-0.7942827737094253,4.984291390810196,0.022412925891483543
1738,286.1929,6.4352,-1.6784088782165902,6.133148220350014,0.022432938312859134
3270,275.19927,9.017,-0.6462139499755608,5.16527226969546,0.02243729181258403
3465,398.252,9.185,-6.125706408977476,6.538218303258089,0.022480233276127436
3256,698.42999,9.0008,0.5969133663026058,-4.27103934776246,0.022487644668955874
3030,317.20727,8.7017,-1.8758337188675496,5.620668156129113,0.022509182264771214
1644,717.4651,6.1813,-0.5837783041819726,3.838114575968583,0.022619123095016475
1581,334.27243,6.055,-0.7419648035126789,6.145244411120504,0.02264048274021478
4103,413.37622,9.9653,-1.2446925024766777,4.313436032908375,0.022707439825620394
1408,386.16423,5.6345,-6.326450710148035,6.240286961719818,0.02273427479368778
935,441.11407,4.5208,-0.6597555309090728,5.5073394532759234,0.022758470569807943
2830,225.1838,8.5385,-7.597108473417732,6.412320686757643,0.022760243221576767
1118,438.22034,4.9419,2.1979346298246534,-3.6105897471631243,0.02280495086092732
1616,799.33814,6.1365,-8.23875544890128,6.49222127727905,0.022841299771919836
1852,149.13147,6.6161,-0.5319753004256302,4.440062276687627,0.022846179747210062
3870,335.16549,9.6303,-0.7503010423061482,6.102171257242394,0.022890051023134038
268,294.93696,0.835,-0.7599231569964457,5.035779237651701,0.022896278336079184
3506,256.74691,9.255,-0.5832473720951912,4.086167745200528,0.02290076120657378
3362,373.20296,9.0979,-1.2187794472880729,4.474471927462389,0.022966867168424946
272,118.08531,0.853,-0.7367377893455487,6.394458010164804,0.023016093931721975
1339,311.06832,5.4261,-0.4990402197190207,4.9048455496466765,0.023115435398907154
1415,189.11106,5.6361,-0.81240036200251,5.480802818280149,0.023122912166396763
1722,294.24139,6.3878,-1.6747401879335095,6.096932394165761,0.023151030366042286
266,168.94792,0.8308,-0.9614950242008051,6.197659112166123,0.0231520300545334
284,232.90057,0.8991,-2.3572835185143552,5.919439308018634,0.023174888378877597
3260,708.36247,9.0025,4.435122369940777,-3.5810059969994215,0.023182121556512954
4192,430.24973,10.1433,-1.0877568515301332,4.1363109013633,0.02318853972888055
811,363.10302,4.2595,2.8290122514391642,-5.7224396365030845,0.02320060149336176
3013,702.24331,8.7243,2.113743205443047,-5.605213267476951,0.023276122205055042
2961,532.34636,8.6995,2.5735645172964463,-3.5832911332657766,0.023276554058239564
1745,269.17272,6.4295,0.6475392807021798,-5.292538045344718,0.02330150030031459
2966,553.2754,8.7019,2.4075766276297235,-5.387798043562809,0.023321757729586837
2504,298.24607,7.9025,-0.695207764503257,4.906347404074577,0.02334398860003904
2235,298.7909,7.4378,-0.6436639463741685,3.7560733249873897,0.023426663603964514
2198,383.21399,7.3378,-0.5695484230695138,3.9851617971066973,0.02342931819229238
54,470.91117,0.6302,4.507384706554331,-5.9999522480082765,0.023470361176777893
3604,290.2444,9.3444,-1.2146219775662654,3.5987666300305277,0.02350068237418626
1779,472.31587,6.4835,-0.5647843765827378,5.510725874298337,0.02352597321105383
1840,715.37224,6.6136,-0.6499950440727815,4.516965718475732,0.023650381753407307
794,430.26432,4.2288,0.7146543551693769,-5.955782059829931,0.023659029486891896
2278,231.15795,7.5306,-0.6594957564952892,5.2844059034086195,0.02369881380485115
1851,348.20492,6.6161,-0.7465214268982194,5.900737546262407,0.023737303234212668
3687,733.14595,9.4271,-1.597521988982558,5.107885364349959,0.023764653987425305
3874,319.19333,9.6353,-0.7615363588706252,6.240758779577115,0.023781956910061065
2276,245.11365,7.5228,-0.6126057077309133,5.785331278192791,0.02379503590840579
4071,337.18057,9.9481,-0.6158286068232002,5.158924672999305,0.023812187413493547
1175,242.08904,5.0551,-7.608899412903954,6.231168668696356,0.023894875236702567
593,373.24312,2.5201,1.9933463601349137,-5.047848325443921,0.023914909240521948
1884,577.41653,6.6967,-0.7674040302267207,4.777085214987418,0.024135033205543707
2803,633.41051,8.5036,-2.9500519710408555,4.9832995837689005,0.024188408508189648
1548,401.14693,5.9495,-0.863994488544277,5.8225504802719525,0.024212693158708564
619,215.02281,3.0328,-4.512393148850403,6.221487287265535,0.02422312478566089
1863,427.26497,6.6287,0.5416047503545833,-5.323195417558212,0.024230616365914646
2470,161.09506,7.8145,-0.8875437955485008,5.021515221979262,0.024285587209294576
1989,543.31217,6.8293,2.951447167420904,-5.167785604033606,0.02428644971179801
3524,551.39458,9.2604,0.6700189678057633,-4.963707614791163,0.024320455401469477
512,407.15084,1.9435,-0.7638700521819004,6.275735719210084,0.024403661788817265
876,479.17152,4.3728,-0.7457722273088399,6.21803283979248,0.024442978534859893
795,219.03831,4.2427,-7.582367407028311,6.095231657513348,0.024479321551825643
4190,468.24436,10.1414,-1.0336763316177127,4.468581044569013,0.024501660661411784
482,261.14333,1.6756,2.945846213150097,-5.327548326981574,0.02451184243522586
3290,325.25281,8.9939,-1.440641531803946,3.8960535761246002,0.024513221605316604
3402,304.25277,9.1364,-0.7183404378579832,3.574716188333878,0.02460192441046122
2805,647.39258,8.5049,-2.230177730951838,5.873428004900947,0.024665854939327943
521,418.16917,2.0547,2.834908315374543,-5.291906786850509,0.024672280165436336
3242,703.38526,8.994,0.39611618416715544,-3.6168731046130933,0.024711970559149917
1668,340.57971,6.1869,-0.5833769799893878,3.5063344094723634,0.024793866160804104
7,413.21136,0.606,-0.69739483587189,5.80769759480176,0.024798745170979148
3023,392.28425,8.6947,-1.41523320255921,4.408632267006386,0.024819990808635096
1447,475.32372,5.7032,-0.7444128147429971,3.916664779715465,0.02485898748382467
1479,189.14745,5.776,-0.7182582139913585,4.951996237463331,0.024918069643436194
4049,461.36114,9.93,-2.93839255516731,3.556362655593698,0.024924241786994986
250,502.79433,0.8061,-2.1222367091684893,6.0050548656001475,0.024937929832735545
3963,496.53996,9.7584,8.138595235935783,-6.157856561504675,0.024942420983350817
4186,368.38729,10.1218,-0.8052873607562345,3.7336317971368906,0.02498806460632602
1411,171.10053,5.6352,-0.7423110192512139,5.334299457976168,0.025007549157913655
214,161.02024,0.7448,-3.725552951965102,5.854082842599521,0.025013023698194473
3077,478.29117,8.8085,0.6902768568443545,-5.997512455437901,0.025069109017628006
1604,167.08763,6.1098,-0.5755070696314686,4.96895312930113,0.02511256046433724
828,311.18849,4.293,3.1704637425468674,-5.8757201070731595,0.02515812993334782
1485,157.12128,5.7772,-0.6559148087791229,5.897824669524357,0.025161390879082875
895,379.09834,4.4046,2.3181068198252124,-5.080871287921407,0.02519184551584735
1814,710.36994,6.6043,-0.7114278954648121,5.5027209108106625,0.02529304587016511
1356,231.15792,5.4954,0.6662212951395148,-4.168156488493958,0.02529900899449537
4006,381.20518,9.8089,-0.8921274856363466,4.8953291557735445,0.025323516857231325
3110,610.33436,8.8449,8.399123286750072,-6.096706471541851,0.025356884807090176
1955,685.45756,6.8158,-0.6052979537190222,4.621313864319954,0.025391509493847282
3707,574.53404,9.4278,-0.8979601936973722,3.4781870698216935,0.02541035826020628
770,229.03474,4.1284,-1.6058015972656396,3.609545570096509,0.025456277451922655
661,497.21558,3.7591,3.16752458406673,-4.878628726793236,0.025459433491902463
3772,270.27796,9.5345,-0.7268430473477885,3.8301394481829845,0.02551800942901633
3202,555.2912,8.9575,0.4544666659278942,-3.474220213733126,0.02556527437729039
1861,369.26204,6.6274,0.7430570436450807,-5.883236061667792,0.025580805561711783
4031,455.33213,9.8808,-2.896701788670901,3.6378066220991565,0.025640654532863745
404,390.17992,1.3503,5.242520783867793,-3.854780434482264,0.025647611497277307
2569,366.33519,8.0733,0.6199585152996239,-5.819731552432944,0.025666442062068154
4449,596.46314,10.7741,-6.510237707491678,5.8914642242774,0.02570003597488297
2096,423.23372,7.0983,0.5546905383211644,-3.6884500469468864,0.025708406335158855
1256,437.23317,5.2478,-0.5785445813377006,5.53753776521419,0.025729220093753686
1264,370.17551,5.2785,3.251842058870152,-5.008597930641848,0.025735477655988326
1762,245.17353,6.4559,-0.9181950592736507,5.742629949914618,0.02577520144206812
3777,520.82274,9.5306,2.663996843497372,-4.7164308437038445,0.025799734217466477
282,170.08013,0.8961,-0.4943102804128401,3.7307130384627163,0.025808239626183865
903,244.09541,4.4077,-2.823783286225212,3.573508918185856,0.025915791533195297
219,191.03068,0.7635,-2.9578241466851143,3.463100456561084,0.025937575718164307
3590,317.17842,9.3288,-0.9712374244228048,6.063013518190475,0.025959661885805462
1399,295.15063,5.6078,-5.482854875429096,6.046687706266704,0.025960487422494745
3390,280.26242,9.1331,-0.5805994341592076,4.083459469375436,0.02597452699661761
294,194.94457,0.916,-1.2521185701943685,6.078294585975357,0.025974647900079046
843,447.23981,4.3323,3.4570703487745367,-4.622544061269199,0.02597595287044956
4195,467.24243,10.1439,-1.00905028378771,4.522601547051318,0.026010921056914823
4114,522.35375,9.9787,0.6264760690222158,-5.481034052796346,0.02605706960190376
3366,399.18007,9.1004,-1.2927448482837072,5.914264167938094,0.02606353338808632
920,441.66267,4.4849,-2.9398637939876893,5.680512165855784,0.02609049794469887
3705,282.34767,9.4278,-0.7000232563913631,5.733691981560599,0.026107570595419596
1481,197.1128,5.7763,-0.6857294860024208,5.74459131748987,0.026130515256971035
2992,661.37736,8.7234,5.857230053364935,-5.896306860850041,0.026148440201041595
628,217.09626,3.219,-0.8224663023603123,5.330968581764849,0.026152037882827453
1769,480.30183,6.4806,-0.6512189375548578,5.667347862285986,0.026178977445711103
2577,333.199,8.0907,-0.6848164367867025,3.544610079537257,0.026188501780853645
1276,541.22367,5.2957,0.5158060432262239,-5.4680389793074085,0.026191390224986188
2382,388.34018,7.7306,-9.522981771922318,6.037997378595944,0.02619843229033127
4059,343.33774,9.9412,-0.7116188912908434,5.249650420072222,0.026279697146315655
1599,398.25212,6.0825,-2.14279059499481,5.791804604464036,0.026289530300860765
3742,382.20332,9.4862,-1.7121224699925506,5.8057080742892255,0.026368106264733137
287,262.12732,0.9051,0.4781171793270751,-3.4372174271524516,0.026377160541282346
2812,339.18911,8.5173,-2.5474273083520638,4.620705454433698,0.026395235327345508
257,250.91405,0.8229,-0.7966380534906321,5.492107329554419,0.02640316805688135
344,268.10277,1.0419,0.7445010037285922,-5.992053034532974,0.02640875517903143
1187,380.21649,5.1218,3.7700769811627124,-4.872454523853033,0.02642550165590766
959,336.19047,4.5966,3.6701241246040284,-5.265899591240945,0.02643832738066517
1827,713.37534,6.6111,-0.7230880535967268,5.813637630033632,0.02659317951851784
1121,394.22914,4.9588,-0.553577257115899,3.6750687483615634,0.02659673257122217
4249,309.27757,10.2689,-0.6751289723987952,3.9904236593942928,0.026640652129215407
3113,245.22519,8.8635,1.6076154255003159,-4.205138147454116,0.02667904513240938
4111,522.27447,9.9781,3.5082708439696666,-5.534069367370173,0.026788884866793487
47,386.92575,0.6274,5.106495855968423,-5.631183861360727,0.02680037153074285
774,429.2307,4.1416,2.420790386811113,-3.4263204643718543,0.026822251308948473
3462,359.30948,9.2581,0.7650333722521436,-3.4305816356509466,0.026833467174287015
1057,349.18187,4.7982,-0.724073704414808,5.432149399725468,0.02685506094991445
1812,213.14739,6.6043,-0.6936026530591484,5.649537310703708,0.026881872607767327
2721,420.28299,8.3523,-5.43660636603296,5.946305760085871,0.026949231311043768
2747,319.22406,8.3869,-0.6629531986653898,3.54377932112488,0.026962906396879864
790,599.22906,4.2144,-0.5732439988367259,5.489036184597383,0.027016874337158766
3382,380.18683,9.1254,-1.2352169247214908,3.8165591475754983,0.027072976652405777
1822,367.18337,6.6105,-0.6810217341792981,5.613698229006793,0.02712491044563416
859,536.76576,4.334,1.6954402612314725,-4.7493615199224255,0.027186023906658453
704,377.1489,3.9362,-12.5891672275232,5.927800905978474,0.027226524188580133
1021,174.11146,4.7411,-3.567923285195054,5.87277220886933,0.02726171564845357
2906,361.23353,8.6077,-0.6627391696947829,5.1252191250162955,0.027264449075994866
3391,318.21767,9.1331,-0.7167537226588916,3.898803511324665,0.02733644616645765
134,716.61783,0.6854,-0.9911459418514923,5.862885375647157,0.02736121366187767
3574,446.32492,9.3186,-10.044825776262362,5.862626885138152,0.027420149985766244
109,824.63153,0.6676,-1.3278882355129054,5.863323052297426,0.027559251402467008
1809,363.1763,6.5987,-0.5591536739484546,5.854335751322627,0.02759356233462631
1652,367.71939,6.1825,-0.6138257152347046,3.3878715622140634,0.027634727981366975
1690,313.16079,6.2749,1.7877544729958394,-4.101661960742545,0.0276987757465346
1773,464.33251,6.4813,-0.5443939033946119,5.141007176630152,0.027713384120339083
3637,333.27728,9.3619,-1.4815257693080142,5.468994098670116,0.0278225241700716
1490,482.30923,5.7832,3.7943687397137995,-5.412172570822418,0.027834467705897047
4197,469.24211,10.1451,-1.0443328263997262,4.648990824893895,0.02783490279264893
2011,356.27356,6.8835,-0.7225805975989772,3.470701105434471,0.027843210768709978
1661,350.24596,6.2182,-2.0818765162916613,5.118895702150887,0.027891743471701095
1405,217.14235,5.6319,-0.7239345097624845,5.743506253679524,0.02799780357048832
2979,702.15182,8.7249,2.236508148701972,-3.5213284820745154,0.02801275206187363
498,320.0411,1.8308,-2.683208544715215,4.893971266634811,0.028014894190755084
666,219.03017,3.7825,-10.398693383466302,5.812934937161127,0.02805267387835952
1000,375.20101,4.6969,3.874847889490937,-5.600554875615303,0.028067963804742586
1106,692.09407,4.9257,4.041591707570085,-4.84177882342445,0.02814721792154794
1601,197.11383,6.1008,-0.8128403739568535,5.147123366008,0.02815420290208809
1826,346.25742,6.6111,-0.6933740793237249,5.0242514383302765,0.028306034456029156
2141,729.2916,7.2042,0.7817156255502757,-5.045439122268255,0.028315744507287806
2952,383.2778,8.6708,-0.4290221881154732,4.423570289670946,0.028322871507226642
443,550.24737,1.4902,3.2896183594767456,-3.734885879880193,0.028366348272225575
1853,311.22029,6.6161,-0.6116173397884701,5.340083611934791,0.028386426521712273
465,437.16147,1.5845,5.107993747468781,-5.516333724942894,0.028388331895342064
730,318.20097,4.0397,1.849647683854184,-4.694885063400207,0.028409581723189782
2128,350.72186,7.1634,-0.8894980497636791,3.3569729632221494,0.028515560629476147
3561,261.2201,9.3022,-0.6463653777786753,5.66398678100066,0.028594066093436843
4017,306.27537,9.8455,-0.6266793108387247,4.209306782529994,0.028633985990209145
3698,282.71887,9.4264,-0.6916471776750477,5.7469563295762,0.028670273189446198
2004,155.10569,6.8696,-0.8704107076644085,4.275851504536066,0.028686922575186572
2060,387.1748,7.0056,-0.8096233751529738,5.58647652895165,0.028717190961401195
3971,496.73137,9.7648,3.0186049725857442,-5.0322749975587335,0.02875100266248663
106,490.78552,0.664,-0.6350967552273232,5.361590040935812,0.028834826419201768
1824,276.20295,6.6124,-0.5776979343528588,4.269090026407929,0.028871031771583646
2768,282.2725,8.4562,-0.7353206538889268,5.6832229188496335,0.02889268703500173
3397,281.26559,9.1331,-0.7051918641317272,3.377304966225398,0.028990458098868386
1820,351.21279,6.6092,-0.6641776593106492,5.571015760652514,0.029029121180179855
3933,378.29846,9.6969,-3.092035399743441,5.439401843522705,0.029065476052334192
534,167.11688,2.1624,-5.18830536598555,5.733635899571723,0.02908240171020291
2521,474.24018,7.9525,-12.997978553341975,5.729140015595642,0.029120054801070386
2003,515.34008,6.8614,-0.6553771358860114,5.348787868631893,0.029138020881287568
4484,339.59058,10.881,-1.9925747951341322,3.8168691473518517,0.02914871640051152
281,130.08523,0.8955,-0.6878671504892999,5.6809678839733575,0.029165424727121216
309,165.06763,0.9537,0.9530847123957997,-5.616096739647114,0.02924139638795257
684,224.09061,3.8572,-0.7871199307663614,5.47458192077034,0.029278402927934943
759,223.13171,4.093,-1.2160789209025644,5.6853243034612895,0.02928678205890008
2208,399.18039,7.3732,-0.7629082660135875,4.285394651154327,0.029375982650991412
1770,167.08763,6.4313,-0.6077272154554105,5.274839899081865,0.02939394605441438
3396,282.27049,9.1338,-0.6091303373029007,3.8293794962590475,0.02939898323829472
35,385.92634,0.627,2.2578835919792666,-5.055089079025113,0.02943692375680984
3780,521.34145,9.5332,0.6364289232679212,-3.7518530644270913,0.029440413289185913
805,425.17693,4.2438,0.5497968779574887,-5.321651843412708,0.029468387759839225
4398,619.28323,10.6117,0.46250544155663853,-3.4771977770729747,0.029565125090864636
3341,429.31714,9.0834,-0.8904183685051983,4.8084466967069845,0.02959404252788913
1991,717.40636,6.8319,-0.6105146356668474,4.909426730867075,0.029596401832073824
3365,518.35353,9.1294,-1.5603173019518994,3.377988270930567,0.029625593848700917
3869,373.26999,9.6297,-0.4640919496129987,3.316974871942503,0.029644083464431162
3563,279.23073,9.3056,-0.6608771995167189,5.660695254042773,0.029653331536317527
2573,365.22848,8.0847,-0.4687643774266803,3.36868198817647,0.029704360215970577
2107,321.26028,7.1279,0.8341175329028969,-3.527240648866996,0.029727125464173044
1346,619.41316,5.4491,-0.7119870661775813,3.332840572489007,0.02982706371556844
1988,719.4033,6.8274,-0.6226934842010294,5.345802812345043,0.02989080498021581
3245,357.29823,8.9958,0.5843323221679935,-4.474181762134238,0.02989594325475217
3683,563.54926,9.4204,-0.6534586841629277,5.144287535124653,0.029915115121734615
374,308.13248,1.1798,-0.593654480338234,5.24700406604024,0.029951153865415144
1224,415.23342,5.1914,0.5595256814958303,-4.41477662424003,0.0299664397816816
775,352.18522,4.1687,3.3070824792936997,-5.450345191578205,0.030085085408930026
2935,314.27016,8.6759,-3.7132669576703665,5.06765027371818,0.03009456845386103
3992,427.38822,9.786,-3.219667514599086,5.61631207616862,0.0301252241804762
627,157.08254,3.178,-0.7236667308842932,5.3771943689013195,0.030130301975153692
2418,347.1604,7.7858,-0.9007536887726868,4.040712291593338,0.030225529115366377
1974,714.40167,6.8216,-0.7135229314842331,5.228649184199629,0.030238753012842786
1839,209.15252,6.6136,-0.6825924855961292,4.736007618818255,0.030304435075739995
1774,453.34219,6.4818,-0.5319503648128947,5.023668071319849,0.03044352277411333
2059,388.1808,7.0056,-0.8938433577898035,4.255107534999101,0.03047724831851122
3171,219.20962,8.9113,-0.6605401785002014,3.9342255053910105,0.030502839211452918
535,231.16916,2.174,0.6945416710593051,-5.4296658746860995,0.03050350684274405
3352,468.38784,9.0879,-1.9740678952888455,5.469369976839063,0.030576210186165687
2557,385.26819,8.0444,-0.485077663325022,3.6508267337154274,0.030588451492986418
2789,310.2386,8.4831,0.1963779829120007,-4.194147412159641,0.030659553680785344
2209,239.16065,7.3738,-0.5086747062952579,3.3542976494729713,0.030667088357151963
1717,410.24957,6.363,-0.599172407594029,4.90438937447966,0.030681356292721146
3711,283.2814,9.4285,-0.7809777836729772,4.92651534923305,0.03070261747718204
2821,211.16831,8.5283,-6.657299617188958,5.547095857423445,0.030733109581616232
1238,545.19708,5.2159,1.2671157443723438,-5.032481877284904,0.030754105909689283
1574,291.11881,6.0371,-4.0743365641080445,5.484327426755187,0.030756605281101777
2256,367.24406,7.4022,-1.0022478436512614,4.227331554201119,0.030788126705440767
919,226.05212,4.4723,-0.6409363753654942,5.53075615298563,0.030821171399368845
1434,265.11505,5.609,-1.9408208576034518,4.770922439062177,0.030824705293352347
4193,444.26673,10.1421,-2.00758114593201,3.3502470143915826,0.03088725345242394
2045,333.29641,6.9729,-0.5223519959400278,5.0532433023435015,0.030904174600045006
3677,616.01225,9.4049,-0.9134078319655918,3.308960559940046,0.030931934571816217
3695,565.25264,9.4251,-0.8650393954677549,3.316201085795036,0.030970889567675772
311,147.06417,0.9537,2.961307066320903,-5.339418782544105,0.030979684399823883
1768,698.92451,6.4809,-2.8664131484389594,5.32741394230398,0.030988317410240974
152,524.66975,0.6941,-0.8510873366599041,4.33484565263381,0.03100295832736438
1746,163.0595,6.43,-0.674600622732564,5.2759933489650725,0.031031146395982832
3178,277.23135,8.9145,-0.7198185429286692,4.061603121753916,0.031097626817594794
3706,282.27841,9.4278,-0.6121125024832264,5.453533779863449,0.031104460653338016
1977,607.45473,6.8222,-0.5069992126871403,4.332901584185138,0.03111786977377916
637,323.07233,3.476,5.161176964310485,-5.259849494851185,0.031125623315639454
1492,793.21326,5.7909,3.7224761398420605,-5.007106866977692,0.031127706135578685
97,404.82604,0.6616,-0.4706784032380087,5.088578738776284,0.031233852792823428
4404,501.26961,10.6177,-4.56772397787008,3.3766618256228047,0.03131216077316685
392,217.15382,1.2552,0.5730016839448311,-3.3710991184091723,0.03132728539003428
2270,338.2417,7.5356,-1.1786198201607831,3.771054729969056,0.03136538849920761
3560,522.34494,9.3029,1.4206103512703896,-4.440295085681762,0.031423360130565334
1635,340.99426,6.1844,-1.2647761519296274,3.9474484920576676,0.03145146080052753
4199,442.26749,10.1458,-0.9757389632847104,3.9802924149505636,0.0314804178335157
3822,561.48603,9.5774,-0.5961213018577496,3.4002123786644174,0.03148887068478488
384,324.04891,1.2245,-3.028812098516875,5.400493311042377,0.03148916176605637
3549,377.70578,9.2719,2.0257389346116548,-5.231733005855231,0.03152065740679724
1818,711.37409,6.608,-0.7147385213330661,5.369540341082461,0.03153252326019114
483,314.67351,1.6901,5.289427565251293,-5.335500814131423,0.03153622900807186
2173,331.18655,7.2838,-0.47783099267860774,3.29752957846237,0.03156551016608804
1388,383.14558,5.5941,-4.801171854560193,5.483938508363404,0.0315656776958939
3718,283.50033,9.4305,-0.6268580485109281,3.764235387343279,0.03161520815944015
3957,497.84308,9.7609,1.786983539993387,-3.387962963353889,0.031655616597379796
2012,350.72194,6.8946,-0.6259795629530416,5.17381468456996,0.03167512424498029
1978,699.43307,6.8229,-0.6426428459529525,5.42396277633921,0.03167680050711
3948,311.16563,9.7545,-2.465972526382143,5.337340972927407,0.03169871031301583
3148,300.22958,8.8875,-0.8297997534810992,3.2420308426500353,0.031799540239623045
4417,312.32409,10.6618,-0.7693097886794078,4.552797319766925,0.03183421787861389
3240,277.21528,8.9927,-0.6470008215377128,5.108507501759022,0.03183569054561507
1918,340.28077,6.78,-0.8687667458402819,3.5800876004932354,0.031865217279878615
4191,427.24995,10.1427,-0.9235684049656712,3.8713285570254405,0.031953138744434166
3713,247.24089,9.4298,-0.6796585504634081,3.4709165462870777,0.03196791566672585
3694,282.64625,9.4251,-0.6623076763386191,5.361709772258611,0.03200621902338784
3170,354.17114,8.9145,-0.8768892646736308,3.2462976283610105,0.032085457165804826
4262,473.19895,10.3142,3.8310691314268888,-5.301983933933364,0.03209929227797303
3062,659.45472,8.8047,-4.83267185970366,5.291245795361091,0.03210412933368984
3335,507.32765,9.079,-0.4957463609718138,3.7501311591185527,0.032180102057945574
375,229.15353,1.1828,-0.6463136977934845,5.4211085259202845,0.032189902437948004
4336,616.46284,10.5269,-0.658269574620042,3.9681456130611807,0.032262500838766174
3215,544.29608,8.9588,1.55013899749772,-4.404363599461434,0.03233475875927555
1269,317.06435,5.2829,2.553278496127953,-4.468735831987713,0.032370809568425245
208,249.92692,0.7293,-1.7773305885385282,5.411248229489826,0.032408189938524457
3920,522.3532,9.7017,0.6010183846948909,-3.7550357856266663,0.032411017009975
3422,561.39502,9.1657,-0.7046119584352315,5.036224752876287,0.03243111907934874
4202,470.24275,10.1476,-1.024099696623197,4.358200338287453,0.032456144810978194
2257,333.20222,7.472,-0.46072082586308305,3.440098548056799,0.03248907507460144
1960,209.15254,6.8184,-0.582039457775144,5.38186426288577,0.03252459246526186
643,316.22168,3.612,4.592550444912227,-5.391848180733318,0.032548390909497356
1837,505.35058,6.613,-0.5733037421820608,4.842220957121686,0.03255378265215451
1953,683.45663,6.8151,-0.6187750578533713,5.277874248750691,0.032574051402800314
1697,356.27802,6.2937,-0.5355076652498489,4.25230518984928,0.03258216222998708
2440,302.30408,7.8264,-0.526256744232021,5.136695461021938,0.03258641466365941
819,446.25742,4.2577,3.2196442513733072,-3.367403162642863,0.03261718198405785
4250,427.3556,10.2695,-0.8140389821373564,3.562912698600132,0.03262129101469257
4353,580.52768,10.538,-0.7719319815965235,5.213904247167349,0.03273853982660062
1279,345.13484,5.2989,-3.5491441829750427,5.367836225232444,0.032758552327416354
3124,677.24383,8.8559,2.068454729756117,-5.065841427496188,0.03279920181218013
723,345.87153,3.9822,4.310773345523837,-3.253065379110753,0.03284070297748212
1830,307.22542,6.6124,-0.6213457653185301,5.294682845235246,0.03290105542223848
2448,330.26254,7.8381,-0.6388745600368351,5.362752792232143,0.03291270086421757
1084,535.7654,4.8668,7.278414232778063,-5.112732981334735,0.032982974620755424
911,371.87563,4.4503,2.489397272688751,-5.14055947740858,0.03302268501611984
981,394.19755,4.6684,1.8040818484768328,-4.184353936761287,0.033163475492195935
2005,348.27435,6.8706,-0.5891742300973313,5.159509832660362,0.033193087141028844
1179,336.19026,5.0747,1.8352358826740032,-4.983260012929631,0.03321416015069976
4118,340.26159,9.9924,-2.2029479832953514,4.019221478764562,0.03321447529902622
2156,365.22848,7.2389,-0.5875914873617276,3.2250192012698715,0.033253685548418545
3767,521.25632,9.5227,2.3394960581806887,-3.6692417553367083,0.033283939612443705
1817,251.12451,6.608,-0.6688749390320483,4.748195754767603,0.03329420051391359
1865,269.17348,6.6293,0.677702758484223,-5.28114193493783,0.03330226505414924
3649,575.41103,9.3718,-0.6189851274678215,4.5249459889970565,0.033310954510243115
3708,592.50978,9.4278,-0.9232456035175511,3.702883284164745,0.033329693624125085
3433,582.52261,9.1715,-0.5152082416654409,4.5152854342814965,0.03334191393932659
1204,408.21152,5.1043,3.0948841452914873,-4.457132394365456,0.03335627602271692
1845,293.20982,6.6149,-0.6006840433268579,5.251826984351939,0.03340755358331305
3419,337.27234,9.1625,0.7044328026816018,-4.903401997025396,0.03341591733625163
1990,715.4051,6.83,-0.6520146769341082,5.17392285623657,0.03347152264927704
621,353.11911,2.9961,9.963232376067056,-5.277073005460132,0.03348565054693257
854,481.50337,4.3336,3.380528968417181,-4.9845251385857265,0.033541395688090454
3177,495.48666,8.917,-0.8337179259493732,4.040512200725675,0.033557558935368645
3331,642.35906,9.0784,1.3650384377094111,-4.3491837272753004,0.033561762090549514
2808,347.22269,8.5154,5.03529501037047,-3.18482892441176,0.033582751750570405
3041,347.2219,8.7725,-0.8813203856762009,5.145450801672282,0.03359065696513129
737,385.69521,4.0567,4.4692023564155186,-3.375092040534498,0.033605715640783726
334,115.03804,1.0056,-0.4942553991611227,4.680188295617584,0.03364834286870631
1518,247.13144,5.8871,-0.6017160052146728,5.031100819729284,0.03365835054263637
3824,245.22526,9.5808,-0.49555622962390977,3.18021797673713,0.03369109648004561
4021,567.58042,9.8525,-0.7191203802449504,3.7519711457130582,0.033803214557352725
2994,452.2755,8.7236,-0.5652324638063195,5.145996871787501,0.03389344632705533
1296,414.22347,5.3241,0.5954816841798918,-5.1420790031396155,0.03390434247519666
1922,228.19452,6.7888,-0.5192252949147678,4.788986360489251,0.03397115780455718
1693,440.26006,6.2745,-0.6184897890677448,4.854808295867277,0.03406730225292869
916,409.22875,4.453,3.7093464080468603,-5.0737218438937335,0.034106874489876045
1771,927.65875,6.4809,-0.5331431405649525,4.938922087108302,0.034175349242247126
1854,294.21326,6.6155,-0.6042217398501002,5.138259317969074,0.03418140929285635
3898,552.48703,9.6723,-1.57863516636632,3.921489531736109,0.034217106145787
1971,195.13688,6.821,-0.5417572842387148,5.019405110026139,0.03425270641436174
2411,393.15701,7.7858,-1.2591424680651837,3.520739739771934,0.0342979954654908
1870,351.15801,6.6086,-1.272577846110758,3.1553797901306053,0.03435049253681914
3181,243.24635,8.9352,-0.5920564633251217,3.3140358268920687,0.03436104516188786
1461,195.09819,5.746,-0.5305479250662968,5.169235413909733,0.03443214016243545
65,309.16409,0.6421,-0.46127656839812303,4.729927129803866,0.03451116474163356
4335,575.48808,10.4702,-1.7294431572996576,4.366185359675092,0.034557042080937586
4072,339.18162,9.9488,-0.586856954315234,5.082020654427399,0.03455906354059032
2058,446.25199,7.005,-1.5346952144166073,4.262217314826877,0.034569792487183545
3965,478.32761,9.7597,-0.6212130981027304,4.055767472201471,0.03459723154449318
3137,279.24882,8.8745,-0.740374618903644,3.1710704505472678,0.03463847505306263
1522,720.65067,5.8964,-9.706477437692458,5.201188738618995,0.034751637295913546
2958,678.37311,8.6866,-1.1558159514550743,4.3407958682497805,0.03475575361871556
3219,245.22521,8.9619,0.4532402841978511,-4.775396125275111,0.034816753964169625
848,584.9579,4.328,1.811031208728398,-4.751660590488488,0.03489510622406997
399,384.22112,1.2903,3.6107522910472367,-4.230119720440703,0.03491764204293463
6,246.93739,0.5931,-0.5890548347010123,4.99105549147839,0.034927710465837564
1985,313.23605,6.8248,-0.5975572604645887,4.629055670434469,0.034958552173343
2827,264.23917,8.5275,-2.3997326372324634,4.536669256210558,0.03500755320973643
336,101.0224,1.0093,-0.5352972795634763,4.911546521337267,0.035018765800929205
1841,348.70638,6.6174,-0.699503222339394,5.042737642876304,0.0350443593661357
436,275.10889,1.4187,0.6466394799792017,-5.143601330231593,0.03505233443728211
1984,213.14742,6.8248,-0.5963052850637638,4.812602790434782,0.035063603854001965
217,236.07841,0.7557,-0.7675747414218606,4.740857116709293,0.035141203088517314
1566,541.22362,5.9989,2.90101826205818,-4.759812508524787,0.035146785697319216
4189,429.24944,10.1421,-0.9380484260630961,3.9539069077969047,0.03518418074222376
3877,508.33812,9.6399,-0.4868921737627705,3.584623971655131,0.03520626599340102
1956,625.46526,6.8171,-0.5320200631296066,4.450556911703386,0.03523683909585134
2592,555.31234,8.1374,7.775039462544232,-5.16627362385053,0.03531094392282817
1872,386.23066,6.6461,0.5871610687923976,-5.11470386139168,0.03531506056933911
1099,377.14387,4.8909,-4.3466343121750075,5.169412172068489,0.03532020671129524
875,439.15602,4.3706,3.267604425037835,-4.661163742410017,0.035371720271641
3567,705.40088,9.3103,0.6033347658050676,-3.863585544470584,0.03541172828542563
3941,377.23988,9.7583,-1.656520263881772,5.11853119012762,0.035417887567600906
3194,478.29116,8.9442,0.5106243148272114,-4.763696880226682,0.03543201149810209
2684,439.1897,8.3111,3.683315112532814,-4.763719012756143,0.03544901715537167
1565,209.11493,5.9881,-0.6983111394793076,3.9463916091081503,0.03546494404311289
239,337.08818,0.7798,3.0662686040172336,-4.8472636668263425,0.03546849576048502
3570,359.31373,9.3136,1.5638176253947274,-4.5279642776619715,0.035509870419327655
867,394.22024,4.3195,2.164500949848994,-4.868598671343845,0.03551418345581777
2324,318.798,7.6195,-0.5738228931061089,4.49800856616215,0.03552177916451485
24,356.92896,0.6234,4.767272111661379,-4.672596029888005,0.03553639862055296
129,296.81177,0.6854,-0.6543103370188916,5.035333451191468,0.035565950914548485
1651,341.08091,6.1825,-0.8190245399282414,3.2174136873101293,0.0355862038340928
2239,298.65101,7.439,-0.48154977752356753,3.1878188117677633,0.035586869033455114
4205,459.38171,10.1507,-0.9897016704870767,3.5084010439246454,0.03560543617461335
847,245.18479,4.3185,0.5756586192088484,-4.775615353231894,0.03567498195846749
1849,159.11575,6.6155,-0.4660879162155567,3.398905717907663,0.035693721693435536
3680,591.01087,9.4224,-1.0130501935973406,3.263274231673802,0.035743675401809075
4020,284.29363,9.8518,-0.6490029183273354,4.728796021045616,0.03579761247135862
4405,433.23107,10.6648,2.0904576122101197,-4.450506286852359,0.035828939118552144
3173,254.24682,8.9126,-0.620649392551714,4.361613459481526,0.03583234374907455
4106,560.30822,9.969,6.386533156667574,-5.114220162646176,0.03583908204661778
2493,338.23905,7.8946,-0.48503317361991627,3.116049134740901,0.03586849739255021
3379,541.33255,9.1163,0.3667006454277999,-3.321834478286968,0.035881985336994514
3349,502.29792,9.0866,-0.6880654531190125,3.5340198058934083,0.03588534605938215
3055,661.47383,8.8393,-2.828188902115416,4.114799517145117,0.03596579509867958
1687,382.25725,6.2706,-0.6322988390838304,5.030453423745993,0.03619390140532191
1828,235.1681,6.6117,-0.5826762855267784,4.7233136020504105,0.03628682522561074
1457,263.12636,5.731,-0.6203735793163263,4.744953115793074,0.03632094726156839
1083,219.06167,4.8672,1.5513335796315184,-4.286108626718982,0.03633549964333739
3902,590.55709,9.6482,-1.1548526000289678,3.2834091476930873,0.03638614744208152
3108,555.29116,8.8459,1.7180566254763185,-4.465632815577565,0.03658569696679429
1944,353.22846,6.8119,-0.6015465211832325,4.878007914447737,0.036636649893123756
4451,389.27053,10.7723,-0.635626789953676,4.069709003264967,0.03664231182937903
586,440.17493,2.438,4.2109301455403205,-4.265174575608224,0.03666592316721127
2313,319.2182,7.6189,-0.39392672284497543,3.773473871514067,0.03677641685865578
1609,301.0694,6.1141,0.47673218044945465,-3.8454357376395296,0.03684149387030805
2886,634.46921,8.5805,-5.1788327458367185,3.1485835405604976,0.03685258857250059
1642,340.75994,6.18,-0.5514873175074229,3.0863740068361283,0.036901923992172146
2943,348.25457,8.663,-1.63324231533311,3.0800853988294006,0.03696171125687294
2095,383.24122,7.0959,0.5518724051974147,-3.23107656632206,0.0370856088166788
1765,453.99851,6.4846,-2.0138829571817807,3.418957799968212,0.03712537936788694
630,337.1744,3.2673,0.517966035634081,-4.2242972632184985,0.037154278688139065
4407,393.24379,10.6684,1.1099881638049638,-3.589991794925141,0.0372089139820652
130,380.7729,0.6854,-0.736847493695528,4.894701670150406,0.03723278574361055
1913,274.63623,6.7389,-0.5833003313068064,3.8357816798751996,0.03726694186469591
4046,617.26742,9.9002,1.9347708860039572,-4.453116203671292,0.0372689517480709
2473,280.23389,7.8743,-0.45987517484369,3.4631751803177337,0.03727810133767825
4457,449.26494,10.7965,3.1736922348650913,-4.580109481050462,0.03728019878925581
3434,268.26229,9.1729,-0.6271812663850653,4.7331633558598645,0.037302585658694876
1834,227.16308,6.613,-0.5999540517988002,5.021544830361821,0.03731615111113845
2653,591.14775,8.2648,-1.0675939307764661,3.2205508293744334,0.03741757838100484
1821,241.17864,6.6099,-0.6138450714179751,4.769103945816423,0.03753700952713083
4083,377.27022,9.9376,-1.4053616469449048,3.7949532222300304,0.037595052663936444
2667,351.15964,8.294,-4.363860209975231,4.058349965017913,0.037596555763094335
265,380.89653,0.8278,-1.1323524032330603,3.5537133312822666,0.037695648447641214
39,182.96146,0.6231,0.4956932533593168,-4.573081044885376,0.03770019700410168
3016,311.25673,8.7317,-0.48435737720643246,3.8848766756285524,0.03775315759181526
3160,488.2737,8.8851,-2.8126699136250357,4.885419625954919,0.03776106733489351
2033,351.21295,6.9417,-0.7023089481732931,4.2458304656754535,0.03786218646443333
3136,278.24657,8.8757,-0.695632792037431,3.10091399848083,0.037868625598625666
3262,419.27506,9.0108,-2.9975217591239023,4.969463612921265,0.03791426709503197
1843,275.19965,6.6142,-0.5840812115641416,4.960618126608092,0.03797241671614013
3251,339.28771,8.9977,0.6390034172081478,-4.76999204832122,0.03797678286602866
418,215.13793,1.4027,-0.6775779958577424,4.827292697083276,0.037982285564684484
4372,298.25169,10.5664,-1.2649427341315533,3.052756142258684,0.03798496221130716
3022,335.19586,8.7209,-1.5159828140787281,4.040174663429171,0.03799548725333752
3503,400.31009,9.2955,-1.9732597593955008,3.145902007767707,0.03801671243187855
1962,149.13145,6.819,-0.4969096820573604,4.646254670805594,0.03803294958321265
2286,437.19187,7.5536,-0.5869100248833323,3.0470997102346598,0.03815044292222535
2550,389.22832,8.0156,0.9293673822098887,-3.618287934552106,0.038159974884468394
1983,159.11575,6.8242,-0.5393644953420482,4.7485172351114935,0.038191704270106944
4013,565.56475,9.8379,-0.7454543674604555,3.4453943554449253,0.03820815499333689
934,441.17146,4.5147,0.5181439532535981,-4.469856783963379,0.03837632576698614
4268,435.24925,10.3172,0.6724872599774567,-3.07364031069406,0.03840551429507854
2055,318.22603,6.9902,-0.7283645303743489,3.054626285482994,0.03847545114685368
1887,1153.82635,6.7086,-0.5575267012974514,4.911748080533336,0.038548193617967845
1487,599.39934,5.7796,-0.595520665700362,4.359318634007288,0.03860456046993198
927,394.20528,4.4836,3.1538184637454942,-4.655763319217375,0.03866995600110239
1501,323.14524,5.8293,0.5165204601658075,-3.3916236755630624,0.03878222045881925
716,394.5686,3.9697,3.4053874762511356,-4.652898047740627,0.03881657480038537
1980,179.14194,6.8235,-0.510292429298639,3.571841746568815,0.038876690702240986
4147,381.64759,10.0261,-1.1347905797342799,4.200146749437621,0.038984626103891036
3505,256.38602,9.2524,-0.8548628520986385,4.117489187389247,0.03900904411111979
2500,297.24108,7.9019,-0.5199935263313709,4.671550374258181,0.03905485080046619
640,374.22702,3.594,2.577427914224608,-4.621359342265878,0.03918166761129303
145,538.66809,0.6897,-0.4720533031656551,3.466738766711372,0.03929905761571657
4244,363.19679,10.2609,-1.0850775939135362,3.041478649922849,0.03930178265491573
323,203.04933,0.9703,2.9540437689700214,-4.453585829023561,0.039312258342861325
387,205.08589,1.2248,-2.40003569096402,3.0935172641172226,0.03935598629659425
3437,540.31664,9.1162,1.1986310519912635,-3.7997911556871076,0.039379568915350306
2410,333.20186,7.781,-0.6881362244323395,4.533423121047118,0.03938031361770927
2026,643.2555,6.9331,0.6125162517550322,-4.264822552073804,0.039386667019161395
3032,403.23314,8.7681,-1.7712254360584083,4.522275842769044,0.039514219849394634
4482,409.32762,10.8525,-0.5909705460862895,3.018548687663097,0.03957808911481742
227,295.06158,0.7708,3.292839266922877,-4.760157419519593,0.03960104767513146
3015,690.37278,8.7298,2.8763844924142874,-4.74536650927691,0.03962699290710754
1197,442.6482,5.1201,-0.5571875061642082,4.788724769252033,0.03967363287157396
2945,348.28604,8.6635,-1.945678961868718,3.5531813283755107,0.03970727964485845
3301,545.35142,9.054,-0.9415897392027004,4.039764656476248,0.03975263091631657
2427,309.22126,7.7967,-0.6824111564867783,4.183202670424645,0.0397892831827962
406,241.15348,1.3613,-0.605293047285894,4.856875586849319,0.03984270679534697
2408,302.28278,7.7755,-0.3206724314382141,3.211483446073033,0.039866614652254266
303,245.07359,0.96,3.2981649963608803,-3.140234452049281,0.03993493157213631
1747,425.24969,6.431,1.139459692777038,-4.3060160075899585,0.03997885312761096
3094,401.2882,8.8285,-0.46856783333880614,3.8389243125518027,0.0400095725094967
103,488.78723,0.6628,-0.6064570875723829,4.634677317342061,0.04001765217118748
1233,763.20305,5.2077,-0.5286038316852846,4.735222501487174,0.04012246104796781
292,350.92646,0.916,-2.1433006184849885,4.794039086985627,0.040304139446411986
4198,441.26561,10.1451,-0.9244716692108881,3.7736436381945224,0.040384431368759494
1583,216.10086,6.0639,-3.743467456808549,4.748764054051728,0.04040815765265355
1939,369.19963,6.8093,-0.5809858819421976,4.555082386511156,0.04042574415008496
3758,1061.6512,9.5149,6.959765985063968,-4.713367278967349,0.040634414150488955
3537,377.60418,9.2779,1.9031736581061502,-4.228260345106783,0.04077177410975193
2556,249.18374,8.037,-0.7080087038289768,4.431340883336625,0.04084105971337949
1836,487.33995,6.613,-0.5700072068347,4.599269971131178,0.04093800682738375
1973,589.44419,6.8216,-0.5007491900265792,4.77223991733051,0.04104635682009467
220,219.02548,0.7575,0.5693498381668114,-4.7451409541611325,0.04114327920586183
872,350.2042,4.3592,0.5061703747755777,-3.225822722096581,0.04116775477181798
2669,355.15638,8.2949,-5.476675924613257,4.329458450096755,0.041191995112057865
1869,385.15063,6.6409,-0.6354287207545886,4.692197593785219,0.04125506247602243
332,497.19586,1.0019,-1.7616074908323336,4.724036618500869,0.04126774875415279
3905,323.25418,9.685,-4.355723616703329,3.9969174613575715,0.04131698585344263
4439,410.3848,10.7442,-2.0932494498529177,2.9959438896423074,0.041339780364711975
4196,428.25192,10.1439,-0.8966436474043729,3.449278462803572,0.04142809673841684
232,381.07787,0.7696,0.5585897102049593,-4.742140865956439,0.041476803768569985
4100,265.25143,9.9627,-0.5272282745979808,4.0302089668958025,0.041551410409941425
2472,398.22875,7.8706,-0.5333742321172634,3.0654462568347545,0.04157883929107402
4023,568.58099,9.8531,-0.6288114767903163,3.8989220467678525,0.041602756679303764
2315,318.37273,7.6164,-0.5081345213590378,4.249766552092266,0.04165190541251025
2490,667.4433,7.8878,-0.5142861682562074,4.545119176799824,0.04175362714014786
3069,500.27307,8.8066,0.42125745023625694,-3.3319150216370423,0.04179535538888967
262,718.83345,0.8259,-0.8097866029844596,4.594945265116037,0.04181423350641215
2760,370.2937,8.4027,-0.4877691894549958,4.017885462240274,0.04181957114550623
3235,628.33008,8.9877,1.8273522826811055,-3.9902020698502123,0.04186222298200994
3709,265.25142,9.4285,-0.5746086954779628,4.258059893999584,0.041873164415278934
1077,347.11996,4.8512,-0.5359897398577917,4.345068075290824,0.04187913656662536
139,114.8921,0.691,-0.5892511663015281,3.9289949474368457,0.041893377964725156
1829,195.13688,6.6118,-0.599032610209294,4.654165988913405,0.04192256371146204
20,218.98342,0.6202,1.900335163880234,-3.9520097447979436,0.04209955712690305
2977,228.23108,8.7149,-0.7277900296662327,3.8837858144057003,0.042178316755158526
4399,541.26098,10.6154,-1.3929373834949699,3.8195254608855516,0.04218608773494014
2108,333.29488,7.1225,-0.5080648228160483,4.2404838194139405,0.04227381810886416
1275,412.20662,5.2946,3.2208795416344476,-4.563553762739729,0.04229501579735925
905,305.15566,4.4148,-0.5891139596974613,4.53062832860781,0.0423945542183604
1060,476.24805,4.8077,4.968271139863633,-4.217927925862508,0.04241691589637391
2894,663.35433,8.5972,3.1392394899365628,-4.467795726624835,0.042496297202695536
1976,309.24099,6.8222,-0.5426968855597565,4.327469196923036,0.04253859404502066
3510,511.51788,9.255,-0.8117554687587756,3.9509947601015862,0.042731409211283745
2129,370.20077,7.1429,-1.4889738149580731,4.228989491928428,0.04279187297191113
248,586.75542,0.8019,-2.7506843108019274,4.314829518261023,0.042794569061985324
837,576.27506,4.3051,1.9416318505078154,-3.750786408471092,0.042957022554257665
646,193.98732,3.6521,4.217082277141552,-4.032457083190493,0.042974713975319725
355,132.10106,1.0715,-0.5601036579633547,4.659228876711376,0.043072113376650734
28,251.15893,0.6208,-0.5939806341415093,4.568858882237494,0.04311822826095267
4109,525.36407,9.9671,1.2835251780849344,-3.6902885129596927,0.04313006166167642
3547,539.39581,9.2806,-0.6936573931168359,3.4522135419034554,0.043191223571077526
1792,384.27304,6.5237,-0.5805056008620628,4.465027604990055,0.04320359943369212
2995,703.17057,8.7205,1.943803512947321,-3.0609327030676083,0.043263626198208484
3431,562.3897,9.2152,-2.6408012060391237,4.52534881201453,0.043329739604028285
2314,318.29917,7.6164,-0.545833777666509,4.606823795997835,0.04334664875870449
1963,295.2255,6.819,-0.555926559145071,4.591770645761894,0.043401407393254904
1775,454.84656,6.4821,-0.505128368884983,4.262482876120354,0.043454419439729594
1312,410.20573,5.3477,2.687016768046117,-4.41320583229905,0.04356609740509498
3980,496.94953,9.7713,2.478997887025306,-4.1180429860722425,0.043590307390103944
526,360.21151,2.0682,2.6957024566424783,-4.275885253135459,0.04360893007517174
1288,527.25191,5.3068,2.249042882862433,-4.155535060018478,0.043721351981789565
1520,287.12411,5.8894,-0.4767015703557309,3.849300841318441,0.04375485982298074
871,748.87364,4.3571,5.7364535054834604,-4.466567369299491,0.04392282926030853
917,394.22264,4.471,2.797620449129647,-4.034971257336756,0.043955353622277434
2670,261.22012,8.3391,-0.7539221053118617,3.4767372900200084,0.04397024311608287
3594,469.32667,9.3327,-0.6639941954233146,3.7735882563061063,0.044000534563752816
1786,284.18441,6.5187,-0.5933574333150462,4.387052070463004,0.04402723281643701
2483,333.20264,7.8664,-0.3855065700506053,3.6039948993008277,0.044092059620587994
3536,494.32266,9.2678,0.42531074052179463,-4.054814865878006,0.044174851566418545
57,274.13848,0.6237,-6.7109905901359745,4.589596497581552,0.044177081753930036
1125,336.19019,5.015,1.876455580844067,-3.2456897035577876,0.044286258339020536
3722,283.7091,9.4331,-0.7509597290985726,4.228635539526058,0.04430553842431587
1561,755.23671,5.9823,2.213651772756901,-3.6606532619055,0.04434241246354449
260,176.00972,0.8239,-0.5625831027837389,4.550040853630939,0.04435806395721949
1026,372.08217,4.7639,-1.1953124805329747,2.894046202492917,0.04438275257999341
3475,339.28499,9.2202,-0.5159112389756295,4.437823683580232,0.04453234407483967
569,185.05764,2.2363,0.7490112925468653,-3.073188790533961,0.044616194493244735
1686,300.17939,6.2696,-0.5748719366248718,4.375619759279186,0.04463606922875088
1909,275.27623,6.7433,-0.5815624150385261,3.8306961314310835,0.044770116300864304
3183,242.24668,8.9246,-0.7671399063726518,4.051395742264645,0.04482688236634224
4230,315.22818,10.2127,0.45634984659770517,-3.528576314736444,0.0448524308215085
676,210.11149,3.854,-4.208909074440276,4.271714256556569,0.044856865319661335
1482,198.11726,5.7763,-0.9864883416836552,4.160048023311441,0.044919472656499815
1969,277.21491,6.8203,-0.5410863925605867,4.535067280106093,0.04497250192964661
2008,334.29356,6.8766,-0.5188048489260826,4.13765136310509,0.04501740732796222
2414,249.18362,7.7834,-1.2084323729419033,4.268487348797296,0.04514164628591828
4171,339.31214,10.1208,-2.4556217156583227,3.515377874668428,0.04526086457876052
1972,241.17865,6.8216,-0.531458504442055,4.465818354477697,0.04535713062162616
1964,259.20435,6.819,-0.5262522069630986,3.9618547285134964,0.04558662539502077
2236,250.25178,7.4378,-0.3924895194834903,3.125232631502624,0.045589329096043206
1996,312.2499,6.8416,-0.7428016798048427,2.887154463896869,0.045591581868295365
1816,680.42787,6.613,-0.7350813360878252,3.774622523205138,0.04568478737175994
1850,603.42348,6.6155,-0.5408161756221803,4.221364425203711,0.045742465776719504
2963,558.43498,8.6946,-1.0139193247055802,3.0442779393990005,0.04575905195299781
2880,487.28665,8.5693,-2.0948429838467013,2.8912432457980968,0.04586318447563858
1966,407.27765,6.819,-0.5211197311817779,3.9959001438720083,0.04602027322022144
2496,315.25086,7.8977,-0.4970217885968484,3.888281011316858,0.04606429239112668
2468,279.23201,7.8669,-0.5151374083949385,4.329440685443653,0.0460895937472436
423,353.05174,1.4064,0.5607478936215635,-4.187290000602748,0.046141795291059155
1908,274.55145,6.7426,-0.5680644513402555,3.8352140500738003,0.04616103401592997
2197,411.27008,7.3671,2.9464637616652576,-4.221296354075181,0.046190228921752216
2097,499.2859,7.1005,3.3131017032807555,-4.112129799817722,0.046283179930045416
3380,358.3015,9.1153,0.5791287704358679,-2.8599805510463567,0.04632410146529989
2641,294.2185,8.2203,-1.6905772404311943,3.2222951726769558,0.046334956051604814
3881,447.34545,9.6443,-0.8785941388904179,2.8876040024982244,0.04637233891256944
1483,139.11073,5.7772,-0.6678730509695043,4.467026520567416,0.04638698586304005
4400,621.37426,10.6178,-0.7656695359043546,3.5971232984656116,0.046387012597741806
4062,327.22547,9.9456,-2.305230341301279,3.00601717554882,0.04648951336448906
3191,288.23087,8.9417,-0.4752540325994694,3.7615592800582935,0.04651472729344518
1855,350.22884,6.6087,-3.5273581316975386,3.4196256320964284,0.04657339261057179
2122,699.43337,7.1616,-0.5750828323723356,4.277099868802309,0.04664653704126211
240,365.08308,0.7828,3.184831381716823,-4.130265146569023,0.04671569158158924
2287,453.16582,7.5539,-0.4994850761033689,2.858683009698341,0.04676930683188189
555,169.08492,2.2403,-11.09631187244835,4.451589275693702,0.046910231385349145
3250,242.24669,8.9977,-0.6806358004171464,3.908805182260033,0.046958447012231445
2666,353.16064,8.3045,-2.567765323032595,3.5499423229179925,0.047016963611467656
1243,143.10559,5.2153,-1.8026594234199877,2.921538243859058,0.04707165429412062
706,510.73896,3.9356,3.642571397071205,-4.119619534721216,0.0471960272397796
3039,309.2118,8.7486,-7.972794378726073,4.415796094727397,0.047218342037815275
2237,298.27282,7.4378,-0.4811991730115661,4.004090890272497,0.04736914975356781
4406,383.36577,10.6299,-8.819094624337612,4.155682504951159,0.04738428719587646
1403,399.18008,5.6301,-0.6191566301742935,3.6636692531784925,0.047596158795081625
776,405.21148,4.1622,2.245655038068196,-3.0802817343634743,0.04770720529003175
1349,411.19834,5.4503,3.345693026693753,-4.151685293238258,0.04777439725636649
1130,254.11692,4.9488,-1.4448602156644634,3.1117872478067032,0.04782595798956512
3521,256.2625,9.2591,-0.627850007586991,4.224627158163237,0.04782870007554043
989,523.61006,4.6821,-5.666490066463327,3.8568534397782064,0.04796644734963301
1894,274.65076,6.7383,-0.5636499119401694,3.623177261291969,0.047997395201863705
4388,635.2518,10.6111,2.8374094477432736,-4.208055975048708,0.048144565699007914
4273,524.36917,10.3377,0.37258869515108195,-2.8963489170580496,0.048276555614948986
504,220.11683,1.838,-0.5419118113015919,4.335093474348959,0.048278940400133315
2191,293.20981,7.3246,-1.5443174008777873,3.400092054043907,0.04875417231901495
741,304.16426,4.0614,0.5418345152089863,-4.226998655390338,0.04885185123905474
2337,360.30947,7.646,-0.4680427511410121,2.842284830295857,0.04892368820966837
3138,261.22003,8.8776,-0.634997648247392,2.80424952820245,0.049008822569104195
1003,367.13486,4.6987,-1.0583701808661194,3.036798256077621,0.04902465738173169
2446,336.22698,7.8338,-0.7249619362687145,4.060343068154202,0.04908105798297127
1325,597.22667,5.4023,-1.9599405361043756,4.07909951367339,0.04929057366199417
1608,463.12209,6.1131,3.4189757427572127,-4.17184310375023,0.049360223280805124
1889,555.52534,6.7352,-0.527122169490168,3.3249840609056,0.049362355191693616
4266,485.35844,10.3095,-0.5838203783210396,2.8741911568947653,0.04942428480370025
1094,302.20608,4.8815,0.5912153414545962,-4.3164026726910825,0.04942996714661809
4089,369.20731,9.945,-0.9383483529285073,2.958194636541126,0.04943924448345124
1866,659.32273,6.6311,2.9580807937561278,-4.113142523917284,0.049456409488084045
1216,599.37419,5.1639,-0.4966231882212506,4.2335291547403475,0.04947590299439784
2085,317.17094,7.0747,-0.5391503862889984,2.7945176923212,0.049492165552259305
645,295.12879,3.6509,0.516995839935511,-4.254725119718149,0.049503564048868264
1092,316.22172,4.8516,3.9317943403856686,-4.226318100109941,0.049517067772393925
3429,251.23581,9.1703,-0.5341193016045587,2.9362894568679883,0.04959526572581693
4204,698.62779,10.1721,-5.918891993857187,3.1841706890892607,0.04962227809717821
1358,263.14666,5.5125,1.7136835811959914,-3.847691124450071,0.04968867005305344
393,271.63104,1.258,4.067203118387612,-4.2070324859403705,0.04971756166716314
4130,381.55409,10.0188,-1.9158710289529548,4.3115318455936205,0.049772844373701434
2660,255.23083,8.2843,-1.8906027570879669,3.271967066618219,0.04989164550988542
1070,364.21997,4.8439,0.5151920353087087,-3.9906504043782025,0.04997140192640597
623,184.00447,3.0337,-4.036065924769507,4.279509249090069,0.0501022620620215
1145,344.25286,5.0515,1.4020821760861768,-3.5544386342524996,0.050398235045073514
3586,395.36479,9.328,5.374747011925163,-2.7779875085540344,0.05041773091924061
3691,591.51076,9.4278,-0.9595298863396042,2.9601817598642275,0.05042373517119415
4360,602.50098,10.5592,-5.544800751130992,2.845708790773952,0.05043919951065297
1198,443.64814,5.1205,-0.546714120560333,4.2384239696144475,0.050456925850026625
1387,265.12479,5.5922,-1.7747923770663077,4.261407252405982,0.05048066723827271
3134,678.25049,8.8564,5.054345327800341,-3.7458634494244842,0.050585352344976756
757,245.18476,4.0878,0.5156348352919995,-4.208597077565598,0.050633889717426814
1653,679.50938,6.1825,-0.5975180862504814,3.093062820151234,0.05069724909656741
4022,284.36285,9.8531,-0.854726662077093,3.162092523569093,0.050709178973907976
1257,1310.80204,5.2441,3.6030826211513247,-4.136650625134086,0.05078221440762524
1982,521.38173,6.8235,-0.5009925989134425,4.1882799195319,0.05087310506250808
4432,381.34981,10.7081,-2.659789997358314,3.183283792699386,0.050880378806787974
2322,318.94508,7.6176,-0.5321009573953717,4.118041069675697,0.05090920709298769
582,267.01636,2.4157,-0.5392622996769285,3.679853290175233,0.0509237462481882
2732,426.25999,8.3792,-0.5196537315241869,4.238147095071084,0.05106628108771098
1965,227.16306,6.819,-0.5429308380905997,4.221743952726423,0.051078997466690715
3126,683.34822,8.8514,4.1544643094871185,-4.179616671500062,0.05119788044322629
2647,321.2578,8.2405,-1.2313644995487874,2.964377551820091,0.051229093923503825
2433,317.27025,7.7424,-2.754568574906699,4.080529933362367,0.05126823463304702
686,330.16962,3.8683,1.8500996516249066,-2.943384610471311,0.051288914452192906
579,282.98871,2.4051,-0.48962501200039554,4.050946590414797,0.05130870757285479
114,274.87201,0.6682,-0.3526655636459708,2.7519062393434575,0.05132355076152642
3513,256.32834,9.2557,-0.7886530591138383,3.6219382245210765,0.05134215570007214
444,168.08882,1.5084,-0.5084426838566865,2.8665837454386276,0.051430749300136726
4328,613.44912,10.5121,-0.6388003284804924,4.124052867987542,0.05158531097287145
1831,585.41288,6.6124,-0.6011900930015637,3.9453445555493882,0.0516036262267026
4458,531.2674,10.7827,0.4276141075720288,-2.999637395690683,0.05164541161453082
3328,311.25631,9.0747,-0.42830831050646356,3.9351466599176264,0.051715151073481666
1811,701.41824,6.603,-1.0770964306225608,3.138529412672189,0.05176685190534377
868,577.27098,4.3616,4.726006448927358,-4.067813829474988,0.05180835239982509
4391,579.29089,10.6025,0.527243018598142,-2.986528900997592,0.051862962971242176
600,231.16919,2.6706,0.488255121853145,-4.210474058977351,0.0519022502946784
3401,245.22524,9.1357,-0.4453394497960623,2.8704842127310175,0.05194525313303133
3493,265.24991,9.2358,0.4705455508194625,-3.42900672403416,0.05224068414039738
2127,369.19749,7.164,-0.47374910501267387,2.7332244428619275,0.052275056594850815
2973,322.26028,8.6764,-0.730820042538614,3.0120366049643184,0.05228518428365281
3288,950.57224,9.0427,-2.914411683182601,4.153194849865508,0.0523246760549546
1078,325.13734,4.8525,-0.4765867833060602,4.117331132665111,0.05236397298386866
2492,651.46506,7.8897,-0.4610414193686667,4.0711820687866025,0.05238116533615207
1901,296.25462,6.7414,-0.537907845826954,2.9369194670599046,0.0525587880191367
3756,547.29787,9.51,6.485748030509393,-4.07202119742193,0.05256067075884792
3209,803.46047,8.9592,4.551470349544345,-4.052387024627437,0.05263886098498704
753,467.18694,4.0793,-0.44820685845646757,4.04800951924549,0.052666024220339745
2163,172.16859,7.2515,-0.5942976229806032,3.745284087473317,0.05275488275048611
1066,541.22373,4.8166,-0.4063193823423781,3.429847172820132,0.05282388541831233
328,233.14804,0.9897,3.1299604051504257,-4.048958844198574,0.052886239225650916
938,425.14042,4.5252,-0.44518613844655697,3.8639488914026794,0.05292880004687118
2954,476.27529,8.6787,0.38040185634112333,-2.929241702497276,0.05294872001869285
48,302.97091,0.6252,0.4985588244073025,-3.587704644509365,0.05298851274687717
4200,483.21636,10.1464,-1.0485074087425108,3.1574401615527488,0.05302654547015172
3494,535.51782,9.2364,-0.620679226787324,2.904052879952297,0.053042041692438514
4182,539.38986,10.1194,2.0069195954894097,-4.014093443814829,0.053047114071856236
1193,514.75451,5.1201,1.8764567985423097,-3.542631008993923,0.05304804184577032
2234,298.34398,7.4371,-0.40746483411980616,3.4070365450600804,0.053104007902520727
1896,274.87312,6.7389,-0.5568450445681323,3.850145736398382,0.053167957985252326
3236,627.33005,8.9877,1.576145093542868,-3.8015425496384334,0.053185515038522035
3034,577.13216,8.7706,-0.31574604622822733,2.7254428772091455,0.05319117639987617
1579,309.20465,6.0453,-2.8699484998626987,3.931693632277709,0.05319760865072194
727,374.25212,4.0116,-0.45537090083049936,3.149779167717074,0.053295127906662534
3115,672.41429,8.8496,1.2798763814458756,-3.6941771978998053,0.05330161482148947
269,506.88553,0.8317,-0.8788728664201164,2.7190677233425617,0.053314309718632186
2311,319.59615,7.6145,-0.46333632550578674,2.7783386966090338,0.05334071071756092
1757,213.14726,6.4513,-0.582476609393221,3.588425597076699,0.05337554114237477
1847,679.4253,6.6136,-0.7329115465016098,4.129268204789893,0.05340514202054371
3061,645.48899,8.8217,-6.342392868222789,4.136862167894541,0.05357000964261577
1606,463.32378,6.1117,-0.5473700740476,2.707526204603691,0.05367529170283096
3618,328.25968,9.3515,-0.8881766662050081,2.721862466803844,0.05368253199043469
386,280.06425,1.2508,-2.1398614248605075,4.130507815000683,0.053761362790630325
3973,515.31377,9.7662,4.678780250187058,-4.050587665499012,0.053774841382128305
137,382.77114,0.6872,-0.59626908633415,3.6264917997157697,0.053835203861703394
3404,263.23573,9.1377,-0.4494614917531834,2.8853426414777164,0.054043574373565245
3007,706.34836,8.7292,2.197763544476233,-3.979115705431544,0.054148176193236947
2232,280.26229,7.4365,-0.4684851093368749,3.850894205400002,0.054179278333410665
1079,693.34193,4.8562,2.320764240730523,-3.8079491245122856,0.05438662939435545
2018,350.22134,6.9021,-0.6693268997738109,3.099293433462565,0.054386985040564
1476,269.13472,5.7781,-3.009278498636753,4.091839843456103,0.05441933792162107
83,604.76842,0.6569,-0.34787241084806286,2.851547628819136,0.054540383705290185
761,286.17485,4.1134,1.2657836811588727,-3.3756113972661734,0.05457301986480954
2076,393.25759,7.0421,-0.5566051438274346,3.442938644238619,0.05461172728138497
1895,274.27325,6.7383,-0.5471278975725582,3.799091685036108,0.05467388492134355
3218,546.29529,8.9638,1.34823164583534,-3.3106837771810365,0.054685442388203054
1968,177.12632,6.8203,-0.5362096537577994,3.939034806035258,0.054798325021519975
4145,386.27401,10.0241,-1.229806829886508,4.0876841615282435,0.054859659282602675
2038,311.2203,6.9367,-2.573653753263466,4.056325343562491,0.05492078026175915
904,249.06375,4.4164,-2.578103816490346,4.084254211499184,0.054933200776840795
3492,523.51817,9.2351,-0.6881624805598872,3.89990406919642,0.054987854582534655
2766,393.26072,8.455,0.4072855301004594,-2.693664208874541,0.055269640242676187
2482,685.41404,7.8798,-0.49575556336966287,4.024261491755913,0.05527178716413748
3369,341.26498,9.0885,-1.4043157136549285,3.6828744796763893,0.055291432807373475
1515,371.15784,5.8795,0.411863869036865,-2.7798805250213463,0.055310944981830895
4124,568.42784,10.0194,-2.167436335458845,2.680097830506272,0.05538154137229354
1263,585.24993,5.2692,-0.47218205502381494,3.6424561014949783,0.055600589234545576
525,331.19615,2.0632,7.43290908727177,-3.6349087525182315,0.05561303040594498
3122,693.34344,8.8565,1.8357292494244533,-3.8603260936146477,0.0556290727624541
1373,786.90988,5.5363,-0.915730032440667,3.692639123504784,0.05571237065164138
1048,537.14111,4.7727,-1.8005179482368678,3.992553448342606,0.055829370917234916
3353,401.2882,9.0885,0.49632283754794937,-3.363181031296975,0.05584601495788141
1444,453.34182,5.7014,-0.7912054818871397,3.1860733451448673,0.055889976405342684
2070,559.41728,7.0391,-0.8319211108557791,2.8052826981422467,0.055891311156513045
2909,696.41419,8.6555,2.319701962771995,-3.9207092276040223,0.05590994755534048
1382,839.34344,5.5791,-1.4219050963590427,4.044235633574845,0.05592082538256839
2052,318.27788,6.9889,-0.51693002666814,3.8934088308541632,0.05620912948329627
4252,515.36891,10.2898,-1.585767467638532,3.4384902375588355,0.05623194707558789
2211,460.32522,7.3804,0.4240414095710108,-3.7298937315533625,0.05624733030499
3204,539.31724,8.9581,0.31170377911461955,-2.7566402442159426,0.05634586710139034
1662,341.76238,6.1838,-0.5553619558192011,2.968775739961644,0.05645902627862563
4095,356.29013,9.9595,-1.232116073184761,3.7465651584452955,0.05647438019459019
4339,311.31163,10.5386,-2.5317722276296646,3.767449710536751,0.05654198303699449
3172,237.22019,8.912,-0.6364405080229707,3.647861871704839,0.05679165980234238
1739,285.16835,6.4196,0.4750371813644598,-3.9378400705516925,0.057100306927961836
2744,335.15024,8.3849,-0.46098527231560116,2.6981560446545223,0.057128178081365194
4434,617.51048,10.7714,-2.05329249960827,3.8790063342030914,0.057201749495056964
3735,357.30035,9.4309,1.97493570646364,-3.626894743037839,0.05722766154263235
2773,421.2311,8.4623,-0.37551218202008574,3.3716556222881695,0.05729669848908253
3939,383.36591,9.7379,-8.285898370893673,3.8589047087567416,0.05729777405087728
1793,369.26144,6.5767,-0.46303299538370535,3.780834035672147,0.05736774984826143
1638,340.91025,6.1781,-1.5966311479476785,3.7396470029373443,0.05738357581806954
1970,507.36614,6.8203,-0.4889228657662841,3.9863731932782267,0.05742080382459377
263,590.84672,0.8247,-1.43153986535264,3.9337220803810546,0.057431219254574305
1023,491.76159,4.756,3.8793836297789257,-3.2990377648882836,0.05747191408293725
3940,337.2904,9.7384,-2.148227248227802,3.797089097474277,0.05755852327658016
4318,413.37618,10.4493,-0.6334014073179288,2.9859146143061515,0.057596560483754396
4501,339.71679,10.8894,-2.5069833963045833,3.3643432239384574,0.05772005975036954
2692,354.27027,8.323,2.925651849715959,-3.808339004497362,0.05783597565259595
4438,613.44175,10.743,-0.524602933639561,2.703600798421257,0.057886396740833394
4419,334.3067,10.6673,-1.1934555508252327,3.120485584030612,0.05795732908223253
1897,274.71928,6.7395,-0.5675570002805168,3.646772523629455,0.057994134980535045
1885,377.95309,6.7031,-0.9220520190325177,3.021113812318718,0.05803764295500087
1552,163.04345,5.9662,-0.5449171209550503,2.820797891001515,0.05809738004949823
3268,465.28052,9.0127,1.1398926551514892,-3.603204882582023,0.0581051760644395
2368,276.23095,7.7128,-0.7548785129903903,3.7418757508602023,0.058145277745004456
101,492.78448,0.6628,-0.5216263879652239,3.4995891194199498,0.05819490916741163
1742,121.06693,6.4282,-0.7337220907522592,3.528245211115534,0.058198370924389335
261,233.04104,0.8251,-0.442218415116308,3.82587290052695,0.05823259855480428
1115,254.11077,4.9362,-1.2707324517333545,2.6277506888399205,0.05833906336704944
3672,499.87884,9.39,-0.9402528571217204,3.3474964800606775,0.058409387147920544
1598,438.24439,6.081,-1.2925693966623255,3.671333479719869,0.058502444821424596
4390,561.28041,10.6025,0.7226148639835097,-3.3099827350941466,0.05866073312101482
1344,237.15606,5.4372,-0.7339134627022679,2.6230955737892923,0.05867728479938072
2548,397.38129,8.0085,-0.5508402785634967,3.9056345989410963,0.0587659689599659
3820,211.16823,9.576,-0.6310539456083673,2.6683585522351274,0.05876694205912043
3616,421.35065,9.3444,-1.3950165689056346,2.824315926869257,0.05876904731479099
1607,609.20349,6.0748,2.880590601244421,-3.511922741377502,0.058902349171202
3357,279.23269,9.0666,-0.5788979886422911,3.0108600564498667,0.05890444170556754
725,373.20689,3.9928,2.756053540159909,-3.9142077463254026,0.05897386551857849
3753,539.31196,9.5121,4.9932394718435535,-3.917459104105471,0.05925268452684114
2845,179.14199,8.5061,-4.044125175734505,3.8976727764942067,0.05935340826656977
2942,349.23386,8.6629,-0.7146497709818922,2.678545001583702,0.05951394945542021
128,466.73219,0.6848,-0.6649023416599853,3.5707425130103787,0.05960091418519075
3021,297.24327,8.7459,-0.33292833363159424,3.291618639536285,0.059649248232345055
3372,556.50706,9.108,-0.4688102736862749,3.701573452228376,0.059679947183397676
1721,312.25201,6.3923,-2.645456860863233,3.8562028082093533,0.059709012247684774
639,361.20681,3.585,3.7272477583976684,-2.6046967447365206,0.05975545182014464
500,258.07215,1.8341,-0.5438937678793767,3.8161837634896685,0.059878569724316565
4161,457.23146,10.0673,4.0034122841618975,-3.8050050539981184,0.059883644248500685
3208,528.32025,8.96,2.183240826460777,-3.647832887020996,0.05990939027057068
3908,591.55918,9.6632,-2.2666569905217937,2.8387349927432086,0.05993283440163936
469,183.0849,1.6831,4.02358044321152,-3.7563130649901955,0.059949477938782025
202,345.88814,0.7257,-2.0196498417180226,3.8597568544967547,0.05995440642541546
1875,244.18955,6.6767,-0.31510424925814906,3.0007401548266097,0.059961323048562436
2501,351.23223,7.8951,1.007284114086703,-3.520290041499156,0.05999856357260609
1981,471.34518,6.8235,-0.49337119880559577,3.566572113839857,0.060197625762588164
3770,520.73307,9.5306,2.3564103921704844,-2.6235781527955067,0.06038601907075101
1585,807.22986,6.061,2.882498420783096,-3.7151565291975603,0.060515648199987816
55,416.95141,0.6288,1.9391141475123002,-3.7511321261291344,0.060634543311683754
4110,383.33572,9.9096,-0.3632499717104878,2.880924701259942,0.06077605524593803
3945,428.30942,9.7142,-5.003016240471857,3.7572242679507766,0.06088039601249616
473,350.11956,1.6377,0.5069265360904183,-3.857525162199251,0.06096049037674031
1299,431.1664,5.3262,-0.431296608559288,3.5975331318952044,0.06097870503567126
1462,453.1715,5.746,0.481839457958368,-3.5160780150087056,0.061119607401976674
1967,489.35562,6.8197,-0.49587750184578994,3.825941445167389,0.061142269181863024
1915,457.27747,6.8205,5.5602896419780645,-3.8103136458014304,0.061195533869835755
1255,449.17954,5.2487,2.409130959573713,-3.5197306165314632,0.06124637436064652
798,394.1968,4.2309,1.0292258498205795,-3.155521006913519,0.06158676925928738
2583,277.21498,8.1139,-0.4116810495743266,2.579260553397474,0.06168124664610825
970,309.68308,4.6339,3.0404164211311198,-3.7311318276422276,0.06169150631863184
445,423.12467,1.5115,-0.4075334490124618,2.6148008665932143,0.06176016556291952
2078,429.28289,7.0433,0.4354056321662405,-2.860748817112422,0.06180507256087192
4019,569.58281,9.8518,-0.5637355909277257,3.1601048606953808,0.061821402607706195
4156,310.35273,10.0486,-1.798999144531094,2.7043815977133443,0.06186824782977237
1181,727.36566,5.1054,2.399606962111795,-3.7012177250736666,0.061887689479462854
52,235.16421,0.6255,-1.5480066770982646,3.809812499780089,0.06190209273313729
3943,311.31158,9.7481,-1.1682458047835889,3.5245027332509973,0.06190588646401216
1260,241.0671,5.2543,-0.4154567586639146,3.661541695640768,0.061927970490274695
2115,286.30917,7.1441,-0.6616863032285876,3.1171127602315343,0.06192875372097343
215,207.20562,0.7545,-0.48896703453446566,3.502687365186805,0.06194177026335882
2787,505.27238,8.4788,2.5537515776951456,-3.7752045188666683,0.06200297160804188
121,218.04143,0.6786,0.4365265261171247,-2.590240726580773,0.06204289529871146
3450,468.30553,9.1928,-2.101860016629479,2.604330082340656,0.06210715659939399
2187,341.23088,7.306,0.4174238167029003,-3.488544394677146,0.06215383633138375
3002,263.23568,8.6961,0.8381951963032765,-3.027952166734571,0.062283660960849994
962,380.18045,4.6121,0.9919168823348166,-3.2445686140303027,0.06237984370224825
3174,254.31234,8.9138,-0.7100165843940616,2.800231487726008,0.06242156578969424
4240,298.30923,10.2304,-0.5384897247641289,3.1043760698338962,0.06284438918008727
85,602.76743,0.6575,-0.2617876355425883,3.7706548533382787,0.06292703056408142
3163,301.23174,8.8919,-1.4579632817501533,2.9423827153201216,0.06293078207359509
1777,472.81744,6.4844,-0.5688123538441694,3.549642069219302,0.06305284740139921
2654,609.15821,8.2655,-1.035206206882493,2.6554584961681686,0.06305985378548874
4492,338.82119,10.8856,-1.6329112405390092,3.5792194415808374,0.06322735384231432
1734,516.28376,6.442,0.8433234187196668,-2.680901171561529,0.06324188258737765
1999,290.30605,6.8467,-1.8577688820950078,3.7470443811858685,0.06344526720739377
673,455.15066,3.8321,0.4107539273608012,-3.1279578724026167,0.06349845641525766
1864,550.34285,6.6287,0.48813746450299966,-3.568895585877297,0.0636224307177763
3782,520.39632,9.5351,2.1677277201037377,-3.079702359532342,0.063631302788386
2946,368.65888,8.704,2.5823346929750373,-2.9120190229043557,0.06369564188786364
2479,374.36105,7.8694,-1.8763808652963503,2.5438759547512686,0.06384476284378679
30,300.97288,0.621,0.40848979823253995,-3.524046144898891,0.06387729952527213
2046,332.29338,6.9723,-0.5026886451320767,3.732489608368517,0.06391597043640204
212,321.05706,0.7575,2.942272632914492,-3.621450986255047,0.06417330267830508
3776,520.65745,9.5366,4.28389270599185,-2.839097317423845,0.06418702233174117
3823,543.47515,9.5787,-0.4660065142742962,2.9204451370654616,0.06421271410066734
3741,376.30252,9.5039,-2.6989558981679176,2.5501672091485785,0.0643095553762912
2648,316.20293,8.2213,-1.1931280939679212,2.7006094361442443,0.06432700614572237
1951,217.14229,6.8152,-0.3379516563225451,3.1121161201045022,0.06450474820568325
376,127.04925,1.1932,-2.0283769746181877,3.7330758774015225,0.06475218629520929
2503,371.17117,7.9056,-0.39751493877259314,3.228096950217877,0.06480776597762118
4132,435.24923,10.0201,3.8072826120112606,-3.6942764481788966,0.0649017917196895
3518,256.84263,9.2597,-0.9200652774032818,3.209870117465842,0.06501115033309211
1716,647.32259,6.3416,5.90158786431414,-3.376958185325883,0.06505483531715912
3983,496.26037,9.7642,1.8568869668753107,-3.332712166860555,0.06505733968076882
2627,337.24636,8.219,-0.8169717981732347,2.6534046820590316,0.06518382493437297
2391,667.44359,7.7363,-0.49500327506039543,3.2585857357316566,0.0654927208074607
3661,353.67497,9.3772,-1.671121154516749,3.08857845237751,0.06549502189027884
3500,383.24283,9.2463,1.4435432811286129,-3.0426662663508606,0.06553254457328121
2214,354.23179,7.3846,-1.463396087094753,3.6283353801171527,0.0655806011449392
2057,425.13898,7.0043,-1.1257102961435077,3.6154915982245046,0.06562900828147425
3688,563.61529,9.4231,-0.6381012552171939,2.7256120085015545,0.0658221035485808
886,322.17477,4.394,3.1958445855152116,-3.600155489607784,0.06583339697719748
1045,261.0855,4.7742,-1.1502744952356556,3.6482685344643744,0.06584223942149842
127,550.69343,0.6854,-0.9653901251403916,3.670098227946384,0.06584778931000584
1104,277.11694,4.9199,0.8578300175792486,-3.2910753684270886,0.06588461247269405
4337,397.30863,10.5287,-0.3506573151598964,2.5929673550959227,0.06595067682505319
1499,243.08659,5.8247,-2.8987826126583,3.689929693075899,0.06615502430268215
2180,365.16701,7.3084,1.619005515770732,-3.0170962687555973,0.06619313778741182
1363,317.0664,5.5143,-0.3103465852524341,2.675126963135493,0.06620864520234282
3704,585.53087,9.4271,-0.7625935870629066,3.1726261956798854,0.06627781520766626
3400,280.53877,9.1351,-0.577202958154869,2.7253871346153935,0.06637958945892343
3336,454.29119,9.0797,0.3217620075257681,-3.3976861801406937,0.06642814018486609
4076,577.51627,9.9662,-3.143744856581012,2.505644158058269,0.06650630719317124
2140,300.2884,7.2031,-0.421200086107703,3.468426583283383,0.06656545296627382
450,385.08281,1.5219,1.5157860895661153,-2.914516610058429,0.06662667411173695
4081,371.31425,9.9538,-0.46127238955373784,2.673179660769507,0.06670223416096734
3809,379.28053,9.5679,-0.2674509647764669,2.7629076034520854,0.06671225341349064
1860,443.23901,6.6268,0.6697501194906854,-3.4889745324780193,0.06684314680327588
2702,163.04469,8.3491,-1.839870725971961,3.6094951969831213,0.06692052798437487
3972,496.6415,9.7686,6.501780481805248,-3.5877831103706894,0.066999251609563
42,234.99627,0.6261,1.693030583466074,-3.4103801432875156,0.06709345279942616
750,483.15939,4.0781,-0.4355571425590359,3.5708864423379425,0.06713757779593188
2064,331.18655,7.0239,-2.4119627860996893,3.54394229140115,0.06715100101808072
2925,359.17106,8.664,1.8056630237262494,-3.189040124716293,0.06716749349671947
3798,647.41147,9.5517,-0.9606377359452747,3.52141297803014,0.0674723380349131
3359,351.24921,9.0922,-0.3992565032983215,3.5518628117789883,0.06751561475393207
3415,383.24305,9.2043,1.5619533604748792,-3.312530391387051,0.06755758143549756
3734,379.28025,9.4479,0.4200291852449274,-2.506618583096144,0.06776227075652794
1317,285.12959,5.3696,-0.4557001586824576,3.6285493391112147,0.06782769942362858
100,406.82702,0.6622,-0.40783135705311047,3.6163780761636177,0.06813118430613811
1946,353.64481,6.8119,-0.7325269999774271,3.200627189866791,0.06819651447728257
1072,425.66773,4.8464,-0.46957097880181653,3.5692477063069235,0.06821365243284694
3280,299.25673,9.0104,-1.1564242118510188,2.480232204050547,0.06823504942236029
1891,275.05059,6.7377,-0.5163454973406836,3.1910028202831513,0.06834364853852327
2186,425.25648,7.2898,2.006167665399821,-3.149413588701223,0.06841502811431423
44,217.98707,0.6237,0.44399079852142,-3.21913495113353,0.06853556863307654
3375,357.29837,9.0704,1.6008806382338951,-2.4835670244759234,0.06858393322267195
2528,413.28587,7.9649,0.8595136181294407,-2.654417376586138,0.068596281457577
3363,517.35902,9.0979,-0.3621279175856671,2.5110156914143644,0.06860009498680364
2971,353.26707,8.7063,0.5632584513325138,-2.5620868906000527,0.06879223711499055
216,223.03988,0.7551,0.4308564052739481,-3.3790084941296508,0.0689567943798744
2694,324.21572,8.3436,-1.786456713308981,2.7404185364551905,0.06895931441892574
2980,455.45514,8.7162,-0.7677058959124814,3.093761402137421,0.06900299277210069
3655,526.38327,9.3745,-1.0023827709122406,3.4381241944872607,0.06906531172655188
966,330.16456,4.6252,-0.45998727959284924,3.5183296437958,0.06928540079080954
548,243.05093,2.2194,3.782472029261685,-3.495239511176125,0.06937359957072164
2014,378.31984,6.9002,-0.5207762140373067,3.190827361254145,0.06937563089215312
2174,292.2614,7.2844,-0.282312128791542,2.481542015737518,0.06942533251082277
4381,782.56115,10.5601,10.771655716984126,-3.582292914994543,0.06959544543222443
3667,428.40787,9.3833,1.4422216475118952,-3.0582075149223784,0.06985495330845662
928,407.2356,4.498,1.6583707286675327,-2.4997087623571628,0.06987309763574304
3351,336.25812,9.0564,-1.9638462052739536,2.565293302763291,0.06989829391901199
1936,371.20205,6.808,-0.6167001017793234,3.189302136477412,0.06993379876642443
2874,879.39593,8.5711,2.2441927395126675,-3.438199741264207,0.06997956639975046
3114,605.33512,8.8498,7.744604314413604,-3.492447486513038,0.07012604799444526
3495,464.27707,9.241,1.1409922157572874,-3.3037102089797328,0.07021100774812154
626,122.09549,3.1626,-0.31684364878996885,2.6001502007754653,0.07022224495534161
952,541.22362,4.5626,-0.41738821280225125,3.4353772223152728,0.07030141151340577
687,322.17232,3.8628,4.187473818974124,-2.8492376733364315,0.07033230865801918
1772,905.67675,6.4812,-0.39164790603044075,3.369597839463012,0.0706540827410063
2795,340.28341,8.4906,-0.7774913595865902,2.689425854648453,0.07068932801389129
2202,368.24468,7.347,-0.8316595771812274,2.9259840526489875,0.07071325146500258
1900,275.11018,6.7402,-0.5284829327743443,2.963543798459915,0.0707895980003821
2037,427.26492,6.9502,0.9894073449519558,-3.0265712514473133,0.07088376362913716
3460,311.31165,9.2518,-1.970946280217186,3.0949794703772633,0.07094758248434135
2157,351.21281,7.2378,-1.650916679833557,3.510344365573825,0.07097121109594207
2742,631.42273,8.3824,-0.5379481961730948,2.658533599730752,0.07098609122213752
1448,491.29744,5.7044,-0.5995112236591575,2.8535916611429903,0.07104446057120647
1008,330.23737,4.7249,0.4807336245715401,-3.4162480693284762,0.07152712192040886
993,501.22892,4.6758,-0.31984904780047785,3.5212423599384737,0.07169791710793133
3922,576.49685,9.6999,-4.604590569100159,3.190601240307219,0.0717893275821939
3622,268.26227,9.356,-0.6216184384857382,3.4207156000274805,0.07197778416454655
2332,321.30508,7.6213,-0.7708701739571717,3.109446288157749,0.07198569142669292
3967,497.76561,9.7629,1.8860493966801979,-2.8257254872569173,0.07200102519427315
3910,327.28823,9.6823,-0.5785627553183978,2.53277612720817,0.07204191453660944
213,221.04114,0.7497,0.40205588138438486,-3.488751835378474,0.07209396622307282
2967,537.30155,8.7013,0.30815211131641895,-2.4272051282772242,0.07220500026849146
505,242.09873,1.8387,-0.4316305233247206,3.504871386812695,0.07237601370237415
156,706.59177,0.6922,-0.5193781592916435,2.6913499952185496,0.07240383154908099
246,203.03715,0.8318,-2.0357416642669923,3.4014234537036994,0.07256917339171728
1535,717.48583,5.9452,-2.88848889260568,2.9497343382433803,0.0726861061605236
1787,424.26483,6.5188,-0.4309672135593239,3.2572946393310103,0.07286833853924901
1194,434.13507,5.118,-0.5164033631259342,3.4771089920180174,0.0728751799533892
2377,312.32471,7.7279,-0.36091930800901384,3.3580481374087854,0.07288497881799497
1116,332.21645,4.9168,2.448298850777987,-3.2720327224683894,0.0729870221573787
1959,171.10051,6.8184,-0.6132890925904766,3.1054937041694126,0.07310427909956765
223,104.10609,0.7648,-0.34316850456715464,2.9515713066238916,0.07329875650594228
745,212.08875,4.0687,-0.4817406189981259,3.399114452985091,0.07343047824277603
1313,349.26371,5.3564,-1.5543434886617105,2.533780816015124,0.07343382677733987
29,383.20085,0.6207,-1.0105500719268168,3.004576483395131,0.07362111101367182
3337,436.28066,9.0803,0.3369003080130071,-3.1561495314620998,0.07373332389548666
2233,304.26291,7.4365,-0.3577564489170939,2.452904548986864,0.07381058372031091
233,383.07935,0.7702,0.8255969059828541,-2.8311231471879066,0.07389473321469456
1899,274.34157,6.7401,-0.5143070314189782,2.962587605887037,0.07424421581849414
2903,309.23522,8.5227,-0.8886034346894931,2.4136427501785813,0.07425778020986706
4087,281.24626,9.9551,-0.45703060242371585,2.400912435621074,0.07460545929484182
4276,312.32175,10.345,-0.5757413943444529,2.869103895951548,0.07471836664637065
2640,315.19171,8.2347,-1.2027170571604735,2.398436315172525,0.0747649923622571
4445,575.47915,10.7619,-3.411447906236251,3.3035351645011466,0.0748032713216753
3200,407.27753,8.9518,0.8349193837225197,-2.450718923036686,0.07484668294785032
4429,314.26618,10.7532,2.0722699142437113,-2.4345538181097615,0.07496335575525612
1917,385.16235,6.7632,-0.795745459646021,3.3582370114448667,0.07503907710962052
675,360.23322,3.8405,-0.4198054993948652,3.2090953920723595,0.07509733643130445
3340,531.29125,9.0822,0.31627679834608013,-2.546945992700524,0.07519692962790098
4423,245.22525,10.6891,0.42098261862136876,-3.1378627629532048,0.0752487772967632
1545,308.22071,5.9446,-1.8413262906036665,3.3124881555426047,0.0755002495956948
632,314.20602,3.351,3.596413561321632,-3.3559502718559586,0.07550537288177635
3384,280.86873,9.1292,-0.6569816437651941,2.419224057519594,0.07553072630786899
2358,368.24381,7.7653,-0.8302657062207661,3.120104646914442,0.0756683961724489
1437,411.1381,5.6809,1.5729802162865,-3.150369155867694,0.07567683013838848
1892,274.79074,6.7376,-0.7240015414162908,3.047610734925832,0.07577157364349783
4016,284.25111,9.8931,-1.2880441718795286,2.933160148488395,0.07594134768471288
1357,429.15245,5.5056,-0.37648165539953027,3.0223591673379815,0.0760248775974696
1034,521.16406,4.7637,-1.7710143810184404,2.5276986876582614,0.07612585347812971
1402,430.12821,5.6301,-2.174544523769073,3.2967392291652478,0.0762289133912141
380,163.06735,1.2174,-2.910397086279283,3.351522779437688,0.0764154430009242
2137,387.27264,7.1791,-0.3187286834929761,2.4954597304898116,0.07680990800849653
3216,337.27233,8.9607,0.42478308625098116,-3.3906252305946145,0.07689906472308022
2537,365.22862,7.9877,-0.5570513566563573,2.541943166749919,0.07690958637971676
1463,155.10562,5.7478,-0.4622413388510047,3.181737504818257,0.07694503517028993
1856,177.12637,6.6193,-0.47355068968380554,3.20417956798825,0.07695394468040775
2972,363.25862,8.6775,-2.996050894898265,2.3746692754896324,0.077068544003458
4304,351.28427,10.4152,-0.9066793520824135,2.3675079615863694,0.0770704331637133
2655,631.14022,8.266,-0.920937562278719,2.488707813170693,0.07712156821185286
1945,353.30107,6.8119,-0.7258233543881092,3.2094318103361292,0.07712648322346498
3727,282.55924,9.4298,-1.0359934444471506,3.3738941154024684,0.0772451232651737
971,328.153,4.6326,-0.4219758704833012,3.381270733350208,0.07731616939274423
1947,353.37121,6.8132,-0.6767234768010546,2.9560658799013675,0.07775297912597849
2617,861.40641,8.2158,4.9073066361084345,-3.312707968117434,0.07801996847614104
1370,392.25277,5.5206,1.5778182981242042,-3.166562049391693,0.07815946808599317
2094,302.2677,7.0984,-1.9267324988013677,3.3077668388952812,0.07821553979281161
2350,313.23599,7.6826,-0.7483291631195481,2.8523719830280774,0.0783335266258946
3788,521.71028,9.5313,2.3771334337692407,-2.385271385476132,0.07838655913421212
1992,516.46038,6.8319,-0.48870356075492705,2.426404253154331,0.07852553526448913
3079,407.27606,8.775,-2.694167372450774,3.1949876041902527,0.07859197200230805
155,872.54042,0.6959,-1.4237478001497115,3.3221024787877513,0.07860641009698466
3534,380.27367,9.2678,1.6125301409683068,-3.0711336584018043,0.07862456149352783
683,346.23207,3.8584,1.9108875356104846,-3.0594566905032843,0.07877025753159447
1654,341.42462,6.1863,-0.7878210711468032,2.493464500947469,0.07880165707868458
251,630.78143,0.8115,-1.8775253171618815,3.3128200365359164,0.07889055366218974
1488,621.38116,5.7814,-0.4139510791914276,2.7575222252925746,0.0788970069616424
4126,370.29942,10.0188,-2.339835852130668,3.290293798156444,0.07909841253253311
4395,653.22144,10.6178,2.2490276364572326,-3.0813994820246045,0.07933200155963044
1061,251.02147,4.8081,-0.34777198942921395,3.1283366505240537,0.07968965251840594
455,166.14283,1.5269,-0.45543893843554883,3.2730373664847034,0.0797515572129456
2109,320.26027,7.1279,-0.25022905762745307,2.533492579724569,0.07976565992288485
3787,521.82911,9.5299,1.7506062396757454,-2.8160056117690693,0.07980589109290917
1295,385.18412,5.3268,1.351653746033036,-2.771846097882706,0.07983513201447559
458,188.06715,1.5326,-0.448512296052348,3.2324790544092146,0.07999248361531952
4098,523.98698,9.9782,2.3672938628142512,-2.874712585524804,0.0799957423452878
4338,615.46322,10.5293,-0.9792387977551904,2.9120853166865457,0.0799976832613597
2125,375.21065,7.1658,-1.8100174779845641,3.1685260587365836,0.08001507807289174
4486,394.25969,10.883,-2.103315580018577,2.4895029883550177,0.08005783615489316
3452,530.33218,9.1998,1.5180247551422976,-3.2567277389967986,0.08023629629146709
3904,575.48553,9.6779,-2.800351364307093,2.3578091112938324,0.08026059716726906
372,216.15835,1.1651,-0.5664403230888988,3.1338417059748127,0.0803182152025123
2889,397.29025,8.5885,-3.1771524896651275,2.4351349805463713,0.08036516228415902
2152,284.29303,7.2293,-0.34996934800087587,2.966487984932542,0.08053528316329732
3978,496.33832,9.7642,0.3967370449195631,-3.13273025623848,0.08055344239106943
743,190.10633,4.066,-0.39412373072338713,3.1390541364200275,0.08068976550926876
4506,562.5173,10.9221,-6.580516228173191,3.183925597600945,0.08082917423741633
2228,277.21488,7.435,-1.0823597049077502,2.5877278749413115,0.08118786821725488
2477,277.19219,7.8768,-0.25697892658114974,2.7692234553149846,0.08121957185079001
4316,425.36356,10.4243,-6.60906899704812,3.1008754621778905,0.08126203619418082
4320,395.36572,10.4499,1.425458661842721,-2.5952606218856227,0.08128327489106324
4001,501.36075,9.7981,-2.26487118813491,3.075357827576799,0.08129481561254118
3354,691.3849,9.0888,4.311603221650525,-3.279348789620568,0.0813038648509909
3926,418.3277,9.8144,-7.450095310476823,3.216117789086829,0.08141982358684995
1136,342.23722,4.8839,0.7829359653675727,-3.0539968080837836,0.08163990763722656
1729,454.27562,6.4049,-0.40386425247840396,2.3159355410965388,0.08182166368380822
1397,301.16133,5.6084,0.4422968790185795,-2.3131014531397556,0.08198083545459477
1180,393.15025,5.0921,-0.47994151604444024,3.234568534237379,0.08214425868208648
2131,354.23178,7.1646,-0.7006111157786155,2.497869029744433,0.0821983531500155
25,249.01191,0.6205,0.3306476207949274,-3.055893701378438,0.08236600259110256
2904,337.24408,8.5831,0.6676477214222434,-2.6494055093055087,0.08244917468266309
689,319.14988,3.875,-0.42779910083415196,3.2566021337413313,0.08258529296295568
2020,258.27799,6.9095,-0.43335964997426935,3.1877540642986886,0.0828569236103059
3554,315.27831,9.3573,-1.2668744605416729,3.022671420046775,0.0829699817242999
1314,719.50203,5.3582,-3.040331601677833,2.3704967175809655,0.08316054076073193
2171,393.22319,7.2569,-1.7619451462273759,2.512958328394629,0.08331850092406566
1937,355.23462,6.8113,-0.7726095751097937,2.4258829347018005,0.08355450738092171
4392,597.30139,10.6031,0.6022238722885902,-2.6499612703903668,0.08355605516163395
3876,482.38242,9.6374,-1.9529078832629363,2.9623064167724684,0.08366246447552085
3420,729.40188,9.1623,7.762583344224568,-3.2121993799555275,0.08367589942486685
1305,169.05971,5.3378,-0.40892752230146456,3.124736857314789,0.08390824607351763
1239,562.77057,5.218,7.52701775019297,-3.158060393902092,0.08392143905011647
430,276.11118,1.4049,-0.44106583578776437,2.2892159543686352,0.08393059513612676
1445,475.2309,5.7026,-0.5343620066809827,2.5818437005085855,0.08395076341286292
3038,425.24442,8.7718,-0.47653854474770263,3.1976519599006177,0.08400269520412956
2267,337.29171,7.5059,-0.3274799326045823,2.872374377157271,0.08403846923248158
3962,497.68294,9.7616,2.6775382392212683,-3.0246536089507727,0.08404606507845953
4452,491.27529,10.7821,1.0980534285266188,-2.7136994211679983,0.08405371136975022
1618,251.12481,6.1691,-2.9634941634098513,3.181914950851435,0.0840953826071675
2531,286.30914,7.9769,-0.3531433216169386,2.9959813017820776,0.0841793386491873
2883,474.25735,8.578,-0.3742053813632369,2.680369163769454,0.08420165848050765
948,322.17471,4.5564,3.009255792419595,-3.1612389686352356,0.08431951659446464
1505,265.10385,5.8443,-2.256908158387768,3.203577582687344,0.08447494101592118
2176,309.20424,7.297,-0.6151388427409481,2.758691678760887,0.0848092085145533
3049,363.2678,8.734,-2.165452175266556,2.324650817975527,0.08481035688035153
283,543.13032,0.8997,0.9391730835458585,-2.7707091373591157,0.08495752408221327
3715,283.5452,9.4285,-1.013313326151918,2.7270603219934886,0.08506312171320383
527,158.08019,2.0807,-0.4043813318618277,2.79474843942571,0.08545930740361565
2167,336.2482,7.2545,-1.8335518172148957,2.419766331589489,0.0854792199765612
2923,690.37235,8.6923,4.7255773522619275,-3.180400946121932,0.08573632551219078
4105,522.83823,9.9678,2.459515815405841,-2.556134849133999,0.0858383082530858
3201,542.32551,8.9588,1.2899699701994898,-2.7050245092938705,0.08584611504626634
2084,203.10561,7.0741,-0.46418393672915315,2.2766448491924436,0.08604671255145376
1906,275.41227,6.742,-0.5047579483956888,2.6290630943128983,0.08610895770069843
2212,346.33016,7.3831,-0.8986367403676683,2.2688482128148797,0.0861454692012468
66,295.14847,0.6423,-0.6304328180815961,2.9636325407210076,0.08615519020849813
4322,937.58316,10.4653,6.0468459546686955,-2.275586667548169,0.08648839440406213
4374,617.51044,10.589,-2.195351881574009,2.3256724773742445,0.08660826770738021
754,332.21633,4.0839,3.209759490296322,-3.1245221350366745,0.08664524378628996
2165,275.19933,7.2521,-0.2604379929533831,2.3919766615250517,0.0872072957914482
967,513.19234,4.6327,0.6953664269621349,-2.8536358539193034,0.08721904916463018
1466,385.17663,5.7485,-1.3949741189898335,2.3273336786161423,0.08724724346422612
2743,333.14972,8.3831,-0.4357651685660633,2.2894998323181914,0.08737824375759191
796,431.26681,4.2254,2.3435747513530933,-2.2716375141835075,0.08772965433120583
994,433.66535,4.6814,2.0057557919465245,-2.851615928251932,0.08774379489910662
882,328.22167,4.3872,0.38556439630862016,-2.255436134386468,0.08787576287260655
4352,407.2454,10.546,-2.1536710683146967,2.279967875335232,0.08793756245563848
1871,349.19948,6.6354,-1.6929631818624813,3.020811476704159,0.08826791167870883
2695,353.2672,8.3126,1.6831013788345626,-2.6608117159831157,0.08832542814879364
4369,345.33911,10.5552,-0.7603589394467001,2.8243132825780584,0.08833597118838442
3654,537.53353,9.3745,-0.6227967790592199,2.8071576302559094,0.08858400538120535
2590,379.24408,8.1248,-0.7065707055313819,2.245653357747997,0.088631017820949
1735,325.16072,6.416,0.4052491446080033,-2.9814375388015266,0.08875960647882382
1009,251.02145,4.7556,-0.8631002645636956,2.834021731435301,0.08878020272786077
4431,640.49726,10.7415,-7.66073591491058,2.506102588694167,0.08880524034583599
4179,298.30917,10.1051,-0.5062255715991846,2.913151395215139,0.08884923754897386
228,294.04709,0.7792,1.9686280046902382,-3.0138611791025585,0.0889611235195629
2145,298.30911,7.2156,-0.3317661519391777,2.732884367315265,0.08907094594508086
4275,778.54935,10.3333,5.039428993195754,-2.45388848190872,0.0891526009617206
1776,453.73795,6.484,-1.621889221842919,2.2511798396740206,0.08926788433878532
1277,331.15258,5.296,-0.3558065789765905,3.1029446287170397,0.08937381323305263
126,718.61588,0.6841,-1.2040086878798606,2.9564832068515745,0.08947090655643725
1422,231.15795,5.64,0.36674431044733247,-3.1134699399403014,0.08951194244066653
4099,548.50274,9.9614,-0.9539622003300012,3.1059450638945547,0.08955076908422738
2878,614.32804,8.578,2.0317391052986924,-2.9738689628121757,0.08956973944899685
2533,318.23898,7.9853,-0.540137779319009,3.1012327876810457,0.09006589142643878
1948,353.83057,6.8126,-0.6866986657155474,2.646704183404097,0.09010517775590883
3048,513.30177,8.7885,-0.2544168649520193,2.266929895179519,0.09013798465775096
3755,453.77125,9.5104,1.3030631029254467,-3.0749803389803563,0.09058701077989675
307,312.10973,0.9501,1.1912964120079268,-3.0144150367358007,0.09062176255936413
3267,350.28198,8.9773,-2.988725679309324,3.0875489363132007,0.09070211179098374
1699,243.15786,6.3018,-0.8426849180996356,2.2180229342266657,0.09081343150751385
1186,344.25284,5.1098,0.3363039857978638,-2.9523586948677623,0.09094341528568822
451,166.08535,1.521,-0.3794642129955683,3.079058421932693,0.09107125534311819
2587,298.27037,8.1492,-1.0847106596494793,2.3341601721062513,0.09107561002681022
2025,282.27784,6.9295,-0.3402926586021149,3.0529701740659467,0.09109438464480585
3426,547.51791,9.1677,-0.47889186871912415,2.316534097870196,0.09148380806377795
2035,441.24398,6.9435,0.34991134519219624,-2.9508606446695964,0.0919211357209072
1436,342.18509,5.6755,1.7770956437093264,-2.8431296552825964,0.0920315487672994
1117,318.17956,4.9184,2.4093616362262007,-2.7154752512800213,0.09203956201260005
961,409.18182,4.6087,1.3641195961467267,-2.207739565105361,0.09221639779192116
3169,508.49028,8.9107,-0.5043248030342689,2.4131410706030474,0.09227783457579586
1596,380.24141,6.0789,-1.394812307560093,3.0012031268942923,0.09244892623609385
1359,603.20277,5.5092,1.2128672547056203,-2.7946565448761023,0.09245914000925179
3641,549.53344,9.3705,-0.5849407011768673,2.506980444144763,0.09249114232721578
4410,450.35621,10.6562,-0.37256773421953504,2.8528324645732686,0.09259884221578797
321,344.13254,0.9818,0.2912918865620018,-2.8355151273724144,0.09284702355987862
3300,523.244,9.0527,-1.3436827624458836,2.8438016165418234,0.09310270641367556
1374,427.15593,5.5367,0.3397199794409822,-3.028199619156885,0.09310846488797117
3237,626.32992,8.9877,1.7722736722632195,-2.2134938098694437,0.09334280939764045
4229,293.24385,10.2109,0.45013559189796837,-2.2098874742084282,0.09355437037233709
2564,200.19978,8.0595,-0.48435100279192866,2.453784872388461,0.09380862815133441
1063,543.2457,4.8113,2.192103178410159,-2.959855609605739,0.09420438267815973
4263,445.36582,10.3065,-0.5190550852536049,2.3002382175330522,0.09437198405738104
583,332.18128,2.4297,3.277149339132052,-2.9292365962746705,0.09465485004048022
3175,254.58843,8.9151,-0.6339423481413577,2.553710232868656,0.09480994081329697
3509,374.27903,9.2132,1.098235530602624,-2.9391465430243664,0.09500566466775143
3213,534.36182,8.96,0.25882873994059263,-2.26901246827999,0.09510207630006513
3010,264.23905,8.7146,1.1346117387247352,-2.6697830258089095,0.09533660212319282
4368,329.24365,10.5553,-2.7271053354150467,2.954234912133772,0.0953963078313895
2406,599.42623,7.7761,-0.4667625544629246,2.174397211391072,0.09542886061679957
1004,336.09995,4.704,0.2429920632271214,-2.250019568765479,0.09544985167273208
4365,393.29466,10.5516,-1.3069900758884385,2.951077175805889,0.09554294471737616
2323,319.09416,7.6176,-0.4552394648060982,2.777563516140465,0.09561238825965711
3831,225.18387,9.5827,-0.4832953126376509,2.232251272389897,0.0959638531361451
4187,421.25035,10.1341,-2.321354527147922,2.3522836188528147,0.09609729157400344
4427,524.36932,10.6968,0.28963546179608457,-2.5051412905952697,0.09612514208391511
2469,310.30907,7.8688,-0.3020984703034957,2.79353523979054,0.0964330190438192
2050,320.27781,6.9877,-0.4452136383757139,2.9231220360574324,0.09655061549775085
2242,320.25466,7.4396,-0.45522423364737463,2.166533826401589,0.09660989264277646
845,395.13003,4.3133,2.4855543604209736,-2.91440193990487,0.09680052548357436
1390,349.12433,5.5965,-0.32617570343913105,2.1862440515941413,0.09680784642262609
3919,540.53374,9.7119,-6.73948274844156,2.96070584605271,0.09694262237811785
3180,254.37175,8.9145,-1.8977479736451124,2.9046268147395677,0.09703145768476364
823,518.59294,4.2751,2.6254725169543764,-2.8951899300905968,0.09745068438483676
3486,456.29165,9.2364,1.846796741475187,-2.809942873594045,0.09747285446509031
793,329.15101,4.2355,2.4988039926726784,-2.8889858639927164,0.09750277931822848
708,530.73474,3.938,2.382059639144912,-2.8383929848556475,0.09780934183725214
2529,356.35084,7.9673,-0.8064282486204917,2.1640524265880927,0.09786089932474207
3743,313.21234,9.4829,-1.2297143625519844,2.9408219682722687,0.0978653104419332
1877,266.17151,6.6779,-0.7171224748390896,2.6330463554495127,0.09805215298862148
3896,1125.65114,9.6686,7.256162049537101,-2.4281126595400684,0.09805382003547301
2196,302.30401,7.3353,-0.9113280177105558,2.167754554380863,0.0983015570270983
31,216.98564,0.6213,0.3423188241849022,-2.8717235594331116,0.09844434924869915
402,396.10641,1.3199,1.422600480606235,-2.8440597733313373,0.09877622810364844
2545,339.2484,8.0076,-1.0917403731897464,2.699566441322708,0.09960075172444577
2294,309.2185,7.5519,-2.431617469684888,2.150845021847587,0.09969937867770025
1783,927.48556,6.4869,-0.25201095584623356,2.7739578102474756,0.10011570776265792
3938,397.31683,9.7869,-4.481952508802673,2.764875124456227,0.1002614033266029
1337,779.42716,5.4138,-0.3178504450472426,2.914565938558332,0.10031547876429735
4422,295.26191,10.6857,0.3593342823765333,-2.78121513323175,0.10077348831173094
3670,482.90337,9.3826,-1.3950244661593296,2.866991142023316,0.10090449958877634
721,317.22507,3.9781,3.233844024097015,-2.5781216131310085,0.1009967936885534
210,465.03901,0.7419,0.3247305296500915,-2.805729796812379,0.10156883377846124
954,344.1842,4.5772,-0.3394640642195643,2.8908056732179697,0.10165080596621381
1159,563.20818,5.0343,1.760470098550372,-2.729803389695126,0.10176548040890156
14,301.97408,0.6211,1.1595611573568796,-2.6421305784476172,0.10224115771315158
93,686.72848,0.661,-0.4492659308408844,2.112028438224911,0.10225639930755769
528,250.01261,2.0919,-0.49160778308789244,2.5869323244029805,0.10270362632474032
3632,350.2633,9.3606,-1.8007463636874421,2.787979443873276,0.10274138289833995
397,202.1791,1.2893,-0.37282650789433713,2.347447181036041,0.10276409370214226
2192,402.28352,7.2647,1.1929681991012435,-2.1574919603391636,0.10286113254348113
669,448.19217,3.792,-0.3551554904372125,2.85395947020094,0.10295873143343105
1208,439.21363,5.1438,2.480432042345721,-2.804827162086855,0.10310883105802658
2175,259.12919,7.2868,-0.5922896206150812,2.392634165493234,0.10312223637663345
2069,309.22273,6.9858,-2.1621809086748796,2.6274274887278635,0.10364271337656888
2865,863.25902,8.5684,4.925853891752923,-2.709132819379372,0.10393448013868196
2568,284.32979,8.0712,-0.5806266135990796,2.236207776815927,0.10393973839783968
3378,632.48523,9.1163,-2.009724499538832,2.730361085934738,0.10432833734853296
3791,521.40693,9.5411,1.2314129437822596,-2.6405862707144854,0.10462165244886962
3914,516.4758,9.5962,-2.410608957253575,2.2830475155230436,0.10470326682272867
3863,411.3836,9.6585,2.342366434816356,-2.2058498799175457,0.10470983203384665
1736,341.13063,6.4163,1.511370008609643,-2.7038522786170347,0.10497365793372203
301,291.06258,0.986,0.6924065369449197,-2.439363981039344,0.10505489791050121
3929,569.36419,9.7215,-1.0704548335267416,2.131673594276479,0.10507340535410335
2376,382.25963,7.7247,-4.5971496729118275,2.472546799154121,0.10507842843424374
45,214.98759,0.624,0.3290584344067611,-2.8180159841677184,0.10513184691650745
1846,469.32929,6.6149,-0.9801706858973436,2.7407133773160073,0.10513919169675894
4050,554.46067,9.9425,-0.6118256981019066,2.5603432104284765,0.10529866234893392
2572,334.23386,8.003,-1.3360929623353925,2.1132054424142592,0.10532709524141032
3893,534.48634,9.6628,-1.7029195235814711,2.6056392563634883,0.1054563463344658
3259,351.27028,9.0486,-0.5887623502011792,2.7413113932558244,0.10546519679821771
2118,296.25709,7.1471,-0.5550455932368941,2.450119202098002,0.10546667093908707
975,329.15619,4.6358,-0.8037940465761846,2.819644566669351,0.10547552544090272
2445,298.25593,7.867,-0.8704024147124887,2.1552960024069887,0.10565788600795872
3254,704.26215,9.0039,1.9109408379500583,-2.1631410903351584,0.10566123600956799
883,419.12987,4.3882,-0.28968799652330635,2.2158870460371087,0.10571147735621905
1890,274.9531,6.7358,-0.5004730307289735,2.3935273863726243,0.10622690027773067
1270,793.21364,5.2905,2.04796041911059,-2.51366918899656,0.10655348131242459
1932,318.2989,6.8022,-0.513812411234996,2.2865960966807997,0.10656861408850629
2457,155.10568,7.8534,-0.5160105682550027,2.3682029539714127,0.10677301687606666
3266,427.30338,8.997,-1.5615584188449354,2.780282162852087,0.10711895939139626
2151,306.205,7.2293,-0.3426264120583644,2.701189392351281,0.10778185980469922
2043,332.21941,6.9655,-2.1707211945133036,2.15583946860607,0.10785192300341775
1273,543.23648,5.2873,1.8334619210371255,-2.687605638702212,0.10814140165079521
3093,389.25977,8.821,-1.0276211590684952,2.5227771520333686,0.10825181016088754
1732,290.24636,6.4091,-0.3403284897151755,2.580225051773243,0.10826539571527825
3053,616.34257,8.8355,5.392129061056737,-2.7711872361807215,0.10862934275435383
8,223.98789,0.616,0.8594269284842886,-2.4514514444389697,0.10864911798946708
3556,377.69553,9.2753,1.5552143306560224,-2.1638117358053055,0.10885871476991042
1281,427.15581,5.3066,0.32285666666446566,-2.121049388554076,0.10886034609867447
1502,255.08263,5.8317,1.0481345530348039,-2.190188065043038,0.10893387982751689
1286,225.11076,5.3102,0.30022151658283924,-2.4394227896043934,0.10914222939040405
1639,340.66601,6.1794,-0.4565521576563345,2.317264426759597,0.1100517523312722
4272,779.56047,10.3094,-4.06292009991965,2.6589868765993643,0.11046889069911349
447,121.0831,1.5176,-0.3278338995958947,2.4081341405276646,0.11066369863891586
1443,313.14198,5.7057,1.6050901047517878,-2.7429672736504425,0.11085862211249568
2498,373.1667,7.9007,-0.5399959599926865,2.4416058323081,0.1110093098352772
581,419.04057,2.4084,-2.145399752897972,2.5342681709368367,0.11102030628289726
3263,341.26502,9.0058,-0.6599250721827437,2.6127391482835423,0.11114030090609506
1560,301.06938,5.9827,1.500320805804292,-2.6435508515698007,0.11144603334812737
4446,473.26458,10.7784,2.30947186083211,-2.629697694142667,0.11155586424695926
2288,460.26769,7.5539,-0.5702736579754681,2.0976215232700994,0.11163924069352164
1867,557.21854,6.6312,0.35583958741333355,-2.7132767172530228,0.11166012785868339
2053,300.24199,6.9896,-0.2712959205938592,2.0396386189782882,0.11167506692551063
1071,332.21646,4.8531,2.2817599996196893,-2.376158463826535,0.11233168374289904
2099,424.23738,7.098,1.0867201745741326,-2.5064510583152466,0.11273745582234601
2763,691.50765,8.4885,5.846476102247609,-2.278150898478019,0.1128835778568383
3123,469.32702,8.8531,-0.8100440912392148,2.439170684023548,0.11318551779039382
2565,222.18171,8.0598,-0.5111666467433187,2.052916374975654,0.11332569160830719
3768,521.9884,9.5358,1.9204575495988205,-2.3361088279514672,0.11337213084725006
1352,408.24534,5.4795,-2.1387214047168985,2.5675908942678403,0.11353930945031956
3771,520.33809,9.5338,0.338867401059062,-2.1890898086853205,0.11406665019388576
2135,308.29346,7.174,-0.3236820641153191,2.6580332189341176,0.11407936899428978
1500,283.15229,5.8296,1.8904131582390344,-2.661912154216544,0.11423201153825036
1122,372.24768,4.9596,-0.5420403879926914,2.165585890192146,0.11445331704523493
3720,592.0113,9.4285,-1.3490072773608475,2.1561390937230662,0.1145023412409108
2308,732.50208,7.5954,-0.46209174480521753,2.046959132165808,0.11451106584109019
3626,307.28123,9.356,-0.6637871113891478,2.273225524690508,0.11452385513675598
1519,551.25956,5.888,-0.3298967307671141,2.1551848182967657,0.11455787288119125
2594,409.23432,8.1453,1.6016812310376238,-2.330776890982709,0.11459523108081121
829,288.19061,4.298,1.9535167457828182,-2.59079969165512,0.1151609634840396
370,165.07425,1.1898,2.55083776927765,-2.2045033134909864,0.11519398270678807
2333,301.29172,7.6213,-1.0758248923222125,2.179682860352949,0.11520583469241383
285,442.18995,0.9069,1.254162125911222,-2.542674674304899,0.11531147975633266
3970,496.39547,9.7634,5.567972538095031,-2.6680112697581997,0.11532215367207413
2505,369.25788,7.9111,1.0930886085197011,-2.551613760673039,0.11539780601392648
3646,313.27242,9.3718,-0.552873558267283,2.3888260859327715,0.11541245915057774
4332,639.49361,10.4634,-2.548096949904809,2.6439589034569475,0.11543183433088079
1006,483.20498,4.7112,5.001333337312515,-2.6598764685672442,0.11546910212008088
3276,1146.68801,9.0258,-0.1820389013152024,2.0161208338326246,0.11568498128657406
604,345.12928,2.7673,-0.523029662128148,2.6703781510790985,0.11620585392972436
3724,282.42269,9.4357,-1.1032743839272454,2.4952580298686913,0.1167214760874494
3111,635.45597,8.8348,-6.256197133114207,2.5363039979925763,0.11684747062566965
1844,308.2282,6.6142,-0.6740956881350213,2.060671113631971,0.1169537589100463
2227,628.51558,7.4449,-2.577121357890123,2.142299764331742,0.11700997463191812
371,353.07744,1.1631,-0.30643985652292116,2.6030674837848986,0.11707431541237036
1539,198.13232,5.8857,-3.093011411545941,1.9897012838763308,0.11756464093230073
1182,471.23862,5.0995,0.4982525238064932,-2.0411268081455174,0.11790833016837
3986,524.2974,9.7741,4.046670683958332,-2.265514555349628,0.11804170781568646
1934,244.26231,6.8055,-0.382563126093622,2.156739572865477,0.11843973639041112
4045,166.98387,9.902,-1.4933399414372213,2.482715337031932,0.11850264407730243
363,316.1355,1.1149,0.2423925345745399,-2.0385456323475877,0.11851278430472567
2110,332.29331,7.1285,-0.3228755032535471,2.5434260655878753,0.11913744023121327
4334,372.31013,10.5448,-1.613628599528536,2.0774372095131266,0.11914925856533254
2991,359.17102,8.7249,0.3555169497127064,-2.3502998406066484,0.11926045594883913
3224,517.32955,8.9701,0.8131906356964613,-2.0063263503301285,0.11942011755699408
2910,702.24068,8.684,3.094422025697587,-2.3766930725286466,0.1195925324110113
33,215.98884,0.6219,0.3215721201158548,-2.622529657592414,0.11976281319026473
36,233.99939,0.6214,1.7786469128561553,-2.5593011121425144,0.12021061934928363
3850,429.31841,9.6154,-0.7247150692205455,2.154599615154915,0.12036720902605498
1362,301.10117,5.5143,-0.2854086770421915,2.5117733188766205,0.12060315912963385
2424,354.25847,7.7895,-1.7714518305494478,2.486945204265094,0.121288961066613
2605,314.27253,8.1761,-0.8609542734244817,2.2458638949498253,0.1213204989423482
656,343.19414,3.72,2.7635744353517926,-2.4474626968036843,0.12147863571805738
3358,333.23862,9.0922,-0.43318015283645916,2.5935877499945597,0.12152322324716403
2343,310.23553,7.5986,-0.7329865308175814,2.452650736072403,0.12181991453204145
1838,351.15703,6.6086,-1.2984275023791025,2.286509465959509,0.12189167153975732
950,557.21555,4.5582,0.30372220288270757,-2.008230280347822,0.12224621209769419
2347,302.26762,7.6717,-0.3850221310662647,1.9776083857010678,0.12230949112176313
1323,301.10735,5.393,-2.138525806843325,2.5507086465101296,0.12334212187122459
3343,580.48486,9.0721,-0.5906401317896206,2.332408593470206,0.12382425589456059
2121,288.26732,7.161,-0.2981686534667016,2.501397794244673,0.12382739077220185
286,152.0556,0.9045,-0.8327274324648881,2.5552044131534104,0.12394156239852415
3761,428.25397,9.5247,-0.46957842195612987,2.129346068352037,0.12415097177158904
3797,477.39212,9.5517,-0.7976380631355546,1.9430562492047498,0.1243109870757633
1073,196.04164,4.847,-0.3708753323231111,2.5327082674584362,0.1243616575907651
713,409.20652,3.9585,2.684088657174372,-2.5340093776380925,0.12455252733589146
2086,387.27267,7.1104,0.5423101109091251,-2.422709557310829,0.12459845758525737
728,466.22804,4.0346,3.0313891372562685,-2.5498001460660285,0.12461151026973971
2846,332.21266,8.5413,0.3556130134227091,-2.227577468949272,0.12486396308602662
2441,330.33528,7.8276,-0.8237794748111096,1.9740037801273802,0.12487675040443862
43,248.01493,0.6237,0.31041351665886197,-2.4079266278171456,0.12494368566543756
3990,345.33919,9.7841,-1.239714501652502,2.3531886827653494,0.12496682371781934
2761,405.26,8.417,-1.8242134717453506,2.352255577106154,0.1254791301101388
990,415.25332,4.6717,0.32919489572754745,-2.5357898065516364,0.12571165093480663
4018,284.58438,9.8505,-0.8971959182206035,2.268413291311146,0.1257608291422774
2644,320.25345,8.2399,-0.8035983090741254,2.0640904016266957,0.12595399994560397
1418,271.15036,5.6373,0.3079998673809907,-2.4313050742313878,0.1259790689234943
2093,483.12433,7.0926,-2.5786416958748286,2.5030709636313238,0.12611911612043494
3388,280.33151,9.1325,-0.6016010002110335,1.9267134646128372,0.12639294733470613
3714,575.03611,9.4305,-1.1986784457066726,1.9265488898841863,0.1264872218210315
2144,294.24089,7.242,-2.4215172732297594,2.032003790297409,0.12714645772804897
1146,271.11393,5.01,-0.3670114535375131,2.2301393137103234,0.12768280157424097
3595,447.34505,9.3372,-2.548064032179517,2.491533527771065,0.12768873845585665
2320,300.28773,7.617,-0.7373803034135502,1.971376123190863,0.1277596328055149
1097,342.16853,4.8916,-0.29372600394328074,2.4385543048212543,0.1278865670009069
403,191.07454,1.3282,0.2886655560623268,-1.9118018394101144,0.12857252192932245
1659,698.48317,6.1831,-0.5749534854926557,2.2393621813530387,0.128885283869325
3825,207.17331,9.5848,-0.8604891117810478,1.905570881998122,0.12981147053313774
146,952.50764,0.6978,-1.5074001487205786,2.436828718377554,0.12987819914029797
2671,297.2485,8.2971,-0.7848033650043291,1.9547796848213987,0.13018225683053705
3526,337.27231,9.2611,0.24331468606482787,-2.4370397905391465,0.13025219767393917
4027,349.23935,9.8569,-0.9345286909065873,2.419301846579207,0.13032353081162518
3024,378.29878,8.7527,-0.9115396690000912,2.4728208972149646,0.13040217422091366
2730,280.23579,8.3627,-0.5713564774319675,2.136284622643647,0.1306114936215874
3675,964.60277,9.4191,3.5942285970195025,-1.9358874692089645,0.13065614433382877
224,304.07797,0.7666,-0.7293526696689554,1.987299478284098,0.13155911893133598
3248,235.20462,8.999,-1.5992307045732557,2.063890308192629,0.13168201418971073
2536,278.24651,7.9877,-0.5772201041489851,1.9888018509091108,0.13186911961783335
1369,547.25869,5.5182,2.482735976895371,-2.3636106596340825,0.1318909114345116
70,180.08557,0.6456,0.4957343841314068,-2.216573835731867,0.1322835335808038
2405,320.29348,7.7737,-0.2913890560119139,2.416201567753942,0.1325247795414956
1246,260.08812,5.2305,-0.2520451695033241,2.231225136756626,0.13263222326073357
1759,195.08549,6.4135,-2.3911332478968084,1.9262877460984,0.1326748018748444
1195,884.28912,5.1189,-0.3358099482185697,2.3739639549238416,0.13285536289052474
649,245.18481,3.668,1.3793587538463568,-2.2892643429420723,0.1328701589913793
1573,346.27258,6.0334,-0.37534624976031594,2.0687343757831007,0.13310730232614942
2661,398.38472,8.2886,0.5145012721012012,-1.975059242028126,0.13318254763602394
3739,663.46427,9.4403,-3.190198211018835,2.381985729283484,0.13357615875981835
3212,355.2826,8.96,0.2955343306612015,-2.3903375542324854,0.13361889022683995
2430,366.26693,7.8082,1.0671093292792042,-2.4008691743668953,0.13365547146651724
690,277.10481,3.8744,-1.5609244360836314,2.4266614414284753,0.13367299573447364
3334,430.35462,9.0709,-0.9784718133105637,1.908123003118757,0.13390485307868844
3796,427.35543,9.5524,-0.9740934111229018,2.003910695776949,0.13409577881707455
413,242.15679,1.3815,-1.4521517929181256,1.9132895235625438,0.13447792990778054
2665,335.19555,8.3507,-0.8652676509181125,2.107721386397586,0.13449601198454952
3913,475.34254,9.7084,-5.981099646086809,2.0793797566140864,0.13464416278901983
1679,701.30011,6.2071,-1.219932820892447,2.016867468528345,0.13466106935999145
3392,559.51723,9.1331,-0.4805451032802903,1.8757348505625568,0.13497880343094215
641,194.11655,3.5794,-3.2677482676356657,2.2402813573896783,0.1353180715171949
2365,451.26482,7.717,4.420332985845354,-2.315180964234955,0.13545723530841292
2728,615.44509,8.3773,-0.7746467166405315,2.104372698092069,0.13627654393590122
3474,547.31772,9.2202,0.9779822837883403,-2.1254162488849495,0.1363474669811533
3050,240.23095,8.791,-0.8458330431198817,2.013925709971923,0.13670569229537125
489,204.1219,1.7291,-3.3334272096742854,2.4175359435201416,0.1368235214430517
1907,275.53659,6.7408,-0.5017893646315397,1.909545144687352,0.13733054970597483
1563,777.21864,5.9871,0.21362418046907994,-2.133569626316729,0.13768819461250323
2488,325.23587,7.8829,-0.5756924265496721,2.011150394258861,0.13785738249537224
834,519.27959,4.3022,2.2377780921978094,-2.2808032051343625,0.13815666876333668
1137,332.05712,5.0,-0.6665606924316752,1.866100304807288,0.13821126020411562
3314,387.24929,9.0596,0.27159652007691104,-1.9450145882901042,0.13840811530095243
481,330.14307,1.6665,2.2608234670260163,-2.3337226396581245,0.13846038006707456
1241,422.22441,5.2199,2.560849647926053,-2.273456478130389,0.13873643869826546
3386,280.71582,9.1318,-0.6789582392405977,1.8453172749682318,0.13875482436845654
1416,186.12185,5.6331,-0.761571919688393,1.8902331243299808,0.13881625656881444
345,474.21631,1.038,1.829279519494917,-2.340715920781463,0.13885594463654138
4493,338.89863,10.8811,-2.4690701492343257,2.391770222881082,0.1389556809506001
4025,371.22014,9.8556,-0.5887685288440121,2.1247924533771405,0.13957409049827937
4123,754.60802,9.9803,4.36448736692687,-2.2711222356140457,0.1397049192719664
2579,316.22336,8.0964,-0.6170969624432416,2.0317987429260924,0.14002006883280932
788,485.16135,4.1979,1.6803612254810343,-2.315402682807727,0.14055402960392271
3274,261.22007,9.0245,-0.1906550686049968,2.0473051404259737,0.14065356483251515
1221,336.19042,5.1919,1.7116299888085607,-2.321222454117206,0.14092969339680175
4426,296.26524,10.69,0.32393568750855906,-2.2931093076706843,0.14106475186240897
1558,249.10866,5.9793,-0.261810460425993,2.172903880744077,0.14108841794698948
3998,375.24071,9.7975,-0.1822465863452214,1.9173514179876967,0.141517797028599
2810,616.48666,8.5118,-1.4453200693105295,2.3267428798706384,0.1416632308189486
2734,261.22011,8.3799,-0.2464338622550386,2.3098131850812695,0.14167478179100415
40,247.01369,0.6231,0.2717890506791285,-2.3320448635277593,0.141933542625606
1760,288.23085,6.4543,-0.28257784765325056,2.3208315532023978,0.1427192216013377
1815,312.22647,6.6055,-0.3214983451922464,2.2266882919092588,0.14336676399738094
2289,432.23644,7.5545,-0.4138926176916913,2.068269949558919,0.14338558005270777
1098,413.27421,4.8917,-0.33950566036016383,2.304386360077716,0.14344856677698234
2013,306.24208,6.8953,-0.31594457138873544,2.341298663773025,0.143557382700382
2965,560.43682,8.6921,-0.8773332569447589,1.8911027748828995,0.1436019996261329
2476,278.18172,7.8762,0.17564292258687164,-1.92920436704153,0.14363827280632582
1380,461.17676,5.5761,-0.31995428259992664,1.8212574935066865,0.14398557919742508
462,342.11671,1.5586,0.9116015416769976,-2.040733785861429,0.14413117303640324
1795,291.15548,6.532,-1.2756227309105195,2.2909356183087572,0.14455656638459452
1134,385.24268,4.99,0.6105275202584846,-1.8818191747163595,0.1446095886508506
2678,298.25864,8.3313,-1.315298975077181,1.8540744411577363,0.14484457978913604
2543,316.22336,8.0042,-0.704924959949933,1.8527610837284856,0.14489837899174654
4428,546.35114,10.7069,0.48178650129581424,-1.9301491763056648,0.14515980020563513
2356,302.30393,7.6953,-0.280515439194466,2.221114092426979,0.14570835887392034
1348,523.34471,5.4541,-1.2923898269109166,2.2922356996230806,0.14574199923244605
4270,1101.6514,10.3305,6.887516950208489,-1.8981323498588933,0.1458825488306657
1253,593.2184,5.2287,1.217186813496971,-2.1898048322561294,0.14641763851785292
4421,263.23573,10.6851,0.3143071166909497,-2.2876498408689216,0.14662478548567046
3166,531.48642,8.9082,-0.5777830226369831,1.8025971876870925,0.14676350641649025
2494,673.4592,7.8921,-0.9492347427088008,2.1173733661141725,0.14683283049568513
2459,681.39669,7.8546,-0.319811562516616,1.7964367323410662,0.14685238055545213
237,249.03672,0.7787,0.5781699188829181,-1.9859879243229188,0.14730209614739184
1230,344.25274,5.1581,0.6273053276493616,-2.031497183409916,0.14742182840403772
1902,577.5072,6.7414,-0.44803592724570507,1.8495837151147494,0.14762352317269312
849,556.3129,4.3299,2.393200665475565,-1.873973976074021,0.14772556831280775
4387,651.22087,10.6013,2.5296892478247313,-2.298494127900242,0.14790294147108646
3844,395.34952,9.5669,3.5472141803141017,-2.168507085913642,0.14792132426011087
1802,311.20649,6.5977,-2.48010852913814,2.292360560976694,0.14801394034482132
4350,346.33583,10.526,-2.628929926294006,1.9109671276329896,0.1481502816381291
3582,632.49109,9.3432,-2.6801189751410845,1.8909330327893343,0.14818329187027451
4170,689.49412,10.0926,1.698572886600652,-2.270516800942474,0.14831959865273456
2711,317.20732,8.3978,0.6014582761267704,-1.7838969492877186,0.14922621867475053
3550,427.29081,9.2857,-1.2100784181082336,2.1726790552899584,0.14957816025955076
782,314.17304,4.1844,-0.27488884448438355,2.2716662737921043,0.14960404337439034
1961,435.34496,6.8261,-0.8834668025784023,1.9920732472737008,0.149657188976166
660,400.21741,3.7284,1.7969878150697736,-2.0742825731377668,0.1498246438158843
275,469.13024,0.8261,-1.7189844218146684,1.9074169552991693,0.14998517536730416
1219,360.21128,5.1636,1.5518837852079201,-2.2177797406835364,0.15081089657581875
1480,351.10354,5.7814,1.2970204290394651,-2.1846336537263165,0.15082259131077827
4239,577.51716,10.236,-1.3841476411227118,1.9022263923937694,0.15106761439884622
838,518.28029,4.3037,0.2940540364111772,-2.204670344903804,0.15121706555113532
1126,589.20812,4.9694,0.24917806579603763,-2.023232996754891,0.15122890062774783
2585,317.20759,8.1151,-0.4371156716209228,1.7725117478395156,0.1513392868057311
2497,339.24294,7.9158,-1.539453424554159,2.2149348782312135,0.15145660520297508
1514,413.16506,5.8659,1.1958102016756627,-1.7689149663864199,0.1516431844831535
947,417.2325,4.5453,1.559171738485266,-2.1158622799817954,0.1525608136243331
1220,382.19345,5.1792,0.29747583175469394,-2.158849590451675,0.15281334104960137
88,321.8664,0.6581,-0.1867143649730103,2.089968848439269,0.15289883611339086
3289,363.24938,9.0414,1.290864876219504,-2.0141199727651347,0.15295804085254094
3726,565.06639,9.4238,-0.809907794373192,1.8183377198732829,0.15306382710184244
2319,318.59871,7.6182,-0.6278653215622336,1.9563628947984202,0.15320325547930388
3892,574.47917,9.6596,-1.773378200402556,2.030012123045672,0.15327544646222138
1478,371.22618,5.7763,-1.7043665215098098,2.2364946637953147,0.15348512556305896
194,601.77637,0.7257,-1.3104249972163382,1.9089747540190767,0.15385201628181433
3018,279.23059,8.736,-0.41022088026969605,2.228839176640676,0.15390103573408623
4444,401.33997,10.7475,-1.094063894824778,1.754853518995099,0.1543174545469157
1905,275.49014,6.742,-0.3743097719041941,1.7580512030560163,0.15439547911049
1551,846.56484,5.9632,-0.4358283251648807,1.7946566692093482,0.15476689356959658
117,528.75391,0.6724,-0.5160613541302146,1.7713342507626477,0.15509275345379636
4408,436.34063,10.655,-0.3377354747599508,2.103364295350186,0.1551081686907851
3333,510.36216,9.0809,0.22802723971506111,-1.9851739697871058,0.15572585514625006
1926,272.25341,6.7914,-0.29576935346973343,1.7999737001049263,0.15578143320014146
791,358.16346,4.2245,-0.297336550788704,2.160433139339568,0.15669014416065272
2937,364.28067,8.6501,-1.668045191782265,1.8680972291929367,0.15695794528289114
2397,284.2935,7.7448,-0.2865606034752153,2.0851959000625806,0.15734312876497772
2133,187.13168,7.1664,-0.384258716484144,2.1474642509123925,0.15735488251125918
454,167.08846,1.5239,-0.26945384280643125,2.1921784137510594,0.15904173835249308
2708,295.22512,8.4135,-0.49199784895506227,1.7966820848540221,0.1594258109496383
2584,320.25462,8.1139,-0.9745377264240105,1.770381075790527,0.15943509826823754
1364,285.12956,5.5143,-0.2549213101381902,2.093488053921849,0.15947254243940143
2892,320.25435,8.5928,-1.3128736437463928,1.7703641029250612,0.1595335130985102
1718,270.16919,6.3648,-0.5409902018857569,2.1336110634891785,0.1595913083727369
712,410.19921,3.987,1.8869282329264858,-2.156204436324572,0.15968735794907374
3827,197.15266,9.5821,-0.5580173453127761,2.168574259311576,0.15990879654008808
818,328.22167,4.3354,-0.7607031479381376,1.7824773336730682,0.16012391114766858
1975,296.22897,6.8209,-0.41834869166296507,2.1872287315033554,0.1602373662928042
73,436.85571,0.6539,0.24481820794429598,-1.7437615042755878,0.16034611909522753
3679,607.02526,9.4042,-1.3639857840019882,2.1338837648685836,0.1606421841342077
3629,311.25619,9.3475,0.6221357660817128,-1.9711957522171943,0.1607078943871271
488,105.06913,1.7242,-1.619514795835677,2.1686641728196774,0.1608613588141188
2007,362.32495,6.8747,-0.48531804042906934,1.873462413760639,0.1610096341086795
4287,645.37415,10.3584,-0.28653782448872356,1.7838122771495974,0.16113275698631066
3395,280.62354,9.1338,-0.5413146675180167,1.7486205952597427,0.16119097573009866
2706,301.13976,8.3503,-0.9830589894618935,1.992807052890343,0.1615157736831176
1726,314.19488,6.4039,-0.8276329987346829,2.1303226694305306,0.1617242812814241
574,367.14862,2.3229,0.2412176792490044,-2.1456695043118845,0.16314600647969263
1123,455.13204,4.9657,-0.269934852836502,1.7637928418545705,0.16324487122063586
4463,313.27247,10.7924,0.4729025052272178,-1.7904582500786945,0.16383651713152655
4219,802.54996,10.1717,5.6705453413522955,-2.01834479372852,0.1640404638731535
1494,748.26085,5.7905,0.3112250697609351,-2.03700807554504,0.1642053615741314
2467,686.41683,7.8626,1.3355515093634045,-1.7497228541651095,0.16480452574695664
1676,702.31874,6.1903,-0.9157264416808752,2.0449412802225018,0.1649383083579891
2401,355.22857,7.7176,-2.187450207498922,1.9906296682713163,0.16555317957786608
3467,482.31532,9.2164,0.3289236204639021,-1.8497418665564807,0.16584412986922428
524,180.06212,2.0757,-0.24871413095168293,2.096227895667847,0.16647273087952275
17,133.03367,0.6183,-0.24092553487816915,2.126045880613113,0.1672122455966916
4462,615.4561,10.779,-1.7390969769585425,1.9032252509432943,0.16722084781041993
1911,275.71632,6.7414,-0.3939295126249487,1.715339609803054,0.16762591221764786
2944,308.29337,8.6635,-1.2565064714304386,1.7464615608031977,0.16764756782247678
2082,277.19273,7.0405,-1.1328113130009942,2.059183113287465,0.16780716774070223
2056,318.61039,6.9908,1.3335824057173231,-2.019146180819177,0.1678144742069375
3790,483.24705,9.5466,6.348282254283462,-2.1201370869839513,0.1679463172592243
3303,581.50686,9.0571,-0.47927846828860243,1.7647686068769393,0.16826668629997515
1570,332.25698,6.0138,-0.24080043737853174,2.057868737798136,0.1683405322223226
300,330.0574,0.9403,-0.3069470363227884,2.1072528559565806,0.16939114171656844
290,280.13781,0.9099,0.2372395652978323,-1.9001111262213044,0.16967595302092423
2757,352.28292,8.3976,-0.47416313794864795,1.9246241517220095,0.16971877588142578
4043,510.35367,9.8977,2.028589642514489,-2.0924894383289456,0.1697977295130762
2425,221.11606,7.7931,-0.6944896304113071,2.1022118776078016,0.16981554919733924
1215,504.24397,5.153,0.9642529468049355,-2.0443800774851995,0.17002586228614236
2844,371.32126,8.5406,-0.5125874418015579,2.090990690172981,0.17011342293047887
2259,314.24627,7.4656,-2.0654883999832583,1.8442240467600992,0.17046297099259086
1641,362.74178,6.1907,-0.6991297957776856,1.6686663426383666,0.17059933341138112
3399,560.52004,9.1331,-0.4246059420113415,1.6678091511044035,0.17074539432587085
2905,357.29104,8.6052,0.9596114598421401,-1.8058818552321318,0.17081472208716847
1435,457.26396,5.6731,-0.2508322815109292,2.0664898654328603,0.17111374881731428
2238,298.5723,7.4384,-0.32244311214132715,1.7322596262759804,0.17151629295299514
218,189.15872,0.7545,0.8731710516386686,-1.9118978220376708,0.17154757594598039
3350,480.3065,9.0878,-0.21394741212732882,2.000124129222293,0.17190551300238147
2776,349.23315,8.4593,-0.5583830479884728,2.00235971642566,0.17248954142085238
906,380.21442,4.4301,1.6955538219678181,-1.6614060265199455,0.17297671594095546
2299,308.21931,7.5809,-0.8395505290547423,1.690342460031095,0.17315520796953315
595,553.30008,2.5306,1.9919399481124613,-2.0565899746989005,0.17339066949230106
1703,471.18279,6.3077,0.2603327432385747,-2.04248743159132,0.17358107760311153
1569,441.24415,6.0129,2.580451050122493,-2.048621364116459,0.17418709404010524
1893,275.69018,6.7389,-0.40787972701916875,1.7156842517768236,0.1744029115882305
1284,415.23514,5.2472,1.2717182300287186,-2.027607651227017,0.1744043632627622
3037,609.15827,8.7712,-0.18421257427329518,1.724808788537409,0.17455923322518588
2279,332.21776,7.5003,-3.845939736936224,1.772747741803567,0.17483351808464803
86,521.80809,0.6551,0.9428770311928796,-1.8896969650234137,0.17499383178548786
2251,310.30904,7.4538,-0.26612530934892487,1.786190915712389,0.17516508042792242
1957,417.33451,6.8261,-0.9791702586320747,2.0512906736628396,0.17570388421000438
1667,679.38913,6.1844,-0.5712141943430487,1.9986801183969118,0.17593718582961015
2193,304.26824,7.3437,0.5604747769525886,-1.8478426107100523,0.17618439283930418
1027,342.23723,4.6849,0.6661041777281378,-1.903330467653537,0.17622978783618407
1993,455.22339,6.8332,0.21211266119552707,-1.9991620743995846,0.17623324354876024
3645,359.24363,9.3685,-1.7223622004684982,2.048973295180866,0.176249957642237
629,298.0955,3.2371,-0.2372178214411811,2.026828173782749,0.17683951874294201
2284,474.28339,7.5527,-0.4312554275899618,1.6376672369859258,0.17694941795302144
2341,308.29348,7.649,-0.19177697546392203,1.8996962995411095,0.17695537060940447
3845,413.32226,9.5257,-0.8961143452599218,1.6551293541203296,0.17730025546007055
1534,299.14523,5.9239,1.0178138338758247,-1.963077337144179,0.1774056941465588
2362,300.27626,7.6426,-1.9315666462041756,1.9330859643541456,0.1774852742689748
3673,500.38363,9.39,-0.683149857072558,2.0161289621170186,0.1778137024973115
4278,777.54641,10.3494,6.162964093932149,-1.918837664267822,0.1778139044747619
280,261.03568,0.9009,1.3367361467762793,-1.9862204608654916,0.17791471811545337
3936,542.32,9.6835,0.9653553135772883,-1.9719000353781564,0.17793281059257202
4375,560.50187,10.4989,-1.2052945288493397,1.6384398389608488,0.17805043245789337
2608,350.26528,8.1803,-1.3843278118002544,1.6873167047523339,0.1785796058164572
1450,383.145,5.7075,-0.1989366458684234,1.7682313798976763,0.17901404455854178
1439,429.14434,5.6654,-2.100417838431163,2.0246789153486295,0.17943068932407458
2136,427.2649,7.1791,-0.2587382911298963,1.6502690272651774,0.1795728817611577
1120,395.23118,4.9556,0.3621169799619919,-1.628526641118345,0.17961463984964593
2349,277.21497,7.6838,-0.5453065722034918,1.767818093793135,0.17971661657874788
964,405.2117,4.6147,2.388996337238475,-1.997173119098965,0.17980713696021267
1940,185.11603,6.8281,-1.1127426973132586,1.6340925861619344,0.17981839885120487
9,418.93123,0.619,0.9575500770071939,-1.6429985826289057,0.18020630417771646
2926,707.34813,8.6573,3.6864158751524685,-2.0224950293441677,0.1802430769775991
141,366.77661,0.6916,-1.691766054392211,2.0154353356696335,0.1803699677402402
2081,288.28849,7.0554,-0.4607837543955391,1.7678156510872218,0.18066964917662165
2155,311.22024,7.2335,-1.7977883208435985,1.9788549390538261,0.18102396649949828
3703,564.60789,9.4271,-1.301621317302967,1.8688830141413657,0.18103265501520738
2663,365.13456,8.2886,-0.494526082620359,1.6172235328582003,0.1813361863356192
1857,351.74433,6.6174,-1.042408595315476,1.8216796697135242,0.18135210004153673
1465,241.14025,5.7544,-1.2944759094365441,1.9823881542501978,0.18179875789133584
453,120.07983,1.5229,-0.25186608149497935,2.0020802722256397,0.18280283873837266
3692,732.1444,9.4265,-2.1904443383140344,1.8963426461709518,0.18316085276539945
874,378.16501,4.3666,1.8860504184331055,-1.9902390363921745,0.18316829129962078
1289,257.1372,5.315,1.9838583523144195,-1.9597241592126549,0.18369667320362015
2535,334.23197,7.9862,-0.9219147253396507,1.675313149400563,0.18451825362741853
2303,288.25209,7.5893,-0.31108780377573453,1.6229894609355997,0.18473660298852873
3685,564.99045,9.4311,-1.0409708205643557,1.886358408389165,0.18597940765543733
4480,338.61139,10.8798,-1.3517459433257644,1.6180871557202203,0.18601338564647746
4237,377.26461,10.2197,1.404342163038189,-1.875871516770937,0.1864029293462477
4436,339.28788,10.7384,-2.1087340761531115,1.779895979261215,0.18646872191828842
2048,276.26769,6.9797,-0.31685855031058097,1.8390595051571437,0.1868492050199626
2178,339.37192,7.2982,0.6470644499734091,-1.812967351736252,0.18696170094920941
2083,349.19682,7.0571,-2.1767042890858903,1.7929112682858777,0.18698083309814728
1160,443.24826,5.0355,0.25426412642673046,-1.7246372065835478,0.18718135769679087
2739,243.20957,8.3818,-0.23954633419845006,1.7994151184019245,0.18749365532431053
3416,379.27096,9.2254,0.9874169862343258,-1.9161133216440687,0.18766971016264106
3220,263.23565,8.9626,0.22805937787503794,-1.951522218653827,0.18772134690808356
4048,501.35566,9.8968,1.2427975701472738,-1.8901410739764217,0.18836287682834257
692,265.15324,3.8822,2.0204884144467465,-1.9485473913802025,0.1885256756093766
4233,367.31949,10.2228,0.6897886214241575,-1.782736663056119,0.1887236739593437
4290,623.39191,10.3712,0.7727979260606235,-1.7788581387150189,0.18884834493605931
4034,1125.65136,9.8822,5.971422564265178,-1.94818205266903,0.1889248482954446
3867,311.31144,9.6827,1.078776218212643,-1.6043965014037749,0.18911730813409097
940,279.16872,4.5304,0.2882979535066461,-1.7430970078669612,0.19006106361826547
3657,358.24286,9.3752,-0.9957833606293929,1.5885413673776454,0.190681167834852
2703,279.15787,8.3491,-1.0855534114729561,1.8772538347926189,0.19083202375839822
3545,548.38161,9.2779,-0.2058667892104955,1.5710233756695489,0.19130815928978562
2875,448.22638,8.5459,-0.45427406504035606,1.900245975130981,0.1918316499080479
3738,551.54912,9.4532,-0.3761400167454809,1.7737805928240968,0.1918599115691172
4327,327.22806,10.5007,0.24520271707567076,-1.5768266902354466,0.19187234022509161
1646,680.39636,6.1794,-0.8032091944097406,1.5721857300070465,0.1918816809187723
2484,312.25811,7.8737,-1.5223487140594836,1.7478454676212618,0.19189429668009614
3522,245.22519,9.2591,0.20634267816970997,-1.6749746566953976,0.19229038545974286
2802,690.50458,8.5002,8.097623404807893,-1.9234798928603334,0.19254393002189257
976,441.21389,4.6266,1.4783410516984734,-1.895696345717746,0.1937426251238752
3490,465.77831,9.2377,1.1275866587312917,-1.8129341192673651,0.194012977171593
760,403.1559,4.0939,-0.15801998059178946,1.5669643469242969,0.1940407659534344
2575,294.24136,8.0156,-0.9878334908981588,1.7322966537356064,0.19452629713209169
2177,291.19378,7.2976,-0.2465503978261916,1.5576156038320221,0.19461011129104308
3546,547.37693,9.2806,-0.530887671452601,1.863076490815044,0.19507479023170343
1882,585.40883,6.6413,-0.9326825209979832,1.642669452225879,0.19514818246415386
2063,372.72642,7.0228,2.661166470894292,-1.557638456489691,0.19521710948462842
2404,270.24122,7.7707,-1.6665889977744492,1.5531553750966025,0.19538773743817547
1672,340.52381,6.1876,-0.7395966977942567,1.6465205300780779,0.19540309945153064
807,328.15294,4.2509,0.20889740713373417,-1.7791908272365031,0.19551227312461397
2563,368.2657,8.0457,1.3293772277121656,-1.5531536509524075,0.1955435572601897
900,431.24549,4.4207,2.3101042193875987,-1.8313897902870373,0.19610174809562803
3899,350.26543,9.6696,-2.025786080732562,1.7598231834491216,0.1963288449732233
82,236.90372,0.6569,-0.22683215234512932,1.8291411699066207,0.19636278396670642
495,288.19083,1.7864,2.8127120896307423,-1.8077693303374256,0.19645858086763274
2074,398.17275,7.0354,2.234247519758406,-1.646393135602567,0.19668843537655126
4456,574.47333,10.7848,-1.9444213825867402,1.5479604262622702,0.1971883891215995
4295,716.52023,10.3952,7.225428220207421,-1.885047557659388,0.19731848934063329
2480,254.24662,7.8779,-0.6218446627765015,1.574061036349755,0.1973740358786368
1695,526.37108,6.2845,-0.38663096561035637,1.6057783699219814,0.1976403716614539
2610,391.24397,8.1839,0.9706582803556039,-1.809754180989985,0.19790885355358398
2453,292.20769,7.8035,-0.727263799336832,1.87163692673927,0.20035585441306547
411,291.08191,1.3796,0.2538656438579956,-1.8766859088632377,0.2011339170415012
4232,294.24926,10.2133,0.362356145825931,-1.7226250355112775,0.20196013526491655
3501,740.52912,9.2128,3.909580145429736,-1.5614978221527902,0.20217908782125274
3461,343.33765,9.2068,-1.3565111274485844,1.8693994193446688,0.20218051356334235
4414,413.26465,10.6587,-0.2652524191017367,1.7927468615799695,0.2022844454874382
1610,631.1614,6.1147,0.17692951036037385,-1.775087363748262,0.20238455061460256
296,266.1221,0.9178,-0.2617462755798581,1.8549610438152317,0.2029586610727565
3623,306.27633,9.3573,-1.1285949992146707,1.6829570502992421,0.20296369214543886
3031,485.50225,8.7663,-0.3906759145923173,1.5674447436670795,0.20368173220687172
2426,292.20547,7.7956,-0.6047033698689113,1.6675597594561586,0.20431180308235433
4214,801.5466,10.1652,4.381589622620509,-1.7891527337325313,0.20437171448076805
3785,520.86228,9.528,1.3117617150347138,-1.516439157248766,0.20447703879793216
2701,181.04852,8.3491,-1.3100667649217392,1.8051281557218057,0.20483092779564843
3203,536.30925,8.9575,0.5990992018016481,-1.7948175712738637,0.2049850498002398
4005,496.93268,9.7705,1.1547020533646002,-1.6287895247572213,0.20501216605811484
1649,703.37102,6.1867,-1.4210059316833528,1.5214049250589963,0.2052004848011511
4064,716.52031,9.9424,8.231307009443181,-1.8437578302085176,0.20566789340692432
1819,351.62589,6.6068,-1.06425619405527,1.8391381299989602,0.2058168095882926
1360,579.20837,5.5128,0.7001534156082432,-1.7133600222081975,0.20583672481343349
2899,617.51966,8.5983,-3.660592191556445,1.7043986764264876,0.2058751709844617
1943,354.23175,6.8113,-0.2881133261196247,1.5135267744533782,0.2059837954388302
2225,334.29387,7.4047,0.44533381511907066,-1.5177337195444907,0.20605126825676962
1914,316.26201,6.7738,-0.2484483625635816,1.8186860633657913,0.2064642515551518
2724,223.16809,8.3805,0.38389194831313933,-1.6806070169601588,0.20670796966694155
3195,661.47551,8.9422,-1.8759499037089515,1.573620080980958,0.20675833519932427
4504,1000.7852,10.9072,-0.5923183070893394,1.7368406865257906,0.2068838550654208
2790,258.24159,8.4837,-0.30749823698775813,1.7305694536442198,0.20694713029844658
4253,693.395,10.2815,0.9043675639800837,-1.7418277583932824,0.2071431781168731
3890,501.37589,9.6558,-0.486423979847177,1.6147640053841732,0.20771557915705904
4312,347.29082,10.4255,-0.2905261602491178,1.5519814640275023,0.20790207696626636
3346,313.27239,9.0859,-0.21932016868298732,1.8208244865641219,0.2079557753822062
2466,369.16774,7.8602,-0.3636385937012534,1.5106151318928533,0.2082656967180489
4396,618.51381,10.5927,-1.9527013224921266,1.5750118886969158,0.2087349289761151
3887,697.58689,9.6379,4.481052975604781,-1.7052326320864377,0.20883667188807334
3221,545.29618,8.9626,0.26063383617051894,-1.497216446423654,0.20892946691726502
3984,507.3665,9.7687,1.013108301715297,-1.6907706138048368,0.20897908114945174
15,161.02845,0.6164,-0.1419330676991848,1.7582351189169176,0.2099296583343572
2636,358.36654,8.2335,-0.67933399212402,1.4996945748634585,0.21019209597783678
2486,687.41266,7.8878,-1.1406903193168967,1.8132963768935464,0.21071532987412142
2147,302.24646,7.2204,-0.20806794773221426,1.7464109536693324,0.21080526141782455
4297,575.4894,10.4081,2.619755661223996,-1.7147557538560043,0.21082152227925904
2624,336.24951,8.2172,-0.7268021621074876,1.5441681169174024,0.21104180514275775
813,410.19321,4.2601,1.4451011177389752,-1.4874431379078565,0.21116206647995153
3373,557.50873,9.1074,-0.6364623723688689,1.486504884302208,0.21134376802116298
2339,316.28175,7.6472,-1.2764843607564318,1.5646070998819812,0.2113592438312878
2447,331.33867,7.8307,-0.8402645441197016,1.4948067745742712,0.21173891965838007
4355,674.50955,10.5389,5.4380382304878925,-1.785636022151586,0.21229349900835043
3292,348.28591,9.0471,-2.192595792684152,1.6034384322245467,0.21234277253994077
3028,493.31192,8.7657,-0.587076598930933,1.5911825361037202,0.21244142159489826
2674,318.23631,8.3019,-1.0093858872915007,1.5057411468732584,0.2127295046944634
3091,677.46914,8.822,-3.1501191771496124,1.6194587670003822,0.2129172363035221
4203,463.37624,10.1579,-1.3931551125654766,1.6519384256680092,0.21370704970570206
2381,338.24781,7.732,-0.6818892685985141,1.7087986223469562,0.2141351734490059
1858,370.26465,6.6243,0.7663242696928165,-1.6830902372411265,0.21449151733538302
784,865.19453,4.1915,0.8019552028850896,-1.666343555666946,0.21520899097629084
4075,213.18396,9.9595,-0.3730134296655976,1.603124669124095,0.21531044796134371
4044,577.2756,9.9076,0.6057446381797025,-1.7064266598581013,0.21548608448181433
4313,283.26917,10.4218,-0.9673995598161218,1.6254126254742436,0.21560623578864466
3355,758.56738,9.0898,6.592297806392159,-1.783849771489686,0.21599626559860127
91,324.86121,0.6592,-0.2192740873786354,1.5792218778080866,0.21630969024220595
2317,340.27877,7.6164,-0.30803120377472215,1.469527047678852,0.2165179723646155
2541,294.24016,8.0007,-0.7336738523527995,1.4954062603217742,0.2168947001226396
4080,608.5593,9.9528,8.138873205805137,-1.7728599572813983,0.21782633487139327
2620,373.34106,8.2037,-0.7132217959628147,1.4834927396177975,0.21784347280133745
2143,334.23376,7.2126,-1.2586346009436618,1.502873847476246,0.21786786723003834
3678,353.27864,9.3867,6.103175453790972,-1.7733138824182708,0.2180331531513096
2718,317.11357,8.3498,-1.562715344917497,1.5800011715955622,0.21809119735554125
1643,366.71675,6.1769,-1.2823563882070976,1.5438057256739992,0.2185472057149902
4003,961.58296,9.7908,5.472063934515475,-1.5108261239773564,0.218611584494047
18,142.0339,0.6184,-0.21212380339381198,1.7075229039294897,0.2192170039493628
499,461.20862,1.8336,0.19269152387504995,-1.6875293384057202,0.21990360117981875
2539,244.22595,7.9983,-0.33922020371671113,1.7320172827974631,0.22010813730133583
1131,374.22718,4.9807,-0.2032358110949204,1.7465585577241682,0.22014327066772507
2770,300.28829,8.4587,-0.8993173622335195,1.7005207026558466,0.22078467182797412
3368,359.18756,9.0979,-1.3040645499288037,1.6394901770876509,0.2210452400884843
1103,210.109,4.9067,-1.9367995179470627,1.5060148409709517,0.22176060676255258
3826,559.31484,9.5707,1.454742905229938,-1.4610933143287816,0.2219810571399776
2699,149.02231,8.3479,-1.177704865664583,1.7005220243921635,0.22258348028295108
946,224.12467,4.533,-5.9816296981699,1.6452676629147964,0.222596053531883
1737,689.4915,6.4175,-0.6443127386403873,1.4990014624230255,0.22264165575573833
1876,226.17909,6.6779,-0.19560504928495348,1.4593735262297642,0.22268951591595504
1584,331.08014,6.0634,2.14265441581128,-1.7396741585219089,0.22278997369770812
1592,413.28733,6.0765,-0.343624442766318,1.559398278646053,0.2228421402520507
2168,361.34105,7.2593,-0.25707502428975104,1.4551466377054862,0.22348972525674524
2066,394.28786,7.0393,2.9150535771981407,-1.6598015587145738,0.2238453349482565
2153,285.29694,7.2317,-0.28027209542475084,1.6835950671146338,0.2241357718218793
4167,507.53125,10.1074,2.4338803039627384,-1.4827173487924024,0.2247990316256798
3921,554.47059,9.7178,-3.0400807471156113,1.6842157881787174,0.2256003315776622
3312,347.2564,9.0749,-0.48370132113644804,1.6422373100749823,0.2256624365836348
4112,522.41985,9.9956,2.6926325211885644,-1.681293395083046,0.22618580916195427
1308,360.24735,5.3399,-1.6462831518375967,1.609920004012483,0.22739839624164127
449,103.05332,1.513,2.0434660795455972,-1.7013019886508758,0.22866109675785767
2298,268.22591,7.5797,-3.6820186439536746,1.60510557685608,0.22871091329973156
1669,341.15918,6.187,-0.4202739570333289,1.6113364397385708,0.22920271332619843
1301,467.18706,5.332,0.1903317291274682,-1.674201461051539,0.2292947023290798
880,403.15595,4.3832,-0.17948834108384304,1.675059135322286,0.22998667901136347
1189,195.06467,5.1165,0.6315026358950613,-1.4208764128795173,0.2305396432770546
157,788.57912,0.6947,-0.4849343744956762,1.5182154177531353,0.23095990576806866
1165,360.21148,5.048,0.969289741273279,-1.6346926257765932,0.23122547560882284
3700,564.12178,9.4271,-0.7846515990987619,1.409653470756394,0.23223531509489
2146,303.24984,7.2216,-0.4194982250396322,1.5214092139491284,0.23233259896440822
3142,490.36367,8.8819,-3.1157007058490898,1.5312183744058985,0.23236022348765495
3432,348.25912,9.1631,0.8693358943853475,-1.639353875271344,0.23256890693761761
1101,170.11649,4.9064,-3.71624321873485,1.5732082101408398,0.23347698984187149
4122,381.62639,10.0288,-0.7811343422099029,1.474619068977953,0.23347970549824895
732,360.21128,4.0385,0.6116879681698117,-1.6342661652644892,0.23350428966997905
1810,270.21929,6.6024,-0.160796250801293,1.6833769780000243,0.23363626625656742
657,178.12161,3.7408,-2.046822369132523,1.4089939805309533,0.23394228872990602
2625,352.22375,8.2184,-0.6828683670057512,1.431928752867584,0.23428900189633345
827,562.26358,4.2798,1.0162041289907915,-1.6514600269414998,0.23453956418994065
4173,339.18156,10.0945,-0.3108884439298265,1.3985932381291288,0.23493600153825725
3999,405.29501,9.7975,-0.13219104185829877,1.416354049296234,0.23522573733507812
2690,226.21546,8.3309,-0.397930573155417,1.3954666476005302,0.23537348433026944
1158,194.11441,5.0325,-1.2530661197156547,1.4400891266661167,0.23540622039598483
3068,660.47967,8.8152,-2.4278761593153715,1.5301524565834914,0.23561770030819446
37,147.01281,0.6222,-0.16350213054025353,1.6566167140107717,0.23571837800857273
90,336.84256,0.6598,-0.9957527607337275,1.628914699197452,0.235936632596952
4292,675.38461,10.3742,0.8366142259946061,-1.61479067894158,0.23604783947769364
2890,336.22966,8.5915,-2.112827125712405,1.5805376007006733,0.23621724854519305
2032,352.22616,6.9718,-0.8212973913614849,1.3923953663968436,0.2363576056287339
1724,368.22662,6.3947,-0.950267241229608,1.5019927719952266,0.23646769711097432
3307,469.35064,9.0652,-0.84038353775723,1.5741992244175744,0.23664214144436796
1209,217.14234,5.1484,0.9938274210421749,-1.6262735814763285,0.2369676739963985
2413,476.2754,7.8113,1.500618748075813,-1.3990576903244578,0.23709432511083345
3799,445.36606,9.5524,-0.5442568250141129,1.3940110848089047,0.23714481537355334
2054,318.33569,6.9889,-1.533130500003197,1.6281811902657664,0.23737715398694872
1222,450.18414,5.1865,0.22285046560520705,-1.4218834969313552,0.23746690392404154
1386,376.18496,5.5887,-0.1754806016789896,1.6443940065625717,0.23822019604190342
680,300.19037,3.8512,0.5090105847516337,-1.612150006128969,0.23826359421965618
2551,315.19162,8.016,-0.24207619119614865,1.5646200384262254,0.23906324053650554
1343,575.20964,5.4319,1.19676729846545,-1.6232114314444661,0.23916562059226035
80,351.88516,0.6521,0.654878493970934,-1.5197659104551646,0.23981185995340812
2092,368.23957,7.0832,-1.4168771183125042,1.4662498572488771,0.24012887905617444
2451,350.22892,7.8435,-1.79042944805287,1.4308236843481204,0.24088459500974244
3833,183.13699,9.5861,-0.7093508154614225,1.520318565645265,0.24191544888005345
2697,205.08484,8.3473,-1.063915963445492,1.6155908424205783,0.24199499413513584
2595,393.25955,8.1483,0.3444356709056251,-1.3738386976578743,0.242074168257597
4507,550.385,10.9434,1.1888852084783768,-1.636562953792266,0.2423494612168429
4236,548.50194,10.2228,-0.6780780653895597,1.4977906584754863,0.24283645300590173
1912,334.27264,6.747,-0.34986999110680994,1.561391142367347,0.2432190475591817
3188,516.78717,8.9429,0.8225400408303836,-1.5567662409965857,0.24358792120756087
26,232.99815,0.6205,0.20158549497838596,-1.629770028305347,0.24378006177625774
494,221.08139,1.7861,-0.349962602420435,1.6228356917184776,0.24382488995223792
3852,647.49473,9.6139,-1.5942806783577428,1.3958914062116952,0.2438822741976291
2049,318.67211,6.9871,1.1159591737271746,-1.579148709619326,0.24400111196901364
1454,384.1484,5.7096,0.43325837743896756,-1.4216938124424645,0.24429374226855846
3179,375.2491,8.9176,-0.17538096587177954,1.5573661030655133,0.24506290467706435
2374,155.10569,7.7846,-0.4146179031294501,1.4163694943107787,0.24513049915620877
1102,188.1272,4.9051,-3.1113788277233754,1.4699833572292995,0.2454548540002806
1636,702.36458,6.175,-1.8607328460120716,1.6051841183535869,0.2454597614328211
2547,402.35637,8.0081,-0.765935438960299,1.4448726513307268,0.24572260081751857
4386,586.51506,10.5869,6.2944178649813525,-1.6075968057783627,0.24589254624893395
2105,332.22021,7.1243,-2.3953526615602794,1.3601983225612453,0.24595772868487745
4107,617.51358,9.998,-2.179503507407728,1.354811193983817,0.24698529358051052
1223,428.20252,5.1889,0.19011009649113486,-1.3953480382670302,0.2472004939962743
2630,155.10565,8.2244,-1.5753961573660078,1.4589490502287235,0.2473625120539034
3052,395.2784,8.7682,-1.6286064687986679,1.6099954097805893,0.24746108018623605
694,865.19478,3.896,0.3206874711734846,-1.377209054304706,0.24772126905109165
2185,350.21943,7.3502,-1.6495372390086516,1.4402616138158457,0.24791735623723143
2511,393.25912,7.9756,-0.3826301163289667,1.5170834599676708,0.24844900466998743
1105,232.11681,4.9189,-0.2017971668312688,1.601652402520562,0.24896479280463765
3579,387.24928,9.2914,-0.9225291728986722,1.386808815498561,0.24926412445320426
1211,526.22569,5.1526,0.20313045079115621,-1.4613977456702623,0.25088856305627566
1879,366.22397,6.6816,-2.2124954791916904,1.4872892262376038,0.2515663172240744
1708,649.41296,6.3161,-1.7242173743038962,1.4223147128063345,0.2516956782123896
3666,353.76464,9.3859,-1.385742536629722,1.4611229692806555,0.25197440916242075
3326,663.48941,9.0734,-1.0327019147142362,1.3459079173485342,0.25243752407299686
2794,296.23616,8.4565,-0.8678286831595923,1.3670407143658365,0.2530905127223228
953,543.23796,4.576,-0.23958858919044967,1.5609745042463852,0.25314835160561183
1226,519.2602,5.2031,0.9208732784794753,-1.3647369739907411,0.2539223358369818
4508,615.45722,10.9397,-0.24376398343407502,1.4015972125257126,0.2539864118791108
2023,721.41325,6.8744,-1.2329591796065404,1.4776094155039816,0.25440735590452823
3740,648.4977,9.5162,-2.90274815200125,1.3664854860491649,0.2550499369679924
1389,398.16717,5.5935,-0.1532955291755389,1.4547276456369729,0.2561384159958667
1250,197.11603,5.2378,-1.0274105156281488,1.4037127777097664,0.25618626767635566
668,381.2132,3.7918,0.19752234839203098,-1.342674063757222,0.25652359700929894
2632,338.24463,8.2576,-1.5455157300818803,1.5584810656914503,0.2566288930390044
752,265.14254,4.0793,-0.17732341272689744,1.3965451800308863,0.25667417872058823
2489,293.20972,7.8878,-0.5472672798673734,1.333865090764659,0.25721215106904455
2318,645.53888,7.6176,-2.696061417987527,1.4342155448695502,0.2574046185983816
4447,411.37906,10.7848,-2.555894932368062,1.4382751020626299,0.25745809741988057
352,247.05012,1.0622,-0.33666596644328894,1.5108990675385738,0.25779648090777757
2002,292.27008,6.8506,-1.2565352242527537,1.5510124458798646,0.2582725845475609
3693,565.16782,9.419,-0.6087561306172011,1.42215245658689,0.2583372268353999
2740,279.59006,8.3818,-0.4970437500046758,1.3635385859873006,0.2586340378189315
2373,290.20783,7.723,-2.686260360713173,1.4717445700295348,0.2587888055293799
539,205.09608,2.2029,-0.1867214615823194,1.5549925145886818,0.25955011435946257
3430,347.25644,9.1703,-0.3417353440355404,1.3860898271983835,0.2596092343981185
3909,631.49589,9.6817,-1.3465472410103931,1.3576923790673219,0.260123489715779
1620,246.24162,6.1381,-0.575791860506838,1.3189989995654416,0.260152175265703
2639,280.26226,8.2347,-0.8650354399917308,1.3426284698823412,0.26046625514315164
1801,241.11932,6.5628,-0.3227488029724954,1.3115452588735537,0.2607547187684922
3800,522.28148,9.5544,0.1749828179962556,-1.3115836585175076,0.26103821329040666
11,143.03526,0.6125,-0.6263831119629009,1.5413812427388143,0.2613249831745833
2021,260.25723,6.9101,-0.3149360523032847,1.3309854435611064,0.26144846266079075
3511,264.23914,9.2442,1.0141693897201023,-1.4990660937572675,0.26210261422854314
3297,326.30342,9.0527,-2.7636667459400615,1.3812278428986675,0.2624231544388305
2190,334.23389,7.3024,-2.202227349064425,1.4439414697181023,0.26294342165053397
3145,294.24243,8.885,-1.0713449980470102,1.3049282816223808,0.26324582592872825
3125,539.22172,8.9141,0.44745804475247564,-1.4477992842719174,0.26334180052756895
2100,409.25481,7.1107,1.754969289749888,-1.3820529596830784,0.26339414051227295
1427,284.18199,5.6642,-3.2111443334537375,1.3805057170499981,0.2645741358422922
2142,312.24746,7.2072,-1.8407078062386857,1.3633983523143103,0.2654633824806325
1756,286.21528,6.4513,-0.21392717813355056,1.4726210224779197,0.2656123813671526
278,263.043,0.8882,0.17278275357998574,-1.5135753536383734,0.26662430820413846
3277,375.24912,9.0264,-0.15092940448454684,1.395511841698887,0.2675153204179612
873,434.17923,4.3619,0.3683794271303462,-1.3836071836217834,0.2675576503314485
1075,471.35253,4.8482,-1.4602600997552044,1.4692088815648277,0.26832301392812735
4425,395.18643,10.6919,0.19012640030009287,-1.2857801439555978,0.2685049240198497
2938,351.1712,8.6679,1.4162039503947836,-1.514461642205592,0.26887961590246684
16,134.03493,0.6175,-0.1842477074412514,1.4898013937552683,0.2689349338093381
2264,429.11646,7.4968,-0.8071186333839337,1.2810187120681622,0.26952467713794537
824,519.27102,4.286,1.458517498942069,-1.4856127080759383,0.26990632679181426
4308,166.98392,10.4292,0.8171750477211166,-1.357108792364459,0.2701622921095001
678,701.24649,3.8434,0.20272220951176045,-1.4977250431824605,0.27050451933280795
2642,263.23568,8.2354,-0.8514427328187342,1.3082334527037653,0.27054514497708754
2112,366.2276,7.1339,-0.9257991182817564,1.2908850059480192,0.2709360379133603
4042,599.46287,9.9002,3.2118530984666,-1.498476466802189,0.2709595283244755
2759,371.29599,8.4052,-0.2188557612842903,1.276203701857737,0.2715554176285062
1282,429.161,5.3083,0.9754098382852217,-1.4380772378075537,0.2726509365156526
3888,663.46135,9.6274,-1.3133469569577307,1.2912766998926302,0.2731922924378257
3531,393.23865,9.2658,0.15709692394747599,-1.4300286985199218,0.2735088781577684
2106,352.24434,7.1172,-1.3506147126473103,1.31172631953069,0.27402520136406094
3387,280.77518,9.1312,-0.49511099141844017,1.308799753182772,0.2753426992867159
4397,546.52205,10.5945,3.614151552114506,-1.4649635711214002,0.27556707404210956
2394,359.21536,7.7418,0.43596260613531523,-1.2605381037696772,0.27611675760946053
1640,352.75004,6.18,-1.0966409072016248,1.3243107345101905,0.27672762131074574
2862,324.24954,8.5599,-1.7647951980193657,1.3686254039627004,0.27714661999575546
3463,345.33916,9.2292,-1.1363074396296788,1.3396414288127427,0.27763662886009977
2506,409.25453,7.9086,1.7193749480781504,-1.464425134157858,0.2777856296574909
4317,325.32177,10.4408,-1.6501510295360395,1.4359205275344238,0.2779686096004029
4380,548.51284,10.5506,-2.1419651284427497,1.295346328935216,0.27837387827056187
2388,316.27773,7.7883,-1.1044792971281963,1.2709713390862312,0.2791400742907068
2041,368.24058,6.9533,-1.7670138799288964,1.310247906436151,0.2797749081920776
735,337.17442,4.0457,-0.190412515418374,1.3746442728798514,0.28012630394331106
105,388.85205,0.6598,0.4544875292416468,-1.3848376918604886,0.28013490574987304
2387,279.2306,7.7345,-0.1726546738417536,1.4573900869708802,0.2806624658486875
2682,613.48919,8.3056,-2.9234301505545908,1.3148199740267892,0.2806677255039685
1354,271.15045,5.4903,0.21697699629340939,-1.3368082937512893,0.2806688909208282
2366,296.24768,7.7411,-1.672198840290064,1.2771172378535713,0.2808641850191426
4361,647.45778,10.5269,-2.1307745549085517,1.3757412073457933,0.28101209754884515
3164,254.66256,8.9107,-0.4431178549335941,1.2838995097265682,0.2823648140131757
3156,489.36434,8.8925,-1.6474943291674853,1.2634155331633818,0.28240471872444456
1347,341.15557,5.4519,-0.17245165617549674,1.3334407572119316,0.2824742088496687
1010,500.27169,4.7276,0.230918771832882,-1.3401945681203866,0.282931151642359
2309,350.22882,7.609,-2.6377305209958886,1.3810465877254186,0.2833780932507302
1298,407.166,5.3259,0.14347792306195917,-1.3865283098793044,0.2835167857046148
2117,278.24635,7.1471,-0.9235438560122873,1.2662387801389414,0.2836381986209229
633,180.10086,3.3525,1.5163974224248782,-1.4409515071917296,0.28400211569485867
4384,657.50455,10.5823,-2.449641168088717,1.2438119451342746,0.2844784777703585
2072,773.49113,7.0367,1.664285608109802,-1.4161225924105796,0.2845571214902293
1930,705.44965,6.8003,-0.731385241757927,1.2491194441565494,0.2845900021952374
3063,346.27776,8.7918,-2.986725706031628,1.2554372627107984,0.2846337382836362
1300,432.17135,5.3214,0.5867173046014402,-1.3535250201190019,0.285009889031863
4246,616.48173,10.3214,-2.918276050259799,1.414784932879248,0.2855188980919321
87,320.86482,0.6581,-0.17087741544946944,1.4195513518326501,0.2858993771375998
1452,431.16601,5.6719,-1.0887753872130777,1.4104103979267364,0.2860854496806539
3098,619.48323,8.8298,-2.877692708031769,1.4373132046603458,0.2866084206346223
2280,712.47598,7.5414,-0.24942843297642803,1.2334094102730648,0.28759824949686513
2262,292.22454,7.5893,-1.2410021169378584,1.2405448215516697,0.2879308019911498
2649,369.26169,8.2343,0.7829645707424859,-1.3943813192180348,0.288005594924945
2455,671.44328,7.854,-0.7642836703974876,1.247440805001782,0.2883811326311707
2705,280.16067,8.3467,-1.0643522146682214,1.4220585322547576,0.28948148152943165
2429,365.2473,7.8034,-0.3009829244569877,1.307499469280394,0.29048688847155674
89,322.86299,0.6581,-0.15727278282780777,1.3901836089628956,0.2907965454522207
1367,227.12657,5.5158,-0.16879625957125377,1.4030626827764832,0.2908143645913215
2602,319.23644,8.2054,-1.1605037519505785,1.2434214447557188,0.2916001337467046
1868,364.20821,6.6107,-3.251959861890878,1.2169215825278923,0.29241870081731314
1153,155.10564,5.0298,-3.6102121000545333,1.3058732474587713,0.29313999971315136
1677,341.25362,6.1844,-2.3540178840769688,1.4072743523497582,0.2931858777903998
3036,273.18365,8.7712,-0.14634972017274528,1.390213582920435,0.2939021316660209
2221,332.23843,7.3924,-1.3309045946971088,1.2920128637226111,0.294222151369598
277,241.15345,0.8865,-0.1736986512365739,1.4033833245214684,0.29447705264921864
3523,256.53475,9.2597,-1.3583667005519535,1.3970105151448398,0.2947974873902672
2030,275.1994,6.9392,-0.376096776111968,1.3768906128169662,0.29513382414281863
4455,688.48893,10.7616,3.362353387935399,-1.2237370489170671,0.29527979327718784
3159,316.21851,8.895,-2.3748513977033396,1.2835130368993557,0.2955816801926619
3553,313.27242,9.3067,-0.6899683866189914,1.4011678544453054,0.2958256356094813
3189,500.27308,8.9391,-0.14796687492979643,1.3180321815678118,0.2967225798959754
2123,350.2257,7.1628,-0.8237540128833736,1.338381397202782,0.29739252814613254
507,232.97315,1.9131,-0.19475127434976613,1.3917551032924902,0.2976178772539576
1163,226.12296,5.0435,-0.7048739323548681,1.1966797960491133,0.2976507449571175
3585,427.39177,9.3349,4.159439195067531,-1.3657992434605972,0.2978809880056026
2367,314.26247,7.711,-1.629540291646376,1.2123145356237168,0.2983028199794644
1952,353.55109,6.8152,-0.5481412155385854,1.3870522253631856,0.298437815536066
2452,352.24748,7.865,-1.7425698402910808,1.3164410416328383,0.29877263803874304
1694,228.61616,6.2712,-0.6238548185958597,1.3167769391494617,0.29880964429251783
160,1038.4682,0.6984,-1.0377882258391442,1.272169418020339,0.30037607441585445
2898,300.26571,8.5331,-1.517119423794428,1.3800968552888933,0.3011902015956274
2635,281.26494,8.2335,-0.8556966473428744,1.2041403438221063,0.3024376136004136
1513,586.42209,5.8671,-1.1331228254523742,1.186758578779308,0.30250499021889554
3383,352.27689,9.1069,-0.5845197160805853,1.3115037213052858,0.30273527339758105
3356,329.26728,9.091,-0.18772831583438077,1.3501975882743258,0.30310367678737654
1365,245.13712,5.5146,-0.16509242981078742,1.3678287633843076,0.30335542899794243
2960,401.28823,8.6897,-0.21078460568493718,1.3523269261267408,0.3037399754072168
2765,322.26481,8.4806,-0.5363668651948217,1.2650195003619258,0.30374857122393556
2607,200.16553,8.1803,-1.017039125965841,1.212744156146881,0.3039386177918465
2593,424.24435,8.1423,-0.22594041981761226,1.2561176141025951,0.30409291641790903
3628,371.23655,9.3612,0.49766731010979903,-1.1889048550847021,0.30413776138673443
2378,352.24443,7.7261,-1.3975154079372922,1.224964818444931,0.3047439728049126
2618,220.12968,8.2014,-2.000195859531991,1.2927812469527749,0.3049035009669038
2369,278.23238,7.7061,-1.6483300033626809,1.2739989575408759,0.3054587239245818
1675,679.38324,6.1869,-0.7472093283268952,1.2778900926835928,0.30598932994276173
94,237.90505,0.6569,0.3207308311257666,-1.1732605736930724,0.3061005175763539
1916,304.26207,6.7768,-0.24628635791052034,1.3161705048021046,0.3074624794262665
2893,172.13211,8.5897,-2.8083496974743603,1.2210353709937043,0.30773750434640407
3746,256.26229,9.4701,-1.6429080946321362,1.1684355922830163,0.3077854717087777
1169,393.20865,5.0554,-0.4051232255753838,1.3296696531742862,0.30802755901675594
2709,579.29093,8.351,-1.3884169712194998,1.30104576741224,0.30857560464797035
3721,564.18173,9.4344,-1.2955680332025379,1.2003501334402331,0.30906396244486795
2260,350.22874,7.4553,-2.1802580698311935,1.1993229672143226,0.3102394386061645
2833,331.21083,8.5375,0.15808756994326245,-1.223959599422333,0.31028231746607277
2902,280.2614,8.6008,-1.1285162742911279,1.1847450558271184,0.3103011894490662
1129,465.23254,4.9792,0.14206493417923216,-1.2420804979858078,0.31214739006581504
4188,803.55459,10.1498,2.8510271147719286,-1.2420082952454135,0.3125878797563427
4305,395.31166,10.416,-0.1898896233829035,1.155594889840214,0.31297568360784517
4303,640.49695,10.4103,-2.0508822355954166,1.2304881595342034,0.3130918504129978
2223,254.28303,7.399,0.18356499113743485,-1.1718559229847982,0.31359215991253997
1512,331.15251,5.8097,1.0317767775239925,-1.2914929237119452,0.313628182492941
2327,318.83905,7.6189,-0.3457702584925837,1.167068143261261,0.3142171237249113
2614,328.28322,8.1905,-0.979407491305385,1.1734502485114675,0.3142645258599316
1567,380.18475,5.944,2.4217391158726844,-1.2998348709434955,0.3159168538335369
3817,193.15767,9.576,-0.7726199641300866,1.1964030051966563,0.3161374837180518
3859,963.59745,9.623,4.077045337687804,-1.2764725526086014,0.3162982215973976
1590,435.26892,6.0756,-0.31667923014126487,1.2148406715621054,0.31654757170445774
2162,366.22952,7.2515,-0.6587242589049342,1.1783697592077342,0.3169080700363352
3690,564.27493,9.4184,-1.4122846551315567,1.2977206265028787,0.31790279618751727
2755,348.25185,8.3945,-0.18636226357772134,1.2475020070282279,0.3185366386032943
329,293.05915,0.9269,0.8815218271171688,-1.2543152202939793,0.31916858464331077
2393,337.23343,7.7375,-0.15418949341520438,1.1651393154969512,0.31933117927656507
2047,461.30914,6.9809,-0.6055681281781302,1.1955847871432042,0.319460718579903
1081,179.06919,4.8697,1.2138596497152987,-1.3045760813616105,0.31955550704802055
3005,701.16497,8.7286,0.638987670815677,-1.2496239504565558,0.3196391976699006
4288,593.38187,10.3608,-0.2547582633416967,1.1493953348325672,0.3200832736430062
2364,336.23732,7.7044,-1.0955065434489057,1.1382533674471,0.32011919427399554
2120,296.25235,7.1513,-1.8122868930679026,1.3070454045812,0.3201867157728664
746,469.19203,4.0708,0.4898408961875944,-1.3057479312572933,0.32050514187787704
1927,721.41379,6.801,-1.5416530683414127,1.1986269052527239,0.3205104065436254
2306,252.23102,7.5905,-1.0836698453763294,1.1502021371110065,0.3205107712455574
2962,351.27072,8.7034,-0.9288489691173365,1.187656695163926,0.3208504891056127
34,135.03126,0.622,-0.14946773635289468,1.2880695944922818,0.32087885905302654
2675,296.25712,8.3026,-0.971477275290793,1.1437563016788184,0.3213499727884075
1589,847.54891,6.0752,-0.32751653907932265,1.2193973276895924,0.32138961100427366
748,499.1247,4.0729,-0.16638584104983067,1.2879160045966223,0.32139452685913117
1451,537.2971,5.7087,1.4119205376736694,-1.2954463031030947,0.3214720513310399
1157,172.13214,5.0316,-1.2178524436316804,1.1579257152887963,0.32151684316332874
2621,631.4992,8.204,-2.9976555972846772,1.1387120423670984,0.3221484861753091
4225,419.35046,10.2094,-0.15059331817011312,1.160345608302105,0.3224210751682173
1586,189.1295,6.0744,1.1279838506472837,-1.2674411487305486,0.32287532604415065
613,218.10118,2.952,-0.15969589134524664,1.277529289425393,0.32295836408140743
2189,312.25052,7.2779,-2.3254014917010286,1.1609746010366768,0.3232441061336445
4393,915.59885,10.5889,2.6680633240316443,-1.1990707956955753,0.32349116159532154
2088,315.25176,7.0826,-1.0720547339489874,1.218295340968019,0.323509346939895
2745,337.1458,8.3818,-0.6907957515185625,1.131698353505966,0.32371877736266724
4113,752.60122,9.9765,1.5104709765479534,-1.2862525012431223,0.3239196745034749
2615,169.12122,8.1965,-0.9008976907367234,1.1476031669642661,0.32394160861190757
3997,393.29628,9.8006,-0.616275087051708,1.2875662147765943,0.3252627840414163
2959,677.36962,8.7077,-0.5875437398984698,1.1242533561058898,0.32607556019440104
2386,311.24835,7.7345,-0.22329895939827438,1.1684368885071297,0.32625136325067
1575,254.17151,6.0356,-2.474664743513623,1.1736009672303105,0.32665710488945315
2754,613.48853,8.3479,-2.34031688467286,1.1711052800199149,0.32695367280470095
4138,381.74495,10.0142,-1.244533214995891,1.1349762479185372,0.32790505802237446
1791,440.23545,6.5224,-0.8443423898787188,1.1144165550285137,0.3281780364311447
1671,701.26873,6.1876,-0.7749452942093358,1.1434193714902614,0.3285950067333248
2068,376.25793,7.0324,0.5551798290095249,-1.237341924888338,0.329087530019833
4117,590.54877,9.9809,1.5393964679472862,-1.2651121133015646,0.32980334091110824
4056,411.36877,9.9271,-0.7483904411643927,1.114870376257742,0.33043527971852976
2873,259.24216,8.5118,-0.3385698835757882,1.1057291744259514,0.3309475147394866
2019,701.43917,6.8452,-0.50899491076638,1.1496547812219395,0.3313578307295372
452,149.05872,1.5207,0.4343627352305228,-1.1811225504646892,0.33149926598002083
2664,163.05884,8.3204,-1.2891295351671896,1.2603915559987078,0.3317606814462591
2423,293.20936,7.8328,-0.5766943947287411,1.1231079497046077,0.3318886816461774
1655,341.48518,6.1806,-0.35774772294849644,1.167492598816181,0.33285253112271423
479,310.12738,1.6602,0.15143336306783794,-1.26183315730785,0.3332329281502015
2514,306.23916,7.9336,-2.1717728122853797,1.1320959494191145,0.3334675023470677
2080,469.27535,7.0439,0.1780599964866072,-1.1699684971568036,0.3334884467034404
4004,337.16604,9.7408,-0.9312687642476014,1.211264763200421,0.3336388898440784
1719,370.25722,6.365,-1.7616341343139248,1.26164061147138,0.33417415212973667
2638,245.22521,8.2347,-0.9790731533380885,1.1201869058866925,0.3343324553398463
410,280.07295,1.336,1.0647769284205326,-1.108805085164978,0.3343519990384643
2062,693.52894,7.0233,0.42993886996491426,-1.2550177886037819,0.3352929860264934
2612,186.14783,8.1894,-0.7828346112722997,1.114163804990015,0.33543943871229936
3025,475.34365,8.7626,-3.0551368483009096,1.1208244060024037,0.3358907629037459
2603,339.24933,8.1701,-0.6437342696874211,1.1681922059068197,0.3363485341952395
3095,501.29521,8.844,-0.4296547304948266,1.2248450660729602,0.3385045644618521
2290,290.21491,7.5659,-2.15070419595731,1.11640361359405,0.33854729498219693
4383,564.5304,10.5737,2.5267230808622,-1.2218315034761114,0.3412486381323698
3158,719.35892,8.9315,3.2141712924682233,-1.2348932027914394,0.34216591956025766
2591,214.17903,8.1314,-1.9041726861593729,1.1192583132454028,0.3428698147360702
3004,704.37848,8.7243,0.39138400618702107,-1.1790704529089007,0.3432970139914585
192,262.06758,0.7245,0.5861932530904079,-1.1845800415710588,0.34334944402476597
2509,322.2342,7.9184,-1.1349479874043586,1.1000185018558948,0.34339408997208337
360,384.2213,1.1047,-0.15222042876028752,1.2275510066707251,0.34353817672153203
2249,296.238,7.4404,-0.7677994321782124,1.1787529361731555,0.3439271448028863
3559,543.33168,9.2617,-0.30208175760974143,1.1952791276558843,0.34489906658776276
10,119.01795,0.6136,-0.14169186751938057,1.222470449311553,0.34512044110379086
2444,314.26766,7.8331,-1.2119872662225122,1.0919934049533764,0.3463305268599581
3408,300.20064,9.1196,-0.6036056813570925,1.1897882556166244,0.34665380745482355
3403,198.18422,9.1332,-0.9446962183477043,1.106748811783103,0.3470369056359514
2896,156.13742,8.5991,-2.7475030437640533,1.1051617204660806,0.34716487593345174
1929,320.30418,6.8022,-0.6226352748211044,1.1404161580941194,0.34795429885708096
3924,411.37984,9.7332,-1.3061611694984627,1.1682199169910843,0.34824631829621916
2428,316.28266,7.8034,-1.0193000017581992,1.0711715994636803,0.34828652408465505
2729,695.4788,8.3991,4.493048265010702,-1.0724897789630845,0.3493424370259532
4411,391.2827,10.6562,-0.17762919488480655,1.1847116062207146,0.3496681329087826
2788,247.16799,8.4813,0.18875153996468974,-1.1779661215687964,0.35076869721503595
4420,264.23924,10.6839,0.7714154777396915,-1.1504078437557566,0.35094949151002186
1611,348.25193,6.1197,0.1665865261175039,-1.0596588044498017,0.35124870339552383
1701,285.16813,6.3369,1.3742718919705803,-1.1969143431494895,0.35169736762541637
424,420.06973,1.4104,0.5476960425012463,-1.1471246918198617,0.3526129080120315
3446,645.47931,9.187,-1.19423734678041,1.062981374630169,0.3532677742824092
1874,425.25001,6.6247,-0.4998196267655084,1.1297454333366386,0.35382598882938937
3808,266.25472,9.5329,-0.8902926946833265,1.0481128806349989,0.35396016218727483
2832,301.1746,8.5273,0.18691142593994314,-1.088658896594491,0.35410876878798225
3507,256.2145,9.2537,-1.443603915239141,1.1824702704330698,0.3565313049347299
2546,411.27165,7.9995,1.0113255182814829,-1.0750346775521626,0.35658836720349174
1205,523.67457,5.1294,1.0135004942867285,-1.154956557055743,0.35665890647345155
1353,525.22922,5.49,0.20273024283826135,-1.0410500980310873,0.3568016195054022
2450,364.31314,7.8423,0.46332146186983447,-1.1281425957101916,0.3578238701977538
2126,385.16537,7.1628,-0.4403640366526673,1.1657040017402922,0.3594275755062707
1375,787.41156,5.536,-1.0035932739671107,1.0506389309862714,0.3597979895230259
2580,350.26542,8.1288,-0.9312716531356822,1.036567455056446,0.3613688633695534
810,347.1298,4.2558,0.1359702163840133,-1.1657879154556254,0.3614444608322001
4379,556.52806,10.5792,-0.894187290237717,1.0975150428458906,0.3615753183210944
4206,441.37136,10.1568,-0.8854797783015389,1.0285507558296358,0.3623586860081049
2325,631.55901,7.624,-4.532046495293045,1.088910484736022,0.36271395664522843
3020,298.2597,8.6954,-1.0375214137135913,1.0306449329968832,0.362716870318478
3370,665.49875,9.0835,-2.86200993379512,1.0756846201971262,0.362836071972259
2673,257.20985,8.3056,0.8671512190357196,-1.0259567178241165,0.36398489001763107
1910,277.2857,6.7383,-0.29312438497677906,1.035706008614943,0.36410456926511886
2207,199.16825,7.3765,-0.7646663773316571,1.0962580865246219,0.36414963236475784
3732,565.27218,9.4258,0.5257053507214913,-1.1122207514710953,0.36504318420995274
2240,298.74221,7.4396,-0.3664272209067789,1.1257315170298174,0.3651814392470873
1259,268.15073,5.2603,-3.600459732616968,1.0669221814101222,0.3653250769608996
2481,203.10561,7.8793,-0.11037684359879307,1.0972482231013276,0.36548735264765514
3812,359.30879,9.5707,-0.1782357001078454,1.0961737689290365,0.3660248174250744
2530,252.23095,7.9637,-1.3936190863763,1.0487539242025683,0.3661464634283208
1393,771.28072,5.6018,0.2975661418097655,-1.0323857075572198,0.3663211679173332
3681,565.08516,9.4191,-0.25687267131931524,1.0728023959450272,0.3665727926100104
1790,425.25637,6.5072,0.5258091128360274,-1.1476628481780402,0.368211002082571
1074,348.12092,4.8489,-0.2545585436606288,1.0214117444243662,0.3684822400475225
1340,248.12518,5.4257,-3.7691412810964495,1.0691185723395324,0.36989758304312476
2265,451.09819,7.495,0.8072539416714566,-1.0097222763664584,0.37087977291563434
2895,298.27244,8.594,-0.9121334518360751,1.0218243646704572,0.3709297711654777
2073,414.21402,7.0409,0.7458306677295949,-1.140386310708104,0.3710416237656849
2206,350.22863,7.3708,-1.266273740871,1.0165465755780572,0.373749621687208
2522,292.22368,7.9559,-0.8644168940021046,1.0134897305909343,0.3741993003041157
2036,366.23332,6.9514,-2.4912609360816087,1.0091536722640122,0.3749886816205608
3630,535.381,9.323,-0.4977840068254977,1.0558251254825877,0.3753031723172462
982,431.24806,4.6663,0.6532063125831513,-1.0462252253421263,0.37538896862297133
3614,383.36597,9.3311,-2.943814851182774,1.0669267666332014,0.3754272519364185
1511,383.14499,5.8396,0.5672844382646574,-1.072195405359257,0.3765641863065951
3199,264.23336,8.9563,-0.16105901636292508,1.097369202888117,0.3772456592391281
1542,363.16391,5.9381,0.3607500663381238,-1.0340106374558395,0.3773603613063497
3935,409.38142,9.7151,-0.6988628787893454,1.028604339490167,0.3774937392818365
538,206.09923,2.2014,-0.14189003469895134,1.120738165791995,0.3780042269047394
1706,325.16711,6.3338,-0.35388564488692875,1.049032454988482,0.37835710729619987
2210,328.24734,7.3813,-1.820391820131821,1.021488437526494,0.3783646561868614
3937,397.38145,9.7009,-0.8648631070007795,0.9930967605648893,0.37837244543733
3214,283.2709,8.9236,-0.9195477876296616,1.1120256400958477,0.378957160973648
171,630.68558,0.699,-1.095286688756865,1.055781456904919,0.37903740071366154
2375,268.22582,7.7084,-2.196527923550212,1.0207201047151107,0.37936314245145664
2631,172.13218,8.2256,-0.7165659599363305,1.000450440499889,0.37994935583863115
2458,303.19407,7.8534,0.45598381559493717,-1.0654031954558463,0.38064716868556
3086,440.27567,8.8166,0.18917378982193522,-0.9996485913033731,0.38097029738498
3466,801.54712,9.2374,2.8618816235629976,-1.037965240217775,0.3829809744768179
2907,227.12666,8.6077,-0.705011020906424,1.0701749536736045,0.38340514101368417
3818,341.30204,9.5754,-0.285327059849493,0.9868509386497217,0.3835247237297639
2022,318.24741,6.9264,-2.3848635097628117,1.1033694603026092,0.3837788777374814
1231,390.08795,5.2017,0.31763455928985707,-1.0857555967012575,0.38408973586493084
4433,965.61423,10.7331,3.670849916681462,-1.0813081793685921,0.3846144179829689
4241,425.37604,10.2388,-0.5155394948695049,1.0530971372569895,0.3847116363623049
3264,280.2612,9.0095,-0.8164715731197436,0.9732419379458406,0.3858386527427278
3911,369.29327,9.6879,-0.7460639257953465,1.0335201382849424,0.38600486451684196
62,230.96503,0.63,0.7724031291600824,-1.0354238626940426,0.3869845421688062
3701,563.93516,9.4364,-0.9179674000930542,0.9721307872407758,0.3879219986031973
72,266.92266,0.6515,0.09918973395817243,-0.9692683347587461,0.3899123231188828
2461,271.168,7.8565,0.41299351001216333,-1.0305677834353304,0.39010486271078
3279,370.29372,9.0289,-0.12944111217666432,1.0663329187139345,0.3908175421850443
2371,407.23899,7.7116,0.8371320223958421,-1.002776779279063,0.39092694302991604
2672,341.31437,8.3001,-1.734130223893724,0.9903583521154227,0.3915428268743327
1949,353.75823,6.8164,-0.5008187339889938,0.9598033132702198,0.3916165444026644
4306,682.63211,10.4329,0.8141243921016486,-0.9720335694314357,0.391777689852505
3697,283.83447,9.4359,-0.3547071370381607,0.9810119087516258,0.393348513410781
3477,357.29776,9.2209,-0.12027269627310844,1.0723006764293406,0.3939075519000842
98,472.81353,0.6598,0.10335070092094867,-1.0562599007770201,0.3948787861031167
4440,784.58183,10.7782,4.27168094640445,-1.0357460942722376,0.3955726075906983
2779,399.24917,8.4641,-0.1568842252557685,1.0362456375407305,0.39560387470677005
2247,609.51793,7.4353,-2.3082840224446115,0.9792409278106622,0.39563836509092054
3084,965.61473,8.8363,3.4932893109627456,-0.9642253822766125,0.39585482990291454
1664,340.3983,6.1825,-0.6260066437319471,1.0340623405555298,0.39655470113176744
2931,240.23102,8.647,-0.6246652982122454,0.9659024153952902,0.3970139747638036
456,166.31421,1.54,1.1735746377569143,-0.9474796547493619,0.39725650145100133
3676,565.12323,9.4197,-0.7862489261719814,0.9487932687063848,0.39765463045929383
1311,697.51986,5.3551,-0.7291738631875289,1.0534807264092072,0.39774313616243717
3040,305.20979,8.7724,-0.12257310164325297,1.0550627916346782,0.3989130640505953
3472,541.33287,9.219,-0.10645721620387505,0.9446898640912481,0.4020641335796997
1423,429.15296,5.5654,-0.730973317615093,0.9777660952574109,0.4028150970420435
3733,963.59882,9.4272,2.630870063236122,-1.02099588716787,0.40399182482057094
2561,1175.86324,8.0152,2.9466457055606434,-1.008275226935171,0.4040069552523046
3385,561.52374,9.1338,-0.3081864156597591,0.9631130168549723,0.40470520564965173
2442,296.24238,7.8516,-1.0292493064568324,0.9495526208722138,0.4049032502137479
74,352.88233,0.6539,0.14141741660933782,-1.0449606537891092,0.4052187208476746
4015,631.49347,9.8176,-0.5599470212620732,0.9293526488562256,0.40531345442765515
1290,428.16089,5.3047,0.329964226572276,-0.9525004111503674,0.40575288052218256
850,555.31038,4.329,0.43860488830084243,-0.9965693460693495,0.4058323219484962
1431,381.12942,5.6665,0.2970363830550511,-0.94445850507868,0.40588977660323333
3993,344.34057,9.7873,-0.7679606485067811,0.9712506122803446,0.40920287065035565
4453,591.46083,10.7723,-0.7457914032269333,0.9236032259161996,0.4109547701118435
1062,583.30692,4.8092,-0.1380917344323187,1.0139819007360473,0.4117586294531929
4218,381.35039,10.1951,2.2896774536193627,-0.9835355603038898,0.41483311588323285
4238,407.31179,10.2247,-0.1898456516763698,0.9092109853269632,0.4150703915765258
1049,261.58666,4.7739,0.8032552195496363,-0.9086770107896212,0.41793154340700234
4093,939.59873,9.9584,4.0290051318015845,-1.0036680554554827,0.4181311922151065
2928,691.50792,8.6494,3.5543207665888703,-0.9910912526047938,0.41816803034357625
2581,331.13399,8.1109,-0.42683283340547895,0.9367142344364405,0.4186663778444221
2930,464.42312,8.6393,1.5569131220376853,-0.916731447056932,0.4187029736176019
2913,272.25723,8.6163,-0.46081055454964304,1.0076668205083992,0.4193696639093305
2437,415.20997,7.8258,-0.9963400956784012,0.9133845236166835,0.4202021229437286
3729,732.64602,9.4325,-0.93556344869351,0.8938272550981287,0.42198203028872633
2515,266.23374,7.9503,-1.1367263972211896,0.9029549193114119,0.4224334452923499
391,183.08522,1.2871,1.206877619422512,-0.9329404716550228,0.4228528735650454
1543,238.14025,5.9414,-2.4226697875927257,0.9052451330578275,0.4230779418339225
2204,599.42626,7.3651,-0.33319963240587924,0.9630817135796691,0.42365053268857233
3834,295.26191,9.5814,-0.34874005685985665,0.8942881910299136,0.4256076775745294
3533,377.26486,9.2665,-0.1135546293566847,0.9712040252076231,0.4264319680396703
1577,717.4864,6.0359,-0.8737100275317387,0.883161127406365,0.4272164401820495
2836,299.18445,8.5381,0.11988387077969698,-0.9063419063527944,0.4273220477695962
4321,591.51268,10.4433,1.3294980189713295,-0.9129700246440321,0.4279855026418647
2067,316.28139,7.0324,-0.19657829358185808,0.9099733043740246,0.4284905007985417
2139,310.26682,7.1927,-0.8637539327456816,0.981793038289132,0.42926901773050286
2525,270.24153,7.9565,-0.9235381370634066,0.8868110931445568,0.4297021511950925
2619,310.27268,8.1996,-2.017697680961924,0.8904767481832581,0.430042083112959
3092,623.45515,8.8222,-0.14169037137833485,0.9350745049635479,0.430491612902263
2623,649.51062,8.2123,-1.4837513656877817,0.902674176139409,0.43071510132046414
1458,413.15548,5.7322,-0.11944844396767706,0.9078723833205079,0.4316715535343421
3953,401.28925,9.7885,3.340568727466121,-0.9278301009682233,0.43207129374921127
1449,399.12595,5.6836,0.5321845035026671,-0.9541496742124616,0.4337910359629154
2169,398.24582,7.2119,-0.5579742357893567,0.9280871896330767,0.43425242073586257
4058,575.50017,9.9238,1.0354038650201467,-0.8682048537182118,0.4342685604262124
1247,192.10079,5.2309,0.11911286583001246,-0.8684000496452631,0.43496607866168
4052,449.36743,9.9314,-2.0921591363004834,0.8728991195968996,0.4352562713793764
4091,572.53841,10.0043,2.7295860280943245,-0.9469356065266699,0.4368058047287728
2863,308.22499,8.5748,-1.0625983046627514,0.9504348977311136,0.437317805160067
2222,438.35633,7.3987,1.1996166091371672,-0.9591382024538363,0.43769165786391484
542,188.06957,2.2085,-0.11981260121472737,0.9602963416422305,0.43811127621554574
1441,396.18997,5.6978,0.4528680208375073,-0.9078238267791174,0.43874350675917223
3624,537.38107,9.3237,-0.4238917956035948,0.9404617012782428,0.4392195791962885
3435,722.55382,9.1717,2.1858669662859063,-0.9252465130150047,0.4396304810666553
3930,399.38826,9.7318,-1.2071984678478271,0.857619318206106,0.43971166464219436
2282,599.42624,7.5453,-0.3200352596582601,0.9227406157502157,0.44117260732479996
3205,338.27373,8.9613,-0.09480744514116868,0.9525140045724486,0.4411861456505019
2554,166.98385,8.0397,-1.013288704345709,0.8969271098555467,0.44201748941007685
3439,365.26704,9.1761,-0.13751716792973756,0.85229102151319,0.4421440973778196
4038,629.48383,9.8713,-2.2135175890298315,0.8621515551273913,0.4436448563607165
2,132.95725,0.5528,-0.6840376233352679,0.8490250352330313,0.443898575310617
4149,426.26571,10.0202,-2.2251906549489826,0.8500885111667502,0.4440814793938978
576,443.11461,2.3339,0.12463163155167578,-0.9356743717467905,0.445782291366236
3723,282.21941,9.4325,-0.5853083800308383,0.8449629729893056,0.4457931081691425
3140,601.52166,8.829,3.6353252713202386,-0.8441838162878031,0.44628858386937315
315,182.08011,0.961,-0.0983233326904891,0.9276165832234774,0.44859172846387
1324,218.21032,5.3983,-0.6333729951193812,0.8575781371864838,0.44897185834448555
2154,328.18691,7.2335,-0.2970118601985092,0.8329549936736268,0.4517371234477651
1578,383.17798,6.0439,-0.7847386990704228,0.9206917960414409,0.45180369698094247
2042,310.24101,6.9024,-1.6132455642848833,0.9069331268975679,0.45248266595324144
2964,839.42207,8.6946,-0.11803806601877564,0.8701443003129875,0.4525337987251168
568,155.03063,2.2682,0.8577173665257405,-0.8812143154815147,0.4535574290782403
3316,409.38135,9.0658,-0.6853442296834071,0.8661385216028454,0.45390817332579986
4341,682.6321,10.5392,-1.2183327807837463,0.8284656954594918,0.45439652577631173
2254,312.25215,7.4017,-2.418417373137628,0.8426775887141946,0.4544862984160095
1316,227.1259,5.3662,0.3413757815857901,-0.8995768247450303,0.456130685869916
2246,625.51228,7.4347,-1.7500811968962546,0.8419457852567973,0.45667838032579106
1954,354.57151,6.8119,-0.2157950375949591,0.9118819969558791,0.45698592625935436
3405,382.18728,9.1299,-0.7214557515865687,0.8931520477943158,0.4578701610381903
2439,437.19192,7.824,-0.33382909424886975,0.8260630648952809,0.45817709158824166
4,308.21657,0.5614,0.349714278836462,-0.8356071993591306,0.4588038003344324
3621,631.51198,9.3595,-1.2163653505996326,0.8218245064064963,0.4596429019403179
2079,330.26313,7.0488,-2.5384100454962035,0.8248995389583924,0.4598125722285743
3459,762.54669,9.2034,2.186880494913395,-0.8687751673765215,0.4602110728711428
705,196.09357,3.9356,-3.0941012011552953,0.8270978855503345,0.4607826783065566
3974,547.35859,9.7616,0.16678413052211027,-0.8215516250116405,0.46215688234906643
2389,315.25177,7.7363,-0.10280144855286366,0.8917442703732001,0.46222363722986753
2746,320.2276,8.3869,-0.3387952947138455,0.8271920893323018,0.4633111568094619
3551,467.31011,9.2951,0.4031245002595014,-0.8433555288657192,0.46362502484606155
1997,186.22051,6.8435,0.7844930581169569,-0.8798434137250574,0.4640216814641219
1904,274.41289,6.7433,-0.554960896060507,0.8465023095116528,0.4640545401181692
3625,668.61668,9.3549,-2.438439244185939,0.8771301846184016,0.4640563404680108
864,344.18384,4.3451,-0.632719799490598,0.8886577250951959,0.4646234503113582
1433,495.21847,5.6686,0.1515352592986794,-0.8124855092347588,0.46481121794803004
4454,483.36118,10.7928,-1.2309284928680362,0.8160462473892541,0.46625423128431875
3257,680.48763,9.0452,-2.1996810686829487,0.8286605472660901,0.4668039529511041
2071,398.23993,7.0361,0.33359697906798935,-0.8756511121840256,0.4678368395913685
4009,335.16538,9.7586,0.4723675831684764,-0.8011704579190699,0.4679579328050915
4289,469.32779,10.3645,-0.6114651133480216,0.885412659474158,0.4688542129710356
3309,679.48383,9.0584,-0.903087503046887,0.8091707071838325,0.4692607101397069
933,442.17149,4.5067,0.5418881251838172,-0.8741296704973972,0.46999446179239995
1318,245.13604,5.3702,0.1011138452835727,-0.8772719568442514,0.47022580574563766
3258,243.249,8.9762,-0.5208463101714544,0.8270573644878234,0.4707269377814211
1392,269.13472,5.6101,0.34440287109115,-0.8213539752712105,0.47096026623259596
4176,480.51225,10.0932,-1.5821970208470049,0.7935458662168603,0.4719207154465327
1576,200.1633,6.0383,-2.019263690186016,0.8046331395313266,0.47229490587731593
4073,792.5936,9.95,0.8953676638105943,-0.87275237802503,0.4737922968512527
1782,302.56402,6.4834,-0.24222790576103082,0.789309821508815,0.47412309808184205
2103,308.21991,7.0968,-2.5339809826848603,0.7907917666430263,0.4741770480385794
2443,172.13223,7.8082,-2.3601408025920314,0.8019679017297975,0.475746506276597
3866,625.51339,9.6335,-3.180994291943029,0.7900945564067069,0.47825011579060045
475,490.19019,1.6472,0.10797905217476256,-0.8627477747867798,0.47868972241626273
1166,204.12218,5.0504,-0.11368312580812034,0.849903840218424,0.47939360459715
2884,452.2755,8.5804,0.09187341622412148,-0.8292277752137918,0.47971109992341465
2158,380.24006,7.2357,-2.211317587913308,0.7865677434319185,0.48014631294432214
3555,655.48683,9.3034,1.0345839699912744,-0.802349490065181,0.4802667501926772
2891,357.30708,8.5983,0.34340922612073044,-0.7910903717063056,0.4806873401590129
3425,387.24913,9.167,-0.07566165811830139,0.8541852742421593,0.4818665542791581
2864,214.2155,8.5618,-0.13044478403823856,0.828086386051418,0.4819440757044538
1368,287.13457,5.5161,-0.12908929790603718,0.805510473996774,0.48217642628335844
2102,361.34096,7.1113,-0.22289223378497702,0.804693063094917,0.48236722310183927
2659,489.36492,8.2803,-2.7058366582788205,0.7791581169444858,0.4837841490340963
3529,355.28184,9.2638,0.0824215319051067,-0.844157178942709,0.48425780692228687
3619,333.25041,9.3599,-0.14408566558628166,0.7718599692607045,0.484260697834946
4227,553.45731,10.2097,-0.31399790018261164,0.7685061212627925,0.48531706397244706
3840,397.38144,9.5994,-0.7407127539813807,0.7683589943501404,0.4856304102281406
2723,542.40315,8.3742,-0.361820563257659,0.773852823968657,0.4860739045294445
1550,412.7951,5.9635,-0.4980350095167987,0.7739651951745418,0.4860987333799203
2727,557.45452,8.378,-0.14463498090982085,0.7736559997752113,0.4863149573737182
3860,435.39264,9.6212,-2.5560375693580983,0.774637577345808,0.48652368619094744
3448,705.40003,9.1896,0.21698087713702652,-0.8352052272352296,0.48659571148053854
3305,429.37118,9.0566,4.136053178603736,-0.8446775561093598,0.4870146488336674
2941,506.52768,8.7033,0.7733711760611532,-0.8364630457489063,0.4872242591086876
2502,491.84932,7.9056,0.5358927652166807,-0.8335657136389055,0.4889458448834867
333,141.01493,1.0068,-0.5091819734839813,0.8214890550605096,0.48983084335522437
4168,524.29716,10.0864,0.49161496825581974,-0.8250331060699918,0.49097185019200196
1455,461.17679,5.7174,0.7167519444116373,-0.8224226845545332,0.4909759987368299
2395,172.13228,7.7609,-2.5079891680469393,0.7644858311651955,0.4939339252303848
3376,551.35368,9.1074,-0.28271000832033977,0.8081039309853053,0.4940161247514694
3915,592.46565,9.6873,-1.5417448927962472,0.7639184724964991,0.49427976792235256
2507,391.24393,7.9123,0.14625074469318378,-0.7514755805675739,0.49445138851103543
2077,421.31582,7.0433,0.3481953045625472,-0.8167304560198759,0.4947496805993424
2901,551.40081,8.5878,-2.026009258274563,0.7529241322759745,0.49552837807158884
4459,577.51716,10.7872,-0.386251126043307,0.7460894955970873,0.49787010693181105
1784,304.26206,6.4894,-0.30723707107738996,0.7523728977324826,0.49957147734577495
2390,280.25337,7.6756,0.4720350688281636,-0.8023987903899436,0.49972536672467
2677,355.31828,8.3032,-0.7208196338712609,0.755749074531941,0.4998599660578531
1752,314.24644,6.437,0.3693704382556575,-0.785014465420907,0.500314863137838
480,328.13771,1.6647,0.10054881159661733,-0.8146921040568607,0.5006965480125851
2001,242.24647,6.8506,-0.5141723714749133,0.7525048904220691,0.5021089636446031
1712,425.24959,6.3932,1.0021593628552408,-0.749417835664075,0.5027036928360962
2114,297.25955,7.1489,-0.24051953090243483,0.7669466173542516,0.5033153697737222
3451,623.49657,9.1868,-2.425545882438355,0.7427942061798263,0.5033353751411628
4377,797.51481,10.5743,0.9145322376041225,-0.7763787586523229,0.5044727054128004
1647,340.32507,6.1819,-0.5528686762735404,0.7879655953611217,0.5044757186675423
4115,770.61177,9.9797,0.8832312880227526,-0.8008188656912995,0.5046218699391364
4424,317.24379,10.6894,0.11194468193389895,-0.7635319408845093,0.5052361918529731
4177,506.52788,10.0976,0.8362077853883614,-0.7894139142334983,0.5059661088007031
1332,207.11261,5.3439,0.5506876354663328,-0.795848026837727,0.5060955401612012
3322,938.57239,9.0684,0.15986883894547255,-0.7348885323046086,0.5062609591452517
2748,341.20498,8.3925,-0.5997320680638625,0.729498296060628,0.5068875260089224
2589,380.22258,8.1608,-1.9186601899571198,0.7284204794659614,0.5078272947737562
944,221.0562,4.5385,1.0891833975285725,-0.74712922983358,0.5081592864516387
2345,332.2167,7.6716,-0.9242282833011632,0.7295275039594494,0.5081805986871271
4333,780.5398,10.5238,1.2210962149702898,-0.7885153979131484,0.5083181423317656
2330,641.45928,7.6201,1.1579998517114047,-0.7968239835409423,0.5087353486871837
957,344.12705,4.5836,0.8127219316942158,-0.724618976117617,0.508903451933673
2687,404.38729,8.3144,0.5327246450222924,-0.7371959025365562,0.5093130295738157
3611,397.38109,9.3443,-0.9938115311646554,0.7204506476355467,0.5114224296369775
234,351.06748,0.7726,0.1511037318720332,-0.7240560846582702,0.5117089682632489
3345,641.50742,9.0715,-2.4052769690598566,0.7244998107991405,0.5127340628126124
4102,395.3657,9.9633,0.5235359030650004,-0.775724203049969,0.5129936136624785
939,420.18505,4.5305,0.4344340997924174,-0.778358052452966,0.5130694885257285
92,406.94896,0.6587,0.1039043271364033,-0.7212964366041932,0.5136809986126802
3838,544.47334,9.5961,-0.911774692497894,0.715802255611582,0.5140577184845746
3360,647.49451,9.0929,-0.6142800467183012,0.7148165031152285,0.5142532845066555
1176,374.1582,5.0663,-0.09934749004971621,0.782449147758044,0.514449202302939
3558,332.2863,9.3607,-0.4456863170897911,0.7745199855212546,0.5154760009521856
3118,263.23565,8.8515,0.10791148698147435,-0.7632985875573117,0.5163354601066545
3456,528.5473,9.1979,-0.22001017342971618,0.7116825445066889,0.5188419496066249
3393,184.16858,9.1351,-0.5116739753509378,0.7674254299060019,0.5194419568059705
3737,283.31544,9.4283,-0.8206909418615025,0.7648516869882153,0.5197506451346922
2622,359.32582,8.2116,-0.23079087807959642,0.731267030589068,0.5200465752231537
1789,339.21275,6.5197,0.3152657710604583,-0.7525287959223913,0.5201229997094221
2691,314.34053,8.3436,-0.367316158188598,0.7253313267866531,0.5207578894316709
4222,395.36577,10.2042,0.2246248024585622,-0.7194628905800655,0.5208699557719056
1848,351.26558,6.6174,1.0903283064364153,-0.7620709465567127,0.5241958932979833
4096,649.5101,9.945,-2.0769723464870093,0.7041414735935533,0.5243631534796775
3830,185.15262,9.5834,0.36834845477664047,-0.7330305836699341,0.5248974782293503
1351,224.12518,5.4879,-2.4313820953381926,0.6909367428734012,0.5288388790428451
3443,469.34395,9.1052,-0.6114861320477472,0.7378466934958184,0.5289312762769895
1128,439.15604,4.9701,-0.08161454073695751,0.739782384090743,0.5292206175456671
276,231.02532,0.9252,-1.0090429306481385,0.7265955935952109,0.5294161048383444
749,266.14423,4.0714,0.5564762596943487,-0.7457991256168819,0.5296304185178641
2087,370.25574,7.0907,-2.2518698685847163,0.7035629952483567,0.5303447174286688
2552,275.19933,8.019,-0.07928855149543779,0.7317952200959659,0.5311713161246577
4302,577.51761,10.3907,-0.44793766557239323,0.6939631553739477,0.5312048547496512
780,252.0854,4.185,0.11169694546677178,-0.6901922802339469,0.531701534001285
4373,394.29929,10.5553,-0.6442472665788443,0.7464936408941549,0.5325660383430818
4300,639.49366,10.4194,-0.426327130690515,0.7066194673940012,0.532805480054688
2449,332.28918,7.8271,-0.5486274340460682,0.6787733115831482,0.5349431319158698
2215,398.38468,7.386,1.0171793069960104,-0.7328243375793807,0.5350511374573899
2334,585.51788,7.624,-1.9687078573548766,0.6830101198022114,0.5353938038422139
3744,496.33813,9.4882,0.11868854490965752,-0.6811241957349998,0.5359071305885308
4343,545.50923,10.5335,1.82957334968108,-0.7031374563176738,0.5360785608106258
1058,584.30866,4.8146,0.562252020852525,-0.7046954896012373,0.5368467989877223
4163,633.51523,10.0692,-1.6743061831713826,0.6828176813598468,0.5380554280634331
2016,701.46627,6.8686,-0.985338049850002,0.6807389852976931,0.5391903984972177
2181,294.24098,7.3036,-0.9895558134965237,0.6911002419791118,0.5404116648090406
2616,342.33532,8.199,0.0673341180536573,-0.689661885164867,0.5419614034671879
3418,356.28586,9.1949,0.3760094988428069,-0.6698961676094,0.542141642232473
2628,158.11659,8.2339,-0.45173445558623193,0.6686465933746133,0.5423531397024683
317,300.14295,0.9708,-0.11084908743940591,0.686531388154656,0.5425612438240157
1797,428.26833,6.5952,0.7319047406318155,-0.6635610668442605,0.5433032750721525
509,115.03805,1.9186,-0.09154350969942016,0.720464297872928,0.5445068645984746
1294,207.10686,5.3239,0.1869630212795892,-0.679364666827653,0.5447273999377056
3315,311.31157,9.059,0.5709779431383524,-0.6659666609127706,0.5448198791427337
3912,506.52777,9.7066,-0.8838986992756865,0.6686733656735658,0.5460608040334204
3348,331.28274,9.0866,-0.10303714073577375,0.7100281797587178,0.5470619333307241
2555,505.35929,8.0197,-2.539242086427479,0.6609498680629186,0.5472346860139303
1950,353.46813,6.8151,-0.322292171630691,0.6572318181104321,0.5476683688373308
3535,356.28594,9.2631,0.0701081978254976,-0.6609178923891533,0.5479722940361385
1919,254.24659,6.7946,-0.36536807161299123,0.6561809797696802,0.5489058058323606
3631,527.3941,9.3495,0.19585675478466857,-0.6996451101262253,0.5492031703312019
3394,280.39777,9.1345,-0.48275990247524625,0.6828573835166398,0.5493351690733189
3848,668.61687,9.6117,-1.6959451787251,0.6637581331278002,0.5494435200677438
2900,315.19167,8.5978,-0.1362785942425262,0.6527800443952115,0.5495799209416982
1280,443.12719,5.3051,0.07792500755422616,-0.6903411811095962,0.5502389167367799
1751,350.23074,6.4529,-0.8321521213167316,0.6633620735816472,0.5504660775291815
3864,489.39025,9.6299,-1.9766255253577738,0.6529576712892726,0.5516448819493995
2392,297.24107,7.7375,-0.07831715522663707,0.6959570792196177,0.5526990765763983
1571,333.26033,6.0132,0.19131661686478107,-0.6707896404632673,0.5536319181705757
1258,677.24107,5.2503,-0.1636923413365965,0.6900518208831007,0.5544509249389424
2749,335.19976,8.3881,-0.2709102017034173,0.6637203490801461,0.5548767332933021
1933,366.22376,6.7908,-1.9033886758498935,0.6750422297859111,0.5549123357348036
4053,345.33911,9.9381,-0.2418272234717751,0.7014397267713988,0.5551977232111944
2978,323.26636,8.7458,-1.6484052724416323,0.6429649475660594,0.5554400413693008
2606,299.25678,8.1761,-0.27740715047988473,0.6633046065263959,0.555710632493251
1705,472.18763,6.3119,-0.5312552292741302,0.700413301388911,0.5561668619386162
1067,346.21113,4.7818,0.7246704567028761,-0.6752829098357993,0.5574165878081052
4144,388.27313,10.0234,-0.8801602299525513,0.6379222768015397,0.5582578985688917
4070,409.38139,9.9468,-0.4912450390649177,0.6595180419970896,0.5588305219987312
2385,334.22021,7.7333,-0.3438171759389075,0.6422638575107269,0.5595390466658133
2396,332.27822,7.7418,-0.203189757621427,0.6556467168337712,0.5602088108008877
2150,307.21017,7.2258,0.34951202071994825,-0.6832271402222685,0.5610414931490435
4032,398.38483,9.8244,-0.7456356807700786,0.6333478578162585,0.5614813743902132
545,146.05902,2.2114,-0.08525634712517416,0.6551799196982799,0.5619975565440247
2075,435.33129,7.0409,0.26068557874969756,-0.6765302120947522,0.5642682524375441
663,261.12957,3.7667,0.7713610462996341,-0.6526324574281289,0.5650291268344492
369,276.1431,1.1463,0.07797107189335328,-0.6811911659172837,0.565731871387538
3682,563.97309,9.4211,0.3831664493904059,-0.6529037616422525,0.5657385092970679
2134,309.29677,7.1766,-0.15250780043614576,0.6426600095771571,0.5658487734659203
4474,1093.97833,10.82,-2.2977351987680477,0.6276347691372735,0.5660222379853199
2526,288.25205,7.9619,-0.07637727146076045,0.6252259166657455,0.5676971895068907
881,346.1958,4.3839,-0.08525011580762332,0.6737537961653364,0.5683710280008747
71,350.88376,0.6527,0.08334861007178507,-0.6652806741735365,0.5700381391532713
4047,634.51833,9.9297,-2.4085960741894077,0.6196586900534897,0.5700416373520061
2689,248.19735,8.3285,0.5135668676364764,-0.6438073753280878,0.5725847665516586
506,231.16917,1.8784,-0.10564720456479026,0.6494694293067509,0.5735978363100241
4257,524.48073,10.2905,1.9482869644196716,-0.6641115042647532,0.574473309679145
1670,452.35762,6.1832,-0.6910432105555815,0.6094177383194751,0.5753210392909789
510,155.03055,1.9213,-0.09539652347439898,0.6143275190074478,0.5755406466946157
1730,426.24447,6.418,0.5443404441306408,-0.6522032168811678,0.5760651812770516
3479,557.30663,9.2222,0.07469149009886067,-0.6077846348367603,0.5761472455380894
3344,540.47564,9.0852,2.2387364760581887,-0.6590839155736393,0.5773998326489754
4389,631.49728,10.5779,-1.9487448760721038,0.6070295578469209,0.5796915547987569
2516,437.19188,7.925,-0.6688984345424025,0.6037555928410192,0.5797850755016092
3548,615.49602,9.2838,1.0884002054321602,-0.6105159635648725,0.5799819791926843
2438,312.32447,7.8071,0.14784628991517312,-0.605144488076226,0.5803706932946684
1941,276.27923,6.7508,0.9790821325881716,-0.6486383627199678,0.5814070981532983
1093,405.17154,4.8806,-0.07773994714531263,0.6362725749562104,0.5814843945889197
1803,314.24776,6.5694,-0.08550595569459318,0.6007369939575952,0.5817970887242052
2006,187.13173,6.8734,-0.29705707971452977,0.6339224769484965,0.5825862016441282
1315,457.26404,5.3612,0.6207823286353404,-0.6448637202437533,0.5836214160496818
2596,503.34597,8.1467,-2.04537268750407,0.601524361356294,0.5839703081225582
2164,333.2022,7.2563,0.2771021923894885,-0.6327320814242445,0.5841545956493455
2296,480.35132,7.5701,0.09038184537159744,-0.64615839482914,0.5842027243003163
3525,377.21364,9.2786,-0.5067205782858615,0.6071134697959963,0.5850146139367278
3593,343.28247,9.3254,-0.43248235581222794,0.6280994374087617,0.5853153518869493
1859,351.55515,6.628,0.3031875878467698,-0.5920277124799749,0.5857008867773141
2293,186.14793,7.5683,-1.111477015818139,0.593814396679139,0.5859557478326523
3576,529.3329,9.3196,0.1077197064558355,-0.6354195797399419,0.5876656152120383
77,518.80613,0.6551,-0.0821364547538792,0.6202511915606547,0.5885128038217835
2224,310.23773,7.3867,-1.4702657531743366,0.5879265469582196,0.5885488156357906
3802,374.32501,9.5645,0.1231925125611717,-0.608685537993697,0.5890314033700179
2269,364.24537,7.5131,0.9139269414162268,-0.5948217126512317,0.5892547660394821
1740,304.26204,6.4444,-0.28704751000563267,0.6158639619439474,0.5897948622831569
3716,283.75866,9.4358,-0.20315459525924506,0.600682818233563,0.5907358769002838
4394,641.2654,10.6074,0.5186249906933638,-0.582347955668118,0.5924106344078646
3168,507.4978,8.9101,-0.11957899353528845,0.5956666965311289,0.5934673349740983
3327,470.35898,9.0881,-0.5659817800379345,0.6111750358931642,0.5945743350966269
19,144.03164,0.6175,0.34771157677349773,-0.5916726972084712,0.5947153264157605
3538,378.65104,9.2625,0.379121759249645,-0.5776464513873272,0.5961065650815633
4437,409.38136,10.7607,-0.8509540924793946,0.6136963489056898,0.5962072685335964
2786,283.28139,8.4655,-0.24858539773892208,0.6232138649647584,0.5962685943709957
977,371.26383,4.6429,-0.560485271981495,0.5967555440731905,0.5967865431584738
1763,454.1739,6.4779,0.4161031627947045,-0.5806374357384078,0.5967917628102987
2302,409.25456,7.5821,-0.24779627190929965,0.6096017381889116,0.5978581906117704
4051,475.41301,9.933,0.08748552321201686,-0.6103242827308925,0.5981448726854628
2733,301.21258,8.3799,0.7678340635564478,-0.6159796339202779,0.5983434163348579
140,622.62999,0.6916,-0.18602610852872647,0.5963861488470922,0.5986268027668583
2348,415.29148,7.6784,0.7176195425176513,-0.6168087552853386,0.5993984658468037
2645,633.51471,8.2348,-0.7727084288364026,0.5666906143751067,0.6020241343437857
235,469.13017,0.775,0.2754905633328333,-0.5755696115041525,0.6022770816574565
1931,375.21032,6.801,-0.3214901022586618,0.6080652225313264,0.6023472426215982
2566,487.34926,8.0674,-1.6872714331968448,0.5662739528619956,0.6028398235809669
1798,300.23076,6.5495,-0.07871016870385716,0.5872374162777927,0.6043021336020388
3478,340.2905,9.2183,0.153235560873914,-0.6054149986566284,0.6048270314128421
1442,476.23843,5.699,-0.39453303714285504,0.5919195810160963,0.6067136986347564
932,358.16345,4.5045,-0.07525423341578641,0.5962723294912258,0.6075086919585155
4061,484.36083,9.9444,0.5079373415806065,-0.5996693060346182,0.607908249428984
609,229.15356,2.903,0.8119519092582266,-0.5990222020854565,0.6092004885997874
2809,398.43306,8.5117,-0.17347469772764068,0.5752301316879,0.6092063296292408
1725,366.23208,6.4233,-1.5357621519930684,0.5579429731165757,0.6111002427774259
1,164.98286,0.54,-0.44179934947506183,0.5498576382568194,0.612208797716605
2245,611.53225,7.439,-0.8120812144990683,0.5490678496646181,0.6124289237433407
1446,331.15257,5.7032,-0.06349310890956161,0.5904394931167523,0.6126945212990855
1692,441.26239,6.2731,0.15511751162441367,-0.5555941295388602,0.6129499854997598
4014,617.51405,9.8686,1.0644491439679369,-0.5562604094725394,0.6135184819848067
1766,465.83504,6.4813,0.3847459348066824,-0.5482688916314323,0.6137357735816149
4481,647.38972,10.8538,0.2836674798415686,-0.5776488986471071,0.6149698388474674
3504,536.51672,9.2491,0.7903731772393572,-0.5856148410483805,0.6151871590976105
3371,649.50306,9.0976,-1.5359274695227567,0.5505142735150093,0.6158026254960532
4281,599.49815,10.3517,-0.40400097443062855,0.5430459179078029,0.6160617704623188
1248,238.10619,5.2321,-0.06856098100722896,0.5867893687242726,0.616315120384908
1923,270.22031,6.7888,-0.09287669842791768,0.5423666787481868,0.6172189917726276
2693,338.23969,8.3288,-0.7521098900193843,0.551282691709227,0.6182156046825111
2184,369.24953,7.3114,-0.4148169837717086,0.5415821323918995,0.6196905106042248
1321,507.31286,5.3837,-0.4926864108446942,0.5361769474605613,0.6203921294784956
2657,648.40877,8.3412,-0.7392399215555123,0.5660533628781715,0.6208871904635399
2613,201.14745,8.196,-1.1447594601068298,0.5343480150892905,0.6219323389310116
1540,385.14559,5.9368,-0.06149894823711044,0.5731377769223305,0.6219634553100586
4178,454.2912,10.1045,-0.5532356040978055,0.5681790530685311,0.6220390665084653
2751,648.40779,8.3739,-1.049184131522364,0.533589771652869,0.6220760950259687
4069,618.51665,9.9723,-1.5656785683733991,0.5336641854372881,0.622196964149325
4479,387.34548,10.8425,-0.319803654684784,0.5401036751784949,0.622200944899571
4174,483.34294,10.0964,-0.3207341563818602,0.5761220381584335,0.622466418095005
2982,637.47096,8.7205,-0.17497119791402316,0.5361311719114779,0.6230095528021025
3029,371.21796,8.7589,0.13723815724857324,-0.5531287877045505,0.6235126933501707
316,162.07508,0.9705,-0.6607123342149377,0.5385350017510062,0.6235476625749935
1272,332.15502,5.2848,-0.6637034376690272,0.530651451045652,0.6242647957039821
2540,398.38474,8.0052,0.6472381273973902,-0.5450526213208191,0.6242815257403077
2542,471.4138,8.0016,-1.4248472497707585,0.538112102076791,0.6248923053387923
2471,684.41238,7.8632,-0.5405718677376168,0.5287417210777061,0.6250739185391319
3244,265.25117,8.9952,0.06605985261377612,-0.5532852339469359,0.6253949140546535
2853,677.46895,8.5586,-2.0113311792909756,0.532606545335386,0.6257865017099193
2683,486.45003,8.3172,0.3303126865661614,-0.5476393427878666,0.626185157713474
3497,536.37878,9.2414,-0.3174731749779429,0.5649352086709212,0.6264903091764152
3652,561.53367,9.3752,-0.2080897870129661,0.5253840590047256,0.6271074747902541
79,519.80751,0.6563,0.0533015335675282,-0.5431069963490518,0.6280526202018271
1780,928.48548,6.4911,-0.3971179651497656,0.555141973974964,0.6299309737641956
4274,446.36756,10.3141,-0.5384682243335632,0.5215387271070976,0.6302064683161552
3659,353.2899,9.3772,1.1654584439548916,-0.5621664300278624,0.6305377491015198
1994,353.17419,6.8261,-0.28162560939709813,0.5393745029164855,0.6310788990668141
1750,349.20972,6.4651,0.3624102189212266,-0.5481397741153656,0.6320549924315946
1440,475.19207,5.7044,-0.40833260662199455,0.5273972999574921,0.6329015007487218
3665,665.50258,9.3961,-0.8162032559778218,0.5140221216173188,0.6345577498802017
1925,273.25871,6.7895,0.5545814293782465,-0.5452402459890336,0.6363826836341203
1421,491.1918,5.6388,0.1923650221523978,-0.5141639546021667,0.636969388577182
1052,487.1565,4.7885,0.39601504313736324,-0.5205756206893127,0.6372095107842226
4413,803.541,10.6581,0.16918136510044945,-0.5404740368214228,0.6381861995340198
2861,398.26387,8.5562,0.07883837113218561,-0.5080622630153797,0.6382181669393433
3575,631.47513,9.3273,-0.37390193564451835,0.5160793737194393,0.6382303160196257
1680,262.2365,6.2445,-0.5084855706122147,0.5189700473082149,0.6385575469420681
4063,397.38135,9.9244,-0.7841204626218694,0.5073360837144176,0.6386135463590481
3421,355.28261,9.2313,0.3242316077254461,-0.5087040583461272,0.6386877495099204
4477,370.35899,10.8442,0.6499707132629053,-0.5108065351330672,0.6395580978091995
4119,471.34269,10.0003,0.5677972003341729,-0.5443285192829226,0.6402181913886094
3829,264.23923,9.5821,-0.18768183200208988,0.5219118363129456,0.6405227448817966
3895,412.37575,9.6729,-1.2458411649729713,0.5028057087634066,0.6417472683142522
4261,517.38382,10.3024,-0.2055488331392583,0.5209642648002146,0.6424819178332656
1715,701.36105,6.2801,-0.21393229738153163,0.506580026346873,0.6440562980228546
4259,619.57535,10.2993,1.8519119222358862,-0.5313976321966412,0.644492821541838
1498,613.33852,5.8008,0.6030045189365234,-0.53639779485153,0.64495378447226
1678,702.28628,6.1901,0.44366912137399783,-0.5218959958730092,0.6454997153542739
1556,471.27989,5.9724,0.06943950755231043,-0.5043101026461817,0.6476756340244998
2725,430.38713,8.3849,-0.5838115822452483,0.49961397314254513,0.6503610294257756
1588,439.24516,6.0813,0.4097118843312053,-0.5228295155868622,0.6505272394476579
2104,310.26054,7.1747,-0.6904837422992571,0.4973517305909569,0.6512243257854982
612,240.08316,2.9475,-0.566985057127364,0.516160466823964,0.6515433745531389
797,300.158,4.2337,-0.09333085078816694,0.511402996638387,0.6531359569117217
4471,500.48092,10.817,1.5625905993715374,-0.5210236778889243,0.6532712355618959
4146,296.29354,10.0228,-0.21823722739243312,0.5105851721780346,0.6533181505401681
764,212.09433,4.0729,-0.261316475113337,0.48780697939293866,0.6536468160535553
2652,615.49159,8.267,-1.5268076443275307,0.48511220704952823,0.6540870604365022
1135,541.22367,4.9936,-0.06304054725885777,0.4852043115457087,0.6541466363251001
4330,544.50367,10.5207,0.7114565005593514,-0.5191389417296026,0.6542879909759113
357,332.10918,1.095,0.06617534296918492,-0.5152827010131337,0.654369979419742
1696,548.35297,6.2922,-0.2675069573245352,0.5140207550883561,0.6550128263506456
2372,316.2371,7.7255,-0.3202505812813783,0.4811803480476201,0.6558291173859865
1898,274.479,6.7396,0.23627996563858922,-0.50178339907185,0.6563855349726857
2735,279.29942,8.3805,-0.14611387202010118,0.4854653831367091,0.660478815505894
2090,348.28609,7.0781,0.4046547679861394,-0.49264736855363883,0.6609461303582052
3311,580.50333,9.059,-0.13065454159290368,0.5081649848646989,0.6615978826885662
634,421.16649,3.38,-0.06296531192599097,0.502008520007383,0.6618174478888623
3815,545.35207,9.572,-0.19399821553963736,0.4779481135001683,0.6618274379168412
651,553.29996,3.6803,-0.4907155898126838,0.4737785929652724,0.6622443030889922
3769,520.92827,9.5273,0.24379658601401388,-0.4717471336255969,0.6625409479986373
594,229.15359,2.5229,-0.5269210078755009,0.5058589978594765,0.6629284226780038
2403,366.25942,7.8028,0.5368633436545913,-0.49965627834482607,0.665394946306285
3342,515.31728,9.0834,0.05550753691525756,-0.46400659892699647,0.6668574989175147
2465,311.16032,7.8509,0.26717007976877305,-0.4681966926360939,0.6682099222265592
446,204.04103,1.5161,-0.08758413267250109,0.4696021856721676,0.6688779599154746
4084,420.35379,9.9558,-0.12372714563760656,0.47368834217165445,0.6693581144015667
2312,647.5526,7.6185,-1.5949254715242807,0.4599642934553833,0.669729445135598
78,522.81027,0.6569,0.13886674336753035,-0.4722835625696424,0.6731066650808797
95,323.86484,0.6575,0.10839683310472026,-0.46223531317410554,0.673807771453161
1665,276.72687,6.1838,-0.4863495312706805,0.455271723644597,0.6750535917914839
839,223.13136,4.2857,-0.6225022892154146,0.4499463066982772,0.676866961488348
3835,171.13703,9.5874,-0.3566225717142215,0.44537582999591546,0.6790958249426117
3152,528.50918,8.8456,-1.3225298296055912,0.4555330437020501,0.6797303492226541
3424,409.20198,9.2483,-0.11322567029983688,0.47004260279411764,0.6831493988848867
3482,586.43701,9.2327,0.6497672107972319,-0.4442583928667147,0.6844397134279572
1232,595.16379,5.2059,-0.055752352675089156,0.4683335580606303,0.685445963119952
2686,599.42624,8.3479,0.3604799737298299,-0.45190185519293213,0.6860051714510719
1942,354.48899,6.8184,-0.24192358328681607,0.4645424961550478,0.6866289142035538
2216,369.21936,7.3707,-0.33114426078910775,0.4608625679947869,0.6868584508607338
844,554.29144,4.3145,0.05757152957023948,-0.46132654799681777,0.6886831853238202
679,679.26458,3.8452,0.04767645948539645,-0.4462015131437367,0.6926897166016834
4211,476.4161,10.1964,0.389808585818451,-0.447276161250511,0.6942520534153821
3072,528.50938,8.8068,-1.6286441050257219,0.43583024031107953,0.6947568660085098
3154,447.34512,8.8989,-0.28011231491715716,0.4322394383843542,0.6958857458379302
3298,410.38472,9.0577,0.8874645986716985,-0.42335400377329563,0.6966618622971217
1903,256.26228,6.7414,-0.1724769607949579,0.43788968090743147,0.6968661902298607
118,358.8332,0.6725,-0.16359282482007398,0.43630384865765176,0.6969463455379705
2871,440.19744,8.5668,0.07210446024041861,-0.41796965730221264,0.6974449756873711
1012,279.14505,4.7441,-0.08803184820917842,0.44362640243239587,0.6986579574043309
1689,456.2296,6.2724,-0.15325863892136482,0.42009541724056804,0.7003236469247819
2957,352.28373,8.6842,0.077346397394912,-0.41350302340754763,0.7007938847855877
3696,564.07148,9.4197,-0.41727333480855133,0.42774919767629216,0.7017078436209729
3819,544.3463,9.5767,-0.14359804719719982,0.41236859186768704,0.7018182413177916
3544,377.32343,9.2772,0.059913655243200026,-0.4093800845899966,0.7032466093689754
2877,459.35412,8.5717,-0.34283022765107507,0.4308351826795773,0.7032565641507429
3064,720.53658,8.809,-1.807684917236931,0.41714032217684033,0.704036436432226
4366,409.38138,10.5527,-0.4914511347205277,0.40871979812747733,0.7041971814850607
2681,334.21299,8.3633,-0.8651654269998437,0.4074801575762756,0.7049756802327232
3043,349.23432,8.7367,-0.29951963209938803,0.4140717495921933,0.7058410148666225
3019,701.13823,8.7249,-0.2078538945103685,0.42365247863270433,0.7078197339469054
3849,675.42134,9.6094,-0.6008565227524274,0.40545878420268894,0.7082428624899368
3805,395.25441,9.5666,0.0472322615254086,-0.4214899413981282,0.7086883418392516
2182,349.19712,7.3042,0.05670307321041079,-0.40045351317813305,0.7093330507510136
1107,360.21149,4.9268,-0.16186711697684064,0.42817587593748013,0.7097084503392637
2335,633.57466,7.6296,-1.426170031719512,0.3987799250018875,0.7104280856785535
4409,279.15787,10.6556,-0.0985775588048865,0.42034626976516914,0.7131563735178617
313,353.01486,0.9757,-0.14356246480057866,0.42121717619587373,0.7138224715000461
4467,603.53053,10.7975,-0.8272501874290752,0.4048482864255684,0.7160121950787206
2230,298.69269,7.4365,-0.10710566334832983,0.39105276814074397,0.7160421155658666
1559,493.26147,5.9797,-0.07328727694519444,0.39021988355180764,0.7162801538331771
1271,402.15891,5.2937,0.25825217561316105,-0.39342980223548707,0.7181998006916073
3811,693.45785,9.574,-0.29931548074526493,0.38671590478596957,0.718713941072165
4183,554.46075,10.159,0.41650488733256275,-0.39665826145499405,0.7199103241011882
1713,365.19196,6.3463,-0.2881986448249716,0.3910743761284951,0.7201569998550463
2558,503.34551,8.0785,-1.1351192352587716,0.38324288485546826,0.7215473105515553
3573,558.48575,9.3282,-1.1183768840889905,0.39717404724028427,0.7222712134635378
3745,282.24484,9.5634,0.5223334101880663,-0.4068023094986742,0.7230749096853266
3436,441.15744,9.1747,1.3861430142005016,-0.39502032104260315,0.7234383165748093
1240,741.22138,5.2156,-0.058283062926342666,0.40333645219131375,0.7240807096725395
865,263.13773,4.3486,-0.04859136770319061,0.4050529828890154,0.7243166481082149
3406,264.23915,9.1422,-0.13037993130670955,0.38879762007258806,0.724863976764492
3347,558.48707,9.0923,0.7934910174140342,-0.40199423885285507,0.726336493395738
3033,295.16557,8.7706,0.04346546976525545,-0.3881231653139858,0.7284279940585883
1430,479.24584,5.6662,-0.05967674225769315,0.3697779055159076,0.7303077217439666
1753,661.93857,6.437,-0.22897066229242302,0.39238119253740544,0.7303666484865452
3193,454.29113,8.9436,-0.045570788454163846,0.38734500999124594,0.7314961065615594
3857,325.21005,9.6347,-0.3745416172816025,0.3724813594007285,0.7321626607480377
4401,569.38192,10.6184,0.22644719328355123,-0.38575323084893176,0.7322270342165137
1634,341.37953,6.1806,-0.22762427440170363,0.36780747550333265,0.7338983401351389
4065,591.53609,9.965,0.841762501761889,-0.3864727041597434,0.735650358419585
3634,710.55412,9.3705,0.6017485402178027,-0.3758312410904097,0.7356695271136191
3444,661.47267,9.1675,-1.1354144229993492,0.3587886099328102,0.7381671586369108
1673,703.23679,6.187,-0.2926337853674643,0.3740213941760927,0.7384682082777384
1557,705.39943,5.9721,-0.12995855635974962,0.37300032906674263,0.7399341022631167
2736,647.39387,8.3792,-0.19456463808392588,0.3727998942873273,0.7434073165591614
4221,941.61415,10.2018,0.24965829305991072,-0.3624660800295744,0.746973573462564
4294,409.38138,10.4524,0.2534304269360348,-0.3527880986574784,0.7475642567731609
4323,688.60644,10.5057,-1.3578251755455892,0.3509219437435399,0.7531893161681835
1173,394.20943,5.0449,-0.25111920392645004,0.3376452798364873,0.7534331164284269
1748,661.43699,6.4376,-0.2648222857237359,0.352770004804158,0.7544967155386281
2752,318.23734,8.3619,-0.33530144443451704,0.3429113390637012,0.7554481503367876
4255,542.49129,10.2898,0.5313917546299773,-0.35608966109930573,0.7556303647226055
2714,597.37204,8.3597,-0.3207881995771027,0.3507207878601989,0.756414018122187
2738,395.27471,8.3811,-0.09852175760787318,0.33337455685782397,0.7571715099037627
22,102.0086,0.6199,-0.03847415548177935,0.3510992043766302,0.7578692581461712
1935,211.15068,6.8516,-0.23497302116610275,0.3316751135390759,0.7592556511381195
2229,305.26551,7.4328,-0.13084067737102156,0.3454596032841134,0.7613535013460316
4356,410.38478,10.5435,0.602439178773535,-0.3305965200795685,0.7614100141685533
4223,617.51216,10.2301,0.44243034212991006,-0.3415546542893196,0.7624983483868046
3847,653.43862,9.6303,0.5596799334149072,-0.3267261482074198,0.7626141473657461
4054,687.60294,9.9416,-1.1971434917656034,0.3195772207467448,0.7652966306179737
3804,339.28801,9.5645,0.04850275380468538,-0.31950736951448144,0.7653653577591165
4512,685.30976,10.9782,0.2961453822766327,-0.32300175234486345,0.7654879225893637
3210,540.22205,8.9563,0.28533524097122065,-0.3173429919479744,0.7668592277038034
1553,705.90049,5.968,-0.1582068909398453,0.3143989998632304,0.7689913919406184
4055,401.29266,9.9399,0.36263864345315167,-0.32823842206022086,0.769808432148992
2520,281.17722,7.9601,-0.45402674830382184,0.3134228878773259,0.7701341599949363
670,471.12972,3.7997,0.4245851527291631,-0.31711604043999325,0.7702714978899825
2597,394.26353,8.1471,-0.07989618929563491,0.31386368383479024,0.77103317154477
4256,560.5018,10.2904,0.4959143323668549,-0.33179132374920306,0.7714475204864415
1749,367.21462,6.3578,-0.25431123947508905,0.3087892765040301,0.7730597537788384
2432,366.27855,7.8113,0.05780911645042153,-0.3086095344927085,0.7732491483789717
3854,475.41294,9.6313,-0.355875847696284,0.3128333240687832,0.7736024921146922
1361,563.2356,5.5122,0.034378145186336084,-0.32680868262262375,0.7736951189590813
38,101.00745,0.6228,-0.03865282871290532,0.3272201600020321,0.7739027405781792
4331,591.47109,10.5463,0.5775300990365437,-0.30088154030648806,0.7794358470168697
1612,163.05957,6.1438,-0.4054168397951887,0.31048921819284353,0.7795621508863472
2611,351.25121,8.1863,0.17853252661219265,-0.29901372166578916,0.7798212714172642
4291,411.3783,10.4047,-0.3413978035904268,0.29996637769825285,0.7801551888802408
2485,299.16046,7.8817,0.06005277287785393,-0.3147048885161439,0.7809081567102789
501,221.12008,1.8354,-0.15000380053514917,0.3048847594098262,0.7810328505938557
3058,505.32716,8.8147,-0.7983967621233985,0.29734077814440474,0.7811184690158423
346,438.19581,1.1004,-0.03872695762267675,0.3150660875111346,0.7817603327564028
2588,351.14517,8.1212,-0.1661077347905895,0.3099268905944336,0.7827917939033628
1764,483.30977,6.4754,-0.21498311744122756,0.2986527430056594,0.783163955605312
2710,381.08247,8.3419,-0.6605428557616082,0.31088122279734864,0.7847883773252322
3485,543.33716,9.2234,0.08198214745883803,-0.29323544988336314,0.7850021248496291
3412,299.25665,9.154,0.03372083980786833,-0.2907364301040492,0.7857054054114105
75,434.84495,0.6545,0.03522205552319413,-0.29090315831555275,0.7867922953243125
13,120.02001,0.6131,-0.12267718247946835,0.2891645392552804,0.7897862602088664
4478,560.49239,10.8297,0.9163942415267163,-0.29987026841079134,0.7920423791060659
2244,610.50934,7.4485,-0.45661464147348774,0.28138334356435735,0.7930355855536277
4354,563.52063,10.5355,0.3018872567007733,-0.2935981747759576,0.7932073844676132
2039,367.18889,6.9405,0.27126809245121386,-0.290429006443238,0.7932147617809665
4181,580.52818,10.1095,0.47152482573880405,-0.2964094541949161,0.7945683465995204
877,435.18357,4.3802,0.23867915101936266,-0.2917193700636565,0.7949305588712714
3508,561.38639,9.2537,-0.13175195399758444,0.2949713779418911,0.7951672933968572
3702,564.3309,9.4157,-0.2638392851563003,0.27827813176067256,0.7954031565224493
2650,352.26686,8.2333,-0.24703015605659395,0.27688996259381526,0.7955917399630743
3627,536.38159,9.3586,-0.056056367370066695,0.27585467061905633,0.7975927219336959
4251,582.48377,10.2833,0.46473471487523454,-0.2903557089436197,0.7987278487078516
1013,518.78563,4.7301,-0.1122632058077686,0.2834428392240628,0.7992224067269804
2604,358.36013,8.2243,0.31578492557375615,-0.27994527017056925,0.8015305051640953
448,166.37193,1.5312,0.29343547294244576,-0.2709935186143125,0.8017266579269812
544,189.07289,2.211,0.06218557319665052,-0.27204191338741784,0.8017623760360997
3206,278.14477,8.9657,-0.09100171648701583,0.2745879095450638,0.8017888579627013
3856,410.38485,9.6659,0.23059091005841736,-0.2799289768525211,0.8019424325883941
1426,481.25067,5.6641,-0.12740972576712029,0.27078022671432606,0.803506273896923
4418,261.14723,10.6581,0.15264425667356551,-0.2714823681755745,0.8036863564717484
3807,357.2986,9.5672,-0.03606899039041167,0.25995061849337625,0.8077805428292273
401,199.06033,1.3169,0.07243048647927441,-0.26467199477977343,0.8088491964717887
2814,399.43742,8.5149,0.13513488593925782,-0.2692123792937147,0.8097390574009178
3329,476.27304,9.0771,-0.029080069546663978,0.26319529973515327,0.8109591665229663
3664,353.59964,9.3819,-0.19310061571597448,0.26849951225569196,0.8133415316805385
3684,282.52619,9.4197,0.20653889852630058,-0.2537719091414554,0.8140882465451983
1064,563.20792,4.8147,-0.03150128270535735,0.25972843871557616,0.8185443506353229
2726,209.15261,8.3773,0.11236413675099666,-0.25114760923843055,0.8204866326552509
3813,179.14208,9.5754,-0.15726366597193664,0.24696163856803274,0.820519683346053
2586,278.22859,8.0994,-0.09746557803688738,0.2545367709723574,0.8207576522464133
3602,409.38133,9.3398,-0.20182206120073687,0.24218944938708126,0.8258286500526298
1456,361.16305,5.7271,-0.030977548681589084,0.24778475556964463,0.8272438226390786
4340,764.56235,10.5336,0.18822101393394952,-0.24231740510180053,0.8287540255806334
2275,330.20253,7.5288,-0.11918266288639234,0.23334281994080727,0.8288320176155989
1645,340.95822,6.185,-0.18116968612116224,0.23297126145699698,0.8290922780795209
4416,149.02226,10.6605,-0.05170830270502158,0.2436582303081536,0.8296900511491699
3453,529.55177,9.2011,-0.11915857720126244,0.23194118809189163,0.8311235757959943
23,103.00503,0.6201,0.0290363826489326,-0.23484262341439502,0.8318913040185902
1199,177.05355,5.1208,0.0303672564169446,-0.23679089823709967,0.8326255809615443
3496,608.41801,9.2205,0.47505271778165303,-0.23657243856556825,0.8327677493557368
53,121.0156,0.619,0.13423445202955797,-0.22713401770786606,0.8328680520860253
1805,315.24968,6.5718,0.037819087774499494,-0.22578814438166372,0.8330014962108935
2922,507.79925,8.6126,0.4034073194704795,-0.22945926737481645,0.8345891256196285
2478,668.44683,7.8786,-0.10772279561733189,0.23405570980114693,0.835098476000592
4469,559.48716,10.818,0.48651102598111073,-0.2319189228015962,0.8365619468507447
4363,687.60218,10.5405,-0.6771148196496499,0.21901082310149425,0.8373656538979424
3099,698.55446,8.857,-0.6929448370446138,0.22056596432512804,0.8373918258957992
4010,632.49587,9.8247,0.44733889908201974,-0.22622719176341868,0.8378433670329718
3499,411.20258,9.2443,-0.04485709873577992,0.22846487820158476,0.8387756157744262
3583,540.47563,9.3218,0.7072418625069927,-0.2252444084494661,0.8401547038066548
2183,335.2197,7.3066,0.030546155308982748,-0.21748401704335724,0.8417241461130754
2231,298.89954,7.4353,0.07554078343986781,-0.22078319575351146,0.8431837849606412
3763,282.39005,9.478,0.32323741001566475,-0.21067870960592777,0.8435171216005317
2243,262.25177,7.4433,0.08947177980713583,-0.2099797613554217,0.84403260928142
3143,538.29881,8.8054,0.15626732833353785,-0.20943008684024592,0.8470706947055637
3906,570.48632,9.6753,0.6645329063523793,-0.215282395159032,0.8481916833636751
930,394.10935,4.499,0.02115656965695578,-0.20998885461277306,0.8519271407849027
4473,595.57492,10.8123,-0.6662809433727497,0.2026785864937002,0.8523992276119309
1595,424.27724,6.0783,0.1602549092387422,-0.2033617204695854,0.8524422858278686
1119,421.24058,4.9491,-0.04397819680385773,0.196917598948458,0.8538403485094943
4185,452.27565,10.1249,0.42860437718937927,-0.2074380834237107,0.8541058482250656
433,421.07722,1.4135,0.02697945983652339,-0.20227141446199237,0.8580421235268422
4329,542.49132,10.4866,0.23746421121217232,-0.1986206340227487,0.8608966985488793
3377,441.27981,9.1138,-0.0427338808935529,0.18999044987190283,0.8612266530042189
572,205.07365,2.2923,0.23655106500612533,-0.19172356358384748,0.8625884423564772
3719,271.27822,9.4562,-0.1283330492668231,0.18417393920446423,0.8628885760114178
4002,616.49573,9.8094,0.49690804318864057,-0.18783785624946417,0.8636479192271052
46,148.01408,0.6172,-0.11127408139617057,0.18734245666621455,0.8651199842263988
3455,504.51194,9.1875,0.4111377799568672,-0.18343549036370824,0.865706401914362
4475,558.48385,10.8269,0.335148437168014,-0.19047595655530886,0.8658916949001756
1100,343.1718,4.8905,0.09108730285728939,-0.18464981530251476,0.8665687014299235
4476,369.34536,10.8335,0.11031870900935203,-0.18889995836841314,0.8670145725938756
4212,942.61772,10.1781,0.27061325113589163,-0.17865905613239816,0.8672481929077841
3991,939.59841,9.8084,0.5881089770548371,-0.18673368897832693,0.8682872937549503
4180,602.5103,10.1058,0.5160154454008126,-0.18454198963608764,0.8694558360230245
2538,341.24212,8.0136,0.16285281796811724,-0.17481285126488177,0.8697451192816543
4165,611.53348,10.0718,-0.45346261962744006,0.17372167955622755,0.8707038813768018
4314,801.54621,10.4127,0.2580889410482463,-0.1738735262703219,0.8709887501592397
3814,379.62141,9.5713,-0.20537485968873037,0.1772648855027373,0.8715686923617642
2778,394.26251,8.4611,0.06720427826956854,-0.1721877583311121,0.8728054427833886
12,110.00776,0.6154,-0.02489589416125426,0.1788542072748439,0.8741028282236006
222,543.13027,0.7756,0.06028740245317721,-0.17782592271555783,0.8744860077514393
3167,254.51075,8.9151,0.13282675398805566,-0.1753266871735044,0.8754836595950661
1333,390.21707,5.4186,-0.05696881350041405,0.1688991387471902,0.8758871965802243
4172,283.26268,10.0318,0.21122897289109943,-0.17600729837397364,0.876335069671561
4503,338.28115,10.8938,0.1747368127020792,-0.16617206974355656,0.8767852833205683
565,250.0125,2.2614,0.18114186120723907,-0.16446432904392008,0.8788706604317941
4344,764.41981,10.5329,0.3602310678238063,-0.17135057276373364,0.8790689770218141
3855,649.50048,9.6192,-0.5621119257256737,0.15981028655725082,0.8810739558710314
1245,395.21265,5.2285,0.03989521923199657,-0.16698128260877274,0.8813864661065242
2253,298.40973,7.4489,-0.09912963582242273,0.1616926191323969,0.8815499645642542
1381,341.14773,5.6207,0.02070714834006182,-0.16074123294463655,0.882189113298017
4039,506.52777,9.8939,-0.0915283679079959,0.15779290263110382,0.8826419402193841
3457,609.32332,9.2049,-0.47484629647380405,0.1659957004474517,0.8827812787989241
366,456.20589,1.1426,-0.01924338208767118,0.16623777796915218,0.8829964037416405
3615,504.51186,9.3314,-0.2755914422218959,0.1642863016267624,0.8844976967393557
1921,314.24728,6.7739,-0.14503074822992446,0.15817382004356256,0.8849140887925437
2274,249.18146,7.528,-0.4642507867754957,0.15051844529807085,0.8876423879722506
2758,392.27557,8.4039,-0.13243264995359194,0.15132851624271407,0.8879546744411427
1682,211.13084,6.2375,0.14605825084341273,-0.15096901886957603,0.8880248202750762
3476,542.33297,9.2196,0.01416387921372042,-0.1511398335012444,0.8881206451582739
2384,685.41659,7.7351,-0.05061544906153426,0.15098409055443718,0.8921280350617198
1302,265.14207,5.3308,0.10551785106676448,-0.1442005100832649,0.8923307441036992
2268,336.26507,7.5059,-0.06999515219858488,0.15292922964485212,0.8923477195151872
27,265.17456,0.6207,-0.021012956974892916,0.15272491193442173,0.8924968869319696
4342,742.58043,10.5343,-0.0765645684829579,0.1465111313199442,0.8931701755537206
3853,409.3814,9.6622,-0.0848111889135783,0.14793850612469112,0.8935499491924233
4307,615.45951,10.48,-0.11680042192035867,0.14284831001483964,0.8942047177816504
3880,590.55835,9.6438,-0.07157210193377228,0.14498812244878057,0.8945145343894452
3564,580.46833,9.3227,-0.3497169945300529,0.14303177018268423,0.8958301646733133
4412,429.23872,10.6575,-0.028811326811722715,0.14251815406864418,0.896052996785131
3764,521.797,9.5319,0.13223099935594185,-0.13886918401394352,0.8984818584604515
1987,310.24362,6.8242,-0.09740562144023812,0.13628558453729872,0.8989220097676887
3903,522.4912,9.6779,0.2759384539710785,-0.1418487394369163,0.8992799848203463
4470,518.49137,10.8152,0.20123786562989565,-0.14207441124831915,0.8995399376197004
367,294.15344,1.1429,0.016894936971590724,-0.14174499148074823,0.9001520843036994
1564,410.16126,5.9981,-0.5925622974662401,0.13359435231487016,0.9001750493145151
3841,397.27729,9.5828,0.22508920379402664,-0.13270357843149036,0.9018535805683876
2261,274.27286,7.4134,-0.1092827003067729,0.13291399865776676,0.9020831511954235
1234,287.05373,5.2083,-0.016245595952288028,0.1359058557402063,0.9039274774017034
3989,615.49779,9.7761,-0.35008150925579784,0.13347701805925052,0.9043495181431496
3027,865.4375,8.8521,-0.014082188745906166,0.1311915261869352,0.9043955109327837
3528,263.23571,9.247,-0.030885797001559467,0.13019851397700047,0.9047663438810434
133,214.84884,0.686,-0.07823996707790748,0.12918601616888503,0.9057502359931819
4235,385.32991,10.2228,-0.026898424625947825,0.12547984853807376,0.9062148052211221
2295,397.38129,7.5488,0.11907378191668627,-0.13143073369434208,0.9072140400133679
2297,334.21718,7.5441,-0.10932590292998512,0.13006901784532185,0.9076989736769425
81,408.83978,0.6557,0.017339852774133746,-0.12212099560914909,0.9088281456697522
3275,353.26717,9.0245,-0.014161497677891433,0.12764195207405835,0.9090551478496696
4472,536.50192,10.818,0.17614300429987395,-0.1284921139638057,0.9090858987805648
3668,425.28665,9.3697,-0.13993314842003457,0.12136928591973811,0.909472962920711
1597,231.12383,6.0801,0.12797655323875468,-0.12633978630009143,0.9099540583972389
3894,504.48713,9.6729,-0.27706970350260285,0.12361330027638466,0.9111305913811973
1979,353.7377,6.819,-0.037288208927268585,0.1173463856444354,0.9123497763827213
3836,161.13166,9.5848,-0.1566528993977565,0.11357763615156137,0.9150473240411604
1191,217.04603,5.1134,-0.013652900550848557,0.10941741663488198,0.9195873998328383
2917,163.11071,8.6176,0.0600172239447021,-0.11317994148618546,0.9200434291601203
3843,482.32249,9.6055,-0.02537414518327985,0.1067441668466634,0.9202630030104211
2576,312.32467,8.0919,-0.04143761780380206,0.10619402192086115,0.9205935739957231
3530,372.30945,9.2645,-0.011107383803418358,0.10502055964490818,0.9229662673615727
1210,257.13469,5.1489,0.014196271201253552,-0.1024499957171366,0.9235014276698688
1504,845.58063,5.8349,-0.08938638060497617,0.1020493801476834,0.9240654662889687
1196,886.28895,5.1183,0.03959408999511638,-0.10314219020530607,0.9242307237000051
2527,310.23472,7.9643,0.10500827830809545,-0.10035439026649258,0.9281583324529792
1190,209.07972,5.1122,0.012005117441519886,-0.0964508229611572,0.9283327706793127
4511,664.3457,10.9593,-0.11612531975187146,0.09579452675237121,0.9285592316134416
3923,687.60268,9.7076,-0.2199684854325641,0.09541182627614572,0.9296573685253966
1650,341.57879,6.1813,-0.05314678127093764,0.09905679700013632,0.9299092349060019
2307,244.22589,7.6059,0.09095917748405213,-0.08993844053405893,0.9327345824732438
3278,391.22295,9.0289,0.012626940247780993,-0.08908713750938622,0.9335532611307509
1366,282.12638,5.5152,0.028401037294500497,-0.08770258045977601,0.9353634501148099
2756,370.23382,8.3951,-0.020268707786224027,0.0851957889744393,0.9362239056611417
1754,639.45499,6.4495,0.08626627967114064,-0.088591542884651,0.9362408505588713
1880,314.24976,6.6122,-0.037176098398058244,0.07388173960521681,0.9447666516337232
1547,341.13703,5.948,0.00904557561567465,-0.07617775686393734,0.9461567572058837
5,146.16417,0.6435,-0.017983695795589227,0.07092875228840732,0.9468646422742097
3291,506.52767,9.0446,0.052964934072795344,-0.06971834579330805,0.9478099669130869
1200,593.22003,5.1217,0.008838195827421735,-0.07006693641296845,0.9488174888632591
3519,369.30636,9.2873,0.03417540006531805,-0.06777341189963061,0.9502143137570958
2534,261.22004,7.9856,-0.030587468409772,0.06559243180489606,0.9529335135301056
3458,447.34509,9.2085,0.11967443449526183,-0.06577018901164869,0.9533417229824946
279,318.09396,0.8931,-0.008794701695368445,0.06370793670343627,0.9540934762733095
2098,384.24278,7.0977,0.046102697284913674,-0.059112394687050984,0.9559736382724248
4443,687.60249,10.7608,-0.2615195877047567,0.057918246818087195,0.9580905915267797
2737,400.30438,8.3811,0.010924634540636191,-0.0568644806914752,0.9595370993568574
2380,312.25794,7.7351,0.05502389815087927,-0.04911594785302431,0.9634966362878078
2326,318.45925,7.6195,0.022115198371331246,-0.04741925191873454,0.9662901389392543
2696,219.17321,8.3442,-0.038316914006631286,0.04715227801233064,0.966445153393455
76,520.80468,0.6545,0.0063595325352423515,-0.04686255178636175,0.966751932852738
1755,300.23084,6.4492,-0.007652051504908108,0.042180426331911235,0.9683774943078782
3806,543.34014,9.5666,-0.015343898911178044,0.042122583482828754,0.9685036848106283
1731,267.157,6.4136,0.03384607144767049,-0.0419195031647491,0.9690480042530716
4213,584.5524,10.1756,0.08626154139133568,-0.04127283438769329,0.9691362516104411
2762,679.48161,8.4175,-0.11791216309800623,0.03973040842457107,0.9704533929501175
1781,930.66766,6.4847,0.01766715396398233,-0.0397256949915552,0.970713135781106
2560,599.42621,8.0463,0.024608450934437087,-0.04008595293018632,0.9710502429686653
490,199.10671,1.714,-0.03450023636042143,0.0384911958036253,0.9727085472317022
1516,249.11478,5.9631,0.00988455378099573,-0.03670020618690972,0.9729020036988638
1237,449.1062,5.2116,0.00475017118347143,-0.034002395384669745,0.9759386740735825
2609,313.2724,8.1761,0.013382513555275644,-0.03002655423065581,0.9779833202918371
4216,618.51504,10.1824,-0.030237694058826037,0.028720465473547438,0.9785907291051845
3868,336.25204,9.6341,0.018169368599473934,-0.027208881213055522,0.9807222730704662
1938,356.25336,6.8426,-0.014516297407154433,0.02652453918271436,0.9812307568929908
1493,175.13176,5.7802,0.018002690890986273,-0.023935833645035553,0.9828184018638747
1336,481.26013,5.4168,0.015142743289045413,-0.023583790396792023,0.9831419370457565
949,243.13263,4.5545,-0.002451511964225439,0.019754280717414918,0.9858931375154905
2499,315.19169,7.9044,-0.00397165879751693,0.018311597087412666,0.9862939424319908
3996,940.60282,9.8107,-0.04968643350933988,0.01777509677507637,0.986819119485677
4349,724.56965,10.5373,0.009986470655626078,-0.016869925014957928,0.9877361512443457
4461,445.33415,10.7873,0.018092005682518675,-0.014093928998595618,0.98943008723095
84,238.90163,0.6575,0.0017998456696295406,-0.013844727451728628,0.9896239810256411
3552,377.79854,9.2638,0.010779690681261833,-0.014009699270210724,0.9899774953303544
1605,441.34203,6.1131,-0.01206735354562305,0.012925496179005307,0.9905414718001682
3821,556.4682,9.5797,0.03902936795059109,-0.012179534666608928,0.9911603800299751
2015,288.28827,6.8996,0.006441506613769299,-0.010109347032850184,0.9927148835003851
2017,307.24522,6.8984,0.0016066253897681904,-0.009846047431029646,0.9928783159727352
2582,349.23344,8.1151,0.008991489744075487,-0.008762646530977447,0.9935599020096573
1804,299.17659,6.576,-0.005405368017773249,0.007841426206789159,0.9942529749405775
4348,562.51702,10.5367,-0.0030087768735853615,0.005180418546613056,0.9962487725295497
2562,346.33031,8.0523,-0.0019489821305480604,0.005110723657120511,0.9962874066815625
4242,420.35387,10.2206,0.002944199670039005,-0.0027377342513202007,0.9979829329612172
1183,271.10796,5.0249,0.0026727719790669013,-0.0023365116879821746,0.9983382018591622
