formulaRank	molecularFormula	adduct	precursorFormula	NPC#pathway	NPC#pathway Probability	NPC#superclass	NPC#superclass Probability	NPC#class	NPC#class Probability	ClassyFire#superclass	ClassyFire#superclass probability	ClassyFire#class	ClassyFire#class Probability	ClassyFire#subclass	ClassyFire#subclass Probability	ClassyFire#level 5	ClassyFire#level 5 Probability	ClassyFire#most specific class	ClassyFire#most specific class Probability	ClassyFire#all classifications	ionMass	retentionTimeInSeconds	retentionTimeInMinutes	formulaId	alignedFeatureId	compoundId	mappingFeatureId	overallFeatureQuality
1	C15H30N6O6	[M + Na]+	C15H30N6NaO6+	Amino acids and Peptides	0.928	Small peptides	0.755	Tripeptides	0.524	Organic acids and derivatives	0.948	Carboxylic acids and derivatives	0.935	Amino acids, peptides, and analogues	0.936	Peptides	0.827	Peptides	0.827	Organic compounds; Lipids and lipid-like molecules; Amino acids, peptides, and analogues; Alpha amino acids and derivatives; Alcohols and polyols; Fatty acids and conjugates; Organic acids and derivatives; Carboxylic acids and derivatives; Organonitrogen compounds; Primary alcohols; Organooxygen compounds; Fatty amides; Hydroxy fatty acids; Amino acids and derivatives; Peptides; Monoalkylamines; Carboxylic acid amides; Carboxylic acid derivatives; N-acyl amines; Monocarboxylic acids and derivatives; N-acyl-alpha amino acids and derivatives; Carboxylic acids; Secondary alcohols; Secondary carboxylic acid amides; Carbonyl compounds; Alpha amino acid amides; N-acyl-alpha amino acids; Amines; Primary amines; Fatty Acyls; Organic oxides; Hydrocarbon derivatives; Amino acids; Organopnictogen compounds; Organic oxygen compounds; Organic nitrogen compounds; Chemical entities	413.211	36	0.607	816699674800754389	816699015158340837	816699015154146532	8	
1	C6H11O5P	[M + K]+	C6H11KO5P+	Fatty acids	0.822	Fatty Acids and Conjugates	0.690	Halogenated fatty acids	0.026	Lipids and lipid-like molecules	0.716	Fatty Acyls	0.620					Fatty Acyls	0.620	Organic compounds; Lipids and lipid-like molecules; Organic acids and derivatives; Carboxylic acids and derivatives; Organooxygen compounds; Organophosphorus compounds; Organic phosphonic acids and derivatives; Carboxylic acid derivatives; Monocarboxylic acids and derivatives; Carboxylic acids; Carboxylic acid esters; Carbonyl compounds; Methyl esters; Fatty Acyls; Organic oxides; Hydrocarbon derivatives; Organic oxygen compounds; Chemical entities	232.998	37	0.611	816699694086171795	816699015271587051	816699015267392746	13	
1	C12H6O7	[M + K]+	C12H6KO7+	Shikimates and Phenylpropanoids	0.614	Naphthalenes	0.461	Naphthoquinones	0.535	Benzenoids	0.981	Phenols	0.568	1-hydroxy-2-unsubstituted benzenoids	0.508			1-hydroxy-2-unsubstituted benzenoids	0.508	Organic compounds; Organoheterocyclic compounds; Pyrans; Phenols; Ethers; Organic acids and derivatives; Carboxylic acids and derivatives; Organooxygen compounds; Pyranones and derivatives; Benzenoids; Organic oxides; Oxacyclic compounds; Hydrocarbon derivatives; Organic oxygen compounds; 1-hydroxy-2-unsubstituted benzenoids; Chemical entities	300.973	37	0.612	816699674683313766	816699015409999097	816699015405804792	17	
1	C7H13O5P	[M + K]+	C7H13KO5P+	Fatty acids	0.911	Fatty Acids and Conjugates	0.720	Halogenated fatty acids	0.014	Lipids and lipid-like molecules	0.548							Lipids and lipid-like molecules	0.548	Organic compounds; Lipids and lipid-like molecules; Organic acids and derivatives; Carboxylic acids and derivatives; Organooxygen compounds; Organophosphorus compounds; Monocarboxylic acids and derivatives; Carboxylic acids; Carbonyl compounds; Organic oxides; Hydrocarbon derivatives; Organic oxygen compounds; Chemical entities	247.014	37	0.618	816699701359097985	816699015586159871	816699015586159870	48	
1	C12H8O14	[M + K]+	C12H8KO14+	Shikimates and Phenylpropanoids	0.954	Phenolic acids (C6-C1)	0.967	Simple phenolic acids	0.525	Benzenoids	0.814	Benzene and substituted derivatives	0.539	Benzoic acids and derivatives	0.552	Hydroxybenzoic acid derivatives	0.561	Hydroxybenzoic acid derivatives	0.561	Organic compounds; Alcohols and polyols; Phenols; Benzoic acids and derivatives; Organic acids and derivatives; Carboxylic acids and derivatives; Organooxygen compounds; Carboxylic acids; Hydroxybenzoic acid derivatives; Benzene and substituted derivatives; Polyols; Benzenoids; Organic oxides; Oxacyclic compounds; Hydrocarbon derivatives; Organic oxygen compounds; 1-hydroxy-2-unsubstituted benzenoids; Chemical entities	414.953	37	0.620	816699724973037321	816699015875566861	816699015875566860	61	
1	C15H30N2O9	[M + H]+	C15H31N2O9+	Carbohydrates	0.999	Aminosugars and aminoglycosides	0.921	Amino cyclitols	0.729	Organic oxygen compounds	1.000	Organooxygen compounds	1.000	Carbohydrates and carbohydrate conjugates	0.960	Aminosaccharides	0.826	2-deoxystreptamine aminoglycosides	0.662	Organic compounds; Organoheterocyclic compounds; Carbohydrates and carbohydrate conjugates; Alcohols and polyols; Ethers; Organic acids and derivatives; Organonitrogen compounds; Aminoglycosides; Primary alcohols; Organooxygen compounds; Monoalkylamines; Carboxylic acids; Cyclic alcohols and derivatives; Monosaccharides; Acetals; Secondary alcohols; Aminocyclitol glycosides; 1,2-aminoalcohols; Oxanes; Glycosyl compounds; O-glycosyl compounds; Dialkylamines; Polyols; Amines; Secondary amines; Alkanolamines; Cyclitols and derivatives; Aminocyclitols and derivatives; Cyclohexanols; Cyclohexylamines; Aminosaccharides; 2-deoxystreptamine aminoglycosides; Organic oxides; Oxacyclic compounds; Hydrocarbon derivatives; Organopnictogen compounds; Organic oxygen compounds; Organic nitrogen compounds; Chemical entities	383.201	37	0.621	816699680601479504	816699015988813074	816699015988813073	69	
1	C10H22N2O5	[M + H]+	C10H23N2O5+	Amino acids and Peptides	0.803	Small peptides	0.718	Aminoacids	0.347	Organic acids and derivatives	0.973	Carboxylic acids and derivatives	0.973	Amino acids, peptides, and analogues	0.765	Amino acids and derivatives	0.763	Amino acids	0.821	Organic compounds; Lipids and lipid-like molecules; Amino acids, peptides, and analogues; Alcohols and polyols; Fatty acids and conjugates; Organic acids and derivatives; Carboxylic acids and derivatives; Organonitrogen compounds; Primary alcohols; Organooxygen compounds; Branched fatty acids; Hydroxy fatty acids; Amino acids and derivatives; Monoalkylamines; Amino fatty acids; Monocarboxylic acids and derivatives; Carboxylic acids; Secondary alcohols; Carbonyl compounds; Amines; Primary amines; Alkanolamines; Medium-chain fatty acids; Fatty Acyls; Organic oxides; Hydrocarbon derivatives; Amino acids; Organopnictogen compounds; Organic oxygen compounds; Organic nitrogen compounds; Chemical entities	251.159	37	0.621	816699674142248081	816699016114642200	816699016110447895	70	
1	C9H24N2OSi2	[M + H]+	C9H25N2OSi2+	Alkaloids	0.455	Pseudoalkaloids (transamidation)	0.219	Polyamines	0.103	Organic nitrogen compounds	0.996	Organonitrogen compounds	0.991	Amines	0.880	Primary amines	0.875	Monoalkylamines	0.892	Organic compounds; Organonitrogen compounds; Organooxygen compounds; Monoalkylamines; Amines; Primary amines; Organic oxides; Hydrocarbon derivatives; Organopnictogen compounds; Organic oxygen compounds; Organic nitrogen compounds; Chemical entities	233.148	38	0.626	816699676574946003	816699016504712501	816699016504712500	80	
1	C7H18N5O3	[M + H]+	C7H19N5O3+	Amino acids and Peptides	0.799	Small peptides	0.871	Aminoacids	0.807	Organic acids and derivatives	0.967	Carboxylic acids and derivatives	0.961	Amino acids, peptides, and analogues	0.829	Amino acids and derivatives	0.826	Amino acids	0.740	Organic compounds; Lipids and lipid-like molecules; Amino acids, peptides, and analogues; Fatty acids and conjugates; Organic acids and derivatives; Carboxylic acids and derivatives; Organonitrogen compounds; Organooxygen compounds; Amino acids and derivatives; Guanidines; Monoalkylamines; Monocarboxylic acids and derivatives; Carboxylic acids; Carbonyl compounds; Amines; Primary amines; Carboximidamides; Organic 1,3-dipolar compounds; Fatty Acyls; Organic oxides; Hydrocarbon derivatives; Amino acids; Organopnictogen compounds; Organic oxygen compounds; Organic nitrogen compounds; Chemical entities	221.149	38	0.632	816699675127910424	816699016706039123	816699016701844817	86	
1	C11H23O6	[M + Na]+	C11H23NaO6+	Fatty acids	0.437	Fatty acyl glycosides	0.545	Fatty acyl glycosides of mono- and disaccharides	0.523	Lipids and lipid-like molecules	0.698	Fatty Acyls	0.665	Fatty acyl glycosides	0.502			Fatty acyl glycosides	0.502	Organic compounds; Organoheterocyclic compounds; Carbohydrates and carbohydrate conjugates; Lipids and lipid-like molecules; Alcohols and polyols; Ethers; Primary alcohols; Organooxygen compounds; Hexoses; Monosaccharides; Acetals; Secondary alcohols; Fatty acyl glycosides; Oxanes; Glycosyl compounds; O-glycosyl compounds; Polyols; Fatty Acyls; Oxacyclic compounds; Hydrocarbon derivatives; Organic oxygen compounds; Chemical entities	274.138	38	0.637	816699700352464575	816699017012223331	816699017012223330	92	
1	C8H20N6O4	[M + H]+	C8H21N6O4+	Alkaloids	0.464	Pseudoalkaloids (transamidation)	0.223	Imidazole alkaloids	0.154	Organoheterocyclic compounds	0.908	Azoles	0.611	Imidazoles	0.717	Substituted imidazoles	0.749	N-substituted imidazoles	0.696	Organic compounds; Organoheterocyclic compounds; Imidazoles; Alcohols and polyols; Organonitrogen compounds; Organooxygen compounds; Azoles; Organic nitro compounds; Organic oxoazanium compounds; Substituted imidazoles; N-substituted imidazoles; Amines; Primary amines; Organic 1,3-dipolar compounds; Allyl-type 1,3-dipolar organic compounds; Propargyl-type 1,3-dipolar organic compounds; Organic oxides; C-nitro compounds; Azacyclic compounds; Heteroaromatic compounds; Hydrocarbon derivatives; Organopnictogen compounds; Organic oxygen compounds; Organic nitrogen compounds; Chemical entities	265.161	39	0.644	816699680551147820	816699017121275240	816699017117080935	96	
1	C10H22N2O4	[M + H]+	C10H23N2O4+	Amino acids and Peptides	0.927	Small peptides	0.932	Aminoacids	0.713	Organic acids and derivatives	1.000	Carboxylic acids and derivatives	0.999	Amino acids, peptides, and analogues	0.926	Amino acids and derivatives	0.925	Amino acids	0.943	Organic compounds; Lipids and lipid-like molecules; Amino acids, peptides, and analogues; Fatty acids and conjugates; Organic acids and derivatives; Carboxylic acids and derivatives; Organonitrogen compounds; Organooxygen compounds; Hydroxy fatty acids; Amino acids and derivatives; Monoalkylamines; Amino fatty acids; Monocarboxylic acids and derivatives; Carboxylic acids; Carbonyl compounds; Amines; Primary amines; Medium-chain fatty acids; Fatty Acyls; Organic oxides; Hydrocarbon derivatives; Amino acids; Organopnictogen compounds; Organic oxygen compounds; Organic nitrogen compounds; Chemical entities	235.164	39	0.646	816699675287294093	816699017238715762	816699017238715761	98	
1	C10H16BN5O3	[M + H]+	C10H17BN5O3+	Amino acids and Peptides	0.307	Small peptides	0.487	Pinane monoterpenoids	0.199	Organic acids and derivatives	0.799	Carboxylic acids and derivatives	0.394	Amino acids, peptides, and analogues	0.544	Amino acids and derivatives	0.541	Amino acids and derivatives	0.541	Organic compounds; Organoheterocyclic compounds; Amino acids, peptides, and analogues; Imidazoles; Organic acids and derivatives; Organonitrogen compounds; Organooxygen compounds; Amino acids and derivatives; Azoles; Organometallic compounds; Monoalkylamines; Boronic acid derivatives; Organometalloid compounds; Substituted imidazoles; N-substituted imidazoles; Amines; Primary amines; Organoboron compounds; Organic salts; Organic metalloid salts; Organic metal salts; Azacyclic compounds; Oxacyclic compounds; Heteroaromatic compounds; Hydrocarbon derivatives; Organopnictogen compounds; Alkylboranes; Monoalkylboranes; Organic oxygen compounds; Organic nitrogen compounds; Chemical entities	265.147	39	0.649	816699678978283206	816699017461013885	816699017461013884	99	
1	C12H24N2O7	[M + H]+	C12H25N2O7+	Amino acids and Peptides	0.790	Aminosugars and aminoglycosides	0.707	Aminoacids	0.664	Organic acids and derivatives	0.968	Carboxylic acids and derivatives	0.971	Amino acids, peptides, and analogues	0.957	Amino acids and derivatives	0.958	Alpha amino acids	0.895	Organic compounds; Carbohydrates and carbohydrate conjugates; Lipids and lipid-like molecules; Amino acids, peptides, and analogues; Alpha amino acids and derivatives; Alcohols and polyols; Ethers; Fatty acids and conjugates; Organic acids and derivatives; Carboxylic acids and derivatives; Organonitrogen compounds; Primary alcohols; Organooxygen compounds; Hydroxy fatty acids; Amino acids and derivatives; Monoalkylamines; Amino fatty acids; Monocarboxylic acids and derivatives; Carboxylic acids; Monosaccharides; Secondary alcohols; Carbonyl compounds; Polyols; Alpha amino acids; Amines; Primary amines; Medium-chain fatty acids; Fatty Acyls; Organic oxides; Oxacyclic compounds; Hydrocarbon derivatives; Amino acids; Organopnictogen compounds; Organic oxygen compounds; Organic nitrogen compounds; Chemical entities	309.164	39	0.652	816699697651331591	816699017586843012	816699017586843011	100	
1	C11H22N2O7	[M + H]+	C11H23N2O7+	Amino acids and Peptides	0.960	Small peptides	0.959	Aminoacids	0.494	Organic acids and derivatives	0.999	Carboxylic acids and derivatives	0.998	Amino acids, peptides, and analogues	0.955	Amino acids and derivatives	0.954	N-acyl-alpha amino acids	0.557	Organic compounds; Lipids and lipid-like molecules; Amino acids, peptides, and analogues; Alpha amino acids and derivatives; Alcohols and polyols; Fatty acids and conjugates; Organic acids and derivatives; Carboxylic acids and derivatives; Organonitrogen compounds; Organooxygen compounds; Fatty amides; Amino acids and derivatives; Monoalkylamines; Carboxylic acid amides; Carboxylic acid derivatives; Monocarboxylic acids and derivatives; N-acyl-alpha amino acids and derivatives; Carboxylic acids; Secondary alcohols; Secondary carboxylic acid amides; Carbonyl compounds; N-acyl-alpha amino acids; Alpha amino acids; Amines; Fatty Acyls; Organic oxides; Hydrocarbon derivatives; Amino acids; Organopnictogen compounds; Organic oxygen compounds; Organic nitrogen compounds; Chemical entities	295.149	39	0.653	816699695520624393	816699017704283529	816699017700089224	101	
1	C12H11Cl7O5	[M + K]+	C12H11Cl7KO5+	Polyketides	0.717	Phenolic acids (C6-C1)	0.375	Simple phenolic acids	0.250	Benzenoids	0.774	Benzene and substituted derivatives	0.771	Benzoic acids and derivatives	0.422	Halobenzoic acids and derivatives	0.515	3-halobenzoic acids and derivatives	0.588	Organic compounds; Halobenzenes; Organic acids and derivatives; Carboxylic acids and derivatives; Organohalogen compounds; Organooxygen compounds; Alkyl chlorides; Aryl chlorides; Chlorobenzenes; Organochlorides; Benzene and substituted derivatives; Benzenoids; Aryl halides; Alkyl halides; Vinyl halides; Halobenzoic acids and derivatives; 3-halobenzoic acids and derivatives; Organic oxides; Hydrocarbon derivatives; Organic oxygen compounds; Chemical entities	518.806	40	0.667	816699677397029948	816699017876250000	816699017872055695	114	
1	C5H3N2O3PS4	[M + Na]+	C5H3N2NaO3PS4+	Alkaloids	0.334	Histidine alkaloids	0.186	Imidazole alkaloids	0.187	Organoheterocyclic compounds	0.995	Azoles	0.854	Thiazoles	0.502			Thiazoles	0.502	Organic compounds; Organoheterocyclic compounds; Organosulfur compounds; Thiazoles; Organic acids and derivatives; Organonitrogen compounds; Organooxygen compounds; Azoles; Sulfenyl compounds; Organic oxides; Azacyclic compounds; Heteroaromatic compounds; Hydrocarbon derivatives; Organopnictogen compounds; Organic oxygen compounds; Organic nitrogen compounds; Chemical entities	320.865	40	0.669	816699682283395845	816699017981107605	816699017981107604	124	
1	C8H7Cl8O6PS	[M + H]+	C8H8Cl8O6PS+	Shikimates and Phenylpropanoids	0.119	Phenolic acids (C6-C1)	0.034	Simple phenolic acids	0.062	Benzenoids	0.921	Benzene and substituted derivatives	0.922	Halobenzenes	0.947	Chlorobenzenes	0.941	Dichlorobenzenes	0.704	Organic compounds; Halobenzenes; Organic acids and derivatives; Organohalogen compounds; Organooxygen compounds; Aryl chlorides; Chlorobenzenes; Organic thiophosphoric acids and derivatives; Organochlorides; Thiophosphoric acid esters; Benzene and substituted derivatives; Benzenoids; Dichlorobenzenes; Aryl halides; Organic oxides; Hydrocarbon derivatives; Organic oxygen compounds; Phenoxy compounds; Chemical entities	542.730	41	0.691	816699695990386596	816699018815774129	816699018811579824	174	
1	C11H7Cl8O7PS2	[M + H]+	C11H8Cl8O7PS2+	Polyketides	0.241	Aromatic polyketides	0.063	Simple phenolic acids	0.043	Benzenoids	0.992	Benzene and substituted derivatives	0.956	Benzenesulfonyl compounds	0.673			Benzenesulfonyl compounds	0.673	Organic compounds; Organosulfur compounds; Halobenzenes; Phenols; Organic acids and derivatives; Organohalogen compounds; Organooxygen compounds; Aryl chlorides; Chlorobenzenes; Sulfonyls; Organochlorides; Benzene and substituted derivatives; Halophenols; Benzenoids; Dichlorobenzenes; Chlorophenols; M-chlorophenols; O-chlorophenols; P-chlorophenols; Aryl halides; Organic oxides; Hydrocarbon derivatives; Benzenesulfonyl compounds; Organic oxygen compounds; Phenoxy compounds; Chemical entities	626.691	42	0.693	816699677225063422	816699019805629891	816699019801435586	185	
1	C12H24FO11PS	[M + K]+	C12H24FKO11PS+	Carbohydrates	0.859	Amino acid glycosides	0.260	Cyclitols	0.135	Organic oxygen compounds	1.000	Organooxygen compounds	0.999	Carbohydrates and carbohydrate conjugates	0.970	Monosaccharides	0.958	Hexoses	0.714	Organic compounds; Organoheterocyclic compounds; Organosulfur compounds; Carbohydrates and carbohydrate conjugates; Alcohols and polyols; Organic acids and derivatives; Primary alcohols; Organooxygen compounds; Organic phosphoric acids and derivatives; Thioacetals; Hexoses; Monosaccharides; Secondary alcohols; Oxanes; Monothioacetals; Polyols; Sulfenyl compounds; Organic oxides; Oxacyclic compounds; Hydrocarbon derivatives; Organic oxygen compounds; Chemical entities	465.039	44	0.727	816699683919174989	816699019931459018	816699019931459016	226	
1	C5H12N2O4	[M + K]+	C5H12KN2O4+	Amino acids and Peptides	1.000	Small peptides	1.000	Aminoacids	1.000	Organic acids and derivatives	1.000	Carboxylic acids and derivatives	1.000	Amino acids, peptides, and analogues	0.998	Amino acids and derivatives	0.998	Alpha amino acids	0.976	Organic compounds; Lipids and lipid-like molecules; Amino acids, peptides, and analogues; Alpha amino acids and derivatives; Fatty acids and conjugates; Organic acids and derivatives; Carboxylic acids and derivatives; Organonitrogen compounds; Organooxygen compounds; Dicarboxylic acids and derivatives; Amino acids and derivatives; Monoalkylamines; Monocarboxylic acids and derivatives; Carboxylic acids; Carbonyl compounds; Alpha amino acids; Amines; Primary amines; Fatty Acyls; Organic oxides; Hydrocarbon derivatives; Amino acids; Organopnictogen compounds; Organic oxygen compounds; Organic nitrogen compounds; Chemical entities	203.044	44	0.741	816699691473119319	816699020342500823	816699020342500822	235	
1	C10H19NO7	[M + H]+	C10H20NO7+	Carbohydrates	0.908	Aminosugars and aminoglycosides	0.907	Aminosugars	0.919	Organic oxygen compounds	1.000	Organooxygen compounds	1.000	Carbohydrates and carbohydrate conjugates	0.916	Monosaccharides	0.775	Monosaccharides	0.775	Organic compounds; Organoheterocyclic compounds; Carbohydrates and carbohydrate conjugates; Alcohols and polyols; Organic acids and derivatives; Carboxylic acids and derivatives; Organonitrogen compounds; Primary alcohols; Organooxygen compounds; Carboxylic acid amides; Carboxylic acid derivatives; Monocarboxylic acids and derivatives; Carboxylic acids; Monosaccharides; Secondary alcohols; Secondary carboxylic acid amides; Carbonyl compounds; Oxanes; Polyols; Amines; Organic oxides; Oxacyclic compounds; Hydrocarbon derivatives; Organopnictogen compounds; Organic oxygen compounds; Organic nitrogen compounds; Chemical entities	266.122	46	0.770	816699710905337529	816699021835673142	816699021835673141	270	
1	C8H8N6O5	[M + Na]+	C8H8N6NaO5+	Alkaloids	0.500	Small peptides	0.325	Purine alkaloids	0.337	Organic 1,3-dipolar compounds	0.986	Allyl-type 1,3-dipolar organic compounds	0.987	Organic nitro compounds	0.988	C-nitro compounds	0.984	Nitroaromatic compounds	0.975	Organic compounds; Organoheterocyclic compounds; Imidazoles; Organic acids and derivatives; Carboxylic acids and derivatives; Organonitrogen compounds; Organooxygen compounds; Azoles; Monocarboxylic acids and derivatives; Organic nitro compounds; Organic oxoazanium compounds; Substituted imidazoles; N-substituted imidazoles; Organic zwitterions; Organic 1,3-dipolar compounds; Allyl-type 1,3-dipolar organic compounds; Propargyl-type 1,3-dipolar organic compounds; Organic oxides; C-nitro compounds; Azacyclic compounds; Heteroaromatic compounds; Hydrocarbon derivatives; Organopnictogen compounds; Organic oxygen compounds; Nitroaromatic compounds; Organic nitrogen compounds; Chemical entities	291.047	48	0.802	816699689988334940	816699022791974563	816699022791974562	301	
1	C5H12O11	[M + H]+	C5H13O11+	Carbohydrates	0.926	Saccharides	0.915	Monosaccharides	0.571	Organic oxygen compounds	1.000	Organooxygen compounds	1.000	Carbohydrates and carbohydrate conjugates	0.968	Monosaccharides	0.893	Monosaccharides	0.893	Organic compounds; Carbohydrates and carbohydrate conjugates; Alcohols and polyols; Ethers; Organic acids and derivatives; Primary alcohols; Organooxygen compounds; Monosaccharides; Secondary alcohols; Carbonyl compounds; Sugar alcohols; Polyols; Organic oxides; Hydrocarbon derivatives; Organic oxygen compounds; Chemical entities	249.042	50	0.826	816699701325543516	816699023014272692	816699023010078387	306	
1	C4H9NO4	[M + H]+	C4H10NO4+	Amino acids and Peptides	0.980	Small peptides	0.973	Aminoacids	0.983	Organic acids and derivatives	0.980	Carboxylic acids and derivatives	0.978	Amino acids, peptides, and analogues	0.828	Amino acids and derivatives	0.828	Alpha amino acids	0.637	Organic compounds; Lipids and lipid-like molecules; Amino acids, peptides, and analogues; Fatty acids and conjugates; Organic acids and derivatives; Carboxylic acids and derivatives; Organonitrogen compounds; Organooxygen compounds; Amino acids and derivatives; Monoalkylamines; Monocarboxylic acids and derivatives; Carboxylic acids; Carbonyl compounds; Alpha amino acids; Amines; Primary amines; Fatty Acyls; Organic oxides; Hydrocarbon derivatives; Amino acids; Organopnictogen compounds; Organic oxygen compounds; Organic nitrogen compounds; Chemical entities	136.061	51	0.855	816699681981405870	816699023232376513	816699023232376512	287	
1	C10H20N4O7S2	[M + Na]+	C10H20N4NaO7S2+	Carbohydrates	0.793	Nucleosides	0.273	Aminoglycosides	0.267	Organosulfur compounds	0.908	Thioacetals	0.480	Monothioacetals	0.513			Monothioacetals	0.513	Organic compounds; Organoheterocyclic compounds; Organosulfur compounds; Alcohols and polyols; Organic acids and derivatives; Organonitrogen compounds; Organooxygen compounds; Secondary alcohols; Carbonyl compounds; Monothioacetals; Sulfenyl compounds; Organic oxides; Azacyclic compounds; Hydrocarbon derivatives; Organopnictogen compounds; Organic oxygen compounds; Organic nitrogen compounds; Chemical entities	395.066	52	0.870	816699694866312623	816699023370788559	816699023370788558	317	
1	C17H16O11	[M + H]+	C17H17O11+	Shikimates and Phenylpropanoids	0.895	Flavonoids	0.695	Flavonols	0.626	Phenylpropanoids and polyketides	0.807	Flavonoids	0.633	Hydroxyflavonoids	0.593	5-hydroxyflavonoids	0.679	5-hydroxyflavonoids	0.679	Organic compounds; Organoheterocyclic compounds; Pyrans; Benzopyrans; Alcohols and polyols; Phenols; Chromones; Ethers; Phenylpropanoids and polyketides; Organic acids and derivatives; Organooxygen compounds; Flavonoids; Pyranones and derivatives; Carboxylic acids; Flavones; Benzene and substituted derivatives; Polyols; Benzenoids; Hydroxyflavonoids; 5-hydroxyflavonoids; 7-hydroxyflavonoids; 1-benzopyrans; Vinylogous acids; Organic oxides; Oxacyclic compounds; Heteroaromatic compounds; Hydrocarbon derivatives; Organic oxygen compounds; 1-hydroxy-2-unsubstituted benzenoids; 1-hydroxy-4-unsubstituted benzenoids; Chemical entities	397.076	52	0.872	816699717695917925	816699023609863896	816699023609863895	312	
1	C3H7N5O	[M + Na]+	C3H7N5NaO+	Alkaloids	0.946	Pseudoalkaloids (transamidation)	0.627	Purine alkaloids	0.799	Organoheterocyclic compounds	0.900	Heteroaromatic compounds	0.834					Heteroaromatic compounds	0.834	Organic compounds; Organoheterocyclic compounds; Organic acids and derivatives; Organonitrogen compounds; Organooxygen compounds; Amines; Primary amines; Organic oxides; Azacyclic compounds; Heteroaromatic compounds; Hydrocarbon derivatives; Organopnictogen compounds; Organic oxygen compounds; Organic nitrogen compounds; Chemical entities	152.056	53	0.877	816699710880171677	816699023966379750	816699023962185445	315	
1	C10H19N5O3	[M + Na]+	C10H19N5NaO3+	Amino acids and Peptides	0.737	Small peptides	0.887	Aminoacids	0.281	Organic acids and derivatives	0.675	Carboxylic acids and derivatives	0.747	Amino acids, peptides, and analogues	0.587	Amino acids and derivatives	0.585	Amino acids and derivatives	0.585	Organic compounds; Organoheterocyclic compounds; Amino acids, peptides, and analogues; Alcohols and polyols; Organic acids and derivatives; Carboxylic acids and derivatives; Organonitrogen compounds; Primary alcohols; Organooxygen compounds; Amino acids and derivatives; Azoles; Monocarboxylic acids and derivatives; Carboxylic acids; Carbonyl compounds; Amines; Primary amines; Organic oxides; Azacyclic compounds; Oxacyclic compounds; Heteroaromatic compounds; Hydrocarbon derivatives; Organopnictogen compounds; Organic oxygen compounds; Organic nitrogen compounds; Chemical entities	280.137	54	0.902	816699691242432506	816699024645857017	816699024641662712	325	
1	C10H22N2O5	[M + H]+	C10H23N2O5+	Amino acids and Peptides	0.958	Small peptides	0.954	Aminoacids	0.860	Organic acids and derivatives	1.000	Carboxylic acids and derivatives	1.000	Amino acids, peptides, and analogues	0.965	Amino acids and derivatives	0.965	Amino acids	0.963	Organic compounds; Lipids and lipid-like molecules; Amino acids, peptides, and analogues; Alcohols and polyols; Fatty acids and conjugates; Organic acids and derivatives; Carboxylic acids and derivatives; Organonitrogen compounds; Organooxygen compounds; Branched fatty acids; Hydroxy fatty acids; Amino acids and derivatives; Monoalkylamines; Hydroxy acids and derivatives; Amino fatty acids; Monocarboxylic acids and derivatives; Carboxylic acids; Carbonyl compounds; Amines; Primary amines; Medium-chain fatty acids; Fatty Acyls; Organic oxides; Hydrocarbon derivatives; Amino acids; Organopnictogen compounds; Organic oxygen compounds; Organic nitrogen compounds; Chemical entities	251.159	54	0.903	816699700344075946	816699024759103231	816699024754908926	326	
1	C8H8N6O5	[M + Na]+	C8H8N6NaO5+	Alkaloids	0.571	Small peptides	0.318	Purine alkaloids	0.326	Organic 1,3-dipolar compounds	0.992	Allyl-type 1,3-dipolar organic compounds	0.993	Organic nitro compounds	0.994	C-nitro compounds	0.992	Nitroaromatic compounds	0.987	Organic compounds; Organoheterocyclic compounds; Imidazoles; Organic acids and derivatives; Carboxylic acids and derivatives; Organonitrogen compounds; Organooxygen compounds; Azoles; Organic nitro compounds; Organic oxoazanium compounds; Substituted imidazoles; Organic zwitterions; Organic 1,3-dipolar compounds; Allyl-type 1,3-dipolar organic compounds; Propargyl-type 1,3-dipolar organic compounds; Organic oxides; C-nitro compounds; Azacyclic compounds; Heteroaromatic compounds; Hydrocarbon derivatives; Organopnictogen compounds; Organic oxygen compounds; Nitroaromatic compounds; Organic nitrogen compounds; Chemical entities	291.047	54	0.908	816699708250342002	816699024910098181	816699024905903876	336	
1	C5H4N4O	[M + H]+	C5H5N4O+	Alkaloids	0.949	Pseudoalkaloids (transamidation)	0.860	Purine alkaloids	0.958	Organoheterocyclic compounds	1.000	Imidazopyrimidines	0.944	Purines and purine derivatives	0.933	Purinones	0.899	6-oxopurines	0.786	Organic compounds; Organoheterocyclic compounds; Pyrimidines and pyrimidine derivatives; Imidazoles; Purines and purine derivatives; Hypoxanthines; Organic acids and derivatives; Organonitrogen compounds; Pyrimidones; Organooxygen compounds; Azoles; Purinones; Diazines; 6-oxopurines; Imidazopyrimidines; Vinylogous amides; Organic oxides; Azacyclic compounds; Heteroaromatic compounds; Hydrocarbon derivatives; Organopnictogen compounds; Organic oxygen compounds; Organic nitrogen compounds; Chemical entities	137.045	57	0.952	816699694283304159	816699025505689393	816699025505689392	347	
1	C9H11NO3	[M + H]+	C9H12NO3+	Amino acids and Peptides	1.000	Small peptides	1.000	Aminoacids	1.000	Organic acids and derivatives	1.000	Carboxylic acids and derivatives	1.000	Amino acids, peptides, and analogues	0.999	Amino acids and derivatives	0.999	Tyrosine and derivatives	0.802	Organic compounds; Amino acids, peptides, and analogues; Alpha amino acids and derivatives; Phenols; Phenethylamines; Amphetamines and derivatives; Phenylpropanoids and polyketides; Organic acids and derivatives; Carboxylic acids and derivatives; Organonitrogen compounds; Organooxygen compounds; Amino acids and derivatives; Monoalkylamines; Monocarboxylic acids and derivatives; Carboxylic acids; Carbonyl compounds; Benzene and substituted derivatives; Alpha amino acids; Benzenoids; Amines; Primary amines; Phenylpropanoic acids; Aralkylamines; Organic oxides; Hydrocarbon derivatives; Amino acids; Tyrosine and derivatives; Phenylalanine and derivatives; Organopnictogen compounds; Organic oxygen compounds; 1-hydroxy-2-unsubstituted benzenoids; Organic nitrogen compounds; Chemical entities	182.080	58	0.963	816699685911470131	816699025878982514	816699025878982513	352	
1	C8H15N2O9P	[M + K]+	C8H15KN2O9P+	Carbohydrates	0.998	Aminosugars and aminoglycosides	0.914	Aminosugars	0.777	Organic oxygen compounds	1.000	Organooxygen compounds	1.000	Carbohydrates and carbohydrate conjugates	0.982	Monosaccharides	0.965	Pentose phosphates	0.586	Organic compounds; Organoheterocyclic compounds; Carbohydrates and carbohydrate conjugates; Alcohols and polyols; Organic acids and derivatives; Carboxylic acids and derivatives; Organonitrogen compounds; Primary alcohols; Organooxygen compounds; Organic carbonic acids and derivatives; Organic phosphoric acids and derivatives; Phosphate esters; Pentoses; Monosaccharides; Monosaccharide phosphates; Secondary alcohols; Carbonyl compounds; Oxanes; Glycosyl compounds; Glycosylamines; Pentose phosphates; Polyols; Alkyl phosphates; Monoalkyl phosphates; Organic oxides; Oxacyclic compounds; Hydrocarbon derivatives; Organopnictogen compounds; Organic oxygen compounds; Organic nitrogen compounds; Chemical entities	353.015	58	0.968	816699688130257634	816699026067726204	816699026067726203	354	
1	C13H23NO8	[M + Na]+	C13H23NNaO8+	Carbohydrates	0.379	Aminosugars and aminoglycosides	0.304	Aminosugars	0.354	Organic acids and derivatives	0.970	Carboxylic acids and derivatives	0.969	Amino acids, peptides, and analogues	0.940	Amino acids and derivatives	0.940	Alpha amino acids	0.904	Organic compounds; Organoheterocyclic compounds; Carbohydrates and carbohydrate conjugates; Lipids and lipid-like molecules; Amino acids, peptides, and analogues; Alpha amino acids and derivatives; Alcohols and polyols; Fatty acids and conjugates; Organic acids and derivatives; Carboxylic acids and derivatives; Organonitrogen compounds; Primary alcohols; Organooxygen compounds; Hydroxy fatty acids; Amino acids and derivatives; Amino fatty acids; Monocarboxylic acids and derivatives; Carboxylic acids; Hexoses; Monosaccharides; Secondary alcohols; Carbonyl compounds; Heterocyclic fatty acids; Oxanes; Glycosyl compounds; Dialkylamines; Polyols; Alpha amino acids; Amines; Secondary amines; Fatty Acyls; Organic oxides; Oxacyclic compounds; Hydrocarbon derivatives; Amino acids; Organopnictogen compounds; Organic oxygen compounds; Organic nitrogen compounds; Chemical entities	344.133	60	0.995	816699683986283896	816699026491350932	816699026487156627	363	
1	C3H6N4O2	[M + Na]+	C3H6N4NaO2+	Alkaloids	0.986	Pseudoalkaloids (transamidation)	0.972	Purine alkaloids	0.991	Organic acids and derivatives	0.721	Organic carbonic acids and derivatives	0.584	Ureas	0.598			Ureas	0.598	Organic compounds; Organoheterocyclic compounds; Organic acids and derivatives; Organonitrogen compounds; Organooxygen compounds; Organic carbonic acids and derivatives; Ureas; Organic oxides; Azacyclic compounds; Hydrocarbon derivatives; Organopnictogen compounds; Organic oxygen compounds; Organic nitrogen compounds; Chemical entities	153.040	60	0.996	816699705045892677	816699026600402841	816699026600402840	364	
1	C10H11FN4O3	[M + K]+	C10H11FKN4O3+	Alkaloids	0.438	Small peptides	0.406	Aminoacids	0.068	Benzenoids	0.944	Benzene and substituted derivatives	0.911	Halobenzenes	0.828	Fluorobenzenes	0.867	Fluorobenzenes	0.867	Organic compounds; Organoheterocyclic compounds; Halobenzenes; Organic acids and derivatives; Carboxylic acids and derivatives; Organohalogen compounds; Organonitrogen compounds; Organooxygen compounds; Aryl fluorides; Carboxylic acid derivatives; Fluorobenzenes; Organofluorides; Benzene and substituted derivatives; Benzenoids; Aryl halides; Organic oxides; Azacyclic compounds; Heteroaromatic compounds; Hydrocarbon derivatives; Organopnictogen compounds; Organic oxygen compounds; Organic nitrogen compounds; Chemical entities	293.044	60	0.998	816699693117287127	816699026705260447	816699026701066142	367	
1	C5H10F2N6O	[M + K]+	C5H10F2KN6O+	Alkaloids	0.389	Histidine alkaloids	0.037	Imidazole alkaloids	0.037	Organoheterocyclic compounds	0.947	Triazines	0.605	Aminotriazines	0.545			Aminotriazines	0.545	Organic compounds; Organoheterocyclic compounds; Triazines; Organic acids and derivatives; Carboxylic acids and derivatives; Organohalogen compounds; Organonitrogen compounds; Organooxygen compounds; Alkyl fluorides; Organofluorides; Aminotriazines; Alkyl halides; Organic oxides; 1,3,5-triazines; Azacyclic compounds; Heteroaromatic compounds; Hydrocarbon derivatives; Organopnictogen compounds; Organic oxygen compounds; Organic nitrogen compounds; Chemical entities	247.050	60	1.007	816699700079834693	816699027481206710	816699027481206709	358	
1	C9H6O9S	[M + H]+	C9H7O9S+	Shikimates and Phenylpropanoids	0.524	Phenolic acids (C6-C1)	0.607	Simple phenolic acids	0.619	Organic acids and derivatives	0.992	Carboxylic acids and derivatives	0.890	Carboxylic acids	0.519			Carboxylic acids	0.519	Organic compounds; Organoheterocyclic compounds; Organic acids and derivatives; Carboxylic acids and derivatives; Organooxygen compounds; Carboxylic acids; Carbonyl compounds; Organic oxides; Oxacyclic compounds; Hydrocarbon derivatives; Organic oxygen compounds; Chemical entities	290.979	61	1.017	816699690672006824	816699027623813061	816699027623813060	378	
1	C6H10O10S	[M + H]+	C6H11O10S+	Fatty acids	0.978	Fatty Acids and Conjugates	0.887	Dicarboxylic acids	0.876	Lipids and lipid-like molecules	0.840	Fatty Acyls	0.831	Fatty acid esters	0.544			Fatty acid esters	0.544	Organic compounds; Organosulfur compounds; Lipids and lipid-like molecules; Organic acids and derivatives; Carboxylic acids and derivatives; Organooxygen compounds; Fatty acid esters; Dicarboxylic acids and derivatives; Carboxylic acid derivatives; Carboxylic acids; Carboxylic acid esters; Carbonyl compounds; Fatty Acyls; Organic oxides; Hydrocarbon derivatives; Organic oxygen compounds; Chemical entities	275.006	61	1.017	816699685223604012	816699027711893455	816699027711893453	379	
1	C19H32N2O13	[M + H]+	C19H33N2O13+	Carbohydrates	1.000	Aminosugars and aminoglycosides	0.981	Aminosugars	0.979	Organic oxygen compounds	1.000	Organooxygen compounds	1.000	Carbohydrates and carbohydrate conjugates	0.999	Aminosaccharides	0.997	Acylaminosugars	0.791	Organic compounds; Organoheterocyclic compounds; Carbohydrates and carbohydrate conjugates; Alcohols and polyols; Acylaminosugars; Ethers; Organic acids and derivatives; Carboxylic acids and derivatives; Organonitrogen compounds; Primary alcohols; Organooxygen compounds; Carboxylic acid amides; Hemiacetals; Carboxylic acid derivatives; Amino sugars; Acetals; Secondary alcohols; Secondary carboxylic acid amides; Carbonyl compounds; Oxanes; Glycosyl compounds; O-glycosyl compounds; N-acyl-alpha-hexosamines; Aminosaccharides; Acetamides; Organic oxides; Oxacyclic compounds; Hydrocarbon derivatives; Organopnictogen compounds; Organic oxygen compounds; Organic nitrogen compounds; Chemical entities	497.196	61	1.020	816699688721654747	816699027896442843	816699027896442842	374	
1	C10H13N5O4	[M + H]+	C10H14N5O4+	Carbohydrates	1.000	Nucleosides	1.000	Purine nucleosides	1.000	Nucleosides, nucleotides, and analogues	0.993	Purine nucleosides	0.975					Purine nucleosides	0.975	Organic compounds; Organoheterocyclic compounds; Carbohydrates and carbohydrate conjugates; Pyrimidines and pyrimidine derivatives; Imidazoles; Alcohols and polyols; Purines and purine derivatives; Organonitrogen compounds; Primary alcohols; Nucleosides, nucleotides, and analogues; Organooxygen compounds; Azoles; Purine nucleosides; Aminopyrimidines and derivatives; Diazines; Pentoses; Monosaccharides; Secondary alcohols; Imidazopyrimidines; Glycosyl compounds; Glycosylamines; Substituted imidazoles; N-substituted imidazoles; Amines; Primary amines; Tetrahydrofurans; 6-aminopurines; Imidolactams; Azacyclic compounds; Oxacyclic compounds; Heteroaromatic compounds; Hydrocarbon derivatives; Organopnictogen compounds; Organic oxygen compounds; Organic nitrogen compounds; Chemical entities	268.103	62	1.029	816699692576221706	816699027980328929	816699027980328928	382	
1	C14H15NO9	[M + K]+	C14H15KNO9+	Amino acids and Peptides	0.423	Amino acid glycosides	0.696	Cyanogenic glycosides	0.516	Organic oxygen compounds	1.000	Organooxygen compounds	0.991	Carbohydrates and carbohydrate conjugates	0.796	Sugar acids and derivatives	0.510	Glucuronides	0.517	Organic compounds; Organoheterocyclic compounds; Carbohydrates and carbohydrate conjugates; Nitrobenzenes; Alcohols and polyols; Sugar acids and derivatives; Ethers; Organic acids and derivatives; Carboxylic acids and derivatives; Organonitrogen compounds; Organooxygen compounds; Glucuronides; Carboxylic acid derivatives; Monocarboxylic acids and derivatives; Organic nitro compounds; Organic oxoazanium compounds; Monosaccharides; Acetals; Secondary alcohols; Beta hydroxy acids and derivatives; Carbonyl compounds; Oxanes; Glucuronic acid derivatives; Glycosyl compounds; Benzene and substituted derivatives; Benzenoids; Organic 1,3-dipolar compounds; Allyl-type 1,3-dipolar organic compounds; Organic oxides; C-nitro compounds; Oxacyclic compounds; Hydrocarbon derivatives; Organopnictogen compounds; Organic oxygen compounds; Nitroaromatic compounds; Organic nitrogen compounds; Chemical entities	380.038	64	1.062	816699721097499248	816699028395565052	816699028395565051	387	
1	C10H13N5O3	[M + H]+	C10H14N5O3+	Carbohydrates	0.999	Nucleosides	0.999	Purine nucleosides	0.998	Nucleosides, nucleotides, and analogues	0.969	Purine nucleosides	0.756	Purine 2'-deoxyribonucleosides	0.523			Purine 2'-deoxyribonucleosides	0.523	Organic compounds; Organoheterocyclic compounds; Pyrimidines and pyrimidine derivatives; Imidazoles; Alcohols and polyols; Purines and purine derivatives; Organonitrogen compounds; Primary alcohols; Nucleosides, nucleotides, and analogues; Organooxygen compounds; Azoles; Purine nucleosides; Aminopyrimidines and derivatives; Diazines; Secondary alcohols; Imidazopyrimidines; Purine 2'-deoxyribonucleosides; Glycosylamines; Substituted imidazoles; N-substituted imidazoles; Amines; Primary amines; Tetrahydrofurans; 6-aminopurines; Imidolactams; Azacyclic compounds; Oxacyclic compounds; Heteroaromatic compounds; Hydrocarbon derivatives; Organopnictogen compounds; Organic oxygen compounds; Organic nitrogen compounds; Chemical entities	252.108	67	1.120	816699697324175716	816699028814995479	816699028814995478	401	
1	C10H13N5O4	[M + H]+	C10H14N5O4+	Carbohydrates	1.000	Nucleosides	0.999	Purine nucleosides	0.998	Nucleosides, nucleotides, and analogues	0.966	Purine nucleosides	0.966	Purine 2'-deoxyribonucleosides	0.918			Purine 2'-deoxyribonucleosides	0.918	Organic compounds; Organoheterocyclic compounds; Pyrimidines and pyrimidine derivatives; Imidazoles; Alcohols and polyols; Purines and purine derivatives; Hypoxanthines; Organic acids and derivatives; Organonitrogen compounds; Primary alcohols; Nucleosides, nucleotides, and analogues; Pyrimidones; Organooxygen compounds; Azoles; Purine nucleosides; Purinones; Aminopyrimidines and derivatives; Diazines; 6-oxopurines; Secondary alcohols; Imidazopyrimidines; Purine 2'-deoxyribonucleosides; Substituted imidazoles; N-substituted imidazoles; Amines; Primary amines; Tetrahydrofurans; Vinylogous amides; Organic oxides; Azacyclic compounds; Oxacyclic compounds; Heteroaromatic compounds; Hydrocarbon derivatives; Organopnictogen compounds; Organic oxygen compounds; Organic nitrogen compounds; Chemical entities	268.103	68	1.132	816699698083345159	816699029012127778	816699029012127777	413	
1	C19H29N5O8	[M + H]+	C19H30N5O8+	Carbohydrates	0.813	Nucleosides	0.743	Purine nucleosides	0.626	Organic oxygen compounds	0.999	Organooxygen compounds	0.997	Carbohydrates and carbohydrate conjugates	0.776	Glycosyl compounds	0.824	Glycosylamines	0.836	Organic compounds; Organoheterocyclic compounds; Carbohydrates and carbohydrate conjugates; Pyrimidines and pyrimidine derivatives; Imidazoles; Alcohols and polyols; Purines and purine derivatives; Organic acids and derivatives; Organonitrogen compounds; Primary alcohols; Nucleosides, nucleotides, and analogues; Pyrimidones; Organooxygen compounds; Azoles; Diazines; Monosaccharides; Secondary alcohols; Imidazopyrimidines; Carbonyl compounds; Glycosyl compounds; Glycosylamines; Polyols; Substituted imidazoles; N-substituted imidazoles; Amines; Vinylogous amides; Organic oxides; Azacyclic compounds; Oxacyclic compounds; Heteroaromatic compounds; Hydrocarbon derivatives; Organopnictogen compounds; Organic oxygen compounds; Organic nitrogen compounds; Chemical entities	456.206	68	1.136	816699701287794750	816699029104402471	816699029104402470	405	
1	C12H21NO6	[M + H]+	C12H22NO6+	Amino acids and Peptides	0.652	Small peptides	0.448	Aminoacids	0.232	Organic acids and derivatives	0.990	Carboxylic acids and derivatives	0.985	Amino acids, peptides, and analogues	0.949	Amino acids and derivatives	0.948	Alpha amino acids	0.727	Organic compounds; Organoheterocyclic compounds; Lipids and lipid-like molecules; Amino acids, peptides, and analogues; Alpha amino acids and derivatives; Alcohols and polyols; Organic acids and derivatives; Carboxylic acids and derivatives; Organonitrogen compounds; Organooxygen compounds; Amino acids and derivatives; Carboxylic acid derivatives; Monocarboxylic acids and derivatives; Carboxylic acids; Secondary alcohols; Carbonyl compounds; Dialkylamines; Alpha amino acids; Amines; Fatty Acyls; Organic oxides; Hydrocarbon derivatives; Amino acids; Organopnictogen compounds; Organic oxygen compounds; Organic nitrogen compounds; Chemical entities	276.143	69	1.153	816699701656893759	816699029293146163	816699029288951858	408	
1	C12H23NO7	[M + H]+	C12H24NO7+	Carbohydrates	0.573	Aminosugars and aminoglycosides	0.388	Aminosugars	0.466	Organic acids and derivatives	0.988	Carboxylic acids and derivatives	0.990	Amino acids, peptides, and analogues	0.952	Amino acids and derivatives	0.952	Alpha amino acids	0.786	Organic compounds; Organoheterocyclic compounds; Carbohydrates and carbohydrate conjugates; Lipids and lipid-like molecules; Amino acids, peptides, and analogues; Alpha amino acids and derivatives; Alcohols and polyols; Fatty acids and conjugates; Organic acids and derivatives; Carboxylic acids and derivatives; Organonitrogen compounds; Primary alcohols; Organooxygen compounds; Hydroxy fatty acids; Amino acids and derivatives; Monocarboxylic acids and derivatives; Carboxylic acids; Monosaccharides; Secondary alcohols; Carbonyl compounds; C-glycosyl compounds; Dialkylamines; Polyols; Alpha amino acids; Amines; Secondary amines; Alkanolamines; Fatty Acyls; Organic oxides; Oxacyclic compounds; Hydrocarbon derivatives; Amino acids; Organopnictogen compounds; Organic oxygen compounds; Organic nitrogen compounds; Chemical entities	294.153	69	1.157	816699729955871900	816699029368643641	816699029368643640	409	
1	C12H18N4O6	[M + K]+	C12H18KN4O6+	Amino acids and Peptides	0.419	Small peptides	0.414	Dipeptides	0.109	Organic 1,3-dipolar compounds	0.716	Allyl-type 1,3-dipolar organic compounds	0.537	Organic nitro compounds	0.596			Organic nitro compounds	0.596	Organic compounds; Organic acids and derivatives; Organonitrogen compounds; Organooxygen compounds; Organic nitro compounds; Carbonyl compounds; Amines; Organic 1,3-dipolar compounds; Allyl-type 1,3-dipolar organic compounds; Propargyl-type 1,3-dipolar organic compounds; Organic oxides; Hydrocarbon derivatives; Organopnictogen compounds; Organic oxygen compounds; Organic nitrogen compounds; Chemical entities	353.088	70	1.162	816699713505806873	816699029465112638	816699029465112637	410	
1	C12H21NO8	[M + H]+	C12H22NO8+	Amino acids and Peptides	0.681	Small peptides	0.492	Aminoacids	0.598	Organic acids and derivatives	0.997	Carboxylic acids and derivatives	0.997	Amino acids, peptides, and analogues	0.992	Amino acids and derivatives	0.992	Alpha amino acids	0.959	Organic compounds; Carbohydrates and carbohydrate conjugates; Lipids and lipid-like molecules; Amino acids, peptides, and analogues; Alpha amino acids and derivatives; Alcohols and polyols; Fatty acids and conjugates; Organic acids and derivatives; Carboxylic acids and derivatives; Organonitrogen compounds; Organooxygen compounds; Hydroxy fatty acids; Amino acids and derivatives; Hydroxy acids and derivatives; Carboxylic acids; Secondary alcohols; Beta hydroxy acids and derivatives; Carbonyl compounds; Dialkylamines; Polyols; Alpha amino acids; Amines; Secondary amines; Fatty Acyls; Organic oxides; Hydrocarbon derivatives; Amino acids; Organopnictogen compounds; Organic oxygen compounds; Organic nitrogen compounds; Chemical entities	308.133	70	1.166	816699704811011528	816699029569970252	816699029565775947	411	
1	C12H17F4N2O3	[M + K]+	C12H17F4KN2O3+	Alkaloids	0.511	Small peptides	0.419	Aminoacids	0.088	Organic acids and derivatives	0.990	Carboxylic acids and derivatives	0.972	Amino acids, peptides, and analogues	0.721	Amino acids and derivatives	0.720	Amino acids and derivatives	0.720	Organic compounds; Amino acids, peptides, and analogues; Organic acids and derivatives; Carboxylic acids and derivatives; Organohalogen compounds; Organonitrogen compounds; Organooxygen compounds; Amino acids and derivatives; Carboxylic acid amides; Alkyl fluorides; Carboxylic acid derivatives; Monocarboxylic acids and derivatives; Carboxylic acid esters; Organofluorides; Secondary carboxylic acid amides; Carbonyl compounds; Alkyl halides; Organic oxides; Hydrocarbon derivatives; Organopnictogen compounds; Organic oxygen compounds; Organic nitrogen compounds; Chemical entities	352.080	70	1.169	816699706341932998	816699029649662048	816699029649662047	412	
1	C11H20N2O3	[M + H]+	C11H21N2O3+	Amino acids and Peptides	0.367	Small peptides	0.595	Aminoacids	0.150	Organic acids and derivatives	0.912	Carboxylic acids and derivatives	0.921	Amino acids, peptides, and analogues	0.868	Amino acids and derivatives	0.866	Amino acids and derivatives	0.866	Organic compounds; Organoheterocyclic compounds; Amino acids, peptides, and analogues; Oxazinanes; Ethers; Organic acids and derivatives; Carboxylic acids and derivatives; Organonitrogen compounds; Organooxygen compounds; Amino acids and derivatives; Morpholines; Carboxylic acid amides; Carboxylic acid derivatives; Dialkyl ethers; Carbonyl compounds; Trialkylamines; Amines; Tertiary amines; Organic oxides; Azacyclic compounds; Oxacyclic compounds; Hydrocarbon derivatives; Organopnictogen compounds; Organic oxygen compounds; Organic nitrogen compounds; Chemical entities	229.154	70	1.172	816699702739024668	816699029817434261	816699029813239956	414	
1	C7H17N7O4	[M + H]+	C7H18N7O4+	Amino acids and Peptides	0.942	Small peptides	0.909	Aminoacids	0.909	Organic acids and derivatives	0.988	Carboxylic acids and derivatives	0.980	Amino acids, peptides, and analogues	0.949	Amino acids and derivatives	0.947	Alpha amino acids	0.871	Organic compounds; Organoheterocyclic compounds; Lipids and lipid-like molecules; Amino acids, peptides, and analogues; Alpha amino acids and derivatives; Alcohols and polyols; Fatty acids and conjugates; Organic acids and derivatives; Carboxylic acids and derivatives; Organonitrogen compounds; Organooxygen compounds; Dicarboxylic acids and derivatives; Amino acids and derivatives; Monoalkylamines; Carboxylic acids; Carbonyl compounds; Alpha amino acids; Amines; Primary amines; Fatty Acyls; Organic oxides; Azacyclic compounds; Hydrocarbon derivatives; Amino acids; Organopnictogen compounds; Organic oxygen compounds; Organic nitrogen compounds; Chemical entities	264.143	71	1.184	816699710204888391	816699029897126048	816699029897126047	418	
1	C11H12N2O3	[M + H]+	C11H13N2O3+	Amino acids and Peptides	0.999	Small peptides	1.000	Aminoacids	0.999	Organic acids and derivatives	1.000	Carboxylic acids and derivatives	1.000	Amino acids, peptides, and analogues	0.999	Amino acids and derivatives	0.999	Alpha amino acids	0.959	Organic compounds; Organoheterocyclic compounds; Amino acids, peptides, and analogues; Alpha amino acids and derivatives; Pyrroles; Indoles and derivatives; Organic acids and derivatives; Carboxylic acids and derivatives; Organonitrogen compounds; Organooxygen compounds; Amino acids and derivatives; Monoalkylamines; Monocarboxylic acids and derivatives; Carboxylic acids; Indolyl carboxylic acids and derivatives; Serotonins; Carbonyl compounds; Substituted pyrroles; Alpha amino acids; Benzenoids; Amines; Primary amines; Indoles; Aralkylamines; Organic oxides; Azacyclic compounds; Heteroaromatic compounds; Hydrocarbon derivatives; Amino acids; 3-alkylindoles; Organopnictogen compounds; Organic oxygen compounds; Organic nitrogen compounds; Chemical entities	221.091	72	1.194	816699712784386364	816699030148784335	816699030144590029	426	
1	C8H18O7S	[M + Na]+	C8H18NaO7S+	Fatty acids	0.985	Glycerolipids	0.875	Fatty alcohols	0.295	Lipids and lipid-like molecules	0.184	Glycerolipids	0.572					Glycerolipids	0.572	Organic compounds; Organosulfur compounds; Alcohols and polyols; Glycerolipids; Organic acids and derivatives; Organosulfonic acids and derivatives; Primary alcohols; Organooxygen compounds; Sulfonyls; Alkanesulfonic acids and derivatives; Organic oxides; Hydrocarbon derivatives; Organic sulfonic acids and derivatives; Organic oxygen compounds; Chemical entities	281.067	72	1.198	816699722544534437	816699030236864728	816699030236864727	423	
1	C8H16FNO6	[M + K]+	C8H16FKNO6+	Carbohydrates	0.985	Aminosugars and aminoglycosides	0.538	Aminosugars	0.445	Organic oxygen compounds	1.000	Organooxygen compounds	0.999	Carbohydrates and carbohydrate conjugates	0.637			Carbohydrates and carbohydrate conjugates	0.637	Organic compounds; Organoheterocyclic compounds; Carbohydrates and carbohydrate conjugates; Alcohols and polyols; Organic acids and derivatives; Organohalogen compounds; Organonitrogen compounds; Primary alcohols; Organooxygen compounds; Alkyl fluorides; Organofluorides; Secondary alcohols; Carbonyl compounds; Polyols; Alkyl halides; Organic oxides; Hydrocarbon derivatives; Organopnictogen compounds; Organic oxygen compounds; Organic nitrogen compounds; Chemical entities	280.059	72	1.207	816699711014389486	816699030433997030	816699030429802725	427	
1	C8H20NO5S	[M + Na]+	C8H20NNaO5S+	Amino acids and Peptides	0.982	Small peptides	0.940	Aminoacids	0.907	Organic acids and derivatives	0.956	Carboxylic acids and derivatives	0.863	Amino acids, peptides, and analogues	0.868	Amino acids and derivatives	0.867	Alpha amino acids	0.787	Organic compounds; Organosulfur compounds; Lipids and lipid-like molecules; Amino acids, peptides, and analogues; Alpha amino acids and derivatives; Alcohols and polyols; Organic acids and derivatives; Carboxylic acids and derivatives; Organonitrogen compounds; Primary alcohols; Organooxygen compounds; Amino acids and derivatives; Monocarboxylic acids and derivatives; Sulfonyls; Carboxylic acids; Carbonyl compounds; Alpha amino acids; Amines; Sulfenyl compounds; Organic oxides; Hydrocarbon derivatives; Organopnictogen compounds; Organic oxygen compounds; Organic nitrogen compounds; Chemical entities	265.094	73	1.209	816699719855984917	816699030522077420	816699030522077419	429	
1	C10H12N2O	[M + H]+	C10H13N2O+	Alkaloids	0.975	Tryptophan alkaloids	0.570	Simple indole alkaloids	0.633	Organoheterocyclic compounds	0.981	Indoles and derivatives	0.703	Indoles	0.667	3-alkylindoles	0.698	3-alkylindoles	0.698	Organic compounds; Organoheterocyclic compounds; Pyrroles; Indoles and derivatives; Organonitrogen compounds; Organooxygen compounds; Monoalkylamines; Substituted pyrroles; Benzenoids; Amines; Primary amines; Indoles; Aralkylamines; Organic oxides; Azacyclic compounds; Heteroaromatic compounds; Hydrocarbon derivatives; 3-alkylindoles; Organopnictogen compounds; Organic oxygen compounds; Organic nitrogen compounds; Chemical entities	177.101	77	1.279	816699715024145375	816699030765347070	816699030765347069	445	
1	C10H9NO	[M + H]+	C10H10NO+	Alkaloids	1.000	Tryptophan alkaloids	0.979	Carbazole alkaloids	0.492	Organoheterocyclic compounds	0.991	Indoles and derivatives	0.772	Indoles	0.795			Indoles	0.795	Organic compounds; Organoheterocyclic compounds; Pyrroles; Alkyl aryl ethers; Anisoles; Indoles and derivatives; Ethers; Organonitrogen compounds; Organooxygen compounds; Phenol ethers; Benzenoids; Indoles; Azacyclic compounds; Heteroaromatic compounds; Hydrocarbon derivatives; Organopnictogen compounds; Organic oxygen compounds; Organic nitrogen compounds; Chemical entities	160.075	77	1.280	816699708057403937	816699030689849592	816699030685655287	444	
1	C8H9N5O3	[M + H]+	C8H10N5O3+	Alkaloids	0.246	Pseudoalkaloids (transamidation)	0.580	Purine alkaloids	0.761	Organic acids and derivatives	0.987	Carboxylic acids and derivatives	0.801	Amino acids, peptides, and analogues	0.687	Amino acids and derivatives	0.686	Alpha amino acids and derivatives	0.506	Organic compounds; Organoheterocyclic compounds; Amino acids, peptides, and analogues; Alpha amino acids and derivatives; Pyrimidines and pyrimidine derivatives; Pteridines and derivatives; Pterins and derivatives; Organic acids and derivatives; Carboxylic acids and derivatives; Organonitrogen compounds; Pyrimidones; Organooxygen compounds; Amino acids and derivatives; Monocarboxylic acids and derivatives; Carboxylic acids; Aminopyrimidines and derivatives; Diazines; Carbonyl compounds; Amines; Primary amines; Vinylogous amides; Organic oxides; Azacyclic compounds; Heteroaromatic compounds; Hydrocarbon derivatives; Amino acids; Organopnictogen compounds; Organic oxygen compounds; Organic nitrogen compounds; Chemical entities	224.077	83	1.377	816699722938799140	816699031033782545	816699031033782544	452	
1	C9H16O9S	[M + Na]+	C9H16NaO9S+	Fatty acids	0.937	Fatty Acids and Conjugates	0.570	Dicarboxylic acids	0.413	Organic acids and derivatives	0.995	Carboxylic acids and derivatives	0.985	Dicarboxylic acids and derivatives	0.775			Dicarboxylic acids and derivatives	0.775	Organic compounds; Organosulfur compounds; Lipids and lipid-like molecules; Alcohols and polyols; Organic acids and derivatives; Carboxylic acids and derivatives; Organooxygen compounds; Dicarboxylic acids and derivatives; Carboxylic acid derivatives; Carboxylic acids; Carboxylic acid esters; Secondary alcohols; Carbonyl compounds; Fatty Acyls; Organic oxides; Hydrocarbon derivatives; Organic oxygen compounds; Chemical entities	323.041	85	1.421	816699716798336533	816699031335772451	816699031331578146	462	
1	C9H11NO2	[M + H]+	C9H12NO2+	Amino acids and Peptides	1.000	Small peptides	1.000	Aminoacids	1.000	Organic acids and derivatives	1.000	Carboxylic acids and derivatives	1.000	Amino acids, peptides, and analogues	0.997	Amino acids and derivatives	0.997	Phenylalanine and derivatives	0.944	Organic compounds; Amino acids, peptides, and analogues; Alpha amino acids and derivatives; Phenethylamines; Amphetamines and derivatives; Phenylpropanoids and polyketides; Organic acids and derivatives; Carboxylic acids and derivatives; Organonitrogen compounds; Organooxygen compounds; Amino acids and derivatives; Monoalkylamines; Monocarboxylic acids and derivatives; Carboxylic acids; Carbonyl compounds; Benzene and substituted derivatives; Alpha amino acids; Benzenoids; Amines; Primary amines; Phenylpropanoic acids; Aralkylamines; Organic oxides; Hydrocarbon derivatives; Amino acids; Phenylalanine and derivatives; Organopnictogen compounds; Organic oxygen compounds; Organic nitrogen compounds; Chemical entities	166.085	91	1.517	816699715812674713	816699031709065533	816699031704871228	466	
1	C4H12N3O4	[M + H]+	C4H13N3O4+	Amino acids and Peptides	1.000	Small peptides	1.000	Aminoacids	1.000	Organic acids and derivatives	1.000	Carboxylic acids and derivatives	1.000	Amino acids, peptides, and analogues	0.999	Amino acids and derivatives	0.999	Alpha amino acids	0.972	Organic compounds; Lipids and lipid-like molecules; Amino acids, peptides, and analogues; Alpha amino acids and derivatives; Fatty acids and conjugates; Organic acids and derivatives; Carboxylic acids and derivatives; Organonitrogen compounds; Organooxygen compounds; Amino acids and derivatives; Guanidines; Monoalkylamines; Monocarboxylic acids and derivatives; Carboxylic acids; Carbonyl compounds; Alpha amino acids; Amines; Primary amines; Fatty Acyls; Organic oxides; Hydrocarbon derivatives; Amino acids; Organopnictogen compounds; Organic oxygen compounds; Organic nitrogen compounds; Chemical entities	167.088	91	1.521	816699712440453333	816699031797145924	816699031797145923	468	
1	C10H16N2O2	[M + H]+	C10H17N2O2+	Alkaloids	0.978	Nicotinic acid alkaloids	0.975	Pyridine alkaloids	0.975	Organoheterocyclic compounds	0.815	Pyridines and derivatives	0.874	Pyridoxamines	0.554	Pyridoxamine 5'-phosphates	0.554	Pyridoxamine 5'-phosphates	0.554	Organic compounds; Organoheterocyclic compounds; Pyridines and derivatives; Alcohols and polyols; Organonitrogen compounds; Primary alcohols; Organooxygen compounds; Monoalkylamines; Pyridoxamines; Amines; Primary amines; Aromatic alcohols; Aralkylamines; Azacyclic compounds; Heteroaromatic compounds; Hydrocarbon derivatives; Hydroxypyridines; Methylpyridines; Pyridoxamine 5'-phosphates; Organopnictogen compounds; Organic oxygen compounds; Organic nitrogen compounds; Chemical entities	197.127	93	1.558	816699714831207298	816699031881032009	816699031881032008	470	
1	C8H14N2O	[M + Na]+	C8H14N2NaO+	Alkaloids	0.837	Lysine alkaloids	0.159	Primary amides	0.391	Organic acids and derivatives	0.930	Carboxylic acids and derivatives	0.897	Amino acids, peptides, and analogues	0.675	Amino acids and derivatives	0.675	Amino acids and derivatives	0.675	Organic compounds; Organoheterocyclic compounds; Amino acids, peptides, and analogues; Organic acids and derivatives; Carboxylic acids and derivatives; Organonitrogen compounds; Organooxygen compounds; Amino acids and derivatives; Carboxylic acid amides; Carboxylic acid derivatives; Primary carboxylic acid amides; Carbonyl compounds; Amines; Organic oxides; Azacyclic compounds; Hydrocarbon derivatives; Organopnictogen compounds; Organic oxygen compounds; Organic nitrogen compounds; Chemical entities	177.101	95	1.577	816699715946892499	816699031973306704	816699031969112399	471	
1	C17H18N6O2	[M + H]+	C17H19N6O2+	Alkaloids	0.798	Pseudoalkaloids (transamidation)	0.126	Purine alkaloids	0.055	Benzenoids	0.937							Benzenoids	0.937	Organic compounds; Organoheterocyclic compounds; Tetrazoles; Organic acids and derivatives; Carboxylic acids and derivatives; Organonitrogen compounds; Organooxygen compounds; Azoles; Carboxylic acid derivatives; Benzenoids; Amines; Organic oxides; Azacyclic compounds; Heteroaromatic compounds; Hydrocarbon derivatives; Organopnictogen compounds; Organic oxygen compounds; Organic nitrogen compounds; Chemical entities	339.154	97	1.615	816699719876956459	816699032065581398	816699032065581397	475	
1	C14H28N2O7	[M + Na]+	C14H28N2NaO7+	Amino acids and Peptides	0.825	Small peptides	0.909	Dipeptides	0.759	Organic acids and derivatives	0.999	Carboxylic acids and derivatives	0.999	Amino acids, peptides, and analogues	0.994	Peptides	0.777	Dipeptides	0.522	Organic compounds; Lipids and lipid-like molecules; Amino acids, peptides, and analogues; Alpha amino acids and derivatives; Alcohols and polyols; Fatty acids and conjugates; Organic acids and derivatives; Carboxylic acids and derivatives; Organonitrogen compounds; Primary alcohols; Organooxygen compounds; Fatty amides; Hydroxy fatty acids; Dicarboxylic acids and derivatives; Amino acids and derivatives; Peptides; Hydroxy acids and derivatives; Carboxylic acid amides; Amino fatty acids; Carboxylic acid derivatives; N-acyl amines; N-acyl-alpha amino acids and derivatives; Carboxylic acids; Secondary carboxylic acid amides; Carbonyl compounds; Dialkylamines; Alpha amino acid amides; N-acyl-alpha amino acids; Amines; Secondary amines; Fatty Acyls; Organic oxides; Hydrocarbon derivatives; Amino acids; Organopnictogen compounds; Organic oxygen compounds; Organic nitrogen compounds; Dipeptides; Chemical entities	359.180	98	1.627	816699729121205160	816699032166244700	816699032162050395	477	
1	C21H31NO12	[M + H]+	C21H32NO12+	Amino acids and Peptides	0.651	Amino acid glycosides	0.726	Cyanogenic glycosides	0.819	Organoheterocyclic compounds	1.000	Indoles and derivatives	0.660	Indolyl carboxylic acids and derivatives	0.437	Indole-3-acetic acid derivatives	0.571	Indole-3-acetic acid derivatives	0.571	Organic compounds; Organoheterocyclic compounds; Carbohydrates and carbohydrate conjugates; Alcohols and polyols; Indoles and derivatives; Ethers; Organonitrogen compounds; Primary alcohols; Organooxygen compounds; Carboxylic acids; Indole-3-acetic acid derivatives; Disaccharides; Acetals; Secondary alcohols; Carbonyl compounds; Oxanes; Glycosyl compounds; O-glycosyl compounds; Polyols; Azacyclic compounds; Oxacyclic compounds; Hydrocarbon derivatives; Organopnictogen compounds; Organic oxygen compounds; Organic nitrogen compounds; Chemical entities	490.190	100	1.659	816699734330531686	816699032266908003	816699032266908002	480	
1	C15H19NO6	[M + H]+	C15H20NO6+	Amino acids and Peptides	0.222	Ornithine alkaloids	0.137	Open-chain polyketides	0.042	Organic acids and derivatives	0.982	Carboxylic acids and derivatives	0.973	Amino acids, peptides, and analogues	0.877	Amino acids and derivatives	0.876	Phenylalanine and derivatives	0.829	Organic compounds; Organoheterocyclic compounds; Carbohydrates and carbohydrate conjugates; Amino acids, peptides, and analogues; Alpha amino acids and derivatives; Alcohols and polyols; Phenethylamines; Amphetamines and derivatives; Organic acids and derivatives; Carboxylic acids and derivatives; Organonitrogen compounds; Organooxygen compounds; Amino acids and derivatives; Carboxylic acid derivatives; Monocarboxylic acids and derivatives; Carboxylic acid esters; Monosaccharides; Secondary alcohols; Carbonyl compounds; Benzene and substituted derivatives; Benzenoids; Amines; Organic oxides; Oxacyclic compounds; Hydrocarbon derivatives; Phenylalanine and derivatives; Organopnictogen compounds; Organic oxygen compounds; Organic nitrogen compounds; Chemical entities	310.128	100	1.667	816699722791998434	816699032367571304	816699032367571303	482	
1	C15H21NO7	[M + H]+	C15H22NO7+	Carbohydrates	0.198	Small peptides	0.049	Aminosugars	0.034	Organic acids and derivatives	0.999	Carboxylic acids and derivatives	0.998	Amino acids, peptides, and analogues	0.994	Amino acids and derivatives	0.994	Phenylalanine and derivatives	0.904	Organic compounds; Organoheterocyclic compounds; Carbohydrates and carbohydrate conjugates; Amino acids, peptides, and analogues; Alpha amino acids and derivatives; Alcohols and polyols; Phenethylamines; Amphetamines and derivatives; Organic acids and derivatives; Carboxylic acids and derivatives; Organonitrogen compounds; Primary alcohols; Organooxygen compounds; Amino acids and derivatives; Monocarboxylic acids and derivatives; Carboxylic acids; Pentoses; Monosaccharides; Secondary alcohols; Carbonyl compounds; Glycosyl compounds; C-glycosyl compounds; Dialkylamines; Benzene and substituted derivatives; Polyols; Alpha amino acids; Benzenoids; Amines; Secondary amines; Phenylpropanoic acids; Aralkylamines; Organic oxides; Oxacyclic compounds; L-alpha-amino acids; Hydrocarbon derivatives; Amino acids; Phenylalanine and derivatives; Organopnictogen compounds; Organic oxygen compounds; Organic nitrogen compounds; Chemical entities	328.138	100	1.669	816699727607061001	816699032472428910	816699032472428909	485	
1	C12H21NO6	[M + Na]+	C12H21NNaO6+	Amino acids and Peptides	0.311	Small peptides	0.363	Aminoacids	0.346	Organic acids and derivatives	0.981	Carboxylic acids and derivatives	0.981	Amino acids, peptides, and analogues	0.976	Amino acids and derivatives	0.976	Alpha amino acids	0.885	Organic compounds; Organoheterocyclic compounds; Carbohydrates and carbohydrate conjugates; Lipids and lipid-like molecules; Amino acids, peptides, and analogues; Alpha amino acids and derivatives; Alcohols and polyols; Fatty acids and conjugates; Organic acids and derivatives; Carboxylic acids and derivatives; Organonitrogen compounds; Organooxygen compounds; Hydroxy fatty acids; Amino acids and derivatives; Carboxylic acids; Carboxylic acid esters; Monosaccharides; Secondary alcohols; Carbonyl compounds; Dialkylamines; Polyols; Alpha amino acids; Amines; Secondary amines; Fatty Acyls; Organic oxides; Hydrocarbon derivatives; Amino acids; Organopnictogen compounds; Organic oxygen compounds; Organic nitrogen compounds; Chemical entities	298.127	106	1.759	816699727988742768	816699032845721996	816699032845721995	493	
1	C14H18N2O4	[M + H]+	C14H19N2O4+	Amino acids and Peptides	1.000	Small peptides	0.999	Dipeptides	0.990	Organic acids and derivatives	1.000	Carboxylic acids and derivatives	1.000	Amino acids, peptides, and analogues	1.000	Peptides	0.966	Dipeptides	0.722	Organic compounds; Organoheterocyclic compounds; Amino acids, peptides, and analogues; Alpha amino acids and derivatives; Phenols; Phenethylamines; Amphetamines and derivatives; Pyrrolidines; Organic acids and derivatives; Carboxylic acids and derivatives; Organonitrogen compounds; Organooxygen compounds; Amino acids and derivatives; Peptides; Monoalkylamines; Carboxylic acid amides; Carboxylic acid derivatives; Monocarboxylic acids and derivatives; N-acyl-alpha amino acids and derivatives; Carboxylic acids; Tertiary carboxylic acid amides; Carbonyl compounds; Pyrrolidine carboxylic acids and derivatives; Benzene and substituted derivatives; Alpha amino acid amides; N-acyl-alpha amino acids; Pyrrolidine carboxylic acids; Benzenoids; Amines; Primary amines; N-acylpyrrolidines; Aralkylamines; Organic oxides; Azacyclic compounds; Hydrocarbon derivatives; Amino acids; Proline and derivatives; Organopnictogen compounds; Organic oxygen compounds; 1-hydroxy-2-unsubstituted benzenoids; Organic nitrogen compounds; Dipeptides; Chemical entities	279.134	106	1.769	816699728529808149	816699032967356825	816699032963162520	492	
1	C7H10N2O2	[M + Na]+	C7H10N2NaO2+	Amino acids and Peptides	0.930	Small peptides	0.897	Aminoacids	0.864	Organoheterocyclic compounds	0.995	Azoles	0.710	Imidazoles	0.586			Imidazoles	0.586	Organic compounds; Organoheterocyclic compounds; Imidazoles; Organic acids and derivatives; Carboxylic acids and derivatives; Organonitrogen compounds; Organooxygen compounds; Azoles; Monocarboxylic acids and derivatives; Carboxylic acids; Organic oxides; Azacyclic compounds; Heteroaromatic compounds; Hydrocarbon derivatives; Organopnictogen compounds; Organic oxygen compounds; Organic nitrogen compounds; Chemical entities	177.064	108	1.804	816699725694457827	816699033118351783	816699033114157478	495	
1	C12H16N2O4	[M + H]+	C12H17N2O4+	Amino acids and Peptides	1.000	Small peptides	1.000	Dipeptides	0.974	Organic acids and derivatives	1.000	Carboxylic acids and derivatives	1.000	Amino acids, peptides, and analogues	0.999	Peptides	0.989	Dipeptides	0.628	Organic compounds; Lipids and lipid-like molecules; Amino acids, peptides, and analogues; Alpha amino acids and derivatives; Alcohols and polyols; Phenethylamines; Amphetamines and derivatives; Phenylpropanoids and polyketides; Organic acids and derivatives; Carboxylic acids and derivatives; Organonitrogen compounds; Primary alcohols; Organooxygen compounds; Fatty amides; Amino acids and derivatives; Peptides; Monoalkylamines; Hydroxy acids and derivatives; Carboxylic acid amides; Carboxylic acid derivatives; Monocarboxylic acids and derivatives; N-acyl-alpha amino acids and derivatives; Carboxylic acids; Secondary carboxylic acid amides; Beta hydroxy acids and derivatives; Carbonyl compounds; Benzene and substituted derivatives; Alpha amino acid amides; N-acyl-alpha amino acids; Benzenoids; Amines; Primary amines; Phenylpropanoic acids; Aralkylamines; Fatty Acyls; Organic oxides; Hydrocarbon derivatives; Amino acids; Serine and derivatives; Phenylalanine and derivatives; Organopnictogen compounds; Organic oxygen compounds; Organic nitrogen compounds; Dipeptides; Chemical entities	253.117	117	1.954	816699729716796505	816699033483256291	816699033479061986	509	
1	C8H13N3O2	[M + Na]+	C8H13N3NaO2+	Amino acids and Peptides	0.998	Small peptides	0.999	Aminoacids	0.999	Organic acids and derivatives	1.000	Carboxylic acids and derivatives	1.000	Amino acids, peptides, and analogues	0.996	Amino acids and derivatives	0.996	Histidine and derivatives	0.528	Organic compounds; Organoheterocyclic compounds; Amino acids, peptides, and analogues; Alpha amino acids and derivatives; Imidazoles; Organic acids and derivatives; Carboxylic acids and derivatives; Organonitrogen compounds; Organooxygen compounds; Amino acids and derivatives; Azoles; Monoalkylamines; Monocarboxylic acids and derivatives; Carboxylic acids; Imidazolyl carboxylic acids and derivatives; Carbonyl compounds; Substituted imidazoles; Alpha amino acids; Amines; Primary amines; Aralkylamines; Organic oxides; Azacyclic compounds; Heteroaromatic compounds; Hydrocarbon derivatives; Amino acids; Histidine and derivatives; Organopnictogen compounds; Organic oxygen compounds; Organic nitrogen compounds; Chemical entities	206.091	120	1.996	816699727560923618	816699033579725296	816699033579725295	510	
1	C9H16N2O3	[M + Na]+	C9H16N2NaO3+	Amino acids and Peptides	0.999	Small peptides	1.000	Dipeptides	0.996	Organic acids and derivatives	1.000	Carboxylic acids and derivatives	1.000	Amino acids, peptides, and analogues	0.998	Peptides	0.900	Dipeptides	0.889	Organic compounds; Lipids and lipid-like molecules; Amino acids, peptides, and analogues; Alpha amino acids and derivatives; Organic acids and derivatives; Carboxylic acids and derivatives; Organonitrogen compounds; Organooxygen compounds; Fatty amides; Amino acids and derivatives; Peptides; Monoalkylamines; Carboxylic acid amides; Carboxylic acid derivatives; Monocarboxylic acids and derivatives; N-acyl-alpha amino acids and derivatives; Carboxylic acids; Secondary carboxylic acid amides; Carbonyl compounds; Alpha amino acid amides; N-acyl-alpha amino acids; Amines; Primary amines; Fatty Acyls; Organic oxides; Hydrocarbon derivatives; Amino acids; Organopnictogen compounds; Organic oxygen compounds; Organic nitrogen compounds; Dipeptides; Chemical entities	223.107	126	2.094	816699729305754598	816699033772663310	816699033768469005	513	
1	C6H16NO5	[M + H]+	C6H17NO5+	Amino acids and Peptides	0.974	Small peptides	0.903	Aminoacids	0.903	Organic acids and derivatives	0.997	Carboxylic acids and derivatives	0.996	Amino acids, peptides, and analogues	0.944	Amino acids and derivatives	0.943	Alpha amino acids	0.772	Organic compounds; Lipids and lipid-like molecules; Amino acids, peptides, and analogues; Alpha amino acids and derivatives; Alcohols and polyols; Fatty acids and conjugates; Organic acids and derivatives; Carboxylic acids and derivatives; Organonitrogen compounds; Primary alcohols; Organooxygen compounds; Hydroxy fatty acids; Amino acids and derivatives; Monoalkylamines; Hydroxy acids and derivatives; Amino fatty acids; Monocarboxylic acids and derivatives; Carboxylic acids; Secondary alcohols; Carbonyl compounds; Alpha amino acids; Amines; Primary amines; Fatty Acyls; Organic oxides; Hydrocarbon derivatives; Amino acids; Organopnictogen compounds; Organic oxygen compounds; Organic nitrogen compounds; Chemical entities	183.112	126	2.095	816699729817459829	816699034473112087	816699034473112086	514	
1	C9H14N2O	[M + H]+	C9H15N2O+	Alkaloids	0.977	Nicotinic acid alkaloids	0.889	Pyridine alkaloids	0.889	Organic nitrogen compounds	1.000	Organonitrogen compounds	1.000	Amines	0.779	Aralkylamines	0.630	Aralkylamines	0.630	Organic compounds; Organoheterocyclic compounds; Organonitrogen compounds; Organooxygen compounds; Amines; Aralkylamines; Organic oxides; Azacyclic compounds; Heteroaromatic compounds; Hydrocarbon derivatives; Organopnictogen compounds; Organic oxygen compounds; Organic nitrogen compounds; Chemical entities	167.117	129	2.152	816699729494498332	816699034573775395	816699034573775394	518	
1	C15H24N2O7	[M + H]+	C15H25N2O7+	Alkaloids	0.556	Ornithine alkaloids	0.941	Pyrrolizidine alkaloids	0.411	Organic acids and derivatives	0.978	Carboxylic acids and derivatives	0.975	Amino acids, peptides, and analogues	0.910	Amino acids and derivatives	0.910	Alpha amino acids and derivatives	0.715	Organic compounds; Amino acids, peptides, and analogues; Alpha amino acids and derivatives; Alcohols and polyols; Organic acids and derivatives; Carboxylic acids and derivatives; Organonitrogen compounds; Organooxygen compounds; Amino acids and derivatives; Hydroxy acids and derivatives; Carboxylic acid derivatives; Carboxylic acids; Carboxylic acid esters; Secondary alcohols; Tertiary alcohols; Carbonyl compounds; Benzene and substituted derivatives; Polyols; Amines; 1,2-diols; Fatty Acyls; Organic oxides; Hydrocarbon derivatives; Organopnictogen compounds; Organic oxygen compounds; Organic nitrogen compounds; Chemical entities	345.164	131	2.180	816699734007570184	816699034678633013	816699034678633011	521	
1	C13H26N2O6	[M + Na]+	C13H26N2NaO6+	Carbohydrates	0.618	Small peptides	0.662	Aminosugars	0.365	Organic acids and derivatives	0.852	Carboxylic acids and derivatives	0.803	Amino acids, peptides, and analogues	0.682	Amino acids and derivatives	0.681	Alpha amino acids	0.562	Organic compounds; Lipids and lipid-like molecules; Amino acids, peptides, and analogues; Alpha amino acids and derivatives; Alcohols and polyols; Fatty acids and conjugates; Organic acids and derivatives; Carboxylic acids and derivatives; Organonitrogen compounds; Primary alcohols; Organooxygen compounds; Amino acids and derivatives; Carboxylic acids; Secondary alcohols; Carbonyl compounds; Alpha amino acids; Amines; Alkanolamines; Fatty Acyls; Organic oxides; Hydrocarbon derivatives; Amino acids; Organopnictogen compounds; Organic oxygen compounds; Organic nitrogen compounds; Chemical entities	329.169	131	2.186	816699735131643823	816699034762519113	816699034762519112	523	
1	C4H8N6O3	[M + H]+	C4H9N6O3+	Alkaloids	0.691	Pseudoalkaloids (transamidation)	0.885	Purine alkaloids	0.949	Organoheterocyclic compounds	0.974	Heteroaromatic compounds	0.945					Heteroaromatic compounds	0.945	Organic compounds; Organoheterocyclic compounds; Organic acids and derivatives; Organonitrogen compounds; Organooxygen compounds; Amines; Primary amines; Organic oxides; Azacyclic compounds; Heteroaromatic compounds; Hydrocarbon derivatives; Organopnictogen compounds; Organic oxygen compounds; Organic nitrogen compounds; Chemical entities	189.073	132	2.196	816699733902712549	816699034863182418	816699034863182417	525	
1	C11H12N2O2	[M + H]+	C11H13N2O2+	Amino acids and Peptides	1.000	Small peptides	1.000	Aminoacids	1.000	Organic acids and derivatives	1.000	Carboxylic acids and derivatives	1.000	Amino acids, peptides, and analogues	1.000	Amino acids and derivatives	1.000	Alpha amino acids	0.968	Organic compounds; Organoheterocyclic compounds; Amino acids, peptides, and analogues; Alpha amino acids and derivatives; Pyrroles; Indoles and derivatives; Organic acids and derivatives; Carboxylic acids and derivatives; Organonitrogen compounds; Organooxygen compounds; Amino acids and derivatives; Monoalkylamines; Monocarboxylic acids and derivatives; Carboxylic acids; Indolyl carboxylic acids and derivatives; Carbonyl compounds; Substituted pyrroles; Alpha amino acids; Benzenoids; Amines; Primary amines; Indoles; Aralkylamines; Organic oxides; Azacyclic compounds; Heteroaromatic compounds; Hydrocarbon derivatives; Amino acids; 3-alkylindoles; Organopnictogen compounds; Organic oxygen compounds; Organic nitrogen compounds; Chemical entities	205.095	132	2.206	816699756988162440	816699034980622940	816699034980622938	526	
1	C11H9NO2	[M + H]+	C11H10NO2+	Alkaloids	0.992	Tryptophan alkaloids	0.984	Simple indole alkaloids	0.814	Organoheterocyclic compounds	0.994	Indoles and derivatives	0.946	Indoles	0.948			Indoles	0.948	Organic compounds; Organoheterocyclic compounds; Pyrroles; Indoles and derivatives; Organic acids and derivatives; Carboxylic acids and derivatives; Organonitrogen compounds; Organooxygen compounds; Monocarboxylic acids and derivatives; Carboxylic acids; Carbonyl compounds; Substituted pyrroles; Benzenoids; Indoles; Organic oxides; Azacyclic compounds; Heteroaromatic compounds; Hydrocarbon derivatives; Organopnictogen compounds; Organic oxygen compounds; Organic nitrogen compounds; Chemical entities	188.070	132	2.208	816699792673301415	816699035081286243	816699035081286242	527	
1	C4H8N6O3	[M + H3N + H]+	C4H12N7O3+	Alkaloids	0.948	Pseudoalkaloids (transamidation)	0.941	Purine alkaloids	0.985	Organoheterocyclic compounds	0.981	Diazines	0.650	Pyrimidines and pyrimidine derivatives	0.618	Pyrimidones	0.523	Pyrimidones	0.523	Organic compounds; Organoheterocyclic compounds; Pyrimidines and pyrimidine derivatives; Organic acids and derivatives; Organonitrogen compounds; Pyrimidones; Organooxygen compounds; Diazines; Amines; Primary amines; Vinylogous amides; Organic oxides; Azacyclic compounds; Heteroaromatic compounds; Hydrocarbon derivatives; Organopnictogen compounds; Organic oxygen compounds; Organic nitrogen compounds; Chemical entities	206.099	133	2.209	816699830426232618	816699035169366641	816699035165172336	528	
1	C3H12N3OS3	[M + H]+	C3H13N3OS3+	Fatty acids	0.237	Fatty acyls	0.083	Polyamines	0.041	Organosulfur compounds	0.903	Sulfenyl compounds	0.708					Sulfenyl compounds	0.708	Organic compounds; Organosulfur compounds; Organonitrogen compounds; Sulfenyl compounds; Hydrocarbon derivatives; Organic nitrogen compounds; Chemical entities	203.021	134	2.233	816699830245877487	816699035249058428	816699035249058427	531	
1	C3H8N6O	[M + H]+	C3H9N6O+	Alkaloids	0.869	Guanidine alkaloids	0.698	Imidazole alkaloids	0.300	Organoheterocyclic compounds	0.812	Azacyclic compounds	0.830					Azacyclic compounds	0.830	Organic compounds; Organoheterocyclic compounds; Organonitrogen compounds; Amines; Primary amines; Azacyclic compounds; Hydrocarbon derivatives; Organopnictogen compounds; Organic oxygen compounds; Organic nitrogen compounds; Chemical entities	145.083	139	2.323	816699839263631391	816699035324555909	816699035320361604	535	
1	C10H9N	[M + H3N + H]+	C10H13N2+	Alkaloids	0.940	Tryptophan alkaloids	0.857	Simple indole alkaloids	0.400	Benzenoids	0.998	Naphthalenes	0.898					Naphthalenes	0.898	Organic compounds; Naphthalenes; Organonitrogen compounds; Benzenoids; Amines; Primary amines; Hydrocarbon derivatives; Organopnictogen compounds; Organic nitrogen compounds; Chemical entities	161.106	139	2.324	816699839297185842	816699035408441994	816699035408441993	537	
1	C16H20N6O3	[M + Na]+	C16H20N6NaO3+	Amino acids and Peptides	0.976	Small peptides	0.926	Dipeptides	0.786	Organic acids and derivatives	0.996	Carboxylic acids and derivatives	0.982	Amino acids, peptides, and analogues	0.928	Amino acids and derivatives	0.925	Alpha amino acids and derivatives	0.841	Organic compounds; Organoheterocyclic compounds; Amino acids, peptides, and analogues; Alpha amino acids and derivatives; Imidazoles; Pyrroles; Indoles and derivatives; Organic acids and derivatives; Carboxylic acids and derivatives; Organonitrogen compounds; Organooxygen compounds; Amino acids and derivatives; Azoles; Monoalkylamines; Carboxylic acid amides; Carboxylic acid derivatives; Monocarboxylic acids and derivatives; Carboxylic acids; Secondary carboxylic acid amides; Carbonyl compounds; Substituted pyrroles; Substituted imidazoles; N-substituted imidazoles; Benzenoids; Amines; Primary amines; Indoles; Organic oxides; Azacyclic compounds; Heteroaromatic compounds; Hydrocarbon derivatives; 3-alkylindoles; Organopnictogen compounds; Organic oxygen compounds; Organic nitrogen compounds; Chemical entities	367.149	139	2.324	816699851762659601	816699035496522385	816699035496522384	538	
1	C10H9N	[M + H]+	C10H10N+	Alkaloids	0.992	Tryptophan alkaloids	0.849	Simple indole alkaloids	0.286	Organoheterocyclic compounds	0.899	Quinolines and derivatives	0.511					Quinolines and derivatives	0.511	Organic compounds; Organoheterocyclic compounds; Pyridines and derivatives; Organonitrogen compounds; Quinolines and derivatives; Benzenoids; Azacyclic compounds; Heteroaromatic compounds; Hydrocarbon derivatives; Organopnictogen compounds; Organic nitrogen compounds; Chemical entities	144.080	140	2.327	816699847538994001	816699035584602774	816699035580408469	539	
1	C3H11N7O	[M + H]+	C3H12N7O+	Alkaloids	0.851	Histidine alkaloids	0.548	Imidazole alkaloids	0.552	Organoheterocyclic compounds	0.693	Heteroaromatic compounds	0.532					Heteroaromatic compounds	0.532	Organic compounds; Organoheterocyclic compounds; Organic acids and derivatives; Organonitrogen compounds; Organooxygen compounds; Amines; Primary amines; Organic oxides; Azacyclic compounds; Heteroaromatic compounds; Hydrocarbon derivatives; Organopnictogen compounds; Organic oxygen compounds; Organic nitrogen compounds; Chemical entities	162.109	140	2.331	816699848080059445	816699035676877469	816699035672683164	540	
1	C9H8O7S	[M + Na]+	C9H8NaO7S+	Shikimates and Phenylpropanoids	0.902	Phenolic acids (C6-C1)	0.550	Simple phenolic acids	0.608	Benzenoids	0.899	Benzene and substituted derivatives	0.798					Benzene and substituted derivatives	0.798	Organic compounds; Organosulfur compounds; Organic acids and derivatives; Carboxylic acids and derivatives; Organooxygen compounds; Dicarboxylic acids and derivatives; Carboxylic acids; Carbonyl compounds; Benzene and substituted derivatives; Benzenoids; Organic oxides; Hydrocarbon derivatives; Organic oxygen compounds; Chemical entities	282.989	144	2.403	816699849397071489	816699035865621164	816699035865621163	544	
1	C15H20N2O4	[M + H]+	C15H21N2O4+	Alkaloids	0.765	Tryptophan alkaloids	0.672	Simple indole alkaloids	0.596	Organic acids and derivatives	0.966	Carboxylic acids and derivatives	0.940	Amino acids, peptides, and analogues	0.647	Amino acids and derivatives	0.649	Amino acids and derivatives	0.649	Organic compounds; Organoheterocyclic compounds; Lipids and lipid-like molecules; Amino acids, peptides, and analogues; Pyrroles; Alcohols and polyols; Indoles and derivatives; Organic acids and derivatives; Carboxylic acids and derivatives; Organonitrogen compounds; Organooxygen compounds; Amino acids and derivatives; Carboxylic acids; Secondary alcohols; Carbonyl compounds; Substituted pyrroles; Benzenoids; Indoles; Fatty Acyls; Organic oxides; Azacyclic compounds; Heteroaromatic compounds; Hydrocarbon derivatives; 3-alkylindoles; Organopnictogen compounds; Organic oxygen compounds; Organic nitrogen compounds; Chemical entities	293.148	147	2.451	816699848910532015	816699036071142073	816699036066947768	546	
1	C16H22N2O5	[M + H]+	C16H23N2O5+	Alkaloids	0.916	Tryptophan alkaloids	0.963	Simple indole alkaloids	0.960	Nucleosides, nucleotides, and analogues	0.743	Nucleoside and nucleotide analogues	0.303	1-pyranosylindoles	0.669			1-pyranosylindoles	0.669	Organic compounds; Organoheterocyclic compounds; Carbohydrates and carbohydrate conjugates; Lipids and lipid-like molecules; Pyrroles; Alcohols and polyols; Indoles and derivatives; Organic acids and derivatives; Carboxylic acids and derivatives; Organonitrogen compounds; Primary alcohols; Nucleosides, nucleotides, and analogues; Organooxygen compounds; Fatty amides; Carboxylic acid amides; Carboxylic acid derivatives; Monocarboxylic acids and derivatives; Carboxylic acids; Monosaccharides; Secondary alcohols; Secondary carboxylic acid amides; Carbonyl compounds; Glycosyl compounds; Glycosylamines; Substituted pyrroles; Polyols; Benzenoids; 1,2-diols; Indoles; 1-pyranosylindoles; Fatty Acyls; Organic oxides; Azacyclic compounds; Heteroaromatic compounds; Hydrocarbon derivatives; 3-alkylindoles; Organopnictogen compounds; Organic oxygen compounds; Organic nitrogen compounds; Chemical entities	323.159	155	2.588	816699851880100171	816699036301828815	816699036301828814	553	
1	C11H11N3O3	[M + H]+	C11H12N3O3+	Alkaloids	0.867	Anthranilic acid alkaloids	0.497	Quinazoline alkaloids	0.164	Organic acids and derivatives	0.949	Carboxylic acids and derivatives	0.902	Amino acids, peptides, and analogues	0.625	Amino acids and derivatives	0.624	Amino acids and derivatives	0.624	Organic compounds; Organoheterocyclic compounds; Amino acids, peptides, and analogues; Organic acids and derivatives; Carboxylic acids and derivatives; Organonitrogen compounds; Organooxygen compounds; Amino acids and derivatives; Carboxylic acids; Carbonyl compounds; Benzene and substituted derivatives; Benzenoids; Amines; Organic oxides; Azacyclic compounds; Hydrocarbon derivatives; Organopnictogen compounds; Organic oxygen compounds; Organic nitrogen compounds; Chemical entities	234.086	156	2.602	816699851154485410	816699036461212381	816699036457018076	554	
1	C10H14N2O3	[M + H]+	C10H15N2O3+	Alkaloids	0.800	Nicotinic acid alkaloids	0.858	Pyridine alkaloids	0.857	Organoheterocyclic compounds	0.598	Pyridines and derivatives	0.677					Pyridines and derivatives	0.677	Organic compounds; Organoheterocyclic compounds; Pyridines and derivatives; Alcohols and polyols; Organic acids and derivatives; Carboxylic acids and derivatives; Organonitrogen compounds; Organooxygen compounds; Monoalkylamines; Amines; Primary amines; Organic oxides; Azacyclic compounds; Heteroaromatic compounds; Hydrocarbon derivatives; Organopnictogen compounds; Organic oxygen compounds; Organic nitrogen compounds; Chemical entities	211.107	165	2.758	816699851863322932	816699036545098489	816699036540904184	557	
1	C10H17NO2Si	[M + H]+	C10H18NO2Si+	Alkaloids	0.695	Pseudoalkaloids (transamidation)	0.083	Phenylethylamines	0.039	Organic nitrogen compounds	0.998	Organonitrogen compounds	0.998	Amines	0.963	Alkanolamines	0.639	Alkanolamines	0.639	Organic compounds; Alcohols and polyols; Organohalogen compounds; Organonitrogen compounds; Primary alcohols; Organooxygen compounds; Dialkylamines; Amines; Secondary amines; Alkanolamines; Hydrocarbon derivatives; Organopnictogen compounds; Organic oxygen compounds; Organic nitrogen compounds; Chemical entities	212.110	166	2.763	816699856820990412	816699036633178888	816699036628984582	558	
1	C15H20N2O4	[M + H]+	C15H21N2O4+	Alkaloids	0.880	Tryptophan alkaloids	0.912	Simple indole alkaloids	0.960	Organic acids and derivatives	0.996	Carboxylic acids and derivatives	0.987	Amino acids, peptides, and analogues	0.522	Amino acids and derivatives	0.523	Amino acids and derivatives	0.523	Organic compounds; Organoheterocyclic compounds; Lipids and lipid-like molecules; Amino acids, peptides, and analogues; Pyrroles; Alcohols and polyols; Indoles and derivatives; Organic acids and derivatives; Carboxylic acids and derivatives; Organonitrogen compounds; Organooxygen compounds; Amino acids and derivatives; Carboxylic acid amides; Carboxylic acid derivatives; Monocarboxylic acids and derivatives; Secondary carboxylic acid amides; Carbonyl compounds; Substituted pyrroles; Benzenoids; Indoles; Fatty Acyls; Organic oxides; Azacyclic compounds; Heteroaromatic compounds; Hydrocarbon derivatives; 3-alkylindoles; Organopnictogen compounds; Organic oxygen compounds; Organic nitrogen compounds; Chemical entities	293.148	167	2.775	816699863108254217	816699036717064991	816699036717064990	559	
1	C9H16N2O5	[M + Na]+	C9H16N2NaO5+	Amino acids and Peptides	0.997	Small peptides	0.995	Aminoacids	0.973	Organic acids and derivatives	1.000	Carboxylic acids and derivatives	0.999	Amino acids, peptides, and analogues	0.995	Amino acids and derivatives	0.995	Alpha amino acids	0.955	Organic compounds; Lipids and lipid-like molecules; Amino acids, peptides, and analogues; Alpha amino acids and derivatives; Fatty acids and conjugates; Organic acids and derivatives; Carboxylic acids and derivatives; Organonitrogen compounds; Organooxygen compounds; Dicarboxylic acids and derivatives; Amino acids and derivatives; Monoalkylamines; Carboxylic acids; Carbonyl compounds; Alpha amino acids; Amines; Primary amines; Fatty Acyls; Organic oxides; Hydrocarbon derivatives; Amino acids; Organopnictogen compounds; Organic oxygen compounds; Organic nitrogen compounds; Chemical entities	255.096	171	2.847	816699863032756719	816699036800951084	816699036796756779	561	
1	C16H24N2O8	[M + H]+	C16H25N2O8+	Alkaloids	0.326	Nicotinic acid alkaloids	0.314	Pyridine alkaloids	0.310	Organic acids and derivatives	0.953	Carboxylic acids and derivatives	0.914	Amino acids, peptides, and analogues	0.680	Amino acids and derivatives	0.681	Alpha amino acids and derivatives	0.574	Organic compounds; Organoheterocyclic compounds; Carbohydrates and carbohydrate conjugates; Amino acids, peptides, and analogues; Alpha amino acids and derivatives; Alcohols and polyols; Organic acids and derivatives; Carboxylic acids and derivatives; Organonitrogen compounds; Primary alcohols; Organooxygen compounds; Amino acids and derivatives; Carboxylic acid amides; Carboxylic acid derivatives; Carboxylic acids; Monosaccharides; Secondary alcohols; Secondary carboxylic acid amides; Carbonyl compounds; Glycosyl compounds; Glycosylamines; Benzene and substituted derivatives; Polyols; Benzenoids; Amines; Organic oxides; Oxacyclic compounds; Hydrocarbon derivatives; Organopnictogen compounds; Organic oxygen compounds; Organic nitrogen compounds; Chemical entities	373.159	177	2.949	816699871085820568	816699036998083401	816699036998083400	564	
1	C15H22N2O7	[M + H]+	C15H23N2O7+	Alkaloids	0.613	Ornithine alkaloids	0.305	Dipeptides	0.391	Organic acids and derivatives	0.999	Carboxylic acids and derivatives	0.999	Amino acids, peptides, and analogues	0.992	Amino acids and derivatives	0.992	Alpha amino acids	0.951	Organic compounds; Lipids and lipid-like molecules; Amino acids, peptides, and analogues; Alpha amino acids and derivatives; Alcohols and polyols; Organic acids and derivatives; Carboxylic acids and derivatives; Organonitrogen compounds; Organooxygen compounds; Fatty amides; Dicarboxylic acids and derivatives; Amino acids and derivatives; Monoalkylamines; Hydroxy acids and derivatives; Carboxylic acid amides; Carboxylic acid derivatives; Carboxylic acids; Secondary alcohols; Secondary carboxylic acid amides; Tertiary alcohols; Beta hydroxy acids and derivatives; Carbonyl compounds; Benzene and substituted derivatives; Polyols; Alpha amino acids; Amines; Primary amines; Fatty Acyls; Organic oxides; Hydrocarbon derivatives; Amino acids; Organopnictogen compounds; Organic oxygen compounds; Organic nitrogen compounds; Chemical entities	343.149	183	3.055	816699880443313436	816699037182632790	816699037178438485	567	
1	C8H11N	[M + H]+	C8H12N+	Alkaloids	0.843	Nicotinic acid alkaloids	0.086	Phenylalanine-derived alkaloids	0.464	Benzenoids	0.997	Benzene and substituted derivatives	0.987	Aniline and substituted anilines	0.921			Aniline and substituted anilines	0.921	Organic compounds; Organonitrogen compounds; Aniline and substituted anilines; Toluenes; Benzene and substituted derivatives; Benzenoids; Amines; Primary amines; Hydrocarbon derivatives; Organopnictogen compounds; Organic nitrogen compounds; Chemical entities	122.095	189	3.142	816699890526420463	816699037367182177	816699037367182176	571	
1	C12H12N2O2	[M + H]+	C12H13N2O2+	Alkaloids	0.999	Tryptophan alkaloids	0.997	Carboline alkaloids	0.993	Organic acids and derivatives	1.000	Carboxylic acids and derivatives	1.000	Amino acids, peptides, and analogues	0.993	Amino acids and derivatives	0.993	L-alpha-amino acids	0.517	Organic compounds; Organoheterocyclic compounds; Amino acids, peptides, and analogues; Alpha amino acids and derivatives; Pyrroles; Indoles and derivatives; Organic acids and derivatives; Carboxylic acids and derivatives; Organonitrogen compounds; Alkaloids and derivatives; Organooxygen compounds; Amino acids and derivatives; Monocarboxylic acids and derivatives; Harmala alkaloids; Carboxylic acids; Pyridoindoles; Carbonyl compounds; Beta carbolines; Dialkylamines; Alpha amino acids; Benzenoids; Amines; Secondary amines; Indoles; Aralkylamines; Organic oxides; Azacyclic compounds; Heteroaromatic compounds; L-alpha-amino acids; Hydrocarbon derivatives; Amino acids; 3-alkylindoles; Organopnictogen compounds; Organic oxygen compounds; Organic nitrogen compounds; Chemical entities	217.096	193	3.218	816699892988477452	816699037442679654	816699037438485349	573	
1	C14H11N5O3	[M + H]+	C14H12N5O3+	Carbohydrates	0.984	Nucleosides	0.980	Purine nucleosides	0.970	Organic acids and derivatives	0.702	Carboxylic acids and derivatives	0.630	Amino acids, peptides, and analogues	0.545	Amino acids and derivatives	0.544	Amino acids and derivatives	0.544	Organic compounds; Organoheterocyclic compounds; Carbohydrates and carbohydrate conjugates; Amino acids, peptides, and analogues; Pyrimidines and pyrimidine derivatives; Imidazoles; Alcohols and polyols; Purines and purine derivatives; Organic acids and derivatives; Carboxylic acids and derivatives; Organonitrogen compounds; Nucleosides, nucleotides, and analogues; Organooxygen compounds; Amino acids and derivatives; Azoles; Monocarboxylic acids and derivatives; Aminopyrimidines and derivatives; Diazines; Secondary alcohols; Imidazopyrimidines; Glycosyl compounds; Glycosylamines; Benzene and substituted derivatives; Substituted imidazoles; N-substituted imidazoles; Benzenoids; Amines; Primary amines; 1,2-diols; 6-aminopurines; Imidolactams; Organic oxides; Azacyclic compounds; Oxacyclic compounds; Heteroaromatic compounds; Hydrocarbon derivatives; 5'-deoxyribonucleosides; Organopnictogen compounds; Organic oxygen compounds; Organic nitrogen compounds; Chemical entities	298.096	194	3.229	816699892774567865	816699037526565740	816699037526565739	574	
1	C15H22N2O7	[M + H]+	C15H23N2O7+	Alkaloids	0.775	Ornithine alkaloids	0.540	Dipeptides	0.184	Organic acids and derivatives	1.000	Carboxylic acids and derivatives	0.999	Amino acids, peptides, and analogues	0.987	Amino acids and derivatives	0.987	Alpha amino acids	0.963	Organic compounds; Lipids and lipid-like molecules; Amino acids, peptides, and analogues; Alpha amino acids and derivatives; Alcohols and polyols; Organic acids and derivatives; Carboxylic acids and derivatives; Organonitrogen compounds; Organooxygen compounds; Fatty acid esters; Dicarboxylic acids and derivatives; Amino acids and derivatives; Hydroxy acids and derivatives; Carboxylic acid amides; Carboxylic acid derivatives; Carboxylic acids; Carboxylic acid esters; Secondary alcohols; Secondary carboxylic acid amides; Tertiary alcohols; Beta hydroxy acids and derivatives; Carbonyl compounds; Polyols; Alpha amino acids; Amines; Fatty Acyls; Organic oxides; Hydrocarbon derivatives; Amino acids; Organopnictogen compounds; Organic oxygen compounds; Organic nitrogen compounds; Chemical entities	343.149	197	3.289	816699893982527973	816699037631423345	816699037631423344	576	
1	C20H32O6	[M + Na]+	C20H32NaO6+	Terpenoids	0.981	Diterpenoids	0.902	Tetracyclic diterpenoids	0.491	Lipids and lipid-like molecules	0.780	Prenol lipids	0.530	Diterpenoids	0.658			Diterpenoids	0.658	Organic compounds; Lipids and lipid-like molecules; Alcohols and polyols; Prenol lipids; Organic acids and derivatives; Carboxylic acids and derivatives; Primary alcohols; Organooxygen compounds; Monocarboxylic acids and derivatives; Cyclic alcohols and derivatives; Diterpenoids; Secondary alcohols; Carbonyl compounds; Organic oxides; Oxacyclic compounds; Hydrocarbon derivatives; Organic oxygen compounds; Chemical entities	391.206	214	3.564	816699899074413269	816699037719503734	816699037715309429	580	
1	C13H24N2O4	[M + Na]+	C13H24N2NaO4+	Amino acids and Peptides	1.000	Small peptides	1.000	Dipeptides	0.989	Organic acids and derivatives	1.000	Carboxylic acids and derivatives	1.000	Amino acids, peptides, and analogues	1.000	Peptides	0.995	Dipeptides	0.940	Organic compounds; Lipids and lipid-like molecules; Amino acids, peptides, and analogues; Alpha amino acids and derivatives; Fatty acids and conjugates; Organic acids and derivatives; Carboxylic acids and derivatives; Organonitrogen compounds; Organooxygen compounds; Fatty amides; Branched fatty acids; Amino acids and derivatives; Peptides; Monoalkylamines; Carboxylic acid amides; Carboxylic acid derivatives; N-acyl amines; Monocarboxylic acids and derivatives; N-acyl-alpha amino acids and derivatives; Carboxylic acids; Secondary carboxylic acid amides; Carbonyl compounds; Alpha amino acid amides; N-acyl-alpha amino acids; Amines; Primary amines; Fatty Acyls; Organic oxides; Hydrocarbon derivatives; Amino acids; Leucine and derivatives; Isoleucine and derivatives; Organopnictogen compounds; Organic oxygen compounds; Organic nitrogen compounds; Dipeptides; Chemical entities	295.164	215	3.589	816699916317197347	816699037933413249	816699037933413248	582	
1	C11H12N2	[M + H]+	C11H13N2+	Alkaloids	0.999	Tryptophan alkaloids	0.992	Carboline alkaloids	0.984	Organoheterocyclic compounds	0.999	Indoles and derivatives	0.964	Pyridoindoles	0.790	Beta carbolines	0.794	Beta carbolines	0.794	Organic compounds; Organoheterocyclic compounds; Pyrroles; Indoles and derivatives; Organonitrogen compounds; Pyridoindoles; Beta carbolines; Dialkylamines; Benzenoids; Amines; Secondary amines; Indoles; Aralkylamines; Azacyclic compounds; Heteroaromatic compounds; Hydrocarbon derivatives; 3-alkylindoles; Organopnictogen compounds; Organic nitrogen compounds; Chemical entities	173.106	220	3.662	816699918041056838	816699038117962636	816699038117962635	585	
1	C10H9N	[M + H]+	C10H10N+	Alkaloids	0.999	Tryptophan alkaloids	0.575	Pyridine alkaloids	0.161	Organoheterocyclic compounds	0.999	Quinolines and derivatives	0.874					Quinolines and derivatives	0.874	Organic compounds; Organoheterocyclic compounds; Pyridines and derivatives; Organonitrogen compounds; Quinolines and derivatives; Benzenoids; Azacyclic compounds; Heteroaromatic compounds; Hydrocarbon derivatives; Methylpyridines; Organopnictogen compounds; Organic nitrogen compounds; Chemical entities	144.080	220	3.670	816699917957170736	816699038206043026	816699038206043025	586	
1	C13H14N2O2	[M + H]+	C13H15N2O2+	Alkaloids	0.999	Tryptophan alkaloids	0.998	Carboline alkaloids	0.992	Organic acids and derivatives	1.000	Carboxylic acids and derivatives	0.999	Amino acids, peptides, and analogues	0.987	Amino acids and derivatives	0.987	Alpha amino acids	0.908	Organic compounds; Organoheterocyclic compounds; Amino acids, peptides, and analogues; Alpha amino acids and derivatives; Pyrroles; Indoles and derivatives; Organic acids and derivatives; Carboxylic acids and derivatives; Organonitrogen compounds; Alkaloids and derivatives; Organooxygen compounds; Amino acids and derivatives; Monocarboxylic acids and derivatives; Harmala alkaloids; Carboxylic acids; Pyridoindoles; Carbonyl compounds; Beta carbolines; Dialkylamines; Alpha amino acids; Benzenoids; Amines; Secondary amines; Indoles; Aralkylamines; Organic oxides; Azacyclic compounds; Heteroaromatic compounds; Hydrocarbon derivatives; Amino acids; 3-alkylindoles; Organopnictogen compounds; Organic oxygen compounds; Organic nitrogen compounds; Chemical entities	231.112	225	3.746	816699920607971092	816699038323483543	816699038323483542	589	
1	C9H13NO4	[M + Na]+	C9H13NNaO4+	Alkaloids	0.848	Ornithine alkaloids	0.793	Pyrrolidine alkaloids	0.882	Organic acids and derivatives	0.991	Carboxylic acids and derivatives	0.989	Amino acids, peptides, and analogues	0.896	Amino acids and derivatives	0.896	Alpha amino acids	0.737	Organic compounds; Organoheterocyclic compounds; Amino acids, peptides, and analogues; Alpha amino acids and derivatives; Alcohols and polyols; Pyrrolidines; Organic acids and derivatives; Carboxylic acids and derivatives; Organonitrogen compounds; Organooxygen compounds; Amino acids and derivatives; Monocarboxylic acids and derivatives; Carboxylic acids; Secondary alcohols; Carbonyl compounds; Pyrrolidine carboxylic acids and derivatives; Alpha amino acids; Pyrrolidine carboxylic acids; Amines; Organic oxides; Azacyclic compounds; Hydrocarbon derivatives; Amino acids; Organopnictogen compounds; Organic oxygen compounds; Organic nitrogen compounds; Chemical entities	222.075	226	3.771	816699921052567422	816699038411563933	816699038407369628	590	
1	C12H16N2O5	[M + H]+	C12H17N2O5+	Amino acids and Peptides	0.988	Small peptides	0.992	Aminoacids	0.698	Organic acids and derivatives	0.999	Carboxylic acids and derivatives	0.997	Amino acids, peptides, and analogues	0.975	Amino acids and derivatives	0.974	Phenylalanine and derivatives	0.905	Organic compounds; Amino acids, peptides, and analogues; Alpha amino acids and derivatives; Phenethylamines; Amphetamines and derivatives; Phenylpropanoids and polyketides; Organic acids and derivatives; Carboxylic acids and derivatives; Organonitrogen compounds; Primary alcohols; Organooxygen compounds; Amino acids and derivatives; Monoalkylamines; Carboxylic acid amides; Carboxylic acid derivatives; Monocarboxylic acids and derivatives; N-acyl-alpha amino acids and derivatives; Carboxylic acids; Carbonyl compounds; Benzene and substituted derivatives; N-acyl-alpha amino acids; Alpha amino acids; Benzenoids; Amines; Primary amines; Phenylpropanoic acids; Organic oxides; Hydrocarbon derivatives; Amino acids; Phenylalanine and derivatives; Organopnictogen compounds; Organic oxygen compounds; Organic nitrogen compounds; Chemical entities	269.112	237	3.953	816699933551594508	816699038889714621	816699038889714620	603	
1	C11H16N2O3	[M + H]+	C11H17N2O3+	Amino acids and Peptides	0.840	Small peptides	0.759	Aminoacids	0.485	Organic acids and derivatives	0.963	Carboxylic acids and derivatives	0.879	Amino acids, peptides, and analogues	0.556	Amino acids and derivatives	0.556	Amino acids and derivatives	0.556	Organic compounds; Organoheterocyclic compounds; Amino acids, peptides, and analogues; Organic acids and derivatives; Carboxylic acids and derivatives; Organonitrogen compounds; Organooxygen compounds; Amino acids and derivatives; Carboxylic acid derivatives; Monocarboxylic acids and derivatives; Carbonyl compounds; Organic oxides; Azacyclic compounds; Heteroaromatic compounds; Hydrocarbon derivatives; Organopnictogen compounds; Organic oxygen compounds; Organic nitrogen compounds; Chemical entities	225.122	238	3.972	816699933815835752	816699038952629186	816699038952629185	605	
1	C15H27N3O5	[M + H]+	C15H28N3O5+	Amino acids and Peptides	1.000	Small peptides	1.000	Dipeptides	0.948	Organic acids and derivatives	1.000	Carboxylic acids and derivatives	1.000	Amino acids, peptides, and analogues	1.000	Peptides	0.995	Dipeptides	0.821	Organic compounds; Organoheterocyclic compounds; Amino acids, peptides, and analogues; Alpha amino acids and derivatives; Pyrrolidines; Organic acids and derivatives; Carboxylic acids and derivatives; Organonitrogen compounds; Organooxygen compounds; Amino acids and derivatives; Peptides; Monoalkylamines; Carboxylic acid amides; Carboxylic acid derivatives; Monocarboxylic acids and derivatives; N-acyl-alpha amino acids and derivatives; Carboxylic acids; Tertiary carboxylic acid amides; Carbonyl compounds; Pyrrolidine carboxylic acids and derivatives; Alpha amino acid amides; N-acyl-alpha amino acids; Pyrrolidine carboxylic acids; Amines; Primary amines; N-acylpyrrolidines; Organic oxides; Azacyclic compounds; N-acyl-L-alpha-amino acids; Hydrocarbon derivatives; Amino acids; Proline and derivatives; Organopnictogen compounds; Organic oxygen compounds; Organic nitrogen compounds; Dipeptides; Chemical entities	330.200	242	4.029	816699947690594349	816699039317533656	816699039317533655	610	
1	C8H10N2O2	[M + H]+	C8H11N2O2+	Amino acids and Peptides	0.884	Small peptides	0.907	Aminoacids	0.857	Organic acids and derivatives	0.997	Carboxylic acids and derivatives	0.995	Amino acids, peptides, and analogues	0.886	Amino acids and derivatives	0.885	Alpha amino acids and derivatives	0.798	Organic compounds; Organoheterocyclic compounds; Amino acids, peptides, and analogues; Alpha amino acids and derivatives; Organic acids and derivatives; Carboxylic acids and derivatives; Organonitrogen compounds; Organooxygen compounds; Amino acids and derivatives; Monocarboxylic acids and derivatives; Carboxylic acids; Carbonyl compounds; Organic oxides; Azacyclic compounds; Heteroaromatic compounds; Hydrocarbon derivatives; Organopnictogen compounds; Organic oxygen compounds; Organic nitrogen compounds; Chemical entities	167.081	242	4.032	816699950412697809	816699039481111522	816699039481111521	613	
1	C15H25N3O6	[M + H]+	C15H26N3O6+	Amino acids and Peptides	1.000	Small peptides	1.000	Dipeptides	0.972	Organic acids and derivatives	1.000	Carboxylic acids and derivatives	1.000	Amino acids, peptides, and analogues	1.000	Peptides	0.985	Dipeptides	0.865	Organic compounds; Organoheterocyclic compounds; Amino acids, peptides, and analogues; Alpha amino acids and derivatives; Pyrrolidines; Organic acids and derivatives; Carboxylic acids and derivatives; Organonitrogen compounds; Organooxygen compounds; Amino acids and derivatives; Peptides; Monoalkylamines; Carboxylic acid amides; Carboxylic acid derivatives; Monocarboxylic acids and derivatives; N-acyl-alpha amino acids and derivatives; Carboxylic acids; Tertiary carboxylic acid amides; Carbonyl compounds; Pyrrolidine carboxylic acids and derivatives; Alpha amino acid amides; N-acyl-alpha amino acids; Pyrrolidine carboxylic acids; Amines; Primary amines; N-acylpyrrolidines; Organic oxides; Azacyclic compounds; N-acyl-L-alpha-amino acids; Hydrocarbon derivatives; Amino acids; Proline and derivatives; Organopnictogen compounds; Organic oxygen compounds; Organic nitrogen compounds; Dipeptides; Chemical entities	344.180	252	4.205	816699960927818629	816699039992816677	816699039988622372	633	
1	C24H44O11	[M + Na]+	C24H44NaO11+	Terpenoids	0.442	Macrolides	0.190	Open-chain polyketides	0.145	Organic oxygen compounds	1.000	Organooxygen compounds	0.999	Carbohydrates and carbohydrate conjugates	0.929	Glycosyl compounds	0.793	O-glycosyl compounds	0.782	Organic compounds; Organoheterocyclic compounds; Carbohydrates and carbohydrate conjugates; Lipids and lipid-like molecules; Alcohols and polyols; Ethers; Organic acids and derivatives; Carboxylic acids and derivatives; Primary alcohols; Organooxygen compounds; Carboxylic acid derivatives; Carboxylic acid esters; Monosaccharides; Acetals; Secondary alcohols; Carbonyl compounds; Oxanes; Glycosyl compounds; O-glycosyl compounds; Polyols; Fatty Acyls; Organic oxides; Oxacyclic compounds; Hydrocarbon derivatives; Organic oxygen compounds; Chemical entities	531.275	255	4.253	816699969668749115	816699040244474951	816699040244474950	636	
1	C10H13NO4	[M - H2O + H]+	C10H12NO3+	Amino acids and Peptides	0.846	Small peptides	0.923	Dipeptides	0.680	Organic acids and derivatives	1.000	Carboxylic acids and derivatives	1.000	Amino acids, peptides, and analogues	0.989	Amino acids and derivatives	0.989	Tyrosine and derivatives	0.973	Organic compounds; Amino acids, peptides, and analogues; Alpha amino acids and derivatives; Phenols; Phenethylamines; Amphetamines and derivatives; Phenylpropanoids and polyketides; Organic acids and derivatives; Carboxylic acids and derivatives; Organonitrogen compounds; Organooxygen compounds; Amino acids and derivatives; Carboxylic acid amides; Carboxylic acid derivatives; Monocarboxylic acids and derivatives; N-acyl-alpha amino acids and derivatives; Carboxylic acids; Secondary carboxylic acid amides; Carbonyl compounds; Benzene and substituted derivatives; N-acyl-alpha amino acids; Benzenoids; Phenylpropanoic acids; Acetamides; Organic oxides; Hydrocarbon derivatives; Tyrosine and derivatives; Phenylalanine and derivatives; Organopnictogen compounds; Organic oxygen compounds; 1-hydroxy-2-unsubstituted benzenoids; Organic nitrogen compounds; Chemical entities	194.080	256	4.270	816699967517070995	816699040319972428	816699040319972427	638	
1	C14H18N2O3	[M + H]+	C14H19N2O3+	Amino acids and Peptides	1.000	Small peptides	1.000	Dipeptides	0.999	Organic acids and derivatives	1.000	Carboxylic acids and derivatives	1.000	Amino acids, peptides, and analogues	1.000	Peptides	0.965	Dipeptides	0.951	Organic compounds; Organoheterocyclic compounds; Amino acids, peptides, and analogues; Alpha amino acids and derivatives; Phenethylamines; Amphetamines and derivatives; Pyrrolidines; Organic acids and derivatives; Carboxylic acids and derivatives; Organonitrogen compounds; Organooxygen compounds; Amino acids and derivatives; Peptides; Monoalkylamines; Carboxylic acid amides; Carboxylic acid derivatives; Monocarboxylic acids and derivatives; N-acyl-alpha amino acids and derivatives; Carboxylic acids; Tertiary carboxylic acid amides; Carbonyl compounds; Pyrrolidine carboxylic acids and derivatives; Benzene and substituted derivatives; Alpha amino acid amides; N-acyl-alpha amino acids; Pyrrolidine carboxylic acids; Benzenoids; Amines; Primary amines; N-acylpyrrolidines; Aralkylamines; Organic oxides; Azacyclic compounds; N-acyl-L-alpha-amino acids; Hydrocarbon derivatives; Amino acids; Proline and derivatives; Organopnictogen compounds; Organic oxygen compounds; Organic nitrogen compounds; Dipeptides; Chemical entities	263.138	260	4.327	816699970960594950	816699040416441425	816699040416441424	644	
1	C12H18F2N2O2	[M + Na]+	C12H18F2N2NaO2+	Amino acids and Peptides	0.596	Small peptides	0.899	Dipeptides	0.283	Organic acids and derivatives	0.998	Carboxylic acids and derivatives	0.995	Amino acids, peptides, and analogues	0.977	Amino acids and derivatives	0.976	Alpha amino acid amides	0.859	Organic compounds; Amino acids, peptides, and analogues; Alpha amino acids and derivatives; Organic acids and derivatives; Carboxylic acids and derivatives; Organohalogen compounds; Organonitrogen compounds; Organooxygen compounds; Amino acids and derivatives; Carboxylic acid amides; Alkyl fluorides; Carboxylic acid derivatives; Organofluorides; Secondary carboxylic acid amides; Carbonyl compounds; Alpha amino acid amides; Amines; Alkyl halides; Organic oxides; Hydrocarbon derivatives; Organopnictogen compounds; Organic oxygen compounds; Organic nitrogen compounds; Chemical entities	283.125	264	4.396	816699974412507616	816699040722625687	816699040718431382	648	
1	C15H16N4O6	[M + H]+	C15H17N4O6+	Alkaloids	0.644	Nucleosides	0.464	Purine alkaloids	0.252	Organoheterocyclic compounds	0.927	Pteridines and derivatives	0.497	Alloxazines and isoalloxazines	0.628	Flavins	0.581	Flavins	0.581	Organic compounds; Organoheterocyclic compounds; Pyrimidines and pyrimidine derivatives; Alcohols and polyols; Organic acids and derivatives; Organonitrogen compounds; Nucleosides, nucleotides, and analogues; Organooxygen compounds; Alloxazines and isoalloxazines; Flavins; Diazines; Secondary alcohols; Glycosylamines; Benzene and substituted derivatives; Polyols; Benzenoids; Organic oxides; Azacyclic compounds; Heteroaromatic compounds; Hydrocarbon derivatives; Organopnictogen compounds; Organic oxygen compounds; Organic nitrogen compounds; Chemical entities	349.116	264	4.403	816699978862664712	816699041469211815	816699041469211814	656	
1	C10H8N4O4	[M + H]+	C10H9N4O4+	Alkaloids	0.729	Pseudoalkaloids (transamidation)	0.450	Purine alkaloids	0.647	Organoheterocyclic compounds	0.966	Pteridines and derivatives	0.581	Alloxazines and isoalloxazines	0.586			Alloxazines and isoalloxazines	0.586	Organic compounds; Organoheterocyclic compounds; Pyrimidines and pyrimidine derivatives; Pteridines and derivatives; Organic acids and derivatives; Organonitrogen compounds; Pyrimidones; Organooxygen compounds; Alloxazines and isoalloxazines; Diazines; Benzenoids; Organic 1,3-dipolar compounds; Vinylogous amides; Organic oxides; Azacyclic compounds; Heteroaromatic compounds; Hydrocarbon derivatives; Organopnictogen compounds; Organic oxygen compounds; Organic nitrogen compounds; Chemical entities	249.063	265	4.410	816699981588962704	816699041548903596	816699041548903595	659	
1	C20H25NO4	[M + H]+	C20H26NO4+	Alkaloids	0.996	Tyrosine alkaloids	0.947	Isoquinoline alkaloids	0.387	Organoheterocyclic compounds	0.596	Isoquinolines and derivatives	0.560	Benzylisoquinolines	0.703			Benzylisoquinolines	0.703	Organic compounds; Organoheterocyclic compounds; Benzylisoquinolines; Alkyl aryl ethers; Phenols; Anisoles; Methoxyphenols; Ethers; Organic acids and derivatives; Carboxylic acids and derivatives; Organonitrogen compounds; Organooxygen compounds; Carboxylic acid derivatives; Benzene and substituted derivatives; Phenol ethers; Benzenoids; Isoquinolines and derivatives; Tetrahydroisoquinolines; Organic oxides; Methoxybenzenes; Azacyclic compounds; Hydrocarbon derivatives; Organopnictogen compounds; Organic oxygen compounds; 1-hydroxy-2-unsubstituted benzenoids; Organic nitrogen compounds; Phenoxy compounds; Chemical entities	344.184	275	4.586	816699993639200423	816699042253546745	816699042253546744	675	
1	C10H20O4S	[M + H]+	C10H21O4S+	Fatty acids	0.263	Phenylpropanoids (C6-C3)	0.087	Cinnamic acids and derivatives	0.097	Benzenoids	0.859	Benzene and substituted derivatives	0.837					Benzene and substituted derivatives	0.837	Organic compounds; Organosulfur compounds; Lipids and lipid-like molecules; Organic acids and derivatives; Carboxylic acids and derivatives; Organosulfonic acids and derivatives; Organooxygen compounds; Monocarboxylic acids and derivatives; Sulfonyls; Organosulfonic acid esters; Carboxylic acid esters; Carbonyl compounds; Benzene and substituted derivatives; Benzenoids; Alkanesulfonic acids and derivatives; Fatty Acyls; Organic oxides; Hydrocarbon derivatives; Organic sulfonic acids and derivatives; Sulfonic acid esters; Organic oxygen compounds; Chemical entities	237.113	276	4.593	816699990980011276	816699042345821449	816699042345821448	677	
1	C24H47N5O4	[M + H]+	C24H48N5O4+	Amino acids and Peptides	0.987	Small peptides	0.858	Tripeptides	0.937	Organic acids and derivatives	1.000	Carboxylic acids and derivatives	0.999	Amino acids, peptides, and analogues	0.998	Peptides	0.851	Dipeptides	0.551	Organic compounds; Lipids and lipid-like molecules; Amino acids, peptides, and analogues; Alpha amino acids and derivatives; Organic acids and derivatives; Carboxylic acids and derivatives; Organonitrogen compounds; Organooxygen compounds; Fatty amides; Amino acids and derivatives; Peptides; Monoalkylamines; Carboxylic acid amides; Carboxylic acid derivatives; N-acyl amines; N-acyl-alpha amino acids and derivatives; Primary carboxylic acid amides; Secondary carboxylic acid amides; Carbonyl compounds; Alpha amino acid amides; Primary amines; Fatty Acyls; Organic oxides; Hydrocarbon derivatives; Leucine and derivatives; Organopnictogen compounds; Organic oxygen compounds; Organic nitrogen compounds; Dipeptides; Chemical entities	470.368	276	4.598	816699990401197206	816699042501010743	816699042501010742	676	
1	C19H21NO4	[M + H]+	C19H22NO4+	Alkaloids	0.998	Tyrosine alkaloids	0.993	Aporphine alkaloids	0.574	Alkaloids and derivatives	0.667	Aporphines	0.664					Aporphines	0.664	Organic compounds; Organoheterocyclic compounds; Naphthalenes; Phenanthrenes and derivatives; Alkyl aryl ethers; Anisoles; Ethers; Organonitrogen compounds; Alkaloids and derivatives; Organooxygen compounds; Aporphines; Phenol ethers; Benzenoids; Azacyclic compounds; Hydrocarbon derivatives; Organopnictogen compounds; Organic oxygen compounds; Organic nitrogen compounds; Chemical entities	328.153	278	4.632	816699992028587433	816699042584896845	816699042580702540	682	
1	C19H34N4O6	[M + H]+	C19H35N4O6+	Amino acids and Peptides	0.998	Small peptides	0.995	Tripeptides	0.691	Organic acids and derivatives	1.000	Carboxylic acids and derivatives	1.000	Amino acids, peptides, and analogues	0.998	Peptides	0.975	Oligopeptides	0.780	Organic compounds; Organoheterocyclic compounds; Lipids and lipid-like molecules; Amino acids, peptides, and analogues; Alpha amino acids and derivatives; Pyrrolidines; Organic acids and derivatives; Carboxylic acids and derivatives; Organonitrogen compounds; Organooxygen compounds; Amino acids and derivatives; Peptides; Monoalkylamines; Carboxylic acid amides; Carboxylic acid derivatives; Monocarboxylic acids and derivatives; N-acyl-alpha amino acids and derivatives; Carboxylic acids; Secondary carboxylic acid amides; Tertiary carboxylic acid amides; Carbonyl compounds; Pyrrolidine carboxylic acids and derivatives; Alpha amino acid amides; N-acyl-alpha amino acids; Pyrrolidine carboxylic acids; Amines; Primary amines; N-acylpyrrolidines; Fatty Acyls; Organic oxides; Azacyclic compounds; Hydrocarbon derivatives; Amino acids; Proline and derivatives; Organopnictogen compounds; Organic oxygen compounds; Organic nitrogen compounds; Oligopeptides; Chemical entities	415.252	280	4.661	816699996617157126	816699042656200029	816699042656200028	685	
1	C10H14N8O2	[M + H]+	C10H15N8O2+	Amino acids and Peptides	0.943	Small peptides	0.859	Dipeptides	0.233	Organic acids and derivatives	0.933	Carboxylic acids and derivatives	0.875	Amino acids, peptides, and analogues	0.898	Amino acids and derivatives	0.891	Phenylalanine and derivatives	0.915	Organic compounds; Organoheterocyclic compounds; Amino acids, peptides, and analogues; Alpha amino acids and derivatives; Imidazoles; Phenethylamines; Amphetamines and derivatives; Organic acids and derivatives; Carboxylic acids and derivatives; Organonitrogen compounds; Organooxygen compounds; Amino acids and derivatives; Guanidines; Azoles; Monoalkylamines; Carboxylic acid amides; Carboxylic acid derivatives; Carbonyl compounds; Benzene and substituted derivatives; Alpha amino acid amides; Benzenoids; Amines; Primary amines; Aralkylamines; Fatty Acyls; Organic oxides; Azacyclic compounds; Heteroaromatic compounds; Hydrocarbon derivatives; Phenylalanine and derivatives; Organopnictogen compounds; Organic oxygen compounds; Organic nitrogen compounds; Chemical entities	279.130	284	4.727	816699996826872420	816699042983355789	816699042983355788	689	
1	C9H12N2O2	[M + H]+	C9H13N2O2+	Amino acids and Peptides	0.717	Small peptides	0.777	Aminoacids	0.601	Organic acids and derivatives	0.992	Carboxylic acids and derivatives	0.987	Amino acids, peptides, and analogues	0.842	Amino acids and derivatives	0.840	Alpha amino acids and derivatives	0.702	Organic compounds; Organoheterocyclic compounds; Amino acids, peptides, and analogues; Alpha amino acids and derivatives; Organic acids and derivatives; Carboxylic acids and derivatives; Organonitrogen compounds; Organooxygen compounds; Amino acids and derivatives; Monocarboxylic acids and derivatives; Carboxylic acids; Carbonyl compounds; Organic oxides; Azacyclic compounds; Heteroaromatic compounds; Hydrocarbon derivatives; Organopnictogen compounds; Organic oxygen compounds; Organic nitrogen compounds; Chemical entities	181.096	286	4.761	816700002761813177	816699043172099494	816699043172099493	693	
1	C16H18O8S	[M + H]+	C16H19O8S+	Shikimates and Phenylpropanoids	0.481	Macrolides	0.181	Zearalenones	0.097	Benzenoids	0.958	Benzene and substituted derivatives	0.883	Phenoxy compounds	0.528			Phenoxy compounds	0.528	Organic compounds; Organosulfur compounds; Organic acids and derivatives; Carboxylic acids and derivatives; Organooxygen compounds; Sulfonyls; Organosulfonic acid esters; Carboxylic acid esters; Carbonyl compounds; Benzene and substituted derivatives; Benzenoids; Organic oxides; Hydrocarbon derivatives; Organic oxygen compounds; Phenoxy compounds; Chemical entities	371.079	286	4.770	816700005911735879	816699043474089401	816699043474089400	699	
1	C13H16O12	[M + Na]+	C13H16NaO12+	Shikimates and Phenylpropanoids	0.937	Phenolic acids (C6-C1)	0.519	Simple phenolic acids	0.249	Organic oxygen compounds	1.000	Organooxygen compounds	1.000	Carbohydrates and carbohydrate conjugates	0.837	Glycosyl compounds	0.440	Phenolic glycosides	0.510	Organic compounds; Organoheterocyclic compounds; Carbohydrates and carbohydrate conjugates; Alcohols and polyols; Sugar acids and derivatives; Ethers; Organic acids and derivatives; Carboxylic acids and derivatives; Organooxygen compounds; Hydroxy acids and derivatives; Carboxylic acid derivatives; Carboxylic acids; Carboxylic acid esters; Monosaccharides; Acetals; Secondary alcohols; Carbonyl compounds; Oxanes; O-glycosyl compounds; Benzene and substituted derivatives; Polyols; Phenol ethers; Benzenoids; Organic oxides; Oxacyclic compounds; Hydrocarbon derivatives; Phenolic glycosides; Organic oxygen compounds; Phenoxy compounds; Chemical entities	387.051	286	4.771	816700012895252674	816699043578947007	816699043574752702	700	
1	C9H8O6S	[M + Na]+	C9H8NaO6S+	Shikimates and Phenylpropanoids	0.880	Phenolic acids (C6-C1)	0.902	Simple phenolic acids	0.904	Benzenoids	0.591	Benzene and substituted derivatives	0.621					Benzene and substituted derivatives	0.621	Organic compounds; Organosulfur compounds; Organic acids and derivatives; Carboxylic acids and derivatives; Organooxygen compounds; Carboxylic acids; Carbonyl compounds; Benzene and substituted derivatives; Benzenoids; Organic oxides; Hydrocarbon derivatives; Organic oxygen compounds; Chemical entities	266.994	286	4.773	816700005546831370	816699043654444485	816699043654444484	701	
1	C23H41N5O8	[M + H]+	C23H42N5O8+	Amino acids and Peptides	0.871	Oligopeptides	0.749	Linear peptides	0.629	Organic acids and derivatives	1.000	Carboxylic acids and derivatives	0.998	Amino acids, peptides, and analogues	0.929	Peptides	0.785	Peptides	0.785	Organic compounds; Lipids and lipid-like molecules; Amino acids, peptides, and analogues; Alpha amino acids and derivatives; Alcohols and polyols; Fatty acids and conjugates; Organic acids and derivatives; Carboxylic acids and derivatives; Organonitrogen compounds; Organooxygen compounds; Fatty amides; Branched fatty acids; Amino acids and derivatives; Peptides; Hydroxamic acids; Monoalkylamines; Carboxylic acid amides; Carboxylic acid derivatives; N-acyl amines; Monocarboxylic acids and derivatives; N-acyl-alpha amino acids and derivatives; Carboxylic acids; Primary carboxylic acid amides; Secondary carboxylic acid amides; Carbonyl compounds; Alpha amino acid amides; N-acyl-alpha amino acids; Primary amines; Fatty Acyls; Organic oxides; Hydrocarbon derivatives; Organopnictogen compounds; Organic oxygen compounds; Organic nitrogen compounds; Chemical entities	516.300	288	4.792	816700014858187025	816699043855771089	816699043855771088	709	
1	C13H12N2O	[M + H]+	C13H13N2O+	Alkaloids	1.000	Tryptophan alkaloids	0.994	Carboline alkaloids	0.989	Alkaloids and derivatives	0.621	Harmala alkaloids	0.707					Harmala alkaloids	0.707	Organic compounds; Organoheterocyclic compounds; Pyridines and derivatives; Pyrroles; Alcohols and polyols; Indoles and derivatives; Organonitrogen compounds; Alkaloids and derivatives; Primary alcohols; Organooxygen compounds; Harmala alkaloids; Pyridoindoles; Beta carbolines; Benzenoids; Indoles; Azacyclic compounds; Heteroaromatic compounds; Hydrocarbon derivatives; Organopnictogen compounds; Organic oxygen compounds; Organic nitrogen compounds; Chemical entities	213.101	290	4.831	816700018456900170	816699044006766043	816699044002571738	710	
1	C24H46N4O5	[M + H]+	C24H47N4O5+	Amino acids and Peptides	0.965	Small peptides	0.668	Tripeptides	0.675	Organic acids and derivatives	0.997	Carboxylic acids and derivatives	0.993	Amino acids, peptides, and analogues	0.942	Peptides	0.701	Peptides	0.701	Organic compounds; Lipids and lipid-like molecules; Amino acids, peptides, and analogues; Alpha amino acids and derivatives; Alcohols and polyols; Organic acids and derivatives; Carboxylic acids and derivatives; Organonitrogen compounds; Organooxygen compounds; Fatty amides; Amino acids and derivatives; Peptides; Carboxylic acid amides; Carboxylic acid derivatives; N-acyl amines; N-acyl-alpha amino acids and derivatives; Secondary carboxylic acid amides; Carbonyl compounds; Alpha amino acid amides; Fatty Acyls; Organic oxides; Hydrocarbon derivatives; Organopnictogen compounds; Organic oxygen compounds; Organic nitrogen compounds; Chemical entities	471.352	292	4.859	816700033233435689	816699044216481260	816699044216481259	713	
1	C9H12F2O3	[M + H]+	C9H13F2O3+	Fatty acids	0.587	Fatty Acids and Conjugates	0.370	Halogenated fatty acids	0.077	Phenylpropanoids and polyketides	0.112	Phenylpropanoic acids	0.507					Phenylpropanoic acids	0.507	Organic compounds; Halobenzenes; Organic acids and derivatives; Carboxylic acids and derivatives; Organohalogen compounds; Organooxygen compounds; Aryl fluorides; Fluorobenzenes; Monocarboxylic acids and derivatives; Carboxylic acids; Organofluorides; Carbonyl compounds; Benzene and substituted derivatives; Benzenoids; Phenylpropanoic acids; Aryl halides; Organic oxides; Hydrocarbon derivatives; Organic oxygen compounds; Chemical entities	207.083	292	4.871	816700035171205119	816699044291978738	816699044287784433	716	
1	C11H11NO3	[M + H]+	C11H12NO3+	Alkaloids	0.999	Tryptophan alkaloids	0.996	Simple indole alkaloids	0.996	Organoheterocyclic compounds	1.000	Indoles and derivatives	0.997	Indolyl carboxylic acids and derivatives	0.771			Indolyl carboxylic acids and derivatives	0.771	Organic compounds; Organoheterocyclic compounds; Pyrroles; Alcohols and polyols; Indoles and derivatives; Organic acids and derivatives; Carboxylic acids and derivatives; Organonitrogen compounds; Organooxygen compounds; Hydroxy acids and derivatives; Monocarboxylic acids and derivatives; Carboxylic acids; Indolyl carboxylic acids and derivatives; Alpha hydroxy acids and derivatives; Secondary alcohols; Carbonyl compounds; Substituted pyrroles; Benzenoids; Indoles; Organic oxides; Azacyclic compounds; Heteroaromatic compounds; Hydrocarbon derivatives; 3-alkylindoles; Organopnictogen compounds; Organic oxygen compounds; Organic nitrogen compounds; Chemical entities	206.080	292	4.871	816700034839855023	816699044380059141	816699044380059140	717	
1	C15H33N3O4	[M + Na]+	C15H33N3NaO4+	Amino acids and Peptides	0.946	Small peptides	0.911	Dipeptides	0.682	Organic acids and derivatives	0.976	Carboxylic acids and derivatives	0.968	Amino acids, peptides, and analogues	0.936	Amino acids and derivatives	0.932	N-acyl-alpha amino acids and derivatives	0.815	Organic compounds; Lipids and lipid-like molecules; Amino acids, peptides, and analogues; Alpha amino acids and derivatives; Organic acids and derivatives; Carboxylic acids and derivatives; Organonitrogen compounds; Organooxygen compounds; Fatty amides; Amino acids and derivatives; Carboxylic acid amides; Carboxylic acid derivatives; Monocarboxylic acids and derivatives; N-acyl-alpha amino acids and derivatives; Secondary carboxylic acid amides; Carbonyl compounds; Alpha amino acid amides; Methyl esters; Fatty Acyls; Organic oxides; Hydrocarbon derivatives; Organopnictogen compounds; Organic oxygen compounds; Organic nitrogen compounds; Chemical entities	342.237	293	4.887	816700034290400748	816699044535248407	816699044535248406	722	
1	C9H17NO3	[M + H]+	C9H18NO3+	Amino acids and Peptides	0.973	Small peptides	0.996	Dipeptides	0.870	Organic acids and derivatives	1.000	Carboxylic acids and derivatives	1.000	Amino acids, peptides, and analogues	0.974	Amino acids and derivatives	0.973	N-acyl-alpha amino acids	0.952	Organic compounds; Lipids and lipid-like molecules; Amino acids, peptides, and analogues; Alpha amino acids and derivatives; Fatty acids and conjugates; Organic acids and derivatives; Carboxylic acids and derivatives; Organonitrogen compounds; Organooxygen compounds; Amino acids and derivatives; Carboxylic acid amides; Carboxylic acid derivatives; Monocarboxylic acids and derivatives; N-acyl-alpha amino acids and derivatives; Carboxylic acids; Secondary carboxylic acid amides; Carbonyl compounds; N-acyl-alpha amino acids; Fatty Acyls; Acetamides; Organic oxides; Hydrocarbon derivatives; Organopnictogen compounds; Organic oxygen compounds; Organic nitrogen compounds; Chemical entities	188.127	294	4.904	816700024568002894	816699044774323757	816699044774323756	726	
1	C31H40O3S	[M + H]+	C31H41O3S+	Terpenoids	0.898	Steroids	0.212	Androstane steroids	0.377	Lipids and lipid-like molecules	0.819	Prenol lipids	0.504					Prenol lipids	0.504	Organic compounds; Organosulfur compounds; Lipids and lipid-like molecules; Ketones; Prenol lipids; Organic acids and derivatives; Carboxylic acids and derivatives; Organooxygen compounds; Monocarboxylic acids and derivatives; Thioethers; Carbonyl compounds; Sulfenyl compounds; Cyclic ketones; Dialkylthioethers; Organic oxides; Hydrocarbon derivatives; Organic oxygen compounds; Chemical entities	493.280	299	4.979	816700039260652543	816699045126645344	816699045122451039	740	
1	C9H11NO3	[M + H]+	C9H12NO3+	Amino acids and Peptides	0.997	Small peptides	1.000	Aminoacids	0.997	Organic acids and derivatives	1.000	Carboxylic acids and derivatives	1.000	Amino acids, peptides, and analogues	0.997	Amino acids and derivatives	0.997	Tyrosine and derivatives	0.735	Organic compounds; Amino acids, peptides, and analogues; Alpha amino acids and derivatives; Phenols; Phenethylamines; Amphetamines and derivatives; Phenylpropanoids and polyketides; Organic acids and derivatives; Carboxylic acids and derivatives; Organonitrogen compounds; Organooxygen compounds; Amino acids and derivatives; Monoalkylamines; Monocarboxylic acids and derivatives; Carboxylic acids; Carbonyl compounds; Benzene and substituted derivatives; Benzenoids; Amines; Primary amines; Phenylpropanoic acids; Organic oxides; Hydrocarbon derivatives; Amino acids; Tyrosine and derivatives; Phenylalanine and derivatives; Organopnictogen compounds; Organic oxygen compounds; 1-hydroxy-2-unsubstituted benzenoids; Organic nitrogen compounds; Chemical entities	182.080	301	5.020	816700036806984082	816699045382497954	816699045382497953	752	
1	C9H21O6	[M + H]+	C9H22O6+	Fatty acids	0.679	Fatty Acids and Conjugates	0.179	Dicarboxylic acids	0.305	Organic oxygen compounds	1.000	Organooxygen compounds	1.000	Alcohols and polyols	0.882	Secondary alcohols	0.637	Secondary alcohols	0.637	Organic compounds; Organoheterocyclic compounds; Alcohols and polyols; Ethers; Primary alcohols; Organooxygen compounds; Secondary alcohols; Oxacyclic compounds; Hydrocarbon derivatives; Organic oxygen compounds; Chemical entities	226.140	301	5.024	816700036253335828	816699045495744189	816699045495744188	753	
1	C9H17NO2	[M + Na]+	C9H17NNaO2+	Amino acids and Peptides	0.910	Small peptides	0.931	Aminoacids	0.878	Organic acids and derivatives	0.994	Carboxylic acids and derivatives	0.990	Amino acids, peptides, and analogues	0.805	Amino acids and derivatives	0.805	Alpha amino acids and derivatives	0.503	Organic compounds; Lipids and lipid-like molecules; Amino acids, peptides, and analogues; Alpha amino acids and derivatives; Organic acids and derivatives; Carboxylic acids and derivatives; Organonitrogen compounds; Organooxygen compounds; Amino acids and derivatives; Quaternary ammonium salts; Carboxylic acid derivatives; Monocarboxylic acids and derivatives; Carboxylic acids; Carbonyl compounds; Amines; Organic salts; Fatty Acyls; Organic oxides; Hydrocarbon derivatives; Tetraalkylammonium salts; Organopnictogen compounds; Organic oxygen compounds; Organic nitrogen compounds; Chemical entities	194.115	302	5.027	816700035326394430	816699045671904994	816699045671904993	755	
1	C11H18N3O2	[M + Na]+	C11H18N3NaO2+	Amino acids and Peptides	0.998	Small peptides	0.999	Dipeptides	0.995	Organic acids and derivatives	1.000	Carboxylic acids and derivatives	0.999	Amino acids, peptides, and analogues	0.998	Peptides	0.745	Dipeptides	0.771	Organic compounds; Organoheterocyclic compounds; Lipids and lipid-like molecules; Amino acids, peptides, and analogues; Alpha amino acids and derivatives; Pyrroles; Tryptamines and derivatives; Indoles and derivatives; Organic acids and derivatives; Carboxylic acids and derivatives; Organonitrogen compounds; Organooxygen compounds; Fatty amides; Amino acids and derivatives; Peptides; Monoalkylamines; Carboxylic acid amides; Carboxylic acid derivatives; Monocarboxylic acids and derivatives; N-acyl-alpha amino acids and derivatives; Carboxylic acids; Secondary carboxylic acid amides; Carbonyl compounds; Substituted pyrroles; Alpha amino acid amides; N-acyl-alpha amino acids; Benzenoids; Amines; Primary amines; Indoles; Aralkylamines; Fatty Acyls; Organic oxides; Azacyclic compounds; Heteroaromatic compounds; Hydrocarbon derivatives; Amino acids; 3-alkylindoles; Organopnictogen compounds; Organic oxygen compounds; Organic nitrogen compounds; Dipeptides; Chemical entities	247.129	302	5.037	816700040061764923	816699045986477855	816699045986477854	757	
1	C13H20O3	[M - H2O + H]+	C13H19O2+	Terpenoids	0.788	Sesquiterpenoids	0.307	Bisabolane sesquiterpenoids	0.395	Benzenoids	0.795	Benzene and substituted derivatives	0.671	Phenylpropanes	0.535			Phenylpropanes	0.535	Organic compounds; Ketones; Alcohols and polyols; Organooxygen compounds; Carbonyl compounds; Benzene and substituted derivatives; Benzenoids; Phenylpropanes; Organic oxides; Hydrocarbon derivatives; Organic oxygen compounds; Chemical entities	207.137	303	5.042	816700041110341141	816699046082946863	816699046082946862	761	
1	C10H11NO5	[M + H]+	C10H12NO5+	Alkaloids	0.819	Tryptophan alkaloids	0.280	Aminoacids	0.086	Organic acids and derivatives	0.999	Carboxylic acids and derivatives	0.998	Amino acids, peptides, and analogues	0.940	Amino acids and derivatives	0.939	N-acyl-alpha amino acids	0.575	Organic compounds; Amino acids, peptides, and analogues; Alpha amino acids and derivatives; Organic acids and derivatives; Carboxylic acids and derivatives; Organonitrogen compounds; Organooxygen compounds; Amino acids and derivatives; Carboxylic acid amides; Carboxylic acid derivatives; N-acyl-alpha amino acids and derivatives; Carboxylic acids; Carbonyl compounds; Benzene and substituted derivatives; N-acyl-alpha amino acids; Benzenoids; Organic oxides; Hydrocarbon derivatives; Organopnictogen compounds; Organic oxygen compounds; Organic nitrogen compounds; Chemical entities	226.070	303	5.053	816700042377021149	816699046359770974	816699046359770973	767	
1	C7H10ClFN2O	[M + H]+	C7H11ClFN2O+	Alkaloids	0.643	Nicotinic acid alkaloids	0.366	Pyridine alkaloids	0.363	Organohalogen compounds	0.999	Alkyl halides	0.903	Alkyl chlorides	0.581			Alkyl chlorides	0.581	Organic compounds; Organohalogen compounds; Organonitrogen compounds; Organooxygen compounds; Alkyl chlorides; Alkyl fluorides; Organochlorides; Organofluorides; Alkyl halides; Organic oxides; Hydrocarbon derivatives; Organopnictogen compounds; Organic oxygen compounds; Organic nitrogen compounds; Chemical entities	193.053	303	5.057	816700049075335317	816699046531737452	816699046531737451	770	
1	C7H9NO	[M + Na]+	C7H9NNaO+	Alkaloids	0.997	Nicotinic acid alkaloids	0.840	Pyridine alkaloids	0.842	Organic oxygen compounds	0.999	Organooxygen compounds	0.998	Carbonyl compounds	0.978	Aldehydes	0.968	Aryl-aldehydes	0.948	Organic compounds; Organoheterocyclic compounds; Pyrroles; Aldehydes; Organonitrogen compounds; Organooxygen compounds; Carbonyl compounds; Substituted pyrroles; Aryl-aldehydes; Organic oxides; Azacyclic compounds; Heteroaromatic compounds; Hydrocarbon derivatives; Organopnictogen compounds; Organic oxygen compounds; Organic nitrogen compounds; Chemical entities	146.059	304	5.064	816700049079529631	816699046619817844	816699046619817843	773	
1	C12H15NO4	[M + H]+	C12H16NO4+	Amino acids and Peptides	0.871	Small peptides	0.901	Dipeptides	0.771	Organic acids and derivatives	1.000	Carboxylic acids and derivatives	1.000	Amino acids, peptides, and analogues	0.996	Amino acids and derivatives	0.996	Phenylalanine and derivatives	0.975	Organic compounds; Lipids and lipid-like molecules; Amino acids, peptides, and analogues; Alpha amino acids and derivatives; Phenethylamines; Amphetamines and derivatives; Phenylpropanoids and polyketides; Organic acids and derivatives; Carboxylic acids and derivatives; Organonitrogen compounds; Organooxygen compounds; Fatty amides; Dicarboxylic acids and derivatives; Amino acids and derivatives; Carboxylic acid amides; Carboxylic acid derivatives; N-acyl amines; N-acyl-alpha amino acids and derivatives; Carboxylic acids; Secondary carboxylic acid amides; Carbonyl compounds; Benzene and substituted derivatives; N-acyl-alpha amino acids; Benzenoids; Phenylpropanoic acids; Fatty Acyls; Organic oxides; Hydrocarbon derivatives; Phenylalanine and derivatives; Organopnictogen compounds; Organic oxygen compounds; Organic nitrogen compounds; Chemical entities	238.106	314	5.235	816700062920734899	816699047504816051	816699047500621746	794	
1	C16H12N2O2	[M + H]+	C16H13N2O2+	Alkaloids	0.968	Tryptophan alkaloids	0.889	Carboline alkaloids	0.797	Organic acids and derivatives	1.000	Carboxylic acids and derivatives	0.999	Amino acids, peptides, and analogues	0.880	Amino acids and derivatives	0.880	Alpha amino acids	0.667	Organic compounds; Organoheterocyclic compounds; Amino acids, peptides, and analogues; Alpha amino acids and derivatives; Pyridines and derivatives; Pyrroles; Indoles and derivatives; Organic acids and derivatives; Carboxylic acids and derivatives; Organonitrogen compounds; Organooxygen compounds; Amino acids and derivatives; Monocarboxylic acids and derivatives; Carboxylic acids; Carbonyl compounds; Alpha amino acids; Benzenoids; Amines; Indoles; Organic oxides; Azacyclic compounds; Heteroaromatic compounds; Hydrocarbon derivatives; Amino acids; Organopnictogen compounds; Organic oxygen compounds; Organic nitrogen compounds; Chemical entities	265.096	315	5.253	816700063600212294	816699047924246542	816699047924246541	799	
1	C20H31N3O4	[M + H]+	C20H32N3O4+	Amino acids and Peptides	0.999	Small peptides	0.987	Tripeptides	0.860	Organic acids and derivatives	1.000	Carboxylic acids and derivatives	1.000	Amino acids, peptides, and analogues	0.999	Peptides	0.984	Oligopeptides	0.842	Organic compounds; Lipids and lipid-like molecules; Amino acids, peptides, and analogues; Alpha amino acids and derivatives; Phenethylamines; Amphetamines and derivatives; Phenylpropanoids and polyketides; Organic acids and derivatives; Carboxylic acids and derivatives; Organonitrogen compounds; Organooxygen compounds; Fatty amides; Amino acids and derivatives; Peptides; Monoalkylamines; Carboxylic acid amides; Carboxylic acid derivatives; N-acyl amines; Monocarboxylic acids and derivatives; N-acyl-alpha amino acids and derivatives; Carboxylic acids; Secondary carboxylic acid amides; Carbonyl compounds; Benzene and substituted derivatives; Alpha amino acid amides; N-acyl-alpha amino acids; Benzenoids; Amines; Primary amines; Phenylpropanoic acids; Fatty Acyls; Organic oxides; Hydrocarbon derivatives; Amino acids; Phenylalanine and derivatives; Organopnictogen compounds; Organic oxygen compounds; Organic nitrogen compounds; Oligopeptides; Chemical entities	378.237	317	5.277	816700066334899124	816699048129767468	816699048129767467	800	
1	C21H32N8O2	[M + H]+	C21H33N8O2+	Alkaloids	0.603	Small peptides	0.076	Imidazole alkaloids	0.019	Organic acids and derivatives	0.827	Carboxylic acids and derivatives	0.789	Amino acids, peptides, and analogues	0.587	Amino acids and derivatives	0.585	Amino acids and derivatives	0.585	Organic compounds; Organoheterocyclic compounds; Amino acids, peptides, and analogues; Organic acids and derivatives; Carboxylic acids and derivatives; Organonitrogen compounds; Organooxygen compounds; Amino acids and derivatives; Diazines; Carbonyl compounds; Benzenoids; Amines; Tertiary amines; Organic oxides; Azacyclic compounds; Heteroaromatic compounds; Hydrocarbon derivatives; Organopnictogen compounds; Organic oxygen compounds; Organic nitrogen compounds; Chemical entities	429.269	317	5.290	816700063377914123	816699048226236474	816699048226236473	805	
1	C18H28O10	[M + Na]+	C18H28NaO10+	Fatty acids	0.893	Fatty acyl glycosides	0.941	Fatty acyl glycosides of mono- and disaccharides	0.841	Lipids and lipid-like molecules	0.929	Fatty Acyls	0.903	Fatty acyl glycosides	0.657	Fatty acyl glycosides of mono- and disaccharides	0.614	Fatty acyl glycosides of mono- and disaccharides	0.614	Organic compounds; Organoheterocyclic compounds; Carbohydrates and carbohydrate conjugates; Lipids and lipid-like molecules; Alcohols and polyols; Ethers; Fatty acids and conjugates; Organic acids and derivatives; Carboxylic acids and derivatives; Primary alcohols; Organooxygen compounds; Unsaturated fatty acids; Hydroxy fatty acids; Jasmonic acids; Monocarboxylic acids and derivatives; Carboxylic acids; Hexoses; Monosaccharides; Acetals; Secondary alcohols; Fatty acyl glycosides; Carbonyl compounds; Heterocyclic fatty acids; Oxanes; Glycosyl compounds; O-glycosyl compounds; Polyols; Fatty acyl glycosides of mono- and disaccharides; Fatty Acyls; Organic oxides; Oxacyclic compounds; Hydrocarbon derivatives; Organic oxygen compounds; Chemical entities	427.156	318	5.306	816700079207236071	816699048326899800	816699048326899798	807	
1	C7H8N2O3	[M + H]+	C7H9N2O3+	Alkaloids	0.859	Nicotinic acid alkaloids	0.724	Pyridine alkaloids	0.718	Benzenoids	0.894	Benzene and substituted derivatives	0.899	Nitrobenzenes	0.841	Nitrophenyl ethers	0.812	Nitrophenyl ethers	0.812	Organic compounds; Nitrobenzenes; Alkyl aryl ethers; Anisoles; Ethers; Organonitrogen compounds; Aniline and substituted anilines; Organooxygen compounds; Organic nitro compounds; Organic oxoazanium compounds; Benzene and substituted derivatives; Phenol ethers; Benzenoids; Organic zwitterions; Organic 1,3-dipolar compounds; Allyl-type 1,3-dipolar organic compounds; Propargyl-type 1,3-dipolar organic compounds; Organic oxides; Methoxyanilines; Methoxybenzenes; C-nitro compounds; Hydrocarbon derivatives; Organopnictogen compounds; Organic oxygen compounds; Nitroaromatic compounds; Nitrophenyl ethers; Organic nitrogen compounds; Phenoxy compounds; Chemical entities	169.060	320	5.333	816700066645277712	816699048666638490	816699048666638489	811	
1	C22H33NO3	[M + H]+	C22H34NO3+	Terpenoids	0.565	Diterpenoids	0.386	Terpenoid alkaloids	0.029	Benzenoids	0.796	Benzene and substituted derivatives	0.540					Benzene and substituted derivatives	0.540	Organic compounds; Organic acids and derivatives; Carboxylic acids and derivatives; Organonitrogen compounds; Organooxygen compounds; Carboxylic acid derivatives; Monocarboxylic acids and derivatives; Carboxylic acid esters; Carbonyl compounds; Trialkylamines; Benzene and substituted derivatives; Benzenoids; Amines; Tertiary amines; Organic oxides; Hydrocarbon derivatives; Organopnictogen compounds; Organic oxygen compounds; Organic nitrogen compounds; Chemical entities	360.255	320	5.340	816700069136694909	816699048888936616	816699048888936615	813	
1	C12H27NO2	[M + H]+	C12H28NO2+	Fatty acids	0.900	Spingolipids	0.137	Sphingoid bases	0.411	Organic nitrogen compounds	1.000	Organonitrogen compounds	1.000	Amines	0.970	Alkanolamines	0.764	1,2-aminoalcohols	0.598	Organic compounds; Alcohols and polyols; Organonitrogen compounds; Primary alcohols; Organooxygen compounds; 1,2-aminoalcohols; Amines; Alkanolamines; Hydrocarbon derivatives; Organopnictogen compounds; Organic oxygen compounds; Organic nitrogen compounds; Chemical entities	218.210	324	5.393	816700069136694904	816699049132206259	816699049128011954	819	
1	C17H33N3O3	[M + H]+	C17H34N3O3+	Alkaloids	0.256	Ornithine alkaloids	0.192	Polyamines	0.030	Organic acids and derivatives	0.985	Carboxylic acids and derivatives	0.963	Amino acids, peptides, and analogues	0.902	Amino acids and derivatives	0.898	Amino acids and derivatives	0.898	Organic compounds; Organoheterocyclic compounds; Lipids and lipid-like molecules; Amino acids, peptides, and analogues; Oxazinanes; Ethers; Organic acids and derivatives; Carboxylic acids and derivatives; Organonitrogen compounds; Organooxygen compounds; Fatty amides; Amino acids and derivatives; Morpholines; Carboxylic acid amides; Carboxylic acid derivatives; N-acyl amines; Dialkyl ethers; Secondary carboxylic acid amides; Carbonyl compounds; Trialkylamines; Amines; Tertiary amines; Fatty Acyls; Organic oxides; Azacyclic compounds; Oxacyclic compounds; Hydrocarbon derivatives; Organopnictogen compounds; Organic oxygen compounds; Organic nitrogen compounds; Chemical entities	328.258	333	5.556	816700084051665170	816699050138839445	816699050138839444	843	
1	C13H22O2	[M + H]+	C13H23O2+	Terpenoids	0.958	Sesquiterpenoids	0.724	Caryophyllane sesquiterpenoids	0.090	Lipids and lipid-like molecules	0.715	Prenol lipids	0.582					Prenol lipids	0.582	Organic compounds; Lipids and lipid-like molecules; Alcohols and polyols; Prenol lipids; Organooxygen compounds; Carbonyl compounds; Organic oxides; Hydrocarbon derivatives; Organic oxygen compounds; Chemical entities	211.168	334	5.567	816700084659839664	816699050587630021	816699050587630020	850	
1	C24H44N12O9	[M + H]+	C24H45N12O9+	Amino acids and Peptides	0.834	Oligopeptides	0.972	Linear peptides	0.535	Organic acids and derivatives	0.990	Carboxylic acids and derivatives	0.950	Amino acids, peptides, and analogues	0.878	Amino acids and derivatives	0.859	N-acyl-alpha amino acids and derivatives	0.548	Organic compounds; Organoheterocyclic compounds; Lipids and lipid-like molecules; Amino acids, peptides, and analogues; Alpha amino acids and derivatives; Imidazoles; Alcohols and polyols; Organic acids and derivatives; Carboxylic acids and derivatives; Organonitrogen compounds; Organooxygen compounds; Fatty amides; Amino acids and derivatives; Hydroxamic acids; Azoles; Monoalkylamines; Carboxylic acid amides; Carboxylic acid derivatives; N-acyl amines; N-acyl-alpha amino acids and derivatives; Primary carboxylic acid amides; Secondary carboxylic acid amides; Carbonyl compounds; Substituted imidazoles; Amines; Primary amines; Fatty Acyls; Organic oxides; Azacyclic compounds; Hydrocarbon derivatives; Organopnictogen compounds; Organic oxygen compounds; Organic nitrogen compounds; Chemical entities	645.343	337	5.616	816700085679056158	816699050998671882	816699050998671881	855	
1	C24H44N12O9	[M + Na]+	C24H44N12NaO9+	Amino acids and Peptides	0.992	Oligopeptides	0.992	Linear peptides	0.597	Organic acids and derivatives	0.997	Carboxylic acids and derivatives	0.988	Amino acids, peptides, and analogues	0.992	Peptides	0.968	Oligopeptides	0.830	Organic compounds; Lipids and lipid-like molecules; Amino acids, peptides, and analogues; Alpha amino acids and derivatives; Alcohols and polyols; Organic acids and derivatives; Carboxylic acids and derivatives; Organonitrogen compounds; Primary alcohols; Organooxygen compounds; Fatty amides; Amino acids and derivatives; Peptides; Monoalkylamines; Carboxylic acid amides; Carboxylic acid derivatives; N-acyl amines; N-acyl-alpha amino acids and derivatives; Carboxylic acids; Secondary carboxylic acid amides; Carbonyl compounds; Alpha amino acid amides; N-acyl-alpha amino acids; Amines; Primary amines; Fatty Acyls; Organic oxides; Azacyclic compounds; Hydrocarbon derivatives; Amino acids; Serine and derivatives; Organopnictogen compounds; Organic oxygen compounds; Organic nitrogen compounds; Oligopeptides; Chemical entities	667.325	337	5.620	816700085058298773	816699051078363669	816699051078363668	858	
1	C15H28N4O6S	[M + Na]+	C15H28N4NaO6S+	Carbohydrates	0.813	Nucleosides	0.340	Aminoglycosides	0.284	Organoheterocyclic compounds	0.924	Azoles	0.593					Azoles	0.593	Organic compounds; Organoheterocyclic compounds; Organosulfur compounds; Alcohols and polyols; Organic acids and derivatives; Carboxylic acids and derivatives; Organonitrogen compounds; Organooxygen compounds; Azoles; Carboxylic acid derivatives; Secondary alcohols; Carbonyl compounds; Amines; Primary amines; Organic oxides; Azacyclic compounds; Hydrocarbon derivatives; Organopnictogen compounds; Organic oxygen compounds; Organic nitrogen compounds; Chemical entities	415.162	338	5.630	816700089399409053	816699051166444062	816699051166444061	862	
1	C6H17FN4O	[M + Na]+	C6H17FN4NaO+	Alkaloids	0.696	Ornithine alkaloids	0.422	Polyamines	0.233	Organohalogen compounds	0.937	Alkyl halides	0.790	Alkyl fluorides	0.698			Alkyl fluorides	0.698	Organic compounds; Organohalogen compounds; Organonitrogen compounds; Organooxygen compounds; Alkyl fluorides; Organofluorides; Alkyl halides; Hydrocarbon derivatives; Organopnictogen compounds; Organic oxygen compounds; Organic nitrogen compounds; Chemical entities	203.127	338	5.635	816700084051665181	816699051460045517	816699051460045516	869	
1	C24H44N4O4	[M + H]+	C24H45N4O4+	Amino acids and Peptides	0.921	Small peptides	0.463	Tripeptides	0.357	Organic acids and derivatives	0.994	Carboxylic acids and derivatives	0.975	Amino acids, peptides, and analogues	0.801	Amino acids and derivatives	0.774	Alpha amino acid amides	0.642	Organic compounds; Lipids and lipid-like molecules; Amino acids, peptides, and analogues; Alpha amino acids and derivatives; Organic acids and derivatives; Carboxylic acids and derivatives; Organonitrogen compounds; Organooxygen compounds; Fatty amides; Amino acids and derivatives; Carboxylic acid amides; Carboxylic acid derivatives; N-acyl amines; Secondary carboxylic acid amides; Carbonyl compounds; Alpha amino acid amides; Fatty Acyls; Organic oxides; Hydrocarbon derivatives; Organopnictogen compounds; Organic oxygen compounds; Organic nitrogen compounds; Chemical entities	453.342	342	5.704	816700088283723541	816699051967557143	816699051967557142	882	
1	C25H43N5O9	[M + Na]+	C25H43N5NaO9+	Amino acids and Peptides	0.964	Oligopeptides	0.858	Linear peptides	0.377	Organic acids and derivatives	0.996	Carboxylic acids and derivatives	0.991	Amino acids, peptides, and analogues	0.989	Peptides	0.920	Oligopeptides	0.674	Organic compounds; Lipids and lipid-like molecules; Amino acids, peptides, and analogues; Alpha amino acids and derivatives; Alcohols and polyols; Organic acids and derivatives; Carboxylic acids and derivatives; Organonitrogen compounds; Primary alcohols; Organooxygen compounds; Fatty amides; Amino acids and derivatives; Peptides; Monoalkylamines; Hydroxy acids and derivatives; Carboxylic acid amides; Carboxylic acid derivatives; N-acyl amines; Monocarboxylic acids and derivatives; N-acyl-alpha amino acids and derivatives; Carboxylic acids; Secondary alcohols; Secondary carboxylic acid amides; Carbonyl compounds; Alpha amino acid amides; N-acyl-alpha amino acids; Primary amines; Fatty Acyls; Organic oxides; Hydrocarbon derivatives; Serine and derivatives; Organopnictogen compounds; Organic oxygen compounds; Organic nitrogen compounds; Oligopeptides; Chemical entities	580.293	345	5.757	816700112828797693	816699052462485040	816699052462485039	899	
1	C25H43N5O9	[M + H]+	C25H44N5O9+	Amino acids and Peptides	0.510	Oligopeptides	0.497	Linear peptides	0.378	Organic acids and derivatives	0.998	Carboxylic acids and derivatives	0.992	Amino acids, peptides, and analogues	0.751	Amino acids and derivatives	0.731	N-acyl-alpha amino acids and derivatives	0.529	Organic compounds; Lipids and lipid-like molecules; Amino acids, peptides, and analogues; Alpha amino acids and derivatives; Alcohols and polyols; Fatty acids and conjugates; Organic acids and derivatives; Carboxylic acids and derivatives; Organonitrogen compounds; Organooxygen compounds; Fatty amides; Amino acids and derivatives; Hydroxamic acids; Carboxylic acid amides; Carboxylic acid derivatives; N-acyl amines; Monocarboxylic acids and derivatives; N-acyl-alpha amino acids and derivatives; Carboxylic acids; Primary carboxylic acid amides; Secondary carboxylic acid amides; Carbonyl compounds; Acetohydroxamic acids; Fatty Acyls; Acetamides; Organic oxides; Hydrocarbon derivatives; Organopnictogen compounds; Organic oxygen compounds; Organic nitrogen compounds; Chemical entities	558.311	345	5.758	816700096210959163	816699052554759733	816699052550565428	900	
1	C34H55N3O5	[M + H]+	C34H56N3O5+	Amino acids and Peptides	0.644	Oligopeptides	0.800	Microcolins and mirabimids	0.113	Organic acids and derivatives	0.992	Carboxylic acids and derivatives	0.979	Amino acids, peptides, and analogues	0.835	Amino acids and derivatives	0.820	Alpha amino acids and derivatives	0.503	Organic compounds; Organoheterocyclic compounds; Lipids and lipid-like molecules; Amino acids, peptides, and analogues; Alpha amino acids and derivatives; Organic acids and derivatives; Carboxylic acids and derivatives; Organonitrogen compounds; Organooxygen compounds; Fatty amides; Amino acids and derivatives; Carboxylic acid amides; Carboxylic acid derivatives; N-acyl amines; Secondary carboxylic acid amides; Tertiary carboxylic acid amides; Carbonyl compounds; Fatty Acyls; Organic oxides; Azacyclic compounds; Hydrocarbon derivatives; Organopnictogen compounds; Organic oxygen compounds; Organic nitrogen compounds; Chemical entities	586.422	349	5.813	816700102452086073	816699052999355990	816699052995161685	914	
1	C30H54BN5O5	[M + H]+	C30H55BN5O5+	Amino acids and Peptides	0.955	Oligopeptides	0.542	Tripeptides	0.249	Organic acids and derivatives	0.999	Carboxylic acids and derivatives	0.986	Amino acids, peptides, and analogues	0.976	Peptides	0.553	Peptides	0.553	Organic compounds; Lipids and lipid-like molecules; Amino acids, peptides, and analogues; Alpha amino acids and derivatives; Organic acids and derivatives; Carboxylic acids and derivatives; Organonitrogen compounds; Organooxygen compounds; Fatty amides; Amino acids and derivatives; Peptides; Boronic acids; Organometallic compounds; Carboxylic acid amides; Boronic acid derivatives; Carboxylic acid derivatives; N-acyl amines; N-acyl-alpha amino acids and derivatives; Organometalloid compounds; Primary carboxylic acid amides; Secondary carboxylic acid amides; Carbonyl compounds; Alpha amino acid amides; Organoboron compounds; Organic salts; Fatty Acyls; Organic oxides; Organic metalloid salts; Organic metal salts; Hydrocarbon derivatives; Valine and derivatives; Organopnictogen compounds; Alkylboranes; Monoalkylboranes; Organic oxygen compounds; Organic nitrogen compounds; Chemical entities	575.432	349	5.815	816700102053626937	816699053108407899	816699053108407898	911	
1	C23H44N4O4	[M + H]+	C23H45N4O4+	Amino acids and Peptides	0.969	Small peptides	0.886	Tripeptides	0.774	Organic acids and derivatives	0.998	Carboxylic acids and derivatives	0.994	Amino acids, peptides, and analogues	0.972	Amino acids and derivatives	0.967	N-acyl-alpha amino acids and derivatives	0.669	Organic compounds; Organoheterocyclic compounds; Lipids and lipid-like molecules; Amino acids, peptides, and analogues; Alpha amino acids and derivatives; Ethers; Organic acids and derivatives; Carboxylic acids and derivatives; Organonitrogen compounds; Organooxygen compounds; Fatty amides; Amino acids and derivatives; Carboxylic acid amides; Carboxylic acid derivatives; N-acyl amines; Dialkyl ethers; N-acyl-alpha amino acids and derivatives; Secondary carboxylic acid amides; Carbonyl compounds; Alpha amino acid amides; Amines; Tertiary amines; Fatty Acyls; Organic oxides; Azacyclic compounds; Hydrocarbon derivatives; Valine and derivatives; Leucine and derivatives; Organopnictogen compounds; Organic oxygen compounds; Organic nitrogen compounds; Chemical entities	441.342	350	5.827	816700098475884052	816699053406203498	816699053406203497	919	
1	C30H55N5O5	[M + H]+	C30H56N5O5+	Amino acids and Peptides	0.987	Small peptides	0.519	Tripeptides	0.704	Organic acids and derivatives	0.998	Carboxylic acids and derivatives	0.996	Amino acids, peptides, and analogues	0.986	Peptides	0.780	Dipeptides	0.510	Organic compounds; Lipids and lipid-like molecules; Amino acids, peptides, and analogues; Alpha amino acids and derivatives; Organic acids and derivatives; Carboxylic acids and derivatives; Organonitrogen compounds; Organooxygen compounds; Fatty amides; Amino acids and derivatives; Peptides; Carboxylic acid amides; Carboxylic acid derivatives; N-acyl amines; N-acyl-alpha amino acids and derivatives; Primary carboxylic acid amides; Secondary carboxylic acid amides; Carbonyl compounds; Alpha amino acid amides; Fatty Acyls; Organic oxides; Hydrocarbon derivatives; Valine and derivatives; Leucine and derivatives; Organopnictogen compounds; Organic oxygen compounds; Organic nitrogen compounds; Dipeptides; Chemical entities	566.426	350	5.841	816700101743248254	816699053657861755	816699053657861754	923	
1	C28H30N4O7	[M + H]+	C28H31N4O7+	Amino acids and Peptides	0.998	Small peptides	0.860	Tripeptides	0.969	Organic acids and derivatives	1.000	Carboxylic acids and derivatives	1.000	Amino acids, peptides, and analogues	0.999	Peptides	0.989	Oligopeptides	0.949	Organic compounds; Lipids and lipid-like molecules; Amino acids, peptides, and analogues; Alpha amino acids and derivatives; Phenethylamines; Amphetamines and derivatives; Phenylpropanoids and polyketides; Organic acids and derivatives; Carboxylic acids and derivatives; Organonitrogen compounds; Organooxygen compounds; Fatty amides; Amino acids and derivatives; Peptides; Carboxylic acid amides; Carboxylic acid derivatives; Monocarboxylic acids and derivatives; N-acyl-alpha amino acids and derivatives; Carboxylic acids; Secondary carboxylic acid amides; Carbonyl compounds; Benzene and substituted derivatives; Alpha amino acid amides; N-acyl-alpha amino acids; Benzenoids; Phenylpropanoic acids; Fatty Acyls; Organic oxides; Hydrocarbon derivatives; Phenylalanine and derivatives; Organopnictogen compounds; Organic oxygen compounds; Organic nitrogen compounds; Oligopeptides; Chemical entities	535.217	356	5.937	816700101252514449	816699054295396057	816699054295396056	939	
1	C27H34O11	[M + Na]+	C27H34NaO11+	Terpenoids	0.633	Triterpenoids	0.334	Limonoids	0.180	Benzenoids	0.578							Benzenoids	0.578	Organic compounds; Organoheterocyclic compounds; Lipids and lipid-like molecules; Lactones; Ketones; Alcohols and polyols; Ethers; Organic acids and derivatives; Carboxylic acids and derivatives; Organooxygen compounds; Carboxylic acid derivatives; Carboxylic acid esters; Secondary alcohols; Carbonyl compounds; Oxanes; Benzenoids; Organic oxides; Oxacyclic compounds; Hydrocarbon derivatives; Organic oxygen compounds; Chemical entities	557.199	356	5.940	816700109464965147	816699054404447966	816699054404447965	940	
1	C25H42N6O2	[M + H]+	C25H43N6O2+	Alkaloids	0.293	Small peptides	0.046	Tripeptides	0.030	Organic acids and derivatives	0.985	Carboxylic acids and derivatives	0.965	Amino acids, peptides, and analogues	0.852	Amino acids and derivatives	0.850	Amino acids and derivatives	0.850	Organic compounds; Organoheterocyclic compounds; Lipids and lipid-like molecules; Amino acids, peptides, and analogues; Pyrimidines and pyrimidine derivatives; Oxazinanes; Ethers; Organic acids and derivatives; Carboxylic acids and derivatives; Organonitrogen compounds; Organooxygen compounds; Fatty amides; Amino acids and derivatives; Morpholines; Azoles; Carboxylic acid amides; Carboxylic acid derivatives; Dialkyl ethers; Diazines; Secondary carboxylic acid amides; Carbonyl compounds; Trialkylamines; Amines; Tertiary amines; Fatty Acyls; Organic oxides; Azacyclic compounds; Oxacyclic compounds; Heteroaromatic compounds; Hydrocarbon derivatives; Organopnictogen compounds; Organic oxygen compounds; Organic nitrogen compounds; Chemical entities	459.346	357	5.952	816700103253198613	816699055297834723	816699055297834722	946	
1	C30H55N5O5	[M + H]+	C30H56N5O5+	Amino acids and Peptides	0.985	Small peptides	0.609	Tripeptides	0.684	Organic acids and derivatives	0.998	Carboxylic acids and derivatives	0.996	Amino acids, peptides, and analogues	0.987	Peptides	0.794	Dipeptides	0.653	Organic compounds; Lipids and lipid-like molecules; Amino acids, peptides, and analogues; Alpha amino acids and derivatives; Organic acids and derivatives; Carboxylic acids and derivatives; Organonitrogen compounds; Organooxygen compounds; Fatty amides; Amino acids and derivatives; Peptides; Carboxylic acid amides; Carboxylic acid derivatives; N-acyl amines; N-acyl-alpha amino acids and derivatives; Secondary carboxylic acid amides; Carbonyl compounds; Alpha amino acid amides; Fatty Acyls; Organic oxides; Hydrocarbon derivatives; Valine and derivatives; Leucine and derivatives; Organopnictogen compounds; Organic oxygen compounds; Organic nitrogen compounds; Dipeptides; Chemical entities	566.426	363	6.043	816700106784803955	816699056098946879	816699056098946878	972	
1	C22H38N4O7	[M + Na]+	C22H38N4NaO7+	Amino acids and Peptides	0.999	Small peptides	0.987	Tripeptides	0.760	Organic acids and derivatives	1.000	Carboxylic acids and derivatives	1.000	Amino acids, peptides, and analogues	1.000	Peptides	0.993	Oligopeptides	0.911	Organic compounds; Organoheterocyclic compounds; Amino acids, peptides, and analogues; Alpha amino acids and derivatives; Pyrrolidines; Organic acids and derivatives; Carboxylic acids and derivatives; Organonitrogen compounds; Organooxygen compounds; Amino acids and derivatives; Peptides; Carboxylic acid amides; Carboxylic acid derivatives; Monocarboxylic acids and derivatives; N-acyl-alpha amino acids and derivatives; Carboxylic acids; Secondary carboxylic acid amides; Tertiary carboxylic acid amides; Carbonyl compounds; Pyrrolidine carboxylic acids and derivatives; Pyrrolidinecarboxamides; Alpha amino acid amides; N-acyl-alpha amino acids; Pyrrolidine carboxylic acids; Amines; N-acylpyrrolidines; Organic oxides; Azacyclic compounds; Hydrocarbon derivatives; Amino acids; Proline and derivatives; Organopnictogen compounds; Organic oxygen compounds; Organic nitrogen compounds; Oligopeptides; Chemical entities	493.261	363	6.044	816700103634880506	816699056187027269	816699056187027268	975	
1	C18H33N3O3	[M + H]+	C18H34N3O3+	Amino acids and Peptides	0.942	Small peptides	0.970	Tripeptides	0.714	Organic acids and derivatives	0.999	Carboxylic acids and derivatives	0.998	Amino acids, peptides, and analogues	0.968	Amino acids and derivatives	0.964	N-acyl-alpha amino acids and derivatives	0.849	Organic compounds; Organoheterocyclic compounds; Lipids and lipid-like molecules; Amino acids, peptides, and analogues; Alpha amino acids and derivatives; Organic acids and derivatives; Carboxylic acids and derivatives; Organonitrogen compounds; Organooxygen compounds; Fatty amides; Amino acids and derivatives; Carboxylic acid amides; Carboxylic acid derivatives; N-acyl amines; N-acyl-alpha amino acids and derivatives; Secondary carboxylic acid amides; Carbonyl compounds; Alpha amino acid amides; Fatty Acyls; Organic oxides; Heteroaromatic compounds; Hydrocarbon derivatives; Valine and derivatives; Leucine and derivatives; Organopnictogen compounds; Organic oxygen compounds; Organic nitrogen compounds; Chemical entities	340.258	363	6.048	816700105643952983	816699056916836340	816699056916836339	983	
1	C7H10BN3O3	[M + H]+	C7H11BN3O3+	Amino acids and Peptides	0.233	Small peptides	0.285	Pinane monoterpenoids	0.258	Organic acids and derivatives	0.772	Boronic acid derivatives	0.682	Boronic acids	0.715			Boronic acids	0.715	Organic compounds; Organoheterocyclic compounds; Organic acids and derivatives; Organonitrogen compounds; Organooxygen compounds; Boronic acids; Organometallic compounds; Boronic acid derivatives; Organometalloid compounds; Organoboron compounds; Organic salts; Organic metalloid salts; Organic metal salts; Hydrocarbon derivatives; Organic oxygen compounds; Organic nitrogen compounds; Chemical entities	195.092	363	6.051	816700105186773667	816699057382404141	816699057378209836	953	
1	C22H38N4O7	[M + H]+	C22H39N4O7+	Amino acids and Peptides	0.992	Small peptides	0.941	Tripeptides	0.906	Organic acids and derivatives	1.000	Carboxylic acids and derivatives	0.999	Amino acids, peptides, and analogues	0.994	Peptides	0.978	Oligopeptides	0.926	Organic compounds; Organoheterocyclic compounds; Lipids and lipid-like molecules; Amino acids, peptides, and analogues; Alpha amino acids and derivatives; Pyrrolidines; Fatty acids and conjugates; Organic acids and derivatives; Carboxylic acids and derivatives; Organonitrogen compounds; Organooxygen compounds; Fatty amides; Amino acids and derivatives; Peptides; Monoalkylamines; Carboxylic acid amides; Carboxylic acid derivatives; N-acyl amines; Monocarboxylic acids and derivatives; N-acyl-alpha amino acids and derivatives; Carboxylic acids; Secondary carboxylic acid amides; Tertiary carboxylic acid amides; Carbonyl compounds; Pyrrolidine carboxylic acids and derivatives; Pyrrolidinecarboxamides; Alpha amino acid amides; N-acyl-alpha amino acids; Pyrrolidine carboxylic acids; Amines; Primary amines; N-acylpyrrolidines; Fatty Acyls; Organic oxides; Azacyclic compounds; Hydrocarbon derivatives; Amino acids; Proline and derivatives; Organopnictogen compounds; Organic oxygen compounds; Organic nitrogen compounds; Oligopeptides; Chemical entities	471.280	363	6.052	816700107359423841	816699057529204895	816699057529204892	993	
1	C19H36N6O4	[M + H]+	C19H37N6O4+	Amino acids and Peptides	0.992	Small peptides	0.940	Tripeptides	0.935	Organic acids and derivatives	0.995	Carboxylic acids and derivatives	0.988	Amino acids, peptides, and analogues	0.989	Peptides	0.855	Dipeptides	0.616	Organic compounds; Lipids and lipid-like molecules; Amino acids, peptides, and analogues; Alpha amino acids and derivatives; Organic acids and derivatives; Carboxylic acids and derivatives; Organonitrogen compounds; Organooxygen compounds; Fatty amides; Amino acids and derivatives; Peptides; Guanidines; Monoalkylamines; Carboxylic acid amides; Carboxylic acid derivatives; N-acyl amines; N-acyl-alpha amino acids and derivatives; Primary carboxylic acid amides; Secondary carboxylic acid amides; Carbonyl compounds; Alpha amino acid amides; Amines; Primary amines; Carboximidamides; Fatty Acyls; Organic oxides; Hydrocarbon derivatives; Organopnictogen compounds; Organic oxygen compounds; Organic nitrogen compounds; Dipeptides; Chemical entities	413.287	364	6.071	816700110807142768	816699063724192089	816699063724192088	998	
1	C6H14N2O5	[M + H]+	C6H15N2O5+	Amino acids and Peptides	0.890	Small peptides	0.749	Aminoacids	0.648	Organic oxygen compounds	1.000	Organooxygen compounds	0.999	Carbohydrates and carbohydrate conjugates	0.736	Monosaccharides	0.668	Monosaccharides	0.668	Organic compounds; Carbohydrates and carbohydrate conjugates; Lipids and lipid-like molecules; Alcohols and polyols; Fatty acids and conjugates; Organic acids and derivatives; Carboxylic acids and derivatives; Organonitrogen compounds; Organooxygen compounds; Monoalkylamines; Carboxylic acids; Monosaccharides; Secondary alcohols; Carbonyl compounds; Polyols; Fatty Acyls; Organic oxides; Hydrocarbon derivatives; Organopnictogen compounds; Organic oxygen compounds; Organic nitrogen compounds; Chemical entities	195.097	365	6.085	816700111822164524	816699064282034572	816699064282034571	1004	
1	C18H33N3O3	[M + H]+	C18H34N3O3+	Amino acids and Peptides	0.985	Small peptides	0.983	Tripeptides	0.895	Organic acids and derivatives	1.000	Carboxylic acids and derivatives	1.000	Amino acids, peptides, and analogues	0.997	Amino acids and derivatives	0.997	N-acyl-alpha amino acids and derivatives	0.884	Organic compounds; Organoheterocyclic compounds; Lipids and lipid-like molecules; Amino acids, peptides, and analogues; Alpha amino acids and derivatives; Ethers; Organic acids and derivatives; Carboxylic acids and derivatives; Organonitrogen compounds; Organooxygen compounds; Fatty amides; Amino acids and derivatives; Carboxylic acid amides; Carboxylic acid derivatives; N-acyl amines; Dialkyl ethers; N-acyl-alpha amino acids and derivatives; Secondary carboxylic acid amides; Carbonyl compounds; Alpha amino acid amides; Fatty Acyls; Organic oxides; Oxacyclic compounds; Hydrocarbon derivatives; Leucine and derivatives; Organopnictogen compounds; Organic oxygen compounds; Organic nitrogen compounds; Chemical entities	340.258	366	6.096	816700114523297028	816699064382697883	816699064378503578	1031	
1	C17H30N6O2	[M + H]+	C17H31N6O2+	Alkaloids	0.696	Pseudoalkaloids (transamidation)	0.073	Purine alkaloids	0.062	Organoheterocyclic compounds	0.999	Oxazinanes	0.970	Morpholines	0.975			Morpholines	0.975	Organic compounds; Organoheterocyclic compounds; Oxazinanes; Ethers; Organonitrogen compounds; Organooxygen compounds; Morpholines; Azoles; Dialkyl ethers; Trialkylamines; Amines; Tertiary amines; Azacyclic compounds; Oxacyclic compounds; Heteroaromatic compounds; Hydrocarbon derivatives; Organopnictogen compounds; Organic oxygen compounds; Organic nitrogen compounds; Chemical entities	351.249	366	6.100	816700122756717080	816699065003454974	816699065003454973	1046	
1	C21H30N2O3	[M + H]+	C21H31N2O3+	Amino acids and Peptides	0.513	Small peptides	0.162	Dipeptides	0.053	Benzenoids	0.635							Benzenoids	0.635	Organic compounds; Lipids and lipid-like molecules; Organic acids and derivatives; Carboxylic acids and derivatives; Organonitrogen compounds; Organooxygen compounds; Carbonyl compounds; Benzenoids; Amines; Organic oxides; Hydrocarbon derivatives; Organopnictogen compounds; Organic oxygen compounds; Organic nitrogen compounds; Chemical entities	359.232	367	6.112	816700121678780381	816699065116701197	816699065112506892	1057	
1	C14H31NO2	[M + H]+	C14H32NO2+	Fatty acids	0.998	Fatty amides	0.773	Sphingoid bases	0.877	Organic nitrogen compounds	1.000	Organonitrogen compounds	0.999	Amines	0.779	Alkanolamines	0.867	1,2-aminoalcohols	0.645	Organic compounds; Alcohols and polyols; Organonitrogen compounds; Primary alcohols; Organooxygen compounds; 1,2-aminoalcohols; Amines; Alkanolamines; Hydrocarbon derivatives; Organopnictogen compounds; Organic oxygen compounds; Organic nitrogen compounds; Chemical entities	246.242	368	6.135	816700125839531624	816699065502577215	816699065502577214	1014	
1	C7H12F2O2	[M + H]+	C7H13F2O2+	Fatty acids	0.881	Fatty Acids and Conjugates	0.556	Halogenated fatty acids	0.676	Organic oxygen compounds	0.999	Organooxygen compounds	0.998	Ethers	0.796	Dialkyl ethers	0.608	Dialkyl ethers	0.608	Organic compounds; Ethers; Organohalogen compounds; Organooxygen compounds; Dialkyl ethers; Organofluorides; Alkyl halides; Hydrocarbon derivatives; Organic oxygen compounds; Chemical entities	167.088	368	6.138	816700124514131186	816699065594851922	816699065594851921	1015	
1	C20H41N3O	[M + H]+	C20H42N3O+	Terpenoids	0.205	Fatty amides	0.186	N-acyl amines	0.091	Organic acids and derivatives	0.984	Organic carbonic acids and derivatives	0.888	Ureas	0.922			Ureas	0.922	Organic compounds; Organic acids and derivatives; Organonitrogen compounds; Organooxygen compounds; Organic carbonic acids and derivatives; Ureas; Carbonyl compounds; Organic oxides; Hydrocarbon derivatives; Organopnictogen compounds; Organic oxygen compounds; Organic nitrogen compounds; Chemical entities	340.334	371	6.178	816700126376402761	816699065892647565	816699065892647564	1032	
1	C28H52N10O8	[M + Na]+	C28H52N10NaO8+	Amino acids and Peptides	0.986	Oligopeptides	0.934	Linear peptides	0.852	Organic acids and derivatives	0.993	Carboxylic acids and derivatives	0.975	Amino acids, peptides, and analogues	0.973	Peptides	0.654	Peptides	0.654	Organic compounds; Lipids and lipid-like molecules; Amino acids, peptides, and analogues; Alpha amino acids and derivatives; Alcohols and polyols; Organic acids and derivatives; Carboxylic acids and derivatives; Organonitrogen compounds; Organooxygen compounds; Fatty amides; Amino acids and derivatives; Peptides; Monoalkylamines; Carboxylic acid amides; Carboxylic acid derivatives; N-acyl amines; N-acyl-alpha amino acids and derivatives; Primary carboxylic acid amides; Secondary carboxylic acid amides; Carbonyl compounds; Alpha amino acid amides; Amines; Primary amines; Fatty Acyls; Organic oxides; Hydrocarbon derivatives; Organopnictogen compounds; Organic oxygen compounds; Organic nitrogen compounds; Chemical entities	679.390	371	6.190	816700253371561935	816699066098168484	816699066098168483	1055	
1	C21H39N3O4	[M + H]+	C21H40N3O4+	Amino acids and Peptides	0.926	Small peptides	0.907	Tripeptides	0.737	Organic acids and derivatives	0.998	Carboxylic acids and derivatives	0.997	Amino acids, peptides, and analogues	0.977	Amino acids and derivatives	0.974	N-acyl-alpha amino acids and derivatives	0.646	Organic compounds; Organoheterocyclic compounds; Lipids and lipid-like molecules; Amino acids, peptides, and analogues; Alpha amino acids and derivatives; Oxazinanes; Ethers; Organic acids and derivatives; Carboxylic acids and derivatives; Organonitrogen compounds; Organooxygen compounds; Fatty amides; Amino acids and derivatives; Morpholines; Carboxylic acid amides; Carboxylic acid derivatives; N-acyl amines; Dialkyl ethers; N-acyl-alpha amino acids and derivatives; Secondary carboxylic acid amides; Carbonyl compounds; Trialkylamines; Alpha amino acid amides; Amines; Tertiary amines; Fatty Acyls; Organic oxides; Azacyclic compounds; Oxacyclic compounds; Hydrocarbon derivatives; Leucine and derivatives; Organopnictogen compounds; Organic oxygen compounds; Organic nitrogen compounds; Chemical entities	398.305	372	6.206	816700145645038001	816699067088024328	816699067088024327	1094	
1	C14H24N2O7S2	[M + H]+	C14H25N2O7S2+	Fatty acids	0.584	Small peptides	0.295	N-acyl amines	0.454	Organic acids and derivatives	1.000	Carboxylic acids and derivatives	0.984	Amino acids, peptides, and analogues	0.576	Amino acids and derivatives	0.574	Amino acids	0.550	Organic compounds; Organosulfur compounds; Lipids and lipid-like molecules; Amino acids, peptides, and analogues; Fatty acids and conjugates; Organic acids and derivatives; Carboxylic acids and derivatives; Organosulfonic acids and derivatives; Organonitrogen compounds; Organooxygen compounds; Fatty amides; Amino acids and derivatives; Carboxylic acid amides; Carboxylic acid derivatives; N-acyl amines; Monocarboxylic acids and derivatives; Sulfonyls; Organosulfonic acids; Carboxylic acids; Secondary carboxylic acid amides; Carbonyl compounds; Amines; Medium-chain fatty acids; Alkanesulfonic acids and derivatives; Alkanesulfonic acids; Fatty Acyls; Organic oxides; Hydrocarbon derivatives; Amino acids; Organic sulfonic acids and derivatives; Organopnictogen compounds; Organic oxygen compounds; Organic nitrogen compounds; Chemical entities	397.108	372	6.206	816700168218786428	816699067297739545	816699067297739544	1095	
1	C21H44BN3O3	[M + H]+	C21H45BN3O3+	Amino acids and Peptides	0.686	Small peptides	0.820	Tripeptides	0.111	Organic acids and derivatives	0.996	Carboxylic acids and derivatives	0.938	Amino acids, peptides, and analogues	0.862	Amino acids and derivatives	0.852	N-acyl-alpha amino acids and derivatives	0.656	Organic compounds; Lipids and lipid-like molecules; Amino acids, peptides, and analogues; Alpha amino acids and derivatives; Organic acids and derivatives; Carboxylic acids and derivatives; Organonitrogen compounds; Organooxygen compounds; Fatty amides; Amino acids and derivatives; Boronic acids; Organometallic compounds; Carboxylic acid amides; Boronic acid derivatives; Carboxylic acid derivatives; N-acyl amines; N-acyl-alpha amino acids and derivatives; Organometalloid compounds; Secondary carboxylic acid amides; Carbonyl compounds; Alpha amino acid amides; Organoboron compounds; Organic salts; Fatty Acyls; Organic oxides; Organic metalloid salts; Organic metal salts; Hydrocarbon derivatives; Alkylboranes; Monoalkylboranes; Organic oxygen compounds; Organic nitrogen compounds; Chemical entities	397.358	373	6.214	816700140297300289	816699067914302278	816699067914302277	1088	
1	C7H12F2O2	[M + H]+	C7H13F2O2+	Fatty acids	0.765	Fatty Acids and Conjugates	0.247	Halogenated fatty acids	0.267	Benzenoids	0.609	Benzene and substituted derivatives	0.822	Halobenzenes	0.777	Fluorobenzenes	0.737	Fluorobenzenes	0.737	Organic compounds; Halobenzenes; Ethers; Organohalogen compounds; Organooxygen compounds; Aryl fluorides; Fluorobenzenes; Dialkyl ethers; Organofluorides; Benzene and substituted derivatives; Benzenoids; Alkyl halides; Hydrocarbon derivatives; Organic oxygen compounds; Chemical entities	167.088	378	6.302	816700146299349593	816699068618945448	816699068618945447	1114	
1	C25H46N2O5	[M + H]+	C25H47N2O5+	Amino acids and Peptides	0.232	Linear polyketides	0.162	Open-chain polyketides	0.154	Organic acids and derivatives	0.992	Carboxylic acids and derivatives	0.985	Amino acids, peptides, and analogues	0.885	Amino acids and derivatives	0.883	Amino acids and derivatives	0.883	Organic compounds; Organoheterocyclic compounds; Lipids and lipid-like molecules; Amino acids, peptides, and analogues; Oxazinanes; Ethers; Organic acids and derivatives; Carboxylic acids and derivatives; Organonitrogen compounds; Organooxygen compounds; Amino acids and derivatives; Morpholines; Carboxylic acid amides; Carboxylic acid derivatives; Monocarboxylic acids and derivatives; Dialkyl ethers; Carboxylic acid esters; Secondary carboxylic acid amides; Carbonyl compounds; Trialkylamines; Amines; Tertiary amines; Fatty Acyls; Organic oxides; Azacyclic compounds; Oxacyclic compounds; Hydrocarbon derivatives; Organopnictogen compounds; Organic oxygen compounds; Organic nitrogen compounds; Chemical entities	455.347	380	6.330	816700145980582400	816699069025792972	816699069025792971	1140	
1	C27H42O5	[M + H3N + H]+	C27H46NO5+	Terpenoids	0.971	Steroids	0.733	Ergostane steroids	0.084	Lipids and lipid-like molecules	0.968	Steroids and steroid derivatives	0.825	Oxosteroids	0.691	3-oxosteroids	0.612	3-oxosteroids	0.612	Organic compounds; Lipids and lipid-like molecules; Ketones; Alcohols and polyols; Steroids and steroid derivatives; Organic acids and derivatives; Carboxylic acids and derivatives; Organooxygen compounds; Monocarboxylic acids and derivatives; Oxosteroids; Carboxylic acid esters; Carbonyl compounds; 3-oxosteroids; Cyclic ketones; Organic oxides; Hydrocarbon derivatives; Organic oxygen compounds; Chemical entities	464.333	380	6.331	816700140012087519	816699069227119576	816699069227119575	1143	
1	C27H52N2O3	[M + H]+	C27H53N2O3+	Fatty acids	0.974	Fatty amides	0.669	N-acyl ethanolamines (endocannabinoids)	0.253	Lipids and lipid-like molecules	0.924	Fatty Acyls	0.918	Fatty amides	0.844	N-acyl amines	0.868	N-acyl amines	0.868	Organic compounds; Lipids and lipid-like molecules; Organic acids and derivatives; Carboxylic acids and derivatives; Organonitrogen compounds; Organooxygen compounds; Fatty amides; Carboxylic acid amides; Carboxylic acid derivatives; N-acyl amines; Secondary carboxylic acid amides; Carbonyl compounds; Amines; Fatty Acyls; Organic oxides; Hydrocarbon derivatives; Organopnictogen compounds; Organic oxygen compounds; Organic nitrogen compounds; Chemical entities	453.403	380	6.331	816700154008481965	816699069432640483	816699069428446178	1146	
1	C20H41N5O8	[M + H]+	C20H42N5O8+	Amino acids and Peptides	0.880	Oligopeptides	0.675	Cyclic peptides	0.519	Organic acids and derivatives	0.997	Carboxylic acids and derivatives	0.991	Amino acids, peptides, and analogues	0.845	Amino acids and derivatives	0.827	N-acyl-alpha amino acids and derivatives	0.736	Organic compounds; Lipids and lipid-like molecules; Amino acids, peptides, and analogues; Alpha amino acids and derivatives; Alcohols and polyols; Fatty acids and conjugates; Organic acids and derivatives; Carboxylic acids and derivatives; Organonitrogen compounds; Organooxygen compounds; Fatty amides; Amino acids and derivatives; Hydroxamic acids; Monoalkylamines; Carboxylic acid amides; Carboxylic acid derivatives; N-acyl amines; Monocarboxylic acids and derivatives; N-acyl-alpha amino acids and derivatives; Carboxylic acids; Primary carboxylic acid amides; Secondary carboxylic acid amides; Carbonyl compounds; Alpha amino acid amides; Primary amines; Fatty Acyls; Organic oxides; Hydrocarbon derivatives; Organopnictogen compounds; Organic oxygen compounds; Organic nitrogen compounds; Chemical entities	480.302	380	6.333	816700160983611056	816699069650744303	816699069650744302	1152	
1	C11H23Br2N5O3	[M + Na]+	C11H23Br2N5NaO3+	Alkaloids	0.295	Ornithine alkaloids	0.316	Polyamines	0.510	Organic acids and derivatives	0.986	Carboxylic acids and derivatives	0.963	Amino acids, peptides, and analogues	0.784	Amino acids and derivatives	0.774	Alpha amino acids and derivatives	0.516	Organic compounds; Lipids and lipid-like molecules; Amino acids, peptides, and analogues; Alpha amino acids and derivatives; Organic acids and derivatives; Carboxylic acids and derivatives; Organohalogen compounds; Organonitrogen compounds; Organooxygen compounds; Fatty amides; Amino acids and derivatives; Guanidines; Monoalkylamines; Carboxylic acid amides; Alkyl bromides; Carboxylic acid derivatives; N-acyl amines; Organobromides; Secondary carboxylic acid amides; Carbonyl compounds; Amines; Primary amines; Alkyl halides; Carboximidamides; Organic 1,3-dipolar compounds; Propargyl-type 1,3-dipolar organic compounds; Fatty Acyls; Organic oxides; Hydrocarbon derivatives; Organopnictogen compounds; Organic oxygen compounds; Organic nitrogen compounds; Chemical entities	454.002	380	6.339	816700177341400472	816699070170838027	816699070170838026	1163	
1	C24H44N4O4	[M + H]+	C24H45N4O4+	Amino acids and Peptides	0.933	Small peptides	0.812	Tripeptides	0.720	Organic acids and derivatives	0.999	Carboxylic acids and derivatives	0.995	Amino acids, peptides, and analogues	0.956	Peptides	0.564	Dipeptides	0.550	Organic compounds; Lipids and lipid-like molecules; Amino acids, peptides, and analogues; Alpha amino acids and derivatives; Organic acids and derivatives; Carboxylic acids and derivatives; Organonitrogen compounds; Organooxygen compounds; Fatty amides; Amino acids and derivatives; Peptides; Carboxylic acid amides; Carboxylic acid derivatives; N-acyl amines; N-acyl-alpha amino acids and derivatives; Secondary carboxylic acid amides; Carbonyl compounds; Alpha amino acid amides; Fatty Acyls; Organic oxides; Hydrocarbon derivatives; Leucine and derivatives; Organopnictogen compounds; Organic oxygen compounds; Organic nitrogen compounds; Dipeptides; Chemical entities	453.342	381	6.345	816700159016481981	816699070342804501	816699070342804500	1145	
1	C24H44N4O4	[M + H]+	C24H45N4O4+	Amino acids and Peptides	0.955	Small peptides	0.778	Tripeptides	0.701	Organic acids and derivatives	0.998	Carboxylic acids and derivatives	0.995	Amino acids, peptides, and analogues	0.970	Peptides	0.573	Dipeptides	0.538	Organic compounds; Lipids and lipid-like molecules; Amino acids, peptides, and analogues; Alpha amino acids and derivatives; Organic acids and derivatives; Carboxylic acids and derivatives; Organonitrogen compounds; Organooxygen compounds; Fatty amides; Amino acids and derivatives; Peptides; Carboxylic acid amides; Carboxylic acid derivatives; N-acyl amines; N-acyl-alpha amino acids and derivatives; Secondary carboxylic acid amides; Carbonyl compounds; Alpha amino acid amides; Fatty Acyls; Organic oxides; Hydrocarbon derivatives; Leucine and derivatives; Organopnictogen compounds; Organic oxygen compounds; Organic nitrogen compounds; Dipeptides; Chemical entities	453.342	384	6.398	816700160950056605	816699071072613443	816699071072613442	1222	
1	C27H45NO5	[M + H]+	C27H46NO5+	Alkaloids	0.858	Pseudoalkaloids (transamidation)	0.840	Steroidal alkaloids	0.377	Organic acids and derivatives	0.793	Carboxylic acids and derivatives	0.777	Amino acids, peptides, and analogues	0.584	Amino acids and derivatives	0.583	Amino acids and derivatives	0.583	Organic compounds; Organoheterocyclic compounds; Lipids and lipid-like molecules; Amino acids, peptides, and analogues; Oxazinanes; Ketones; Ethers; Organic acids and derivatives; Carboxylic acids and derivatives; Organonitrogen compounds; Organooxygen compounds; Amino acids and derivatives; Morpholines; Carboxylic acid derivatives; Monocarboxylic acids and derivatives; Dialkyl ethers; Carboxylic acid esters; Carbonyl compounds; Trialkylamines; Amines; Tertiary amines; Organic oxides; Azacyclic compounds; Oxacyclic compounds; Hydrocarbon derivatives; Organopnictogen compounds; Organic oxygen compounds; Organic nitrogen compounds; Chemical entities	464.333	384	6.399	816700162451617974	816699071265551451	816699071265551450	1225	
1	C18H33N3O3	[M + H]+	C18H34N3O3+	Amino acids and Peptides	0.452	Small peptides	0.567	Tripeptides	0.092	Organic acids and derivatives	0.997	Carboxylic acids and derivatives	0.996	Amino acids, peptides, and analogues	0.987	Amino acids and derivatives	0.987	Alpha amino acid amides	0.759	Organic compounds; Organoheterocyclic compounds; Lipids and lipid-like molecules; Amino acids, peptides, and analogues; Alpha amino acids and derivatives; Oxazinanes; Ethers; Organic acids and derivatives; Carboxylic acids and derivatives; Organonitrogen compounds; Organooxygen compounds; Fatty amides; Amino acids and derivatives; Morpholines; Carboxylic acid amides; Carboxylic acid derivatives; N-acyl amines; Dialkyl ethers; Secondary carboxylic acid amides; Carbonyl compounds; Trialkylamines; Alpha amino acid amides; Amines; Tertiary amines; Fatty Acyls; Organic oxides; Azacyclic compounds; Oxacyclic compounds; Hydrocarbon derivatives; Organopnictogen compounds; Organic oxygen compounds; Organic nitrogen compounds; Chemical entities	340.259	386	6.431	816700162577447116	816699071542375552	816699071538181247	1201	
1	C10H11FO	[M + H]+	C10H12FO+	Shikimates and Phenylpropanoids	0.407	Phenylpropanoids (C6-C3)	0.036	Phenylalanine-derived alkaloids	0.013	Benzenoids	1.000	Benzene and substituted derivatives	0.999	Halobenzenes	0.987	Fluorobenzenes	0.986	Fluorobenzenes	0.986	Organic compounds; Halobenzenes; Ethers; Organohalogen compounds; Organooxygen compounds; Aryl fluorides; Fluorobenzenes; Dialkyl ethers; Organofluorides; Benzene and substituted derivatives; Benzenoids; Aryl halides; Hydrocarbon derivatives; Organic oxygen compounds; Chemical entities	167.088	386	6.439	816700160845198971	816699071634650249	816699071630455944	1176	
1	C26H41N5O4	[M + Na]+	C26H41N5NaO4+	Amino acids and Peptides	0.986	Small peptides	0.744	Tripeptides	0.521	Organic acids and derivatives	0.999	Carboxylic acids and derivatives	0.996	Amino acids, peptides, and analogues	0.974	Peptides	0.456	Dipeptides	0.527	Organic compounds; Organoheterocyclic compounds; Lipids and lipid-like molecules; Amino acids, peptides, and analogues; Alpha amino acids and derivatives; Organic acids and derivatives; Carboxylic acids and derivatives; Organonitrogen compounds; Organooxygen compounds; Fatty amides; Amino acids and derivatives; Carboxylic acid amides; Carboxylic acid derivatives; N-acyl amines; N-acyl-alpha amino acids and derivatives; Secondary carboxylic acid amides; Carbonyl compounds; Benzene and substituted derivatives; Alpha amino acid amides; Benzenoids; Amines; Fatty Acyls; Organic oxides; Azacyclic compounds; Hydrocarbon derivatives; Valine and derivatives; Organopnictogen compounds; Organic oxygen compounds; Organic nitrogen compounds; Dipeptides; Chemical entities	510.310	386	6.441	816700242885798430	816699071718536337	816699071718536336	1188	
1	C27H50N4O5	[M + H]+	C27H51N4O5+	Amino acids and Peptides	0.970	Oligopeptides	0.895	Lipopeptides	0.152	Organic acids and derivatives	0.995	Carboxylic acids and derivatives	0.989	Amino acids, peptides, and analogues	0.911	Peptides	0.656	Peptides	0.656	Organic compounds; Organoheterocyclic compounds; Lipids and lipid-like molecules; Amino acids, peptides, and analogues; Alpha amino acids and derivatives; Organic acids and derivatives; Carboxylic acids and derivatives; Organonitrogen compounds; Organooxygen compounds; Fatty amides; Amino acids and derivatives; Peptides; Carboxylic acid amides; Carboxylic acid derivatives; N-acyl amines; N-acyl-alpha amino acids and derivatives; Secondary carboxylic acid amides; Carbonyl compounds; Alpha amino acid amides; Fatty Acyls; Organic oxides; Azacyclic compounds; Hydrocarbon derivatives; Organopnictogen compounds; Organic oxygen compounds; Organic nitrogen compounds; Chemical entities	511.389	387	6.444	816700172060770606	816699073014576309	816699073014576308	1197	
1	C30H55N5O5	[M + H]+	C30H56N5O5+	Amino acids and Peptides	0.982	Small peptides	0.562	Tripeptides	0.664	Organic acids and derivatives	0.997	Carboxylic acids and derivatives	0.991	Amino acids, peptides, and analogues	0.977	Peptides	0.684	Dipeptides	0.614	Organic compounds; Lipids and lipid-like molecules; Amino acids, peptides, and analogues; Alpha amino acids and derivatives; Organic acids and derivatives; Carboxylic acids and derivatives; Organonitrogen compounds; Organooxygen compounds; Fatty amides; Amino acids and derivatives; Peptides; Carboxylic acid amides; Carboxylic acid derivatives; N-acyl amines; N-acyl-alpha amino acids and derivatives; Secondary carboxylic acid amides; Carbonyl compounds; Alpha amino acid amides; Fatty Acyls; Organic oxides; Hydrocarbon derivatives; Valine and derivatives; Organopnictogen compounds; Organic oxygen compounds; Organic nitrogen compounds; Dipeptides; Chemical entities	566.426	393	6.544	816700175302968235	816699073937323292	816699073937323291	1238	
1	C19H16N4O3	[M + H]+	C19H17N4O3+	Alkaloids	0.802	Anthranilic acid alkaloids	0.546	Benzodiazepine alkaloids	0.379	Organic acids and derivatives	0.957	Carboxylic acids and derivatives	0.872	Amino acids, peptides, and analogues	0.648	Amino acids and derivatives	0.645	Alpha amino acids and derivatives	0.624	Organic compounds; Organoheterocyclic compounds; Amino acids, peptides, and analogues; Alpha amino acids and derivatives; Organic acids and derivatives; Carboxylic acids and derivatives; Organonitrogen compounds; Organooxygen compounds; Amino acids and derivatives; Carboxylic acid amides; Carboxylic acid derivatives; Carbonyl compounds; Benzene and substituted derivatives; Benzenoids; Organic oxides; Azacyclic compounds; Heteroaromatic compounds; Hydrocarbon derivatives; Organopnictogen compounds; Organic oxygen compounds; Organic nitrogen compounds; Chemical entities	349.128	397	6.609	816700174115980009	816699074868458844	816699074864264539	1250	
1	C16H28O2	[M + Na]+	C16H28NaO2+	Terpenoids	0.756	Sesquiterpenoids	0.689	Norlabdane diterpenoids	0.116	Lipids and lipid-like molecules	0.694							Lipids and lipid-like molecules	0.694	Organic compounds; Lipids and lipid-like molecules; Alcohols and polyols; Organooxygen compounds; Carbonyl compounds; Organic oxides; Hydrocarbon derivatives; Organic oxygen compounds; Chemical entities	275.200	397	6.623	816700175957279850	816699075195614599	816699075195614598	1255	
1	C30H55N5O5	[M + H]+	C30H56N5O5+	Amino acids and Peptides	0.995	Oligopeptides	0.966	Cyclic peptides	0.596	Organic acids and derivatives	0.999	Carboxylic acids and derivatives	0.998	Amino acids, peptides, and analogues	0.991	Peptides	0.818	Dipeptides	0.522	Organic compounds; Lipids and lipid-like molecules; Amino acids, peptides, and analogues; Alpha amino acids and derivatives; Organic acids and derivatives; Carboxylic acids and derivatives; Organonitrogen compounds; Organooxygen compounds; Fatty amides; Amino acids and derivatives; Peptides; Carboxylic acid amides; Carboxylic acid derivatives; N-acyl amines; N-acyl-alpha amino acids and derivatives; Secondary carboxylic acid amides; Tertiary carboxylic acid amides; Carbonyl compounds; Alpha amino acid amides; Fatty Acyls; Organic oxides; Azacyclic compounds; Hydrocarbon derivatives; Valine and derivatives; Organopnictogen compounds; Organic oxygen compounds; Organic nitrogen compounds; Dipeptides; Chemical entities	566.426	398	6.627	816700178306090646	816699075438884257	816699075426301343	1292	
1	C22H22O10	[M - H2O + H]+	C22H21O9+	Shikimates and Phenylpropanoids	0.615	Phenolic acids (C6-C1)	0.614	Simple phenolic acids	0.566	Benzenoids	0.997	Benzene and substituted derivatives	0.991	Benzoic acids and derivatives	0.998	Phthalic acid and derivatives	0.924	p-Phthalate esters	0.937	Organic compounds; Alcohols and polyols; Benzoic acids and derivatives; Organic acids and derivatives; Carboxylic acids and derivatives; Primary alcohols; Benzoyl derivatives; Organooxygen compounds; Dicarboxylic acids and derivatives; Carboxylic acid derivatives; Phthalic acid and derivatives; P-phthalic acid and derivatives; Dialkyl ethers; Carboxylic acid esters; Benzoic acid esters; Benzene and substituted derivatives; Benzenoids; Organic oxides; Phthalate esters; p-Phthalate esters; Hydrocarbon derivatives; Organic oxygen compounds; Chemical entities	429.116	398	6.633	816700180566820931	816699076349048387	816699076344854082	1264	
1	C16H30O3	[M + Na]+	C16H30NaO3+	Fatty acids	0.960	Fatty acyls	0.628	Fatty alcohols	0.642	Lipids and lipid-like molecules	0.810	Fatty Acyls	0.811					Fatty Acyls	0.811	Organic compounds; Lipids and lipid-like molecules; Alcohols and polyols; Organic acids and derivatives; Carboxylic acids and derivatives; Organooxygen compounds; Monocarboxylic acids and derivatives; Secondary alcohols; Carbonyl compounds; Fatty Acyls; Organic oxides; Hydrocarbon derivatives; Organic oxygen compounds; Chemical entities	293.210	399	6.650	816700188779269257	816699079184398158	816699079184398157	1260	
1	C12H18N8O	[M + H]+	C12H19N8O+	Alkaloids	0.444	Pseudoalkaloids (transamidation)	0.033	Purine alkaloids	0.014	Organic nitrogen compounds	1.000	Organonitrogen compounds	1.000	Amines	0.872	Tertiary amines	0.527	Dialkylarylamines	0.545	Organic compounds; Organoheterocyclic compounds; Triazines; Organonitrogen compounds; Organooxygen compounds; Azoles; Aminotriazines; Benzenoids; Amines; Tertiary amines; Tertiary alkylarylamines; Dialkylarylamines; Organic oxides; 1,3,5-triazines; Azacyclic compounds; Heteroaromatic compounds; Hydrocarbon derivatives; Organopnictogen compounds; Organic oxygen compounds; Organic nitrogen compounds; 1,3,5-triazine-2,4-diamines; Chemical entities	291.165	403	6.709	816700200175194517	816699080203614073	816699080199419768	1327	
1	C16H35NO2	[M + H]+	C16H36NO2+	Fatty acids	0.938	Spingolipids	0.596	Sphingoid bases	0.910	Organic nitrogen compounds	1.000	Organonitrogen compounds	1.000	Amines	0.997	Alkanolamines	0.962	1,2-aminoalcohols	0.951	Organic compounds; Alcohols and polyols; Organonitrogen compounds; Primary alcohols; Organooxygen compounds; 1,2-aminoalcohols; Trialkylamines; Amines; Tertiary amines; Alkanolamines; Hydrocarbon derivatives; Organopnictogen compounds; Organic oxygen compounds; Organic nitrogen compounds; Chemical entities	274.273	405	6.746	816700199613157623	816699081436739511	816699081436739510	1317	
1	C14H21N3O5	[M + K]+	C14H21KN3O5+	Amino acids and Peptides	0.894	Small peptides	0.851	Dipeptides	0.395	Organic acids and derivatives	0.999	Carboxylic acids and derivatives	0.998	Amino acids, peptides, and analogues	0.968	Peptides	0.675	Peptides	0.675	Organic compounds; Organoheterocyclic compounds; Amino acids, peptides, and analogues; Alpha amino acids and derivatives; Organic acids and derivatives; Carboxylic acids and derivatives; Organonitrogen compounds; Organooxygen compounds; Amino acids and derivatives; Peptides; Carboxylic acid amides; Carboxylic acid derivatives; Monocarboxylic acids and derivatives; N-acyl-alpha amino acids and derivatives; Carboxylic acids; Secondary carboxylic acid amides; Carbonyl compounds; Benzene and substituted derivatives; Alpha amino acid amides; Benzenoids; Organic oxides; Azacyclic compounds; Hydrocarbon derivatives; Amino acids; Organopnictogen compounds; Organic oxygen compounds; Organic nitrogen compounds; Chemical entities	350.112	406	6.768	816700202813412269	816699082170742736	816699082170742735	1330	
1	C18H39NO3	[M + H]+	C18H40NO3+	Fatty acids	0.887	Spingolipids	0.201	Sphingoid bases	0.721	Organic nitrogen compounds	1.000	Organonitrogen compounds	1.000	Amines	0.999	Alkanolamines	0.973	1,2-aminoalcohols	0.964	Organic compounds; Alcohols and polyols; Organonitrogen compounds; Primary alcohols; Organooxygen compounds; 1,2-aminoalcohols; Trialkylamines; Amines; Tertiary amines; Alkanolamines; Hydrocarbon derivatives; Organopnictogen compounds; Organic oxygen compounds; Organic nitrogen compounds; Chemical entities	318.299	409	6.810	816700205116085671	816699082984437773	816699082980243468	1339	
1	C37H62O12	[M + H]+	C37H63O12+	Polyketides	0.995	Polyethers	0.907	Polyether ionophores	0.942	Lipids and lipid-like molecules	0.846	Prenol lipids	0.515	Terpene glycosides	0.649	Diterpene glycosides	0.704	Diterpene glycosides	0.704	Organic compounds; Organoheterocyclic compounds; Lipids and lipid-like molecules; Alcohols and polyols; Ethers; Prenol lipids; Organic acids and derivatives; Carboxylic acids and derivatives; Organooxygen compounds; Branched fatty acids; Hydroxy fatty acids; Monocarboxylic acids and derivatives; Dialkyl ethers; Carboxylic acids; Diterpenoids; Secondary alcohols; Diterpene glycosides; Carbonyl compounds; Oxanes; Terpene glycosides; Fatty Acyls; Organic oxides; Oxacyclic compounds; Hydrocarbon derivatives; Organic oxygen compounds; Chemical entities	699.433	409	6.815	816700215652179431	816699083462588457	816699083462588456	1343	
1	C40H58O11	[M + H]+	C40H59O11+	Polyketides	0.919	Polyethers	0.279	Open-chain polyketides	0.143	Organic acids and derivatives	0.824	Carboxylic acids and derivatives	0.771	Carboxylic acid derivatives	0.671	Carboxylic acid esters	0.644	Carboxylic acid esters	0.644	Organic compounds; Organoheterocyclic compounds; Alcohols and polyols; Ethers; Organic acids and derivatives; Carboxylic acids and derivatives; Organooxygen compounds; Carboxylic acid derivatives; Dialkyl ethers; Carboxylic acid esters; Acetals; Carbonyl compounds; Organic oxides; Oxacyclic compounds; Hydrocarbon derivatives; Organic oxygen compounds; Chemical entities	715.405	409	6.818	816700212460313614	816699083609389106	816699083609389105	1348	
1	C18H37NO5	[M + H]+	C18H38NO5+	Fatty acids	0.578	Fatty amides	0.323	N-acyl amines	0.252	Lipids and lipid-like molecules	0.744	Fatty Acyls	0.611	Fatty amides	0.495	N-acyl amines	0.562	N-acyl amines	0.562	Organic compounds; Lipids and lipid-like molecules; Alcohols and polyols; Organic acids and derivatives; Carboxylic acids and derivatives; Organonitrogen compounds; Primary alcohols; Organooxygen compounds; Carboxylic acid amides; Carboxylic acid derivatives; N-acyl amines; Cyclic alcohols and derivatives; Secondary alcohols; Carbonyl compounds; Fatty Acyls; Organic oxides; Hydrocarbon derivatives; Organopnictogen compounds; Organic oxygen compounds; Organic nitrogen compounds; Chemical entities	348.273	410	6.829	816700240016893796	816699084343392387	816699084343392386	1359	
1	C16H32O3	[M + Na]+	C16H32NaO3+	Fatty acids	0.944	Fatty esters	0.372	Wax monoesters	0.319	Lipids and lipid-like molecules	0.772	Fatty Acyls	0.741					Fatty Acyls	0.741	Organic compounds; Lipids and lipid-like molecules; Ethers; Organic acids and derivatives; Carboxylic acids and derivatives; Organooxygen compounds; Carboxylic acid derivatives; Monocarboxylic acids and derivatives; Dialkyl ethers; Carboxylic acid esters; Carbonyl compounds; Fatty Acyls; Organic oxides; Hydrocarbon derivatives; Organic oxygen compounds; Chemical entities	295.226	410	6.832	816700239748458228	816699084548913291	816699084548913290	1364	
1	C21H36O9	[M - H2O + H]+	C21H35O8+	Fatty acids	0.853	Fatty acyls	0.181	Fatty alcohols	0.204	Lipids and lipid-like molecules	0.885	Fatty Acyls	0.848	Fatty acid esters	0.638			Fatty acid esters	0.638	Organic compounds; Lipids and lipid-like molecules; Alcohols and polyols; Organic acids and derivatives; Carboxylic acids and derivatives; Organooxygen compounds; Fatty acid esters; Carboxylic acid derivatives; Carboxylic acid esters; Secondary alcohols; Carbonyl compounds; Polyols; Fatty Acyls; Organic oxides; Hydrocarbon derivatives; Organic oxygen compounds; Chemical entities	415.231	410	6.832	816700228897792593	816699084746045594	816699084746045593	1367	
1	C21H36O9	[M + Na]+	C21H36NaO9+	Polyketides	0.948	Macrolides	0.471	Open-chain polyketides	0.305	Organic oxygen compounds	1.000	Organooxygen compounds	0.999	Carbohydrates and carbohydrate conjugates	0.630			Carbohydrates and carbohydrate conjugates	0.630	Organic compounds; Organoheterocyclic compounds; Carbohydrates and carbohydrate conjugates; Alcohols and polyols; Ethers; Organooxygen compounds; Dialkyl ethers; Acetals; Secondary alcohols; Oxanes; Polyols; Organic oxides; Oxacyclic compounds; Hydrocarbon derivatives; Organic oxygen compounds; Chemical entities	455.223	410	6.835	816700239496799900	816699084947372201	816699084947372200	1370	
1	C21H22N4O2	[M + Na]+	C21H22N4NaO2+	Alkaloids	0.685	Histidine alkaloids	0.257	Imidazole alkaloids	0.256	Benzenoids	0.959	Benzene and substituted derivatives	0.509					Benzene and substituted derivatives	0.509	Organic compounds; Organoheterocyclic compounds; Organic acids and derivatives; Carboxylic acids and derivatives; Organonitrogen compounds; Organooxygen compounds; Azoles; Benzene and substituted derivatives; Benzenoids; Organic oxides; Azacyclic compounds; Heteroaromatic compounds; Hydrocarbon derivatives; Organopnictogen compounds; Organic oxygen compounds; Organic nitrogen compounds; Chemical entities	385.165	410	6.837	816700249902872015	816699085157087419	816699085152893114	1362	
1	C16H35NO3	[M + H]+	C16H36NO3+	Fatty acids	0.995	Spingolipids	0.916	Sphingoid bases	0.967	Lipids and lipid-like molecules	0.519							Lipids and lipid-like molecules	0.519	Organic compounds; Lipids and lipid-like molecules; Alcohols and polyols; Organonitrogen compounds; Primary alcohols; Organooxygen compounds; Secondary alcohols; 1,2-aminoalcohols; Amines; Alkanolamines; Hydrocarbon derivatives; Organopnictogen compounds; Organic oxygen compounds; Organic nitrogen compounds; Chemical entities	290.268	411	6.847	816700239266113092	816699085278722258	816699085278722257	1373	
1	C19H28FN3O2	[M + H]+	C19H29FN3O2+	Alkaloids	0.722	Tryptophan alkaloids	0.251	Carboline alkaloids	0.105	Organic acids and derivatives	0.733	Carboxylic acids and derivatives	0.707	Amino acids, peptides, and analogues	0.571	Amino acids and derivatives	0.568	Amino acids and derivatives	0.568	Organic compounds; Organoheterocyclic compounds; Amino acids, peptides, and analogues; Organic acids and derivatives; Carboxylic acids and derivatives; Organohalogen compounds; Organonitrogen compounds; Organooxygen compounds; Amino acids and derivatives; Carboxylic acid amides; Alkyl fluorides; Aryl fluorides; Carboxylic acid derivatives; Organofluorides; Trialkylamines; Benzenoids; Amines; Tertiary amines; Aryl halides; Alkyl halides; Organic oxides; Azacyclic compounds; Heteroaromatic compounds; Hydrocarbon derivatives; Organopnictogen compounds; Organic oxygen compounds; Organic nitrogen compounds; Chemical entities	350.225	411	6.850	816700241715587381	816699085408745704	816699085408745703	1350	
1	C13H22O3	[M + H]+	C13H23O3+	Terpenoids	0.845	Sesquiterpenoids	0.790	Caryophyllane sesquiterpenoids	0.200	Lipids and lipid-like molecules	0.564							Lipids and lipid-like molecules	0.564	Organic compounds; Lipids and lipid-like molecules; Alcohols and polyols; Primary alcohols; Organooxygen compounds; Secondary alcohols; Carbonyl compounds; Organic oxides; Hydrocarbon derivatives; Organic oxygen compounds; Chemical entities	227.162	411	6.851	816700241031915722	816699085547157746	816699085547157745	1371	
1	C18H36O4	[M + H3N + H]+	C18H40NO4+	Fatty acids	1.000	Glycerolipids	0.988	Monoacylglycerols	0.996	Lipids and lipid-like molecules	0.999	Glycerolipids	0.978	Monoradylglycerols	0.988	Monoacylglycerols	0.980	1-monoacylglycerols	0.920	Organic compounds; Lipids and lipid-like molecules; Alcohols and polyols; Glycerolipids; Organic acids and derivatives; Carboxylic acids and derivatives; Primary alcohols; Organooxygen compounds; Fatty acid esters; Carboxylic acid derivatives; Monoacylglycerols; Monocarboxylic acids and derivatives; Carboxylic acid esters; 1-monoacylglycerols; Secondary alcohols; Carbonyl compounds; Polyols; 1,2-diols; Monoradylglycerols; Fatty Acyls; Organic oxides; Hydrocarbon derivatives; Organic oxygen compounds; Chemical entities	334.294	412	6.870	816700241220659460	816699085761067265	816699085761067264	1378	
1	C20H43NO4	[M + H]+	C20H44NO4+	Fatty acids	0.991	Spingolipids	0.093	Sphingoid bases	0.453	Organic nitrogen compounds	0.985	Organonitrogen compounds	0.990	Amines	0.990	Alkanolamines	0.909	1,2-aminoalcohols	0.884	Organic compounds; Alcohols and polyols; Ethers; Organonitrogen compounds; Primary alcohols; Organooxygen compounds; Dialkyl ethers; 1,2-aminoalcohols; Amines; Alkanolamines; Hydrocarbon derivatives; Organopnictogen compounds; Organic oxygen compounds; Organic nitrogen compounds; Chemical entities	362.325	412	6.873	816700245905699574	816699086511847690	816699086511847689	1379	
1	C17H27N5O3	[M + H]+	C17H28N5O3+	Alkaloids	0.459	Small peptides	0.178	Purine alkaloids	0.092	Organoheterocyclic compounds	0.994	Diazines	0.758	Pyrimidines and pyrimidine derivatives	0.692	Aminopyrimidines and derivatives	0.586	Aminopyrimidines and derivatives	0.586	Organic compounds; Organoheterocyclic compounds; Pyrimidines and pyrimidine derivatives; Imidazoles; Organic acids and derivatives; Carboxylic acids and derivatives; Organonitrogen compounds; Organooxygen compounds; Azoles; Aminopyrimidines and derivatives; Diazines; Substituted imidazoles; N-substituted imidazoles; Benzenoids; Amines; Imidolactams; Organic oxides; Azacyclic compounds; Heteroaromatic compounds; Hydrocarbon derivatives; Organopnictogen compounds; Organic oxygen compounds; Organic nitrogen compounds; Chemical entities	350.218	414	6.904	816700255678429652	816699087015164242	816699087015164241	1386	
1	C18H26O3	[M + H]+	C18H27O3+	Fatty acids	0.565	Octadecanoids	0.155	Fatty alcohols	0.031	Lipids and lipid-like molecules	0.794							Lipids and lipid-like molecules	0.794	Organic compounds; Lipids and lipid-like molecules; Ketones; Alcohols and polyols; Organic acids and derivatives; Carboxylic acids and derivatives; Organooxygen compounds; Monocarboxylic acids and derivatives; Carbonyl compounds; Cyclic ketones; Organic oxides; Hydrocarbon derivatives; Organic oxygen compounds; Chemical entities	291.194	421	7.017	816700284157783172	816699089095539151	816699089095539150	1418	
1	C16H33N5O5	[M + H]+	C16H34N5O5+	Carbohydrates	0.730	Nucleosides	0.588	Pyrimidine nucleosides	0.189	Organoheterocyclic compounds	0.994	Diazines	0.864	Pyrimidines and pyrimidine derivatives	0.883	Aminopyrimidines and derivatives	0.863	Aminopyrimidines and derivatives	0.863	Organic compounds; Organoheterocyclic compounds; Pyrimidines and pyrimidine derivatives; Alcohols and polyols; Ethers; Organonitrogen compounds; Organooxygen compounds; Aminopyrimidines and derivatives; Diazines; Amines; Primary amines; Imidolactams; Azacyclic compounds; Oxacyclic compounds; Heteroaromatic compounds; Hydrocarbon derivatives; Organopnictogen compounds; Organic oxygen compounds; Organic nitrogen compounds; Chemical entities	376.258	422	7.029	816700286632423224	816699089343003109	816699089343003108	1423	
1	C21H42N4O3	[M + Na]+	C21H42N4NaO3+	Alkaloids	0.642	Ornithine alkaloids	0.100	Polyamines	0.038	Organic acids and derivatives	0.997	Carboxylic acids and derivatives	0.996	Amino acids, peptides, and analogues	0.925	Amino acids and derivatives	0.923	Amino acids and derivatives	0.923	Organic compounds; Lipids and lipid-like molecules; Amino acids, peptides, and analogues; Organic acids and derivatives; Carboxylic acids and derivatives; Organonitrogen compounds; Organooxygen compounds; Fatty amides; Amino acids and derivatives; Carboxylic acid amides; Carboxylic acid derivatives; N-acyl amines; Tertiary carboxylic acid amides; Carbonyl compounds; Trialkylamines; Amines; Tertiary amines; Fatty Acyls; Organic oxides; Hydrocarbon derivatives; Organopnictogen compounds; Organic oxygen compounds; Organic nitrogen compounds; Chemical entities	421.316	422	7.031	816700293502697284	816699089594661361	816699089594661360	1427	
1	C21H33N3O3	[M + H3N + H]+	C21H37N4O3+	Amino acids and Peptides	0.742	Small peptides	0.794	Dipeptides	0.260	Organic acids and derivatives	0.991	Carboxylic acids and derivatives	0.988	Amino acids, peptides, and analogues	0.949	Amino acids and derivatives	0.946	Alpha amino acid amides	0.672	Organic compounds; Organoheterocyclic compounds; Lipids and lipid-like molecules; Amino acids, peptides, and analogues; Alpha amino acids and derivatives; Piperidines; Organic acids and derivatives; Carboxylic acids and derivatives; Organonitrogen compounds; Organooxygen compounds; Fatty amides; Amino acids and derivatives; Carboxylic acid amides; Carboxylic acid derivatives; Secondary carboxylic acid amides; Carbonyl compounds; Benzene and substituted derivatives; Alpha amino acid amides; Benzenoids; Amines; Tertiary amines; Tertiary alkylarylamines; Dialkylarylamines; Fatty Acyls; Organic oxides; Azacyclic compounds; Hydrocarbon derivatives; Organopnictogen compounds; Organic oxygen compounds; Organic nitrogen compounds; Chemical entities	393.284	422	7.032	816700286586285847	816699090051840527	816699090051840526	1431	
1	C18H31N3O3	[M + K]+	C18H31KN3O3+	Alkaloids	0.543	Small peptides	0.152	Dipeptides	0.085	Organic acids and derivatives	0.978	Carboxylic acids and derivatives	0.956	Amino acids, peptides, and analogues	0.845	Amino acids and derivatives	0.843	Amino acids and derivatives	0.843	Organic compounds; Amino acids, peptides, and analogues; Organic acids and derivatives; Carboxylic acids and derivatives; Organonitrogen compounds; Organooxygen compounds; Amino acids and derivatives; Carboxylic acid amides; Carboxylic acid derivatives; Secondary carboxylic acid amides; Carbonyl compounds; Benzene and substituted derivatives; Benzenoids; Amines; Organic oxides; Hydrocarbon derivatives; Organopnictogen compounds; Organic oxygen compounds; Organic nitrogen compounds; Chemical entities	376.198	422	7.037	816700292760304782	816699090416744992	816699090412550687	1434	
1	C30H55N5O5	[M + H]+	C30H56N5O5+	Amino acids and Peptides	0.986	Oligopeptides	0.667	Tripeptides	0.420	Organic acids and derivatives	0.998	Carboxylic acids and derivatives	0.994	Amino acids, peptides, and analogues	0.950	Peptides	0.620	Peptides	0.620	Organic compounds; Lipids and lipid-like molecules; Amino acids, peptides, and analogues; Alpha amino acids and derivatives; Alcohols and polyols; Organic acids and derivatives; Carboxylic acids and derivatives; Organonitrogen compounds; Organooxygen compounds; Fatty amides; Amino acids and derivatives; Peptides; Carboxylic acid amides; Carboxylic acid derivatives; N-acyl amines; N-acyl-alpha amino acids and derivatives; Secondary carboxylic acid amides; Carbonyl compounds; Alpha amino acid amides; Fatty Acyls; Organic oxides; Hydrocarbon derivatives; Valine and derivatives; Organopnictogen compounds; Organic oxygen compounds; Organic nitrogen compounds; Chemical entities	566.426	424	7.064	816700292730944625	816699090836175409	816699090836175408	1440	
1	C11H16O2	[M + Na]+	C11H16NaO2+	Terpenoids	0.926	Apocarotenoids	0.260	Apocarotenoids(ε-)	0.203	Organic oxygen compounds	1.000	Organooxygen compounds	0.999	Carbonyl compounds	0.798	Ketones	0.681	Ketones	0.681	Organic compounds; Ketones; Alcohols and polyols; Organooxygen compounds; Carbonyl compounds; Organic oxides; Hydrocarbon derivatives; Organic oxygen compounds; Chemical entities	203.106	424	7.068	816700287588725565	816699091033307707	816699091033307706	1443	
1	C17H26O4	[M - H2O + H]+	C17H25O3+	Fatty acids	0.486	Sesquiterpenoids	0.163	Macrolide lactones	0.094	Organic acids and derivatives	0.993	Carboxylic acids and derivatives	0.988	Dicarboxylic acids and derivatives	0.542			Dicarboxylic acids and derivatives	0.542	Organic compounds; Lipids and lipid-like molecules; Organic acids and derivatives; Carboxylic acids and derivatives; Organooxygen compounds; Dicarboxylic acids and derivatives; Carboxylic acid derivatives; Carboxylic acid esters; Carbonyl compounds; Fatty Acyls; Organic oxides; Hydrocarbon derivatives; Organic oxygen compounds; Chemical entities	277.179	424	7.073	816700295713096821	816699091209468485	816699091209468484	1447	
1	C17H35O7	[M + H]+	C17H36O7+	Fatty acids	0.928	Fatty esters	0.418	Dicarboxylic acids	0.260	Lipids and lipid-like molecules	0.797	Fatty Acyls	0.781	Fatty acid esters	0.739			Fatty acid esters	0.739	Organic compounds; Lipids and lipid-like molecules; Ethers; Organic acids and derivatives; Carboxylic acids and derivatives; Organooxygen compounds; Fatty acid esters; Dicarboxylic acids and derivatives; Carboxylic acid derivatives; Carboxylic acid esters; Carbonyl compounds; Fatty Acyls; Organic oxides; Hydrocarbon derivatives; Organic oxygen compounds; Chemical entities	352.242	425	7.078	816700294215729473	816699091838614118	816699091838614117	1439	
1	C15H33N3O7	[M + H]+	C15H34N3O7+	Carbohydrates	0.886	Aminosugars and aminoglycosides	0.544	Pyrimidine nucleosides	0.411	Organic acids and derivatives	0.915	Carboxylic acids and derivatives	0.827	Amino acids, peptides, and analogues	0.612	Amino acids and derivatives	0.610	Amino acids and derivatives	0.610	Organic compounds; Carbohydrates and carbohydrate conjugates; Lipids and lipid-like molecules; Amino acids, peptides, and analogues; Alcohols and polyols; Organic acids and derivatives; Carboxylic acids and derivatives; Organonitrogen compounds; Organooxygen compounds; Amino acids and derivatives; Carboxylic acid derivatives; Secondary alcohols; Carbonyl compounds; Fatty Acyls; Organic oxides; Hydrocarbon derivatives; Organopnictogen compounds; Organic oxygen compounds; Organic nitrogen compounds; Chemical entities	368.239	425	7.081	816700290201778119	816699091935083115	816699091935083114	1453	
1	C23H32BrCl2N7O3	[M + H]+	C23H33BrCl2N7O3+	Amino acids and Peptides	0.386	Oligopeptides	0.792	Pyrrole alkaloids	0.151	Organoheterocyclic compounds	0.992	Diazinanes	0.604	Piperazines	0.634	N-arylpiperazines	0.599	N-arylpiperazines	0.599	Organic compounds; Organoheterocyclic compounds; Halobenzenes; Alkyl aryl ethers; Piperazines; Ethers; Organic acids and derivatives; Carboxylic acids and derivatives; Organohalogen compounds; Organonitrogen compounds; Organooxygen compounds; Azoles; Carboxylic acid amides; Aryl bromides; Aryl chlorides; Carboxylic acid derivatives; Chlorobenzenes; Organobromides; Organochlorides; Carbonyl compounds; Benzene and substituted derivatives; Phenol ethers; Diazinanes; Benzenoids; Amines; Tertiary amines; Tertiary alkylarylamines; Dichlorobenzenes; Aryl halides; N-arylpiperazines; Dialkylarylamines; Organic oxides; Azacyclic compounds; Heteroaromatic compounds; Hydrocarbon derivatives; Organopnictogen compounds; Organic oxygen compounds; Organic nitrogen compounds; Phenoxy compounds; Chemical entities	604.121	427	7.120	816700328948787257	816699092400650886	816699092400650885	1471	
1	C17H35O7	[M + H]+	C17H36O7+	Fatty acids	0.864	Fatty acyl glycosides	0.477	Dicarboxylic acids	0.303	Lipids and lipid-like molecules	0.786	Fatty Acyls	0.763					Fatty Acyls	0.763	Organic compounds; Organoheterocyclic compounds; Lipids and lipid-like molecules; Alcohols and polyols; Ethers; Organic acids and derivatives; Carboxylic acids and derivatives; Organooxygen compounds; Carboxylic acid derivatives; Carboxylic acid esters; Secondary alcohols; Carbonyl compounds; Fatty Acyls; Organic oxides; Oxacyclic compounds; Hydrocarbon derivatives; Organic oxygen compounds; Chemical entities	352.244	431	7.180	816700293251038742	816699094187424530	816699094187424529	1506	
1	C18H27NO3	[M + H]+	C18H28NO3+	Alkaloids	0.999	Pseudoalkaloids (transamidation)	1.000	Capsaicins and Capsaicinoids	1.000	Lipids and lipid-like molecules	0.995	Fatty Acyls	0.996	Fatty amides	0.996	N-acyl amines	0.969	N-acyl amines	0.969	Organic compounds; Lipids and lipid-like molecules; Alkyl aryl ethers; Phenols; Anisoles; Methoxyphenols; Ethers; Organic acids and derivatives; Carboxylic acids and derivatives; Organonitrogen compounds; Organooxygen compounds; Fatty amides; Carboxylic acid amides; Carboxylic acid derivatives; N-acyl amines; Secondary carboxylic acid amides; Carbonyl compounds; Benzene and substituted derivatives; Phenol ethers; Benzenoids; Fatty Acyls; Organic oxides; Methoxybenzenes; Hydrocarbon derivatives; Organic oxygen compounds; 1-hydroxy-2-unsubstituted benzenoids; Organic nitrogen compounds; Phenoxy compounds; Chemical entities	306.205	434	7.227	816700300599472970	816699094938205002	816699094934010697	1513	
1	C20H44N2O3	[M + H]+	C20H45N2O3+	Fatty acids	1.000	Fatty amides	0.985	N-acyl ethanolamines (endocannabinoids)	0.596	Lipids and lipid-like molecules	0.800	Fatty Acyls	0.812	Fatty amides	0.750	N-acyl amines	0.784	N-acyl amines	0.784	Organic compounds; Lipids and lipid-like molecules; Alcohols and polyols; Organic acids and derivatives; Carboxylic acids and derivatives; Organonitrogen compounds; Primary alcohols; Organooxygen compounds; Fatty amides; Carboxylic acid amides; Carboxylic acid derivatives; N-acyl amines; Amines; Fatty Acyls; Organic oxides; Hydrocarbon derivatives; Organopnictogen compounds; Organic oxygen compounds; Organic nitrogen compounds; Chemical entities	361.341	435	7.255	816700300612055901	816699095345052512	816699095340858207	1519	
1	C15H33N3O7	[M + H]+	C15H34N3O7+	Amino acids and Peptides	0.802	Small peptides	0.815	Tripeptides	0.806	Organic acids and derivatives	0.999	Carboxylic acids and derivatives	0.998	Amino acids, peptides, and analogues	0.927	Peptides	0.774	Peptides	0.774	Organic compounds; Lipids and lipid-like molecules; Amino acids, peptides, and analogues; Alpha amino acids and derivatives; Alcohols and polyols; Fatty acids and conjugates; Organic acids and derivatives; Carboxylic acids and derivatives; Organonitrogen compounds; Primary alcohols; Organooxygen compounds; Fatty amides; Branched fatty acids; Hydroxy fatty acids; Amino acids and derivatives; Peptides; Hydroxy acids and derivatives; Carboxylic acid amides; Carboxylic acid derivatives; N-acyl amines; Monocarboxylic acids and derivatives; N-acyl-alpha amino acids and derivatives; Carboxylic acids; Secondary alcohols; Secondary carboxylic acid amides; Carbonyl compounds; Alpha amino acid amides; N-acyl-alpha amino acids; Fatty Acyls; Organic oxides; Hydrocarbon derivatives; Amino acids; Organopnictogen compounds; Organic oxygen compounds; Organic nitrogen compounds; Chemical entities	368.240	437	7.278	816700317125034106	816699095621876591	816699095621876590	1527	
1	C18H33NO3	[M + H]+	C18H34NO3+	Fatty acids	0.993	Fatty amides	0.893	Primary amides	0.453	Lipids and lipid-like molecules	0.909	Fatty Acyls	0.894	Fatty amides	0.773			Fatty amides	0.773	Organic compounds; Lipids and lipid-like molecules; Alcohols and polyols; Organic acids and derivatives; Carboxylic acids and derivatives; Organonitrogen compounds; Organooxygen compounds; Fatty amides; Carboxylic acid amides; Carboxylic acid derivatives; Secondary alcohols; Primary carboxylic acid amides; Carbonyl compounds; Fatty Acyls; Organic oxides; Hydrocarbon derivatives; Organopnictogen compounds; Organic oxygen compounds; Organic nitrogen compounds; Chemical entities	312.252	438	7.301	816700317112451180	816699095902894976	816699095902894975	1534	
1	C18H33NO3	[M - H2O + H]+	C18H32NO2+	Fatty acids	0.790	Fatty amides	0.350	Open-chain polyketides	0.162	Lipids and lipid-like molecules	0.796	Fatty Acyls	0.692	Fatty amides	0.656	N-acyl amines	0.652	N-acyl amines	0.652	Organic compounds; Lipids and lipid-like molecules; Alcohols and polyols; Organic acids and derivatives; Carboxylic acids and derivatives; Organonitrogen compounds; Primary alcohols; Organooxygen compounds; Fatty amides; Carboxylic acid amides; Carboxylic acid derivatives; N-acyl amines; Secondary alcohols; Secondary carboxylic acid amides; Carbonyl compounds; 1,2-aminoalcohols; Benzene and substituted derivatives; Amines; Alkanolamines; Fatty Acyls; Organic oxides; Hydrocarbon derivatives; Organopnictogen compounds; Organic oxygen compounds; Organic nitrogen compounds; Chemical entities	294.241	438	7.307	816700336855054311	816699096091638666	816699096091638665	1539	
1	C18H39NO2	[M + H]+	C18H40NO2+	Fatty acids	1.000	Spingolipids	0.998	Sphingoid bases	0.999	Organic nitrogen compounds	1.000	Organonitrogen compounds	1.000	Amines	0.905	Alkanolamines	0.940	1,2-aminoalcohols	0.884	Organic compounds; Alcohols and polyols; Organonitrogen compounds; Primary alcohols; Organooxygen compounds; Monoalkylamines; Secondary alcohols; 1,2-aminoalcohols; Amines; Primary amines; Alkanolamines; Hydrocarbon derivatives; Organopnictogen compounds; Organic oxygen compounds; Organic nitrogen compounds; Chemical entities	302.304	440	7.334	816700337643583837	816699096464931743	816699096464931742	1542	
1	C24H47NO8	[M + H]+	C24H48NO8+	Fatty acids	0.979	Spingolipids	0.894	Sphingoid bases	0.431	Lipids and lipid-like molecules	0.936	Fatty Acyls	0.931	Fatty acyl glycosides	0.685	Alkyl glycosides	0.571	Alkyl glycosides	0.571	Organic compounds; Organoheterocyclic compounds; Carbohydrates and carbohydrate conjugates; Lipids and lipid-like molecules; Alcohols and polyols; Ethers; Organic acids and derivatives; Carboxylic acids and derivatives; Organonitrogen compounds; Primary alcohols; Organooxygen compounds; Fatty amides; Carboxylic acid amides; Carboxylic acid derivatives; N-acyl amines; Hexoses; Monosaccharides; Secondary alcohols; Secondary carboxylic acid amides; Fatty acyl glycosides; Carbonyl compounds; Oxanes; Glycosyl compounds; Alkyl glycosides; Polyols; Amines; Fatty acyl glycosides of mono- and disaccharides; Fatty Acyls; Organic oxides; Oxacyclic compounds; Hydrocarbon derivatives; Organopnictogen compounds; Organic oxygen compounds; Organic nitrogen compounds; Chemical entities	478.336	442	7.368	816700334833398703	816699096662064041	816699096662064040	1549	
1	C18H33NO4	[M + Na]+	C18H33NNaO4+	Alkaloids	0.479	Lysine alkaloids	0.294	Piperidine alkaloids	0.134	Lipids and lipid-like molecules	0.563	Fatty Acyls	0.523					Fatty Acyls	0.523	Organic compounds; Lipids and lipid-like molecules; Alcohols and polyols; Organic acids and derivatives; Carboxylic acids and derivatives; Organonitrogen compounds; Primary alcohols; Organooxygen compounds; Carboxylic acid derivatives; Carbonyl compounds; Amines; Fatty Acyls; Organic oxides; Hydrocarbon derivatives; Organopnictogen compounds; Organic oxygen compounds; Organic nitrogen compounds; Chemical entities	350.229	442	7.371	816700349186311224	816699096863390644	816699096863390643	1551	
1	C24H45NO7	[M + H]+	C24H46NO7+	Fatty acids	0.884	Spingolipids	0.852	Sphingoid bases	0.543	Organic oxygen compounds	1.000	Organooxygen compounds	0.999	Carbohydrates and carbohydrate conjugates	0.612	Monosaccharides	0.702	Monosaccharides	0.702	Organic compounds; Carbohydrates and carbohydrate conjugates; Lipids and lipid-like molecules; Alcohols and polyols; Organonitrogen compounds; Primary alcohols; Organooxygen compounds; Monoalkylamines; Cyclic alcohols and derivatives; Monosaccharides; Secondary alcohols; Polyols; Amines; Alkanolamines; Fatty Acyls; Hydrocarbon derivatives; Organopnictogen compounds; Organic oxygen compounds; Organic nitrogen compounds; Chemical entities	460.325	443	7.381	816700340017560528	816699096959859641	816699096959859640	1554	
1	C20H43O2	[M + H]+	C20H44O2+	Fatty acids	0.988	Fatty Acids and Conjugates	0.520	Unsaturated fatty acids	0.472	Lipids and lipid-like molecules	0.980	Fatty Acyls	0.929	Fatty acids and conjugates	0.791	Long-chain fatty acids	0.844	Long-chain fatty acids	0.844	Organic compounds; Lipids and lipid-like molecules; Alcohols and polyols; Fatty acids and conjugates; Organic acids and derivatives; Carboxylic acids and derivatives; Organooxygen compounds; Unsaturated fatty acids; Monocarboxylic acids and derivatives; Carboxylic acids; Carbonyl compounds; Long-chain fatty acids; Fatty Acyls; Organic oxides; Hydrocarbon derivatives; Organic oxygen compounds; Chemical entities	316.336	445	7.416	816700335416407280	816699097333152718	816699097333152717	1562	
1	C18H37NO3	[M + H]+	C18H38NO3+	Fatty acids	0.994	Spingolipids	0.994	Sphingoid bases	0.999	Organic nitrogen compounds	1.000	Organonitrogen compounds	1.000	Amines	0.991	Alkanolamines	0.968	1,3-aminoalcohols	0.598	Organic compounds; Alcohols and polyols; Organonitrogen compounds; Primary alcohols; Organooxygen compounds; Monoalkylamines; Secondary alcohols; 1,3-aminoalcohols; 1,2-aminoalcohols; Polyols; Amines; Primary amines; Alkanolamines; Hydrocarbon derivatives; Organopnictogen compounds; Organic oxygen compounds; Organic nitrogen compounds; Chemical entities	316.283	445	7.417	816700336964106271	816699097417038803	816699097417038802	1564	
1	C18H35NO2	[M + H]+	C18H36NO2+	Fatty acids	1.000	Spingolipids	1.000	Sphingoid bases	1.000	Organic nitrogen compounds	1.000	Organonitrogen compounds	1.000	Amines	0.989	Alkanolamines	0.933	1,2-aminoalcohols	0.959	Organic compounds; Alcohols and polyols; Organonitrogen compounds; Primary alcohols; Organooxygen compounds; Monoalkylamines; Secondary alcohols; 1,2-aminoalcohols; Amines; Primary amines; Alkanolamines; Hydrocarbon derivatives; Organopnictogen compounds; Organic oxygen compounds; Organic nitrogen compounds; Chemical entities	298.273	446	7.439	816700334221030015	816699097953909746	816699097953909745	1571	
1	C22H20O9	[M + H]+	C22H21O9+	Shikimates and Phenylpropanoids	0.754	Lignans	0.159	Neolignans	0.041	Benzenoids	0.988	Benzene and substituted derivatives	0.565	Benzoic acids and derivatives	0.472	Benzoic acid esters	0.514	Benzoic acid esters	0.514	Organic compounds; Organoheterocyclic compounds; Ethers; Organic acids and derivatives; Carboxylic acids and derivatives; Organooxygen compounds; Carboxylic acid derivatives; Carboxylic acid esters; Benzoic acid esters; Carbonyl compounds; Benzene and substituted derivatives; Benzenoids; Organic oxides; Oxacyclic compounds; Hydrocarbon derivatives; Organic oxygen compounds; Chemical entities	429.116	449	7.488	816700342307651548	816699098209762307	816699098205568002	1582	
1	C42H65NO8	[M + H]+	C42H66NO8+	Fatty acids	0.373	Macrolides	0.686	Open-chain polyketides	0.281	Organic oxygen compounds	0.998	Organooxygen compounds	0.993	Carbohydrates and carbohydrate conjugates	0.479	Glycosyl compounds	0.555	Glycosyl compounds	0.555	Organic compounds; Organoheterocyclic compounds; Lipids and lipid-like molecules; Alcohols and polyols; Ethers; Organic acids and derivatives; Carboxylic acids and derivatives; Organonitrogen compounds; Organooxygen compounds; Carboxylic acid derivatives; Carboxylic acid esters; Monosaccharides; Secondary alcohols; Carbonyl compounds; Glycosyl compounds; Amines; Fatty Acyls; Organic oxides; Oxacyclic compounds; Hydrocarbon derivatives; Organopnictogen compounds; Organic oxygen compounds; Organic nitrogen compounds; Chemical entities	712.476	452	7.540	816700342265708479	816699098486586386	816699098482392081	1597	
1	C18H28O3	[M + H3N + H]+	C18H32NO3+	Fatty acids	0.991	Octadecanoids	0.828	Other Octadecanoids	0.754	Lipids and lipid-like molecules	0.959	Fatty Acyls	0.940	Lineolic acids and derivatives	0.504			Lineolic acids and derivatives	0.504	Organic compounds; Lipids and lipid-like molecules; Alcohols and polyols; Fatty acids and conjugates; Organic acids and derivatives; Carboxylic acids and derivatives; Organooxygen compounds; Unsaturated fatty acids; Lineolic acids and derivatives; Monocarboxylic acids and derivatives; Carboxylic acids; Secondary alcohols; Carbonyl compounds; Long-chain fatty acids; Fatty Acyls; Organic oxides; Hydrocarbon derivatives; Organic oxygen compounds; Chemical entities	310.236	453	7.550	816700333851931070	816699098562083863	816699098562083862	1599	
1	C24H30O6	[M + H]+	C24H31O6+	Shikimates and Phenylpropanoids	0.410	Lignans	0.753	Dibenzocyclooctadienes lignans	0.475	Benzenoids	0.897	Phenol ethers	0.564					Phenol ethers	0.564	Organic compounds; Organoheterocyclic compounds; Alkyl aryl ethers; Alcohols and polyols; Ethers; Organooxygen compounds; Dialkyl ethers; Phenol ethers; Benzenoids; Organic oxides; Oxacyclic compounds; Hydrocarbon derivatives; Organic oxygen compounds; Chemical entities	415.210	453	7.555	816700336766973850	816699099107343465	816699099107343464	1605	
1	C24H49NO8	[M + H]+	C24H50NO8+	Fatty acids	0.986	Spingolipids	0.482	Ceramides	0.312	Lipids and lipid-like molecules	0.976	Sphingolipids	0.287	Ceramides	0.507			Ceramides	0.507	Organic compounds; Carbohydrates and carbohydrate conjugates; Lipids and lipid-like molecules; Alcohols and polyols; Organic acids and derivatives; Carboxylic acids and derivatives; Organonitrogen compounds; Primary alcohols; Organooxygen compounds; Fatty amides; Carboxylic acid amides; Carboxylic acid derivatives; N-acyl amines; Ceramides; Monosaccharides; Secondary alcohols; Secondary carboxylic acid amides; Carbonyl compounds; Polyols; Fatty Acyls; Organic oxides; Hydrocarbon derivatives; Organopnictogen compounds; Organic oxygen compounds; Organic nitrogen compounds; Chemical entities	480.351	454	7.570	816700341946941222	816699099208006769	816699099203812464	1606	
1	C18H29NO3	[M + H]+	C18H30NO3+	Alkaloids	0.998	Pseudoalkaloids (transamidation)	1.000	Capsaicins and Capsaicinoids	1.000	Lipids and lipid-like molecules	0.986	Fatty Acyls	0.989	Fatty amides	0.986	N-acyl amines	0.946	N-acyl amines	0.946	Organic compounds; Lipids and lipid-like molecules; Alkyl aryl ethers; Phenols; Anisoles; Methoxyphenols; Ethers; Organic acids and derivatives; Carboxylic acids and derivatives; Organonitrogen compounds; Organooxygen compounds; Fatty amides; Carboxylic acid amides; Carboxylic acid derivatives; N-acyl amines; Secondary carboxylic acid amides; Carbonyl compounds; Benzene and substituted derivatives; Phenol ethers; Benzenoids; Fatty Acyls; Organic oxides; Methoxybenzenes; Hydrocarbon derivatives; Organic oxygen compounds; 1-hydroxy-2-unsubstituted benzenoids; Organic nitrogen compounds; Phenoxy compounds; Chemical entities	308.219	455	7.575	816700346732643077	816699099317058687	816699099312864382	1607	
1	C17H30N2O4	[M + H]+	C17H31N2O4+	Amino acids and Peptides	0.570	Linear polyketides	0.298	Open-chain polyketides	0.118	Organic acids and derivatives	0.898	Carboxylic acids and derivatives	0.858	Carboxylic acid derivatives	0.844	Carboxylic acid amides	0.736	Secondary carboxylic acid amides	0.583	Organic compounds; Organoheterocyclic compounds; Alcohols and polyols; Ethers; Organic acids and derivatives; Carboxylic acids and derivatives; Organonitrogen compounds; Organooxygen compounds; Carboxylic acid amides; Carboxylic acid derivatives; Dialkyl ethers; Secondary carboxylic acid amides; Carbonyl compounds; Organic oxides; Hydrocarbon derivatives; Organopnictogen compounds; Organic oxygen compounds; Organic nitrogen compounds; Chemical entities	327.226	455	7.585	816700334535602969	816699099623242894	816699099619048589	1609	
1	C18H29NO2	[M + H]+	C18H30NO2+	Alkaloids	0.310	Lysine alkaloids	0.308	Piperidine alkaloids	0.651	Benzenoids	0.558							Benzenoids	0.558	Organic compounds; Organoheterocyclic compounds; Organic acids and derivatives; Organonitrogen compounds; Organooxygen compounds; Carbonyl compounds; Benzenoids; Organic oxides; Azacyclic compounds; Hydrocarbon derivatives; Organopnictogen compounds; Organic oxygen compounds; Organic nitrogen compounds; Chemical entities	292.225	456	7.597	816700337484200216	816699099921038495	816699099921038494	1612	
1	C42H69NO9	[M + H]+	C42H70NO9+	Fatty acids	0.289	Macrolides	0.715	Sphingoid bases	0.318	Organic acids and derivatives	0.941	Carboxylic acids and derivatives	0.921	Amino acids, peptides, and analogues	0.611	Amino acids and derivatives	0.607	Amino acids and derivatives	0.607	Organic compounds; Organoheterocyclic compounds; Lipids and lipid-like molecules; Amino acids, peptides, and analogues; Ketones; Alcohols and polyols; Organic acids and derivatives; Carboxylic acids and derivatives; Organonitrogen compounds; Organooxygen compounds; Amino acids and derivatives; Carboxylic acid derivatives; Carboxylic acid esters; Secondary alcohols; Carbonyl compounds; Polyols; Amines; Fatty Acyls; Organic oxides; Oxacyclic compounds; Hydrocarbon derivatives; Organopnictogen compounds; Organic oxygen compounds; Organic nitrogen compounds; Chemical entities	732.502	456	7.603	816700336804722627	816699100017507492	816699100017507491	1613	
1	C18H39NO3	[M + H]+	C18H40NO3+	Fatty acids	0.998	Spingolipids	0.993	Sphingoid bases	0.998	Organic nitrogen compounds	1.000	Organonitrogen compounds	1.000	Amines	0.995	Alkanolamines	0.992	1,3-aminoalcohols	0.766	Organic compounds; Alcohols and polyols; Organonitrogen compounds; Primary alcohols; Organooxygen compounds; Monoalkylamines; Secondary alcohols; 1,3-aminoalcohols; 1,2-aminoalcohols; Polyols; Amines; Primary amines; Alkanolamines; Hydrocarbon derivatives; Organopnictogen compounds; Organic oxygen compounds; Organic nitrogen compounds; Chemical entities	318.299	457	7.617	816700339640073090	816699100214639813	816699100210445508	1617	
1	C18H30O3	[M + H]+	C18H31O3+	Fatty acids	0.880	Octadecanoids	0.415	Fatty alcohols	0.361	Lipids and lipid-like molecules	0.816	Fatty Acyls	0.720					Fatty Acyls	0.720	Organic compounds; Lipids and lipid-like molecules; Alcohols and polyols; Organic acids and derivatives; Carboxylic acids and derivatives; Organooxygen compounds; Monocarboxylic acids and derivatives; Secondary alcohols; Carbonyl compounds; Fatty Acyls; Organic oxides; Hydrocarbon derivatives; Organic oxygen compounds; Chemical entities	295.225	457	7.625	816700342643195998	816699100512435421	816699100512435420	1627	
1	C16H33NO3	[M + Na]+	C16H33NNaO3+	Fatty acids	0.886	Small peptides	0.622	Aminoacids	0.221	Organic acids and derivatives	0.998	Carboxylic acids and derivatives	0.993	Amino acids, peptides, and analogues	0.701	Amino acids and derivatives	0.699	Alpha amino acids and derivatives	0.607	Organic compounds; Lipids and lipid-like molecules; Amino acids, peptides, and analogues; Alpha amino acids and derivatives; Alcohols and polyols; Fatty acids and conjugates; Organic acids and derivatives; Carboxylic acids and derivatives; Organonitrogen compounds; Organooxygen compounds; Fatty amides; Amino acids and derivatives; Monoalkylamines; Carboxylic acid amides; Amino fatty acids; Carboxylic acid derivatives; N-acyl amines; Monocarboxylic acids and derivatives; Carboxylic acids; Secondary carboxylic acid amides; Carbonyl compounds; Amines; Primary amines; Fatty Acyls; Organic oxides; Hydrocarbon derivatives; Amino acids; Organopnictogen compounds; Organic oxygen compounds; Organic nitrogen compounds; Chemical entities	310.236	458	7.640	816700352847940059	816699100705373422	816699100705373421	1631	
1	C18H26O2	[M + H]+	C18H27O2+	Terpenoids	0.576	Diterpenoids	0.346	Carbocyclic fatty acids	0.091	Benzenoids	0.723							Benzenoids	0.723	Organic compounds; Lipids and lipid-like molecules; Organic acids and derivatives; Carboxylic acids and derivatives; Organooxygen compounds; Monocarboxylic acids and derivatives; Carboxylic acids; Carbonyl compounds; Benzenoids; Organic oxides; Hydrocarbon derivatives; Organic oxygen compounds; Chemical entities	275.198	459	7.643	816700349882565788	816699100889922815	816699100889922814	1625	
1	C29H34O15	[M + K]+	C29H34KO15+	Shikimates and Phenylpropanoids	0.911	Coumarins	0.404	Simple coumarins	0.285	Organic oxygen compounds	1.000	Organooxygen compounds	1.000	Carbohydrates and carbohydrate conjugates	0.990	Glycosyl compounds	0.916	Phenolic glycosides	0.532	Organic compounds; Organoheterocyclic compounds; Carbohydrates and carbohydrate conjugates; Lipids and lipid-like molecules; Alkyl aryl ethers; Alcohols and polyols; Anisoles; Ethers; Phenylpropanoids and polyketides; Organic acids and derivatives; Carboxylic acids and derivatives; Organooxygen compounds; Fatty acid esters; Carboxylic acid derivatives; Carboxylic acid esters; Monosaccharides; Acetals; Secondary alcohols; Carbonyl compounds; Oxanes; Glycosyl compounds; O-glycosyl compounds; Benzene and substituted derivatives; Polyols; Phenol ethers; Benzenoids; Cinnamic acid esters; Enoate esters; Alpha,beta-unsaturated carboxylic esters; Organic oxides; Oxacyclic compounds; Hydrocarbon derivatives; Phenolic glycosides; Organic oxygen compounds; Chemical entities	661.150	459	7.645	816700416181960334	816699101087055129	816699101087055128	1628	
1	C18H32O4	[M + H]+	C18H33O4+	Fatty acids	0.850	Fatty acyls	0.377	Fatty alcohols	0.420	Lipids and lipid-like molecules	0.906	Fatty Acyls	0.887					Fatty Acyls	0.887	Organic compounds; Lipids and lipid-like molecules; Alcohols and polyols; Organic acids and derivatives; Carboxylic acids and derivatives; Organooxygen compounds; Carboxylic acid derivatives; Monocarboxylic acids and derivatives; Carboxylic acid esters; Secondary alcohols; Carbonyl compounds; Fatty Acyls; Organic oxides; Hydrocarbon derivatives; Organic oxygen compounds; Chemical entities	313.236	461	7.679	816700354030734082	816699101187718444	816699101183524139	1637	
1	C30H26O13	[M - H2O + H]+	C30H25O12+	Shikimates and Phenylpropanoids	0.939	Lignans	0.572	Flavones	0.326	Phenylpropanoids and polyketides	0.902	Cinnamic acids and derivatives	0.862	Hydroxycinnamic acids and derivatives	0.800	Coumaric acids and derivatives	0.838	Coumaric acids and derivatives	0.838	Organic compounds; Organoheterocyclic compounds; Lipids and lipid-like molecules; Styrenes; Coumaric acids and derivatives; Alkyl aryl ethers; Alcohols and polyols; Phenols; Ethers; Phenylpropanoids and polyketides; Organic acids and derivatives; Carboxylic acids and derivatives; Organooxygen compounds; Fatty acid esters; Cinnamic acids and derivatives; Carboxylic acid derivatives; Carboxylic acid esters; Hydroxycinnamic acids and derivatives; Secondary alcohols; Carbonyl compounds; Benzene and substituted derivatives; Benzenoids; Cinnamic acid esters; Enoate esters; Alpha,beta-unsaturated carboxylic esters; Fatty Acyls; Organic oxides; Oxacyclic compounds; Hydrocarbon derivatives; Organic oxygen compounds; 1-hydroxy-2-unsubstituted benzenoids; 1-hydroxy-4-unsubstituted benzenoids; Chemical entities	577.132	461	7.691	816700359995036320	816699101502291261	816699101502291260	1643	
1	C17H30N6O3	[M + H]+	C17H31N6O3+	Alkaloids	0.707	Small peptides	0.041	Purine alkaloids	0.021	Organic acids and derivatives	0.635	Carboxylic acids and derivatives	0.563	Amino acids, peptides, and analogues	0.612	Amino acids and derivatives	0.611	Carbamate esters	0.544	Organic compounds; Organoheterocyclic compounds; Amino acids, peptides, and analogues; Ethers; Organic acids and derivatives; Carboxylic acids and derivatives; Organonitrogen compounds; Carbamic acids and derivatives; Organooxygen compounds; Amino acids and derivatives; Carbamate esters; Dialkyl ethers; Aminopyrimidines and derivatives; Aminotriazines; Carbonyl compounds; Amines; Imidolactams; Organic oxides; 1,3,5-triazines; Azacyclic compounds; Heteroaromatic compounds; Hydrocarbon derivatives; Organopnictogen compounds; Organic oxygen compounds; Organic nitrogen compounds; Chemical entities	367.244	462	7.700	816700361358185632	816699101703617863	816699101699423558	1645	
1	C14H35N4O2	[M + Na]+	C14H35N4NaO2+	Alkaloids	0.386	Small peptides	0.727	Polyamines	0.593	Organic acids and derivatives	0.837	Carboxylic acids and derivatives	0.674	Amino acids, peptides, and analogues	0.586	Amino acids and derivatives	0.584	Amino acids and derivatives	0.584	Organic compounds; Amino acids, peptides, and analogues; Organic acids and derivatives; Carboxylic acids and derivatives; Organonitrogen compounds; Organooxygen compounds; Amino acids and derivatives; Carbonyl compounds; Organic oxides; Hydrocarbon derivatives; Organopnictogen compounds; Organic oxygen compounds; Organic nitrogen compounds; Chemical entities	314.268	462	7.702	816700351644173703	816699101804281164	816699101804281163	1648	
1	C15H32N4Si	[M + H]+	C15H33N4Si+	Terpenoids	0.870	Monoterpenoids	0.420	Pinane monoterpenoids	0.204	Organic nitrogen compounds	0.924	Organonitrogen compounds	0.876					Organonitrogen compounds	0.876	Organic compounds; Organonitrogen compounds; Hydrocarbon derivatives; Organic nitrogen compounds; Chemical entities	297.247	464	7.741	816700356878667174	816699102580227443	816699102576033138	1655	
1	C18H28O4	[M - H2O + H]+	C18H27O3+	Terpenoids	0.579	Diterpenoids	0.318	Bisabolane sesquiterpenoids	0.108	Lipids and lipid-like molecules	0.811	Prenol lipids	0.502					Prenol lipids	0.502	Organic compounds; Lipids and lipid-like molecules; Alcohols and polyols; Prenol lipids; Organic acids and derivatives; Carboxylic acids and derivatives; Organooxygen compounds; Carboxylic acid derivatives; Monocarboxylic acids and derivatives; Carboxylic acid esters; Carbonyl compounds; Fatty Acyls; Organic oxides; Hydrocarbon derivatives; Organic oxygen compounds; Chemical entities	291.194	467	7.781	816700358497669113	816699102936743303	816699102936743302	1667	
1	C11H16O2	[M + Na]+	C11H16NaO2+	Terpenoids	0.888	Sesquiterpenoids	0.737	Bisabolane sesquiterpenoids	0.596	Benzenoids	0.825							Benzenoids	0.825	Organic compounds; Alcohols and polyols; Organooxygen compounds; Carbonyl compounds; Benzenoids; Organic oxides; Hydrocarbon derivatives; Organic oxygen compounds; Chemical entities	203.106	467	7.784	816700362062829174	816699103754632599	816699103754632598	1669	
1	C15H35N3O6	[M + H]+	C15H36N3O6+	Amino acids and Peptides	0.764	Small peptides	0.518	Polyamines	0.507	Organic acids and derivatives	0.997	Carboxylic acids and derivatives	0.989	Amino acids, peptides, and analogues	0.919	Peptides	0.512	Peptides	0.512	Organic compounds; Lipids and lipid-like molecules; Amino acids, peptides, and analogues; Alpha amino acids and derivatives; Fatty acids and conjugates; Organic acids and derivatives; Carboxylic acids and derivatives; Organonitrogen compounds; Organooxygen compounds; Fatty amides; Amino acids and derivatives; Peptides; Monoalkylamines; Carboxylic acid amides; Carboxylic acid derivatives; N-acyl amines; Monocarboxylic acids and derivatives; N-acyl-alpha amino acids and derivatives; Carboxylic acids; Secondary carboxylic acid amides; Carbonyl compounds; Alpha amino acid amides; N-acyl-alpha amino acids; Amines; Primary amines; Fatty Acyls; Organic oxides; Hydrocarbon derivatives; Amino acids; Organopnictogen compounds; Organic oxygen compounds; Organic nitrogen compounds; Chemical entities	354.260	468	7.799	816700362348042059	816699103997902248	816699103997902247	1679	
1	C19H38N2O2	[M + K]+	C19H38KN2O2+	Fatty acids	0.678	Fatty amides	0.356	N-acyl ethanolamines (endocannabinoids)	0.133	Organic acids and derivatives	0.887	Carboxylic acids and derivatives	0.851	Amino acids, peptides, and analogues	0.554	Amino acids and derivatives	0.548	Amino acids and derivatives	0.548	Organic compounds; Lipids and lipid-like molecules; Amino acids, peptides, and analogues; Organic acids and derivatives; Carboxylic acids and derivatives; Organonitrogen compounds; Organooxygen compounds; Amino acids and derivatives; Carboxylic acid amides; Carboxylic acid derivatives; Carbonyl compounds; Amines; Fatty Acyls; Organic oxides; Azacyclic compounds; Hydrocarbon derivatives; Organopnictogen compounds; Organic oxygen compounds; Organic nitrogen compounds; Chemical entities	365.258	468	7.801	816700362431928223	816699104069205421	816699104069205420	1681	
1	C22H41NO4	[M + H]+	C22H42NO4+	Alkaloids	0.959	Pseudoalkaloids (transamidation)	0.953	Terpenoid alkaloids	0.934	Lipids and lipid-like molecules	0.750	Prenol lipids	0.632	Diterpenoids	0.731			Diterpenoids	0.731	Organic compounds; Organoheterocyclic compounds; Lipids and lipid-like molecules; Alcohols and polyols; Piperidines; Prenol lipids; Organonitrogen compounds; Alkaloids and derivatives; Primary alcohols; Azepanes; Organooxygen compounds; Cyclic alcohols and derivatives; Diterpenoids; Secondary alcohols; 1,2-aminoalcohols; Polyols; Amines; Alkanolamines; Azacyclic compounds; Hydrocarbon derivatives; Organopnictogen compounds; Organic oxygen compounds; Organic nitrogen compounds; Chemical entities	384.309	468	7.808	816700362415150991	816699104161480114	816699104157285809	1682	
1	C9H25BN6O4	[M + H]+	C9H26BN6O4+	Amino acids and Peptides	0.878	Small peptides	0.924	Aminoacids	0.408	Organic acids and derivatives	0.883	Carboxylic acids and derivatives	0.508	Amino acids, peptides, and analogues	0.747	Amino acids and derivatives	0.741	Alpha amino acids and derivatives	0.714	Organic compounds; Amino acids, peptides, and analogues; Alpha amino acids and derivatives; Organic acids and derivatives; Carboxylic acids and derivatives; Organonitrogen compounds; Organooxygen compounds; Amino acids and derivatives; Guanidines; Boronic acids; Organometallic compounds; Monoalkylamines; Boronic acid derivatives; Organometalloid compounds; Carbonyl compounds; Amines; Primary amines; Organoboron compounds; Carboximidamides; Organic 1,3-dipolar compounds; Propargyl-type 1,3-dipolar organic compounds; Organic salts; Organic oxides; Organic metalloid salts; Organic metal salts; Hydrocarbon derivatives; Organopnictogen compounds; Alkylboranes; Monoalkylboranes; Organic oxygen compounds; Organic nitrogen compounds; Chemical entities	292.213	469	7.811	816700371428711873	816699104249560503	816699104249560502	1684	
1	C18H39NO2	[M + H]+	C18H40NO2+	Fatty acids	0.999	Spingolipids	0.999	Sphingoid bases	1.000	Organic nitrogen compounds	1.000	Organonitrogen compounds	1.000	Amines	0.997	Alkanolamines	0.992	1,3-aminoalcohols	0.529	Organic compounds; Alcohols and polyols; Organonitrogen compounds; Primary alcohols; Organooxygen compounds; Monoalkylamines; Secondary alcohols; 1,3-aminoalcohols; 1,2-aminoalcohols; Amines; Primary amines; Alkanolamines; Hydrocarbon derivatives; Organopnictogen compounds; Organic oxygen compounds; Organic nitrogen compounds; Chemical entities	302.304	470	7.828	816700362218018545	816699104325057980	816699104325057979	1687	
1	C20H43NO2	[M + H]+	C20H44NO2+	Fatty acids	0.970	Spingolipids	0.745	Sphingoid bases	0.968	Organic nitrogen compounds	1.000	Organonitrogen compounds	1.000	Amines	1.000	Alkanolamines	0.992	1,2-aminoalcohols	0.991	Organic compounds; Alcohols and polyols; Organonitrogen compounds; Primary alcohols; Organooxygen compounds; 1,2-aminoalcohols; Trialkylamines; Amines; Tertiary amines; Alkanolamines; Hydrocarbon derivatives; Organopnictogen compounds; Organic oxygen compounds; Organic nitrogen compounds; Chemical entities	330.335	470	7.830	816700362452899763	816699104421526978	816699104421526977	1690	
1	C18H32O4	[M - H2O + H]+	C18H31O3+	Fatty acids	0.774	Octadecanoids	0.422	Fatty alcohols	0.209	Lipids and lipid-like molecules	0.842	Fatty Acyls	0.713					Fatty Acyls	0.713	Organic compounds; Lipids and lipid-like molecules; Alcohols and polyols; Organic acids and derivatives; Carboxylic acids and derivatives; Organooxygen compounds; Monocarboxylic acids and derivatives; Secondary alcohols; Carbonyl compounds; Fatty Acyls; Organic oxides; Hydrocarbon derivatives; Organic oxygen compounds; Chemical entities	295.226	470	7.839	816700363165931831	816699104786431447	816699104786431446	1695	
1	C18H35NO4	[M + Na]+	C18H35NNaO4+	Fatty acids	0.710	Small peptides	0.350	Aminoacids	0.258	Organic acids and derivatives	0.998	Carboxylic acids and derivatives	0.996	Amino acids, peptides, and analogues	0.953	Amino acids and derivatives	0.952	Alpha amino acid esters	0.701	Organic compounds; Lipids and lipid-like molecules; Amino acids, peptides, and analogues; Alpha amino acids and derivatives; Organic acids and derivatives; Carboxylic acids and derivatives; Organonitrogen compounds; Organooxygen compounds; Fatty acid esters; Dicarboxylic acids and derivatives; Amino acids and derivatives; Alpha amino acid esters; Carboxylic acid derivatives; Monocarboxylic acids and derivatives; Carboxylic acid esters; Carbonyl compounds; Fatty Acyls; Organic oxides; Hydrocarbon derivatives; Organopnictogen compounds; Organic oxygen compounds; Organic nitrogen compounds; Chemical entities	352.246	471	7.851	816700365036592276	816699105134558789	816699105134558788	1701	
1	C10H23N5O4	[M + H]+	C10H24N5O4+	Alkaloids	0.467	Histidine alkaloids	0.579	Imidazole alkaloids	0.583	Organic acids and derivatives	0.953	Carboxylic acids and derivatives	0.924	Carboxylic acid derivatives	0.893	Carboxylic acid amides	0.759	Secondary carboxylic acid amides	0.530	Organic compounds; Organoheterocyclic compounds; Organic acids and derivatives; Carboxylic acids and derivatives; Organonitrogen compounds; Organooxygen compounds; Carboxylic acid amides; Carboxylic acid derivatives; Secondary carboxylic acid amides; Carbonyl compounds; Acetamides; Organic oxides; Azacyclic compounds; Hydrocarbon derivatives; Organopnictogen compounds; Organic oxygen compounds; Organic nitrogen compounds; Chemical entities	278.182	472	7.872	816700416026770794	816699105507851937	816699105507851936	1707	
1	C13H14O2	[M + H]+	C13H15O2+	Shikimates and Phenylpropanoids	0.825	Phenylpropanoids (C6-C3)	0.350	Cinnamic acids and derivatives	0.395	Organic oxygen compounds	1.000	Organooxygen compounds	1.000	Ethers	0.671	Alkyl aryl ethers	0.567	Alkyl aryl ethers	0.567	Organic compounds; Alkyl aryl ethers; Ethers; Organooxygen compounds; Benzenoids; Hydrocarbon derivatives; Organic oxygen compounds; Chemical entities	203.106	472	7.875	816700415917718820	816699105600126636	816699105600126635	1708	
1	C17H24O3	[M + H]+	C17H25O3+	Terpenoids	0.982	Sesquiterpenoids	0.878	Humulane sesquiterpenoids	0.221	Lipids and lipid-like molecules	0.842	Prenol lipids	0.759					Prenol lipids	0.759	Organic compounds; Lipids and lipid-like molecules; Ketones; Prenol lipids; Organic acids and derivatives; Carboxylic acids and derivatives; Organooxygen compounds; Carboxylic acid derivatives; Monocarboxylic acids and derivatives; Carboxylic acid esters; Carbonyl compounds; Cyclic ketones; Organic oxides; Hydrocarbon derivatives; Organic oxygen compounds; Chemical entities	277.182	472	7.875	816700416123240022	816699105696595642	816699105696595641	1709	
1	C11H12O	[M + H]+	C11H13O+	Shikimates and Phenylpropanoids	0.602	Phenylpropanoids (C6-C3)	0.857	Cinnamic acids and derivatives	0.857	Benzenoids	0.994	Phenol ethers	0.911	Anisoles	0.921			Anisoles	0.921	Organic compounds; Alkyl aryl ethers; Anisoles; Ethers; Organooxygen compounds; Benzene and substituted derivatives; Phenol ethers; Benzenoids; Methoxybenzenes; Hydrocarbon derivatives; Organic oxygen compounds; Phenoxy compounds; Chemical entities	161.095	473	7.877	816700416081296805	816699105788870335	816699105788870334	1710	
1	C18H32O4	[M + H]+	C18H33O4+	Fatty acids	0.999	Octadecanoids	0.920	Other Octadecanoids	0.935	Lipids and lipid-like molecules	0.991	Fatty Acyls	0.987	Lineolic acids and derivatives	0.517			Lineolic acids and derivatives	0.517	Organic compounds; Lipids and lipid-like molecules; Alcohols and polyols; Fatty acids and conjugates; Organic acids and derivatives; Carboxylic acids and derivatives; Organooxygen compounds; Unsaturated fatty acids; Hydroxy fatty acids; Lineolic acids and derivatives; Monocarboxylic acids and derivatives; Carboxylic acids; Secondary alcohols; Carbonyl compounds; Long-chain fatty acids; Fatty Acyls; Organic oxides; Hydrocarbon derivatives; Organic oxygen compounds; Chemical entities	313.236	473	7.879	816700416089685420	816699105881145029	816699105876950724	1692	
1	C21H32N2O	[M + Na]+	C21H32N2NaO+	Alkaloids	0.608	Lysine alkaloids	0.040	Quinolizidine alkaloids	0.009	Organoheterocyclic compounds	0.948	Piperidines	0.922	Fentanyls	0.771			Fentanyls	0.771	Organic compounds; Organoheterocyclic compounds; Amino acids, peptides, and analogues; Phenethylamines; Piperidines; Organic acids and derivatives; Carboxylic acids and derivatives; Organonitrogen compounds; Anilides; Organooxygen compounds; Amino acids and derivatives; Fentanyls; Carboxylic acid amides; Carboxylic acid derivatives; Tertiary carboxylic acid amides; Carbonyl compounds; Trialkylamines; Benzene and substituted derivatives; Benzenoids; Amines; Tertiary amines; Aralkylamines; Organic oxides; Azacyclic compounds; Hydrocarbon derivatives; Organopnictogen compounds; Organic oxygen compounds; Organic nitrogen compounds; Chemical entities	351.244	474	7.905	816700472561811007	816699106422210277	816699106422210276	1721	
1	C15H22O2	[M + H]+	C15H23O2+	Terpenoids	0.983	Sesquiterpenoids	0.974	Bisabolane sesquiterpenoids	0.716	Benzenoids	0.699	Benzene and substituted derivatives	0.577					Benzene and substituted derivatives	0.577	Organic compounds; Alcohols and polyols; Organooxygen compounds; Carbonyl compounds; Benzene and substituted derivatives; Benzenoids; Organic oxides; Hydrocarbon derivatives; Organic oxygen compounds; Chemical entities	235.168	475	7.923	816700472226266395	816699106631925487	816699106631925486	1726	
1	C19H38N2O5	[M + Na]+	C19H38N2NaO5+	Fatty acids	0.919	Fatty amides	0.324	N-acyl amines	0.475	Organic acids and derivatives	0.986	Carboxylic acids and derivatives	0.977	Amino acids, peptides, and analogues	0.768	Amino acids and derivatives	0.760	Amino acids	0.560	Organic compounds; Lipids and lipid-like molecules; Amino acids, peptides, and analogues; Alcohols and polyols; Fatty acids and conjugates; Organic acids and derivatives; Carboxylic acids and derivatives; Organonitrogen compounds; Organooxygen compounds; Hydroxy fatty acids; Amino acids and derivatives; Monoalkylamines; Carboxylic acid amides; Amino fatty acids; Carboxylic acid derivatives; N-acyl amines; Monocarboxylic acids and derivatives; Carboxylic acids; Secondary alcohols; Secondary carboxylic acid amides; Carbonyl compounds; Amines; Primary amines; Medium-chain fatty acids; Fatty Acyls; Organic oxides; Hydrocarbon derivatives; Amino acids; Organopnictogen compounds; Organic oxygen compounds; Organic nitrogen compounds; Chemical entities	397.268	476	7.930	816700483039187965	816699106732588789	816699106732588788	1728	
1	C12H27N7	[M + Na]+	C12H27N7Na+	Alkaloids	0.955	Ornithine alkaloids	0.124	Polyamines	0.151	Organoheterocyclic compounds	0.694	Triazines	0.338	Aminotriazines	0.415	N-aliphatic s-triazines	0.510	N-aliphatic s-triazines	0.510	Organic compounds; Organoheterocyclic compounds; Organonitrogen compounds; Amines; Tertiary amines; N-aliphatic s-triazines; Azacyclic compounds; Heteroaromatic compounds; Hydrocarbon derivatives; Organopnictogen compounds; Organic nitrogen compounds; Chemical entities	292.224	477	7.956	816700471936859094	816699107311402772	816699107311402771	1738	
1	C22H45NO2	[M + H]+	C22H46NO2+	Fatty acids	0.993	Fatty amides	0.953	N-acyl ethanolamines (endocannabinoids)	0.460	Lipids and lipid-like molecules	0.718	Fatty Acyls	0.623	Fatty amides	0.509	N-acyl amines	0.528	N-acyl amines	0.528	Organic compounds; Lipids and lipid-like molecules; Alcohols and polyols; Organic acids and derivatives; Organonitrogen compounds; Primary alcohols; Organooxygen compounds; Fatty amides; N-acyl amines; Carbonyl compounds; 1,2-aminoalcohols; Amines; Alkanolamines; Fatty Acyls; Hydrocarbon derivatives; Organopnictogen compounds; Organic oxygen compounds; Organic nitrogen compounds; Chemical entities	356.351	478	7.968	816700475023869314	816699107403677558	816699107403677557	1744	
1	C18H33NO2	[M - H2O + H]+	C18H32NO+	Fatty acids	0.999	Spingolipids	0.907	Sphingoid bases	0.958	Organic oxygen compounds	1.000	Organooxygen compounds	0.995	Alcohols and polyols	0.924	Secondary alcohols	0.576	Secondary alcohols	0.576	Organic compounds; Alcohols and polyols; Organonitrogen compounds; Primary alcohols; Organooxygen compounds; Secondary alcohols; Amines; Alkanolamines; Hydrocarbon derivatives; Organopnictogen compounds; Organic oxygen compounds; Organic nitrogen compounds; Chemical entities	278.247	479	7.985	816700472641502868	816699107781165256	816699107781165255	1749	
1	C29H48	[M + H]+	C29H49+	Terpenoids	0.974	Steroids	0.532	Cholestane steroids	0.487	Lipids and lipid-like molecules	0.972	Steroids and steroid derivatives	0.731					Steroids and steroid derivatives	0.731	Organic compounds; Lipids and lipid-like molecules; Steroids and steroid derivatives; Prenol lipids; Hydrocarbons; Olefins; Cyclic olefins; Polycyclic hydrocarbons; Unsaturated hydrocarbons; Unsaturated aliphatic hydrocarbons; Branched unsaturated hydrocarbons; Chemical entities	397.381	482	8.029	816700485010511895	816699108951376113	816699108951376112	1762	
1	C20H36N2O5	[M + H]+	C20H37N2O5+	Alkaloids	0.589	Ornithine alkaloids	0.019	Phenylethylamines	0.014	Lipids and lipid-like molecules	0.661	Fatty Acyls	0.532					Fatty Acyls	0.532	Organic compounds; Lipids and lipid-like molecules; Alcohols and polyols; Ethers; Organic acids and derivatives; Carboxylic acids and derivatives; Organonitrogen compounds; Organooxygen compounds; Carboxylic acid derivatives; Carboxylic acid esters; Carbonyl compounds; 1,2-aminoalcohols; Amines; Alkanolamines; Fatty Acyls; Organic oxides; Hydrocarbon derivatives; Organopnictogen compounds; Organic oxygen compounds; Organic nitrogen compounds; Chemical entities	385.268	483	8.051	816700476101806014	816699109144314120	816699109144314119	1768	
1	C18H30O3	[M - H2O + H]+	C18H29O2+	Fatty acids	0.997	Octadecanoids	0.621	Other Octadecanoids	0.633	Lipids and lipid-like molecules	0.978	Fatty Acyls	0.946	Lineolic acids and derivatives	0.511			Lineolic acids and derivatives	0.511	Organic compounds; Lipids and lipid-like molecules; Alcohols and polyols; Fatty acids and conjugates; Organic acids and derivatives; Carboxylic acids and derivatives; Organooxygen compounds; Unsaturated fatty acids; Lineolic acids and derivatives; Monocarboxylic acids and derivatives; Carboxylic acids; Secondary alcohols; Carbonyl compounds; Long-chain fatty acids; Fatty Acyls; Organic oxides; Hydrocarbon derivatives; Organic oxygen compounds; Chemical entities	277.215	489	8.148	816700473983681291	816699110201278818	816699110197084513	1787	
1	C16H27N3O	[M + H]+	C16H28N3O+	Alkaloids	0.534	Monoterpenoids	0.164	Quinolizidine alkaloids	0.120	Lipids and lipid-like molecules	0.610	Prenol lipids	0.591					Prenol lipids	0.591	Organic compounds; Organoheterocyclic compounds; Lipids and lipid-like molecules; Prenol lipids; Organic acids and derivatives; Carboxylic acids and derivatives; Organonitrogen compounds; Organooxygen compounds; Carboxylic acid amides; Carboxylic acid derivatives; Carbonyl compounds; Organic oxides; Azacyclic compounds; Hydrocarbon derivatives; Organopnictogen compounds; Organic oxygen compounds; Organic nitrogen compounds; Chemical entities	278.223	489	8.148	816700474185008019	816699110297747827	816699110297747824	1788	
1	C16H32O2	[M + Na]+	C16H32NaO2+	Fatty acids	0.953	Fatty esters	0.379	Fatty alcohols	0.537	Lipids and lipid-like molecules	0.944	Fatty Acyls	0.877					Fatty Acyls	0.877	Organic compounds; Lipids and lipid-like molecules; Alcohols and polyols; Organic acids and derivatives; Carboxylic acids and derivatives; Organooxygen compounds; Carboxylic acid derivatives; Monocarboxylic acids and derivatives; Carboxylic acid esters; Secondary alcohols; Carbonyl compounds; Fatty Acyls; Organic oxides; Hydrocarbon derivatives; Organic oxygen compounds; Chemical entities	279.229	490	8.168	816700476697397570	816699110595543469	816699110595543468	1791	
1	C19H37NO3	[M + H]+	C19H38NO3+	Fatty acids	0.876	Fatty amides	0.691	N-acyl ethanolamines (endocannabinoids)	0.112	Organic acids and derivatives	0.988	Carboxylic acids and derivatives	0.970	Amino acids, peptides, and analogues	0.535	Amino acids and derivatives	0.528	Amino acids and derivatives	0.528	Organic compounds; Lipids and lipid-like molecules; Amino acids, peptides, and analogues; Alcohols and polyols; Organic acids and derivatives; Carboxylic acids and derivatives; Organonitrogen compounds; Organooxygen compounds; Fatty amides; Amino acids and derivatives; Carboxylic acid amides; Carboxylic acid derivatives; N-acyl amines; Monocarboxylic acids and derivatives; Secondary carboxylic acid amides; Carbonyl compounds; Fatty Acyls; Organic oxides; Hydrocarbon derivatives; Organopnictogen compounds; Organic oxygen compounds; Organic nitrogen compounds; Chemical entities	328.283	491	8.191	816700476760312190	816699110956253636	816699110952059331	1796	
1	C15H33N3O5	[M + H]+	C15H34N3O5+	Amino acids and Peptides	0.606	Small peptides	0.727	Aminoacids	0.243	Organic acids and derivatives	0.986	Carboxylic acids and derivatives	0.973	Amino acids, peptides, and analogues	0.885	Amino acids and derivatives	0.884	Alpha amino acids and derivatives	0.602	Organic compounds; Lipids and lipid-like molecules; Amino acids, peptides, and analogues; Alpha amino acids and derivatives; Organic acids and derivatives; Carboxylic acids and derivatives; Organonitrogen compounds; Organooxygen compounds; Fatty acid esters; Amino acids and derivatives; Carboxylic acid derivatives; Carboxylic acid esters; Carbonyl compounds; Fatty Acyls; Organic oxides; Hydrocarbon derivatives; Organopnictogen compounds; Organic oxygen compounds; Organic nitrogen compounds; Chemical entities	336.250	493	8.215	816700483072742425	816699111144997327	816699111144997326	1805	
1	C18H28O3	[M - H2O + H]+	C18H27O2+	Fatty acids	0.997	Octadecanoids	0.798	Other Octadecanoids	0.745	Lipids and lipid-like molecules	0.976	Fatty Acyls	0.961	Fatty acids and conjugates	0.894	Long-chain fatty acids	0.827	Long-chain fatty acids	0.827	Organic compounds; Lipids and lipid-like molecules; Alcohols and polyols; Fatty acids and conjugates; Organic acids and derivatives; Carboxylic acids and derivatives; Organooxygen compounds; Unsaturated fatty acids; Hydroxy fatty acids; Monocarboxylic acids and derivatives; Carboxylic acids; Secondary alcohols; Carbonyl compounds; Long-chain fatty acids; Fatty Acyls; Organic oxides; Hydrocarbon derivatives; Organic oxygen compounds; Chemical entities	275.199	494	8.229	816700477855026214	816699111220494805	816699111220494804	1812	
1	C18H28O3	[M + H]+	C18H29O3+	Terpenoids	0.766	Diterpenoids	0.378	Phytane diterpenoids	0.095	Lipids and lipid-like molecules	0.853							Lipids and lipid-like molecules	0.853	Organic compounds; Lipids and lipid-like molecules; Ketones; Alcohols and polyols; Organic acids and derivatives; Carboxylic acids and derivatives; Organooxygen compounds; Monocarboxylic acids and derivatives; Carbonyl compounds; Cyclic ketones; Organic oxides; Hydrocarbon derivatives; Organic oxygen compounds; Chemical entities	293.209	494	8.229	816700482066109199	816699111308575194	816699111308575193	1814	
1	C22H47NO2	[M + H]+	C22H48NO2+	Fatty acids	0.998	Fatty amides	0.914	Sphingoid bases	0.869	Lipids and lipid-like molecules	0.503							Lipids and lipid-like molecules	0.503	Organic compounds; Lipids and lipid-like molecules; Alcohols and polyols; Organonitrogen compounds; Primary alcohols; Organooxygen compounds; 1,2-aminoalcohols; Amines; Alkanolamines; Hydrocarbon derivatives; Organopnictogen compounds; Organic oxygen compounds; Organic nitrogen compounds; Chemical entities	358.366	494	8.231	816700478777773687	816699111463764452	816699111459570147	1816	
1	C19H33F	[M + H]+	C19H34F+	Terpenoids	0.960	Diterpenoids	0.664	Halogenated fatty acids	0.034	Lipids and lipid-like molecules	0.735	Prenol lipids	0.637					Prenol lipids	0.637	Organic compounds; Lipids and lipid-like molecules; Prenol lipids; Organohalogen compounds; Organofluorides; Alkyl halides; Hydrocarbon derivatives; Hydrofluorocarbons; Chemical entities	281.265	494	8.234	816700481688621724	816699111618953711	816699111618953710	1819	
1	C18H33NO	[M + H]+	C18H34NO+	Fatty acids	1.000	Fatty amides	1.000	Primary amides	1.000	Lipids and lipid-like molecules	0.934	Fatty Acyls	0.941	Fatty amides	0.925			Fatty amides	0.925	Organic compounds; Lipids and lipid-like molecules; Organic acids and derivatives; Carboxylic acids and derivatives; Organonitrogen compounds; Organooxygen compounds; Fatty amides; Carboxylic acid amides; Carboxylic acid derivatives; Primary carboxylic acid amides; Carbonyl compounds; Fatty Acyls; Organic oxides; Hydrocarbon derivatives; Organopnictogen compounds; Organic oxygen compounds; Organic nitrogen compounds; Chemical entities	280.262	494	8.235	816700491322940983	816699111686062580	816699111686062579	1818	
1	C28H32O14	[M + K]+	C28H32KO14+	Shikimates and Phenylpropanoids	0.765	Phenylpropanoids (C6-C3)	0.211	Cinnamic acids and derivatives	0.190	Phenylpropanoids and polyketides	0.965	Cinnamic acids and derivatives	0.983	Hydroxycinnamic acids and derivatives	0.981	Coumaric acids and derivatives	0.976	Coumaric acids and derivatives	0.976	Organic compounds; Organoheterocyclic compounds; Carbohydrates and carbohydrate conjugates; Lipids and lipid-like molecules; Styrenes; Coumaric acids and derivatives; Alkyl aryl ethers; Alcohols and polyols; Phenols; Anisoles; Methoxyphenols; Ethers; Phenylpropanoids and polyketides; Organic acids and derivatives; Carboxylic acids and derivatives; Primary alcohols; Organooxygen compounds; Fatty acid esters; Dicarboxylic acids and derivatives; Cinnamic acids and derivatives; Carboxylic acid derivatives; Carboxylic acid esters; Hydroxycinnamic acids and derivatives; Disaccharides; Acetals; Secondary alcohols; Carbonyl compounds; Oxanes; Glycosyl compounds; C-glycosyl compounds; O-glycosyl compounds; Benzene and substituted derivatives; Polyols; Phenol ethers; Benzenoids; Cinnamic acid esters; Enoate esters; Alpha,beta-unsaturated carboxylic esters; Fatty Acyls; Organic oxides; Dimethoxybenzenes; Methoxybenzenes; Oxacyclic compounds; Hydrocarbon derivatives; Organic oxygen compounds; Phenoxy compounds; Chemical entities	631.140	496	8.263	816700502207164664	816699111967080964	816699111962886659	1824	
1	C14H26N4O3S	[M + Na]+	C14H26N4NaO3S+	Terpenoids	0.298	Histidine alkaloids	0.168	Menthane monoterpenoids	0.244	Organosulfur compounds	0.934	Thioethers	0.861	Aryl thioethers	0.660	Alkylarylthioethers	0.673	Alkylarylthioethers	0.673	Organic compounds; Organoheterocyclic compounds; Organosulfur compounds; Organonitrogen compounds; Organooxygen compounds; Azoles; Thioethers; Carbonyl compounds; Amines; Primary amines; Sulfenyl compounds; Alkylarylthioethers; Organic oxides; Azacyclic compounds; Heteroaromatic compounds; Hydrocarbon derivatives; Organopnictogen compounds; Organic oxygen compounds; Aryl thioethers; Organic nitrogen compounds; Chemical entities	353.161	497	8.291	816700497287244216	816699112050967049	816699112046772744	1831	
1	C18H33NO2	[M + H]+	C18H34NO2+	Terpenoids	0.273	Fatty amides	0.234	Open-chain polyketides	0.205	Lipids and lipid-like molecules	0.510							Lipids and lipid-like molecules	0.510	Organic compounds; Organoheterocyclic compounds; Lipids and lipid-like molecules; Organic acids and derivatives; Carboxylic acids and derivatives; Organonitrogen compounds; Organooxygen compounds; Carboxylic acid derivatives; Monocarboxylic acids and derivatives; Carbonyl compounds; Organic oxides; Oxacyclic compounds; Hydrocarbon derivatives; Organopnictogen compounds; Organic oxygen compounds; Organic nitrogen compounds; Chemical entities	296.257	498	8.301	816700484981151738	816699112445231652	816699112445231651	1840	
1	C14H34N4O	[M + Na]+	C14H34N4NaO+	Fatty acids	0.270	Ornithine alkaloids	0.316	Polyamines	0.541	Organic nitrogen compounds	0.999	Organonitrogen compounds	0.994					Organonitrogen compounds	0.994	Organic compounds; Organonitrogen compounds; Organooxygen compounds; Organic oxides; Hydrocarbon derivatives; Organopnictogen compounds; Organic oxygen compounds; Organic nitrogen compounds; Chemical entities	297.260	498	8.303	816700486105225824	816699112625586734	816699112621392429	1843	
1	C18H26N2O4	[M + H]+	C18H27N2O4+	Amino acids and Peptides	0.538	Small peptides	0.418	Dipeptides	0.204	Organic acids and derivatives	0.953	Carboxylic acids and derivatives	0.944	Amino acids, peptides, and analogues	0.773	Amino acids and derivatives	0.772	Amino acids and derivatives	0.772	Organic compounds; Organoheterocyclic compounds; Amino acids, peptides, and analogues; Ethers; Organic acids and derivatives; Carboxylic acids and derivatives; Organonitrogen compounds; Organooxygen compounds; Amino acids and derivatives; Carboxylic acid amides; Carboxylic acid derivatives; Carbonyl compounds; Trialkylamines; Benzene and substituted derivatives; Amines; Tertiary amines; Organic oxides; Azacyclic compounds; Hydrocarbon derivatives; Organopnictogen compounds; Organic oxygen compounds; Organic nitrogen compounds; Phenoxy compounds; Chemical entities	335.196	499	8.322	816700492153413664	816699113032434243	816699113032434242	1835	
1	C9H16B10FN	[M + Na]+	C9H16B10FNNa+	Terpenoids	1.000	Monoterpenoids	1.000	Pinane monoterpenoids	1.000	Organoheterocyclic compounds	1.000	Isoindoles and derivatives	0.334	Isoindoles	0.996			Isoindoles	0.996	Organic compounds; Organoheterocyclic compounds; Pyrazines; Isoindoles; Organic acids and derivatives; Organometallic compounds; Boronic acid derivatives; Organometalloid compounds; Pyrazinecarboxamides; Pyrazine carboxylic acids and derivatives; Organoboron compounds; Organoboroxines; Organic salts; Organic metalloid salts; Organic metal salts; Azacyclic compounds; Oxacyclic compounds; Hydrocarbon derivatives; Alkylboranes; Organic oxygen compounds; Chemical entities	280.244	500	8.329	816700491520073414	816699113133097544	816699113133097543	1884	
1	C15H30N2O4S	[M + H]+	C15H31N2O4S+	Fatty acids	0.632	Aminosugars and aminoglycosides	0.179	N-acyl amines	0.185	Organic acids and derivatives	0.981	Carboxylic acids and derivatives	0.960	Amino acids, peptides, and analogues	0.766	Amino acids and derivatives	0.756	Amino acids and derivatives	0.756	Organic compounds; Organosulfur compounds; Lipids and lipid-like molecules; Amino acids, peptides, and analogues; Alcohols and polyols; Organic acids and derivatives; Carboxylic acids and derivatives; Organonitrogen compounds; Organooxygen compounds; Fatty amides; Amino acids and derivatives; Carboxylic acid amides; Carboxylic acid derivatives; N-acyl amines; Secondary alcohols; Secondary carboxylic acid amides; Carbonyl compounds; Amines; Sulfenyl compounds; Fatty Acyls; Organic oxides; Hydrocarbon derivatives; Organopnictogen compounds; Organic oxygen compounds; Organic nitrogen compounds; Chemical entities	335.200	500	8.342	816700494221206615	816699113233760846	816699113233760845	1891	
1	C15H22O	[M + H]+	C15H23O+	Terpenoids	0.984	Sesquiterpenoids	0.961	Bisabolane sesquiterpenoids	0.373	Benzenoids	0.512							Benzenoids	0.512	Organic compounds; Lipids and lipid-like molecules; Ketones; Prenol lipids; Organooxygen compounds; Carbonyl compounds; Benzenoids; Organic oxides; Hydrocarbon derivatives; Organic oxygen compounds; Chemical entities	219.173	501	8.348	816700486931504069	816699113326035540	816699113326035539	1858	
1	C18H39NO4	[M + Na]+	C18H39NNaO4+	Fatty acids	0.998	Spingolipids	0.595	Sphingoid bases	0.900	Organic nitrogen compounds	0.987	Organonitrogen compounds	0.987	Amines	0.751	Alkanolamines	0.749	1,2-aminoalcohols	0.583	Organic compounds; Alcohols and polyols; Ethers; Organonitrogen compounds; Primary alcohols; Organooxygen compounds; Dialkyl ethers; Secondary alcohols; 1,2-aminoalcohols; Amines; Alkanolamines; Hydrocarbon derivatives; Organopnictogen compounds; Organic oxygen compounds; Organic nitrogen compounds; Chemical entities	356.279	501	8.350	816700494229595236	816699113787409063	816699113779020454	1865	
1	C16H22O4	[M + H]+	C16H23O4+	Terpenoids	0.953	Sesquiterpenoids	0.957	Bisabolane sesquiterpenoids	0.199	Organic acids and derivatives	0.879	Carboxylic acids and derivatives	0.860	Carboxylic acid derivatives	0.620	Carboxylic acid esters	0.613	Carboxylic acid esters	0.613	Organic compounds; Alcohols and polyols; Organic acids and derivatives; Carboxylic acids and derivatives; Organooxygen compounds; Carboxylic acid derivatives; Carboxylic acid esters; Carbonyl compounds; Organic oxides; Hydrocarbon derivatives; Organic oxygen compounds; Chemical entities	279.158	501	8.351	816700494548362473	816699113871295148	816699113871295147	1868	
1	C9H8O4	[M + H]+	C9H9O4+	Shikimates and Phenylpropanoids	0.887	Phenolic acids (C6-C1)	0.941	Simple phenolic acids	0.973	Benzenoids	0.998	Benzene and substituted derivatives	0.930	Benzoic acids and derivatives	0.884	Benzoic acids	0.847	Benzoic acids	0.847	Organic compounds; Benzoic acids and derivatives; Organic acids and derivatives; Carboxylic acids and derivatives; Benzoyl derivatives; Organooxygen compounds; Monocarboxylic acids and derivatives; Carboxylic acids; Benzene and substituted derivatives; Benzenoids; Benzoic acids; Organic oxides; Hydrocarbon derivatives; Organic oxygen compounds; Chemical entities	181.048	501	8.352	816700493969548258	816699113955181234	816699113955181233	1862	
1	C9H30N9O2	[M + H]+	C9H31N9O2+	Alkaloids	0.547	Small peptides	0.366	Polyamines	0.514	Organic nitrogen compounds	1.000	Organonitrogen compounds	0.999	Guanidines	0.789	Nitroguanidines	0.514	Nitroguanidines	0.514	Organic compounds; Organic acids and derivatives; Organonitrogen compounds; Organooxygen compounds; Guanidines; Carbonyl compounds; Nitramines; Organic 1,3-dipolar compounds; Organic oxides; Hydrocarbon derivatives; Organopnictogen compounds; Organic oxygen compounds; Nitroguanidines; Organic nitrogen compounds; Chemical entities	297.260	501	8.356	816700495399806506	816699114135536316	816699114135536315	1890	
1	C26H37N3O5	[M + K]+	C26H37KN3O5+	Amino acids and Peptides	0.965	Oligopeptides	0.725	Microcolins and mirabimids	0.072	Organic acids and derivatives	0.999	Carboxylic acids and derivatives	0.996	Amino acids, peptides, and analogues	0.967	Peptides	0.664	Dipeptides	0.531	Organic compounds; Lipids and lipid-like molecules; Amino acids, peptides, and analogues; Alpha amino acids and derivatives; Organic acids and derivatives; Carboxylic acids and derivatives; Organonitrogen compounds; Organooxygen compounds; Fatty amides; Amino acids and derivatives; Peptides; Carboxylic acid amides; Carboxylic acid derivatives; N-acyl amines; Monocarboxylic acids and derivatives; N-acyl-alpha amino acids and derivatives; Carboxylic acid esters; Secondary carboxylic acid amides; Tertiary carboxylic acid amides; Carbonyl compounds; Benzene and substituted derivatives; Alpha amino acid amides; Benzenoids; Fatty Acyls; Organic oxides; Hydrocarbon derivatives; Valine and derivatives; Organopnictogen compounds; Organic oxygen compounds; Organic nitrogen compounds; Dipeptides; Chemical entities	510.238	501	8.358	816700502790173055	816699114215228097	816699114215228096	1875	
1	C21H38O5	[M - H2O + H]+	C21H37O4+	Fatty acids	0.723	Eicosanoids	0.637	Prostaglandins	0.310	Lipids and lipid-like molecules	0.973	Fatty Acyls	0.809	Fatty acids and conjugates	0.587	Hydroxy fatty acids	0.619	Hydroxy fatty acids	0.619	Organic compounds; Lipids and lipid-like molecules; Alcohols and polyols; Fatty acids and conjugates; Organic acids and derivatives; Carboxylic acids and derivatives; Organooxygen compounds; Hydroxy fatty acids; Monocarboxylic acids and derivatives; Carboxylic acids; Cyclic alcohols and derivatives; Secondary alcohols; Carbonyl compounds; Polyols; Fatty Acyls; Organic oxides; Hydrocarbon derivatives; Organic oxygen compounds; Chemical entities	353.267	502	8.366	816700497136249191	816699114399777484	816699114395583179	1866	
1	C18H30O2	[M + H]+	C18H31O2+	Fatty acids	0.997	Fatty Acids and Conjugates	0.814	Unsaturated fatty acids	0.859	Lipids and lipid-like molecules	0.975	Fatty Acyls	0.940	Fatty acids and conjugates	0.870	Long-chain fatty acids	0.889	Long-chain fatty acids	0.889	Organic compounds; Lipids and lipid-like molecules; Fatty acids and conjugates; Organic acids and derivatives; Carboxylic acids and derivatives; Organooxygen compounds; Straight chain fatty acids; Unsaturated fatty acids; Monocarboxylic acids and derivatives; Carboxylic acids; Carbonyl compounds; Long-chain fatty acids; Fatty Acyls; Organic oxides; Hydrocarbon derivatives; Organic oxygen compounds; Chemical entities	279.231	503	8.377	816700496892979435	816699114609492695	816699114605298390	1881	
1	C14H24N4O2S	[M + Na]+	C14H24N4NaO2S+	Alkaloids	0.251	Histidine alkaloids	0.022	Menthane monoterpenoids	0.029	Organosulfur compounds	0.960	Thioethers	0.949	Aryl thioethers	0.914	Alkylarylthioethers	0.933	Alkylarylthioethers	0.933	Organic compounds; Organoheterocyclic compounds; Organosulfur compounds; Triazoles; Organic acids and derivatives; Carboxylic acids and derivatives; Organonitrogen compounds; Organooxygen compounds; Azoles; Carboxylic acid derivatives; Thioethers; Carbonyl compounds; Amines; Sulfenyl compounds; Alkylarylthioethers; Organic oxides; Azacyclic compounds; Heteroaromatic compounds; Hydrocarbon derivatives; Organopnictogen compounds; Organic oxygen compounds; Aryl thioethers; Organic nitrogen compounds; Chemical entities	335.149	503	8.380	816700498876886086	816699114815013602	816699114815013601	1886	
1	C14H31F2N3O	[M + H]+	C14H32F2N3O+	Terpenoids	0.702	Monoterpenoids	0.666	Menthane monoterpenoids	0.408	Lipids and lipid-like molecules	0.547	Prenol lipids	0.548					Prenol lipids	0.548	Organic compounds; Organoheterocyclic compounds; Lipids and lipid-like molecules; Prenol lipids; Organohalogen compounds; Organonitrogen compounds; Organooxygen compounds; Azoles; Alkyl fluorides; Organofluorides; Alkyl halides; Azacyclic compounds; Hydrocarbon derivatives; Organopnictogen compounds; Organic oxygen compounds; Organic nitrogen compounds; Chemical entities	296.252	503	8.390	816700502223941899	816699115028923117	816699115024728812	1901	
1	C19H41NO4	[M + Na]+	C19H41NNaO4+	Fatty acids	0.999	Spingolipids	0.990	Sphingoid bases	0.996	Lipids and lipid-like molecules	0.660							Lipids and lipid-like molecules	0.660	Organic compounds; Lipids and lipid-like molecules; Alcohols and polyols; Organonitrogen compounds; Primary alcohols; Organooxygen compounds; Secondary alcohols; 1,2-aminoalcohols; Amines; Alkanolamines; Hydrocarbon derivatives; Organopnictogen compounds; Organic oxygen compounds; Organic nitrogen compounds; Chemical entities	370.294	504	8.401	816700499388591411	816699115200889591	816699115200889590	1899	
1	C21H47N7	[M + H]+	C21H48N7+	Alkaloids	0.974	Pseudoalkaloids (transamidation)	0.278	Tricyclic guanidine alkaloids	0.215	Organoheterocyclic compounds	0.849	Triazines	0.562	Aminotriazines	0.666	N-aliphatic s-triazines	0.644	N-aliphatic s-triazines	0.644	Organic compounds; Organoheterocyclic compounds; Triazines; Organonitrogen compounds; Aminotriazines; Trialkylamines; Amines; Tertiary amines; N-aliphatic s-triazines; 1,3,5-triazines; Azacyclic compounds; Heteroaromatic compounds; Hydrocarbon derivatives; Organopnictogen compounds; Organic nitrogen compounds; Chemical entities	398.394	507	8.446	816700501397663618	816699115456742150	816699115456742149	1928	
1	C18H37NO2	[M + H]+	C18H38NO2+	Fatty acids	0.999	Fatty amides	0.701	Sphingoid bases	0.794	Organic nitrogen compounds	1.000	Organonitrogen compounds	1.000	Amines	0.814	Alkanolamines	0.606	1,2-aminoalcohols	0.506	Organic compounds; Alcohols and polyols; Organonitrogen compounds; Primary alcohols; Organooxygen compounds; 1,2-aminoalcohols; Amines; Alkanolamines; Hydrocarbon derivatives; Organopnictogen compounds; Organic oxygen compounds; Organic nitrogen compounds; Chemical entities	300.288	507	8.455	816700502026809472	816699115553211149	816699115553211148	1904	
1	C18H35NO	[M + H]+	C18H36NO+	Fatty acids	1.000	Fatty amides	1.000	Primary amides	1.000	Lipids and lipid-like molecules	0.872	Fatty Acyls	0.898	Fatty amides	0.869			Fatty amides	0.869	Organic compounds; Lipids and lipid-like molecules; Organic acids and derivatives; Carboxylic acids and derivatives; Organonitrogen compounds; Organooxygen compounds; Fatty amides; Carboxylic acid amides; Carboxylic acid derivatives; Primary carboxylic acid amides; Carbonyl compounds; Fatty Acyls; Organic oxides; Hydrocarbon derivatives; Organopnictogen compounds; Organic oxygen compounds; Organic nitrogen compounds; Chemical entities	282.278	507	8.457	816700503595479649	816699115637097234	816699115637097233	1905	
1	C14H35N5O5	[M + H]+	C14H36N5O5+	Fatty acids	0.210	Guanidine alkaloids	0.238	Polyamines	0.127	Organic oxygen compounds	0.978	Organooxygen compounds	0.883	Alcohols and polyols	0.693	Primary alcohols	0.722	Primary alcohols	0.722	Organic compounds; Alcohols and polyols; Organonitrogen compounds; Primary alcohols; Organooxygen compounds; Amines; Hydrocarbon derivatives; Organopnictogen compounds; Organic oxygen compounds; Organic nitrogen compounds; Chemical entities	354.271	508	8.466	816700506183365660	816699115985224488	816699115985224487	1909	
1	C19H32O3	[M + H]+	C19H33O3+	Terpenoids	0.835	Diterpenoids	0.787	Labdane diterpenoids	0.142	Lipids and lipid-like molecules	0.836	Prenol lipids	0.705	Diterpenoids	0.675			Diterpenoids	0.675	Organic compounds; Lipids and lipid-like molecules; Alcohols and polyols; Prenol lipids; Primary alcohols; Organooxygen compounds; Dialkyl ethers; Diterpenoids; Carbonyl compounds; Hydrocarbon derivatives; Organic oxygen compounds; Chemical entities	309.241	509	8.487	816700509081630615	816699116454986562	816699116450792257	1923	
1	C18H30O3	[M + H]+	C18H31O3+	Terpenoids	0.727	Diterpenoids	0.231	Prenyl quinone meroterpenoids	0.055	Lipids and lipid-like molecules	0.850							Lipids and lipid-like molecules	0.850	Organic compounds; Lipids and lipid-like molecules; Ketones; Alcohols and polyols; Organic acids and derivatives; Carboxylic acids and derivatives; Organooxygen compounds; Monocarboxylic acids and derivatives; Carbonyl compounds; Cyclic ketones; Organic oxides; Hydrocarbon derivatives; Organic oxygen compounds; Chemical entities	295.225	509	8.487	816700509207459776	816699116534678345	816699116534678344	1924	
1	C16H28N3O2	[M + Na]+	C16H28N3NaO2+	Alkaloids	0.483	Small peptides	0.268	Quinolizidine alkaloids	0.038	Organic acids and derivatives	0.952	Carboxylic acids and derivatives	0.931	Amino acids, peptides, and analogues	0.854	Amino acids and derivatives	0.854	Amino acids and derivatives	0.854	Organic compounds; Organoheterocyclic compounds; Amino acids, peptides, and analogues; Piperazines; Organic acids and derivatives; Carboxylic acids and derivatives; Organonitrogen compounds; Organooxygen compounds; Amino acids and derivatives; Carboxylic acid amides; Carboxylic acid derivatives; Tertiary carboxylic acid amides; Carbonyl compounds; Trialkylamines; Diazinanes; Amines; Tertiary amines; N-alkylpiperazines; Organic oxides; Azacyclic compounds; Hydrocarbon derivatives; Organopnictogen compounds; Organic oxygen compounds; Organic nitrogen compounds; Chemical entities	317.207	509	8.488	816700509568169993	816699116610175822	816699116605981517	1925	
1	C18H34O3	[M + H]+	C18H35O3+	Terpenoids	0.933	Diterpenoids	0.817	Labdane diterpenoids	0.454	Lipids and lipid-like molecules	0.893	Prenol lipids	0.757	Diterpenoids	0.510			Diterpenoids	0.510	Organic compounds; Lipids and lipid-like molecules; Alcohols and polyols; Prenol lipids; Organooxygen compounds; Cyclic alcohols and derivatives; Diterpenoids; Secondary alcohols; Tertiary alcohols; Hydrocarbon derivatives; Organic oxygen compounds; Chemical entities	299.258	511	8.520	816700511296223402	816699116681478995	816699116681478994	1932	
1	C37H62O8	[M + H]+	C37H63O8+	Fatty acids	0.992	Glycerolipids	0.959	Diacylglycerols	0.375	Lipids and lipid-like molecules	0.986	Fatty Acyls	0.985	Fatty alcohols	0.863			Fatty alcohols	0.863	Organic compounds; Lipids and lipid-like molecules; Alcohols and polyols; Glycerolipids; Organic acids and derivatives; Carboxylic acids and derivatives; Organooxygen compounds; Fatty acid esters; Dicarboxylic acids and derivatives; Carboxylic acid derivatives; Carboxylic acid esters; Fatty alcohols; Secondary alcohols; Carbonyl compounds; Fatty Acyls; Organic oxides; Hydrocarbon derivatives; Organic oxygen compounds; Chemical entities	635.454	511	8.524	816700528572561894	816699116773753688	816699116769559383	1936	
1	C18H34O3	[M - H2O + H]+	C18H33O2+	Fatty acids	0.645	Diterpenoids	0.269	Other Octadecanoids	0.249	Lipids and lipid-like molecules	0.965	Fatty Acyls	0.800					Fatty Acyls	0.800	Organic compounds; Lipids and lipid-like molecules; Alcohols and polyols; Organooxygen compounds; Secondary alcohols; Carbonyl compounds; Fatty Acyls; Hydrocarbon derivatives; Organic oxygen compounds; Chemical entities	281.246	512	8.525	816700543403621562	816699116870222686	816699116870222685	1938	
1	C18H30O	[M + H]+	C18H31O+	Terpenoids	0.905	Diterpenoids	0.759	Norlabdane diterpenoids	0.296	Lipids and lipid-like molecules	0.844	Prenol lipids	0.688					Prenol lipids	0.688	Organic compounds; Lipids and lipid-like molecules; Prenol lipids; Organooxygen compounds; Carbonyl compounds; Organic oxides; Hydrocarbon derivatives; Organic oxygen compounds; Chemical entities	263.236	512	8.526	816700543835634917	816699116975080291	816699116975080290	1939	
1	C36H60O10	[M + H]+	C36H61O10+	Polyketides	0.952	Macrolides	0.532	Open-chain polyketides	0.330	Lipids and lipid-like molecules	0.618	Fatty Acyls	0.556					Fatty Acyls	0.556	Organic compounds; Organoheterocyclic compounds; Lipids and lipid-like molecules; Alcohols and polyols; Ethers; Organic acids and derivatives; Carboxylic acids and derivatives; Organooxygen compounds; Carboxylic acid derivatives; Carboxylic acid esters; Secondary alcohols; Carbonyl compounds; Fatty Acyls; Organic oxides; Oxacyclic compounds; Hydrocarbon derivatives; Organic oxygen compounds; Chemical entities	653.427	512	8.526	816700549963514454	816699117079937896	816699117079937895	1940	
1	C34H66O9	[M + H]+	C34H67O9+	Fatty acids	0.995	Fatty acyl glycosides	0.925	Fatty alcohols	0.074	Lipids and lipid-like molecules	0.958	Fatty Acyls	0.960	Fatty acid esters	0.871			Fatty acid esters	0.871	Organic compounds; Organoheterocyclic compounds; Carbohydrates and carbohydrate conjugates; Lipids and lipid-like molecules; Alcohols and polyols; Glycerolipids; Organic acids and derivatives; Carboxylic acids and derivatives; Organooxygen compounds; Fatty acid esters; Carboxylic acid derivatives; Carboxylic acid esters; Monosaccharides; Secondary alcohols; Carbonyl compounds; Oxanes; Polyols; Fatty Acyls; Organic oxides; Oxacyclic compounds; Hydrocarbon derivatives; Organic oxygen compounds; Chemical entities	619.476	512	8.530	816700549594415467	816699117344179064	816699117344179063	1945	
1	C16H30	[M + Na]+	C16H30Na+	Terpenoids	0.671	Sesquiterpenoids	0.625	Hydrocarbons	0.347	Lipids and lipid-like molecules	0.589	Prenol lipids	0.583					Prenol lipids	0.583	Organic compounds; Lipids and lipid-like molecules; Prenol lipids; Hydrocarbons; Olefins; Unsaturated hydrocarbons; Unsaturated aliphatic hydrocarbons; Chemical entities	245.225	512	8.535	816700550059983500	816699117675529101	816699117671334796	1949	
1	C19H30MgO3	[M + H]+	C19H31MgO3+	Fatty acids	0.982	Fatty acyls	0.315	Fatty alcohols	0.510	Lipids and lipid-like molecules	0.904	Fatty Acyls	0.884	Fatty acid esters	0.719			Fatty acid esters	0.719	Organic compounds; Lipids and lipid-like molecules; Alcohols and polyols; Organic acids and derivatives; Carboxylic acids and derivatives; Organohalogen compounds; Organooxygen compounds; Fatty acid esters; Carboxylic acid derivatives; Monocarboxylic acids and derivatives; Carboxylic acid esters; Secondary alcohols; Carbonyl compounds; Methyl esters; Fatty Acyls; Organic oxides; Hydrocarbon derivatives; Organic oxygen compounds; Chemical entities	331.211	512	8.536	816700550781403904	816699117751026578	816699117751026577	1950	
1	C18H26O7	[M + H]+	C18H27O7+	Fatty acids	0.453	Macrolides	0.295	Macrolide lactones	0.395	Lipids and lipid-like molecules	0.804	Fatty Acyls	0.770	Fatty acid esters	0.654			Fatty acid esters	0.654	Organic compounds; Organoheterocyclic compounds; Lipids and lipid-like molecules; Alcohols and polyols; Ethers; Organic acids and derivatives; Carboxylic acids and derivatives; Organooxygen compounds; Fatty acid esters; Dicarboxylic acids and derivatives; Carboxylic acid derivatives; Carboxylic acid esters; Secondary alcohols; Carbonyl compounds; Polyols; Fatty Acyls; Organic oxides; Oxacyclic compounds; Hydrocarbon derivatives; Organic oxygen compounds; Chemical entities	355.176	512	8.538	816700554036186541	816699117826524056	816699117822329751	1951	
1	C18H30O2	[M + H]+	C18H31O2+	Fatty acids	1.000	Fatty Acids and Conjugates	0.880	Unsaturated fatty acids	0.872	Lipids and lipid-like molecules	0.983	Fatty Acyls	0.971	Fatty acids and conjugates	0.956	Long-chain fatty acids	0.954	Long-chain fatty acids	0.954	Organic compounds; Lipids and lipid-like molecules; Fatty acids and conjugates; Organic acids and derivatives; Carboxylic acids and derivatives; Organooxygen compounds; Straight chain fatty acids; Unsaturated fatty acids; Monocarboxylic acids and derivatives; Carboxylic acids; Carbonyl compounds; Long-chain fatty acids; Fatty Acyls; Organic oxides; Hydrocarbon derivatives; Organic oxygen compounds; Chemical entities	279.231	512	8.539	816700553503509795	816699117906215838	816699117906215837	1975	
1	C14H28O5	[M + Na]+	C14H28NaO5+	Fatty acids	0.985	Fatty Acids and Conjugates	0.890	Dicarboxylic acids	0.836	Lipids and lipid-like molecules	0.963	Fatty Acyls	0.955	Fatty acids and conjugates	0.857	Branched fatty acids	0.844	Branched fatty acids	0.844	Organic compounds; Lipids and lipid-like molecules; Alcohols and polyols; Fatty acids and conjugates; Organic acids and derivatives; Carboxylic acids and derivatives; Organooxygen compounds; Branched fatty acids; Hydroxy fatty acids; Dicarboxylic acids and derivatives; Hydroxy acids and derivatives; Carboxylic acids; Secondary alcohols; Carbonyl compounds; Fatty Acyls; Organic oxides; Hydrocarbon derivatives; Organic oxygen compounds; Chemical entities	299.184	512	8.539	816700553499315480	816699118006879139	816699118006879138	1952	
1	C21H43NO5	[M + H]+	C21H44NO5+	Fatty acids	0.998	Spingolipids	0.992	Sphingoid bases	0.976	Organic acids and derivatives	0.999	Carboxylic acids and derivatives	0.999	Amino acids, peptides, and analogues	0.947	Amino acids and derivatives	0.946	Alpha amino acids	0.731	Organic compounds; Lipids and lipid-like molecules; Amino acids, peptides, and analogues; Alpha amino acids and derivatives; Alcohols and polyols; Fatty acids and conjugates; Organic acids and derivatives; Carboxylic acids and derivatives; Organonitrogen compounds; Organooxygen compounds; Unsaturated fatty acids; Hydroxy fatty acids; Amino acids and derivatives; Monoalkylamines; Hydroxy acids and derivatives; Amino fatty acids; Monocarboxylic acids and derivatives; Carboxylic acids; Secondary alcohols; Beta hydroxy acids and derivatives; Carbonyl compounds; Alpha amino acids; Amines; Primary amines; Long-chain fatty acids; Fatty Acyls; Organic oxides; Hydrocarbon derivatives; Amino acids; Organopnictogen compounds; Organic oxygen compounds; Organic nitrogen compounds; Chemical entities	390.320	515	8.576	816700555705519852	816699118417920957	816699118417920956	1971	
1	C19H34O3	[M + H]+	C19H35O3+	Terpenoids	0.987	Diterpenoids	0.948	Labdane diterpenoids	0.213	Lipids and lipid-like molecules	0.911	Prenol lipids	0.834	Diterpenoids	0.798			Diterpenoids	0.798	Organic compounds; Lipids and lipid-like molecules; Alcohols and polyols; Prenol lipids; Primary alcohols; Organooxygen compounds; Cyclic alcohols and derivatives; Diterpenoids; Secondary alcohols; Hydrocarbon derivatives; Organic oxygen compounds; Chemical entities	311.257	515	8.588	816700554786967171	816699118501807042	816699118501807041	1976	
1	C14H31N7	[M + Na]+	C14H31N7Na+	Alkaloids	0.570	Guanidine alkaloids	0.235	Acetate-derived alkaloids	0.182	Organic nitrogen compounds	0.998	Organonitrogen compounds	0.988					Organonitrogen compounds	0.988	Organic compounds; Organonitrogen compounds; Hydrocarbon derivatives; Organopnictogen compounds; Organic nitrogen compounds; Chemical entities	320.254	516	8.594	816700554791161485	816699118581498823	816699118581498822	1979	
1	C18H35NO2	[M + H]+	C18H36NO2+	Fatty acids	0.998	Fatty amides	0.969	N-acyl ethanolamines (endocannabinoids)	0.858	Lipids and lipid-like molecules	0.871	Fatty Acyls	0.783	Fatty amides	0.736	N-acyl amines	0.633	N-acyl amines	0.633	Organic compounds; Lipids and lipid-like molecules; Alcohols and polyols; Organic acids and derivatives; Carboxylic acids and derivatives; Organonitrogen compounds; Organooxygen compounds; Fatty amides; Carboxylic acid amides; Carboxylic acid derivatives; N-acyl amines; Secondary carboxylic acid amides; Carbonyl compounds; Fatty Acyls; Organic oxides; Hydrocarbon derivatives; Organopnictogen compounds; Organic oxygen compounds; Organic nitrogen compounds; Chemical entities	298.272	516	8.594	816700556049452862	816699118652801996	816699118652801995	1980	
1	C18H33NO	[M + H]+	C18H34NO+	Fatty acids	0.992	Fatty amides	0.955	Primary amides	0.746	Lipids and lipid-like molecules	0.799	Fatty Acyls	0.673	Fatty amides	0.783	N-acyl amines	0.501	N-acyl amines	0.501	Organic compounds; Lipids and lipid-like molecules; Organic acids and derivatives; Carboxylic acids and derivatives; Organonitrogen compounds; Organooxygen compounds; Fatty amides; Carboxylic acid amides; Carboxylic acid derivatives; N-acyl amines; Secondary carboxylic acid amides; Carbonyl compounds; Fatty Acyls; Organic oxides; Hydrocarbon derivatives; Organopnictogen compounds; Organic oxygen compounds; Organic nitrogen compounds; Chemical entities	280.262	516	8.600	816700558230491188	816699118912848862	816699118912848861	1985	
1	C21H36O4	[M + H]+	C21H37O4+	Fatty acids	0.979	Glycerolipids	0.911	Monoacylglycerols	0.932	Lipids and lipid-like molecules	0.984	Fatty Acyls	0.902	Fatty alcohols	0.479	Long-chain fatty alcohols	0.615	Long-chain fatty alcohols	0.615	Organic compounds; Lipids and lipid-like molecules; Alcohols and polyols; Glycerolipids; Organic acids and derivatives; Carboxylic acids and derivatives; Primary alcohols; Organooxygen compounds; Carboxylic acid derivatives; Monoacylglycerols; Monocarboxylic acids and derivatives; Carboxylic acid esters; 1-monoacylglycerols; Secondary alcohols; Carbonyl compounds; Polyols; 1,2-diols; Long-chain fatty alcohols; Monoradylglycerols; Fatty Acyls; Organic oxides; Hydrocarbon derivatives; Organic oxygen compounds; Chemical entities	353.267	516	8.600	816700563590812277	816699118992540643	816699118992540642	1986	
1	C21H38O4	[M + H]+	C21H39O4+	Fatty acids	0.998	Fatty acyls	0.864	Fatty alcohols	0.947	Lipids and lipid-like molecules	0.994	Fatty Acyls	0.979	Fatty alcohols	0.811	Long-chain fatty alcohols	0.751	Long-chain fatty alcohols	0.751	Organic compounds; Lipids and lipid-like molecules; Alcohols and polyols; Glycerolipids; Organic acids and derivatives; Carboxylic acids and derivatives; Primary alcohols; Organooxygen compounds; Fatty acid esters; Carboxylic acid derivatives; Monoacylglycerols; Monocarboxylic acids and derivatives; Carboxylic acid esters; Fatty alcohols; 1-monoacylglycerols; Secondary alcohols; Fatty alcohol esters; Carbonyl compounds; 1,2-diols; Long-chain fatty alcohols; Monoradylglycerols; Fatty Acyls; Organic oxides; Hydrocarbon derivatives; Organic oxygen compounds; Chemical entities	355.283	517	8.613	816700573460011264	816699119185478642	816699119181284337	1997	
1	C18H32O3	[M + H]+	C18H33O3+	Fatty acids	1.000	Octadecanoids	0.877	Other Octadecanoids	0.937	Lipids and lipid-like molecules	0.993	Fatty Acyls	0.987	Lineolic acids and derivatives	0.564			Lineolic acids and derivatives	0.564	Organic compounds; Lipids and lipid-like molecules; Alcohols and polyols; Fatty acids and conjugates; Organic acids and derivatives; Carboxylic acids and derivatives; Organooxygen compounds; Unsaturated fatty acids; Hydroxy fatty acids; Lineolic acids and derivatives; Monocarboxylic acids and derivatives; Carboxylic acids; Secondary alcohols; Carbonyl compounds; Long-chain fatty acids; Fatty Acyls; Organic oxides; Hydrocarbon derivatives; Organic oxygen compounds; Chemical entities	297.241	517	8.621	816700572449183427	816699119411971073	816699119411971072	1977	
1	C37H42O11	[M + K]+	C37H42KO11+	Polyketides	0.769	Macrolides	0.545	Angucyclines	0.262	Organic oxygen compounds	1.000	Organooxygen compounds	1.000	Carbohydrates and carbohydrate conjugates	0.598	Glycosyl compounds	0.653	O-glycosyl compounds	0.625	Organic compounds; Organoheterocyclic compounds; Carbohydrates and carbohydrate conjugates; Alcohols and polyols; Phenols; Ethers; Phenylpropanoids and polyketides; Organic acids and derivatives; Carboxylic acids and derivatives; Organooxygen compounds; Acetals; Secondary alcohols; Carbonyl compounds; Oxanes; Glycosyl compounds; O-glycosyl compounds; Polyols; Benzenoids; Organic oxides; Oxacyclic compounds; Hydrocarbon derivatives; Organic oxygen compounds; Chemical entities	701.240	518	8.637	816700688040035452	816699120179528721	816699120175334416	1993	
1	C20H37F3O3	[M + H]+	C20H38F3O3+	Fatty acids	0.972	Fatty Acids and Conjugates	0.510	Halogenated fatty acids	0.816	Lipids and lipid-like molecules	0.876	Fatty Acyls	0.805					Fatty Acyls	0.805	Organic compounds; Lipids and lipid-like molecules; Alcohols and polyols; Organic acids and derivatives; Carboxylic acids and derivatives; Organohalogen compounds; Organooxygen compounds; Alkyl fluorides; Monocarboxylic acids and derivatives; Organofluorides; Secondary alcohols; Carbonyl compounds; Halohydrins; Alkyl halides; Fatty Acyls; Organic oxides; Hydrocarbon derivatives; Organic oxygen compounds; Chemical entities	383.278	520	8.666	816700579055214021	816699120619930667	816699120619930666	2008	
1	C22H38O5	[M + H3N + H]+	C22H42NO5+	Terpenoids	0.367	Aromatic polyketides	0.201	Catechols with side chains	0.100	Benzenoids	0.956	Phenol ethers	0.779					Phenol ethers	0.779	Organic compounds; Alkyl aryl ethers; Ethers; Organic acids and derivatives; Carboxylic acids and derivatives; Organooxygen compounds; Carboxylic acid derivatives; Carboxylic acid esters; Carbonyl compounds; Benzene and substituted derivatives; Phenol ethers; Benzenoids; Organic oxides; Hydrocarbon derivatives; Organic oxygen compounds; Phenoxy compounds; Chemical entities	400.304	520	8.673	816700578904219039	816699120900949099	816699120900949098	2014	
1	C23H42NO7P	[M + H]+	C23H43NO7P+	Fatty acids	1.000	Glycerophospholipids	1.000	Glycerophosphoethanolamines	1.000	Organic acids and derivatives	1.000	Carboxylic acids and derivatives	0.999	Amino acids, peptides, and analogues	0.994	Amino acids and derivatives	0.994	Amino acids and derivatives	0.994	Organic compounds; Lipids and lipid-like molecules; Amino acids, peptides, and analogues; Alcohols and polyols; Glycerophospholipids; Organic acids and derivatives; Carboxylic acids and derivatives; Organonitrogen compounds; Organooxygen compounds; Fatty acid esters; Amino acids and derivatives; Organic phosphoric acids and derivatives; Phosphate esters; Monoalkylamines; Carboxylic acid derivatives; Monocarboxylic acids and derivatives; Carboxylic acid esters; Phosphoethanolamines; Lysophosphatidylethanolamines; Secondary alcohols; 1-acyl-sn-glycero-3-phosphoethanolamines; Carbonyl compounds; Glycerophosphoethanolamines; Amines; Primary amines; Alkyl phosphates; Dialkyl phosphates; Fatty Acyls; Organic oxides; Hydrocarbon derivatives; Organopnictogen compounds; Organic oxygen compounds; Organic nitrogen compounds; Chemical entities	476.275	521	8.678	816700579638222394	816699121093887115	816699121093887114	2016	
1	C33H61NO14	[M + H]+	C33H62NO14+	Fatty acids	0.997	Spingolipids	0.628	Sphingoid bases	0.305	Organic acids and derivatives	0.997	Carboxylic acids and derivatives	0.992	Amino acids, peptides, and analogues	0.668	Amino acids and derivatives	0.667	Alpha amino acids and derivatives	0.615	Organic compounds; Organoheterocyclic compounds; Carbohydrates and carbohydrate conjugates; Lipids and lipid-like molecules; Amino acids, peptides, and analogues; Alpha amino acids and derivatives; Alcohols and polyols; Ethers; Organic acids and derivatives; Carboxylic acids and derivatives; Organonitrogen compounds; Primary alcohols; Organooxygen compounds; Fatty acid esters; Fatty amides; Dicarboxylic acids and derivatives; Amino acids and derivatives; Carboxylic acid amides; Carboxylic acid derivatives; N-acyl amines; Carboxylic acids; Carboxylic acid esters; Monosaccharides; Acetals; Secondary alcohols; Secondary carboxylic acid amides; Fatty acyl glycosides; Carbonyl compounds; Oxanes; Glycosyl compounds; O-glycosyl compounds; Polyols; Fatty Acyls; Organic oxides; Oxacyclic compounds; Hydrocarbon derivatives; Organopnictogen compounds; Organic oxygen compounds; Organic nitrogen compounds; Chemical entities	696.414	521	8.689	816700582951724135	816699120812868710	816699120812868709	1996	
1	C35H59NO2S	[M + H]+	C35H60NO2S+	Fatty acids	0.960	Fatty amides	0.883	N-acyl amines	0.221	Lipids and lipid-like molecules	0.909	Fatty Acyls	0.845	Fatty amides	0.806	N-acyl amines	0.610	N-acyl amines	0.610	Organic compounds; Organosulfur compounds; Lipids and lipid-like molecules; Organic acids and derivatives; Carboxylic acids and derivatives; Organonitrogen compounds; Organooxygen compounds; Fatty amides; Carboxylic acid amides; Carboxylic acid derivatives; N-acyl amines; Secondary carboxylic acid amides; Carbonyl compounds; Sulfenyl compounds; Fatty Acyls; Organic oxides; Hydrocarbon derivatives; Organopnictogen compounds; Organic oxygen compounds; Organic nitrogen compounds; Chemical entities	558.435	522	8.692	816700582951724128	816699121408460116	816699121408460115	2020	
1	C19H38O4	[M + Na]+	C19H38NaO4+	Fatty acids	0.999	Glycerolipids	0.964	Monoacylglycerols	0.979	Lipids and lipid-like molecules	0.996	Fatty Acyls	0.971	Fatty alcohols	0.514	Long-chain fatty alcohols	0.595	Long-chain fatty alcohols	0.595	Organic compounds; Lipids and lipid-like molecules; Alcohols and polyols; Glycerolipids; Organic acids and derivatives; Carboxylic acids and derivatives; Primary alcohols; Organooxygen compounds; Fatty acid esters; Carboxylic acid derivatives; Monoacylglycerols; Monocarboxylic acids and derivatives; Carboxylic acid esters; Fatty alcohols; 1-monoacylglycerols; Secondary alcohols; Carbonyl compounds; Polyols; 1,2-diols; Long-chain fatty alcohols; Monoradylglycerols; Fatty Acyls; Organic oxides; Hydrocarbon derivatives; Organic oxygen compounds; Chemical entities	353.267	523	8.710	816700598349017249	816699121869833743	816699121869833742	2027	
1	C18H32O3	[M - H2O + H]+	C18H31O2+	Fatty acids	0.639	Diterpenoids	0.302	Other Octadecanoids	0.254	Lipids and lipid-like molecules	0.946	Fatty Acyls	0.770	Fatty acids and conjugates	0.578	Long-chain fatty acids	0.573	Long-chain fatty acids	0.573	Organic compounds; Lipids and lipid-like molecules; Alcohols and polyols; Fatty acids and conjugates; Organic acids and derivatives; Carboxylic acids and derivatives; Organooxygen compounds; Monocarboxylic acids and derivatives; Carboxylic acids; Secondary alcohols; Carbonyl compounds; Long-chain fatty acids; Fatty Acyls; Organic oxides; Hydrocarbon derivatives; Organic oxygen compounds; Chemical entities	279.231	523	8.711	816700595983428962	816699121970497147	816699121970497146	2052	
1	C21H38O4	[M + H]+	C21H39O4+	Fatty acids	1.000	Glycerolipids	0.985	Monoacylglycerols	0.986	Lipids and lipid-like molecules	0.998	Fatty Acyls	0.987	Lineolic acids and derivatives	0.609			Lineolic acids and derivatives	0.609	Organic compounds; Lipids and lipid-like molecules; Alcohols and polyols; Glycerolipids; Organic acids and derivatives; Carboxylic acids and derivatives; Primary alcohols; Organooxygen compounds; Fatty acid esters; Lineolic acids and derivatives; Carboxylic acid derivatives; Monoacylglycerols; Monocarboxylic acids and derivatives; Carboxylic acid esters; 1-monoacylglycerols; Secondary alcohols; Carbonyl compounds; Polyols; 1,2-diols; Monoradylglycerols; Fatty Acyls; Organic oxides; Hydrocarbon derivatives; Organic oxygen compounds; Chemical entities	355.282	523	8.719	816700599699583415	816699122368956300	816699122368956299	2039	
1	C37H42O11	[M + K]+	C37H42KO11+	Terpenoids	0.849	Triterpenoids	0.352	Tetracyclic diterpenoids	0.182	Lipids and lipid-like molecules	0.790	Prenol lipids	0.614					Prenol lipids	0.614	Organic compounds; Organoheterocyclic compounds; Lipids and lipid-like molecules; Alcohols and polyols; Ethers; Prenol lipids; Organic acids and derivatives; Carboxylic acids and derivatives; Organooxygen compounds; Carboxylic acid esters; Acetals; Secondary alcohols; Carbonyl compounds; Polyols; Organic oxides; Oxacyclic compounds; Hydrocarbon derivatives; Organic oxygen compounds; Chemical entities	701.242	523	8.720	816700828624742838	816699122595448729	816699122595448728	2038	
1	C33H58O14	[M + H3N + H]+	C33H62NO14+	Fatty acids	0.999	Fatty acyl glycosides	0.855	Sophorolipids	0.470	Lipids and lipid-like molecules	0.983	Fatty Acyls	0.983	Fatty acyl glycosides	0.731	Sophorolipids	0.544	Sophorolipids	0.544	Organic compounds; Organoheterocyclic compounds; Carbohydrates and carbohydrate conjugates; Lipids and lipid-like molecules; Alcohols and polyols; Ethers; Organic acids and derivatives; Carboxylic acids and derivatives; Primary alcohols; Organooxygen compounds; Fatty acid esters; Carboxylic acid derivatives; Monocarboxylic acids and derivatives; Carboxylic acid esters; Disaccharides; Acetals; Secondary alcohols; Fatty acyl glycosides; Carbonyl compounds; Oxanes; Glycosyl compounds; Sophorolipids; O-glycosyl compounds; Polyols; Fatty acyl glycosides of mono- and disaccharides; Fatty Acyls; Organic oxides; Oxacyclic compounds; Hydrocarbon derivatives; Organic oxygen compounds; Chemical entities	696.414	523	8.721	816700598755864875	816699122478008211	816699122473813906	2037	
1	C33H58O14	[M + Na]+	C33H58NaO14+	Terpenoids	0.601	Diterpenoids	0.473	Secoiridoid monoterpenoids	0.174	Lipids and lipid-like molecules	0.794	Prenol lipids	0.456	Diterpenoids	0.488	Kaurane diterpenoids	0.589	Kaurane diterpenoids	0.589	Organic compounds; Organoheterocyclic compounds; Carbohydrates and carbohydrate conjugates; Lipids and lipid-like molecules; Alcohols and polyols; Ethers; Organic acids and derivatives; Carboxylic acids and derivatives; Primary alcohols; Organooxygen compounds; Carboxylic acid derivatives; Monocarboxylic acids and derivatives; Carboxylic acid esters; Disaccharides; Acetals; Secondary alcohols; Carbonyl compounds; Oxanes; Glycosyl compounds; O-glycosyl compounds; Polyols; Kaurane diterpenoids; Fatty Acyls; Organic oxides; Oxacyclic compounds; Hydrocarbon derivatives; Organic oxygen compounds; Chemical entities	701.370	523	8.721	816700603180856029	816699122792581028	816699122788386723	2046	
1	C18H32O3	[M + H]+	C18H33O3+	Terpenoids	0.900	Diterpenoids	0.676	Labdane diterpenoids	0.137	Lipids and lipid-like molecules	0.940	Prenol lipids	0.742					Prenol lipids	0.742	Organic compounds; Lipids and lipid-like molecules; Alcohols and polyols; Prenol lipids; Organooxygen compounds; Secondary alcohols; Polyols; Fatty Acyls; Hydrocarbon derivatives; Organic oxygen compounds; Chemical entities	297.245	524	8.740	816700597820534815	816699123102959562	816699123098765256	2061	
1	C20H34O8	[M + Na]+	C20H34NaO8+	Terpenoids	0.681	Diterpenoids	0.348	Macrolide lactones	0.131	Lipids and lipid-like molecules	0.842							Lipids and lipid-like molecules	0.842	Organic compounds; Organoheterocyclic compounds; Lipids and lipid-like molecules; Alcohols and polyols; Organic acids and derivatives; Carboxylic acids and derivatives; Organooxygen compounds; Carboxylic acid derivatives; Carboxylic acid esters; Carbonyl compounds; Organic oxides; Oxacyclic compounds; Hydrocarbon derivatives; Organic oxygen compounds; Chemical entities	425.213	526	8.767	816700599808635346	816699123484641290	816699123480446985	2075	
1	C18H28O3	[M + H]+	C18H29O3+	Fatty acids	0.987	Octadecanoids	0.705	Other Octadecanoids	0.314	Lipids and lipid-like molecules	0.923	Fatty Acyls	0.891	Fatty acids and conjugates	0.702	Long-chain fatty acids	0.546	Long-chain fatty acids	0.546	Organic compounds; Lipids and lipid-like molecules; Ketones; Fatty acids and conjugates; Organic acids and derivatives; Carboxylic acids and derivatives; Organooxygen compounds; Monocarboxylic acids and derivatives; Carboxylic acids; Carbonyl compounds; Long-chain fatty acids; Fatty Acyls; Organic oxides; Hydrocarbon derivatives; Organic oxygen compounds; Chemical entities	293.210	526	8.768	816700601217921597	816699123564333072	816699123564333071	2070	
1	C31H28O13	[M + H]+	C31H29O13+	Shikimates and Phenylpropanoids	0.689	Naphthalenes	0.161	Bisnaphthalenes	0.162	Benzenoids	0.995	Benzene and substituted derivatives	0.768	Benzoic acids and derivatives	0.582	Benzoic acid esters	0.550	Benzoic acid esters	0.550	Organic compounds; Benzoic acids and derivatives; Ethers; Organic acids and derivatives; Carboxylic acids and derivatives; Organooxygen compounds; Carboxylic acid derivatives; Carboxylic acid esters; Benzoic acid esters; Carbonyl compounds; Benzene and substituted derivatives; Benzenoids; Methyl esters; Organic oxides; Hydrocarbon derivatives; Organic oxygen compounds; Chemical entities	609.158	526	8.768	816700726883489673	816699123652413464	816699123652413463	2077	
1	C30H24O12	[M + H]+	C30H25O12+	Shikimates and Phenylpropanoids	0.506	Lignans	0.208	Flavones	0.070	Organic oxygen compounds	1.000	Organooxygen compounds	1.000	Ethers	0.573	Alkyl aryl ethers	0.583	Alkyl aryl ethers	0.583	Organic compounds; Organoheterocyclic compounds; Alkyl aryl ethers; Ethers; Organic acids and derivatives; Carboxylic acids and derivatives; Organooxygen compounds; Carboxylic acid derivatives; Carboxylic acid esters; Carbonyl compounds; Benzene and substituted derivatives; Benzenoids; Organic oxides; Oxacyclic compounds; Hydrocarbon derivatives; Organic oxygen compounds; Chemical entities	577.132	526	8.769	816700620020988837	816699123740493853	816699123740493852	2080	
1	C37H20O7	[M + H3N + H]+	C37H24NO7+	Shikimates and Phenylpropanoids	0.798	Flavonoids	0.384	Flavones	0.459	Organoheterocyclic compounds	0.642	Benzopyrans	0.584	1-benzopyrans	0.576	Chromones	0.586	Chromones	0.586	Organic compounds; Organoheterocyclic compounds; Pyrans; Benzopyrans; Chromones; Benzoic acids and derivatives; Phenylpropanoids and polyketides; Organic acids and derivatives; Carboxylic acids and derivatives; Benzoyl derivatives; Organooxygen compounds; Pyranones and derivatives; Carboxylic acid derivatives; Carboxylic acid esters; Benzoic acid esters; Benzene and substituted derivatives; Phenol esters; Benzenoids; 1-benzopyrans; Organic oxides; Oxacyclic compounds; Heteroaromatic compounds; Hydrocarbon derivatives; Organic oxygen compounds; Phenoxy compounds; Chemical entities	594.159	526	8.771	816700612928419775	816699123824379938	816699123820185633	2081	
1	C32H51N5O6	[M + K]+	C32H51KN5O6+	Amino acids and Peptides	0.937	Oligopeptides	0.992	Lipopeptides	0.749	Organic acids and derivatives	0.998	Carboxylic acids and derivatives	0.990	Amino acids, peptides, and analogues	0.910	Amino acids and derivatives	0.889	N-acyl-alpha amino acids and derivatives	0.667	Organic compounds; Organoheterocyclic compounds; Lipids and lipid-like molecules; Amino acids, peptides, and analogues; Lactones; Alpha amino acids and derivatives; Macrolactams; Alcohols and polyols; Phenylpropanoids and polyketides; Organic acids and derivatives; Carboxylic acids and derivatives; Organonitrogen compounds; Organooxygen compounds; Fatty amides; Amino acids and derivatives; Carboxylic acid amides; Carboxylic acid derivatives; N-acyl amines; Monocarboxylic acids and derivatives; N-acyl-alpha amino acids and derivatives; Secondary alcohols; Secondary carboxylic acid amides; Carbonyl compounds; Benzene and substituted derivatives; Fatty Acyls; Organic oxides; Azacyclic compounds; Oxacyclic compounds; Hydrocarbon derivatives; Organopnictogen compounds; Organic oxygen compounds; Organic nitrogen compounds; Chemical entities	640.344	528	8.802	816700639730030828	816699124201867319	816699124197673014	2095	
1	C18H36O3	[M - H2O + H]+	C18H35O2+	Fatty acids	0.992	Fatty acyls	0.728	Fatty alcohols	0.895	Lipids and lipid-like molecules	0.963	Fatty Acyls	0.951	Fatty alcohols	0.680	Long-chain fatty alcohols	0.743	Long-chain fatty alcohols	0.743	Organic compounds; Lipids and lipid-like molecules; Alcohols and polyols; Organic acids and derivatives; Carboxylic acids and derivatives; Primary alcohols; Organooxygen compounds; Monocarboxylic acids and derivatives; Fatty alcohols; Secondary alcohols; Carbonyl compounds; Long-chain fatty alcohols; Fatty Acyls; Organic oxides; Hydrocarbon derivatives; Organic oxygen compounds; Chemical entities	283.262	528	8.806	816700610982262548	816699124310919229	816699124310919228	2099	
1	C18H30	[M + H]+	C18H31+	Terpenoids	0.790	Diterpenoids	0.834	Hydrocarbons	0.088	Lipids and lipid-like molecules	0.549							Lipids and lipid-like molecules	0.549	Organic compounds; Lipids and lipid-like molecules; Hydrocarbons; Olefins; Polycyclic hydrocarbons; Unsaturated hydrocarbons; Unsaturated aliphatic hydrocarbons; Chemical entities	247.241	528	8.807	816700613398181890	816699124428359750	816699124424165445	2103	
1	C16H34O	[M + Na]+	C16H34NaO+	Fatty acids	0.998	Fatty acyls	0.998	Fatty alcohols	0.998	Lipids and lipid-like molecules	0.684	Fatty Acyls	0.716	Fatty alcohols	0.794			Fatty alcohols	0.794	Organic compounds; Lipids and lipid-like molecules; Alcohols and polyols; Primary alcohols; Organooxygen compounds; Fatty alcohols; Fatty Acyls; Hydrocarbon derivatives; Organic oxygen compounds; Chemical entities	265.251	528	8.807	816700620218121158	816699124529023059	816699124529023058	2104	
1	C36H64O10	[M + H]+	C36H65O10+	Polyketides	0.837	Aromatic polyketides	0.252	Depsides and depsidones	0.059	Benzenoids	0.756	Benzene and substituted derivatives	0.753	Benzoic acids and derivatives	0.796	Hydroxybenzoic acid derivatives	0.561	Hydroxybenzoic acid derivatives	0.561	Organic compounds; Lipids and lipid-like molecules; Alcohols and polyols; Phenols; Benzoic acids and derivatives; Ethers; Organic acids and derivatives; Carboxylic acids and derivatives; Benzoyl derivatives; Organooxygen compounds; Carboxylic acid derivatives; Carboxylic acids; Carboxylic acid esters; Hydroxybenzoic acid derivatives; Secondary alcohols; Carbonyl compounds; Benzene and substituted derivatives; Benzenoids; Fatty Acyls; Organic oxides; Hydrocarbon derivatives; Organic oxygen compounds; Chemical entities	657.456	528	8.807	816700628095030055	816699124629686366	816699124629686365	2105	
1	C37H66O8	[M + H]+	C37H67O8+	Fatty acids	0.999	Fatty esters	0.902	Fatty acid estolides	0.983	Organic acids and derivatives	1.000	Hydroxy acids and derivatives	0.667	Beta hydroxy acids and derivatives	0.591			Beta hydroxy acids and derivatives	0.591	Organic compounds; Lipids and lipid-like molecules; Alcohols and polyols; Organic acids and derivatives; Carboxylic acids and derivatives; Organooxygen compounds; Fatty acid esters; Dicarboxylic acids and derivatives; Hydroxy acids and derivatives; Carboxylic acid derivatives; Carboxylic acids; Carboxylic acid esters; Secondary alcohols; Beta hydroxy acids and derivatives; Carbonyl compounds; Fatty Acyls; Organic oxides; Hydrocarbon derivatives; Organic oxygen compounds; Chemical entities	639.485	528	8.808	816700628090835731	816699124826818664	816699124826818663	2106	
1	C40H62O7	[M + H]+	C40H63O7+	Terpenoids	0.850	Carotenoids (C40)	0.247	Carotenoids (C40, β-β)	0.059	Benzenoids	0.789							Benzenoids	0.789	Organic compounds; Lipids and lipid-like molecules; Prenol lipids; Organic acids and derivatives; Carboxylic acids and derivatives; Organooxygen compounds; Carboxylic acid derivatives; Carboxylic acid esters; Carbonyl compounds; Benzenoids; Organic oxides; Hydrocarbon derivatives; Organic oxygen compounds; Chemical entities	655.452	529	8.811	816700648429018875	816699125053311091	816699125053311090	2113	
1	C18H34O3	[M + H]+	C18H35O3+	Terpenoids	0.930	Diterpenoids	0.765	Labdane diterpenoids	0.298	Lipids and lipid-like molecules	0.850	Prenol lipids	0.769					Prenol lipids	0.769	Organic compounds; Lipids and lipid-like molecules; Alcohols and polyols; Prenol lipids; Organooxygen compounds; Secondary alcohols; Tertiary alcohols; Hydrocarbon derivatives; Organic oxygen compounds; Chemical entities	299.257	531	8.846	816700629059720195	816699125162363000	816699125162362999	2127	
1	C21H36O3	[M + H]+	C21H37O3+	Terpenoids	0.454	Diterpenoids	0.435	Labdane diterpenoids	0.169	Lipids and lipid-like molecules	0.943	Prenol lipids	0.669	Diterpenoids	0.643			Diterpenoids	0.643	Organic compounds; Lipids and lipid-like molecules; Alcohols and polyols; Prenol lipids; Fatty acids and conjugates; Organic acids and derivatives; Carboxylic acids and derivatives; Organooxygen compounds; Monocarboxylic acids and derivatives; Carboxylic acids; Diterpenoids; Carbonyl compounds; Fatty Acyls; Organic oxides; Hydrocarbon derivatives; Organic oxygen compounds; Chemical entities	337.272	531	8.847	816700631995733288	816699125367883919	816699125363689613	2131	
1	C21H38O4	[M + H]+	C21H39O4+	Fatty acids	1.000	Glycerolipids	0.992	Monoacylglycerols	0.987	Lipids and lipid-like molecules	0.998	Glycerolipids	0.985	Monoradylglycerols	0.973	Monoacylglycerols	0.973	1-monoacylglycerols	0.796	Organic compounds; Lipids and lipid-like molecules; Alcohols and polyols; Glycerolipids; Organic acids and derivatives; Carboxylic acids and derivatives; Primary alcohols; Organooxygen compounds; Fatty acid esters; Carboxylic acid derivatives; Monoacylglycerols; Monocarboxylic acids and derivatives; Carboxylic acid esters; 1-monoacylglycerols; Secondary alcohols; Carbonyl compounds; Polyols; 1,2-diols; Monoradylglycerols; Fatty Acyls; Organic oxides; Hydrocarbon derivatives; Organic oxygen compounds; Chemical entities	355.282	531	8.849	816700635963545366	816699125711816912	816699125711816910	2137	
1	C19H36O3	[M + H]+	C19H37O3+	Terpenoids	0.898	Diterpenoids	0.856	Labdane diterpenoids	0.522	Lipids and lipid-like molecules	0.922	Prenol lipids	0.758	Diterpenoids	0.625			Diterpenoids	0.625	Organic compounds; Lipids and lipid-like molecules; Alcohols and polyols; Prenol lipids; Organic acids and derivatives; Carboxylic acids and derivatives; Primary alcohols; Organooxygen compounds; Monocarboxylic acids and derivatives; Carboxylic acid esters; Diterpenoids; Secondary alcohols; Carbonyl compounds; Fatty Acyls; Organic oxides; Hydrocarbon derivatives; Organic oxygen compounds; Chemical entities	313.272	531	8.851	816700642389220524	816699125816674525	816699125812480220	2141	
1	C18H31NO	[M + H]+	C18H32NO+	Fatty acids	1.000	Fatty amides	0.999	Primary amides	0.990	Lipids and lipid-like molecules	0.922	Fatty Acyls	0.908	Fatty amides	0.897			Fatty amides	0.897	Organic compounds; Lipids and lipid-like molecules; Organic acids and derivatives; Carboxylic acids and derivatives; Organonitrogen compounds; Organooxygen compounds; Fatty amides; Carboxylic acid amides; Carboxylic acid derivatives; Primary carboxylic acid amides; Carbonyl compounds; Fatty Acyls; Organic oxides; Hydrocarbon derivatives; Organopnictogen compounds; Organic oxygen compounds; Organic nitrogen compounds; Chemical entities	278.247	533	8.877	816700643920141623	816699126429042959	816699126424848654	2155	
1	C11H30N6O2	[M + H]+	C11H31N6O2+	Fatty acids	0.746	Fatty acyls	0.756	Fatty alcohols	0.548	Organic nitrogen compounds	0.984	Organonitrogen compounds	0.903					Organonitrogen compounds	0.903	Organic compounds; Organonitrogen compounds; Hydrocarbon derivatives; Organopnictogen compounds; Organic oxygen compounds; Organic nitrogen compounds; Chemical entities	279.248	533	8.880	816700645065186750	816699126542289172	816699126542289171	2156	
1	C17H34O4	[M + H]+	C17H35O4+	Fatty acids	0.880	Fatty acyls	0.414	Fatty alcohols	0.634	Lipids and lipid-like molecules	0.919	Fatty Acyls	0.906					Fatty Acyls	0.906	Organic compounds; Lipids and lipid-like molecules; Alcohols and polyols; Organic acids and derivatives; Carboxylic acids and derivatives; Organooxygen compounds; Carboxylic acid derivatives; Monocarboxylic acids and derivatives; Carboxylic acid esters; Secondary alcohols; Carbonyl compounds; Polyols; Fatty Acyls; Organic oxides; Hydrocarbon derivatives; Organic oxygen compounds; Chemical entities	303.252	533	8.889	816700651084013596	816699126760392990	816699126760392989	2164	
1	C21H38O3	[M + H]+	C21H39O3+	Fatty acids	0.986	Fatty acyls	0.726	Fatty alcohols	0.819	Lipids and lipid-like molecules	0.957	Fatty Acyls	0.909	Fatty alcohols	0.567	Long-chain fatty alcohols	0.582	Long-chain fatty alcohols	0.582	Organic compounds; Lipids and lipid-like molecules; Alcohols and polyols; Organic acids and derivatives; Carboxylic acids and derivatives; Primary alcohols; Organooxygen compounds; Carboxylic acid derivatives; Monocarboxylic acids and derivatives; Carboxylic acid esters; Fatty alcohols; Secondary alcohols; Fatty alcohol esters; Carbonyl compounds; Long-chain fatty alcohols; Fatty Acyls; Organic oxides; Hydrocarbon derivatives; Organic oxygen compounds; Chemical entities	339.288	533	8.890	816700641948818488	816699126902999333	816699126898805028	2167	
1	C21H40O4	[M + H]+	C21H41O4+	Fatty acids	0.978	Fatty acyls	0.738	Fatty alcohols	0.837	Lipids and lipid-like molecules	0.943	Fatty Acyls	0.872	Fatty alcohol esters	0.790			Fatty alcohol esters	0.790	Organic compounds; Lipids and lipid-like molecules; Alcohols and polyols; Glycerolipids; Organic acids and derivatives; Carboxylic acids and derivatives; Primary alcohols; Organooxygen compounds; Fatty acid esters; Dicarboxylic acids and derivatives; Carboxylic acid derivatives; Monocarboxylic acids and derivatives; Carboxylic acid esters; Secondary alcohols; Fatty alcohol esters; Carbonyl compounds; Fatty Acyls; Organic oxides; Hydrocarbon derivatives; Organic oxygen compounds; Chemical entities	357.298	533	8.891	816700653084696724	816699127137880368	816699127137880367	2169	
1	C15H31N5	[M + H]+	C15H32N5+	Alkaloids	0.981	Guanidine alkaloids	0.805	Tricyclic guanidine alkaloids	0.824	Organoheterocyclic compounds	0.728	Heteroaromatic compounds	0.574					Heteroaromatic compounds	0.574	Organic compounds; Organoheterocyclic compounds; Organonitrogen compounds; Guanidines; Carboximidamides; Azacyclic compounds; Heteroaromatic compounds; Hydrocarbon derivatives; Organopnictogen compounds; Organic nitrogen compounds; Chemical entities	282.267	535	8.911	816700648978472756	816699127397927232	816699127397927231	2128	
1	C15H33O4	[M + Na]+	C15H33NaO4+	Fatty acids	0.956	Fatty acyls	0.632	Fatty alcohols	0.789	Lipids and lipid-like molecules	0.930	Fatty Acyls	0.897	Fatty acid esters	0.591			Fatty acid esters	0.591	Organic compounds; Lipids and lipid-like molecules; Alcohols and polyols; Organic acids and derivatives; Carboxylic acids and derivatives; Primary alcohols; Organooxygen compounds; Fatty acid esters; Carboxylic acid derivatives; Monocarboxylic acids and derivatives; Carboxylic acid esters; Secondary alcohols; Carbonyl compounds; Fatty Acyls; Organic oxides; Hydrocarbon derivatives; Organic oxygen compounds; Chemical entities	300.232	535	8.912	816700658436629761	816699127230155062	816699127225960757	2178	
1	C16H31NO	[M + H]+	C16H32NO+	Fatty acids	0.998	Fatty amides	0.997	Primary amides	0.995	Lipids and lipid-like molecules	0.786	Fatty Acyls	0.781	Fatty amides	0.800			Fatty amides	0.800	Organic compounds; Lipids and lipid-like molecules; Organic acids and derivatives; Carboxylic acids and derivatives; Organonitrogen compounds; Organooxygen compounds; Fatty amides; Carboxylic acid amides; Carboxylic acid derivatives; Primary carboxylic acid amides; Carbonyl compounds; Fatty Acyls; Organic oxides; Hydrocarbon derivatives; Organopnictogen compounds; Organic oxygen compounds; Organic nitrogen compounds; Chemical entities	254.247	535	8.913	816700664358989430	816699127595059530	816699127595059529	2182	
1	C16H28O	[M + H]+	C16H29O+	Fatty acids	0.996	Fatty acyls	0.872	Unsaturated fatty acids	0.413	Lipids and lipid-like molecules	0.765	Fatty Acyls	0.739					Fatty Acyls	0.739	Organic compounds; Lipids and lipid-like molecules; Organooxygen compounds; Carbonyl compounds; Fatty Acyls; Organic oxides; Hydrocarbon derivatives; Organic oxygen compounds; Chemical entities	237.220	535	8.915	816700664329629278	816699127699917146	816699127699917145	2185	
1	C21H36O4	[M - H2O + H]+	C21H35O3+	Terpenoids	0.554	Diterpenoids	0.676	Fatty alcohols	0.226	Lipids and lipid-like molecules	0.968	Prenol lipids	0.620	Diterpenoids	0.634			Diterpenoids	0.634	Organic compounds; Lipids and lipid-like molecules; Alcohols and polyols; Prenol lipids; Organic acids and derivatives; Carboxylic acids and derivatives; Primary alcohols; Organooxygen compounds; Carboxylic acid derivatives; Monocarboxylic acids and derivatives; Carboxylic acid esters; Cyclic alcohols and derivatives; Diterpenoids; Secondary alcohols; Carbonyl compounds; Fatty Acyls; Organic oxides; Hydrocarbon derivatives; Organic oxygen compounds; Chemical entities	335.257	535	8.921	816700668679123008	816699128194845036	816699128194845035	2190	
1	C21H36O4	[M + H]+	C21H37O4+	Fatty acids	0.999	Glycerolipids	0.995	Monoacylglycerols	0.995	Lipids and lipid-like molecules	0.997	Glycerolipids	0.990	Monoradylglycerols	0.987	Monoacylglycerols	0.977	1-monoacylglycerols	0.837	Organic compounds; Lipids and lipid-like molecules; Alcohols and polyols; Glycerolipids; Organic acids and derivatives; Carboxylic acids and derivatives; Primary alcohols; Organooxygen compounds; Fatty acid esters; Carboxylic acid derivatives; Monoacylglycerols; Monocarboxylic acids and derivatives; Carboxylic acid esters; 1-monoacylglycerols; Secondary alcohols; Carbonyl compounds; Polyols; 1,2-diols; Monoradylglycerols; Fatty Acyls; Organic oxides; Hydrocarbon derivatives; Organic oxygen compounds; Chemical entities	353.267	535	8.922	816700673129281390	816699128274536817	816699128274536816	2191	
1	C15H31NO	[M + H]+	C15H32NO+	Fatty acids	0.920	Fatty amides	0.774	Primary amides	0.244	Organic nitrogen compounds	1.000	Organonitrogen compounds	1.000	Amines	0.695	Amine oxides and derivatives	0.676	Trisubstituted amine oxides and derivatives	0.677	Organic compounds; Organonitrogen compounds; Organooxygen compounds; Amine oxides and derivatives; Amines; Trisubstituted amine oxides and derivatives; Organic oxides; Aminoxides; Hydrocarbon derivatives; Trialkyl amine oxides; Organopnictogen compounds; Organic oxygen compounds; Organic nitrogen compounds; Chemical entities	242.247	536	8.925	816700668117086223	816699128454891899	816699128450697594	2193	
1	C23H44NO7P	[M + Na]+	C23H44NNaO7P+	Fatty acids	1.000	Glycerophospholipids	1.000	Glycerophosphoethanolamines	1.000	Organic acids and derivatives	0.999	Carboxylic acids and derivatives	0.995	Amino acids, peptides, and analogues	0.980	Amino acids and derivatives	0.980	Amino acids and derivatives	0.980	Organic compounds; Lipids and lipid-like molecules; Amino acids, peptides, and analogues; Alcohols and polyols; Glycerophospholipids; Organic acids and derivatives; Carboxylic acids and derivatives; Organonitrogen compounds; Organooxygen compounds; Fatty acid esters; Amino acids and derivatives; Organic phosphoric acids and derivatives; Phosphate esters; Monoalkylamines; Carboxylic acid derivatives; Monocarboxylic acids and derivatives; Carboxylic acid esters; Phosphoethanolamines; Lysophosphatidylethanolamines; Secondary alcohols; 1-acyl-sn-glycero-3-phosphoethanolamines; Carbonyl compounds; Glycerophosphoethanolamines; Amines; Primary amines; Alkyl phosphates; Dialkyl phosphates; Fatty Acyls; Organic oxides; Hydrocarbon derivatives; Organopnictogen compounds; Organic oxygen compounds; Organic nitrogen compounds; Chemical entities	500.273	536	8.940	816700672147814132	816699128563943809	816699128563943808	2198	
1	C23H44NO7P	[M + H]+	C23H45NO7P+	Fatty acids	1.000	Glycerophospholipids	1.000	Glycerophosphoethanolamines	0.999	Organic acids and derivatives	1.000	Carboxylic acids and derivatives	0.999	Amino acids, peptides, and analogues	0.989	Amino acids and derivatives	0.989	Amino acids and derivatives	0.989	Organic compounds; Lipids and lipid-like molecules; Amino acids, peptides, and analogues; Alcohols and polyols; Glycerophospholipids; Organic acids and derivatives; Carboxylic acids and derivatives; Organonitrogen compounds; Organooxygen compounds; Fatty acid esters; Amino acids and derivatives; Organic phosphoric acids and derivatives; Phosphate esters; Monoalkylamines; Carboxylic acid derivatives; Monocarboxylic acids and derivatives; Carboxylic acid esters; Phosphoethanolamines; Lysophosphatidylethanolamines; Secondary alcohols; 1-acyl-sn-glycero-3-phosphoethanolamines; Carbonyl compounds; Glycerophosphoethanolamines; Amines; Primary amines; Alkyl phosphates; Dialkyl phosphates; Fatty Acyls; Organic oxides; Hydrocarbon derivatives; Organopnictogen compounds; Organic oxygen compounds; Organic nitrogen compounds; Chemical entities	478.291	537	8.944	816700669790614241	816699128937236887	816699128937236886	2201	
1	C21H44NO7P	[M + H]+	C21H45NO7P+	Fatty acids	1.000	Glycerophospholipids	1.000	Glycerophosphoethanolamines	0.999	Organic acids and derivatives	0.999	Carboxylic acids and derivatives	0.997	Amino acids, peptides, and analogues	0.990	Amino acids and derivatives	0.990	Amino acids and derivatives	0.990	Organic compounds; Lipids and lipid-like molecules; Amino acids, peptides, and analogues; Alcohols and polyols; Glycerophospholipids; Organic acids and derivatives; Carboxylic acids and derivatives; Organonitrogen compounds; Organooxygen compounds; Fatty acid esters; Amino acids and derivatives; Organic phosphoric acids and derivatives; Phosphate esters; Monoalkylamines; Carboxylic acid derivatives; Monocarboxylic acids and derivatives; Carboxylic acid esters; Phosphoethanolamines; Lysophosphatidylethanolamines; Secondary alcohols; 1-acyl-sn-glycero-3-phosphoethanolamines; Carbonyl compounds; Glycerophosphoethanolamines; Amines; Primary amines; Alkyl phosphates; Dialkyl phosphates; Fatty Acyls; Organic oxides; Hydrocarbon derivatives; Organopnictogen compounds; Organic oxygen compounds; Organic nitrogen compounds; Chemical entities	454.291	537	8.945	816700673762621433	816699129029511580	816699129029511579	2202	
1	C37H44O11	[M + K]+	C37H44KO11+	Terpenoids	0.972	Triterpenoids	0.687	Ergostane steroids	0.090	Lipids and lipid-like molecules	0.974	Prenol lipids	0.730	Triterpenoids	0.629			Triterpenoids	0.629	Organic compounds; Organoheterocyclic compounds; Carbohydrates and carbohydrate conjugates; Lipids and lipid-like molecules; Alcohols and polyols; Ethers; Steroids and steroid derivatives; Prenol lipids; Organic acids and derivatives; Carboxylic acids and derivatives; Organooxygen compounds; Carboxylic acids; Carboxylic acid esters; Cyclic alcohols and derivatives; Hydroxysteroids; Monosaccharides; Triterpenoids; Acetals; Secondary alcohols; Carbonyl compounds; Oxanes; Glycosyl compounds; O-glycosyl compounds; Polyols; Organic oxides; Oxacyclic compounds; Hydrocarbon derivatives; Organic oxygen compounds; Chemical entities	703.253	537	8.948	816700916210209600	816699128756881803	816699128752687498	2176	
1	C19H37NO3	[M + H]+	C19H38NO3+	Fatty acids	1.000	Fatty amides	0.997	N-acyl ethanolamines (endocannabinoids)	0.692	Lipids and lipid-like molecules	0.900	Fatty Acyls	0.899	Fatty amides	0.816	N-acyl amines	0.823	N-acyl amines	0.823	Organic compounds; Lipids and lipid-like molecules; Organic acids and derivatives; Carboxylic acids and derivatives; Organonitrogen compounds; Organooxygen compounds; Fatty amides; Carboxylic acid amides; Carboxylic acid derivatives; N-acyl amines; Monocarboxylic acids and derivatives; Carboxylic acids; Secondary carboxylic acid amides; Carbonyl compounds; Fatty Acyls; Organic oxides; Hydrocarbon derivatives; Organopnictogen compounds; Organic oxygen compounds; Organic nitrogen compounds; Chemical entities	328.283	537	8.952	816700675138353500	816699129130174882	816699129125980577	2205	
1	C28H36O9	[M + Na]+	C28H36NaO9+	Shikimates and Phenylpropanoids	0.865	Diarylheptanoids	0.504	Biaryl type diarylheptanoids	0.100	Lipids and lipid-like molecules	0.796	Fatty Acyls	0.654	Fatty acyl glycosides	0.570	Fatty acyl glycosides of mono- and disaccharides	0.575	Fatty acyl glycosides of mono- and disaccharides	0.575	Organic compounds; Organoheterocyclic compounds; Carbohydrates and carbohydrate conjugates; Lipids and lipid-like molecules; Alcohols and polyols; Phenols; Ethers; Phenylpropanoids and polyketides; Organic acids and derivatives; Carboxylic acids and derivatives; Primary alcohols; Organooxygen compounds; Carboxylic acid esters; Hexoses; Monosaccharides; Acetals; Secondary alcohols; Fatty acyl glycosides; Carbonyl compounds; Oxanes; Glycosyl compounds; O-glycosyl compounds; Polyols; Benzenoids; Fatty acyl glycosides of mono- and disaccharides; Fatty Acyls; Organic oxides; Oxacyclic compounds; Hydrocarbon derivatives; Organic oxygen compounds; 1-hydroxy-2-unsubstituted benzenoids; Chemical entities	539.222	537	8.953	816700688052618378	816699129239226791	816699129239226790	2210	
1	C27H48O9	[M + H3N + H]+	C27H52NO9+	Fatty acids	1.000	Glycerolipids	0.992	Glycosyldiacylglycerols	0.318	Lipids and lipid-like molecules	0.995	Glycerolipids	0.933	Glycosylglycerols	0.975			Glycosylglycerols	0.975	Organic compounds; Organoheterocyclic compounds; Carbohydrates and carbohydrate conjugates; Lipids and lipid-like molecules; Alcohols and polyols; Glycerolipids; Ethers; Organic acids and derivatives; Carboxylic acids and derivatives; Primary alcohols; Organooxygen compounds; Fatty acid esters; Lineolic acids and derivatives; Glycosylglycerols; Carboxylic acid derivatives; Monocarboxylic acids and derivatives; Carboxylic acid esters; Hexoses; Monosaccharides; Acetals; Secondary alcohols; Fatty acyl glycosides; Carbonyl compounds; Oxanes; Glycosyl compounds; O-glycosyl compounds; Polyols; Fatty Acyls; Organic oxides; Oxacyclic compounds; Hydrocarbon derivatives; Organic oxygen compounds; Chemical entities	534.362	537	8.953	816700673938782231	816699129327307181	816699129323112876	2206	
1	C18H28	[M + H]+	C18H29+	Terpenoids	0.540	Fatty acyls	0.488	Hydrocarbons	0.283	Benzenoids	0.899	Benzene and substituted derivatives	0.772					Benzene and substituted derivatives	0.772	Organic compounds; Benzene and substituted derivatives; Benzenoids; Hydrocarbons; Olefins; Unsaturated hydrocarbons; Aromatic hydrocarbons; Branched unsaturated hydrocarbons; Chemical entities	245.225	537	8.956	816700673401911201	816699129495079352	816699129495079351	2207	
1	C19H38O3	[M + Na]+	C19H38NaO3+	Fatty acids	1.000	Glycerolipids	0.973	Monoacylglycerols	0.990	Lipids and lipid-like molecules	0.998	Glycerolipids	0.972	Monoradylglycerols	0.981	Monoacylglycerols	0.972	1-monoacylglycerols	0.877	Organic compounds; Lipids and lipid-like molecules; Alcohols and polyols; Glycerolipids; Organic acids and derivatives; Carboxylic acids and derivatives; Primary alcohols; Organooxygen compounds; Fatty acid esters; Carboxylic acid derivatives; Monoacylglycerols; Monocarboxylic acids and derivatives; Carboxylic acid esters; 1-monoacylglycerols; Secondary alcohols; Carbonyl compounds; Polyols; 1,2-diols; Monoradylglycerols; Fatty Acyls; Organic oxides; Hydrocarbon derivatives; Organic oxygen compounds; Chemical entities	337.272	537	8.956	816700677650741781	816699129578965437	816699129578965436	2215	
1	C18H35NO	[M + H]+	C18H36NO+	Fatty acids	1.000	Fatty amides	0.999	Primary amides	0.997	Lipids and lipid-like molecules	0.789	Fatty Acyls	0.847	Fatty amides	0.837			Fatty amides	0.837	Organic compounds; Lipids and lipid-like molecules; Organic acids and derivatives; Carboxylic acids and derivatives; Organonitrogen compounds; Organooxygen compounds; Fatty amides; Carboxylic acid amides; Carboxylic acid derivatives; Primary carboxylic acid amides; Carbonyl compounds; Fatty Acyls; Organic oxides; Hydrocarbon derivatives; Organopnictogen compounds; Organic oxygen compounds; Organic nitrogen compounds; Chemical entities	282.277	538	8.960	816700675180296556	816699129658657218	816699129658657217	2217	
1	C19H40O4	[M + Na]+	C19H40NaO4+	Fatty acids	1.000	Fatty acyls	0.987	Fatty alcohols	0.996	Lipids and lipid-like molecules	0.972	Fatty Acyls	0.934	Fatty alcohols	0.822	Long-chain fatty alcohols	0.783	Long-chain fatty alcohols	0.783	Organic compounds; Lipids and lipid-like molecules; Alcohols and polyols; Glycerolipids; Primary alcohols; Organooxygen compounds; Fatty alcohols; Secondary alcohols; Polyols; 1,2-diols; Long-chain fatty alcohols; Monoradylglycerols; Fatty Acyls; Hydrocarbon derivatives; Organic oxygen compounds; Chemical entities	355.281	538	8.960	816700684994969947	816699129746737608	816699129746737607	2218	
1	C16H32O	[M + Na]+	C16H32NaO+	Fatty acids	0.992	Fatty acyls	0.987	Fatty alcohols	0.980	Lipids and lipid-like molecules	0.846	Fatty Acyls	0.778	Fatty alcohols	0.628	Long-chain fatty alcohols	0.797	Long-chain fatty alcohols	0.797	Organic compounds; Lipids and lipid-like molecules; Alcohols and polyols; Organooxygen compounds; Fatty alcohols; Carbonyl compounds; Long-chain fatty alcohols; Fatty Acyls; Hydrocarbon derivatives; Organic oxygen compounds; Chemical entities	263.236	538	8.961	816700685376651689	816699129847400910	816699129847400909	2220	
1	C26H48NO7P	[M + H]+	C26H49NO7P+	Fatty acids	1.000	Glycerophospholipids	1.000	Glycerophosphocholines	0.995	Lipids and lipid-like molecules	0.989	Glycerophospholipids	0.999	Glycerophosphocholines	0.998	Lysophosphatidylcholines	0.972	1-acyl-sn-glycero-3-phosphocholines	0.913	Organic compounds; Lipids and lipid-like molecules; Alcohols and polyols; Glycerophospholipids; Organic acids and derivatives; Carboxylic acids and derivatives; Organonitrogen compounds; Organooxygen compounds; Fatty acid esters; Organic phosphoric acids and derivatives; Phosphate esters; Quaternary ammonium salts; Cholines; Carboxylic acid derivatives; Monocarboxylic acids and derivatives; Carboxylic acid esters; Phosphocholines; Lysophosphatidylcholines; 1-acyl-sn-glycero-3-phosphocholines; Secondary alcohols; Carbonyl compounds; Glycerophosphocholines; Amines; Alkyl phosphates; Dialkyl phosphates; Organic cations; Organic salts; Fatty Acyls; Organic oxides; Hydrocarbon derivatives; Tetraalkylammonium salts; Organopnictogen compounds; Organic oxygen compounds; Organic nitrogen compounds; Chemical entities	518.323	538	8.973	816700686190346953	816699130052921882	816699130048727577	2227	
1	C34H67NO	[M + H]+	C34H68NO+	Fatty acids	0.999	Fatty amides	0.996	Primary amides	0.587	Lipids and lipid-like molecules	0.978	Fatty Acyls	0.967	Fatty amides	0.981	N-acyl amines	0.876	N-acyl amines	0.876	Organic compounds; Lipids and lipid-like molecules; Organic acids and derivatives; Carboxylic acids and derivatives; Organonitrogen compounds; Organooxygen compounds; Fatty amides; Carboxylic acid amides; Carboxylic acid derivatives; N-acyl amines; Secondary carboxylic acid amides; Carbonyl compounds; Fatty Acyls; Organic oxides; Hydrocarbon derivatives; Organopnictogen compounds; Organic oxygen compounds; Organic nitrogen compounds; Chemical entities	506.528	539	8.976	816700685544423910	816699130141002357	816699130141002356	2229	
1	C33H44O15	[M + Na]+	C33H44NaO15+	Shikimates and Phenylpropanoids	0.756	Flavonoids	0.780	Flavones	0.363	Organic oxygen compounds	1.000	Organooxygen compounds	1.000	Carbohydrates and carbohydrate conjugates	0.990	Glycosyl compounds	0.926	Phenolic glycosides	0.504	Organic compounds; Organoheterocyclic compounds; Carbohydrates and carbohydrate conjugates; Lipids and lipid-like molecules; Styrenes; Alcohols and polyols; Phenols; Ethers; Phenylpropanoids and polyketides; Organic acids and derivatives; Carboxylic acids and derivatives; Primary alcohols; Organooxygen compounds; Fatty acid esters; Cinnamic acids and derivatives; Carboxylic acid derivatives; Carboxylic acid esters; Disaccharides; Acetals; Secondary alcohols; Carbonyl compounds; Oxanes; Glycosyl compounds; O-glycosyl compounds; Benzene and substituted derivatives; Polyols; Benzenoids; Cinnamic acid esters; Enoate esters; Alpha,beta-unsaturated carboxylic esters; Fatty Acyls; Organic oxides; Oxacyclic compounds; Hydrocarbon derivatives; Phenolic glycosides; Organic oxygen compounds; 1-hydroxy-2-unsubstituted benzenoids; Chemical entities	703.256	539	8.990	816701650637110332	816699130229082747	816699130229082746	2235	
1	C33H60O14	[M + Na]+	C33H60NaO14+	Fatty acids	0.927	Glycerolipids	0.358	Resin glycosides	0.107	Organic oxygen compounds	1.000	Organooxygen compounds	1.000	Carbohydrates and carbohydrate conjugates	0.995	Disaccharides	0.766	Disaccharides	0.766	Organic compounds; Organoheterocyclic compounds; Carbohydrates and carbohydrate conjugates; Lipids and lipid-like molecules; Alcohols and polyols; Ethers; Organic acids and derivatives; Carboxylic acids and derivatives; Primary alcohols; Organooxygen compounds; Fatty acid esters; Carboxylic acid derivatives; Monocarboxylic acids and derivatives; Carboxylic acid esters; Disaccharides; Acetals; Secondary alcohols; Carbonyl compounds; Oxanes; Glycosyl compounds; O-glycosyl compounds; Polyols; Fatty Acyls; Organic oxides; Oxacyclic compounds; Hydrocarbon derivatives; Organic oxygen compounds; Chemical entities	703.385	540	8.993	816700697095538867	816699130321357441	816699130317163136	2238	
1	C11H30N5O2	[M + H]+	C11H31N5O2+	Amino acids and Peptides	0.340	Small peptides	0.712	Tripeptides	0.127	Organic acids and derivatives	0.971	Carboxylic acids and derivatives	0.945	Amino acids, peptides, and analogues	0.697	Amino acids and derivatives	0.691	Alpha amino acids and derivatives	0.597	Organic compounds; Lipids and lipid-like molecules; Amino acids, peptides, and analogues; Alpha amino acids and derivatives; Fatty acids and conjugates; Organic acids and derivatives; Carboxylic acids and derivatives; Organonitrogen compounds; Organooxygen compounds; Amino acids and derivatives; Guanidines; Carboxylic acid derivatives; Monocarboxylic acids and derivatives; Carbonyl compounds; Carboximidamides; Organic 1,3-dipolar compounds; Propargyl-type 1,3-dipolar organic compounds; Fatty Acyls; Organic oxides; Hydrocarbon derivatives; Organopnictogen compounds; Organic oxygen compounds; Organic nitrogen compounds; Chemical entities	265.247	540	8.994	816700686903378889	816699130405243534	816699130405243533	2241	
1	C19H40O3	[M + Na]+	C19H40NaO3+	Fatty acids	1.000	Fatty acyls	0.987	Fatty alcohols	0.997	Lipids and lipid-like molecules	0.933	Fatty Acyls	0.845	Fatty alcohols	0.831	Long-chain fatty alcohols	0.718	Long-chain fatty alcohols	0.718	Organic compounds; Lipids and lipid-like molecules; Alcohols and polyols; Primary alcohols; Organooxygen compounds; Fatty alcohols; Secondary alcohols; Long-chain fatty alcohols; Fatty Acyls; Hydrocarbon derivatives; Organic oxygen compounds; Chemical entities	339.288	540	8.994	816700688107144360	816699130484935318	816699130484935317	2242	
1	C21H40O4	[M + H]+	C21H41O4+	Fatty acids	1.000	Glycerolipids	0.995	Monoacylglycerols	0.999	Lipids and lipid-like molecules	0.998	Glycerolipids	0.987	Monoradylglycerols	0.993	Monoacylglycerols	0.989	1-monoacylglycerols	0.954	Organic compounds; Lipids and lipid-like molecules; Alcohols and polyols; Glycerolipids; Organic acids and derivatives; Carboxylic acids and derivatives; Primary alcohols; Organooxygen compounds; Fatty acid esters; Carboxylic acid derivatives; Monoacylglycerols; Monocarboxylic acids and derivatives; Carboxylic acid esters; 1-monoacylglycerols; Secondary alcohols; Carbonyl compounds; Polyols; 1,2-diols; Monoradylglycerols; Fatty Acyls; Organic oxides; Hydrocarbon derivatives; Organic oxygen compounds; Chemical entities	357.298	540	8.997	816700692737656436	816699130585598622	816699130581404317	2249	
1	C33H60O14	[M + H3N + H]+	C33H64NO14+	Fatty acids	1.000	Glycerolipids	0.999	Glycosyldiacylglycerols	0.752	Lipids and lipid-like molecules	0.995	Glycerolipids	0.956	Glycosylglycerols	0.995	Glycosyldiradylglycerols	0.549	Glycosyldiradylglycerols	0.549	Organic compounds; Organoheterocyclic compounds; Carbohydrates and carbohydrate conjugates; Lipids and lipid-like molecules; Alcohols and polyols; Glycerolipids; Ethers; Organic acids and derivatives; Carboxylic acids and derivatives; Primary alcohols; Organooxygen compounds; Fatty acid esters; Glycosylglycerols; Carboxylic acid derivatives; Monocarboxylic acids and derivatives; Carboxylic acid esters; Disaccharides; Acetals; Secondary alcohols; Fatty acyl glycosides; Carbonyl compounds; Oxanes; Glycosyl compounds; O-glycosyl compounds; Polyols; Glycosyldiradylglycerols; Fatty Acyls; Organic oxides; Oxacyclic compounds; Hydrocarbon derivatives; Organic oxygen compounds; Chemical entities	698.430	540	8.999	816700687763211326	816699130682067620	816699130677873315	2251	
1	C22H44O6	[M + Na]+	C22H44NaO6+	Fatty acids	0.992	Glycerolipids	0.518	Fatty alcohols	0.466	Lipids and lipid-like molecules	0.945	Fatty Acyls	0.915	Fatty acid esters	0.583			Fatty acid esters	0.583	Organic compounds; Lipids and lipid-like molecules; Alcohols and polyols; Ethers; Organic acids and derivatives; Carboxylic acids and derivatives; Primary alcohols; Organooxygen compounds; Fatty acid esters; Carboxylic acid derivatives; Monocarboxylic acids and derivatives; Dialkyl ethers; Carboxylic acid esters; Secondary alcohols; Carbonyl compounds; Polyols; Fatty Acyls; Organic oxides; Hydrocarbon derivatives; Organic oxygen compounds; Chemical entities	427.304	541	9.010	816700686655914884	816699130866617006	816699130866617005	2258	
1	C14H35N5O5	[M + H]+	C14H36N5O5+	Amino acids and Peptides	0.157	Guanidine alkaloids	0.354	Polyamines	0.192	Organic oxygen compounds	0.995	Organooxygen compounds	0.916	Alcohols and polyols	0.564			Alcohols and polyols	0.564	Organic compounds; Alcohols and polyols; Organonitrogen compounds; Organooxygen compounds; Amines; Hydrocarbon derivatives; Organopnictogen compounds; Organic oxygen compounds; Organic nitrogen compounds; Chemical entities	354.271	541	9.023	816700690225267987	816699130971474611	816699130971474610	2266	
1	C21H36O4	[M + H]+	C21H37O4+	Fatty acids	0.999	Glycerolipids	0.988	Monoacylglycerols	0.993	Lipids and lipid-like molecules	0.998	Fatty Acyls	0.981	Lineolic acids and derivatives	0.509			Lineolic acids and derivatives	0.509	Organic compounds; Lipids and lipid-like molecules; Alcohols and polyols; Glycerolipids; Organic acids and derivatives; Carboxylic acids and derivatives; Primary alcohols; Organooxygen compounds; Fatty acid esters; Lineolic acids and derivatives; Carboxylic acid derivatives; Monoacylglycerols; Monocarboxylic acids and derivatives; Carboxylic acid esters; 1-monoacylglycerols; Secondary alcohols; Carbonyl compounds; Polyols; 1,2-diols; Monoradylglycerols; Fatty Acyls; Organic oxides; Hydrocarbon derivatives; Organic oxygen compounds; Chemical entities	353.267	541	9.024	816700695765944198	816699131072137912	816699131072137911	2269	
1	C21H36O4	[M + H3N + H]+	C21H40NO4+	Fatty acids	0.999	Glycerolipids	0.996	Monoacylglycerols	0.993	Lipids and lipid-like molecules	0.997	Glycerolipids	0.990	Monoradylglycerols	0.988	Monoacylglycerols	0.980	1-monoacylglycerols	0.867	Organic compounds; Lipids and lipid-like molecules; Alcohols and polyols; Glycerolipids; Organic acids and derivatives; Carboxylic acids and derivatives; Primary alcohols; Organooxygen compounds; Fatty acid esters; Carboxylic acid derivatives; Monoacylglycerols; Monocarboxylic acids and derivatives; Carboxylic acid esters; 1-monoacylglycerols; 2-monoacylglycerols; Secondary alcohols; Carbonyl compounds; Polyols; 1,2-diols; Monoradylglycerols; Fatty Acyls; Organic oxides; Hydrocarbon derivatives; Organic oxygen compounds; Chemical entities	370.294	541	9.024	816700693354219215	816699131168606909	816699131168606908	2270	
1	C16H30O	[M + Na]+	C16H30NaO+	Terpenoids	0.953	Sesquiterpenoids	0.889	Eudesmane sesquiterpenoids	0.244	Lipids and lipid-like molecules	0.872	Prenol lipids	0.699	Sesquiterpenoids	0.595			Sesquiterpenoids	0.595	Organic compounds; Lipids and lipid-like molecules; Alcohols and polyols; Prenol lipids; Organooxygen compounds; Cyclic alcohols and derivatives; Sesquiterpenoids; Tertiary alcohols; Hydrocarbon derivatives; Organic oxygen compounds; Chemical entities	261.220	541	9.025	816700704221661522	816699131256687298	816699131256687297	2272	
1	C21H36O4	[M - H2O + H]+	C21H35O3+	Terpenoids	0.733	Diterpenoids	0.703	Tetracyclic diterpenoids	0.079	Lipids and lipid-like molecules	0.904	Prenol lipids	0.561	Diterpenoids	0.544			Diterpenoids	0.544	Organic compounds; Lipids and lipid-like molecules; Alcohols and polyols; Prenol lipids; Organic acids and derivatives; Carboxylic acids and derivatives; Organooxygen compounds; Carboxylic acid derivatives; Monocarboxylic acids and derivatives; Carboxylic acid esters; Diterpenoids; Secondary alcohols; Carbonyl compounds; Fatty Acyls; Organic oxides; Hydrocarbon derivatives; Organic oxygen compounds; Chemical entities	335.256	542	9.026	816700714564815609	816699131411876565	816699131411876564	2278	
1	C15H28BNO2	[M + H]+	C15H29BNO2+	Terpenoids	0.396	Monoterpenoids	0.327	Pinane monoterpenoids	0.199	Lipids and lipid-like molecules	0.592	Fatty Acyls	0.510					Fatty Acyls	0.510	Organic compounds; Lipids and lipid-like molecules; Organic acids and derivatives; Carboxylic acids and derivatives; Organonitrogen compounds; Organooxygen compounds; Organometallic compounds; Carboxylic acid amides; Boronic acid derivatives; Carboxylic acid derivatives; Organometalloid compounds; Secondary carboxylic acid amides; Carbonyl compounds; Organoboron compounds; Organic salts; Fatty Acyls; Organic oxides; Organic metalloid salts; Organic metal salts; Hydrocarbon derivatives; Alkylboranes; Monoalkylboranes; Organic oxygen compounds; Organic nitrogen compounds; Chemical entities	265.235	542	9.027	816700714191522519	816699131638368999	816699131638368998	2300	
1	C29H40O6	[M + H]+	C29H41O6+	Terpenoids	0.517	Triterpenoids	0.274	Other polyketide meroterpenoids	0.027	Benzenoids	0.638							Benzenoids	0.638	Organic compounds; Organoheterocyclic compounds; Lipids and lipid-like molecules; Alcohols and polyols; Ethers; Prenol lipids; Organic acids and derivatives; Carboxylic acids and derivatives; Organooxygen compounds; Carboxylic acid derivatives; Carboxylic acid esters; Secondary alcohols; Carbonyl compounds; Benzenoids; Organic oxides; Hydrocarbon derivatives; Organic oxygen compounds; Chemical entities	485.288	543	9.049	816700726782826338	816699131831307000	816699131831306999	2293	
1	C22H43NO2	[M - H2O + H]+	C22H42NO+	Fatty acids	0.996	Fatty amides	0.786	N-acyl ethanolamines (endocannabinoids)	0.480	Lipids and lipid-like molecules	0.774							Lipids and lipid-like molecules	0.774	Organic compounds; Lipids and lipid-like molecules; Alcohols and polyols; Organonitrogen compounds; Primary alcohols; Organooxygen compounds; Secondary alcohols; 1,2-aminoalcohols; Amines; Alkanolamines; Hydrocarbon derivatives; Organopnictogen compounds; Organic oxygen compounds; Organic nitrogen compounds; Chemical entities	336.325	543	9.057	816700723720983954	816699132087159565	816699132087159564	2302	
1	C32H64O8	[M + Na]+	C32H64NaO8+	Fatty acids	0.877	Glycerolipids	0.638	Fatty alcohols	0.233	Lipids and lipid-like molecules	0.971	Fatty Acyls	0.941	Fatty alcohols	0.574			Fatty alcohols	0.574	Organic compounds; Lipids and lipid-like molecules; Alcohols and polyols; Glycerolipids; Organic acids and derivatives; Carboxylic acids and derivatives; Primary alcohols; Organooxygen compounds; Fatty acid esters; Carboxylic acid derivatives; Carboxylic acid esters; Fatty alcohols; Secondary alcohols; Carbonyl compounds; Fatty Acyls; Organic oxides; Hydrocarbon derivatives; Organic oxygen compounds; Chemical entities	599.451	543	9.058	816700726392756022	816699132179434258	816699132179434257	2305	
1	C27H50O2	[M + Na]+	C27H50NaO2+	Terpenoids	0.999	Meroterpenoids	0.993	Prenyl quinone meroterpenoids	0.998	Lipids and lipid-like molecules	0.929	Prenol lipids	0.919	Quinone and hydroquinone lipids	0.967	Vitamin E compounds	0.992	Tocopherols	0.856	Organic compounds; Organoheterocyclic compounds; Lipids and lipid-like molecules; Benzopyrans; Alkyl aryl ethers; Tocopherols; Ethers; Prenol lipids; Organooxygen compounds; Quinone and hydroquinone lipids; Vitamin E compounds; Diterpenoids; Benzenoids; 1-benzopyrans; Oxacyclic compounds; Hydrocarbon derivatives; Organic oxygen compounds; Chemical entities	429.371	544	9.059	816700728657680412	816699132246543129	816699132246543128	2303	
1	C36H68N2O7	[M + Na]+	C36H68N2NaO7+	Amino acids and Peptides	0.666	Oligopeptides	0.776	Aminoacids	0.193	Organic acids and derivatives	0.998	Carboxylic acids and derivatives	0.995	Amino acids, peptides, and analogues	0.944	Amino acids and derivatives	0.939	Alpha amino acid esters	0.639	Organic compounds; Organoheterocyclic compounds; Lipids and lipid-like molecules; Amino acids, peptides, and analogues; Alpha amino acids and derivatives; Organic acids and derivatives; Carboxylic acids and derivatives; Organonitrogen compounds; Organooxygen compounds; Fatty acid esters; Amino acids and derivatives; Alpha amino acid esters; Carboxylic acid amides; Carboxylic acid derivatives; Carboxylic acid esters; Tertiary carboxylic acid amides; Peptidomimetics; Carbonyl compounds; Fatty Acyls; Organic oxides; Azacyclic compounds; Hydrocarbon derivatives; Organopnictogen compounds; Organic oxygen compounds; Organic nitrogen compounds; Chemical entities	663.489	544	9.063	816700735276293293	816699132347206430	816699132347206429	2304	
1	C20H37NO2	[M + H]+	C20H38NO2+	Fatty acids	0.976	Fatty amides	0.910	N-acyl ethanolamines (endocannabinoids)	0.968	Lipids and lipid-like molecules	0.803	Fatty Acyls	0.615	Fatty amides	0.612	N-acyl amines	0.563	N-acyl amines	0.563	Organic compounds; Lipids and lipid-like molecules; Alcohols and polyols; Organic acids and derivatives; Carboxylic acids and derivatives; Organonitrogen compounds; Organooxygen compounds; Fatty amides; Carboxylic acid amides; Carboxylic acid derivatives; N-acyl amines; N-acylethanolamines; Secondary carboxylic acid amides; Carbonyl compounds; 1,2-aminoalcohols; Amines; Alkanolamines; Fatty Acyls; Organic oxides; Hydrocarbon derivatives; Organopnictogen compounds; Organic oxygen compounds; Organic nitrogen compounds; Chemical entities	324.288	544	9.069	816700728959670338	816699132426898211	816699132426898210	2306	
1	C19H38O6	[M + H]+	C19H39O6+	Fatty acids	0.983	Fatty Acids and Conjugates	0.427	Dicarboxylic acids	0.556	Lipids and lipid-like molecules	0.878	Fatty Acyls	0.860	Fatty acid esters	0.591			Fatty acid esters	0.591	Organic compounds; Lipids and lipid-like molecules; Alcohols and polyols; Ethers; Organic acids and derivatives; Carboxylic acids and derivatives; Organooxygen compounds; Fatty acid esters; Carboxylic acid derivatives; Carboxylic acid esters; Carbonyl compounds; Fatty Acyls; Organic oxides; Hydrocarbon derivatives; Organic oxygen compounds; Chemical entities	363.277	544	9.070	816700732591938523	816699132531755817	816699132527561512	2314	
1	C26H28O	[M + H]+	C26H29O+	Terpenoids	0.797	Meroterpenoids	0.380	Prenyl quinone meroterpenoids	0.361	Lipids and lipid-like molecules	0.761	Prenol lipids	0.777	Diterpenoids	0.599			Diterpenoids	0.599	Organic compounds; Lipids and lipid-like molecules; Naphthalenes; Ketones; Naphthoquinones; Prenol lipids; Organooxygen compounds; Vitamin K compounds; Diterpenoids; Carbonyl compounds; Benzenoids; Aryl ketones; Organic oxides; Hydrocarbon derivatives; Organic oxygen compounds; Chemical entities	357.224	544	9.073	816700732298337114	816699132724693812	816699132720499507	2311	
1	C21H44NO7P	[M + H]+	C21H45NO7P+	Fatty acids	1.000	Glycerophospholipids	1.000	Glycerophosphoethanolamines	1.000	Organic acids and derivatives	0.999	Carboxylic acids and derivatives	0.997	Amino acids, peptides, and analogues	0.989	Amino acids and derivatives	0.989	Amino acids and derivatives	0.989	Organic compounds; Lipids and lipid-like molecules; Amino acids, peptides, and analogues; Alcohols and polyols; Glycerophospholipids; Organic acids and derivatives; Carboxylic acids and derivatives; Organonitrogen compounds; Organooxygen compounds; Fatty acid esters; Amino acids and derivatives; Organic phosphoric acids and derivatives; Phosphate esters; Monoalkylamines; Carboxylic acid derivatives; Monocarboxylic acids and derivatives; Carboxylic acid esters; Phosphoethanolamines; Lysophosphatidylethanolamines; Secondary alcohols; 1-acyl-sn-glycero-3-phosphoethanolamines; Carbonyl compounds; Glycerophosphoethanolamines; Amines; Primary amines; Alkyl phosphates; Dialkyl phosphates; Fatty Acyls; Organic oxides; Hydrocarbon derivatives; Organopnictogen compounds; Organic oxygen compounds; Organic nitrogen compounds; Chemical entities	454.291	545	9.078	816700732575161297	816699132779219769	816699132779219768	2323	
1	C18H34N4	[M + Na]+	C18H34N4Na+	Alkaloids	0.893	Guanidine alkaloids	0.523	Tricyclic guanidine alkaloids	0.386	Organoheterocyclic compounds	0.854	Azacyclic compounds	0.875					Azacyclic compounds	0.875	Organic compounds; Organoheterocyclic compounds; Organonitrogen compounds; Azacyclic compounds; Hydrocarbon derivatives; Organopnictogen compounds; Organic nitrogen compounds; Chemical entities	329.267	545	9.083	816700738673679697	816699132938603339	816699132934409034	2332	
1	C14H30BN3O5	[M + H]+	C14H31BN3O5+	Amino acids and Peptides	0.645	Small peptides	0.815	Pinane monoterpenoids	0.225	Organic acids and derivatives	0.952	Carboxylic acids and derivatives	0.571	Amino acids, peptides, and analogues	0.670	Amino acids and derivatives	0.666	Alpha amino acid amides	0.541	Organic compounds; Lipids and lipid-like molecules; Amino acids, peptides, and analogues; Alpha amino acids and derivatives; Organic acids and derivatives; Carboxylic acids and derivatives; Organonitrogen compounds; Organooxygen compounds; Amino acids and derivatives; Boronic acids; Organometallic compounds; Boronic acid derivatives; Organometalloid compounds; Secondary carboxylic acid amides; Carbonyl compounds; Alpha amino acid amides; Organoboron compounds; Organic salts; Organic oxides; Organic metalloid salts; Organic metal salts; Hydrocarbon derivatives; Organopnictogen compounds; Alkylboranes; Monoalkylboranes; Organic oxygen compounds; Organic nitrogen compounds; Chemical entities	331.241	545	9.084	816700757975870659	816699133039266644	816699133035072339	2382	
1	C16H34N2O6	[M + H]+	C16H35N2O6+	Amino acids and Peptides	0.684	Small peptides	0.670	Dipeptides	0.465	Organic acids and derivatives	0.999	Carboxylic acids and derivatives	0.994	Amino acids, peptides, and analogues	0.870	Amino acids and derivatives	0.866	N-acyl-alpha amino acids and derivatives	0.533	Organic compounds; Lipids and lipid-like molecules; Amino acids, peptides, and analogues; Alpha amino acids and derivatives; Fatty acids and conjugates; Organic acids and derivatives; Carboxylic acids and derivatives; Organonitrogen compounds; Organooxygen compounds; Fatty amides; Amino acids and derivatives; Monoalkylamines; Carboxylic acid amides; Carboxylic acid derivatives; N-acyl amines; Monocarboxylic acids and derivatives; N-acyl-alpha amino acids and derivatives; Carboxylic acids; Secondary carboxylic acid amides; Carbonyl compounds; Amines; Primary amines; Fatty Acyls; Organic oxides; Hydrocarbon derivatives; Amino acids; Organopnictogen compounds; Organic oxygen compounds; Organic nitrogen compounds; Chemical entities	351.250	545	9.085	816700761129987823	816699133139929948	816699133139929947	2333	
1	C21H46OSi	[M + H]+	C21H47OSi+	Fatty acids	0.995	Fatty acyls	0.972	Fatty alcohols	0.947	Lipids and lipid-like molecules	0.576	Fatty Acyls	0.582					Fatty Acyls	0.582	Organic compounds; Lipids and lipid-like molecules; Alcohols and polyols; Primary alcohols; Organooxygen compounds; Fatty Acyls; Hydrocarbon derivatives; Organic oxygen compounds; Chemical entities	343.338	545	9.086	816700752846236309	816699133248981859	816699133248981858	2331	
1	C23H46NO7P	[M + H]+	C23H47NO7P+	Fatty acids	1.000	Glycerophospholipids	1.000	Glycerophosphoethanolamines	0.998	Organic acids and derivatives	0.999	Carboxylic acids and derivatives	0.997	Amino acids, peptides, and analogues	0.981	Amino acids and derivatives	0.981	Amino acids and derivatives	0.981	Organic compounds; Lipids and lipid-like molecules; Amino acids, peptides, and analogues; Alcohols and polyols; Glycerophospholipids; Organic acids and derivatives; Carboxylic acids and derivatives; Organonitrogen compounds; Organooxygen compounds; Fatty acid esters; Amino acids and derivatives; Organic phosphoric acids and derivatives; Phosphate esters; Monoalkylamines; Carboxylic acid derivatives; Monocarboxylic acids and derivatives; Carboxylic acid esters; Phosphoethanolamines; Lysophosphatidylethanolamines; Secondary alcohols; 1-acyl-sn-glycero-3-phosphoethanolamines; Carbonyl compounds; Glycerophosphoethanolamines; Amines; Primary amines; Alkyl phosphates; Dialkyl phosphates; Fatty Acyls; Organic oxides; Hydrocarbon derivatives; Organopnictogen compounds; Organic oxygen compounds; Organic nitrogen compounds; Chemical entities	480.307	545	9.092	816700752162564666	816699133345450856	816699133345450855	2338	
1	C20H40N6O4	[M + H]+	C20H41N6O4+	Alkaloids	0.727	Pseudoalkaloids (transamidation)	0.313	Purine alkaloids	0.144	Benzenoids	0.862	Phenol ethers	0.596	Anisoles	0.602			Anisoles	0.602	Organic compounds; Organoheterocyclic compounds; Pyrimidines and pyrimidine derivatives; Alkyl aryl ethers; Anisoles; Ethers; Organonitrogen compounds; Organooxygen compounds; Monoalkylamines; Aminopyrimidines and derivatives; Diazines; Benzene and substituted derivatives; Phenol ethers; Benzenoids; Amines; Primary amines; Secondary amines; Tertiary amines; Imidolactams; Aralkylamines; Azacyclic compounds; Heteroaromatic compounds; Hydrocarbon derivatives; Organopnictogen compounds; Organic oxygen compounds; Organic nitrogen compounds; Chemical entities	429.317	546	9.092	816700756671441788	816699133446114157	816699133446114156	2340	
1	C34H62N8O4	[M + H]+	C34H63N8O4+	Alkaloids	0.646	Nucleosides	0.063	Purine nucleosides	0.008	Organic nitrogen compounds	1.000	Organonitrogen compounds	1.000	Amines	0.994	Tertiary amines	0.974	Dialkylarylamines	0.975	Organic compounds; Organoheterocyclic compounds; Pyrimidines and pyrimidine derivatives; Triazines; Piperazines; Piperidines; Ethers; Organonitrogen compounds; Organooxygen compounds; Dialkyl ethers; Aminopyrimidines and derivatives; Aminotriazines; Diazinanes; Amines; Tertiary amines; Tertiary alkylarylamines; Imidolactams; Dialkylarylamines; 1,3,5-triazines; Azacyclic compounds; Oxacyclic compounds; Heteroaromatic compounds; Hydrocarbon derivatives; Organopnictogen compounds; Organic oxygen compounds; Organic nitrogen compounds; Chemical entities	647.493	547	9.111	816700758684708316	816699133655829369	816699133651635064	2342	
1	C21H40O4	[M + H]+	C21H41O4+	Fatty acids	1.000	Glycerolipids	0.995	Monoacylglycerols	0.999	Lipids and lipid-like molecules	0.998	Glycerolipids	0.986	Monoradylglycerols	0.992	Monoacylglycerols	0.987	1-monoacylglycerols	0.948	Organic compounds; Lipids and lipid-like molecules; Alcohols and polyols; Glycerolipids; Organic acids and derivatives; Carboxylic acids and derivatives; Primary alcohols; Organooxygen compounds; Fatty acid esters; Carboxylic acid derivatives; Monoacylglycerols; Monocarboxylic acids and derivatives; Carboxylic acid esters; 1-monoacylglycerols; Secondary alcohols; Carbonyl compounds; Polyols; 1,2-diols; Monoradylglycerols; Fatty Acyls; Organic oxides; Hydrocarbon derivatives; Organic oxygen compounds; Chemical entities	357.298	547	9.112	816700753534102223	816699133760686974	816699133760686973	2349	
1	C27H50O9	[M + Na]+	C27H50NaO9+	Fatty acids	0.999	Glycerolipids	0.991	Glycosyldiacylglycerols	0.418	Lipids and lipid-like molecules	0.987	Glycerolipids	0.942	Glycosylglycerols	0.918			Glycosylglycerols	0.918	Organic compounds; Organoheterocyclic compounds; Carbohydrates and carbohydrate conjugates; Lipids and lipid-like molecules; Alcohols and polyols; Glycerolipids; Ethers; Organic acids and derivatives; Carboxylic acids and derivatives; Primary alcohols; Organooxygen compounds; Fatty acid esters; Dicarboxylic acids and derivatives; Glycosylglycerols; Carboxylic acid derivatives; Carboxylic acid esters; Monosaccharides; Acetals; Secondary alcohols; Carbonyl compounds; Oxanes; Glycosyl compounds; O-glycosyl compounds; Polyols; Fatty Acyls; Organic oxides; Oxacyclic compounds; Hydrocarbon derivatives; Organic oxygen compounds; Chemical entities	541.333	547	9.113	816700752657492598	816699133861350275	816699133857155970	2350	
1	C21H38O3	[M + H]+	C21H39O3+	Terpenoids	0.781	Diterpenoids	0.753	Labdane diterpenoids	0.689	Lipids and lipid-like molecules	0.957	Prenol lipids	0.710	Diterpenoids	0.676			Diterpenoids	0.676	Organic compounds; Lipids and lipid-like molecules; Alcohols and polyols; Prenol lipids; Organic acids and derivatives; Carboxylic acids and derivatives; Organooxygen compounds; Monocarboxylic acids and derivatives; Cyclic alcohols and derivatives; Diterpenoids; Secondary alcohols; Carbonyl compounds; Fatty Acyls; Organic oxides; Hydrocarbon derivatives; Organic oxygen compounds; Chemical entities	339.288	547	9.114	816700757015374802	816699133957819272	816699133957819271	2352	
1	C27H50O9	[M - H2O + H]+	C27H49O8+	Fatty acids	0.999	Glycerolipids	0.980	Glycosyldiacylglycerols	0.241	Lipids and lipid-like molecules	0.993	Glycerolipids	0.882	Glycosylglycerols	0.957			Glycosylglycerols	0.957	Organic compounds; Organoheterocyclic compounds; Carbohydrates and carbohydrate conjugates; Lipids and lipid-like molecules; Alcohols and polyols; Glycerolipids; Ethers; Organic acids and derivatives; Carboxylic acids and derivatives; Primary alcohols; Organooxygen compounds; Fatty acid esters; Glycosylglycerols; Carboxylic acid derivatives; Monocarboxylic acids and derivatives; Carboxylic acid esters; Hexoses; Monosaccharides; Acetals; Secondary alcohols; Fatty acyl glycosides; Carbonyl compounds; Oxanes; Glycosyl compounds; O-glycosyl compounds; Polyols; Fatty acyl glycosides of mono- and disaccharides; Fatty Acyls; Organic oxides; Oxacyclic compounds; Hydrocarbon derivatives; Organic oxygen compounds; Chemical entities	501.341	547	9.122	816700762002403118	816699134045899949	816699134045899948	2358	
1	C8H22B10FN3	[M + H]+	C8H23B10FN3+	Terpenoids	0.999	Monoterpenoids	1.000	Pinane monoterpenoids	1.000	Organoheterocyclic compounds	1.000	Isoindoles and derivatives	0.170	Isoindoles	0.986			Isoindoles	0.986	Organic compounds; Organoheterocyclic compounds; Pyrazines; Isoindoles; Organic acids and derivatives; Organonitrogen compounds; Organometallic compounds; Boronic acid derivatives; Organometalloid compounds; Pyrazinecarboxamides; Pyrazine carboxylic acids and derivatives; Organoboron compounds; Organoboroxines; Organic salts; Organic metalloid salts; Organic metal salts; Azacyclic compounds; Oxacyclic compounds; Hydrocarbon derivatives; Alkylboranes; Organic oxygen compounds; Chemical entities	280.316	548	9.127	816700760429538933	816699134125591734	816699134125591733	2364	
1	C34H68N2O2	[M + Na]+	C34H68N2NaO2+	Fatty acids	0.959	Fatty amides	0.617	N-acyl ethanolamines (endocannabinoids)	0.230	Lipids and lipid-like molecules	0.895	Fatty Acyls	0.693	Fatty amides	0.725	N-acyl amines	0.659	N-acyl amines	0.659	Organic compounds; Lipids and lipid-like molecules; Organic acids and derivatives; Carboxylic acids and derivatives; Organonitrogen compounds; Organooxygen compounds; Fatty amides; Carboxylic acid amides; Carboxylic acid derivatives; N-acyl amines; Secondary carboxylic acid amides; Carbonyl compounds; Amines; Fatty Acyls; Organic oxides; Hydrocarbon derivatives; Organopnictogen compounds; Organic oxygen compounds; Organic nitrogen compounds; Chemical entities	559.513	548	9.131	816700779635258112	816699134620519636	816699134620519635	2363	
1	C9H30N9O	[M + H]+	C9H31N9O+	Alkaloids	0.679	Guanidine alkaloids	0.098	Polyamines	0.133	Organoheterocyclic compounds	0.424	Triazines	0.686	1,3,5-triazines	0.623			1,3,5-triazines	0.623	Organic compounds; Triazines; Organonitrogen compounds; 1,3,5-triazines; Hydrocarbon derivatives; Organopnictogen compounds; Organic nitrogen compounds; Chemical entities	281.265	548	9.131	816700776158179947	816699134742154465	816699134737960160	2369	
1	C18H30O	[M + H3N + H]+	C18H34NO+	Terpenoids	0.954	Diterpenoids	0.770	Norlabdane diterpenoids	0.115	Lipids and lipid-like molecules	0.908	Prenol lipids	0.773					Prenol lipids	0.773	Organic compounds; Lipids and lipid-like molecules; Alcohols and polyols; Prenol lipids; Organooxygen compounds; Carbonyl compounds; Hydrocarbon derivatives; Organic oxygen compounds; Chemical entities	280.262	548	9.134	816700775789081151	816699134834429163	816699134834429162	2370	
1	C13H31N2O3	[M + H]+	C13H32N2O3+	Fatty acids	0.633	Small peptides	0.576	Dipeptides	0.242	Organic acids and derivatives	0.999	Carboxylic acids and derivatives	0.985	Amino acids, peptides, and analogues	0.680	Amino acids and derivatives	0.674	N-acyl-alpha amino acids and derivatives	0.624	Organic compounds; Lipids and lipid-like molecules; Amino acids, peptides, and analogues; Alpha amino acids and derivatives; Fatty acids and conjugates; Organic acids and derivatives; Carboxylic acids and derivatives; Organonitrogen compounds; Organooxygen compounds; Amino acids and derivatives; Organic carbonic acids and derivatives; Carboxylic acid amides; Carboxylic acid derivatives; Monocarboxylic acids and derivatives; N-acyl-alpha amino acids and derivatives; Carboxylic acids; Carbonyl compounds; Fatty Acyls; Organic oxides; Hydrocarbon derivatives; Organopnictogen compounds; Organic oxygen compounds; Organic nitrogen compounds; Chemical entities	264.239	548	9.141	816700779895305023	816699135006395638	816699135002201333	2376	
1	C18H30O	[M - H2O + H]+	C18H29+	Fatty acids	0.807	Fatty acyls	0.555	Fatty alcohols	0.601	Lipids and lipid-like molecules	0.825							Lipids and lipid-like molecules	0.825	Organic compounds; Lipids and lipid-like molecules; Alcohols and polyols; Organooxygen compounds; Carbonyl compounds; Organic oxides; Hydrocarbon derivatives; Organic oxygen compounds; Chemical entities	245.225	548	9.141	816700776401449622	816699135111253244	816699135111253243	2378	
1	C18H30O	[M + H]+	C18H31O+	Terpenoids	0.951	Diterpenoids	0.812	Norlabdane diterpenoids	0.199	Lipids and lipid-like molecules	0.869	Prenol lipids	0.753	Diterpenoids	0.541			Diterpenoids	0.541	Organic compounds; Lipids and lipid-like molecules; Alcohols and polyols; Prenol lipids; Organooxygen compounds; Diterpenoids; Carbonyl compounds; Organic oxides; Hydrocarbon derivatives; Organic oxygen compounds; Chemical entities	263.236	549	9.142	816700780125991773	816699135203527937	816699135203527936	2380	
1	C16H28O6	[M + Na]+	C16H28NaO6+	Terpenoids	0.893	Monoterpenoids	0.843	Iridoids monoterpenoids	0.609	Lipids and lipid-like molecules	0.805	Prenol lipids	0.573	Terpene glycosides	0.570			Terpene glycosides	0.570	Organic compounds; Organoheterocyclic compounds; Carbohydrates and carbohydrate conjugates; Lipids and lipid-like molecules; Alcohols and polyols; Ethers; Prenol lipids; Carboxylic acids and derivatives; Primary alcohols; Organooxygen compounds; Hexoses; Monosaccharides; Acetals; Secondary alcohols; Carbonyl compounds; Oxanes; Terpene glycosides; Glycosyl compounds; O-glycosyl compounds; Polyols; Organic oxides; Oxacyclic compounds; Hydrocarbon derivatives; Organic oxygen compounds; Chemical entities	339.177	549	9.145	816700789357660730	816699135295802631	816699135295802630	2383	
1	C32H65NO3	[M + H]+	C32H66NO3+	Fatty acids	1.000	Fatty amides	0.975	N-acyl amines	0.757	Lipids and lipid-like molecules	0.992	Fatty Acyls	0.991	Fatty amides	0.980	N-acyl amines	0.968	N-acyl amines	0.968	Organic compounds; Lipids and lipid-like molecules; Alcohols and polyols; Organic acids and derivatives; Carboxylic acids and derivatives; Organonitrogen compounds; Primary alcohols; Organooxygen compounds; Fatty amides; Carboxylic acid amides; Carboxylic acid derivatives; N-acyl amines; Monocarboxylic acids and derivatives; Secondary carboxylic acid amides; Carbonyl compounds; Fatty Acyls; Organic oxides; Hydrocarbon derivatives; Organopnictogen compounds; Organic oxygen compounds; Organic nitrogen compounds; Chemical entities	512.502	549	9.149	816700793614880293	816699135392271628	816699135388077323	2388	
1	C28H50	[M + Na]+	C28H50Na+	Terpenoids	0.991	Steroids	0.546	Cholestane steroids	0.583	Lipids and lipid-like molecules	0.988	Steroids and steroid derivatives	0.752					Steroids and steroid derivatives	0.752	Organic compounds; Lipids and lipid-like molecules; Steroids and steroid derivatives; Prenol lipids; Hydrocarbons; Olefins; Cyclic olefins; Polycyclic hydrocarbons; Unsaturated hydrocarbons; Unsaturated aliphatic hydrocarbons; Branched unsaturated hydrocarbons; Chemical entities	409.381	549	9.151	816700792293674158	816699134310141124	816699134305946819	2330	
1	C21H38O4	[M - H2O + H]+	C21H37O3+	Fatty acids	0.581	Diterpenoids	0.648	Fatty alcohols	0.197	Lipids and lipid-like molecules	0.966	Prenol lipids	0.604	Diterpenoids	0.622			Diterpenoids	0.622	Organic compounds; Lipids and lipid-like molecules; Alcohols and polyols; Prenol lipids; Organic acids and derivatives; Carboxylic acids and derivatives; Primary alcohols; Organooxygen compounds; Carboxylic acid derivatives; Monocarboxylic acids and derivatives; Carboxylic acid esters; Diterpenoids; Secondary alcohols; Carbonyl compounds; Fatty Acyls; Organic oxides; Hydrocarbon derivatives; Organic oxygen compounds; Chemical entities	337.272	550	9.161	816700793279335912	816699135522295062	816699135522295061	2399	
1	C33H68N2O2	[M + Na]+	C33H68N2NaO2+	Fatty acids	0.999	Fatty amides	0.919	N-acyl ethanolamines (endocannabinoids)	0.459	Lipids and lipid-like molecules	0.912	Fatty Acyls	0.877	Fatty amides	0.852	N-acyl amines	0.766	N-acyl amines	0.766	Organic compounds; Lipids and lipid-like molecules; Alcohols and polyols; Organic acids and derivatives; Carboxylic acids and derivatives; Organonitrogen compounds; Organooxygen compounds; Fatty amides; Carboxylic acid amides; Carboxylic acid derivatives; N-acyl amines; Secondary carboxylic acid amides; Carbonyl compounds; Amines; Fatty Acyls; Organic oxides; Hydrocarbon derivatives; Organopnictogen compounds; Organic oxygen compounds; Organic nitrogen compounds; Chemical entities	547.518	550	9.163	816700797544943748	816699135786536242	816699135786536241	2403	
1	C17H33NO	[M + H]+	C17H34NO+	Fatty acids	1.000	Fatty amides	0.999	Primary amides	0.997	Lipids and lipid-like molecules	0.853	Fatty Acyls	0.895	Fatty amides	0.873			Fatty amides	0.873	Organic compounds; Lipids and lipid-like molecules; Organic acids and derivatives; Carboxylic acids and derivatives; Organonitrogen compounds; Organooxygen compounds; Fatty amides; Carboxylic acid amides; Carboxylic acid derivatives; Primary carboxylic acid amides; Carbonyl compounds; Fatty Acyls; Organic oxides; Hydrocarbon derivatives; Organopnictogen compounds; Organic oxygen compounds; Organic nitrogen compounds; Chemical entities	268.262	550	9.171	816700791052160034	816699135883005246	816699135883005245	2410	
1	C21H38O4	[M + H]+	C21H39O4+	Fatty acids	0.999	Glycerolipids	0.978	Monoacylglycerols	0.978	Lipids and lipid-like molecules	0.998	Fatty Acyls	0.983	Lineolic acids and derivatives	0.599			Lineolic acids and derivatives	0.599	Organic compounds; Lipids and lipid-like molecules; Alcohols and polyols; Glycerolipids; Organic acids and derivatives; Carboxylic acids and derivatives; Primary alcohols; Organooxygen compounds; Fatty acid esters; Lineolic acids and derivatives; Carboxylic acid derivatives; Monoacylglycerols; Monocarboxylic acids and derivatives; Carboxylic acid esters; 1-monoacylglycerols; Secondary alcohols; Carbonyl compounds; Polyols; 1,2-diols; Monoradylglycerols; Fatty Acyls; Organic oxides; Hydrocarbon derivatives; Organic oxygen compounds; Chemical entities	355.282	550	9.173	816700796064354228	816699135966891333	816699135966891332	2397	
1	C26H48NO7P	[M + H]+	C26H49NO7P+	Fatty acids	1.000	Glycerophospholipids	1.000	Glycerophosphocholines	0.996	Lipids and lipid-like molecules	0.991	Glycerophospholipids	0.999	Glycerophosphocholines	0.997	Lysophosphatidylcholines	0.985	1-acyl-sn-glycero-3-phosphocholines	0.956	Organic compounds; Lipids and lipid-like molecules; Alcohols and polyols; Glycerophospholipids; Organic acids and derivatives; Carboxylic acids and derivatives; Organonitrogen compounds; Organooxygen compounds; Fatty acid esters; Organic phosphoric acids and derivatives; Phosphate esters; Quaternary ammonium salts; Cholines; Carboxylic acid derivatives; Monocarboxylic acids and derivatives; Carboxylic acid esters; Phosphocholines; Lysophosphatidylcholines; 1-acyl-sn-glycero-3-phosphocholines; Secondary alcohols; Carbonyl compounds; Glycerophosphocholines; Amines; Alkyl phosphates; Dialkyl phosphates; Organic cations; Organic salts; Fatty Acyls; Organic oxides; Hydrocarbon derivatives; Tetraalkylammonium salts; Organopnictogen compounds; Organic oxygen compounds; Organic nitrogen compounds; Chemical entities	518.322	551	9.175	816700794021727910	816699136050777418	816699136050777417	2413	
1	C26H48NO7P	[M + Na]+	C26H48NNaO7P+	Fatty acids	1.000	Glycerophospholipids	1.000	Glycerophosphocholines	0.999	Lipids and lipid-like molecules	0.987	Glycerophospholipids	0.999	Glycerophosphocholines	0.998	Lysophosphatidylcholines	0.985	1-acyl-sn-glycero-3-phosphocholines	0.974	Organic compounds; Lipids and lipid-like molecules; Alcohols and polyols; Glycerophospholipids; Organic acids and derivatives; Carboxylic acids and derivatives; Organonitrogen compounds; Organooxygen compounds; Fatty acid esters; Organic phosphoric acids and derivatives; Phosphate esters; Quaternary ammonium salts; Cholines; Carboxylic acid derivatives; Monocarboxylic acids and derivatives; Carboxylic acid esters; Phosphocholines; Lysophosphatidylcholines; 1-acyl-sn-glycero-3-phosphocholines; Secondary alcohols; Carbonyl compounds; Glycerophosphocholines; Amines; Alkyl phosphates; Dialkyl phosphates; Organic cations; Organic salts; Fatty Acyls; Organic oxides; Hydrocarbon derivatives; Tetraalkylammonium salts; Organopnictogen compounds; Organic oxygen compounds; Organic nitrogen compounds; Chemical entities	540.305	551	9.176	816700793824595541	816699136138857808	816699136138857807	2414	
1	C21H46OSi	[M + H]+	C21H47OSi+	Fatty acids	0.996	Fatty acyls	0.988	Fatty alcohols	0.973	Lipids and lipid-like molecules	0.535	Fatty Acyls	0.569	Fatty alcohols	0.501			Fatty alcohols	0.501	Organic compounds; Lipids and lipid-like molecules; Alcohols and polyols; Primary alcohols; Organooxygen compounds; Fatty alcohols; Fatty Acyls; Hydrocarbon derivatives; Organic oxygen compounds; Chemical entities	343.338	552	9.197	816700806600446788	816699136591842674	816699136591842673	2430	
1	C27H42O2	[M + Na]+	C27H42NaO2+	Terpenoids	0.998	Meroterpenoids	0.524	Prenyl quinone meroterpenoids	0.590	Lipids and lipid-like molecules	0.960	Prenol lipids	0.912	Quinone and hydroquinone lipids	0.514	Vitamin E compounds	0.733	Vitamin E compounds	0.733	Organic compounds; Organoheterocyclic compounds; Lipids and lipid-like molecules; Ethers; Prenol lipids; Organooxygen compounds; Monocarboxylic acids and derivatives; Quinone and hydroquinone lipids; Vitamin E compounds; Diterpenoids; Carbonyl compounds; Organic oxides; Oxacyclic compounds; Hydrocarbon derivatives; Organic oxygen compounds; Chemical entities	421.309	552	9.199	816700829488769550	816699136705088889	816699136700894584	2431	
1	C29H42O3	[M + H]+	C29H43O3+	Terpenoids	1.000	Meroterpenoids	0.998	Prenyl quinone meroterpenoids	0.999	Lipids and lipid-like molecules	0.914	Prenol lipids	0.911	Quinone and hydroquinone lipids	0.975	Vitamin E compounds	0.993	Vitamin E compounds	0.993	Organic compounds; Organoheterocyclic compounds; Lipids and lipid-like molecules; Benzopyrans; Alkyl aryl ethers; Ethers; Prenol lipids; Organic acids and derivatives; Carboxylic acids and derivatives; Organooxygen compounds; Carboxylic acid derivatives; Monocarboxylic acids and derivatives; Carboxylic acid esters; Quinone and hydroquinone lipids; Vitamin E compounds; Diterpenoids; Carbonyl compounds; Benzenoids; 1-benzopyrans; Organic oxides; Oxacyclic compounds; Hydrocarbon derivatives; Organic oxygen compounds; Chemical entities	439.319	552	9.205	816700822287148466	816699136818335103	816699136814140798	2435	
1	C25H34N2O4	[M + H]+	C25H35N2O4+	Alkaloids	0.701	Tryptophan alkaloids	0.125	Open-chain polyketides	0.044	Organic acids and derivatives	0.924	Carboxylic acids and derivatives	0.864	Carboxylic acid derivatives	0.790	Carboxylic acid esters	0.682	Carboxylic acid esters	0.682	Organic compounds; Organoheterocyclic compounds; Organic acids and derivatives; Carboxylic acids and derivatives; Organonitrogen compounds; Organooxygen compounds; Carboxylic acid derivatives; Monocarboxylic acids and derivatives; Carboxylic acid esters; Carbonyl compounds; Organic oxides; Azacyclic compounds; Hydrocarbon derivatives; Organopnictogen compounds; Organic oxygen compounds; Organic nitrogen compounds; Chemical entities	427.262	553	9.212	816700822291342780	816699136986107274	816699136986107273	2440	
1	C27H50O9	[M + H3N + H]+	C27H54NO9+	Fatty acids	1.000	Glycerolipids	0.998	Glycosylmonoacylglycerols	0.438	Lipids and lipid-like molecules	0.997	Glycerolipids	0.971	Glycosylglycerols	0.990			Glycosylglycerols	0.990	Organic compounds; Organoheterocyclic compounds; Carbohydrates and carbohydrate conjugates; Lipids and lipid-like molecules; Alcohols and polyols; Glycerolipids; Ethers; Organic acids and derivatives; Carboxylic acids and derivatives; Primary alcohols; Organooxygen compounds; Fatty acid esters; Lineolic acids and derivatives; Glycosylglycerols; Carboxylic acid derivatives; Monocarboxylic acids and derivatives; Carboxylic acid esters; Hexoses; Monosaccharides; Acetals; Secondary alcohols; Fatty acyl glycosides; Carbonyl compounds; Oxanes; Glycosyl compounds; O-glycosyl compounds; Polyols; Fatty Acyls; Organic oxides; Oxacyclic compounds; Hydrocarbon derivatives; Organic oxygen compounds; Chemical entities	536.378	553	9.215	816700825395128112	816699137061604751	816699137061604750	2445	
1	C27H46O11	[M + H]+	C27H47O11+	Fatty acids	0.578	Fatty acyl glycosides	0.237	Fatty acyl glycosides of mono- and disaccharides	0.209	Organic oxygen compounds	1.000	Organooxygen compounds	0.999	Carbohydrates and carbohydrate conjugates	0.943	Glycosyl compounds	0.787	O-glycosyl compounds	0.809	Organic compounds; Organoheterocyclic compounds; Carbohydrates and carbohydrate conjugates; Lipids and lipid-like molecules; Alcohols and polyols; Ethers; Primary alcohols; Organooxygen compounds; Monosaccharides; Acetals; Secondary alcohols; Oxanes; Glycosyl compounds; O-glycosyl compounds; Polyols; Fatty Acyls; Oxacyclic compounds; Hydrocarbon derivatives; Organic oxygen compounds; Chemical entities	547.311	553	9.219	816700832579971689	816699137158073750	816699137158073749	2456	
1	C27H50O9	[M + Na]+	C27H50NaO9+	Terpenoids	0.441	Diterpenoids	0.258	Pimarane and Isopimarane diterpenoids	0.153	Organic oxygen compounds	1.000	Organooxygen compounds	0.999	Carbohydrates and carbohydrate conjugates	0.972	Monosaccharides	0.962	Hexoses	0.806	Organic compounds; Organoheterocyclic compounds; Carbohydrates and carbohydrate conjugates; Lipids and lipid-like molecules; Alcohols and polyols; Ethers; Prenol lipids; Primary alcohols; Organooxygen compounds; Hexoses; Monosaccharides; Acetals; Secondary alcohols; Oxanes; Glycosyl compounds; O-glycosyl compounds; Polyols; Fatty Acyls; Oxacyclic compounds; Hydrocarbon derivatives; Organic oxygen compounds; Chemical entities	541.333	553	9.219	816700826594699326	816699137250348443	816699137250348442	2457	
1	C21H38O3	[M + H]+	C21H39O3+	Terpenoids	0.801	Diterpenoids	0.829	Labdane diterpenoids	0.856	Lipids and lipid-like molecules	0.954	Prenol lipids	0.743	Diterpenoids	0.739			Diterpenoids	0.739	Organic compounds; Lipids and lipid-like molecules; Alcohols and polyols; Prenol lipids; Organic acids and derivatives; Carboxylic acids and derivatives; Primary alcohols; Organooxygen compounds; Monocarboxylic acids and derivatives; Cyclic alcohols and derivatives; Diterpenoids; Secondary alcohols; Tertiary alcohols; Carbonyl compounds; Fatty Acyls; Organic oxides; Hydrocarbon derivatives; Organic oxygen compounds; Chemical entities	339.288	553	9.221	816700827618109731	816699137447480741	816699137447480740	2464	
1	C21H40O4	[M + H]+	C21H41O4+	Fatty acids	1.000	Glycerolipids	0.985	Monoacylglycerols	0.992	Lipids and lipid-like molecules	0.998	Glycerolipids	0.971	Monoradylglycerols	0.980	Monoacylglycerols	0.973	1-monoacylglycerols	0.901	Organic compounds; Lipids and lipid-like molecules; Alcohols and polyols; Glycerolipids; Organic acids and derivatives; Carboxylic acids and derivatives; Primary alcohols; Organooxygen compounds; Fatty acid esters; Carboxylic acid derivatives; Monoacylglycerols; Monocarboxylic acids and derivatives; Carboxylic acid esters; 1-monoacylglycerols; Secondary alcohols; Carbonyl compounds; Polyols; 1,2-diols; Monoradylglycerols; Fatty Acyls; Organic oxides; Hydrocarbon derivatives; Organic oxygen compounds; Chemical entities	357.298	553	9.221	816700828373084550	816699137539755434	816699137535561129	2465	
1	C23H46NO7P	[M + H]+	C23H47NO7P+	Fatty acids	1.000	Glycerophospholipids	1.000	Glycerophosphoethanolamines	0.998	Organic acids and derivatives	0.999	Carboxylic acids and derivatives	0.997	Amino acids, peptides, and analogues	0.985	Amino acids and derivatives	0.985	Amino acids and derivatives	0.985	Organic compounds; Lipids and lipid-like molecules; Amino acids, peptides, and analogues; Alcohols and polyols; Glycerophospholipids; Organic acids and derivatives; Carboxylic acids and derivatives; Organonitrogen compounds; Organooxygen compounds; Fatty acid esters; Amino acids and derivatives; Organic phosphoric acids and derivatives; Phosphate esters; Monoalkylamines; Carboxylic acid derivatives; Monocarboxylic acids and derivatives; Carboxylic acid esters; Phosphoethanolamines; Lysophosphatidylethanolamines; Secondary alcohols; 1-acyl-sn-glycero-3-phosphoethanolamines; Carbonyl compounds; Glycerophosphoethanolamines; Amines; Primary amines; Alkyl phosphates; Dialkyl phosphates; Fatty Acyls; Organic oxides; Hydrocarbon derivatives; Organopnictogen compounds; Organic oxygen compounds; Organic nitrogen compounds; Chemical entities	480.307	553	9.221	816700828171757934	816699137606864305	816699137606864304	2466	
1	C18H32O	[M + H]+	C18H33O+	Fatty acids	0.994	Fatty Acids and Conjugates	0.521	Unsaturated fatty acids	0.711	Lipids and lipid-like molecules	0.906	Fatty Acyls	0.775	Fatty acids and conjugates	0.207	Straight chain fatty acids	0.619	Straight chain fatty acids	0.619	Organic compounds; Lipids and lipid-like molecules; Organooxygen compounds; Straight chain fatty acids; Carbonyl compounds; Fatty Acyls; Organic oxides; Hydrocarbon derivatives; Organic oxygen compounds; Chemical entities	265.251	553	9.222	816700832798075536	816699137690750390	816699137690750389	2472	
1	C24H37F3N4O4	[M + K]+	C24H37F3KN4O4+	Alkaloids	0.575	Ornithine alkaloids	0.262	Tropane alkaloids	0.061	Organic acids and derivatives	0.974	Carboxylic acids and derivatives	0.962	Amino acids, peptides, and analogues	0.854	Amino acids and derivatives	0.849	Alpha amino acids and derivatives	0.511	Organic compounds; Organoheterocyclic compounds; Lipids and lipid-like molecules; Amino acids, peptides, and analogues; Halobenzenes; Alpha amino acids and derivatives; Organic acids and derivatives; Carboxylic acids and derivatives; Organohalogen compounds; Organonitrogen compounds; Organooxygen compounds; Amino acids and derivatives; Carboxylic acid amides; Alkyl fluorides; Aryl fluorides; Carboxylic acid derivatives; Fluorobenzenes; Organofluorides; Secondary carboxylic acid amides; Carbonyl compounds; Benzene and substituted derivatives; Benzenoids; Amines; Alkyl halides; Fatty Acyls; Organic oxides; Azacyclic compounds; Hydrocarbon derivatives; Organopnictogen compounds; Organic oxygen compounds; Organic nitrogen compounds; Chemical entities	541.238	553	9.224	816701146355897072	816699137799802299	816699137799802298	2474	
1	C34H66N2O2	[M + H]+	C34H67N2O2+	Fatty acids	1.000	Fatty amides	0.999	N-acyl amines	0.803	Lipids and lipid-like molecules	0.988	Fatty Acyls	0.983	Fatty amides	0.986	N-acyl amines	0.969	N-acyl amines	0.969	Organic compounds; Lipids and lipid-like molecules; Organic acids and derivatives; Carboxylic acids and derivatives; Organonitrogen compounds; Organooxygen compounds; Fatty amides; Carboxylic acid amides; Carboxylic acid derivatives; N-acyl amines; Secondary carboxylic acid amides; Carbonyl compounds; Fatty Acyls; Organic oxides; Hydrocarbon derivatives; Organopnictogen compounds; Organic oxygen compounds; Organic nitrogen compounds; Chemical entities	535.516	554	9.235	816700843556466124	816699137887882688	816699137887882687	2411	
1	C35H66O3	[M + H]+	C35H67O3+	Fatty acids	0.981	Fatty esters	0.820	Wax monoesters	0.432	Lipids and lipid-like molecules	0.993	Fatty Acyls	0.957	Lineolic acids and derivatives	0.633			Lineolic acids and derivatives	0.633	Organic compounds; Lipids and lipid-like molecules; Alcohols and polyols; Organic acids and derivatives; Carboxylic acids and derivatives; Organooxygen compounds; Fatty acid esters; Lineolic acids and derivatives; Carboxylic acid derivatives; Monocarboxylic acids and derivatives; Carboxylic acid esters; Carbonyl compounds; Fatty Acyls; Organic oxides; Hydrocarbon derivatives; Organic oxygen compounds; Chemical entities	535.512	555	9.243	816700842616941834	816699137963380167	816699137963380166	2479	
1	C24H48NO7P	[M + H]+	C24H49NO7P+	Fatty acids	1.000	Glycerophospholipids	1.000	Glycerophosphocholines	0.999	Lipids and lipid-like molecules	0.994	Glycerophospholipids	0.999	Glycerophosphocholines	0.998	Lysophosphatidylcholines	0.997	1-acyl-sn-glycero-3-phosphocholines	0.990	Organic compounds; Lipids and lipid-like molecules; Alcohols and polyols; Glycerophospholipids; Organic acids and derivatives; Carboxylic acids and derivatives; Organonitrogen compounds; Organooxygen compounds; Fatty acid esters; Organic phosphoric acids and derivatives; Phosphate esters; Quaternary ammonium salts; Cholines; Carboxylic acid derivatives; Monocarboxylic acids and derivatives; Carboxylic acid esters; Phosphocholines; Lysophosphatidylcholines; 1-acyl-sn-glycero-3-phosphocholines; Secondary alcohols; Carbonyl compounds; Glycerophosphocholines; Amines; Alkyl phosphates; Dialkyl phosphates; Organic cations; Organic salts; Fatty Acyls; Organic oxides; Hydrocarbon derivatives; Tetraalkylammonium salts; Organopnictogen compounds; Organic oxygen compounds; Organic nitrogen compounds; Chemical entities	494.322	555	9.247	816700842876988733	816699138038878384	816699138034684079	2483	
1	C15H33N9O	[M + H]+	C15H34N9O+	Alkaloids	0.485	Histidine alkaloids	0.071	Imidazole alkaloids	0.071	Organic nitrogen compounds	1.000	Organonitrogen compounds	1.000	Amines	0.840	Tertiary amines	0.469	Dialkylarylamines	0.507	Organic compounds; Organoheterocyclic compounds; Triazines; Organonitrogen compounds; Organooxygen compounds; Aminotriazines; Amines; N-aliphatic s-triazines; Dialkylarylamines; 1,3,5-triazines; Azacyclic compounds; Heteroaromatic compounds; Hydrocarbon derivatives; Organopnictogen compounds; Organic oxygen compounds; Alkoxy-S-triazines; Organic nitrogen compounds; 1,3,5-triazine-2,4-diamines; Chemical entities	356.286	555	9.255	816700847025155799	816699138273759424	816699138273759423	2496	
1	C16H33NO	[M + H]+	C16H34NO+	Fatty acids	0.998	Fatty amides	0.996	Primary amides	0.981	Lipids and lipid-like molecules	0.821	Fatty Acyls	0.817	Fatty amides	0.855	N-acyl amines	0.530	N-acyl amines	0.530	Organic compounds; Lipids and lipid-like molecules; Organic acids and derivatives; Carboxylic acids and derivatives; Organonitrogen compounds; Organooxygen compounds; Fatty amides; Carboxylic acid amides; Carboxylic acid derivatives; N-acyl amines; Primary carboxylic acid amides; Tertiary carboxylic acid amides; Carbonyl compounds; Fatty Acyls; Organic oxides; Hydrocarbon derivatives; Organopnictogen compounds; Organic oxygen compounds; Organic nitrogen compounds; Chemical entities	256.262	555	9.255	816700863055788938	816699138382811334	816699138378617029	2490	
1	C18H31B	[M + Na]+	C18H31BNa+	Terpenoids	0.988	Monoterpenoids	0.817	Pinane monoterpenoids	0.677	Organoheterocyclic compounds	0.209	Metalloheterocyclic compounds	0.353	Borinanes	0.754			Borinanes	0.754	Organic compounds; Lipids and lipid-like molecules; Prenol lipids; Organometallic compounds; Organometalloid compounds; Organoboron compounds; Borinanes; Organic salts; Organic metalloid salts; Organic metal salts; Hydrocarbon derivatives; Alkylboranes; Dialkylboranes; Trialkylboranes; Chemical entities	280.243	555	9.256	816700852934932224	816699138500251851	816699138500251850	2534	
1	C21H38O4	[M - H2O + H]+	C21H37O3+	Terpenoids	0.534	Diterpenoids	0.652	Fatty alcohols	0.238	Lipids and lipid-like molecules	0.961	Prenol lipids	0.699	Diterpenoids	0.614			Diterpenoids	0.614	Organic compounds; Lipids and lipid-like molecules; Alcohols and polyols; Prenol lipids; Organic acids and derivatives; Carboxylic acids and derivatives; Primary alcohols; Organooxygen compounds; Monocarboxylic acids and derivatives; Carboxylic acid esters; Fatty alcohols; Diterpenoids; Secondary alcohols; Carbonyl compounds; Polyols; 1,2-diols; Long-chain fatty alcohols; Fatty Acyls; Organic oxides; Hydrocarbon derivatives; Organic oxygen compounds; Chemical entities	337.272	556	9.260	816700861172546020	816699138714161365	816699138714161364	2502	
1	C18H30O	[M + H]+	C18H31O+	Terpenoids	0.713	Diterpenoids	0.599	Norlabdane diterpenoids	0.170	Lipids and lipid-like molecules	0.874	Prenol lipids	0.558					Prenol lipids	0.558	Organic compounds; Lipids and lipid-like molecules; Prenol lipids; Organooxygen compounds; Carbonyl compounds; Organic oxides; Hydrocarbon derivatives; Organic oxygen compounds; Chemical entities	263.236	556	9.261	816700853455026214	816699138827407580	816699138823213275	2503	
1	C21H38O4	[M + H]+	C21H39O4+	Fatty acids	0.999	Glycerolipids	0.974	Monoacylglycerols	0.983	Lipids and lipid-like molecules	0.998	Fatty Acyls	0.985	Lineolic acids and derivatives	0.559			Lineolic acids and derivatives	0.559	Organic compounds; Lipids and lipid-like molecules; Alcohols and polyols; Glycerolipids; Organic acids and derivatives; Carboxylic acids and derivatives; Primary alcohols; Organooxygen compounds; Fatty acid esters; Lineolic acids and derivatives; Carboxylic acid derivatives; Monoacylglycerols; Monocarboxylic acids and derivatives; Carboxylic acid esters; 1-monoacylglycerols; Secondary alcohols; Carbonyl compounds; Polyols; 1,2-diols; Monoradylglycerols; Fatty Acyls; Organic oxides; Hydrocarbon derivatives; Organic oxygen compounds; Chemical entities	355.282	556	9.262	816700871800914040	816699138932265185	816699138932265184	2505	
1	C19H36O3	[M + H]+	C19H37O3+	Fatty acids	0.972	Fatty acyls	0.448	Fatty alcohols	0.819	Lipids and lipid-like molecules	0.978	Fatty Acyls	0.954	Fatty alcohols	0.619	Long-chain fatty alcohols	0.576	Long-chain fatty alcohols	0.576	Organic compounds; Lipids and lipid-like molecules; Alcohols and polyols; Organic acids and derivatives; Carboxylic acids and derivatives; Primary alcohols; Organooxygen compounds; Fatty acid esters; Carboxylic acid derivatives; Monocarboxylic acids and derivatives; Carboxylic acid esters; Fatty alcohols; Secondary alcohols; Fatty alcohol esters; Carbonyl compounds; Long-chain fatty alcohols; Fatty Acyls; Organic oxides; Hydrocarbon derivatives; Organic oxygen compounds; Chemical entities	313.272	557	9.290	816700862997068650	816699139150369004	816699139150369003	2520	
1	C26H50NO7P	[M + H]+	C26H51NO7P+	Fatty acids	1.000	Glycerophospholipids	1.000	Glycerophosphocholines	0.996	Lipids and lipid-like molecules	0.988	Glycerophospholipids	0.999	Glycerophosphocholines	0.998	Lysophosphatidylcholines	0.970	1-acyl-sn-glycero-3-phosphocholines	0.913	Organic compounds; Lipids and lipid-like molecules; Alcohols and polyols; Glycerophospholipids; Organic acids and derivatives; Carboxylic acids and derivatives; Organonitrogen compounds; Organooxygen compounds; Fatty acid esters; Organic phosphoric acids and derivatives; Phosphate esters; Quaternary ammonium salts; Cholines; Carboxylic acid derivatives; Monocarboxylic acids and derivatives; Carboxylic acid esters; Phosphocholines; Lysophosphatidylcholines; 1-acyl-sn-glycero-3-phosphocholines; Secondary alcohols; Carbonyl compounds; Glycerophosphocholines; Amines; Alkyl phosphates; Dialkyl phosphates; Organic cations; Organic salts; Fatty Acyls; Organic oxides; Hydrocarbon derivatives; Tetraalkylammonium salts; Organopnictogen compounds; Organic oxygen compounds; Organic nitrogen compounds; Chemical entities	520.338	558	9.298	816700861998824182	816699139263615218	816699139259420913	2524	
1	C18H30O2	[M + H]+	C18H31O2+	Fatty acids	0.989	Fatty Acids and Conjugates	0.784	Unsaturated fatty acids	0.829	Lipids and lipid-like molecules	0.971	Fatty Acyls	0.902	Fatty acids and conjugates	0.809	Long-chain fatty acids	0.841	Long-chain fatty acids	0.841	Organic compounds; Lipids and lipid-like molecules; Fatty acids and conjugates; Organic acids and derivatives; Carboxylic acids and derivatives; Organooxygen compounds; Straight chain fatty acids; Unsaturated fatty acids; Monocarboxylic acids and derivatives; Carboxylic acids; Carbonyl compounds; Long-chain fatty acids; Fatty Acyls; Organic oxides; Hydrocarbon derivatives; Organic oxygen compounds; Chemical entities	279.231	558	9.303	816700861218683395	816699139343307003	816699139343307002	2529	
1	C18H28O	[M + H]+	C18H29O+	Terpenoids	0.987	Diterpenoids	0.803	Norlabdane diterpenoids	0.057	Lipids and lipid-like molecules	0.934	Prenol lipids	0.746	Diterpenoids	0.534			Diterpenoids	0.534	Organic compounds; Lipids and lipid-like molecules; Alcohols and polyols; Prenol lipids; Organooxygen compounds; Diterpenoids; Carbonyl compounds; Hydrocarbon derivatives; Organic oxygen compounds; Chemical entities	261.220	558	9.304	816700865148746899	816699139502690567	816699139502690566	2533	
1	C34H70N4O2	[M + Na]+	C34H70N4NaO2+	Alkaloids	0.829	Pseudoalkaloids (transamidation)	0.704	Steroidal alkaloids	0.593	Lipids and lipid-like molecules	0.654	Steroids and steroid derivatives	0.594					Steroids and steroid derivatives	0.594	Organic compounds; Organoheterocyclic compounds; Lipids and lipid-like molecules; Steroids and steroid derivatives; Organic acids and derivatives; Carboxylic acids and derivatives; Organonitrogen compounds; Organooxygen compounds; Carboxylic acid derivatives; Carbonyl compounds; Trialkylamines; Amines; Tertiary amines; Organic oxides; Azacyclic compounds; Heteroaromatic compounds; Hydrocarbon derivatives; Organopnictogen compounds; Organic oxygen compounds; Organic nitrogen compounds; Chemical entities	589.535	558	9.308	816700870026723038	816699139578188044	816699139578188043	2538	
1	C18H36N4	[M + Na]+	C18H36N4Na+	Alkaloids	0.881	Pseudoalkaloids (transamidation)	0.470	Quinolizidine alkaloids	0.123	Organoheterocyclic compounds	0.870	Azacyclic compounds	0.932					Azacyclic compounds	0.932	Organic compounds; Organoheterocyclic compounds; Organonitrogen compounds; Amines; Azacyclic compounds; Hydrocarbon derivatives; Organopnictogen compounds; Organic nitrogen compounds; Chemical entities	331.283	559	9.315	816700871545061423	816699139896955165	816699139896955164	2519	
1	C38H71NO3	[M + H]+	C38H72NO3+	Fatty acids	1.000	Spingolipids	0.999	Ceramides	0.996	Lipids and lipid-like molecules	0.981	Sphingolipids	0.915	Ceramides	0.953	Long-chain ceramides	0.605	Long-chain ceramides	0.605	Organic compounds; Lipids and lipid-like molecules; Alcohols and polyols; Sphingolipids; Organic acids and derivatives; Carboxylic acids and derivatives; Organonitrogen compounds; Primary alcohols; Organooxygen compounds; Fatty amides; Carboxylic acid amides; Carboxylic acid derivatives; N-acyl amines; Ceramides; Secondary alcohols; Secondary carboxylic acid amides; Long-chain ceramides; Carbonyl compounds; Fatty Acyls; Organic oxides; Hydrocarbon derivatives; Organopnictogen compounds; Organic oxygen compounds; Organic nitrogen compounds; Chemical entities	590.546	559	9.319	816700869384994449	816699140006007074	816699140001812769	2548	
1	C16H25ClN2O2	[M + Na]+	C16H25ClN2NaO2+	Alkaloids	0.257	Histidine alkaloids	0.130	Imidazole alkaloids	0.129	Organoheterocyclic compounds	0.983	Diazines	0.636	Pyrimidines and pyrimidine derivatives	0.526	Halopyrimidines	0.721	Halopyrimidines	0.721	Organic compounds; Organoheterocyclic compounds; Pyrimidines and pyrimidine derivatives; Organic acids and derivatives; Carboxylic acids and derivatives; Organohalogen compounds; Organonitrogen compounds; Organooxygen compounds; Aryl chlorides; Carboxylic acid derivatives; Monocarboxylic acids and derivatives; Carboxylic acid esters; Diazines; Organochlorides; Carbonyl compounds; Halopyrimidines; Aryl halides; Organic oxides; Azacyclic compounds; Heteroaromatic compounds; Hydrocarbon derivatives; Organopnictogen compounds; Organic oxygen compounds; Organic nitrogen compounds; Chemical entities	335.150	560	9.325	816700878218200359	816699140115058983	816699140110864678	2560	
1	C12H24F2N4O2	[M + K]+	C12H24F2KN4O2+	Alkaloids	0.317	Small peptides	0.303	Imidazole alkaloids	0.110	Organic acids and derivatives	0.842	Carboxylic acids and derivatives	0.761	Amino acids, peptides, and analogues	0.640	Amino acids and derivatives	0.641	Amino acids and derivatives	0.641	Organic compounds; Organoheterocyclic compounds; Amino acids, peptides, and analogues; Organic acids and derivatives; Carboxylic acids and derivatives; Organohalogen compounds; Organonitrogen compounds; Organooxygen compounds; Amino acids and derivatives; Alkyl fluorides; Organofluorides; Carbonyl compounds; Amines; Alkyl halides; Organic oxides; Azacyclic compounds; Heteroaromatic compounds; Hydrocarbon derivatives; Organopnictogen compounds; Organic oxygen compounds; Organic nitrogen compounds; Chemical entities	333.150	560	9.326	816700874086810344	816699140190556461	816699140190556460	2562	
1	C30H48	[M + H]+	C30H49+	Terpenoids	0.999	Triterpenoids	0.991	Lupane triterpenoids	0.365	Lipids and lipid-like molecules	0.988	Prenol lipids	0.946	Triterpenoids	0.807			Triterpenoids	0.807	Organic compounds; Lipids and lipid-like molecules; Prenol lipids; Triterpenoids; Hydrocarbons; Olefins; Cyclic olefins; Polycyclic hydrocarbons; Unsaturated hydrocarbons; Unsaturated aliphatic hydrocarbons; Branched unsaturated hydrocarbons; Chemical entities	409.381	560	9.327	816700871696056411	816699140270248242	816699140270248241	2563	
1	C21H46OSi	[M + H]+	C21H47OSi+	Fatty acids	0.993	Fatty acyls	0.911	Fatty alcohols	0.837	Lipids and lipid-like molecules	0.666	Fatty Acyls	0.531					Fatty Acyls	0.531	Organic compounds; Lipids and lipid-like molecules; Alcohols and polyols; Primary alcohols; Organooxygen compounds; Dialkyl ethers; Fatty Acyls; Hydrocarbon derivatives; Organic oxygen compounds; Chemical entities	343.338	560	9.339	816700872891433205	816699140454797630	816699140454797629	2573	
1	C35H68O4	[M + Na]+	C35H68NaO4+	Fatty acids	0.980	Glycerolipids	0.987	Monoacylglycerols	0.798	Lipids and lipid-like molecules	0.991	Fatty Acyls	0.872	Fatty acid esters	0.639			Fatty acid esters	0.639	Organic compounds; Lipids and lipid-like molecules; Alcohols and polyols; Glycerolipids; Organic acids and derivatives; Carboxylic acids and derivatives; Organooxygen compounds; Fatty acid esters; Carboxylic acid derivatives; Monocarboxylic acids and derivatives; Carboxylic acid esters; Secondary alcohols; Carbonyl compounds; Fatty Acyls; Organic oxides; Hydrocarbon derivatives; Organic oxygen compounds; Chemical entities	575.495	560	9.342	816700874430743447	816699140563849539	816699140559655234	2594	
1	C26H42O	[M + Na]+	C26H42NaO+	Terpenoids	0.853	Steroids	0.463	Cholestane steroids	0.129	Lipids and lipid-like molecules	0.919	Prenol lipids	0.527					Prenol lipids	0.527	Organic compounds; Lipids and lipid-like molecules; Alcohols and polyols; Prenol lipids; Organooxygen compounds; Hydrocarbon derivatives; Organic oxygen compounds; Chemical entities	393.314	561	9.343	816700877702300876	816699140719038798	816699140719038797	2578	
1	C35H68N2O6	[M + H]+	C35H69N2O6+	Fatty acids	1.000	Fatty amides	0.956	N-acyl amines	0.966	Organic acids and derivatives	1.000	Carboxylic acids and derivatives	1.000	Amino acids, peptides, and analogues	0.983	Amino acids and derivatives	0.982	N-acyl-alpha amino acids	0.838	Organic compounds; Lipids and lipid-like molecules; Amino acids, peptides, and analogues; Alpha amino acids and derivatives; Alcohols and polyols; Fatty acids and conjugates; Organic acids and derivatives; Carboxylic acids and derivatives; Organonitrogen compounds; Organooxygen compounds; Fatty amides; Hydroxy fatty acids; Dicarboxylic acids and derivatives; Amino acids and derivatives; Hydroxy acids and derivatives; Carboxylic acid amides; Carboxylic acid derivatives; N-acyl amines; N-acyl-alpha amino acids and derivatives; Carboxylic acids; Carboxylic acid esters; Secondary alcohols; Secondary carboxylic acid amides; Carbonyl compounds; N-acyl-alpha amino acids; Fatty Acyls; Organic oxides; Hydrocarbon derivatives; Organopnictogen compounds; Organic oxygen compounds; Organic nitrogen compounds; Chemical entities	613.513	561	9.344	816700879619098011	816699140794536276	816699140794536275	2579	
1	C20H39NO2	[M + H]+	C20H40NO2+	Fatty acids	1.000	Fatty amides	0.844	Sphingoid bases	0.855	Organic nitrogen compounds	1.000	Organonitrogen compounds	1.000	Amines	0.865	Alkanolamines	0.877	1,2-aminoalcohols	0.872	Organic compounds; Alcohols and polyols; Organonitrogen compounds; Primary alcohols; Organooxygen compounds; 1,2-aminoalcohols; Amines; Alkanolamines; Hydrocarbon derivatives; Organopnictogen compounds; Organic oxygen compounds; Organic nitrogen compounds; Chemical entities	326.304	561	9.349	816700879946253779	816699141012640095	816699141012640094	2584	
1	C17H33NO	[M + H]+	C17H34NO+	Fatty acids	0.998	Fatty amides	0.993	Primary amides	0.930	Lipids and lipid-like molecules	0.599	Fatty Acyls	0.620	Fatty amides	0.627			Fatty amides	0.627	Organic compounds; Lipids and lipid-like molecules; Organic acids and derivatives; Carboxylic acids and derivatives; Organonitrogen compounds; Organooxygen compounds; Fatty amides; Carboxylic acid amides; Carboxylic acid derivatives; Carbonyl compounds; Fatty Acyls; Organic oxides; Hydrocarbon derivatives; Organopnictogen compounds; Organic oxygen compounds; Organic nitrogen compounds; Chemical entities	268.262	561	9.357	816700878700545391	816699141125886308	816699141125886307	2595	
1	C18H28O3	[M + H]+	C18H29O3+	Fatty acids	0.917	Octadecanoids	0.605	Other Octadecanoids	0.177	Lipids and lipid-like molecules	0.852	Fatty Acyls	0.760					Fatty Acyls	0.760	Organic compounds; Lipids and lipid-like molecules; Ketones; Organic acids and derivatives; Carboxylic acids and derivatives; Organooxygen compounds; Monocarboxylic acids and derivatives; Carboxylic acids; Carbonyl compounds; Fatty Acyls; Organic oxides; Hydrocarbon derivatives; Organic oxygen compounds; Chemical entities	293.211	562	9.361	816700889433769967	816699141239132521	816699141239132520	2597	
1	C19H38O4	[M + H]+	C19H39O4+	Fatty acids	0.995	Fatty acyls	0.956	Fatty alcohols	0.990	Lipids and lipid-like molecules	0.988	Fatty Acyls	0.974	Fatty alcohols	0.825	Long-chain fatty alcohols	0.847	Long-chain fatty alcohols	0.847	Organic compounds; Lipids and lipid-like molecules; Alcohols and polyols; Glycerolipids; Organic acids and derivatives; Carboxylic acids and derivatives; Primary alcohols; Organooxygen compounds; Fatty acid esters; Carboxylic acid derivatives; Monoacylglycerols; Monocarboxylic acids and derivatives; Carboxylic acid esters; Fatty alcohols; Secondary alcohols; Fatty alcohol esters; Carbonyl compounds; Polyols; 1,2-diols; Long-chain fatty alcohols; Monoradylglycerols; Fatty Acyls; Organic oxides; Hydrocarbon derivatives; Organic oxygen compounds; Chemical entities	331.283	562	9.374	816700889211471818	816699141427876213	816699141427876212	2619	
1	C19H38O4	[M - H2O + H]+	C19H37O3+	Fatty acids	0.971	Fatty acyls	0.726	Fatty alcohols	0.916	Lipids and lipid-like molecules	0.985	Fatty Acyls	0.957	Fatty alcohols	0.820	Long-chain fatty alcohols	0.783	Long-chain fatty alcohols	0.783	Organic compounds; Lipids and lipid-like molecules; Alcohols and polyols; Organic acids and derivatives; Carboxylic acids and derivatives; Primary alcohols; Organooxygen compounds; Monocarboxylic acids and derivatives; Carboxylic acid esters; Fatty alcohols; Secondary alcohols; Fatty alcohol esters; Carbonyl compounds; Polyols; 1,2-diols; Long-chain fatty alcohols; Fatty Acyls; Organic oxides; Hydrocarbon derivatives; Organic oxygen compounds; Chemical entities	313.272	563	9.375	816700889941280815	816699141503373690	816699141503373689	2624	
1	C24H52N8O2	[M + K]+	C24H52KN8O2+	Alkaloids	0.446	Ornithine alkaloids	0.127	Imidazole alkaloids	0.041	Organic acids and derivatives	0.966	Carboxylic acids and derivatives	0.935	Amino acids, peptides, and analogues	0.628	Amino acids and derivatives	0.622	Amino acids and derivatives	0.622	Organic compounds; Organoheterocyclic compounds; Lipids and lipid-like molecules; Amino acids, peptides, and analogues; Organic acids and derivatives; Carboxylic acids and derivatives; Organonitrogen compounds; Organooxygen compounds; Fatty amides; Amino acids and derivatives; Azoles; Monoalkylamines; Carboxylic acid amides; Carboxylic acid derivatives; N-acyl amines; Secondary carboxylic acid amides; Carbonyl compounds; Amines; Primary amines; Fatty Acyls; Organic oxides; Azacyclic compounds; Heteroaromatic compounds; Hydrocarbon derivatives; Organopnictogen compounds; Organic oxygen compounds; Organic nitrogen compounds; Chemical entities	523.381	563	9.375	816700896857689194	816699141595648383	816699141591454078	2626	
1	C36H67N3O3	[M + H]+	C36H68N3O3+	Amino acids and Peptides	0.460	Small peptides	0.089	Open-chain polyketides	0.071	Organic acids and derivatives	0.987	Carboxylic acids and derivatives	0.940	Amino acids, peptides, and analogues	0.608	Amino acids and derivatives	0.594	Amino acids and derivatives	0.594	Organic compounds; Lipids and lipid-like molecules; Amino acids, peptides, and analogues; Organic acids and derivatives; Carboxylic acids and derivatives; Organonitrogen compounds; Organooxygen compounds; Fatty amides; Amino acids and derivatives; Organic carbonic acids and derivatives; Carboxylic acid amides; Ureas; Carboxylic acid derivatives; N-acyl amines; Secondary carboxylic acid amides; Carbonyl compounds; Fatty Acyls; Organic oxides; Azacyclic compounds; Hydrocarbon derivatives; Organopnictogen compounds; Organic oxygen compounds; Organic nitrogen compounds; Chemical entities	590.530	563	9.381	816700896127880032	816699141897638299	816699141893443994	2686	
1	C18H32O	[M + H3N + H]+	C18H36NO+	Terpenoids	0.741	Diterpenoids	0.730	Norlabdane diterpenoids	0.327	Lipids and lipid-like molecules	0.838	Prenol lipids	0.565					Prenol lipids	0.565	Organic compounds; Lipids and lipid-like molecules; Prenol lipids; Organooxygen compounds; Hydrocarbon derivatives; Organic oxygen compounds; Chemical entities	282.278	565	9.420	816700896933186695	816699142094770602	816699142094770601	2665	
1	C18H32O	[M + H]+	C18H33O+	Fatty acids	0.988	Fatty Acids and Conjugates	0.752	Unsaturated fatty acids	0.716	Lipids and lipid-like molecules	0.870	Fatty Acyls	0.780	Fatty acids and conjugates	0.480	Long-chain fatty acids	0.558	Long-chain fatty acids	0.558	Organic compounds; Lipids and lipid-like molecules; Organic acids and derivatives; Carboxylic acids and derivatives; Organooxygen compounds; Straight chain fatty acids; Unsaturated fatty acids; Carbonyl compounds; Long-chain fatty acids; Fatty Acyls; Organic oxides; Hydrocarbon derivatives; Organic oxygen compounds; Chemical entities	265.251	565	9.420	816700896006245181	816699142178656687	816699142178656686	2667	
1	C18H32O	[M - H2O + H]+	C18H31+	Fatty acids	0.999	Fatty acyls	0.919	Unsaturated fatty acids	0.328	Lipids and lipid-like molecules	0.766	Fatty Acyls	0.751					Fatty Acyls	0.751	Organic compounds; Lipids and lipid-like molecules; Organooxygen compounds; Carbonyl compounds; Fatty Acyls; Organic oxides; Hydrocarbon derivatives; Organic oxygen compounds; Chemical entities	247.241	565	9.423	816700896480201726	816699142237376948	816699142237376947	2673	
1	C14H31N2O2	[M + Na]+	C14H31N2NaO2+	Fatty acids	0.451	Fatty amides	0.793	Primary amides	0.715	Lipids and lipid-like molecules	0.606							Lipids and lipid-like molecules	0.606	Organic compounds; Lipids and lipid-like molecules; Organic acids and derivatives; Carboxylic acids and derivatives; Organonitrogen compounds; Organooxygen compounds; Carboxylic acid amides; Carboxylic acid derivatives; Primary carboxylic acid amides; Carbonyl compounds; Organic oxides; Hydrocarbon derivatives; Organopnictogen compounds; Organic oxygen compounds; Organic nitrogen compounds; Chemical entities	282.225	566	9.428	816700911781024149	816699142598087114	816699142593892809	2700	
1	C35H70N2O2	[M + H]+	C35H71N2O2+	Fatty acids	1.000	Fatty amides	0.999	N-acyl amines	0.542	Lipids and lipid-like molecules	0.964	Fatty Acyls	0.953	Fatty amides	0.961	N-acyl amines	0.924	N-acyl amines	0.924	Organic compounds; Lipids and lipid-like molecules; Organic acids and derivatives; Carboxylic acids and derivatives; Organonitrogen compounds; Organooxygen compounds; Fatty amides; Carboxylic acid amides; Carboxylic acid derivatives; N-acyl amines; Secondary carboxylic acid amides; Carbonyl compounds; Fatty Acyls; Organic oxides; Hydrocarbon derivatives; Organopnictogen compounds; Organic oxygen compounds; Organic nitrogen compounds; Chemical entities	551.549	567	9.445	816700899722399223	816699142807802324	816699142803608019	2702	
1	C21H40O4	[M - H2O + H]+	C21H39O3+	Fatty acids	0.883	Fatty acyls	0.761	Fatty alcohols	0.885	Lipids and lipid-like molecules	0.975	Fatty Acyls	0.870	Fatty alcohols	0.640	Long-chain fatty alcohols	0.691	Long-chain fatty alcohols	0.691	Organic compounds; Lipids and lipid-like molecules; Alcohols and polyols; Organic acids and derivatives; Carboxylic acids and derivatives; Primary alcohols; Organooxygen compounds; Carboxylic acid derivatives; Monocarboxylic acids and derivatives; Carboxylic acid esters; Fatty alcohols; Secondary alcohols; Fatty alcohol esters; Carbonyl compounds; Long-chain fatty alcohols; Fatty Acyls; Organic oxides; Hydrocarbon derivatives; Organic oxygen compounds; Chemical entities	339.288	567	9.452	816700906508783668	816699142992351713	816699142992351712	2706	
1	C18H33NO4S	[M + Na]+	C18H33NNaO4S+	Fatty acids	0.488	Histidine alkaloids	0.077	Aminoacids	0.091	Organic acids and derivatives	0.988	Carboxylic acids and derivatives	0.974	Amino acids, peptides, and analogues	0.799	Amino acids and derivatives	0.796	Alpha amino acids	0.542	Organic compounds; Organoheterocyclic compounds; Organosulfur compounds; Lipids and lipid-like molecules; Amino acids, peptides, and analogues; Alpha amino acids and derivatives; Organic acids and derivatives; Carboxylic acids and derivatives; Organonitrogen compounds; Organooxygen compounds; Amino acids and derivatives; Monocarboxylic acids and derivatives; Carboxylic acids; Carbonyl compounds; Alpha amino acids; Sulfenyl compounds; Dialkylthioethers; Fatty Acyls; Organic oxides; Azacyclic compounds; Hydrocarbon derivatives; Organopnictogen compounds; Organic oxygen compounds; Organic nitrogen compounds; Chemical entities	382.203	568	9.474	816700902457085654	816699143084626406	816699143084626405	2719	
1	C28H53NO6	[M + H]+	C28H54NO6+	Fatty acids	1.000	Spingolipids	0.443	Ceramides	0.595	Lipids and lipid-like molecules	0.993	Fatty Acyls	0.994	Fatty amides	0.810	N-acyl amines	0.896	N-acyl amines	0.896	Organic compounds; Lipids and lipid-like molecules; Alcohols and polyols; Organic acids and derivatives; Carboxylic acids and derivatives; Organonitrogen compounds; Primary alcohols; Organooxygen compounds; Fatty acid esters; Fatty amides; Carboxylic acid amides; Carboxylic acid derivatives; N-acyl amines; Monocarboxylic acids and derivatives; Carboxylic acid esters; Secondary alcohols; Secondary carboxylic acid amides; Carbonyl compounds; Fatty Acyls; Organic oxides; Hydrocarbon derivatives; Organopnictogen compounds; Organic oxygen compounds; Organic nitrogen compounds; Chemical entities	500.392	569	9.477	816700912494055896	816699143176901099	816699143172706794	2717	
1	C18H30O2	[M + H]+	C18H31O2+	Fatty acids	0.992	Fatty Acids and Conjugates	0.892	Unsaturated fatty acids	0.856	Lipids and lipid-like molecules	0.976	Fatty Acyls	0.942	Fatty acids and conjugates	0.939	Long-chain fatty acids	0.917	Long-chain fatty acids	0.917	Organic compounds; Lipids and lipid-like molecules; Fatty acids and conjugates; Organic acids and derivatives; Carboxylic acids and derivatives; Organooxygen compounds; Straight chain fatty acids; Unsaturated fatty acids; Monocarboxylic acids and derivatives; Carboxylic acids; Carbonyl compounds; Long-chain fatty acids; Fatty Acyls; Organic oxides; Hydrocarbon derivatives; Organic oxygen compounds; Chemical entities	279.231	569	9.487	816700907544776841	816699143256592880	816699143252398575	2722	
1	C24H50NO7P	[M + H]+	C24H51NO7P+	Fatty acids	0.998	Glycerophospholipids	1.000	Glycerophosphocholines	0.998	Lipids and lipid-like molecules	0.971	Glycerophospholipids	0.995	Glycerophosphocholines	0.991	Lysophosphatidylcholines	0.951	1-acyl-sn-glycero-3-phosphocholines	0.948	Organic compounds; Lipids and lipid-like molecules; Alcohols and polyols; Glycerophospholipids; Organic acids and derivatives; Carboxylic acids and derivatives; Organonitrogen compounds; Organooxygen compounds; Fatty acid esters; Organic phosphoric acids and derivatives; Phosphate esters; Quaternary ammonium salts; Cholines; Carboxylic acid derivatives; Monocarboxylic acids and derivatives; Carboxylic acid esters; Phosphocholines; Lysophosphatidylcholines; 1-acyl-sn-glycero-3-phosphocholines; Secondary alcohols; Carbonyl compounds; Glycerophosphocholines; Amines; Alkyl phosphates; Dialkyl phosphates; Organic cations; Organic salts; Fatty Acyls; Organic oxides; Hydrocarbon derivatives; Tetraalkylammonium salts; Organopnictogen compounds; Organic oxygen compounds; Organic nitrogen compounds; Chemical entities	496.338	570	9.500	816700915782390573	816699143445336572	816699143441142267	2728	
1	C26H50NO7P	[M + H]+	C26H51NO7P+	Fatty acids	1.000	Glycerophospholipids	1.000	Glycerophosphocholines	0.991	Lipids and lipid-like molecules	0.986	Glycerophospholipids	0.999	Glycerophosphocholines	0.997	Lysophosphatidylcholines	0.957	1-acyl-sn-glycero-3-phosphocholines	0.884	Organic compounds; Lipids and lipid-like molecules; Alcohols and polyols; Glycerophospholipids; Organic acids and derivatives; Carboxylic acids and derivatives; Organonitrogen compounds; Organooxygen compounds; Fatty acid esters; Organic phosphoric acids and derivatives; Phosphate esters; Quaternary ammonium salts; Cholines; Carboxylic acid derivatives; Monocarboxylic acids and derivatives; Carboxylic acid esters; Phosphocholines; Lysophosphatidylcholines; 1-acyl-sn-glycero-3-phosphocholines; Secondary alcohols; Carbonyl compounds; Glycerophosphocholines; Amines; Alkyl phosphates; Dialkyl phosphates; Organic cations; Organic salts; Fatty Acyls; Organic oxides; Hydrocarbon derivatives; Tetraalkylammonium salts; Organopnictogen compounds; Organic oxygen compounds; Organic nitrogen compounds; Chemical entities	520.338	572	9.525	816700918324139040	816699143688606219	816699143688606218	2739	
1	C22H33FN4O2	[M + Na]+	C22H33FN4NaO2+	Alkaloids	0.915	Ornithine alkaloids	0.123	Tropane alkaloids	0.454	Organic acids and derivatives	0.914	Carboxylic acids and derivatives	0.922	Amino acids, peptides, and analogues	0.715	Amino acids and derivatives	0.715	Amino acids and derivatives	0.715	Organic compounds; Organoheterocyclic compounds; Amino acids, peptides, and analogues; Organic acids and derivatives; Carboxylic acids and derivatives; Organohalogen compounds; Organonitrogen compounds; Organooxygen compounds; Amino acids and derivatives; Azoles; Aryl fluorides; Monocarboxylic acids and derivatives; Organofluorides; Carbonyl compounds; Benzenoids; Amines; Tertiary amines; Aryl halides; Organic oxides; Azacyclic compounds; Heteroaromatic compounds; Hydrocarbon derivatives; Organopnictogen compounds; Organic oxygen compounds; Organic nitrogen compounds; Chemical entities	427.247	572	9.529	816700918676460690	816699143772492304	816699143772492303	2740	
1	C26H50NO7P	[M + Na]+	C26H50NNaO7P+	Fatty acids	1.000	Glycerophospholipids	1.000	Glycerophosphocholines	0.999	Lipids and lipid-like molecules	0.984	Glycerophospholipids	0.999	Glycerophosphocholines	0.997	Lysophosphatidylcholines	0.978	1-acyl-sn-glycero-3-phosphocholines	0.967	Organic compounds; Lipids and lipid-like molecules; Alcohols and polyols; Glycerophospholipids; Organic acids and derivatives; Carboxylic acids and derivatives; Organonitrogen compounds; Organooxygen compounds; Fatty acid esters; Organic phosphoric acids and derivatives; Phosphate esters; Quaternary ammonium salts; Cholines; Carboxylic acid derivatives; Monocarboxylic acids and derivatives; Carboxylic acid esters; Phosphocholines; Lysophosphatidylcholines; 1-acyl-sn-glycero-3-phosphocholines; Secondary alcohols; Carbonyl compounds; Glycerophosphocholines; Amines; Alkyl phosphates; Dialkyl phosphates; Organic cations; Organic salts; Fatty Acyls; Organic oxides; Hydrocarbon derivatives; Tetraalkylammonium salts; Organopnictogen compounds; Organic oxygen compounds; Organic nitrogen compounds; Chemical entities	542.320	572	9.530	816700918420608078	816699143864766997	816699143860572692	2741	
1	C18H30	[M + H]+	C18H31+	Terpenoids	0.580	Diterpenoids	0.738	Hydrocarbons	0.276	Hydrocarbons	0.994	Unsaturated hydrocarbons	0.882	Unsaturated aliphatic hydrocarbons	0.767			Unsaturated aliphatic hydrocarbons	0.767	Organic compounds; Hydrocarbons; Unsaturated hydrocarbons; Unsaturated aliphatic hydrocarbons; Chemical entities	247.241	573	9.544	816700922757518858	816699144015761952	816699144015761951	2755	
1	C26H44N6O5	[M + Na]+	C26H44N6NaO5+	Alkaloids	0.370	Small peptides	0.236	Dipeptides	0.094	Organic acids and derivatives	0.943	Carboxylic acids and derivatives	0.823	Amino acids, peptides, and analogues	0.742	Amino acids and derivatives	0.737	Amino acids and derivatives	0.737	Organic compounds; Organoheterocyclic compounds; Amino acids, peptides, and analogues; Organic acids and derivatives; Carboxylic acids and derivatives; Organonitrogen compounds; Organooxygen compounds; Amino acids and derivatives; Quaternary ammonium salts; Carboxylic acid derivatives; Carbonyl compounds; Amines; Primary amines; Organic oxides; Azacyclic compounds; Heteroaromatic compounds; Hydrocarbon derivatives; Tetraalkylammonium salts; Organopnictogen compounds; Organic oxygen compounds; Organic nitrogen compounds; Chemical entities	543.329	573	9.547	816700931800442842	816699144103842342	816699144103842341	2747	
1	C24H44NO9P	[M + H]+	C24H45NO9P+	Fatty acids	1.000	Glycerophospholipids	1.000	Glycerophosphocholines	0.964	Lipids and lipid-like molecules	0.992	Glycerophospholipids	0.999	Glycerophosphocholines	0.995	Lysophosphatidylcholines	0.986	1-acyl-sn-glycero-3-phosphocholines	0.965	Organic compounds; Lipids and lipid-like molecules; Alcohols and polyols; Glycerophospholipids; Organic acids and derivatives; Carboxylic acids and derivatives; Organonitrogen compounds; Organooxygen compounds; Fatty acid esters; Organic phosphoric acids and derivatives; Phosphate esters; Quaternary ammonium salts; Cholines; Carboxylic acid derivatives; Monocarboxylic acids and derivatives; Carboxylic acid esters; Phosphocholines; Lysophosphatidylcholines; 1-acyl-sn-glycero-3-phosphocholines; Secondary alcohols; Carbonyl compounds; Glycerophosphocholines; Amines; Alkyl phosphates; Dialkyl phosphates; Organic cations; Organic salts; Fatty Acyls; Organic oxides; Hydrocarbon derivatives; Tetraalkylammonium salts; Organopnictogen compounds; Organic oxygen compounds; Organic nitrogen compounds; Chemical entities	522.281	573	9.556	816700922774296092	816699144204505644	816699144204505643	2749	
1	C18H32O	[M + H]+	C18H33O+	Fatty acids	0.951	Fatty Acids and Conjugates	0.541	Unsaturated fatty acids	0.505	Lipids and lipid-like molecules	0.851	Fatty Acyls	0.689					Fatty Acyls	0.689	Organic compounds; Lipids and lipid-like molecules; Organooxygen compounds; Carbonyl compounds; Fatty Acyls; Organic oxides; Hydrocarbon derivatives; Organic oxygen compounds; Chemical entities	265.251	574	9.560	816700932886767954	816699144313557553	816699144309363248	2754	
1	C17H31NO2	[M + H]+	C17H32NO2+	Fatty acids	0.289	Fatty amides	0.453	N-acyl ethanolamines (endocannabinoids)	0.118	Lipids and lipid-like molecules	0.505							Lipids and lipid-like molecules	0.505	Organic compounds; Lipids and lipid-like molecules; Organic acids and derivatives; Carboxylic acids and derivatives; Organonitrogen compounds; Organooxygen compounds; Carboxylic acid derivatives; Carbonyl compounds; Amines; Organic oxides; Hydrocarbon derivatives; Organopnictogen compounds; Organic oxygen compounds; Organic nitrogen compounds; Chemical entities	282.243	574	9.562	816700936292543631	816699144502301243	816699144502301242	2721	
1	C21H40O4	[M + H]+	C21H41O4+	Fatty acids	1.000	Glycerolipids	0.995	Monoacylglycerols	0.998	Lipids and lipid-like molecules	0.998	Glycerolipids	0.987	Monoradylglycerols	0.993	Monoacylglycerols	0.991	1-monoacylglycerols	0.956	Organic compounds; Lipids and lipid-like molecules; Alcohols and polyols; Glycerolipids; Organic acids and derivatives; Carboxylic acids and derivatives; Primary alcohols; Organooxygen compounds; Fatty acid esters; Carboxylic acid derivatives; Monoacylglycerols; Monocarboxylic acids and derivatives; Carboxylic acid esters; 1-monoacylglycerols; Secondary alcohols; Carbonyl compounds; Polyols; 1,2-diols; Monoradylglycerols; Fatty Acyls; Organic oxides; Hydrocarbon derivatives; Organic oxygen compounds; Chemical entities	357.299	574	9.564	816700931813025773	816699144607158849	816699144607158848	2764	
1	C21H40O4	[M - H2O + H]+	C21H39O3+	Fatty acids	1.000	Glycerolipids	0.995	Monoacylglycerols	0.997	Lipids and lipid-like molecules	0.998	Glycerolipids	0.988	Monoradylglycerols	0.989	Monoacylglycerols	0.986	1-monoacylglycerols	0.935	Organic compounds; Lipids and lipid-like molecules; Alcohols and polyols; Glycerolipids; Organic acids and derivatives; Carboxylic acids and derivatives; Primary alcohols; Organooxygen compounds; Fatty acid esters; Carboxylic acid derivatives; Monoacylglycerols; Monocarboxylic acids and derivatives; Carboxylic acid esters; 1-monoacylglycerols; Secondary alcohols; Carbonyl compounds; Polyols; 1,2-diols; Monoradylglycerols; Fatty Acyls; Organic oxides; Hydrocarbon derivatives; Organic oxygen compounds; Chemical entities	339.288	574	9.565	816700931766888381	816699144712016454	816699144712016453	2766	
1	C20H41N5	[M + Na]+	C20H41N5Na+	Alkaloids	0.818	Pseudoalkaloids (transamidation)	0.350	Tricyclic guanidine alkaloids	0.189	Organoheterocyclic compounds	0.891	Azacyclic compounds	0.930					Azacyclic compounds	0.930	Organic compounds; Organoheterocyclic compounds; Organonitrogen compounds; Amines; Azacyclic compounds; Hydrocarbon derivatives; Organopnictogen compounds; Organic nitrogen compounds; Chemical entities	374.324	574	9.565	816700935248161666	816699144896565841	816699144892371536	2768	
1	C18H28	[M + H]+	C18H29+	Terpenoids	0.959	Diterpenoids	0.591	Bisabolane sesquiterpenoids	0.216	Benzenoids	0.852	Benzene and substituted derivatives	0.588					Benzene and substituted derivatives	0.588	Organic compounds; Lipids and lipid-like molecules; Prenol lipids; Benzene and substituted derivatives; Benzenoids; Hydrocarbons; Olefins; Cyclic olefins; Polycyclic hydrocarbons; Unsaturated hydrocarbons; Aromatic hydrocarbons; Branched unsaturated hydrocarbons; Chemical entities	245.225	574	9.574	816700935357213637	816699145169195617	816699145169195616	2779	
1	C14H31N3	[M + Na]+	C14H31N3Na+	Alkaloids	0.639	Pseudoalkaloids (transamidation)	0.271	Acetate-derived alkaloids	0.214	Organic nitrogen compounds	0.999	Organonitrogen compounds	0.998					Organonitrogen compounds	0.998	Organic compounds; Organonitrogen compounds; Hydrocarbon derivatives; Organopnictogen compounds; Organic nitrogen compounds; Chemical entities	264.239	575	9.578	816700935734701115	816699145257276006	816699145257276005	2787	
1	C18H30O	[M + H]+	C18H31O+	Terpenoids	0.709	Diterpenoids	0.658	Norlabdane diterpenoids	0.264	Lipids and lipid-like molecules	0.809	Prenol lipids	0.577					Prenol lipids	0.577	Organic compounds; Lipids and lipid-like molecules; Prenol lipids; Organooxygen compounds; Carbonyl compounds; Organic oxides; Hydrocarbon derivatives; Organic oxygen compounds; Chemical entities	263.236	575	9.578	816700938150620502	816699145341162092	816699145341162091	2783	
1	C18H32O2	[M + H]+	C18H33O2+	Fatty acids	0.997	Fatty Acids and Conjugates	0.653	Unsaturated fatty acids	0.550	Lipids and lipid-like molecules	0.969	Fatty Acyls	0.953	Fatty acids and conjugates	0.869	Long-chain fatty acids	0.909	Long-chain fatty acids	0.909	Organic compounds; Lipids and lipid-like molecules; Fatty acids and conjugates; Organic acids and derivatives; Carboxylic acids and derivatives; Organooxygen compounds; Straight chain fatty acids; Unsaturated fatty acids; Monocarboxylic acids and derivatives; Carboxylic acids; Carbonyl compounds; Long-chain fatty acids; Fatty Acyls; Organic oxides; Hydrocarbon derivatives; Organic oxygen compounds; Chemical entities	281.246	575	9.581	816700940340047268	816699145416659569	816699145416659568	2786	
1	C34H66O4	[M + Na]+	C34H66NaO4+	Fatty acids	0.998	Fatty esters	0.940	Wax monoesters	0.457	Lipids and lipid-like molecules	0.993	Fatty Acyls	0.979	Fatty alcohol esters	0.569			Fatty alcohol esters	0.569	Organic compounds; Lipids and lipid-like molecules; Alcohols and polyols; Organic acids and derivatives; Carboxylic acids and derivatives; Organooxygen compounds; Fatty acid esters; Dicarboxylic acids and derivatives; Carboxylic acid derivatives; Monocarboxylic acids and derivatives; Carboxylic acid esters; Fatty alcohol esters; Carbonyl compounds; Fatty Acyls; Organic oxides; Hydrocarbon derivatives; Organic oxygen compounds; Chemical entities	561.486	575	9.581	816700936649059559	816699145496351351	816699145496351350	2785	
1	C27H50	[M + Na]+	C27H50Na+	Terpenoids	0.962	Steroids	0.763	Cholestane steroids	0.652	Lipids and lipid-like molecules	0.974	Steroids and steroid derivatives	0.844					Steroids and steroid derivatives	0.844	Organic compounds; Lipids and lipid-like molecules; Steroids and steroid derivatives; Prenol lipids; Hydrocarbons; Polycyclic hydrocarbons; Saturated hydrocarbons; Chemical entities	397.381	576	9.593	816700943536107524	816699145655734913	816699145655734912	2792	
1	C28H50	[M + Na]+	C28H50Na+	Terpenoids	0.993	Triterpenoids	0.454	Cholestane steroids	0.051	Lipids and lipid-like molecules	0.964	Prenol lipids	0.833					Prenol lipids	0.833	Organic compounds; Lipids and lipid-like molecules; Prenol lipids; Hydrocarbons; Olefins; Cyclic olefins; Polycyclic hydrocarbons; Unsaturated hydrocarbons; Unsaturated aliphatic hydrocarbons; Branched unsaturated hydrocarbons; Chemical entities	409.381	576	9.595	816700942319759075	816699145735426695	816699145731232390	2794	
1	C25H50NO7P	[M + H]+	C25H51NO7P+	Fatty acids	1.000	Glycerophospholipids	1.000	Glycerophosphocholines	1.000	Lipids and lipid-like molecules	0.993	Glycerophospholipids	1.000	Glycerophosphocholines	0.999	Lysophosphatidylcholines	0.996	1-acyl-sn-glycero-3-phosphocholines	0.991	Organic compounds; Lipids and lipid-like molecules; Alcohols and polyols; Glycerophospholipids; Organic acids and derivatives; Carboxylic acids and derivatives; Organonitrogen compounds; Organooxygen compounds; Fatty acid esters; Organic phosphoric acids and derivatives; Phosphate esters; Quaternary ammonium salts; Cholines; Carboxylic acid derivatives; Monocarboxylic acids and derivatives; Carboxylic acid esters; Phosphocholines; Lysophosphatidylcholines; 1-acyl-sn-glycero-3-phosphocholines; Secondary alcohols; Carbonyl compounds; Glycerophosphocholines; Amines; Alkyl phosphates; Dialkyl phosphates; Organic cations; Organic salts; Fatty Acyls; Organic oxides; Hydrocarbon derivatives; Tetraalkylammonium salts; Organopnictogen compounds; Organic oxygen compounds; Organic nitrogen compounds; Chemical entities	508.338	576	9.598	816700941216656927	816699145810924172	816699145810924171	2795	
1	C17H30N6O	[M + H]+	C17H31N6O+	Alkaloids	0.459	Pseudoalkaloids (transamidation)	0.101	Purine alkaloids	0.015	Organoheterocyclic compounds	0.924	Azoles	0.850	Tetrazoles	0.645			Tetrazoles	0.645	Organic compounds; Organoheterocyclic compounds; Tetrazoles; Organonitrogen compounds; Organooxygen compounds; Azoles; Azacyclic compounds; Heteroaromatic compounds; Hydrocarbon derivatives; Organopnictogen compounds; Organic oxygen compounds; Organic nitrogen compounds; Chemical entities	335.251	576	9.601	816700942634331963	816699145899004561	816699145894810256	2798	
1	C36H66O5	[M + Na]+	C36H66NaO5+	Fatty acids	1.000	Glycerolipids	1.000	Diacylglycerols	1.000	Lipids and lipid-like molecules	0.998	Glycerolipids	0.999	Diradylglycerols	0.995	Diacylglycerols	0.997	1,2-diacylglycerols	0.988	Organic compounds; Lipids and lipid-like molecules; Alcohols and polyols; Glycerolipids; Organic acids and derivatives; Carboxylic acids and derivatives; Primary alcohols; Organooxygen compounds; Fatty acid esters; Dicarboxylic acids and derivatives; Carboxylic acid derivatives; Diacylglycerols; Carboxylic acid esters; 1,2-diacylglycerols; Secondary alcohols; Carbonyl compounds; Diradylglycerols; Fatty Acyls; Organic oxides; Hydrocarbon derivatives; Organic oxygen compounds; Chemical entities	601.476	577	9.611	816700943766794412	816699145987084951	816699145982890646	2825	
1	C36H70O7S	[M + H]+	C36H71O7S+	Fatty acids	0.841	Fatty esters	0.474	Wax monoesters	0.071	Lipids and lipid-like molecules	0.850	Fatty Acyls	0.800	Fatty acid esters	0.710			Fatty acid esters	0.710	Organic compounds; Organosulfur compounds; Lipids and lipid-like molecules; Organic acids and derivatives; Carboxylic acids and derivatives; Organooxygen compounds; Fatty acid esters; Dicarboxylic acids and derivatives; Carboxylic acid derivatives; Thioethers; Carboxylic acid esters; Carbonyl compounds; Sulfenyl compounds; Dialkylthioethers; Fatty Acyls; Organic oxides; Hydrocarbon derivatives; Organic oxygen compounds; Chemical entities	647.492	577	9.614	816700950922277972	816699146192605857	816699146188411552	2815	
1	C24H48N8O3	[M + H]+	C24H49N8O3+	Alkaloids	0.419	Pseudoalkaloids (transamidation)	0.079	Purine nucleosides	0.038	Organic nitrogen compounds	1.000	Organonitrogen compounds	1.000	Amines	0.971	Tertiary amines	0.704	Dialkylarylamines	0.560	Organic compounds; Organoheterocyclic compounds; Organonitrogen compounds; Organooxygen compounds; Aminopyrimidines and derivatives; Carbonyl compounds; Amines; Tertiary amines; Tertiary alkylarylamines; N-aliphatic s-triazines; Imidolactams; Dialkylarylamines; Organic oxides; 1,3,5-triazines; Azacyclic compounds; Heteroaromatic compounds; Hydrocarbon derivatives; Organopnictogen compounds; Organic oxygen compounds; Organic nitrogen compounds; Chemical entities	497.395	577	9.615	816700946753139397	816699146276491943	816699146276491942	2816	
1	C19H31FO	[M + H]+	C19H32FO+	Terpenoids	0.926	Steroids	0.296	Androstane steroids	0.096	Lipids and lipid-like molecules	0.785							Lipids and lipid-like molecules	0.785	Organic compounds; Lipids and lipid-like molecules; Organohalogen compounds; Organooxygen compounds; Alkyl fluorides; Organofluorides; Carbonyl compounds; Alkyl halides; Organic oxides; Hydrocarbon derivatives; Organic oxygen compounds; Chemical entities	295.243	577	9.623	816700948116288357	816699146368766636	816699146368766635	2791	
1	C16H27ClN2O2	[M + Na]+	C16H27ClN2NaO2+	Alkaloids	0.267	Histidine alkaloids	0.201	Imidazole alkaloids	0.200	Organoheterocyclic compounds	0.962	Diazines	0.519	Pyrimidines and pyrimidine derivatives	0.425	Halopyrimidines	0.659	Halopyrimidines	0.659	Organic compounds; Organoheterocyclic compounds; Organic acids and derivatives; Carboxylic acids and derivatives; Organohalogen compounds; Organonitrogen compounds; Organooxygen compounds; Aryl chlorides; Monocarboxylic acids and derivatives; Diazines; Organochlorides; Carbonyl compounds; Halopyrimidines; Aryl halides; Organic oxides; Azacyclic compounds; Heteroaromatic compounds; Hydrocarbon derivatives; Organopnictogen compounds; Organic oxygen compounds; Organic nitrogen compounds; Chemical entities	337.166	577	9.623	816700959029868260	816699146465235633	816699146461041328	2822	
1	C20H37NO	[M + H]+	C20H38NO+	Fatty acids	0.994	Fatty amides	0.970	Primary amides	0.697	Lipids and lipid-like molecules	0.915	Fatty Acyls	0.684	Fatty amides	0.705			Fatty amides	0.705	Organic compounds; Lipids and lipid-like molecules; Organic acids and derivatives; Carboxylic acids and derivatives; Organonitrogen compounds; Organooxygen compounds; Fatty amides; Carboxylic acid amides; Carboxylic acid derivatives; Primary carboxylic acid amides; Secondary carboxylic acid amides; Carbonyl compounds; Fatty Acyls; Organic oxides; Hydrocarbon derivatives; Organopnictogen compounds; Organic oxygen compounds; Organic nitrogen compounds; Chemical entities	308.293	579	9.643	816700945280938383	816699146779808449	816699146775614144	2840	
1	C34H65NO3	[M + O + H]+	C34H66NO4+	Fatty acids	1.000	Spingolipids	1.000	Ceramides	1.000	Lipids and lipid-like molecules	0.991	Sphingolipids	0.988	Ceramides	0.997	Long-chain ceramides	0.707	Long-chain ceramides	0.707	Organic compounds; Lipids and lipid-like molecules; Alcohols and polyols; Sphingolipids; Organic acids and derivatives; Carboxylic acids and derivatives; Organonitrogen compounds; Primary alcohols; Organooxygen compounds; Fatty amides; Carboxylic acid amides; Carboxylic acid derivatives; N-acyl amines; Ceramides; Secondary alcohols; Secondary carboxylic acid amides; Long-chain ceramides; Carbonyl compounds; Fatty Acyls; Organic oxides; Hydrocarbon derivatives; Organopnictogen compounds; Organic oxygen compounds; Organic nitrogen compounds; Chemical entities	552.497	579	9.648	816700947067712244	816699146893054664	816699146888860359	2843	
1	C34H63NO3	[M + H]+	C34H64NO3+	Fatty acids	1.000	Spingolipids	0.999	Ceramides	0.999	Lipids and lipid-like molecules	0.983	Sphingolipids	0.961	Ceramides	0.982	Long-chain ceramides	0.600	Long-chain ceramides	0.600	Organic compounds; Lipids and lipid-like molecules; Alcohols and polyols; Sphingolipids; Organic acids and derivatives; Carboxylic acids and derivatives; Organonitrogen compounds; Primary alcohols; Organooxygen compounds; Fatty amides; Carboxylic acid amides; Carboxylic acid derivatives; N-acyl amines; Ceramides; Secondary alcohols; Secondary carboxylic acid amides; Long-chain ceramides; Carbonyl compounds; Fatty Acyls; Organic oxides; Hydrocarbon derivatives; Organopnictogen compounds; Organic oxygen compounds; Organic nitrogen compounds; Chemical entities	534.486	580	9.662	816700960401405761	816699146981135053	816699146981135052	2851	
1	C38H62O	[M + H]+	C38H63O+	Terpenoids	1.000	Carotenoids (C40)	0.868	Carotenoids (C40, β-β)	0.326	Lipids and lipid-like molecules	0.986	Prenol lipids	0.976	Tetraterpenoids	0.600	Carotenoids	0.611	Xanthophylls	0.670	Organic compounds; Lipids and lipid-like molecules; Alcohols and polyols; Prenol lipids; Organooxygen compounds; Carotenoids; Xanthophylls; Tetraterpenoids; Secondary alcohols; Hydrocarbon derivatives; Organic oxygen compounds; Chemical entities	535.487	580	9.662	816700960632092527	816699147408954087	816699147408954086	2885	
1	C19H38O6	[M + H]+	C19H39O6+	Fatty acids	0.993	Fatty esters	0.520	Dicarboxylic acids	0.605	Lipids and lipid-like molecules	0.918	Fatty Acyls	0.905	Fatty acid esters	0.694			Fatty acid esters	0.694	Organic compounds; Lipids and lipid-like molecules; Alcohols and polyols; Ethers; Organic acids and derivatives; Carboxylic acids and derivatives; Organooxygen compounds; Fatty acid esters; Dicarboxylic acids and derivatives; Carboxylic acid derivatives; Carboxylic acid esters; Carbonyl compounds; Fatty Acyls; Organic oxides; Hydrocarbon derivatives; Organic oxygen compounds; Chemical entities	363.273	580	9.671	816700960678230059	816699147144712919	816699147140518614	2853	
1	C16H36N6O2	[M + Na]+	C16H36N6NaO2+	Alkaloids	0.810	Small peptides	0.321	Dipeptides	0.087	Organoheterocyclic compounds	0.798	Heteroaromatic compounds	0.546					Heteroaromatic compounds	0.546	Organic compounds; Organoheterocyclic compounds; Organic acids and derivatives; Carboxylic acids and derivatives; Organonitrogen compounds; Organooxygen compounds; Carboxylic acid derivatives; Carbonyl compounds; Amines; Organic oxides; Azacyclic compounds; Heteroaromatic compounds; Hydrocarbon derivatives; Organopnictogen compounds; Organic oxygen compounds; Organic nitrogen compounds; Chemical entities	367.281	581	9.678	816700963014457735	816699147501228781	816699147497034476	2862	
1	C40H62O2	[M + H]+	C40H63O2+	Terpenoids	1.000	Carotenoids (C40)	0.985	Carotenoids (C40, β-β)	0.587	Lipids and lipid-like molecules	0.988	Prenol lipids	0.994	Tetraterpenoids	0.791	Carotenoids	0.794	Xanthophylls	0.812	Organic compounds; Lipids and lipid-like molecules; Alcohols and polyols; Prenol lipids; Organooxygen compounds; Carotenoids; Xanthophylls; Tetraterpenoids; Hydrocarbon derivatives; Organic oxygen compounds; Chemical entities	575.480	581	9.679	816700964855757606	816699147669000951	816699147669000950	2823	
1	C28H53NO6	[M + H]+	C28H54NO6+	Fatty acids	1.000	Fatty amides	0.839	N-acyl amines	0.622	Organic acids and derivatives	1.000	Carboxylic acids and derivatives	1.000	Amino acids, peptides, and analogues	0.769	Amino acids and derivatives	0.766	N-acyl-alpha amino acids and derivatives	0.684	Organic compounds; Lipids and lipid-like molecules; Amino acids, peptides, and analogues; Alpha amino acids and derivatives; Alcohols and polyols; Organic acids and derivatives; Carboxylic acids and derivatives; Organonitrogen compounds; Primary alcohols; Organooxygen compounds; Fatty acid esters; Fatty amides; Dicarboxylic acids and derivatives; Amino acids and derivatives; Carboxylic acid amides; Carboxylic acid derivatives; N-acyl amines; Monocarboxylic acids and derivatives; N-acyl-alpha amino acids and derivatives; Carboxylic acids; Carboxylic acid esters; Secondary alcohols; Secondary carboxylic acid amides; Carbonyl compounds; Fatty Acyls; Organic oxides; Hydrocarbon derivatives; Organopnictogen compounds; Organic oxygen compounds; Organic nitrogen compounds; Chemical entities	500.393	581	9.682	816700965665258399	816699147773858556	816699147773858555	2865	
1	C34H62N2O2	[M + Na]+	C34H62N2NaO2+	Fatty acids	0.996	Fatty amides	0.701	N-acyl ethanolamines (endocannabinoids)	0.161	Lipids and lipid-like molecules	0.953	Fatty Acyls	0.917	Fatty amides	0.924	N-acyl amines	0.859	N-acyl amines	0.859	Organic compounds; Lipids and lipid-like molecules; Alcohols and polyols; Organic acids and derivatives; Carboxylic acids and derivatives; Organonitrogen compounds; Organooxygen compounds; Fatty amides; Carboxylic acid amides; Carboxylic acid derivatives; N-acyl amines; Secondary alcohols; Secondary carboxylic acid amides; Carbonyl compounds; Amines; Fatty Acyls; Organic oxides; Hydrocarbon derivatives; Organopnictogen compounds; Organic oxygen compounds; Organic nitrogen compounds; Chemical entities	553.473	582	9.703	816700969960226141	816699148059071245	816699148059071244	2837	
1	C26H52NO7P	[M + H]+	C26H53NO7P+	Fatty acids	1.000	Glycerophospholipids	1.000	Glycerophosphocholines	0.999	Lipids and lipid-like molecules	0.980	Glycerophospholipids	0.999	Glycerophosphocholines	0.998	Lysophosphatidylcholines	0.970	1-acyl-sn-glycero-3-phosphocholines	0.947	Organic compounds; Lipids and lipid-like molecules; Alcohols and polyols; Glycerophospholipids; Organic acids and derivatives; Carboxylic acids and derivatives; Organonitrogen compounds; Organooxygen compounds; Fatty acid esters; Organic phosphoric acids and derivatives; Phosphate esters; Quaternary ammonium salts; Cholines; Carboxylic acid derivatives; Monocarboxylic acids and derivatives; Carboxylic acid esters; Phosphocholines; Lysophosphatidylcholines; 1-acyl-sn-glycero-3-phosphocholines; Secondary alcohols; Carbonyl compounds; Glycerophosphocholines; Amines; Alkyl phosphates; Dialkyl phosphates; Organic cations; Organic salts; Fatty Acyls; Organic oxides; Hydrocarbon derivatives; Tetraalkylammonium salts; Organopnictogen compounds; Organic oxygen compounds; Organic nitrogen compounds; Chemical entities	522.354	582	9.705	816700971298209160	816699148147151635	816699148142957330	2870	
1	C40H62O2	[M + H]+	C40H63O2+	Terpenoids	1.000	Carotenoids (C40)	0.986	Carotenoids (C40, β-β)	0.497	Lipids and lipid-like molecules	0.985	Prenol lipids	0.993	Tetraterpenoids	0.785	Carotenoids	0.764	Xanthophylls	0.768	Organic compounds; Lipids and lipid-like molecules; Alcohols and polyols; Prenol lipids; Organooxygen compounds; Carotenoids; Xanthophylls; Tetraterpenoids; Secondary alcohols; Hydrocarbon derivatives; Organic oxygen compounds; Chemical entities	575.481	583	9.714	816700969310108967	816699148231037720	816699148226843415	2882	
1	C19H37NO	[M + H]+	C19H38NO+	Fatty acids	0.999	Fatty amides	0.999	Primary amides	0.945	Lipids and lipid-like molecules	0.707	Fatty Acyls	0.681	Fatty amides	0.735			Fatty amides	0.735	Organic compounds; Lipids and lipid-like molecules; Organic acids and derivatives; Carboxylic acids and derivatives; Organonitrogen compounds; Organooxygen compounds; Fatty amides; Carboxylic acid amides; Carboxylic acid derivatives; Secondary carboxylic acid amides; Carbonyl compounds; Fatty Acyls; Organic oxides; Hydrocarbon derivatives; Organopnictogen compounds; Organic oxygen compounds; Organic nitrogen compounds; Chemical entities	296.293	583	9.716	816700971491147165	816699148314923805	816699148314923804	2872	
1	C26H52NO7P	[M + Na]+	C26H52NNaO7P+	Fatty acids	1.000	Glycerophospholipids	1.000	Glycerophosphocholines	0.996	Lipids and lipid-like molecules	0.990	Glycerophospholipids	0.999	Glycerophosphocholines	0.994	Lysophosphatidylcholines	0.984	1-acyl-sn-glycero-3-phosphocholines	0.963	Organic compounds; Lipids and lipid-like molecules; Alcohols and polyols; Glycerophospholipids; Organic acids and derivatives; Carboxylic acids and derivatives; Organonitrogen compounds; Organooxygen compounds; Fatty acid esters; Organic phosphoric acids and derivatives; Phosphate esters; Quaternary ammonium salts; Cholines; Carboxylic acid derivatives; Monocarboxylic acids and derivatives; Carboxylic acid esters; Phosphocholines; Lysophosphatidylcholines; 1-acyl-sn-glycero-3-phosphocholines; Secondary alcohols; Carbonyl compounds; Glycerophosphocholines; Amines; Alkyl phosphates; Dialkyl phosphates; Organic cations; Organic salts; Fatty Acyls; Organic oxides; Hydrocarbon derivatives; Tetraalkylammonium salts; Organopnictogen compounds; Organic oxygen compounds; Organic nitrogen compounds; Chemical entities	544.336	584	9.728	816700972929793471	816699148394615586	816699148390421281	2879	
1	C34H69NO3	[M + H]+	C34H70NO3+	Fatty acids	1.000	Spingolipids	1.000	Ceramides	1.000	Lipids and lipid-like molecules	0.997	Sphingolipids	0.995	Ceramides	0.999	Long-chain ceramides	0.854	Long-chain ceramides	0.854	Organic compounds; Lipids and lipid-like molecules; Alcohols and polyols; Sphingolipids; Organic acids and derivatives; Carboxylic acids and derivatives; Organonitrogen compounds; Primary alcohols; Organooxygen compounds; Fatty amides; Carboxylic acid amides; Carboxylic acid derivatives; N-acyl amines; Ceramides; Secondary alcohols; Secondary carboxylic acid amides; Long-chain ceramides; Carbonyl compounds; Fatty Acyls; Organic oxides; Hydrocarbon derivatives; Organopnictogen compounds; Organic oxygen compounds; Organic nitrogen compounds; Chemical entities	540.533	584	9.731	816700976692084613	816699148507861799	816699148503667494	2881	
1	C27H50	[M + Na]+	C27H50Na+	Terpenoids	0.980	Steroids	0.905	Cholestane steroids	0.776	Lipids and lipid-like molecules	0.987	Steroids and steroid derivatives	0.933	Cholestane steroids	0.603			Cholestane steroids	0.603	Organic compounds; Lipids and lipid-like molecules; Steroids and steroid derivatives; Hydrocarbons; Cholestane steroids; Polycyclic hydrocarbons; Saturated hydrocarbons; Chemical entities	397.381	584	9.735	816700977212178379	816699148734354227	816699148734354226	2890	
1	C29H44O4	[M - H2O + H]+	C29H43O3+	Terpenoids	0.995	Triterpenoids	0.946	Lanostane, Tirucallane and Euphane triterpenoids	0.141	Lipids and lipid-like molecules	0.982	Prenol lipids	0.919	Triterpenoids	0.552			Triterpenoids	0.552	Organic compounds; Lipids and lipid-like molecules; Ketones; Prenol lipids; Organic acids and derivatives; Carboxylic acids and derivatives; Organooxygen compounds; Monocarboxylic acids and derivatives; Carboxylic acids; Triterpenoids; Carbonyl compounds; Organic oxides; Hydrocarbon derivatives; Organic oxygen compounds; Chemical entities	439.319	584	9.735	816700979288359004	816699148830823224	816699148830823223	2886	
1	C25H48N2O2	[M + H]+	C25H49N2O2+	Terpenoids	0.345	Pseudoalkaloids (transamidation)	0.342	Steroidal alkaloids	0.331	Lipids and lipid-like molecules	0.928	Steroids and steroid derivatives	0.856	Azasteroids and derivatives	0.614			Azasteroids and derivatives	0.614	Organic compounds; Lipids and lipid-like molecules; Alcohols and polyols; Steroids and steroid derivatives; Prenol lipids; Organic acids and derivatives; Carboxylic acids and derivatives; Organonitrogen compounds; Organooxygen compounds; Carboxylic acid amides; Carboxylic acid derivatives; Secondary alcohols; Carbonyl compounds; Azasteroids and derivatives; Amines; Organic oxides; Hydrocarbon derivatives; Organopnictogen compounds; Organic oxygen compounds; Organic nitrogen compounds; Chemical entities	409.381	585	9.748	816700978072010730	816699148935680829	816699148935680828	2894	
1	C26H32O3	[M + Na]+	C26H32NaO3+	Terpenoids	0.912	Carotenoids (C40)	0.326	Apocarotenoids (β-)	0.088	Benzenoids	0.835							Benzenoids	0.835	Organic compounds; Lipids and lipid-like molecules; Ketones; Prenol lipids; Organic acids and derivatives; Organooxygen compounds; Carbonyl compounds; Benzenoids; Organic oxides; Hydrocarbon derivatives; Organic oxygen compounds; Chemical entities	415.223	585	9.753	816700986892633668	816699149015372610	816699149011178305	2900	
1	C18H24N4O3	[M + H]+	C18H25N4O3+	Alkaloids	0.565	Small peptides	0.646	Dipeptides	0.280	Organic acids and derivatives	0.934	Carboxylic acids and derivatives	0.880	Amino acids, peptides, and analogues	0.538	Amino acids and derivatives	0.537	Amino acids and derivatives	0.537	Organic compounds; Organoheterocyclic compounds; Amino acids, peptides, and analogues; Organic acids and derivatives; Carboxylic acids and derivatives; Organonitrogen compounds; Organooxygen compounds; Amino acids and derivatives; Azoles; Carboxylic acid amides; Carboxylic acid derivatives; Monocarboxylic acids and derivatives; Carbonyl compounds; Amines; Organic oxides; Azacyclic compounds; Heteroaromatic compounds; Hydrocarbon derivatives; Organopnictogen compounds; Organic oxygen compounds; Organic nitrogen compounds; Chemical entities	345.192	585	9.754	816700982501196309	816699149086675783	816699149086675782	2901	
1	C21H46OSi	[M + H]+	C21H47OSi+	Fatty acids	0.991	Fatty acyls	0.979	Fatty alcohols	0.970	Organic oxygen compounds	0.996	Organooxygen compounds	0.986	Alcohols and polyols	0.794	Primary alcohols	0.719	Primary alcohols	0.719	Organic compounds; Alcohols and polyols; Primary alcohols; Organooxygen compounds; Hydrocarbon derivatives; Organic oxygen compounds; Chemical entities	343.338	585	9.754	816700983654630217	816699149162173261	816699149162173260	2903	
1	C16H36NO6	[M + K]+	C16H36KNO6+	Fatty acids	0.981	Fatty amides	0.398	N-acyl amines	0.250	Lipids and lipid-like molecules	0.870	Fatty Acyls	0.838					Fatty Acyls	0.838	Organic compounds; Lipids and lipid-like molecules; Alcohols and polyols; Organic acids and derivatives; Carboxylic acids and derivatives; Organonitrogen compounds; Organooxygen compounds; Carboxylic acid derivatives; Secondary alcohols; Carbonyl compounds; Fatty Acyls; Organic oxides; Hydrocarbon derivatives; Organopnictogen compounds; Organic oxygen compounds; Organic nitrogen compounds; Chemical entities	377.218	585	9.755	816700992177458327	816699149241865042	816699149241865041	2904	
1	C18H27FO5	[M + H]+	C18H28FO5+	Terpenoids	0.765	Sesquiterpenoids	0.436	Caryolane sesquiterpenoids	0.062	Organohalogen compounds	0.999	Aryl halides	0.516	Aryl fluorides	0.687			Aryl fluorides	0.687	Organic compounds; Lipids and lipid-like molecules; Alcohols and polyols; Organic acids and derivatives; Carboxylic acids and derivatives; Organohalogen compounds; Organooxygen compounds; Aryl fluorides; Carboxylic acid derivatives; Carboxylic acid esters; Organofluorides; Carbonyl compounds; Aryl halides; Organic oxides; Hydrocarbon derivatives; Organic oxygen compounds; Chemical entities	343.191	585	9.755	816700991128881900	816699149317362520	816699149317362519	2905	
1	C24H50NO7P	[M + Na]+	C24H50NNaO7P+	Fatty acids	0.999	Glycerophospholipids	1.000	Glycerophosphocholines	0.998	Lipids and lipid-like molecules	0.978	Glycerophospholipids	0.998	Glycerophosphocholines	0.995	Lysophosphatidylcholines	0.968	1-acyl-sn-glycero-3-phosphocholines	0.958	Organic compounds; Lipids and lipid-like molecules; Alcohols and polyols; Glycerophospholipids; Organic acids and derivatives; Carboxylic acids and derivatives; Organonitrogen compounds; Organooxygen compounds; Fatty acid esters; Organic phosphoric acids and derivatives; Phosphate esters; Quaternary ammonium salts; Cholines; Carboxylic acid derivatives; Monocarboxylic acids and derivatives; Carboxylic acid esters; Phosphocholines; Lysophosphatidylcholines; 1-acyl-sn-glycero-3-phosphocholines; Secondary alcohols; Carbonyl compounds; Glycerophosphocholines; Amines; Alkyl phosphates; Dialkyl phosphates; Organic cations; Organic salts; Fatty Acyls; Organic oxides; Hydrocarbon derivatives; Tetraalkylammonium salts; Organopnictogen compounds; Organic oxygen compounds; Organic nitrogen compounds; Chemical entities	518.320	585	9.757	816700983717544812	816699149397054302	816699149392859997	2906	
1	C19H39O7P	[M + Na]+	C19H39NaO7P+	Fatty acids	1.000	Glycerophospholipids	1.000	Glycerophosphates	0.986	Lipids and lipid-like molecules	0.994	Glycerophospholipids	0.997	Glycerophosphates	0.966	Monoacylglycerophosphates	0.939	1-acylglycerol-3-phosphates	0.936	Organic compounds; Lipids and lipid-like molecules; Alcohols and polyols; Glycerophospholipids; Organic acids and derivatives; Carboxylic acids and derivatives; Organooxygen compounds; Fatty acid esters; Organic phosphoric acids and derivatives; Phosphate esters; Carboxylic acid derivatives; Monocarboxylic acids and derivatives; Carboxylic acid esters; Lysophosphatidic acids; Secondary alcohols; Monoacylglycerophosphates; 1-acylglycerol-3-phosphates; Carbonyl compounds; Glycerophosphates; Alkyl phosphates; Monoalkyl phosphates; Fatty Acyls; Organic oxides; Hydrocarbon derivatives; Organic oxygen compounds; Chemical entities	433.233	585	9.758	816700993167314419	816699149468357475	816699149468357474	2910	
1	C24H50NO7P	[M + H]+	C24H51NO7P+	Fatty acids	0.998	Glycerophospholipids	1.000	Glycerophosphocholines	0.998	Lipids and lipid-like molecules	0.969	Glycerophospholipids	0.995	Glycerophosphocholines	0.990	Lysophosphatidylcholines	0.944	1-acyl-sn-glycero-3-phosphocholines	0.943	Organic compounds; Lipids and lipid-like molecules; Alcohols and polyols; Glycerophospholipids; Organic acids and derivatives; Carboxylic acids and derivatives; Organonitrogen compounds; Organooxygen compounds; Fatty acid esters; Organic phosphoric acids and derivatives; Phosphate esters; Quaternary ammonium salts; Cholines; Carboxylic acid derivatives; Monocarboxylic acids and derivatives; Carboxylic acid esters; Phosphocholines; Lysophosphatidylcholines; 1-acyl-sn-glycero-3-phosphocholines; Secondary alcohols; Carbonyl compounds; Glycerophosphocholines; Amines; Alkyl phosphates; Dialkyl phosphates; Organic cations; Organic salts; Fatty Acyls; Organic oxides; Hydrocarbon derivatives; Tetraalkylammonium salts; Organopnictogen compounds; Organic oxygen compounds; Organic nitrogen compounds; Chemical entities	496.338	586	9.763	816700988771682530	816699150122668910	816699150122668909	2915	
1	C31H54O3	[M + H]+	C31H55O3+	Terpenoids	0.715	Steroids	0.235	Catechols with side chains	0.101	Benzenoids	0.992	Benzene and substituted derivatives	0.967	Phenylpropanes	0.557			Phenylpropanes	0.557	Organic compounds; Lipids and lipid-like molecules; Phenols; Organic acids and derivatives; Carboxylic acids and derivatives; Organooxygen compounds; Fatty acid esters; Carboxylic acid derivatives; Monocarboxylic acids and derivatives; Carboxylic acid esters; Carbonyl compounds; Benzene and substituted derivatives; Benzenoids; Phenylpropanes; Fatty Acyls; Organic oxides; Hydrocarbon derivatives; Organic oxygen compounds; Chemical entities	475.413	588	9.808	816700990210329187	816699150747620247	816699150747620246	2921	
1	C19H34O5	[M + K]+	C19H34KO5+	Polyketides	0.472	Cyclic polyketides	0.192	Macrolide lactones	0.488	Lipids and lipid-like molecules	0.504							Lipids and lipid-like molecules	0.504	Organic compounds; Organoheterocyclic compounds; Lipids and lipid-like molecules; Organic acids and derivatives; Carboxylic acids and derivatives; Organooxygen compounds; Carboxylic acid derivatives; Carboxylic acid esters; Carbonyl compounds; Organic oxides; Oxacyclic compounds; Hydrocarbon derivatives; Organic oxygen compounds; Chemical entities	381.205	588	9.808	816700993850986082	816699150672122770	816699150667928465	2930	
1	C36H73NO3	[M + H]+	C36H74NO3+	Fatty acids	1.000	Spingolipids	0.954	Ceramides	0.932	Lipids and lipid-like molecules	0.994	Sphingolipids	0.505	Ceramides	0.705			Ceramides	0.705	Organic compounds; Lipids and lipid-like molecules; Alcohols and polyols; Sphingolipids; Organic acids and derivatives; Carboxylic acids and derivatives; Organonitrogen compounds; Primary alcohols; Organooxygen compounds; Fatty amides; Carboxylic acid amides; Carboxylic acid derivatives; N-acyl amines; Ceramides; Secondary carboxylic acid amides; Carbonyl compounds; Fatty Acyls; Organic oxides; Hydrocarbon derivatives; Organopnictogen compounds; Organic oxygen compounds; Organic nitrogen compounds; Chemical entities	568.572	590	9.830	816700991422483322	816699150844089244	816699150844089243	2935	
1	C18H37NO	[M + H]+	C18H38NO+	Fatty acids	1.000	Fatty amides	0.999	Primary amides	1.000	Lipids and lipid-like molecules	0.909	Fatty Acyls	0.917	Fatty amides	0.921			Fatty amides	0.921	Organic compounds; Lipids and lipid-like molecules; Organic acids and derivatives; Carboxylic acids and derivatives; Organonitrogen compounds; Organooxygen compounds; Fatty amides; Carboxylic acid amides; Carboxylic acid derivatives; Primary carboxylic acid amides; Carbonyl compounds; Fatty Acyls; Organic oxides; Hydrocarbon derivatives; Organopnictogen compounds; Organic oxygen compounds; Organic nitrogen compounds; Chemical entities	284.292	591	9.850	816700991971937369	816699151137690547	816699151137690546	2943	
1	C21H42O4	[M + Na]+	C21H42NaO4+	Polyketides	0.440	Cyclic polyketides	0.311	Open-chain polyketides	0.373	Lipids and lipid-like molecules	0.621							Lipids and lipid-like molecules	0.621	Organic compounds; Lipids and lipid-like molecules; Alcohols and polyols; Organic acids and derivatives; Carboxylic acids and derivatives; Organooxygen compounds; Carbonyl compounds; Organic oxides; Hydrocarbon derivatives; Organic oxygen compounds; Chemical entities	381.296	591	9.853	816700996367569465	816699151267713981	816699151263519676	2945	
1	C36H62O4	[M + H]+	C36H63O4+	Fatty acids	0.861	Glycerolipids	0.600	Diacylglycerols	0.183	Lipids and lipid-like molecules	0.988	Fatty Acyls	0.852					Fatty Acyls	0.852	Organic compounds; Lipids and lipid-like molecules; Alcohols and polyols; Organic acids and derivatives; Carboxylic acids and derivatives; Organooxygen compounds; Carboxylic acid derivatives; Monocarboxylic acids and derivatives; Carboxylic acid esters; Secondary alcohols; Carbonyl compounds; Fatty Acyls; Organic oxides; Hydrocarbon derivatives; Organic oxygen compounds; Chemical entities	559.470	591	9.855	816700998359864690	816699151347405762	816699151343211457	2948	
1	C21H42O4	[M + H]+	C21H43O4+	Fatty acids	0.992	Fatty acyls	0.799	Fatty alcohols	0.917	Lipids and lipid-like molecules	0.978	Fatty Acyls	0.968	Fatty alcohol esters	0.626			Fatty alcohol esters	0.626	Organic compounds; Lipids and lipid-like molecules; Alcohols and polyols; Glycerolipids; Organic acids and derivatives; Carboxylic acids and derivatives; Primary alcohols; Organooxygen compounds; Fatty acid esters; Carboxylic acid derivatives; Monoacylglycerols; Monocarboxylic acids and derivatives; Carboxylic acid esters; Fatty alcohols; Secondary alcohols; Fatty alcohol esters; Carbonyl compounds; Monoradylglycerols; Fatty Acyls; Organic oxides; Hydrocarbon derivatives; Organic oxygen compounds; Chemical entities	359.314	591	9.856	816700996279488995	816699151443874759	816699151443874758	2949	
1	C16H32O3	[M + Na]+	C16H32NaO3+	Fatty acids	0.861	Fatty Acids and Conjugates	0.300	Fatty alcohols	0.216	Lipids and lipid-like molecules	0.842	Fatty Acyls	0.801					Fatty Acyls	0.801	Organic compounds; Lipids and lipid-like molecules; Alcohols and polyols; Organic acids and derivatives; Carboxylic acids and derivatives; Organooxygen compounds; Monocarboxylic acids and derivatives; Carbonyl compounds; Fatty Acyls; Organic oxides; Hydrocarbon derivatives; Organic oxygen compounds; Chemical entities	295.222	592	9.865	816701015069973592	816699151674561494	816699151674561493	2965	
1	C18H28O2	[M + H]+	C18H29O2+	Terpenoids	0.621	Diterpenoids	0.321	Unsaturated fatty acids	0.085	Lipids and lipid-like molecules	0.860	Fatty Acyls	0.543					Fatty Acyls	0.543	Organic compounds; Lipids and lipid-like molecules; Organooxygen compounds; Monocarboxylic acids and derivatives; Carboxylic acids; Carbonyl compounds; Fatty Acyls; Organic oxides; Hydrocarbon derivatives; Organic oxygen compounds; Chemical entities	277.215	592	9.866	816700998783489503	816699151745864667	816699151745864666	2954	
1	C34H67NO	[M + H]+	C34H68NO+	Fatty acids	0.999	Fatty amides	0.990	Primary amides	0.485	Lipids and lipid-like molecules	0.964	Fatty Acyls	0.942	Fatty amides	0.962	N-acyl amines	0.855	N-acyl amines	0.855	Organic compounds; Lipids and lipid-like molecules; Organic acids and derivatives; Carboxylic acids and derivatives; Organonitrogen compounds; Organooxygen compounds; Fatty amides; Carboxylic acid amides; Carboxylic acid derivatives; N-acyl amines; Secondary carboxylic acid amides; Carbonyl compounds; Fatty Acyls; Organic oxides; Hydrocarbon derivatives; Organopnictogen compounds; Organic oxygen compounds; Organic nitrogen compounds; Chemical entities	506.528	592	9.874	816700998179509521	816699151917831142	816699151917831141	2957	
1	C35H68O5	[M + Na]+	C35H68NaO5+	Fatty acids	1.000	Glycerolipids	1.000	Diacylglycerols	1.000	Lipids and lipid-like molecules	0.993	Glycerolipids	0.996	Diradylglycerols	0.992	Diacylglycerols	0.996	1,2-diacylglycerols	0.985	Organic compounds; Lipids and lipid-like molecules; Alcohols and polyols; Glycerolipids; Organic acids and derivatives; Carboxylic acids and derivatives; Primary alcohols; Organooxygen compounds; Fatty acid esters; Dicarboxylic acids and derivatives; Carboxylic acid derivatives; Diacylglycerols; Carboxylic acid esters; 1,2-diacylglycerols; Carbonyl compounds; Diradylglycerols; Fatty Acyls; Organic oxides; Hydrocarbon derivatives; Organic oxygen compounds; Chemical entities	591.497	593	9.886	816700997000909527	816699152022688747	816699152022688746	2960	
1	C17H35N2O	[M + H]+	C17H36N2O+	Fatty acids	0.999	Fatty amides	0.998	Primary amides	0.951	Lipids and lipid-like molecules	0.911	Fatty Acyls	0.899	Fatty amides	0.926	N-acyl amines	0.755	N-acyl amines	0.755	Organic compounds; Lipids and lipid-like molecules; Organic acids and derivatives; Carboxylic acids and derivatives; Organonitrogen compounds; Organooxygen compounds; Fatty amides; Carboxylic acid amides; Carboxylic acid derivatives; N-acyl amines; Secondary carboxylic acid amides; Carbonyl compounds; Fatty Acyls; Organic oxides; Hydrocarbon derivatives; Organopnictogen compounds; Organic oxygen compounds; Organic nitrogen compounds; Chemical entities	284.283	593	9.888	816701000155027154	816699152207238134	816699152203043829	3021	
1	C36H64O5	[M + H3N + H]+	C36H68NO5+	Fatty acids	0.997	Fatty esters	0.955	Fatty acid estolides	0.984	Lipids and lipid-like molecules	0.998	Fatty Acyls	0.989	Fatty acids and conjugates	0.418	Long-chain fatty acids	0.602	Long-chain fatty acids	0.602	Organic compounds; Lipids and lipid-like molecules; Organic acids and derivatives; Carboxylic acids and derivatives; Organooxygen compounds; Fatty acid esters; Dicarboxylic acids and derivatives; Carboxylic acid derivatives; Carboxylic acids; Carboxylic acid esters; Carbonyl compounds; Long-chain fatty acids; Fatty Acyls; Organic oxides; Hydrocarbon derivatives; Organic oxygen compounds; Chemical entities	594.507	594	9.893	816700998645077445	816699152295318523	816699152295318522	2964	
1	C27H52N4O9	[M + Na]+	C27H52N4NaO9+	Amino acids and Peptides	0.774	Oligopeptides	0.800	Lipopeptides	0.411	Organic acids and derivatives	0.997	Carboxylic acids and derivatives	0.986	Amino acids, peptides, and analogues	0.676	Amino acids and derivatives	0.649	N-acyl-alpha amino acids and derivatives	0.504	Organic compounds; Lipids and lipid-like molecules; Amino acids, peptides, and analogues; Alpha amino acids and derivatives; Alcohols and polyols; Organic acids and derivatives; Carboxylic acids and derivatives; Organonitrogen compounds; Organooxygen compounds; Fatty amides; Amino acids and derivatives; Carboxylic acid amides; Carboxylic acid derivatives; N-acyl amines; Monocarboxylic acids and derivatives; N-acyl-alpha amino acids and derivatives; Carboxylic acids; Secondary alcohols; Primary carboxylic acid amides; Secondary carboxylic acid amides; Carbonyl compounds; Fatty Acyls; Organic oxides; Hydrocarbon derivatives; Organopnictogen compounds; Organic oxygen compounds; Organic nitrogen compounds; Chemical entities	599.362	594	9.898	816701017070657186	816699152362427393	816699152362427392	2970	
1	C31H46O10	[M + K]+	C31H46KO10+	Terpenoids	0.813	Triterpenoids	0.373	Cucurbitane triterpenoids	0.091	Lipids and lipid-like molecules	0.950	Steroids and steroid derivatives	0.502					Steroids and steroid derivatives	0.502	Organic compounds; Organoheterocyclic compounds; Carbohydrates and carbohydrate conjugates; Lipids and lipid-like molecules; Alcohols and polyols; Ethers; Steroids and steroid derivatives; Prenol lipids; Primary alcohols; Organooxygen compounds; Cyclic alcohols and derivatives; Hexoses; Monosaccharides; Acetals; Secondary alcohols; Oxanes; Terpene glycosides; Glycosyl compounds; O-glycosyl compounds; Polyols; Organic oxides; Oxacyclic compounds; Hydrocarbon derivatives; Organic oxygen compounds; Chemical entities	617.268	594	9.905	816701077581890201	816699152534393872	816699152534393871	2975	
1	C36H64O5	[M + Na]+	C36H64NaO5+	Fatty acids	0.986	Glycerolipids	0.979	Diacylglycerols	0.899	Lipids and lipid-like molecules	0.997	Glycerolipids	0.650	Diradylglycerols	0.408	Diacylglycerols	0.552	1,2-diacylglycerols	0.648	Organic compounds; Lipids and lipid-like molecules; Alcohols and polyols; Glycerolipids; Organic acids and derivatives; Carboxylic acids and derivatives; Organooxygen compounds; Fatty acid esters; Dicarboxylic acids and derivatives; Carboxylic acid derivatives; Diacylglycerols; Carboxylic acid esters; 1,2-diacylglycerols; Secondary alcohols; Carbonyl compounds; Fatty Acyls; Organic oxides; Hydrocarbon derivatives; Organic oxygen compounds; Chemical entities	599.463	595	9.911	816701000704481073	816699152597308437	816699152593114132	2990	
1	C33H64BN3O4	[M + H]+	C33H65BN3O4+	Amino acids and Peptides	0.275	Oligopeptides	0.791	Open-chain polyketides	0.228	Lipids and lipid-like molecules	0.734	Fatty Acyls	0.610	Fatty amides	0.580	N-acyl amines	0.563	N-acyl amines	0.563	Organic compounds; Organoheterocyclic compounds; Lipids and lipid-like molecules; Organic acids and derivatives; Carboxylic acids and derivatives; Organonitrogen compounds; Organooxygen compounds; Fatty amides; Organometallic compounds; Carboxylic acid amides; Boronic acid derivatives; Carboxylic acid derivatives; N-acyl amines; Organometalloid compounds; Secondary carboxylic acid amides; Carbonyl compounds; Organoboron compounds; Organic salts; Fatty Acyls; Organic oxides; Organic metalloid salts; Organic metal salts; Azacyclic compounds; Hydrocarbon derivatives; Organopnictogen compounds; Alkylboranes; Monoalkylboranes; Organic oxygen compounds; Organic nitrogen compounds; Chemical entities	577.505	595	9.916	816701015640399055	816699152756692001	816699152756692000	2974	
1	C34H40O8	[M + H]+	C34H41O8+	Polyketides	0.785	Macrolides	0.128	Angucyclines	0.119	Benzenoids	0.809	Phenols	0.564					Phenols	0.564	Organic compounds; Organoheterocyclic compounds; Lipids and lipid-like molecules; Alcohols and polyols; Phenols; Ethers; Organic acids and derivatives; Carboxylic acids and derivatives; Organooxygen compounds; Carboxylic acid derivatives; Carboxylic acid esters; Carbonyl compounds; Benzenoids; Fatty Acyls; Organic oxides; Oxacyclic compounds; Hydrocarbon derivatives; Organic oxygen compounds; Chemical entities	577.275	595	9.922	816701092131931178	816699152836383782	816699152836383781	2985	
1	C21H46OSi	[M + H]+	C21H47OSi+	Fatty acids	0.994	Fatty acyls	0.987	Fatty alcohols	0.976	Lipids and lipid-like molecules	0.533	Fatty Acyls	0.552	Fatty alcohols	0.522			Fatty alcohols	0.522	Organic compounds; Lipids and lipid-like molecules; Alcohols and polyols; Primary alcohols; Organooxygen compounds; Fatty alcohols; Fatty Acyls; Hydrocarbon derivatives; Organic oxygen compounds; Chemical entities	343.338	595	9.924	816701002323482617	816699152916075563	816699152916075562	2994	
1	C31H54O3	[M + H]+	C31H55O3+	Terpenoids	0.361	Sesquiterpenoids	0.126	Catechols with side chains	0.117	Benzenoids	0.998	Benzene and substituted derivatives	0.984	Phenylpropanes	0.565			Phenylpropanes	0.565	Organic compounds; Lipids and lipid-like molecules; Organic acids and derivatives; Carboxylic acids and derivatives; Organooxygen compounds; Fatty acid esters; Carboxylic acid derivatives; Monocarboxylic acids and derivatives; Carboxylic acid esters; Carbonyl compounds; Benzene and substituted derivatives; Benzenoids; Phenylpropanes; Fatty Acyls; Organic oxides; Hydrocarbon derivatives; Organic oxygen compounds; Phenoxy compounds; Chemical entities	475.413	596	9.930	816701005821532392	816699152995767345	816699152991573040	3000	
1	C25H48O3	[M + Na]+	C25H48NaO3+	Fatty acids	0.910	Fatty esters	0.660	Wax monoesters	0.338	Lipids and lipid-like molecules	0.934	Fatty Acyls	0.812	Fatty acid esters	0.663			Fatty acid esters	0.663	Organic compounds; Lipids and lipid-like molecules; Organic acids and derivatives; Carboxylic acids and derivatives; Organooxygen compounds; Fatty acid esters; Carboxylic acid derivatives; Monocarboxylic acids and derivatives; Carboxylic acid esters; Carbonyl compounds; Fatty Acyls; Organic oxides; Hydrocarbon derivatives; Organic oxygen compounds; Chemical entities	419.350	596	9.939	816701005410490562	816699153075459126	816699153075459125	3018	
1	C30H48	[M + H]+	C30H49+	Terpenoids	0.999	Triterpenoids	0.959	Taraxerane triterpenoids	0.182	Lipids and lipid-like molecules	0.987	Prenol lipids	0.944	Triterpenoids	0.642			Triterpenoids	0.642	Organic compounds; Lipids and lipid-like molecules; Prenol lipids; Triterpenoids; Hydrocarbons; Olefins; Cyclic olefins; Polycyclic hydrocarbons; Unsaturated hydrocarbons; Unsaturated aliphatic hydrocarbons; Branched unsaturated hydrocarbons; Chemical entities	409.381	596	9.940	816701011458677455	816699153155150907	816699153155150906	3005	
1	C24H39FSi	[M + H]+	C24H40FSi+	Terpenoids	0.994	Diterpenoids	0.498	Laurane sesquiterpenoids	0.030	Benzenoids	0.683	Benzene and substituted derivatives	0.621	Halobenzenes	0.481	Fluorobenzenes	0.686	Fluorobenzenes	0.686	Organic compounds; Lipids and lipid-like molecules; Prenol lipids; Organohalogen compounds; Alkyl chlorides; Aryl fluorides; Fluorobenzenes; Organofluorides; Benzene and substituted derivatives; Benzenoids; Alkyl halides; Hydrocarbon derivatives; Hydrofluorocarbons; Chemical entities	375.285	597	9.944	816701018039541753	816699153419392081	816699153415197776	3012	
1	C36H58N2O6	[M + H]+	C36H59N2O6+	Amino acids and Peptides	0.508	Oligopeptides	0.325	Open-chain polyketides	0.232	Organic acids and derivatives	0.985	Carboxylic acids and derivatives	0.967	Amino acids, peptides, and analogues	0.604	Amino acids and derivatives	0.592	Amino acids and derivatives	0.592	Organic compounds; Organoheterocyclic compounds; Lipids and lipid-like molecules; Amino acids, peptides, and analogues; Alcohols and polyols; Organic acids and derivatives; Carboxylic acids and derivatives; Organonitrogen compounds; Organooxygen compounds; Amino acids and derivatives; Carboxylic acid amides; Carboxylic acid derivatives; Carboxylic acid esters; Secondary alcohols; Tertiary carboxylic acid amides; Carbonyl compounds; Fatty Acyls; Organic oxides; Azacyclic compounds; Hydrocarbon derivatives; Organopnictogen compounds; Organic oxygen compounds; Organic nitrogen compounds; Chemical entities	615.432	597	9.950	816701022175130859	816699153654273121	816699153650078816	2998	
1	C16H32	[M + Na]+	C16H32Na+	Fatty acids	0.681	Fatty acyls	0.848	Hydrocarbons	0.800	Hydrocarbons	0.996	Saturated hydrocarbons	0.813					Saturated hydrocarbons	0.813	Organic compounds; Hydrocarbons; Saturated hydrocarbons; Chemical entities	247.241	597	9.957	816701020040225280	816699153784296555	816699153784296554	3030	
1	C18H34O2	[M + H]+	C18H35O2+	Fatty acids	0.999	Fatty esters	0.992	Wax monoesters	0.977	Lipids and lipid-like molecules	0.973	Fatty Acyls	0.975	Fatty acid esters	0.896			Fatty acid esters	0.896	Organic compounds; Lipids and lipid-like molecules; Organic acids and derivatives; Carboxylic acids and derivatives; Organooxygen compounds; Fatty acid esters; Carboxylic acid derivatives; Monocarboxylic acids and derivatives; Carboxylic acid esters; Carbonyl compounds; Fatty Acyls; Organic oxides; Hydrocarbon derivatives; Organic oxygen compounds; Chemical entities	283.262	597	9.958	816701022170936548	816699154019177600	816699154019177599	3031	
1	C18H33FN2	[M + H]+	C18H34FN2+	Alkaloids	0.807	Monoterpenoids	0.199	Quinolizidine alkaloids	0.039	Organoheterocyclic compounds	0.798	Diazinanes	0.718	Piperazines	0.729	N-alkylpiperazines	0.597	N-alkylpiperazines	0.597	Organic compounds; Organoheterocyclic compounds; Piperazines; Organohalogen compounds; Organonitrogen compounds; Organofluorides; Trialkylamines; Diazinanes; Amines; Tertiary amines; N-alkylpiperazines; Azacyclic compounds; Hydrocarbon derivatives; Organopnictogen compounds; Organic nitrogen compounds; Chemical entities	297.269	597	9.958	816701037119436970	816699154086286469	816699154086286468	3032	
1	C29H46	[M + H]+	C29H47+	Terpenoids	0.992	Steroids	0.373	Ergostane steroids	0.208	Lipids and lipid-like molecules	0.984	Steroids and steroid derivatives	0.609					Steroids and steroid derivatives	0.609	Organic compounds; Lipids and lipid-like molecules; Steroids and steroid derivatives; Prenol lipids; Hydrocarbons; Olefins; Cyclic olefins; Polycyclic hydrocarbons; Unsaturated hydrocarbons; Unsaturated aliphatic hydrocarbons; Branched unsaturated hydrocarbons; Chemical entities	395.366	598	9.959	816701037765359836	816699154157589642	816699154153395337	3034	
1	C18H32O	[M + H]+	C18H33O+	Fatty acids	0.983	Fatty acyls	0.818	Fatty alcohols	0.320	Lipids and lipid-like molecules	0.782	Fatty Acyls	0.712					Fatty Acyls	0.712	Organic compounds; Lipids and lipid-like molecules; Organooxygen compounds; Carbonyl compounds; Fatty Acyls; Organic oxides; Hydrocarbon derivatives; Organic oxygen compounds; Chemical entities	265.251	598	9.960	816701037081688215	816699154237281423	816699154233087118	3037	
1	C26H52NO7P	[M + Na]+	C26H52NNaO7P+	Fatty acids	1.000	Glycerophospholipids	1.000	Glycerophosphocholines	0.999	Lipids and lipid-like molecules	0.987	Glycerophospholipids	0.999	Glycerophosphocholines	0.997	Lysophosphatidylcholines	0.982	1-acyl-sn-glycero-3-phosphocholines	0.971	Organic compounds; Lipids and lipid-like molecules; Alcohols and polyols; Glycerophospholipids; Organic acids and derivatives; Carboxylic acids and derivatives; Organonitrogen compounds; Organooxygen compounds; Fatty acid esters; Organic phosphoric acids and derivatives; Phosphate esters; Quaternary ammonium salts; Cholines; Carboxylic acid derivatives; Monocarboxylic acids and derivatives; Carboxylic acid esters; Phosphocholines; Lysophosphatidylcholines; 1-acyl-sn-glycero-3-phosphocholines; Secondary alcohols; Carbonyl compounds; Glycerophosphocholines; Amines; Alkyl phosphates; Dialkyl phosphates; Organic cations; Organic salts; Fatty Acyls; Organic oxides; Hydrocarbon derivatives; Tetraalkylammonium salts; Organopnictogen compounds; Organic oxygen compounds; Organic nitrogen compounds; Chemical entities	544.336	598	9.967	816701036913916032	816699154337944725	816699154333750420	3042	
1	C22H36O	[M + H3N + H]+	C22H40NO+	Terpenoids	0.983	Diterpenoids	0.607	Beyerane diterpenoids	0.058	Lipids and lipid-like molecules	0.949	Prenol lipids	0.814	Diterpenoids	0.736			Diterpenoids	0.736	Organic compounds; Lipids and lipid-like molecules; Prenol lipids; Organooxygen compounds; Diterpenoids; Carbonyl compounds; Organic oxides; Hydrocarbon derivatives; Organic oxygen compounds; Chemical entities	334.309	599	9.975	816701035580127247	816699154434413722	816699154434413721	3050	
1	C27H48N4O6	[M + H]+	C27H49N4O6+	Fatty acids	0.998	Spingolipids	0.894	Sphingoid bases	0.057	Lipids and lipid-like molecules	0.940	Sphingolipids	0.653					Sphingolipids	0.653	Organic compounds; Lipids and lipid-like molecules; Alcohols and polyols; Sphingolipids; Organic acids and derivatives; Carboxylic acids and derivatives; Organonitrogen compounds; Organooxygen compounds; Fatty amides; Carboxylic acid amides; Carboxylic acid derivatives; N-acyl amines; Organic nitro compounds; Organic oxoazanium compounds; Secondary alcohols; Secondary carboxylic acid amides; Carbonyl compounds; Amines; Organic zwitterions; Organic 1,3-dipolar compounds; Allyl-type 1,3-dipolar organic compounds; Organic salts; Fatty Acyls; Organic oxides; C-nitro compounds; Hydrocarbon derivatives; Tetraalkylammonium salts; Organopnictogen compounds; Organic oxygen compounds; Organic nitrogen compounds; Chemical entities	525.363	599	9.977	816701063862320964	816699154627351716	816699154627351715	3044	
1	C26H52NO7P	[M + H]+	C26H53NO7P+	Fatty acids	1.000	Glycerophospholipids	1.000	Glycerophosphocholines	0.998	Lipids and lipid-like molecules	0.987	Glycerophospholipids	0.999	Glycerophosphocholines	0.998	Lysophosphatidylcholines	0.979	1-acyl-sn-glycero-3-phosphocholines	0.954	Organic compounds; Lipids and lipid-like molecules; Alcohols and polyols; Glycerophospholipids; Organic acids and derivatives; Carboxylic acids and derivatives; Organonitrogen compounds; Organooxygen compounds; Fatty acid esters; Organic phosphoric acids and derivatives; Phosphate esters; Quaternary ammonium salts; Cholines; Carboxylic acid derivatives; Monocarboxylic acids and derivatives; Carboxylic acid esters; Phosphocholines; Lysophosphatidylcholines; 1-acyl-sn-glycero-3-phosphocholines; Secondary alcohols; Carbonyl compounds; Glycerophosphocholines; Amines; Alkyl phosphates; Dialkyl phosphates; Organic cations; Organic salts; Fatty Acyls; Organic oxides; Hydrocarbon derivatives; Tetraalkylammonium salts; Organopnictogen compounds; Organic oxygen compounds; Organic nitrogen compounds; Chemical entities	522.354	599	9.977	816701060716592299	816699154715432105	816699154715432104	3053	
1	C23H41N5O6	[M + K]+	C23H41KN5O6+	Fatty acids	0.649	Fatty amides	0.362	Aminoglycosides	0.156	Organic acids and derivatives	0.627	Carboxylic acids and derivatives	0.508	Carboxylic acid derivatives	0.525	Carboxylic acid amides	0.476	Hydroxamic acids	0.746	Organic compounds; Alcohols and polyols; Organic acids and derivatives; Carboxylic acids and derivatives; Organonitrogen compounds; Organooxygen compounds; Hydroxamic acids; Carboxylic acid derivatives; Secondary alcohols; Primary carboxylic acid amides; Carbonyl compounds; Amines; Alkanolamines; Organic oxides; Hydrocarbon derivatives; Organopnictogen compounds; Organic oxygen compounds; Organic nitrogen compounds; Chemical entities	522.274	599	9.980	816701064420163677	816699154790929582	816699154790929581	3049	
1	C39H68O10	[M + H]+	C39H69O10+	Fatty acids	1.000	Glycerolipids	1.000	Diacylglycerols	0.904	Lipids and lipid-like molecules	0.990	Glycerolipids	0.999	Diradylglycerols	0.865	Diacylglycerols	0.643	1,2-diacylglycerols	0.650	Organic compounds; Lipids and lipid-like molecules; Alcohols and polyols; Glycerolipids; Ethers; Organic acids and derivatives; Carboxylic acids and derivatives; Primary alcohols; Organooxygen compounds; Fatty acid esters; Dicarboxylic acids and derivatives; Carboxylic acid derivatives; Diacylglycerols; Carboxylic acid esters; 1,2-diacylglycerols; Secondary alcohols; Carbonyl compounds; Polyols; Diradylglycerols; Fatty Acyls; Organic oxides; Hydrocarbon derivatives; Organic oxygen compounds; Chemical entities	697.488	599	9.982	816701066437624067	816699154866427059	816699154866427058	3057	
1	C29H48O	[M + H]+	C29H49O+	Terpenoids	0.999	Steroids	0.995	Cholestane steroids	0.393	Lipids and lipid-like molecules	0.995	Steroids and steroid derivatives	0.971					Steroids and steroid derivatives	0.971	Organic compounds; Lipids and lipid-like molecules; Alcohols and polyols; Steroids and steroid derivatives; Prenol lipids; Organooxygen compounds; Cyclic alcohols and derivatives; Secondary alcohols; Hydrocarbon derivatives; Organic oxygen compounds; Chemical entities	413.376	600	9.998	816701118006593765	816699154941924536	816699154941924535	3064	
1	C38H71NO3	[M + H]+	C38H72NO3+	Fatty acids	1.000	Spingolipids	1.000	Ceramides	1.000	Lipids and lipid-like molecules	0.994	Sphingolipids	0.990	Ceramides	0.996	Long-chain ceramides	0.829	Long-chain ceramides	0.829	Organic compounds; Lipids and lipid-like molecules; Alcohols and polyols; Sphingolipids; Organic acids and derivatives; Carboxylic acids and derivatives; Organonitrogen compounds; Primary alcohols; Organooxygen compounds; Fatty amides; Carboxylic acid amides; Carboxylic acid derivatives; N-acyl amines; Ceramides; Secondary alcohols; Secondary carboxylic acid amides; Long-chain ceramides; Carbonyl compounds; Fatty Acyls; Organic oxides; Hydrocarbon derivatives; Organopnictogen compounds; Organic oxygen compounds; Organic nitrogen compounds; Chemical entities	590.549	600	10.006	816701074410996130	816699155013227710	816699155013227709	3086	
1	C21H42O4	[M + H]+	C21H43O4+	Fatty acids	0.998	Glycerolipids	0.998	Monoacylglycerols	0.998	Lipids and lipid-like molecules	0.993	Glycerolipids	0.991	Monoradylglycerols	0.982	Monoacylglycerols	0.872	1-monoacylglycerols	0.758	Organic compounds; Lipids and lipid-like molecules; Alcohols and polyols; Glycerolipids; Organic acids and derivatives; Carboxylic acids and derivatives; Primary alcohols; Organooxygen compounds; Fatty acid esters; Carboxylic acid derivatives; Monoacylglycerols; Monocarboxylic acids and derivatives; Carboxylic acid esters; 1-monoacylglycerols; Secondary alcohols; Carbonyl compounds; Polyols; 1,2-diols; Monoradylglycerols; Fatty Acyls; Organic oxides; Hydrocarbon derivatives; Organic oxygen compounds; Chemical entities	359.314	601	10.014	816701091506979826	816699155126473928	816699155122279623	3077	
1	C44H83NO8	[M + O + H]+	C44H84NO9+	Fatty acids	1.000	Spingolipids	1.000	Neutral glycosphingolipids	1.000	Lipids and lipid-like molecules	0.997	Sphingolipids	0.980	Glycosphingolipids	0.983	Neutral glycosphingolipids	0.826	Glycosyl-N-acylsphingosines	0.802	Organic compounds; Organoheterocyclic compounds; Carbohydrates and carbohydrate conjugates; Lipids and lipid-like molecules; Alcohols and polyols; Ethers; Sphingolipids; Organic acids and derivatives; Carboxylic acids and derivatives; Organonitrogen compounds; Primary alcohols; Organooxygen compounds; Fatty amides; Carboxylic acid amides; Carboxylic acid derivatives; N-acyl amines; Neutral glycosphingolipids; Simple glycosylceramides; Hexoses; Monosaccharides; Acetals; Secondary alcohols; Secondary carboxylic acid amides; Fatty acyl glycosides; Carbonyl compounds; Oxanes; Glycosyl compounds; Alkyl glycosides; O-glycosyl compounds; Polyols; Glycosphingolipids; Fatty acyl glycosides of mono- and disaccharides; Fatty Acyls; Organic oxides; Oxacyclic compounds; Hydrocarbon derivatives; Glycosyl-N-acylsphingosines; Organopnictogen compounds; Organic oxygen compounds; Organic nitrogen compounds; Chemical entities	770.612	601	10.014	816701090227716990	816699155193582797	816699155193582796	3078	
1	C21H42O4	[M + K]+	C21H42KO4+	Terpenoids	0.519	Diterpenoids	0.520	Monoacylglycerols	0.312	Lipids and lipid-like molecules	0.956	Fatty Acyls	0.737	Fatty acid esters	0.516			Fatty acid esters	0.516	Organic compounds; Lipids and lipid-like molecules; Alcohols and polyols; Organic acids and derivatives; Carboxylic acids and derivatives; Organooxygen compounds; Fatty acid esters; Carboxylic acid derivatives; Monocarboxylic acids and derivatives; Carboxylic acid esters; Secondary alcohols; Carbonyl compounds; Fatty Acyls; Organic oxides; Hydrocarbon derivatives; Organic oxygen compounds; Chemical entities	397.270	601	10.015	816701092362617972	816699155365549271	816699155365549270	3080	
1	C21H42O4	[M - H2O + H]+	C21H41O3+	Fatty acids	0.999	Glycerolipids	0.998	Monoacylglycerols	0.998	Lipids and lipid-like molecules	0.997	Glycerolipids	0.992	Monoradylglycerols	0.980	Monoacylglycerols	0.953	1-monoacylglycerols	0.867	Organic compounds; Lipids and lipid-like molecules; Alcohols and polyols; Glycerolipids; Organic acids and derivatives; Carboxylic acids and derivatives; Primary alcohols; Organooxygen compounds; Fatty acid esters; Carboxylic acid derivatives; Monoacylglycerols; Monocarboxylic acids and derivatives; Carboxylic acid esters; 1-monoacylglycerols; Secondary alcohols; Carbonyl compounds; Polyols; 1,2-diols; Monoradylglycerols; Fatty Acyls; Organic oxides; Hydrocarbon derivatives; Organic oxygen compounds; Chemical entities	341.304	601	10.015	816701120397347498	816699155466212572	816699155466212571	3081	
1	C21H42O4	[M + Na]+	C21H42NaO4+	Fatty acids	1.000	Glycerolipids	1.000	Monoacylglycerols	0.999	Lipids and lipid-like molecules	0.997	Glycerolipids	0.997	Monoradylglycerols	0.982	Monoacylglycerols	0.779	1-monoacylglycerols	0.550	Organic compounds; Lipids and lipid-like molecules; Alcohols and polyols; Glycerolipids; Ethers; Organic acids and derivatives; Carboxylic acids and derivatives; Primary alcohols; Organooxygen compounds; Fatty acid esters; Carboxylic acid derivatives; Monoacylglycerols; Monocarboxylic acids and derivatives; Dialkyl ethers; Carboxylic acid esters; 1-monoacylglycerols; Secondary alcohols; Carbonyl compounds; Polyols; Glycerol ethers; 1,2-diols; Monoalkylglycerols; Monoradylglycerols; Fatty Acyls; Organic oxides; Hydrocarbon derivatives; Organic oxygen compounds; Chemical entities	381.296	601	10.017	816701102961624460	816699155562681569	816699155562681568	3087	
1	C44H81NO8	[M + H]+	C44H82NO8+	Fatty acids	1.000	Spingolipids	1.000	Neutral glycosphingolipids	1.000	Lipids and lipid-like molecules	0.997	Sphingolipids	0.985	Glycosphingolipids	0.986	Neutral glycosphingolipids	0.799	Glycosyl-N-acylsphingosines	0.768	Organic compounds; Organoheterocyclic compounds; Carbohydrates and carbohydrate conjugates; Lipids and lipid-like molecules; Alcohols and polyols; Ethers; Sphingolipids; Organic acids and derivatives; Carboxylic acids and derivatives; Organonitrogen compounds; Primary alcohols; Organooxygen compounds; Fatty amides; Carboxylic acid amides; Carboxylic acid derivatives; N-acyl amines; Neutral glycosphingolipids; Simple glycosylceramides; Hexoses; Monosaccharides; Acetals; Secondary alcohols; Secondary carboxylic acid amides; Fatty acyl glycosides; Carbonyl compounds; Oxanes; Glycosyl compounds; Alkyl glycosides; O-glycosyl compounds; Polyols; Glycosphingolipids; Fatty acyl glycosides of mono- and disaccharides; Fatty Acyls; Organic oxides; Oxacyclic compounds; Hydrocarbon derivatives; Glycosyl-N-acylsphingosines; Organopnictogen compounds; Organic oxygen compounds; Organic nitrogen compounds; Chemical entities	752.601	601	10.019	816701110305850944	816699155650761959	816699155650761958	3090	
1	C30H60O9	[M + H]+	C30H61O9+	Terpenoids	0.853	Steroids	0.813	Pregnane steroids	0.296	Lipids and lipid-like molecules	0.930	Steroids and steroid derivatives	0.797	Hydroxysteroids	0.745	11-hydroxysteroids	0.571	11-hydroxysteroids	0.571	Organic compounds; Lipids and lipid-like molecules; Ketones; Alcohols and polyols; Ethers; Steroids and steroid derivatives; Organic acids and derivatives; Carboxylic acids and derivatives; Organooxygen compounds; Carboxylic acid derivatives; Oxosteroids; Carboxylic acid esters; Cyclic alcohols and derivatives; Hydroxysteroids; Secondary alcohols; Tertiary alcohols; Carbonyl compounds; Polyols; 11-hydroxysteroids; Organic oxides; Hydrocarbon derivatives; Organic oxygen compounds; Chemical entities	565.428	601	10.020	816701119415880004	816699155814339826	816699155814339825	3094	
1	C36H64O4	[M + H]+	C36H65O4+	Fatty acids	1.000	Fatty esters	0.996	Fatty acid estolides	0.992	Lipids and lipid-like molecules	0.999	Fatty Acyls	0.995	Fatty acids and conjugates	0.431	Long-chain fatty acids	0.545	Long-chain fatty acids	0.545	Organic compounds; Lipids and lipid-like molecules; Organic acids and derivatives; Carboxylic acids and derivatives; Organooxygen compounds; Fatty acid esters; Dicarboxylic acids and derivatives; Carboxylic acid derivatives; Carboxylic acids; Carboxylic acid esters; Long-chain fatty acids; Fatty Acyls; Organic oxides; Hydrocarbon derivatives; Organic oxygen compounds; Chemical entities	561.487	601	10.022	816701139347214816	816699155881448695	816699155881448694	3105	
1	C33H56N4O3	[M + H]+	C33H57N4O3+	Alkaloids	0.656	Ornithine alkaloids	0.043	Steroidal alkaloids	0.028	Organic acids and derivatives	0.976	Carboxylic acids and derivatives	0.961	Amino acids, peptides, and analogues	0.816	Amino acids and derivatives	0.814	Alpha amino acids and derivatives	0.535	Organic compounds; Organoheterocyclic compounds; Lipids and lipid-like molecules; Amino acids, peptides, and analogues; Alpha amino acids and derivatives; Organic acids and derivatives; Carboxylic acids and derivatives; Organonitrogen compounds; Organooxygen compounds; Amino acids and derivatives; Azoles; Carboxylic acid amides; Carboxylic acid derivatives; Tertiary carboxylic acid amides; Carbonyl compounds; Trialkylamines; Amines; Tertiary amines; Organic oxides; Azacyclic compounds; Heteroaromatic compounds; Hydrocarbon derivatives; Organopnictogen compounds; Organic oxygen compounds; Organic nitrogen compounds; Chemical entities	557.444	601	10.022	816701128764984840	816699155961140476	816699155956946171	3096	
1	C39H78N2O5	[M + K]+	C39H78KN2O5+	Fatty acids	1.000	Spingolipids	0.959	Ceramides	0.853	Lipids and lipid-like molecules	0.983	Sphingolipids	0.675	Ceramides	0.694			Ceramides	0.694	Organic compounds; Lipids and lipid-like molecules; Alcohols and polyols; Sphingolipids; Organic acids and derivatives; Carboxylic acids and derivatives; Organonitrogen compounds; Primary alcohols; Organooxygen compounds; Fatty amides; Carboxylic acid amides; Carboxylic acid derivatives; N-acyl amines; Ceramides; Secondary alcohols; Secondary carboxylic acid amides; Carbonyl compounds; Fatty Acyls; Organic oxides; Hydrocarbon derivatives; Organopnictogen compounds; Organic oxygen compounds; Organic nitrogen compounds; Chemical entities	693.552	602	10.032	816701128567852515	816699156036637953	816699156036637952	3103	
1	C11H28B10FNO	[M + H]+	C11H29B10FNO+	Terpenoids	1.000	Monoterpenoids	1.000	Pinane monoterpenoids	1.000	Organoheterocyclic compounds	1.000	Isoindoles and derivatives	0.740	Isoindoles	0.999			Isoindoles	0.999	Organic compounds; Organoheterocyclic compounds; Pyrazines; Isoindoles; Organic acids and derivatives; Organonitrogen compounds; Organometallic compounds; Boronic acid derivatives; Organometalloid compounds; Secondary carboxylic acid amides; Isoindoles and derivatives; Pyrazinecarboxamides; Pyrazine carboxylic acids and derivatives; Organoboron compounds; Organoboroxines; Organic salts; Organic metalloid salts; Organic metal salts; Oxacyclic compounds; Hydrocarbon derivatives; Alkylboranes; Organic oxygen compounds; Organic nitrogen compounds; Chemical entities	310.351	603	10.047	816701126890130670	816699156200215819	816699156200215818	3114	
1	C20H39NO	[M + H]+	C20H40NO+	Fatty acids	1.000	Fatty amides	1.000	Primary amides	1.000	Lipids and lipid-like molecules	0.896	Fatty Acyls	0.908	Fatty amides	0.895			Fatty amides	0.895	Organic compounds; Lipids and lipid-like molecules; Organic acids and derivatives; Carboxylic acids and derivatives; Organonitrogen compounds; Organooxygen compounds; Fatty amides; Carboxylic acid amides; Carboxylic acid derivatives; Primary carboxylic acid amides; Carbonyl compounds; Fatty Acyls; Organic oxides; Hydrocarbon derivatives; Organopnictogen compounds; Organic oxygen compounds; Organic nitrogen compounds; Chemical entities	310.309	603	10.047	816701128836288029	816699156288296208	816699156284101903	3109	
1	C20H36O	[M + H]+	C20H37O+	Fatty acids	0.998	Fatty acyls	0.817	Unsaturated fatty acids	0.577	Lipids and lipid-like molecules	0.880	Fatty Acyls	0.856					Fatty Acyls	0.856	Organic compounds; Lipids and lipid-like molecules; Organooxygen compounds; Fatty Acyls; Hydrocarbon derivatives; Organic oxygen compounds; Chemical entities	293.283	603	10.049	816701132166566046	816699156367987989	816699156363793684	3111	
1	C36H66O5	[M + Na]+	C36H66NaO5+	Fatty acids	1.000	Glycerolipids	0.999	Diacylglycerols	0.959	Lipids and lipid-like molecules	0.999	Glycerolipids	0.975	Diradylglycerols	0.742	Diacylglycerols	0.793	1,2-diacylglycerols	0.728	Organic compounds; Lipids and lipid-like molecules; Alcohols and polyols; Glycerolipids; Organic acids and derivatives; Carboxylic acids and derivatives; Organooxygen compounds; Fatty acid esters; Dicarboxylic acids and derivatives; Carboxylic acid derivatives; Diacylglycerols; Carboxylic acid esters; Fatty alcohols; 1,2-diacylglycerols; Secondary alcohols; Carbonyl compounds; Diradylglycerols; Fatty Acyls; Organic oxides; Hydrocarbon derivatives; Organic oxygen compounds; Chemical entities	601.476	604	10.059	816701131277373436	816699156594480421	816699156594480420	3121	
1	C22H40N2O5S	[M - H2O + H]+	C22H39N2O4S+	Fatty acids	0.514	Small peptides	0.192	Tripeptides	0.091	Organic acids and derivatives	0.994	Carboxylic acids and derivatives	0.986	Amino acids, peptides, and analogues	0.864	Amino acids and derivatives	0.852	N-acyl-alpha amino acids and derivatives	0.625	Organic compounds; Organosulfur compounds; Lipids and lipid-like molecules; Amino acids, peptides, and analogues; Alpha amino acids and derivatives; Alcohols and polyols; Fatty acids and conjugates; Organic acids and derivatives; Carboxylic acids and derivatives; Organonitrogen compounds; Organooxygen compounds; Fatty amides; Amino acids and derivatives; Carboxylic acid amides; Carboxylic acid derivatives; N-acyl amines; Monocarboxylic acids and derivatives; N-acyl-alpha amino acids and derivatives; Carboxylic acids; Secondary alcohols; Secondary carboxylic acid amides; Carbonyl compounds; Alpha amino acid amides; Fatty Acyls; Organic oxides; Hydrocarbon derivatives; Organopnictogen compounds; Organic oxygen compounds; Organic nitrogen compounds; Chemical entities	427.266	605	10.089	816701134133694801	816699156833555764	816699156833555763	3147	
1	C24H46NO9P	[M + H]+	C24H47NO9P+	Fatty acids	1.000	Glycerophospholipids	1.000	Glycerophosphoserines	1.000	Lipids and lipid-like molecules	0.994	Glycerophospholipids	1.000	Glycerophosphoserines	1.000	Lysophosphatidylserines	1.000	1-acyl-glycerol-3-phosphoserines	1.000	Organic compounds; Lipids and lipid-like molecules; Amino acids, peptides, and analogues; Alpha amino acids and derivatives; Alcohols and polyols; Glycerophospholipids; Organic acids and derivatives; Carboxylic acids and derivatives; Organonitrogen compounds; Organooxygen compounds; Fatty acid esters; Dicarboxylic acids and derivatives; Amino acids and derivatives; Organic phosphoric acids and derivatives; Phosphate esters; Monoalkylamines; Carboxylic acid derivatives; Carboxylic acids; Carboxylic acid esters; Phosphoethanolamines; Lysophosphatidylserines; Secondary alcohols; 1-acyl-glycerol-3-phosphoserines; Carbonyl compounds; Glycerophosphoserines; Alpha amino acids; Amines; Primary amines; Alkyl phosphates; Dialkyl phosphates; Fatty Acyls; Organic oxides; L-alpha-amino acids; Hydrocarbon derivatives; Amino acids; Organopnictogen compounds; Organic oxygen compounds; Organic nitrogen compounds; Chemical entities	524.297	606	10.093	816701139825365513	816699156909053241	816699156909053240	3127	
1	C22H42O2	[M + H]+	C22H43O2+	Fatty acids	0.998	Fatty esters	0.953	Wax monoesters	0.885	Lipids and lipid-like molecules	0.973	Fatty Acyls	0.960	Fatty acid esters	0.810			Fatty acid esters	0.810	Organic compounds; Lipids and lipid-like molecules; Organic acids and derivatives; Carboxylic acids and derivatives; Organooxygen compounds; Fatty acid esters; Carboxylic acid derivatives; Monocarboxylic acids and derivatives; Carboxylic acid esters; Carbonyl compounds; Fatty Acyls; Organic oxides; Hydrocarbon derivatives; Organic oxygen compounds; Chemical entities	339.324	606	10.094	816701144271327948	816699156988745023	816699156988745022	3128	
1	C19H39NO	[M + H]+	C19H40NO+	Fatty acids	0.995	Fatty amides	0.989	Primary amides	0.637	Lipids and lipid-like molecules	0.587	Fatty Acyls	0.533	Fatty amides	0.605			Fatty amides	0.605	Organic compounds; Lipids and lipid-like molecules; Organic acids and derivatives; Carboxylic acids and derivatives; Organonitrogen compounds; Organooxygen compounds; Fatty amides; Carboxylic acid amides; Carboxylic acid derivatives; Carbonyl compounds; Fatty Acyls; Organic oxides; Hydrocarbon derivatives; Organopnictogen compounds; Organic oxygen compounds; Organic nitrogen compounds; Chemical entities	298.309	606	10.096	816701157852485229	816699157072631109	816699157068436804	3129	
1	C36H69NO3	[M + O + H]+	C36H70NO4+	Fatty acids	1.000	Spingolipids	1.000	Ceramides	1.000	Lipids and lipid-like molecules	0.996	Sphingolipids	0.999	Ceramides	1.000	Long-chain ceramides	0.887	Long-chain ceramides	0.887	Organic compounds; Lipids and lipid-like molecules; Alcohols and polyols; Sphingolipids; Organic acids and derivatives; Carboxylic acids and derivatives; Organonitrogen compounds; Primary alcohols; Organooxygen compounds; Fatty amides; Carboxylic acid amides; Carboxylic acid derivatives; N-acyl amines; Ceramides; Secondary alcohols; Secondary carboxylic acid amides; Long-chain ceramides; Carbonyl compounds; Fatty Acyls; Organic oxides; Hydrocarbon derivatives; Organopnictogen compounds; Organic oxygen compounds; Organic nitrogen compounds; Chemical entities	580.528	606	10.105	816701156866823706	816699157236208975	816699157236208974	3133	
1	C18H26O6	[M + H]+	C18H27O6+	Polyketides	0.647	Macrolides	0.373	Macrolide lactones	0.046	Organic acids and derivatives	0.834	Carboxylic acids and derivatives	0.718	Carboxylic acid derivatives	0.658	Carboxylic acid esters	0.665	Carboxylic acid esters	0.665	Organic compounds; Organoheterocyclic compounds; Alcohols and polyols; Ethers; Organic acids and derivatives; Carboxylic acids and derivatives; Organooxygen compounds; Carboxylic acid derivatives; Carboxylic acid esters; Carbonyl compounds; Organic oxides; Oxacyclic compounds; Hydrocarbon derivatives; Organic oxygen compounds; Chemical entities	339.182	606	10.106	816701154413155628	816699157336872276	816699157332677971	3135	
1	C36H60O5	[M + Na]+	C36H60NaO5+	Terpenoids	0.788	Glycerolipids	0.569	Diacylglycerols	0.179	Lipids and lipid-like molecules	0.988	Fatty Acyls	0.757					Fatty Acyls	0.757	Organic compounds; Lipids and lipid-like molecules; Alcohols and polyols; Organic acids and derivatives; Carboxylic acids and derivatives; Organooxygen compounds; Carboxylic acid derivatives; Monocarboxylic acids and derivatives; Carboxylic acid esters; Secondary alcohols; Carbonyl compounds; Fatty Acyls; Organic oxides; Hydrocarbon derivatives; Organic oxygen compounds; Chemical entities	595.432	607	10.115	816701158292887256	816699157471090014	816699157471090013	3137	
1	C34H67NO	[M + H]+	C34H68NO+	Fatty acids	1.000	Fatty amides	0.998	N-acyl amines	0.642	Lipids and lipid-like molecules	0.981	Fatty Acyls	0.976	Fatty amides	0.981	N-acyl amines	0.939	N-acyl amines	0.939	Organic compounds; Lipids and lipid-like molecules; Organic acids and derivatives; Carboxylic acids and derivatives; Organonitrogen compounds; Organooxygen compounds; Fatty amides; Carboxylic acid amides; Carboxylic acid derivatives; N-acyl amines; Secondary carboxylic acid amides; Carbonyl compounds; Fatty Acyls; Organic oxides; Hydrocarbon derivatives; Organopnictogen compounds; Organic oxygen compounds; Organic nitrogen compounds; Chemical entities	506.528	608	10.130	816701157806347868	816699157710165358	816699157710165357	3139	
1	C15H37N5O10	[M - H2O + H]+	C15H36N5O9+	Carbohydrates	0.993	Aminosugars and aminoglycosides	0.907	Aminoglycosides	0.910	Organic oxygen compounds	0.999	Organooxygen compounds	0.993	Carbohydrates and carbohydrate conjugates	0.947	Aminosaccharides	0.952	4,6-disubstituted 2-deoxystreptamines	0.648	Organic compounds; Organoheterocyclic compounds; Carbohydrates and carbohydrate conjugates; Alcohols and polyols; Ethers; Organonitrogen compounds; Aminoglycosides; Primary alcohols; Organooxygen compounds; Monoalkylamines; Cyclic alcohols and derivatives; Monosaccharides; Acetals; Secondary alcohols; Aminocyclitol glycosides; 1,2-aminoalcohols; Oxanes; Glycosyl compounds; O-glycosyl compounds; Amines; Primary amines; Alkanolamines; Cyclitols and derivatives; Aminocyclitols and derivatives; Cyclohexanols; Cyclohexylamines; Aminosaccharides; 4,6-disubstituted 2-deoxystreptamines; 2-deoxystreptamine aminoglycosides; Oxacyclic compounds; Hydrocarbon derivatives; Organopnictogen compounds; Organic oxygen compounds; Organic nitrogen compounds; Chemical entities	430.250	608	10.136	816701164399794538	816699157798245747	816699157798245746	3144	
1	C34H62O5	[M + Na]+	C34H62NaO5+	Fatty acids	1.000	Glycerolipids	1.000	Diacylglycerols	0.998	Lipids and lipid-like molecules	0.992	Glycerolipids	0.991	Diradylglycerols	0.972	Diacylglycerols	0.982	1,2-diacylglycerols	0.950	Organic compounds; Lipids and lipid-like molecules; Alcohols and polyols; Glycerolipids; Organic acids and derivatives; Carboxylic acids and derivatives; Primary alcohols; Organooxygen compounds; Fatty acid esters; Dicarboxylic acids and derivatives; Carboxylic acid derivatives; Diacylglycerols; Carboxylic acid esters; 1,2-diacylglycerols; Carbonyl compounds; Diradylglycerols; Fatty Acyls; Organic oxides; Hydrocarbon derivatives; Organic oxygen compounds; Chemical entities	573.450	608	10.140	816701164445931905	816699157970212221	816699157966017916	3132	
1	C25H42N2O2	[M + K]+	C25H42KN2O2+	Alkaloids	0.559	Pseudoalkaloids (transamidation)	0.280	Steroidal alkaloids	0.140	Organic acids and derivatives	0.766	Carboxylic acids and derivatives	0.727	Amino acids, peptides, and analogues	0.546	Amino acids and derivatives	0.547	Amino acids and derivatives	0.547	Organic compounds; Lipids and lipid-like molecules; Amino acids, peptides, and analogues; Organic acids and derivatives; Carboxylic acids and derivatives; Organonitrogen compounds; Organooxygen compounds; Amino acids and derivatives; Carboxylic acid derivatives; Monocarboxylic acids and derivatives; Carbonyl compounds; Trialkylamines; Amines; Tertiary amines; Organic oxides; Hydrocarbon derivatives; Organopnictogen compounds; Organic oxygen compounds; Organic nitrogen compounds; Chemical entities	441.286	610	10.174	816701183014117033	816699158368671127	816699158368671126	3151	
1	C31H54O3	[M + H]+	C31H55O3+	Terpenoids	0.312	Sesquiterpenoids	0.110	Catechols with side chains	0.128	Benzenoids	0.997	Benzene and substituted derivatives	0.983	Phenylpropanes	0.565			Phenylpropanes	0.565	Organic compounds; Lipids and lipid-like molecules; Organic acids and derivatives; Carboxylic acids and derivatives; Organooxygen compounds; Fatty acid esters; Carboxylic acid derivatives; Monocarboxylic acids and derivatives; Carboxylic acid esters; Carbonyl compounds; Benzene and substituted derivatives; Benzenoids; Phenylpropanes; Fatty Acyls; Organic oxides; Hydrocarbon derivatives; Organic oxygen compounds; Phenoxy compounds; Chemical entities	475.413	611	10.191	816701188747731604	816699158511277473	816699158511277472	3170	
1	C27H46O3	[M + H]+	C27H47O3+	Terpenoids	0.374	Meroterpenoids	0.116	Catechols with side chains	0.134	Benzenoids	0.997	Benzene and substituted derivatives	0.978	Phenoxy compounds	0.623			Phenoxy compounds	0.623	Organic compounds; Lipids and lipid-like molecules; Phenols; Organic acids and derivatives; Carboxylic acids and derivatives; Organooxygen compounds; Fatty acid esters; Carboxylic acid derivatives; Monocarboxylic acids and derivatives; Carboxylic acid esters; Carbonyl compounds; Benzene and substituted derivatives; Benzenoids; Fatty Acyls; Organic oxides; Hydrocarbon derivatives; Organic oxygen compounds; Phenoxy compounds; Chemical entities	419.350	612	10.196	816701187720126926	816699158582580646	816699158582580645	3172	
1	C25H52NO7P	[M + H]+	C25H53NO7P+	Fatty acids	0.999	Glycerophospholipids	1.000	Glycerophosphocholines	1.000	Lipids and lipid-like molecules	0.981	Glycerophospholipids	0.998	Glycerophosphocholines	0.996	Lysophosphatidylcholines	0.978	1-acyl-sn-glycero-3-phosphocholines	0.975	Organic compounds; Lipids and lipid-like molecules; Alcohols and polyols; Glycerophospholipids; Organic acids and derivatives; Carboxylic acids and derivatives; Organonitrogen compounds; Organooxygen compounds; Fatty acid esters; Organic phosphoric acids and derivatives; Phosphate esters; Quaternary ammonium salts; Cholines; Carboxylic acid derivatives; Monocarboxylic acids and derivatives; Carboxylic acid esters; Phosphocholines; Lysophosphatidylcholines; 1-acyl-sn-glycero-3-phosphocholines; Secondary alcohols; Carbonyl compounds; Glycerophosphocholines; Amines; Alkyl phosphates; Dialkyl phosphates; Organic cations; Organic salts; Fatty Acyls; Organic oxides; Hydrocarbon derivatives; Tetraalkylammonium salts; Organopnictogen compounds; Organic oxygen compounds; Organic nitrogen compounds; Chemical entities	510.354	612	10.196	816701187950813697	816699158658078123	816699158658078122	3171	
1	C29H46	[M + H]+	C29H47+	Terpenoids	0.995	Carotenoids (C40)	0.750	Carotenoids (C40, γ-Ψ)	0.158	Lipids and lipid-like molecules	0.982	Prenol lipids	0.772					Prenol lipids	0.772	Organic compounds; Lipids and lipid-like molecules; Prenol lipids; Hydrocarbons; Olefins; Cyclic olefins; Unsaturated hydrocarbons; Unsaturated aliphatic hydrocarbons; Branched unsaturated hydrocarbons; Chemical entities	395.366	612	10.208	816701185308401673	816699158830044602	816699158830044601	3177	
1	C16H28N4O	[M + H]+	C16H29N4O+	Alkaloids	0.668	Monoterpenoids	0.212	Menthane monoterpenoids	0.068	Organoheterocyclic compounds	0.815	Azacyclic compounds	0.861					Azacyclic compounds	0.861	Organic compounds; Organoheterocyclic compounds; Organonitrogen compounds; Organooxygen compounds; Azacyclic compounds; Hydrocarbon derivatives; Organopnictogen compounds; Organic oxygen compounds; Organic nitrogen compounds; Chemical entities	293.234	613	10.212	816701185383899170	816699158964262340	816699158964262339	3180	
1	C39H68O5	[M + H3N + H]+	C39H72NO5+	Fatty acids	1.000	Glycerolipids	0.999	Diacylglycerols	0.998	Lipids and lipid-like molecules	0.996	Fatty Acyls	0.984	Lineolic acids and derivatives	0.538			Lineolic acids and derivatives	0.538	Organic compounds; Lipids and lipid-like molecules; Alcohols and polyols; Glycerolipids; Organic acids and derivatives; Carboxylic acids and derivatives; Primary alcohols; Organooxygen compounds; Fatty acid esters; Dicarboxylic acids and derivatives; Lineolic acids and derivatives; Carboxylic acid derivatives; Diacylglycerols; Carboxylic acid esters; 1,2-diacylglycerols; Carbonyl compounds; Diradylglycerols; Fatty Acyls; Organic oxides; Hydrocarbon derivatives; Organic oxygen compounds; Chemical entities	634.536	613	10.213	816701182309473776	816699159031371209	816699159031371208	3198	
1	C40H76N2O6	[M + H]+	C40H77N2O6+	Fatty acids	1.000	Fatty amides	0.987	N-acyl amines	0.985	Organic acids and derivatives	1.000	Carboxylic acids and derivatives	1.000	Amino acids, peptides, and analogues	0.987	Amino acids and derivatives	0.988	N-acyl-alpha amino acids	0.886	Organic compounds; Lipids and lipid-like molecules; Amino acids, peptides, and analogues; Alpha amino acids and derivatives; Alcohols and polyols; Fatty acids and conjugates; Organic acids and derivatives; Carboxylic acids and derivatives; Organonitrogen compounds; Organooxygen compounds; Fatty amides; Amino acids and derivatives; Monoalkylamines; Carboxylic acid amides; Carboxylic acid derivatives; N-acyl amines; Monocarboxylic acids and derivatives; N-acyl-alpha amino acids and derivatives; Carboxylic acids; Secondary alcohols; Secondary carboxylic acid amides; Carbonyl compounds; N-acyl-alpha amino acids; Amines; Primary amines; Fatty Acyls; Organic oxides; Hydrocarbon derivatives; Organopnictogen compounds; Organic oxygen compounds; Organic nitrogen compounds; Chemical entities	681.575	613	10.220	816701193818645634	816699159169783251	816699159169783250	3186	
1	C21H36O3	[M + H]+	C21H37O3+	Fatty acids	0.781	Eicosanoids	0.460	Erythromycins	0.135	Lipids and lipid-like molecules	0.964	Fatty Acyls	0.880	Fatty acids and conjugates	0.537			Fatty acids and conjugates	0.537	Organic compounds; Lipids and lipid-like molecules; Alcohols and polyols; Fatty acids and conjugates; Organic acids and derivatives; Carboxylic acids and derivatives; Organooxygen compounds; Monocarboxylic acids and derivatives; Secondary alcohols; Carbonyl compounds; Fatty Acyls; Organic oxides; Hydrocarbon derivatives; Organic oxygen compounds; Chemical entities	337.272	614	10.227	816701185903993004	816699159245280728	816699159241086423	3192	
1	C33H67NO3	[M + Na]+	C33H67NNaO3+	Fatty acids	0.998	Fatty amides	0.881	N-acyl amines	0.598	Lipids and lipid-like molecules	0.970	Fatty Acyls	0.981	Fatty amides	0.973	N-acyl amines	0.940	N-acyl amines	0.940	Organic compounds; Lipids and lipid-like molecules; Phenols; Organic acids and derivatives; Carboxylic acids and derivatives; Organonitrogen compounds; Organooxygen compounds; Fatty amides; Carboxylic acid amides; Carboxylic acid derivatives; N-acyl amines; Secondary carboxylic acid amides; Carbonyl compounds; Benzene and substituted derivatives; Benzenoids; Fatty Acyls; Organic oxides; Hydrocarbon derivatives; Organopnictogen compounds; Organic oxygen compounds; 1-hydroxy-2-unsubstituted benzenoids; Organic nitrogen compounds; Chemical entities	548.502	614	10.237	816701186667356386	816699159421441518	816699159417247213	3196	
1	C32H63NO3	[M + Na]+	C32H63NNaO3+	Fatty acids	1.000	Spingolipids	1.000	Ceramides	1.000	Lipids and lipid-like molecules	0.992	Sphingolipids	0.988	Ceramides	0.997	Long-chain ceramides	0.736	Long-chain ceramides	0.736	Organic compounds; Lipids and lipid-like molecules; Alcohols and polyols; Sphingolipids; Organic acids and derivatives; Carboxylic acids and derivatives; Organonitrogen compounds; Primary alcohols; Organooxygen compounds; Fatty amides; Carboxylic acid amides; Carboxylic acid derivatives; N-acyl amines; Ceramides; Secondary alcohols; Secondary carboxylic acid amides; Long-chain ceramides; Carbonyl compounds; Fatty Acyls; Organic oxides; Hydrocarbon derivatives; Organopnictogen compounds; Organic oxygen compounds; Organic nitrogen compounds; Chemical entities	532.471	614	10.239	816701190261875502	816699159513716213	816699159513716211	3197	
1	C34H66O5	[M - H2O + H]+	C34H65O4+	Fatty acids	0.999	Glycerolipids	0.957	Diacylglycerols	0.741	Lipids and lipid-like molecules	0.998	Fatty Acyls	0.992	Fatty acid esters	0.968			Fatty acid esters	0.968	Organic compounds; Lipids and lipid-like molecules; Alcohols and polyols; Glycerolipids; Organic acids and derivatives; Carboxylic acids and derivatives; Primary alcohols; Organooxygen compounds; Fatty acid esters; Dicarboxylic acids and derivatives; Carboxylic acid derivatives; Carboxylic acid esters; Secondary alcohols; Carbonyl compounds; Fatty Acyls; Organic oxides; Hydrocarbon derivatives; Organic oxygen compounds; Chemical entities	537.486	616	10.266	816701202882537019	816699159798928906	816699159798928905	3206	
1	C27H48O2	[M + Na]+	C27H48NaO2+	Terpenoids	0.923	Steroids	0.596	Cholestane steroids	0.136	Lipids and lipid-like molecules	0.957	Steroids and steroid derivatives	0.683					Steroids and steroid derivatives	0.683	Organic compounds; Lipids and lipid-like molecules; Alcohols and polyols; Steroids and steroid derivatives; Prenol lipids; Organooxygen compounds; Carbonyl compounds; Organic oxides; Hydrocarbon derivatives; Organic oxygen compounds; Chemical entities	427.357	616	10.267	816701197731931461	816699159899592209	816699159895397904	3207	
1	C36H65NO3	[M - H2O + H]+	C36H64NO2+	Fatty acids	1.000	Spingolipids	1.000	Ceramides	1.000	Lipids and lipid-like molecules	0.995	Sphingolipids	0.996	Ceramides	0.999	Long-chain ceramides	0.838	Long-chain ceramides	0.838	Organic compounds; Lipids and lipid-like molecules; Alcohols and polyols; Sphingolipids; Organic acids and derivatives; Carboxylic acids and derivatives; Organonitrogen compounds; Primary alcohols; Organooxygen compounds; Fatty amides; Carboxylic acid amides; Carboxylic acid derivatives; N-acyl amines; Ceramides; Secondary alcohols; Secondary carboxylic acid amides; Long-chain ceramides; Carbonyl compounds; Fatty Acyls; Organic oxides; Hydrocarbon derivatives; Organopnictogen compounds; Organic oxygen compounds; Organic nitrogen compounds; Chemical entities	542.491	617	10.287	816701195357955337	816699160050587165	816699160050587164	3212	
1	C37H70O5	[M + Na]+	C37H70NaO5+	Fatty acids	1.000	Glycerolipids	1.000	Diacylglycerols	1.000	Lipids and lipid-like molecules	0.997	Fatty Acyls	0.994	Lineolic acids and derivatives	0.529			Lineolic acids and derivatives	0.529	Organic compounds; Lipids and lipid-like molecules; Alcohols and polyols; Glycerolipids; Organic acids and derivatives; Carboxylic acids and derivatives; Primary alcohols; Organooxygen compounds; Fatty acid esters; Dicarboxylic acids and derivatives; Lineolic acids and derivatives; Carboxylic acid derivatives; Diacylglycerols; Carboxylic acid esters; 1,2-diacylglycerols; Carbonyl compounds; Diradylglycerols; Fatty Acyls; Organic oxides; Hydrocarbon derivatives; Organic oxygen compounds; Chemical entities	617.512	617	10.288	816701230850157580	816699160155444771	816699160151250466	3201	
1	C36H65NO3	[M + H]+	C36H66NO3+	Fatty acids	1.000	Spingolipids	1.000	Ceramides	1.000	Lipids and lipid-like molecules	0.996	Sphingolipids	0.996	Ceramides	0.999	Long-chain ceramides	0.849	Long-chain ceramides	0.849	Organic compounds; Lipids and lipid-like molecules; Alcohols and polyols; Sphingolipids; Organic acids and derivatives; Carboxylic acids and derivatives; Organonitrogen compounds; Primary alcohols; Organooxygen compounds; Fatty amides; Carboxylic acid amides; Carboxylic acid derivatives; N-acyl amines; Ceramides; Secondary alcohols; Secondary carboxylic acid amides; Long-chain ceramides; Carbonyl compounds; Fatty Acyls; Organic oxides; Hydrocarbon derivatives; Organopnictogen compounds; Organic oxygen compounds; Organic nitrogen compounds; Chemical entities	560.502	617	10.290	816701220821575857	816699160239330856	816699160239330855	3214	
1	C23H34N2O6	[M - H2O + H]+	C23H33N2O5+	Amino acids and Peptides	0.772	Small peptides	0.179	Dipeptides	0.067	Organic acids and derivatives	0.996	Carboxylic acids and derivatives	0.986	Amino acids, peptides, and analogues	0.773	Amino acids and derivatives	0.767	N-acyl-alpha amino acids and derivatives	0.647	Organic compounds; Lipids and lipid-like molecules; Amino acids, peptides, and analogues; Alpha amino acids and derivatives; Alcohols and polyols; Organic acids and derivatives; Carboxylic acids and derivatives; Organonitrogen compounds; Organooxygen compounds; Fatty amides; Amino acids and derivatives; Carboxylic acid amides; Carboxylic acid derivatives; N-acyl amines; Monocarboxylic acids and derivatives; N-acyl-alpha amino acids and derivatives; Carboxylic acids; Secondary alcohols; Secondary carboxylic acid amides; Carbonyl compounds; Fatty Acyls; Organic oxides; Hydrocarbon derivatives; Organopnictogen compounds; Organic oxygen compounds; Organic nitrogen compounds; Chemical entities	417.239	619	10.325	816701224768416353	816699160562292288	816699160562292287	3223	
1	C20H38N2O6S	[M + H]+	C20H39N2O6S+	Fatty acids	0.984	Eicosanoids	0.291	Tripeptides	0.095	Organic acids and derivatives	0.997	Carboxylic acids and derivatives	0.988	Amino acids, peptides, and analogues	0.825	Amino acids and derivatives	0.818	N-acyl-alpha amino acids	0.524	Organic compounds; Organosulfur compounds; Lipids and lipid-like molecules; Amino acids, peptides, and analogues; Alpha amino acids and derivatives; Alcohols and polyols; Fatty acids and conjugates; Organic acids and derivatives; Carboxylic acids and derivatives; Organonitrogen compounds; Organooxygen compounds; Fatty amides; Amino acids and derivatives; Carboxylic acid amides; Carboxylic acid derivatives; N-acyl amines; N-acyl-alpha amino acids and derivatives; Carboxylic acids; Secondary alcohols; Secondary carboxylic acid amides; Carbonyl compounds; N-acyl-alpha amino acids; Fatty Acyls; Organic oxides; Hydrocarbon derivatives; Organopnictogen compounds; Organic oxygen compounds; Organic nitrogen compounds; Chemical entities	435.249	620	10.325	816701229600254865	816699160734258763	816699160730064458	3225	
1	C39H68O5	[M + Na]+	C39H68NaO5+	Fatty acids	1.000	Glycerolipids	1.000	Diacylglycerols	1.000	Lipids and lipid-like molecules	0.997	Fatty Acyls	0.991	Lineolic acids and derivatives	0.703			Lineolic acids and derivatives	0.703	Organic compounds; Lipids and lipid-like molecules; Alcohols and polyols; Glycerolipids; Organic acids and derivatives; Carboxylic acids and derivatives; Primary alcohols; Organooxygen compounds; Fatty acid esters; Dicarboxylic acids and derivatives; Lineolic acids and derivatives; Carboxylic acid derivatives; Diacylglycerols; Carboxylic acid esters; 1,2-diacylglycerols; Carbonyl compounds; Diradylglycerols; Fatty Acyls; Organic oxides; Hydrocarbon derivatives; Organic oxygen compounds; Chemical entities	639.494	620	10.327	816701225368201878	816699160813950546	816699160813950545	3250	
1	C26H54NO7P	[M + H]+	C26H55NO7P+	Fatty acids	0.998	Glycerophospholipids	1.000	Glycerophosphocholines	0.999	Lipids and lipid-like molecules	0.909	Glycerophospholipids	0.996	Glycerophosphocholines	0.992	Lysophosphatidylcholines	0.815	1-acyl-sn-glycero-3-phosphocholines	0.876	Organic compounds; Lipids and lipid-like molecules; Glycerolipids; Glycerophospholipids; Organic acids and derivatives; Carboxylic acids and derivatives; Organonitrogen compounds; Organooxygen compounds; Organic phosphoric acids and derivatives; Phosphate esters; Quaternary ammonium salts; Cholines; Carboxylic acid derivatives; Monocarboxylic acids and derivatives; Carboxylic acid esters; Phosphocholines; Lysophosphatidylcholines; 1-acyl-sn-glycero-3-phosphocholines; Carbonyl compounds; Glycerophosphocholines; Amines; Alkyl phosphates; Dialkyl phosphates; Organic cations; Organic salts; Organic oxides; Hydrocarbon derivatives; Tetraalkylammonium salts; Organopnictogen compounds; Organic oxygen compounds; Organic nitrogen compounds; Chemical entities	524.368	620	10.331	816701227847035619	816699160914613848	816699160910419543	3226	
1	C20H41NO	[M + H]+	C20H42NO+	Fatty acids	0.997	Fatty amides	0.995	Primary amides	0.687	Lipids and lipid-like molecules	0.807	Fatty Acyls	0.767	Fatty amides	0.827	N-acyl amines	0.689	N-acyl amines	0.689	Organic compounds; Lipids and lipid-like molecules; Organic acids and derivatives; Carboxylic acids and derivatives; Organonitrogen compounds; Organooxygen compounds; Fatty amides; Carboxylic acid amides; Carboxylic acid derivatives; N-acyl amines; Carbonyl compounds; Fatty Acyls; Organic oxides; Hydrocarbon derivatives; Organopnictogen compounds; Organic oxygen compounds; Organic nitrogen compounds; Chemical entities	312.320	621	10.344	816701237653320125	816699160998499935	816699160998499934	3233	
1	C17H37FN3O	[M + H3N + H]+	C17H41FN4O+	Terpenoids	0.290	Histidine alkaloids	0.106	Fatty alcohols	0.112	Lipids and lipid-like molecules	0.506							Lipids and lipid-like molecules	0.506	Organic compounds; Organoheterocyclic compounds; Lipids and lipid-like molecules; Organohalogen compounds; Organonitrogen compounds; Organooxygen compounds; Organofluorides; Alkyl halides; Azacyclic compounds; Hydrocarbon derivatives; Organopnictogen compounds; Organic oxygen compounds; Organic nitrogen compounds; Chemical entities	336.325	621	10.352	816701231579967167	816699161086580328	816699161086580327	3236	
1	C39H66O4	[M + H]+	C39H67O4+	Fatty acids	1.000	Glycerolipids	1.000	Diacylglycerols	1.000	Lipids and lipid-like molecules	0.998	Fatty Acyls	0.992	Lineolic acids and derivatives	0.740			Lineolic acids and derivatives	0.740	Organic compounds; Lipids and lipid-like molecules; Alcohols and polyols; Glycerolipids; Organic acids and derivatives; Carboxylic acids and derivatives; Primary alcohols; Organooxygen compounds; Fatty acid esters; Dicarboxylic acids and derivatives; Lineolic acids and derivatives; Carboxylic acid derivatives; Diacylglycerols; Carboxylic acid esters; 1,2-diacylglycerols; Carbonyl compounds; Diradylglycerols; Fatty Acyls; Organic oxides; Hydrocarbon derivatives; Organic oxygen compounds; Chemical entities	599.501	622	10.373	816701266338169176	816699161388570256	816699161384375951	3244	
1	C42H83NO5	[M + H]+	C42H84NO5+	Fatty acids	1.000	Spingolipids	1.000	Ceramides	1.000	Lipids and lipid-like molecules	0.997	Sphingolipids	0.999	Ceramides	1.000	Long-chain ceramides	0.826	Long-chain ceramides	0.826	Organic compounds; Lipids and lipid-like molecules; Alcohols and polyols; Sphingolipids; Organic acids and derivatives; Carboxylic acids and derivatives; Organonitrogen compounds; Primary alcohols; Organooxygen compounds; Fatty amides; Carboxylic acid amides; Carboxylic acid derivatives; N-acyl amines; Ceramides; Secondary alcohols; Secondary carboxylic acid amides; Long-chain ceramides; Carbonyl compounds; Phytoceramides; Fatty Acyls; Organic oxides; Hydrocarbon derivatives; Organopnictogen compounds; Organic oxygen compounds; Organic nitrogen compounds; Chemical entities	682.632	623	10.378	816701237338747270	816699161489233559	816699161485039254	3243	
1	C38H77NO3	[M + H]+	C38H78NO3+	Fatty acids	1.000	Spingolipids	0.999	Ceramides	0.999	Lipids and lipid-like molecules	0.996	Sphingolipids	0.952	Ceramides	0.987	Long-chain ceramides	0.717	Long-chain ceramides	0.717	Organic compounds; Lipids and lipid-like molecules; Alcohols and polyols; Sphingolipids; Organic acids and derivatives; Carboxylic acids and derivatives; Organonitrogen compounds; Primary alcohols; Organooxygen compounds; Fatty amides; Carboxylic acid amides; Carboxylic acid derivatives; N-acyl amines; Ceramides; Secondary alcohols; Secondary carboxylic acid amides; Long-chain ceramides; Carbonyl compounds; Fatty Acyls; Organic oxides; Hydrocarbon derivatives; Organopnictogen compounds; Organic oxygen compounds; Organic nitrogen compounds; Chemical entities	596.596	624	10.400	816701266824708515	816699161745086119	816699161745086118	3247	
1	C37H70O5	[M + Na]+	C37H70NaO5+	Fatty acids	1.000	Glycerolipids	1.000	Diacylglycerols	1.000	Lipids and lipid-like molecules	0.997	Fatty Acyls	0.992	Lineolic acids and derivatives	0.656			Lineolic acids and derivatives	0.656	Organic compounds; Lipids and lipid-like molecules; Alcohols and polyols; Glycerolipids; Organic acids and derivatives; Carboxylic acids and derivatives; Primary alcohols; Organooxygen compounds; Fatty acid esters; Dicarboxylic acids and derivatives; Lineolic acids and derivatives; Carboxylic acid derivatives; Diacylglycerols; Carboxylic acid esters; 1,2-diacylglycerols; Carbonyl compounds; Diradylglycerols; Fatty Acyls; Organic oxides; Hydrocarbon derivatives; Organic oxygen compounds; Chemical entities	617.512	625	10.409	816701283950053692	816699161883498161	816699161883498160	3246	
1	C22H42O3	[M + H]+	C22H43O3+	Fatty acids	0.988	Fatty acyls	0.742	Fatty alcohols	0.843	Lipids and lipid-like molecules	0.959	Fatty Acyls	0.889	Fatty alcohols	0.665	Long-chain fatty alcohols	0.629	Long-chain fatty alcohols	0.629	Organic compounds; Lipids and lipid-like molecules; Alcohols and polyols; Organic acids and derivatives; Carboxylic acids and derivatives; Primary alcohols; Organooxygen compounds; Fatty acid esters; Carboxylic acid derivatives; Monocarboxylic acids and derivatives; Carboxylic acid esters; Fatty alcohols; Secondary alcohols; Fatty alcohol esters; Carbonyl compounds; Long-chain fatty alcohols; Fatty Acyls; Organic oxides; Hydrocarbon derivatives; Organic oxygen compounds; Chemical entities	355.319	625	10.423	816701267663569494	816699162185488069	816699162185488068	3258	
1	C30H48	[M + H]+	C30H49+	Terpenoids	0.999	Triterpenoids	0.990	Neohopane triterpenoids	0.223	Lipids and lipid-like molecules	0.985	Prenol lipids	0.944	Triterpenoids	0.777			Triterpenoids	0.777	Organic compounds; Lipids and lipid-like molecules; Prenol lipids; Triterpenoids; Hydrocarbons; Olefins; Cyclic olefins; Polycyclic hydrocarbons; Unsaturated hydrocarbons; Unsaturated aliphatic hydrocarbons; Branched unsaturated hydrocarbons; Chemical entities	409.381	626	10.431	816701265197318341	816699162328094415	816699162328094414	3257	
1	C36H69NO3	[M + O + H]+	C36H70NO4+	Fatty acids	1.000	Spingolipids	1.000	Ceramides	1.000	Lipids and lipid-like molecules	0.994	Sphingolipids	0.996	Ceramides	0.999	Long-chain ceramides	0.824	Long-chain ceramides	0.824	Organic compounds; Lipids and lipid-like molecules; Alcohols and polyols; Sphingolipids; Organic acids and derivatives; Carboxylic acids and derivatives; Organonitrogen compounds; Primary alcohols; Organooxygen compounds; Fatty amides; Carboxylic acid amides; Carboxylic acid derivatives; N-acyl amines; Ceramides; Secondary alcohols; Secondary carboxylic acid amides; Long-chain ceramides; Carbonyl compounds; Fatty Acyls; Organic oxides; Hydrocarbon derivatives; Organopnictogen compounds; Organic oxygen compounds; Organic nitrogen compounds; Chemical entities	580.528	626	10.435	816701264039690371	816699163255035609	816699163255035608	3240	
1	C34H62O5	[M + Na]+	C34H62NaO5+	Fatty acids	1.000	Glycerolipids	0.999	Diacylglycerols	0.995	Lipids and lipid-like molecules	0.992	Glycerolipids	0.988	Diradylglycerols	0.948	Diacylglycerols	0.971	1,2-diacylglycerols	0.959	Organic compounds; Lipids and lipid-like molecules; Alcohols and polyols; Glycerolipids; Organic acids and derivatives; Carboxylic acids and derivatives; Primary alcohols; Organooxygen compounds; Fatty acid esters; Dicarboxylic acids and derivatives; Carboxylic acid derivatives; Diacylglycerols; Carboxylic acid esters; 1,2-diacylglycerols; Secondary alcohols; Carbonyl compounds; Diradylglycerols; Fatty Acyls; Organic oxides; Hydrocarbon derivatives; Organic oxygen compounds; Chemical entities	573.449	627	10.444	816701266833097129	816699163406030563	816699163406030562	3251	
1	C29H48O	[M + H]+	C29H49O+	Terpenoids	0.999	Steroids	0.992	Ergostane steroids	0.408	Lipids and lipid-like molecules	0.997	Prenol lipids	0.602	Triterpenoids	0.577			Triterpenoids	0.577	Organic compounds; Lipids and lipid-like molecules; Alcohols and polyols; Steroids and steroid derivatives; Prenol lipids; Organooxygen compounds; Cyclic alcohols and derivatives; Hydroxysteroids; Triterpenoids; Secondary alcohols; 3-hydroxysteroids; Hydrocarbon derivatives; Organic oxygen compounds; Chemical entities	413.376	627	10.447	816701275196540331	816699163603162861	816699163603162860	3269	
1	C29H64BN3O6	[M + H]+	C29H65BN3O6+	Fatty acids	0.497	Oligopeptides	0.777	Lipopeptides	0.571	Organic acids and derivatives	0.938	Carboxylic acids and derivatives	0.642	Amino acids, peptides, and analogues	0.449	Amino acids and derivatives	0.425	Alpha amino acids and derivatives	0.526	Organic compounds; Lipids and lipid-like molecules; Alpha amino acids and derivatives; Alcohols and polyols; Organic acids and derivatives; Carboxylic acids and derivatives; Organonitrogen compounds; Organooxygen compounds; Fatty amides; Organometallic compounds; Carboxylic acid amides; Carboxylic acid derivatives; N-acyl amines; Organometalloid compounds; Secondary carboxylic acid amides; Carbonyl compounds; Organoboron compounds; Organic salts; Fatty Acyls; Organic oxides; Organic metalloid salts; Organic metal salts; Hydrocarbon derivatives; Organopnictogen compounds; Alkylboranes; Organic oxygen compounds; Organic nitrogen compounds; Chemical entities	561.502	627	10.457	816701286873489699	816699163703826162	816699163703826161	3266	
1	C25H40N6O2	[M + H]+	C25H41N6O2+	Alkaloids	0.713	Pseudoalkaloids (transamidation)	0.811	Purine alkaloids	0.552	Organoheterocyclic compounds	0.995	Imidazopyrimidines	0.604	Purines and purine derivatives	0.630	6-aminopurines	0.504	6-aminopurines	0.504	Organic compounds; Organoheterocyclic compounds; Lipids and lipid-like molecules; Pyrimidines and pyrimidine derivatives; Alcohols and polyols; Purines and purine derivatives; Prenol lipids; Organonitrogen compounds; Organooxygen compounds; Azoles; Aminopyrimidines and derivatives; Diazines; Imidazopyrimidines; Amines; 6-aminopurines; Imidolactams; Azacyclic compounds; Heteroaromatic compounds; Hydrocarbon derivatives; Organopnictogen compounds; Organic oxygen compounds; Organic nitrogen compounds; Chemical entities	457.330	627	10.458	816701283916499250	816699163800295159	816699163800295158	3276	
1	C18H28O3	[M + H]+	C18H29O3+	Fatty acids	0.858	Octadecanoids	0.737	12-oxophytodienoic acid metabolites	0.377	Lipids and lipid-like molecules	0.908	Fatty Acyls	0.794	Fatty acids and conjugates	0.542			Fatty acids and conjugates	0.542	Organic compounds; Lipids and lipid-like molecules; Ketones; Fatty acids and conjugates; Organic acids and derivatives; Carboxylic acids and derivatives; Organooxygen compounds; Monocarboxylic acids and derivatives; Carboxylic acids; Carbonyl compounds; Cyclic ketones; Fatty Acyls; Organic oxides; Hydrocarbon derivatives; Organic oxygen compounds; Chemical entities	293.210	629	10.475	816701277176251996	816699164123256587	816699164119062282	3263	
1	C36H63NO2	[M + H]+	C36H64NO2+	Fatty acids	1.000	Spingolipids	0.961	Ceramides	0.963	Lipids and lipid-like molecules	0.979	Sphingolipids	0.496	Ceramides	0.771			Ceramides	0.771	Organic compounds; Lipids and lipid-like molecules; Alcohols and polyols; Organic acids and derivatives; Carboxylic acids and derivatives; Organonitrogen compounds; Primary alcohols; Organooxygen compounds; Fatty amides; Carboxylic acid amides; Carboxylic acid derivatives; N-acyl amines; Ceramides; Secondary alcohols; Secondary carboxylic acid amides; Carbonyl compounds; Fatty Acyls; Organic oxides; Hydrocarbon derivatives; Organopnictogen compounds; Organic oxygen compounds; Organic nitrogen compounds; Chemical entities	542.491	630	10.497	816701278858168040	816699164177782544	816699164177782543	3285	
1	C18H35NO2	[M + H]+	C18H36NO2+	Alkaloids	0.758	Nicotinic acid alkaloids	0.329	Pyridine alkaloids	0.327	Organic nitrogen compounds	1.000	Organonitrogen compounds	1.000					Organonitrogen compounds	1.000	Organic compounds; Organonitrogen compounds; Organooxygen compounds; Organic oxides; Hydrocarbon derivatives; Organopnictogen compounds; Organic oxygen compounds; Organic nitrogen compounds; Chemical entities	298.275	630	10.498	816701276681324081	816699164232308502	816699164232308501	3330	
1	C36H65NO3	[M + H]+	C36H66NO3+	Fatty acids	1.000	Spingolipids	1.000	Ceramides	1.000	Lipids and lipid-like molecules	0.992	Sphingolipids	0.988	Ceramides	0.997	Long-chain ceramides	0.822	Long-chain ceramides	0.822	Organic compounds; Lipids and lipid-like molecules; Alcohols and polyols; Sphingolipids; Organic acids and derivatives; Carboxylic acids and derivatives; Organonitrogen compounds; Primary alcohols; Organooxygen compounds; Fatty amides; Carboxylic acid amides; Carboxylic acid derivatives; N-acyl amines; Ceramides; Secondary alcohols; Secondary carboxylic acid amides; Long-chain ceramides; Carbonyl compounds; Fatty Acyls; Organic oxides; Hydrocarbon derivatives; Organopnictogen compounds; Organic oxygen compounds; Organic nitrogen compounds; Chemical entities	560.502	630	10.506	816701308864226830	816699164362331936	816699164362331935	3287	
1	C30H48	[M + H]+	C30H49+	Terpenoids	0.998	Triterpenoids	0.955	Lupane triterpenoids	0.190	Lipids and lipid-like molecules	0.981	Prenol lipids	0.921	Triterpenoids	0.649			Triterpenoids	0.649	Organic compounds; Lipids and lipid-like molecules; Prenol lipids; Triterpenoids; Hydrocarbons; Olefins; Cyclic olefins; Polycyclic hydrocarbons; Unsaturated hydrocarbons; Unsaturated aliphatic hydrocarbons; Branched unsaturated hydrocarbons; Chemical entities	409.381	630	10.508	816701320071408168	816699164525909802	816699164521715497	3310	
1	C36H67NO3	[M + H]+	C36H68NO3+	Fatty acids	1.000	Spingolipids	1.000	Ceramides	1.000	Lipids and lipid-like molecules	0.993	Sphingolipids	0.994	Ceramides	0.999	Long-chain ceramides	0.788	Long-chain ceramides	0.788	Organic compounds; Lipids and lipid-like molecules; Alcohols and polyols; Sphingolipids; Organic acids and derivatives; Carboxylic acids and derivatives; Organonitrogen compounds; Primary alcohols; Organooxygen compounds; Fatty amides; Carboxylic acid amides; Carboxylic acid derivatives; N-acyl amines; Ceramides; Secondary alcohols; Secondary carboxylic acid amides; Long-chain ceramides; Carbonyl compounds; Fatty Acyls; Organic oxides; Hydrocarbon derivatives; Organopnictogen compounds; Organic oxygen compounds; Organic nitrogen compounds; Chemical entities	562.514	631	10.524	816701312299362019	816699164681099060	816699164676904755	3297	
1	C36H69NO3	[M + O + H]+	C36H70NO4+	Fatty acids	1.000	Spingolipids	1.000	Ceramides	1.000	Lipids and lipid-like molecules	0.995	Sphingolipids	0.997	Ceramides	0.999	Long-chain ceramides	0.833	Long-chain ceramides	0.833	Organic compounds; Lipids and lipid-like molecules; Alcohols and polyols; Sphingolipids; Organic acids and derivatives; Carboxylic acids and derivatives; Organonitrogen compounds; Primary alcohols; Organooxygen compounds; Fatty amides; Carboxylic acid amides; Carboxylic acid derivatives; N-acyl amines; Ceramides; Secondary alcohols; Secondary carboxylic acid amides; Long-chain ceramides; Carbonyl compounds; Fatty Acyls; Organic oxides; Hydrocarbon derivatives; Organopnictogen compounds; Organic oxygen compounds; Organic nitrogen compounds; Chemical entities	580.528	632	10.532	816701309946357362	816699164836288318	816699164832094013	3308	
1	C42H79NO8	[M + O + H]+	C42H80NO9+	Fatty acids	1.000	Spingolipids	1.000	Neutral glycosphingolipids	1.000	Lipids and lipid-like molecules	0.998	Sphingolipids	0.984	Glycosphingolipids	0.985	Neutral glycosphingolipids	0.824	Glycosyl-N-acylsphingosines	0.800	Organic compounds; Organoheterocyclic compounds; Carbohydrates and carbohydrate conjugates; Lipids and lipid-like molecules; Alcohols and polyols; Ethers; Sphingolipids; Organic acids and derivatives; Carboxylic acids and derivatives; Organonitrogen compounds; Primary alcohols; Organooxygen compounds; Fatty amides; Carboxylic acid amides; Carboxylic acid derivatives; N-acyl amines; Neutral glycosphingolipids; Simple glycosylceramides; Hexoses; Monosaccharides; Acetals; Secondary alcohols; Secondary carboxylic acid amides; Fatty acyl glycosides; Carbonyl compounds; Oxanes; Glycosyl compounds; Alkyl glycosides; O-glycosyl compounds; Polyols; Glycosphingolipids; Fatty acyl glycosides of mono- and disaccharides; Fatty Acyls; Organic oxides; Oxacyclic compounds; Hydrocarbon derivatives; Glycosyl-N-acylsphingosines; Organopnictogen compounds; Organic oxygen compounds; Organic nitrogen compounds; Chemical entities	742.580	632	10.537	816701308629345780	816699164966311752	816699164966311751	3305	
1	C42H79NO9	[M - H2O + H]+	C42H78NO8+	Fatty acids	1.000	Spingolipids	1.000	Neutral glycosphingolipids	1.000	Lipids and lipid-like molecules	0.997	Sphingolipids	0.982	Glycosphingolipids	0.986	Neutral glycosphingolipids	0.870	Glycosyl-N-acylsphingosines	0.850	Organic compounds; Organoheterocyclic compounds; Carbohydrates and carbohydrate conjugates; Lipids and lipid-like molecules; Alcohols and polyols; Ethers; Sphingolipids; Organic acids and derivatives; Carboxylic acids and derivatives; Organonitrogen compounds; Primary alcohols; Organooxygen compounds; Fatty amides; Carboxylic acid amides; Carboxylic acid derivatives; N-acyl amines; Neutral glycosphingolipids; Simple glycosylceramides; Hexoses; Monosaccharides; Acetals; Secondary alcohols; Secondary carboxylic acid amides; Fatty acyl glycosides; Carbonyl compounds; Oxanes; Glycosyl compounds; Alkyl glycosides; O-glycosyl compounds; Polyols; Glycosphingolipids; Fatty acyl glycosides of mono- and disaccharides; Fatty Acyls; Organic oxides; Oxacyclic compounds; Hydrocarbon derivatives; Glycosyl-N-acylsphingosines; Organopnictogen compounds; Organic oxygen compounds; Organic nitrogen compounds; Chemical entities	724.570	632	10.538	816701324731280566	816699165025032013	816699165025032012	3307	
1	C27H44O3	[M + Na]+	C27H44NaO3+	Terpenoids	0.983	Carotenoids (C40)	0.457	Carotenoids (C40, β-β)	0.037	Lipids and lipid-like molecules	0.961	Prenol lipids	0.850					Prenol lipids	0.850	Organic compounds; Lipids and lipid-like molecules; Alcohols and polyols; Prenol lipids; Organooxygen compounds; Cyclic alcohols and derivatives; Secondary alcohols; Hydrocarbon derivatives; Organic oxygen compounds; Chemical entities	439.319	632	10.540	816701323871448085	816699165083752274	816699165083752273	3312	
1	C20H31FO5	[M + H]+	C20H32FO5+	Fatty acids	0.544	Eicosanoids	0.095	Fatty alcohols	0.040	Benzenoids	0.631							Benzenoids	0.631	Organic compounds; Lipids and lipid-like molecules; Alcohols and polyols; Organic acids and derivatives; Carboxylic acids and derivatives; Organohalogen compounds; Organooxygen compounds; Alkyl fluorides; Carboxylic acid derivatives; Monocarboxylic acids and derivatives; Carboxylic acid esters; Organofluorides; Carbonyl compounds; Benzenoids; Alkyl halides; Fatty Acyls; Organic oxides; Hydrocarbon derivatives; Organic oxygen compounds; Chemical entities	371.223	632	10.541	816701307849205129	816699165150861143	816699165150861142	3313	
1	C13H34N8O5	[M + Na]+	C13H34N8NaO5+	Carbohydrates	0.983	Nucleosides	0.971	Purine nucleosides	0.966	Nucleosides, nucleotides, and analogues	0.833	Purine nucleosides	0.714					Purine nucleosides	0.714	Organic compounds; Organoheterocyclic compounds; Carbohydrates and carbohydrate conjugates; Pyrimidines and pyrimidine derivatives; Imidazoles; Alcohols and polyols; Purines and purine derivatives; Organonitrogen compounds; Primary alcohols; Nucleosides, nucleotides, and analogues; Organooxygen compounds; Azoles; Purine nucleosides; Aminopyrimidines and derivatives; Diazines; Pentoses; Monosaccharides; Secondary alcohols; Imidazopyrimidines; Glycosyl compounds; Glycosylamines; Substituted imidazoles; N-substituted imidazoles; Amines; Primary amines; Tetrahydrofurans; 6-aminopurines; Imidolactams; Azacyclic compounds; Oxacyclic compounds; Heteroaromatic compounds; Hydrocarbon derivatives; Organopnictogen compounds; Organic oxygen compounds; Organic nitrogen compounds; Chemical entities	405.250	632	10.541	816701319341599157	816699165217970013	816699165213775708	3314	
1	C20H34O2	[M + H]+	C20H35O2+	Terpenoids	0.934	Diterpenoids	0.931	Labdane diterpenoids	0.169	Lipids and lipid-like molecules	0.990	Prenol lipids	0.926	Diterpenoids	0.962			Diterpenoids	0.962	Organic compounds; Lipids and lipid-like molecules; Prenol lipids; Fatty acids and conjugates; Organic acids and derivatives; Carboxylic acids and derivatives; Organooxygen compounds; Monocarboxylic acids and derivatives; Carboxylic acids; Diterpenoids; Carbonyl compounds; Fatty Acyls; Organic oxides; Hydrocarbon derivatives; Organic oxygen compounds; Chemical entities	307.262	633	10.549	816701309677921877	816699165402519399	816699165402519398	3322	
1	C21H46OSi	[M + H]+	C21H47OSi+	Fatty acids	0.991	Fatty acyls	0.878	Fatty alcohols	0.874	Lipids and lipid-like molecules	0.566	Fatty Acyls	0.509					Fatty Acyls	0.509	Organic compounds; Lipids and lipid-like molecules; Alcohols and polyols; Primary alcohols; Organooxygen compounds; Fatty Acyls; Hydrocarbon derivatives; Organic oxygen compounds; Chemical entities	343.338	633	10.549	816701318565652766	816699165494794092	816699165494794091	3323	
1	C48H92NO8P	[M + H]+	C48H93NO8P+	Fatty acids	1.000	Glycerophospholipids	1.000	Glycerophosphocholines	0.998	Lipids and lipid-like molecules	0.991	Glycerophospholipids	0.999	Glycerophosphocholines	0.995	Phosphatidylcholines	0.990	Phosphatidylcholines	0.990	Organic compounds; Lipids and lipid-like molecules; Glycerophospholipids; Organic acids and derivatives; Carboxylic acids and derivatives; Organonitrogen compounds; Organooxygen compounds; Fatty acid esters; Dicarboxylic acids and derivatives; Organic phosphoric acids and derivatives; Phosphate esters; Quaternary ammonium salts; Cholines; Carboxylic acid derivatives; Carboxylic acid esters; Phosphocholines; Phosphatidylcholines; Carbonyl compounds; Glycerophosphocholines; Amines; Alkyl phosphates; Dialkyl phosphates; Organic cations; Organic salts; Fatty Acyls; Organic oxides; Hydrocarbon derivatives; Tetraalkylammonium salts; Organopnictogen compounds; Organic oxygen compounds; Organic nitrogen compounds; Chemical entities	842.661	633	10.553	816701321967233870	816699165658371958	816699165658371957	3337	
1	C11H36N11O3	[M + H]+	C11H37N11O3+	Carbohydrates	0.647	Nucleosides	0.418	Purine nucleosides	0.353	Organoheterocyclic compounds	0.839	Heteroaromatic compounds	0.719					Heteroaromatic compounds	0.719	Organic compounds; Organoheterocyclic compounds; Organic acids and derivatives; Organonitrogen compounds; Organooxygen compounds; Carbonyl compounds; Amines; Primary amines; Organic oxides; Azacyclic compounds; Heteroaromatic compounds; Hydrocarbon derivatives; Organopnictogen compounds; Organic oxygen compounds; Organic nitrogen compounds; Chemical entities	371.307	634	10.559	816701321526831883	816699165746452347	816699165746452346	3327	
1	C34H69NO3	[M + O + H]+	C34H70NO4+	Fatty acids	1.000	Spingolipids	1.000	Ceramides	1.000	Lipids and lipid-like molecules	0.998	Sphingolipids	0.999	Ceramides	1.000	Long-chain ceramides	0.857	Long-chain ceramides	0.857	Organic compounds; Lipids and lipid-like molecules; Alcohols and polyols; Sphingolipids; Organic acids and derivatives; Carboxylic acids and derivatives; Organonitrogen compounds; Primary alcohols; Organooxygen compounds; Fatty amides; Carboxylic acid amides; Carboxylic acid derivatives; N-acyl amines; Ceramides; Secondary alcohols; Secondary carboxylic acid amides; Long-chain ceramides; Carbonyl compounds; Fatty Acyls; Organic oxides; Hydrocarbon derivatives; Organopnictogen compounds; Organic oxygen compounds; Organic nitrogen compounds; Chemical entities	556.528	635	10.581	816701324785806533	816699165931001734	816699165926807429	3333	
1	C44H80NO8P	[M + H]+	C44H81NO8P+	Fatty acids	0.999	Glycerophospholipids	1.000	Glycerophosphocholines	0.997	Lipids and lipid-like molecules	0.990	Glycerophospholipids	0.999	Glycerophosphocholines	0.994	Phosphatidylcholines	0.988	Phosphatidylcholines	0.988	Organic compounds; Lipids and lipid-like molecules; Glycerophospholipids; Organic acids and derivatives; Carboxylic acids and derivatives; Organonitrogen compounds; Organooxygen compounds; Fatty acid esters; Dicarboxylic acids and derivatives; Organic phosphoric acids and derivatives; Phosphate esters; Quaternary ammonium salts; Cholines; Carboxylic acid derivatives; Carboxylic acid esters; Phosphocholines; Phosphatidylcholines; Carbonyl compounds; Glycerophosphocholines; Amines; Alkyl phosphates; Dialkyl phosphates; Organic cations; Organic salts; Fatty Acyls; Organic oxides; Hydrocarbon derivatives; Tetraalkylammonium salts; Organopnictogen compounds; Organic oxygen compounds; Organic nitrogen compounds; Chemical entities	782.566	635	10.588	816701321682021159	816699166031665036	816699166031665035	3334	
1	C39H70O6	[M + Na]+	C39H70NaO6+	Fatty acids	1.000	Glycerolipids	1.000	Diacylglycerols	0.999	Lipids and lipid-like molecules	0.996	Glycerolipids	0.999	Diradylglycerols	0.989	Diacylglycerols	0.993	1,2-diacylglycerols	0.974	Organic compounds; Lipids and lipid-like molecules; Alcohols and polyols; Glycerolipids; Organic acids and derivatives; Carboxylic acids and derivatives; Primary alcohols; Organooxygen compounds; Fatty acid esters; Dicarboxylic acids and derivatives; Carboxylic acid derivatives; Diacylglycerols; Carboxylic acid esters; 1,2-diacylglycerols; Secondary alcohols; Carbonyl compounds; Diradylglycerols; Fatty Acyls; Organic oxides; Hydrocarbon derivatives; Organic oxygen compounds; Chemical entities	657.504	636	10.595	816701342867453260	816699166253963158	816699166253963157	3341	
1	C35H64O5	[M + Na]+	C35H64NaO5+	Fatty acids	1.000	Glycerolipids	1.000	Diacylglycerols	1.000	Lipids and lipid-like molecules	0.996	Glycerolipids	1.000	Diradylglycerols	0.993	Diacylglycerols	0.989	1,2-diacylglycerols	0.936	Organic compounds; Lipids and lipid-like molecules; Alcohols and polyols; Glycerolipids; Organic acids and derivatives; Carboxylic acids and derivatives; Primary alcohols; Organooxygen compounds; Fatty acid esters; Dicarboxylic acids and derivatives; Carboxylic acid derivatives; Diacylglycerols; Carboxylic acid esters; 1,2-diacylglycerols; Secondary alcohols; Carbonyl compounds; Diradylglycerols; Fatty Acyls; Organic oxides; Hydrocarbon derivatives; Organic oxygen compounds; Chemical entities	587.464	637	10.615	816701336299172184	816699166539175845	816699166539175844	3350	
1	C32H44O8	[M + Na]+	C32H44NaO8+	Terpenoids	0.528	Diterpenoids	0.234	Labdane diterpenoids	0.048	Benzenoids	0.643							Benzenoids	0.643	Organic compounds; Lipids and lipid-like molecules; Ketones; Alcohols and polyols; Ethers; Prenol lipids; Organic acids and derivatives; Carboxylic acids and derivatives; Organooxygen compounds; Carboxylic acid esters; Secondary alcohols; Carbonyl compounds; Benzenoids; Organic oxides; Hydrocarbon derivatives; Organic oxygen compounds; Chemical entities	579.290	637	10.623	816701344809416587	816699166639839146	816699166639839145	3352	
1	C30H51BrO8	[M + H]+	C30H52BrO8+	Terpenoids	0.837	Diterpenoids	0.325	Pimarane and Isopimarane diterpenoids	0.072	Organic oxygen compounds	1.000	Organooxygen compounds	0.999	Carbohydrates and carbohydrate conjugates	0.974	Monosaccharides	0.950	Hexoses	0.745	Organic compounds; Organoheterocyclic compounds; Carbohydrates and carbohydrate conjugates; Lipids and lipid-like molecules; Alcohols and polyols; Ethers; Prenol lipids; Organohalogen compounds; Primary alcohols; Organooxygen compounds; Hexoses; Monosaccharides; Acetals; Secondary alcohols; Oxanes; Glycosyl compounds; O-glycosyl compounds; Polyols; Oxacyclic compounds; Hydrocarbon derivatives; Organic oxygen compounds; Chemical entities	619.283	638	10.629	816701393568204461	816699166744696751	816699166744696750	3354	
1	C20H41NO	[M + H]+	C20H42NO+	Fatty acids	0.992	Fatty amides	0.983	Primary amides	0.420	Lipids and lipid-like molecules	0.529							Lipids and lipid-like molecules	0.529	Organic compounds; Lipids and lipid-like molecules; Organonitrogen compounds; Organooxygen compounds; Amines; Organic oxides; Hydrocarbon derivatives; Organopnictogen compounds; Organic oxygen compounds; Organic nitrogen compounds; Chemical entities	312.324	639	10.657	816701341525275664	816699167122184132	816699167122184131	3366	
1	C21H32N2O5	[M + H]+	C21H33N2O5+	Amino acids and Peptides	0.896	Small peptides	0.629	Dipeptides	0.311	Organic acids and derivatives	0.998	Carboxylic acids and derivatives	0.995	Amino acids, peptides, and analogues	0.772	Amino acids and derivatives	0.772	Alpha amino acids and derivatives	0.639	Organic compounds; Lipids and lipid-like molecules; Amino acids, peptides, and analogues; Alpha amino acids and derivatives; Benzoic acids and derivatives; Organic acids and derivatives; Carboxylic acids and derivatives; Organonitrogen compounds; Organooxygen compounds; Amino acids and derivatives; Carboxylic acid amides; Carboxylic acid derivatives; Carboxylic acids; Secondary carboxylic acid amides; Carbonyl compounds; Benzene and substituted derivatives; Benzenoids; Organic oxides; Hydrocarbon derivatives; Organopnictogen compounds; Organic oxygen compounds; Organic nitrogen compounds; Chemical entities	393.239	641	10.680	816701346994649374	816699167604529117	816699167604529116	3377	
1	C19H34O2	[M + H]+	C19H35O2+	Terpenoids	0.721	Diterpenoids	0.433	Labdane diterpenoids	0.172	Lipids and lipid-like molecules	0.889	Prenol lipids	0.649					Prenol lipids	0.649	Organic compounds; Lipids and lipid-like molecules; Alcohols and polyols; Prenol lipids; Organooxygen compounds; Carbonyl compounds; Fatty Acyls; Organic oxides; Hydrocarbon derivatives; Organic oxygen compounds; Chemical entities	295.262	641	10.690	816701344272545473	816699167768106983	816699167768106982	3381	
1	C26H54NO7P	[M + H]+	C26H55NO7P+	Fatty acids	1.000	Glycerophospholipids	1.000	Glycerophosphocholines	1.000	Lipids and lipid-like molecules	0.989	Glycerophospholipids	0.999	Glycerophosphocholines	0.998	Lysophosphatidylcholines	0.991	1-acyl-sn-glycero-3-phosphocholines	0.989	Organic compounds; Lipids and lipid-like molecules; Alcohols and polyols; Glycerophospholipids; Organic acids and derivatives; Carboxylic acids and derivatives; Organonitrogen compounds; Organooxygen compounds; Fatty acid esters; Organic phosphoric acids and derivatives; Phosphate esters; Quaternary ammonium salts; Cholines; Carboxylic acid derivatives; Monocarboxylic acids and derivatives; Carboxylic acid esters; Phosphocholines; Lysophosphatidylcholines; 1-acyl-sn-glycero-3-phosphocholines; Secondary alcohols; Carbonyl compounds; Glycerophosphocholines; Amines; Alkyl phosphates; Dialkyl phosphates; Organic cations; Organic salts; Fatty Acyls; Organic oxides; Hydrocarbon derivatives; Tetraalkylammonium salts; Organopnictogen compounds; Organic oxygen compounds; Organic nitrogen compounds; Chemical entities	524.369	642	10.699	816701342280250578	816699167835215853	816699167835215852	3383	
1	C44H82NO8P	[M + H]+	C44H83NO8P+	Fatty acids	0.999	Glycerophospholipids	1.000	Glycerophosphocholines	0.996	Lipids and lipid-like molecules	0.990	Glycerophospholipids	0.999	Glycerophosphocholines	0.993	Phosphatidylcholines	0.987	Phosphatidylcholines	0.987	Organic compounds; Lipids and lipid-like molecules; Glycerophospholipids; Organic acids and derivatives; Carboxylic acids and derivatives; Organonitrogen compounds; Organooxygen compounds; Fatty acid esters; Dicarboxylic acids and derivatives; Organic phosphoric acids and derivatives; Phosphate esters; Quaternary ammonium salts; Cholines; Carboxylic acid derivatives; Carboxylic acid esters; Phosphocholines; Phosphatidylcholines; Carbonyl compounds; Glycerophosphocholines; Amines; Alkyl phosphates; Dialkyl phosphates; Organic cations; Organic salts; Fatty Acyls; Organic oxides; Hydrocarbon derivatives; Tetraalkylammonium salts; Organopnictogen compounds; Organic oxygen compounds; Organic nitrogen compounds; Chemical entities	784.582	643	10.709	816701342519325961	816699167906519026	816699167906519025	3386	
1	C48H92NO8P	[M + H]+	C48H93NO8P+	Fatty acids	1.000	Glycerophospholipids	1.000	Glycerophosphocholines	0.998	Lipids and lipid-like molecules	0.991	Glycerophospholipids	0.999	Glycerophosphocholines	0.995	Phosphatidylcholines	0.989	Phosphatidylcholines	0.989	Organic compounds; Lipids and lipid-like molecules; Glycerophospholipids; Organic acids and derivatives; Carboxylic acids and derivatives; Organonitrogen compounds; Organooxygen compounds; Fatty acid esters; Dicarboxylic acids and derivatives; Organic phosphoric acids and derivatives; Phosphate esters; Quaternary ammonium salts; Cholines; Carboxylic acid derivatives; Carboxylic acid esters; Phosphocholines; Phosphatidylcholines; Carbonyl compounds; Glycerophosphocholines; Amines; Alkyl phosphates; Dialkyl phosphates; Organic cations; Organic salts; Fatty Acyls; Organic oxides; Hydrocarbon derivatives; Tetraalkylammonium salts; Organopnictogen compounds; Organic oxygen compounds; Organic nitrogen compounds; Chemical entities	842.661	643	10.724	816701345103017977	816699168099457020	816699168095262715	3400	
1	C30H46O2	[M + H]+	C30H47O2+	Terpenoids	0.999	Triterpenoids	0.997	Lupane triterpenoids	0.626	Lipids and lipid-like molecules	0.990	Prenol lipids	0.980	Triterpenoids	0.951			Triterpenoids	0.951	Organic compounds; Lipids and lipid-like molecules; Prenol lipids; Organic acids and derivatives; Carboxylic acids and derivatives; Organooxygen compounds; Carboxylic acid derivatives; Monocarboxylic acids and derivatives; Carboxylic acid esters; Triterpenoids; Carbonyl compounds; Organic oxides; Hydrocarbon derivatives; Organic oxygen compounds; Chemical entities	439.355	644	10.739	816701353206413977	816699169043175440	816699169043175439	3402	
1	C37H70O5	[M + Na]+	C37H70NaO5+	Fatty acids	1.000	Glycerolipids	1.000	Diacylglycerols	1.000	Lipids and lipid-like molecules	0.996	Glycerolipids	0.995	Diradylglycerols	0.992	Diacylglycerols	0.997	1,2-diacylglycerols	0.990	Organic compounds; Lipids and lipid-like molecules; Alcohols and polyols; Glycerolipids; Organic acids and derivatives; Carboxylic acids and derivatives; Primary alcohols; Organooxygen compounds; Fatty acid esters; Dicarboxylic acids and derivatives; Carboxylic acid derivatives; Diacylglycerols; Carboxylic acid esters; 1,2-diacylglycerols; Carbonyl compounds; Diradylglycerols; Fatty Acyls; Organic oxides; Hydrocarbon derivatives; Organic oxygen compounds; Chemical entities	617.510	645	10.742	816701353667787454	816699169143838741	816699169143838740	3406	
1	C19H40O3	[M + Na]+	C19H40NaO3+	Fatty acids	1.000	Fatty acyls	0.993	Fatty alcohols	0.998	Lipids and lipid-like molecules	0.977	Fatty Acyls	0.960	Fatty alcohols	0.903	Long-chain fatty alcohols	0.879	Long-chain fatty alcohols	0.879	Organic compounds; Lipids and lipid-like molecules; Alcohols and polyols; Primary alcohols; Organooxygen compounds; Monocarboxylic acids and derivatives; Carboxylic acid esters; Fatty alcohols; Secondary alcohols; Polyols; 1,2-diols; Long-chain fatty alcohols; Monoradylglycerols; Fatty Acyls; Hydrocarbon derivatives; Organic oxygen compounds; Chemical entities	339.288	645	10.751	816701359380429971	816699169240307738	816699169240307737	3405	
1	C39H70O6	[M + Na]+	C39H70NaO6+	Fatty acids	1.000	Glycerolipids	1.000	Diacylglycerols	0.997	Lipids and lipid-like molecules	0.992	Glycerolipids	0.999	Diradylglycerols	0.982	Diacylglycerols	0.985	1,2-diacylglycerols	0.923	Organic compounds; Lipids and lipid-like molecules; Alcohols and polyols; Glycerolipids; Organic acids and derivatives; Carboxylic acids and derivatives; Primary alcohols; Organooxygen compounds; Fatty acid esters; Dicarboxylic acids and derivatives; Carboxylic acid derivatives; Diacylglycerols; Carboxylic acid esters; 1,2-diacylglycerols; Carbonyl compounds; Diradylglycerols; Fatty Acyls; Organic oxides; Hydrocarbon derivatives; Organic oxygen compounds; Chemical entities	657.505	646	10.761	816701361670520198	816699169340971039	816699169340971038	3434	
1	C37H68O4	[M + H]+	C37H69O4+	Fatty acids	1.000	Glycerolipids	0.995	Diacylglycerols	0.988	Lipids and lipid-like molecules	0.991	Glycerolipids	0.883	Diradylglycerols	0.833	Diacylglycerols	0.909	1,2-diacylglycerols	0.862	Organic compounds; Lipids and lipid-like molecules; Alcohols and polyols; Glycerolipids; Organic acids and derivatives; Carboxylic acids and derivatives; Primary alcohols; Organooxygen compounds; Fatty acid esters; Dicarboxylic acids and derivatives; Carboxylic acid derivatives; Diacylglycerols; Carboxylic acid esters; 1,2-diacylglycerols; Carbonyl compounds; Diradylglycerols; Fatty Acyls; Organic oxides; Hydrocarbon derivatives; Organic oxygen compounds; Chemical entities	577.513	647	10.777	816701374572200564	816699169831704633	816699169831704632	3412	
1	C33H64N2O3	[M + H]+	C33H65N2O3+	Fatty acids	0.999	Spingolipids	0.595	Ceramides	0.532	Lipids and lipid-like molecules	0.964	Sphingolipids	0.399	Ceramides	0.600			Ceramides	0.600	Organic compounds; Lipids and lipid-like molecules; Alcohols and polyols; Organic acids and derivatives; Carboxylic acids and derivatives; Organonitrogen compounds; Organooxygen compounds; Fatty amides; Carboxylic acid amides; Carboxylic acid derivatives; N-acyl amines; Ceramides; Secondary alcohols; Secondary carboxylic acid amides; Carbonyl compounds; Fatty Acyls; Organic oxides; Hydrocarbon derivatives; Organopnictogen compounds; Organic oxygen compounds; Organic nitrogen compounds; Chemical entities	537.502	647	10.788	816701375293621013	816699169928173630	816699169928173629	3385	
1	C35H71NO3	[M + O + H]+	C35H72NO4+	Fatty acids	1.000	Spingolipids	1.000	Ceramides	1.000	Lipids and lipid-like molecules	0.973	Sphingolipids	0.991	Ceramides	0.999	Long-chain ceramides	0.808	Long-chain ceramides	0.808	Organic compounds; Lipids and lipid-like molecules; Alcohols and polyols; Sphingolipids; Organic acids and derivatives; Carboxylic acids and derivatives; Organonitrogen compounds; Primary alcohols; Organooxygen compounds; Fatty amides; Carboxylic acid amides; Carboxylic acid derivatives; N-acyl amines; Ceramides; Secondary alcohols; Secondary carboxylic acid amides; Long-chain ceramides; Carbonyl compounds; Fatty Acyls; Organic oxides; Hydrocarbon derivatives; Organopnictogen compounds; Organic oxygen compounds; Organic nitrogen compounds; Chemical entities	570.544	648	10.807	816701375545279324	816699170200803405	816699170200803404	3428	
1	C34H65NO3	[M - H2O + H]+	C34H64NO2+	Fatty acids	1.000	Spingolipids	1.000	Ceramides	1.000	Lipids and lipid-like molecules	0.994	Sphingolipids	0.991	Ceramides	0.997	Long-chain ceramides	0.650	Long-chain ceramides	0.650	Organic compounds; Lipids and lipid-like molecules; Alcohols and polyols; Sphingolipids; Organic acids and derivatives; Carboxylic acids and derivatives; Organonitrogen compounds; Primary alcohols; Organooxygen compounds; Fatty amides; Carboxylic acid amides; Carboxylic acid derivatives; N-acyl amines; Ceramides; Secondary alcohols; Secondary carboxylic acid amides; Long-chain ceramides; Carbonyl compounds; Fatty Acyls; Organic oxides; Hydrocarbon derivatives; Organopnictogen compounds; Organic oxygen compounds; Organic nitrogen compounds; Chemical entities	518.491	649	10.817	816701376203785219	816699170607650920	816699170607650919	3433	
1	C25H46	[M + Na]+	C25H46Na+	Terpenoids	0.979	Steroids	0.968	Cholestane steroids	0.871	Lipids and lipid-like molecules	0.989	Steroids and steroid derivatives	0.958	Cholestane steroids	0.680			Cholestane steroids	0.680	Organic compounds; Lipids and lipid-like molecules; Steroids and steroid derivatives; Hydrocarbons; Cholestane steroids; Polycyclic hydrocarbons; Chemical entities	369.346	649	10.822	816701389805913570	816699170695731309	816699170695731308	3437	
1	C34H65NO3	[M + H]+	C34H66NO3+	Fatty acids	1.000	Spingolipids	1.000	Ceramides	1.000	Lipids and lipid-like molecules	0.995	Sphingolipids	0.995	Ceramides	0.999	Long-chain ceramides	0.733	Long-chain ceramides	0.733	Organic compounds; Lipids and lipid-like molecules; Alcohols and polyols; Sphingolipids; Organic acids and derivatives; Carboxylic acids and derivatives; Organonitrogen compounds; Primary alcohols; Organooxygen compounds; Fatty amides; Carboxylic acid amides; Carboxylic acid derivatives; N-acyl amines; Ceramides; Secondary alcohols; Secondary carboxylic acid amides; Long-chain ceramides; Carbonyl compounds; Fatty Acyls; Organic oxides; Hydrocarbon derivatives; Organopnictogen compounds; Organic oxygen compounds; Organic nitrogen compounds; Chemical entities	536.502	649	10.823	816701392083420776	816699170788006002	816699170788006001	3438	
1	C23H46O4	[M + Na]+	C23H46NaO4+	Fatty acids	0.973	Glycerolipids	0.884	Monoacylglycerols	0.842	Lipids and lipid-like molecules	0.972	Fatty Acyls	0.870	Fatty alcohols	0.675	Long-chain fatty alcohols	0.561	Long-chain fatty alcohols	0.561	Organic compounds; Lipids and lipid-like molecules; Alcohols and polyols; Glycerolipids; Primary alcohols; Organooxygen compounds; Fatty alcohols; Secondary alcohols; Long-chain fatty alcohols; Monoradylglycerols; Fatty Acyls; Hydrocarbon derivatives; Organic oxygen compounds; Chemical entities	409.327	651	10.853	816701404339177817	816699171043858561	816699171043858560	3446	
1	C22H43NO	[M + H]+	C22H44NO+	Fatty acids	1.000	Fatty amides	1.000	Primary amides	1.000	Lipids and lipid-like molecules	0.864	Fatty Acyls	0.891	Fatty amides	0.870			Fatty amides	0.870	Organic compounds; Lipids and lipid-like molecules; Organic acids and derivatives; Carboxylic acids and derivatives; Organonitrogen compounds; Organooxygen compounds; Fatty amides; Carboxylic acid amides; Carboxylic acid derivatives; Primary carboxylic acid amides; Carbonyl compounds; Fatty Acyls; Organic oxides; Hydrocarbon derivatives; Organopnictogen compounds; Organic oxygen compounds; Organic nitrogen compounds; Chemical entities	338.341	653	10.883	816701394293819094	816699171245185164	816699171245185163	3456	
1	C22H40O	[M + H]+	C22H41O+	Fatty acids	0.982	Fatty Acids and Conjugates	0.573	Unsaturated fatty acids	0.605	Lipids and lipid-like molecules	0.941	Fatty Acyls	0.852					Fatty Acyls	0.852	Organic compounds; Lipids and lipid-like molecules; Alcohols and polyols; Organooxygen compounds; Carbonyl compounds; Fatty Acyls; Hydrocarbon derivatives; Organic oxygen compounds; Chemical entities	321.314	653	10.886	816701409007438560	816699171652032677	816699171647838372	3465	
1	C19H35N3O2	[M + H]+	C19H36N3O2+	Fatty acids	0.534	Fatty amides	0.758	Primary amides	0.253	Lipids and lipid-like molecules	0.774	Fatty Acyls	0.660	Fatty amides	0.671			Fatty amides	0.671	Organic compounds; Lipids and lipid-like molecules; Organic acids and derivatives; Carboxylic acids and derivatives; Organonitrogen compounds; Organooxygen compounds; Fatty amides; Carboxylic acid amides; Ureas; Carboxylic acid derivatives; Primary carboxylic acid amides; Carbonyl compounds; Fatty Acyls; Organic oxides; Hydrocarbon derivatives; Organopnictogen compounds; Organic oxygen compounds; Organic nitrogen compounds; Chemical entities	338.282	653	10.888	816701428158631877	816699171828193455	816699171823999150	3468	
1	C19H35N3O2	[M + H]+	C19H36N3O2+	Fatty acids	0.530	Fatty amides	0.795	Primary amides	0.231	Lipids and lipid-like molecules	0.737	Fatty Acyls	0.634	Fatty amides	0.660			Fatty amides	0.660	Organic compounds; Lipids and lipid-like molecules; Organic acids and derivatives; Carboxylic acids and derivatives; Organonitrogen compounds; Organooxygen compounds; Fatty amides; Carboxylic acid amides; Ureas; Carboxylic acid derivatives; Primary carboxylic acid amides; Carbonyl compounds; Fatty Acyls; Organic oxides; Hydrocarbon derivatives; Organopnictogen compounds; Organic oxygen compounds; Organic nitrogen compounds; Chemical entities	338.283	654	10.892	816701462338016530	816699171928856756	816699171928856755	3472	
1	C29H44O3	[M + H]+	C29H45O3+	Terpenoids	1.000	Meroterpenoids	1.000	Prenyl quinone meroterpenoids	1.000	Lipids and lipid-like molecules	0.959	Prenol lipids	0.945	Quinone and hydroquinone lipids	0.995	Vitamin E compounds	0.998	Tocopherols	0.521	Organic compounds; Organoheterocyclic compounds; Lipids and lipid-like molecules; Benzopyrans; Alkyl aryl ethers; Tocopherols; Ethers; Prenol lipids; Organic acids and derivatives; Carboxylic acids and derivatives; Organooxygen compounds; Carboxylic acid derivatives; Monocarboxylic acids and derivatives; Carboxylic acid esters; Quinone and hydroquinone lipids; Vitamin E compounds; Diterpenoids; Carbonyl compounds; Benzenoids; 1-benzopyrans; Organic oxides; Oxacyclic compounds; Hydrocarbon derivatives; Organic oxygen compounds; Chemical entities	441.335	657	10.950	816701423855275895	816699172226652501	816699172222458196	3482	
1	C23H32O2	[M + H]+	C23H33O2+	Terpenoids	0.998	Meroterpenoids	0.995	Prenyl quinone meroterpenoids	0.995	Lipids and lipid-like molecules	0.856	Prenol lipids	0.885	Quinone and hydroquinone lipids	0.932	Vitamin E compounds	0.968	Vitamin E compounds	0.968	Organic compounds; Organoheterocyclic compounds; Lipids and lipid-like molecules; Benzopyrans; Alkyl aryl ethers; Ethers; Prenol lipids; Organooxygen compounds; Monocarboxylic acids and derivatives; Quinone and hydroquinone lipids; Vitamin E compounds; Diterpenoids; Carbonyl compounds; Benzenoids; 1-benzopyrans; Organic oxides; Oxacyclic compounds; Hydrocarbon derivatives; Organic oxygen compounds; Chemical entities	341.246	657	10.952	816701421825232654	816699172302149979	816699172302149978	3484	
1	C26H37FN4O2	[M + K]+	C26H37FKN4O2+	Alkaloids	0.756	Tryptophan alkaloids	0.067	Tropane alkaloids	0.051	Benzenoids	0.969	Benzene and substituted derivatives	0.813	Halobenzenes	0.638	Fluorobenzenes	0.646	Fluorobenzenes	0.646	Organic compounds; Organoheterocyclic compounds; Halobenzenes; Organic acids and derivatives; Carboxylic acids and derivatives; Organohalogen compounds; Organonitrogen compounds; Organooxygen compounds; Azoles; Carboxylic acid amides; Aryl fluorides; Carboxylic acid derivatives; Fluorobenzenes; Organofluorides; Secondary carboxylic acid amides; Benzene and substituted derivatives; Benzenoids; Amines; Aryl halides; Organic oxides; Azacyclic compounds; Heteroaromatic compounds; Hydrocarbon derivatives; Organopnictogen compounds; Organic oxygen compounds; Organic nitrogen compounds; Chemical entities	495.256	657	10.952	816701445271393239	816699172419590499	816699172419590498	3481	
1	C29H44O3	[M - H2O + H]+	C29H43O2+	Terpenoids	1.000	Meroterpenoids	1.000	Prenyl quinone meroterpenoids	1.000	Lipids and lipid-like molecules	0.955	Prenol lipids	0.957	Quinone and hydroquinone lipids	0.994	Vitamin E compounds	0.996	Tocopherols	0.738	Organic compounds; Organoheterocyclic compounds; Lipids and lipid-like molecules; Benzopyrans; Alkyl aryl ethers; Phenols; Tocopherols; Ethers; Prenol lipids; Organic acids and derivatives; Carboxylic acids and derivatives; Organooxygen compounds; Monocarboxylic acids and derivatives; Carboxylic acids; Quinone and hydroquinone lipids; Vitamin E compounds; Diterpenoids; Carbonyl compounds; Benzenoids; 1-benzopyrans; Organic oxides; Oxacyclic compounds; Hydrocarbon derivatives; Organic oxygen compounds; Chemical entities	423.324	657	10.953	816701441035145756	816699172583168378	816699172583168377	3485	
1	C11H18O2	[M + Na]+	C11H18NaO2+	Terpenoids	0.668	Sesquiterpenoids	0.303	Bisabolane sesquiterpenoids	0.195	Benzenoids	0.986	Phenol ethers	0.856	Anisoles	0.786			Anisoles	0.786	Organic compounds; Alkyl aryl ethers; Anisoles; Ethers; Organooxygen compounds; Benzene and substituted derivatives; Phenol ethers; Benzenoids; Methoxybenzenes; Hydrocarbon derivatives; Organic oxygen compounds; Phenoxy compounds; Chemical entities	205.121	657	10.955	816701445481108464	816699172620917121	816699172616722816	3489	
