Query.Mass,Matched.Compound,Matched.Form,Retention.Time,Mass.Diff,Empirical.Compound
163.05936,(-)-1-Methylpropyl 1-propenyl disulfide,M+H[1+],0.7702,0.00160829477002267,EC0001
163.05949,(-)-1-Methylpropyl 1-propenyl disulfide,M+H[1+],6.3524,0.00147829477000982,EC0002
163.05952,(-)-1-Methylpropyl 1-propenyl disulfide,M+H[1+],6.1637,0.00144829477002872,EC0002
201.01492,(-)-1-Methylpropyl 1-propenyl disulfide,M+K[1+],0.7324,0.00154829477003204,EC0001
354.23173,(-)-Aspidospermine,M[1+],6.8333,0.00100178600001755,EC0003
355.23527,(-)-Aspidospermine,M+H[1+],6.8361,0.00273468077000416,EC0003
377.21845,(-)-Aspidospermine,M+Na[1+],9.7549,0.00155468076997067,EC0004
195.08545,(-)-Bornesitol,M+H[1+],6.4443,0.000864646769997535,EC0005
235.08929,(2-Chlorophenyl)diphenylmethane,M-H2O+H[1+],2.5926,0.000913533230004759,EC0006
113.05656,"(2R,3R)-2,3-Butanediol",M+Na[1+],1.2082,0.000796030769990352,EC0007
163.05304,"(2S,5S)-Methionine sulfoximine",M-H2O+H[1+],8.3205,0.000499466769980472,EC0008
411.09519,(5R)-Zopiclone,M+Na[1+],0.8195,0.000813533230029861,EC0009
395.18677,(Ac)2-L-Lysyl-D-alanyl-D-alanine,M+Na[1+],10.6841,0.0033914667700401,EC00010
144.07976,(R)-Boschniakine,M-H2O+H[1+],3.6705,0.000980445770011329,EC00011
144.0798,(R)-Boschniakine,M-H2O+H[1+],2.3272,0.000940445769998632,EC00011
139.11076,(S)-4-Nonanolide,M-H2O+H[1+],5.7743,0.000946466769988774,EC00012
157.12126,(S)-4-Nonanolide,M+H[1+],5.7766,0.00104646676999209,EC00012
183.11172,(S)-ATPA,M-HCOOH+H[1+],2.0948,0.00116346677000934,EC00013
211.10664,(S)-ATPA,M-H2O+H[1+],2.0433,0.00104346676999967,EC00013
211.10667,(S)-ATPA,M-H2O+H[1+],2.7578,0.00101346676999015,EC00013
247.12755,(S)-ATPA,M+H2O+H[1+],1.7436,0.00133346677000645,EC00013
330.17223,(S)-Reticuline,M+H[1+],2.2086,0.00224530423002989,EC00014
324.16194,(S)-Tetrahydrocolumbamine,M-H2O+H[1+],2.5611,0.00255553323000868,EC00015
342.16854,(S)-Tetrahydrocolumbamine,M+H[1+],4.8874,0.00144446677001042,EC00016
166.08535,1-Azaniumylcyclohexane-1-carboxylate,M+Na[1+],1.5172,0.00147353322998356,EC00017
245.09833,1-Hydroxychrysene,M+H[1+],2.1809,0.0022385332299848,EC00018
245.09843,1-Hydroxychrysene,M+H[1+],1.4196,0.00233853322998812,EC00018
411.18288,1-Isomangostin,M+H[1+],9.0337,0.00266496923001114,EC00019
265.09429,1-Methylinosine,M-H2O+H[1+],1.2085,0.00119395523000776,EC00020
299.2568,1-Naphthylacetylspermine,M-C3H4O2+H[1+],8.8454,0.00263846677000856,EC00021
299.25685,1-Naphthylacetylspermine,M-C3H4O2+H[1+],8.9605,0.00258846677002111,EC00021
299.25846,1-Naphthylacetylspermine,M-C3H4O2+H[1+],8.5196,0.000978466769993247,EC00021
335.25635,1-Naphthylacetylspermine,M-H4O2+H[1+],9.0261,0.00298846676997755,EC00021
335.25666,1-Naphthylacetylspermine,M-H4O2+H[1+],8.9214,0.00267846676996442,EC00021
353.26673,1-Naphthylacetylspermine,M-H2O+H[1+],8.6002,0.00320846676999054,EC00021
353.26707,1-Naphthylacetylspermine,M-H2O+H[1+],8.7096,0.0028684667699963,EC00021
353.2671,1-Naphthylacetylspermine,M-H2O+H[1+],8.4633,0.00283846676995836,EC00021
353.26713,1-Naphthylacetylspermine,M-H2O+H[1+],8.1516,0.00280846676997726,EC00021
353.26715,1-Naphthylacetylspermine,M-H2O+H[1+],8.3655,0.00278846676997091,EC00021
353.26716,1-Naphthylacetylspermine,M-H2O+H[1+],8.922,0.00277846676999616,EC00021
353.2672,1-Naphthylacetylspermine,M-H2O+H[1+],9.0242,0.00273846676998346,EC00021
393.25951,1-Naphthylacetylspermine,M+Na[1+],8.431,0.00302846677004709,EC00021
393.25954,1-Naphthylacetylspermine,M+Na[1+],8.1471,0.00299846677000914,EC00021
393.25958,1-Naphthylacetylspermine,M+Na[1+],8.103,0.00295846676999645,EC00021
393.26125,1-Naphthylacetylspermine,M+Na[1+],8.4439,0.00128846677000638,EC00021
249.06349,"1-Phenazinecarboxylic acid, 6-acetyl-",M-H2O+H[1+],4.4102,0.00232846676999543,EC00022
250.04847,"1-Phenazinecarboxylic acid, 6-acetyl-",M-NH3+H[1+],4.4009,0.00144846677000032,EC00022
269.07426,"1-Phenazinecarboxylic acid, 6-acetyl-",M(Cl37)+H[1+],4.7692,0.000641533229952529,EC00022
269.07426,"1-Phenazinecarboxylic acid, 6-acetyl-",M(S34)+H[1+],4.7692,0.002041533229999,EC00022
233.12734,1-Phenylurea-3-hexanoic acid,M-H2O+H[1+],2.559,0.00107946676999404,EC00023
273.12207,1-Phenylurea-3-hexanoic acid,M+Na[1+],5.7716,0.00105053322999993,EC00024
130.04908,1-Pyrroline-4-hydroxy-2-carboxylate,M+H[1+],0.9782,0.000789561770005776,EC00025
148.05956,1-Pyrroline-4-hydroxy-2-carboxylate,M+H2O+H[1+],0.8487,0.000909561770015443,EC00025
145.04857,"1,2-Anhydro-myo-inositol",M-H2O+H[1+],1.364,0.000929466769974852,EC00026
163.05936,"1,2-Anhydro-myo-inositol",M+H[1+],0.7702,0.000739466769999808,EC0001
163.05949,"1,2-Anhydro-myo-inositol",M+H[1+],6.3524,0.000609466769986966,EC0002
163.05952,"1,2-Anhydro-myo-inositol",M+H[1+],6.1637,0.000579466770005865,EC0002
185.04103,"1,2-Anhydro-myo-inositol",M+Na[1+],1.9353,0.00106946676999087,EC00026
185.04105,"1,2-Anhydro-myo-inositol",M+Na[1+],1.578,0.00104946676998452,EC00026
201.01492,"1,2-Anhydro-myo-inositol",M+K[1+],0.7324,0.000679466770009185,EC0001
199.02028,"1,2-Dihydroxydibenzothiophene",M-H2O+H[1+],1.0098,0.000896466769972903,EC00027
199.02028,"1,2,3-Propanetricarboxylic acid",M+Na[1+],1.0098,0.00108445476999464,EC00028
123.05431,"1,3-Dimethyluracil",M-H2O+H[1+],1.0098,0.000943976769988808,EC00029
124.03838,"1,3-Dimethyluracil",M-NH3+H[1+],0.9702,0.00097397676998412,EC00029
205.04789,"1,4-Dihydroxy-2-naphthoic acid",M+H[1+],0.8951,0.00164546677001454,EC00030
171.10052,"1,4-Ipomeadiol",M+H[1+],5.0379,0.00105078077001508,EC00031
171.10057,"1,4-Ipomeadiol",M+H[1+],5.6279,0.00100078076999921,EC00032
124.03838,"1,4,5,6-Tetrahydro-6-oxonicotinic acid",M-H2O+H[1+],0.9702,0.000889466770004788,EC00033
147.06427,"1,5-Anhydro-mannitol",M-H2O+H[1+],0.9256,0.000879466770015824,EC00034
165.07459,"1,5-Anhydro-mannitol",M+H[1+],0.7944,0.00115946677001943,EC00034
147.06427,"1,5-Anhydrosorbitol",M-H2O+H[1+],0.9256,0.000879960769992749,EC00034
165.07459,"1,5-Anhydrosorbitol",M+H[1+],0.7944,0.00115996076999636,EC00034
190.09657,"2-(Dimethylamino)-5,6-dimethylpyrimidin-4-ol",M+Na[1+],2.1093,0.00143153323000433,EC00035
123.05431,2-Acetylpyrazine,M+H[1+],1.0098,0.000979290769990371,EC00036
144.03169,2-Amino-4-chloro-6-methylpyrimidine,M+H[1+],0.6118,0.000586466770016614,EC00037
170.11655,"2-Amino-9,10-epoxy-8-oxodecanoic acid",M-HCOOH+H[1+],4.9067,0.00108446677000984,EC00038
172.13219,"2-Amino-9,10-epoxy-8-oxodecanoic acid",M-CO2+H[1+],5.0299,0.00104446676999714,EC00038
188.12712,"2-Amino-9,10-epoxy-8-oxodecanoic acid",M-CO+H[1+],4.9041,0.000914466770012723,EC00038
216.12258,"2-Amino-9,10-epoxy-8-oxodecanoic acid",M+H[1+],0.6339,0.000454466770008821,EC00039
238.10619,"2-Amino-9,10-epoxy-8-oxodecanoic acid",M+Na[1+],5.2358,0.00115553322999062,EC00038
265.10389,2-Aminoadenosine,M-H2O+H[1+],4.1363,0.000439466770046693,EC00040
138.05389,2-Aminobenzoic acid,M+H[1+],0.8215,0.00106493977000355,EC00041
176.00979,2-Aminobenzoic acid,M+K[1+],0.8418,0.000664939769990269,EC00041
130.04908,2-Aminomuconic acid,M-CO+H[1+],0.9782,0.000704183770011468,EC00042
140.03325,2-Aminomuconic acid,M-H2O+H[1+],0.9647,0.000934183769999208,EC00042
140.03327,2-Aminomuconic acid,M-H2O+H[1+],2.8253,0.000914183770021282,EC00043
144.07976,2-Aminonaphthalene,M+H[1+],3.6705,0.00101575977001289,EC00044
144.0798,2-Aminonaphthalene,M+H[1+],2.3272,0.000975759770000195,EC00044
145.08321,2-Aminonaphthalene,M(C13)+H[1+],2.3225,0.000965759769997021,EC00044
145.08481,2-Aminonaphthalene,M(C13)+H[1+],3.7186,0.00063424022999925,EC00044
170.11655,2-Butenyl-4-methylthreonine,M-H2O+H[1+],4.9067,0.00096946677001597,EC00045
171.10052,2-Butenyl-4-methylthreonine,M-NH3+H[1+],5.0379,0.00109946677002881,EC00045
188.12712,2-Butenyl-4-methylthreonine,M+H[1+],4.9041,0.000999466770025492,EC00045
210.10902,2-Butenyl-4-methylthreonine,M+Na[1+],4.9043,0.00109946677002881,EC00045
174.99365,"2-Chloro-1,4-naphthoquinone",M-H2O+H[1+],0.8762,0.000833466769989855,EC00046
214.98767,"2-Chloro-1,4-naphthoquinone",M+Na[1+],0.616,0.000586533230006125,EC00047
147.06427,2-Dehydropantoic acid,M+H[1+],0.9256,0.000915466770010198,EC00048
165.07459,2-Dehydropantoic acid,M+H2O+H[1+],0.7944,0.00119546677001381,EC00048
147.06427,2-Deoxy-galactose,M-H2O+H[1+],0.9256,0.000879466770015824,EC00034
165.07459,2-Deoxy-galactose,M+H[1+],0.7944,0.00115946677001943,EC00034
147.06427,2-Deoxy-glucose,M-H2O+H[1+],0.9256,0.000906466770004499,EC00034
165.07459,2-Deoxy-glucose,M+H[1+],0.7944,0.00118646677000811,EC00034
117.05366,2-Deoxy-ribose,M-H2O+H[1+],0.7674,0.000916466769993463,EC00049
203.0516,2-Deoxy-ribose,M+HCOONa[1+],0.5212,0.000976466769998297,EC00049
219.02552,2-Deoxy-ribose,M+HCOOK[1+],0.7397,0.000956466769991948,EC00049
269.13465,2-Deoxystreptidine,M+Na[1+],5.6105,0.00133553323001934,EC00050
327.19991,2-Dodecylbenzenesulfonic acid,M+H[1+],4.7899,0.00106801722995442,EC00051
349.18189,2-Dodecylbenzenesulfonic acid,M+Na[1+],4.7941,0.00104801722994807,EC00051
124.03838,"2-Hydroxy-4-imino-2,5-cyclohexadienone",M+H[1+],0.9702,0.000924875769996447,EC00052
180.06445,"2-Hydroxy-4,7-dimethoxy-2H-1,4-benzoxazin-3(4H)-one",M-HCOOH+H[1+],5.0534,0.00114893376999703,EC00053
182.08008,"2-Hydroxy-4,7-dimethoxy-2H-1,4-benzoxazin-3(4H)-one",M-CO2+H[1+],5.0202,0.00111893376998751,EC00053
226.06991,"2-Hydroxy-4,7-dimethoxy-2H-1,4-benzoxazin-3(4H)-one",M+H[1+],5.0528,0.00108893377000641,EC00053
248.05176,"2-Hydroxy-4,7-dimethoxy-2H-1,4-benzoxazin-3(4H)-one",M+Na[1+],5.0545,0.00123893376999717,EC00053
136.07471,2-Hydroxy-L-Phenylalanine,M-HCOOH+H[1+],5.015,0.00106046676998517,EC00054
146.05906,2-Hydroxy-L-Phenylalanine,M-H4O2+H[1+],5.0643,0.000910466770022822,EC00054
154.08526,2-Hydroxy-L-Phenylalanine,M-CO+H[1+],5.0085,0.0009104667699944,EC00054
182.08008,2-Hydroxy-L-Phenylalanine,M+H[1+],5.0202,0.00109046676999469,EC00054
182.08013,2-Hydroxy-L-Phenylalanine,M+H[1+],0.9628,0.00104046677000724,EC00055
183.08447,2-Hydroxy-L-Phenylalanine,M(C13)+H[1+],0.9399,0.000100466769993091,EC00055
204.06208,2-Hydroxy-L-Phenylalanine,M+Na[1+],5.0184,0.00109046676999469,EC00054
145.04857,2-Hydroxyadipic acid,M-H2O+H[1+],1.364,0.000929896769974903,EC00026
163.05936,2-Hydroxyadipic acid,M+H[1+],0.7702,0.000739896769999859,EC0001
163.05949,2-Hydroxyadipic acid,M+H[1+],6.3524,0.000609896769987017,EC0002
163.05952,2-Hydroxyadipic acid,M+H[1+],6.1637,0.000579896770005917,EC0002
185.04103,2-Hydroxyadipic acid,M+Na[1+],1.9353,0.00106989676999092,EC00026
185.04105,2-Hydroxyadipic acid,M+Na[1+],1.578,0.00104989676998457,EC00026
201.01492,2-Hydroxyadipic acid,M+K[1+],0.7324,0.000679896770009236,EC0001
245.09833,2-Hydroxybenzo[c]-phenanthrene,M+H[1+],2.1809,0.0022385332299848,EC00018
245.09843,2-Hydroxybenzo[c]-phenanthrene,M+H[1+],1.4196,0.00233853322998812,EC00018
245.09833,2-Hydroxychrysene,M+H[1+],2.1809,0.0022385332299848,EC00018
245.09843,2-Hydroxychrysene,M+H[1+],1.4196,0.00233853322998812,EC00018
211.10664,2-Hydroxyfelbamate,M-CO2+H[1+],2.0433,0.00110803476999877,EC00056
211.10667,2-Hydroxyfelbamate,M-CO2+H[1+],2.7578,0.00107803476998924,EC00056
255.09641,2-Hydroxyfelbamate,M+H[1+],2.8474,0.00113803477000829,EC00056
140.03325,2-Hydroxynicotinic acid,M+H[1+],0.9647,0.000969497770000771,EC00057
140.03327,2-Hydroxynicotinic acid,M+H[1+],2.8253,0.000949497770022845,EC00058
120.07984,2-Hydroxyphenethylamine,M-H2O+H[1+],1.5093,0.000900445770000147,EC00059
160.07471,2-Hydroxyphenethylamine,M+Na[1+],1.2777,0.00136955422999563,EC00059
146.05906,2-Hydroxyquinoline,M+H[1+],5.0643,0.00101646677001099,EC00060
203.10558,2-Isopropyl-3-methoxycinnamic acid,M-H2O+H[1+],7.7841,0.000996466770004645,EC00061
203.10561,2-Isopropyl-3-methoxycinnamic acid,M-H2O+H[1+],7.8747,0.000966466769995122,EC00061
221.1161,2-Isopropyl-3-methoxycinnamic acid,M+H[1+],7.8604,0.00107646677003004,EC00061
169.05972,2-Methoxy-5-nitroaniline,M+H[1+],5.3335,0.00104846677001547,EC00062
163.03788,2-Methoxyresorcinol,M+Na[1+],10.6547,0.00130353322998644,EC00063
190.05456,2-Methyl-2-[(1-oxo-2-propenyl)amino]-1-propanesulfonic acid,M-H2O+H[1+],4.7671,0.00135493423002231,EC00064
132.10106,2-Methylbutyrylglycine,M-CO+H[1+],1.0714,0.000759753770012139,EC00065
182.08008,2-Methylbutyrylglycine,M+Na[1+],5.0202,0.00126024623000376,EC00066
182.08013,2-Methylbutyrylglycine,M+Na[1+],0.9628,0.00131024622999121,EC00065
229.0308,2-Methylcitric acid,M+Na[1+],1.2276,0.00112914077001847,EC00067
147.06427,2-Methylglutaric acid,M+H[1+],0.9256,0.000915274770022734,EC00048
165.07459,2-Methylglutaric acid,M+H2O+H[1+],0.7944,0.00119527477002634,EC00048
176.0696,2-Methylhippuric acid,M-H2O+H[1+],5.1887,0.000969689769988236,EC00068
194.08015,2-Methylhippuric acid,M+H[1+],4.2694,0.00101968977000411,EC00069
234.05376,2-Nitrofluorene,M+Na[1+],1.2101,0.00115453322999315,EC00070
280.0594,2-Nitrofluorene,M+HCOONa[1+],1.2073,0.00139453322998406,EC00070
109.10025,2-Octenal,M-H2O+H[1+],9.2969,0.000891536769998424,EC00071
139.11076,2-Pentylfuran,M+H[1+],5.7743,0.000981536770012781,EC00072
157.12126,2-Pentylfuran,M+H2O+H[1+],5.7766,0.0010815367700161,EC00072
161.09499,2-Pentylfuran,M+Na[1+],7.8768,0.00124846322998451,EC00073
139.11076,2-Pentylfuran   n,M+H[1+],5.7743,0.000981466770014094,EC00072
157.12126,2-Pentylfuran   n,M+H2O+H[1+],5.7766,0.00108146677001741,EC00072
161.09499,2-Pentylfuran   n,M+Na[1+],7.8768,0.0012485332299832,EC00073
136.07471,2-Phenylacetamide,M+H[1+],5.015,0.000980381770006034,EC00074
154.08526,2-Phenylacetamide,M+H2O+H[1+],5.0085,0.0010303817700219,EC00074
204.06208,2-Phenylacetamide,M+HCOONa[1+],5.0184,0.00101038176998713,EC00074
197.07739,2-Propylglutaric acid,M+Na[1+],5.042,0.00109540277000519,EC00075
197.07985,2-Propylglutaric acid,M+Na[1+],7.7826,0.00136459722997984,EC00076
300.2318,2-Undecyl-4(1H)-quinolinone,M+H[1+],8.9078,0.0003910217699854,EC00077
337.20053,2-Undecyl-4(1H)-quinolinone N-oxide,M+Na[1+],9.0344,0.000750611770001797,EC00078
147.06427,"2,2-Dimethylsuccinic acid",M+H[1+],0.9256,0.000915274770022734,EC00048
165.07459,"2,2-Dimethylsuccinic acid",M+H2O+H[1+],0.7944,0.00119527477002634,EC00048
169.05972,"2,3-Diaminosalicylic acid",M+H[1+],5.3335,0.00104859877001218,EC00062
137.10638,"2,3-Diethylpyrazine",M+H[1+],4.979,0.000944860770005107,EC00079
229.08232,"2,3-Dihydro-6-methoxy-2,2-dimethyl-4H-1-benzopyran-4-one",M+Na[1+],6.9819,0.0012507807699933,EC00080
163.03788,"2,3,5-Trihydroxytoluene",M+Na[1+],10.6547,0.00125953322998384,EC00063
175.10684,"2,4-Diacetamido-2,4,6-trideoxy-alpha-mannose",M-C3H4O2+H[1+],0.7771,0.000908466769971028,EC00081
203.13733,"2,4-Diacetamido-2,4,6-trideoxy-alpha-mannose",M-CO2+H[1+],1.1447,0.00171846677000076,EC00081
203.1379,"2,4-Diacetamido-2,4,6-trideoxy-alpha-mannose",M-CO2+H[1+],0.9523,0.00114846676999036,EC00081
211.10664,"2,4-Diacetamido-2,4,6-trideoxy-alpha-mannose",M-H4O2+H[1+],2.0433,0.00100846677000277,EC00081
211.10667,"2,4-Diacetamido-2,4,6-trideoxy-alpha-mannose",M-H4O2+H[1+],2.7578,0.000978466769993247,EC00081
219.13286,"2,4-Diacetamido-2,4,6-trideoxy-alpha-mannose",M-CO+H[1+],1.4241,0.000988466769996421,EC00081
247.12755,"2,4-Diacetamido-2,4,6-trideoxy-alpha-mannose",M+H[1+],1.7436,0.00129846676998113,EC00081
247.1293,"2,4-Diacetamido-2,4,6-trideoxy-alpha-mannose",M+H[1+],5.037,0.000451533230005907,EC00082
269.11198,"2,4-Diacetamido-2,4,6-trideoxy-alpha-mannose",M+Na[1+],3.9531,0.0011315332300228,EC00081
144.07976,"2,4-Dimethylaniline",M+Na[1+],3.6705,0.00133453322999344,EC00083
144.0798,"2,4-Dimethylaniline",M+Na[1+],2.3272,0.00137453323000614,EC00083
113.03369,"2,5-Dihydroxypyrazine",M+H[1+],0.9005,0.000586466769988192,EC00084
203.17846,"2,6-Di-tert-butyl-4-methylphenol",M-H2O+H[1+],10.9548,0.000931856769994965,EC00085
144.07976,"2,6-Dimethylaniline",M+Na[1+],3.6705,0.00133417622998877,EC00083
144.0798,"2,6-Dimethylaniline",M+Na[1+],2.3272,0.00137417623000147,EC00083
124.03838,"2,6-Pyridinedicarboxylic acid",M-CO2+H[1+],0.9702,0.000954119770000261,EC00086
140.03325,"2,6-Pyridinedicarboxylic acid",M-CO+H[1+],0.9647,0.000884119770006464,EC00086
190.01172,"2,6-Pyridinedicarboxylic acid",M+Na[1+],0.8036,0.000585880229976965,EC00086
330.05771,"2',3' cyclic AMP",M+H[1+],0.9279,0.00206646677003164,EC00087
346.05332,"2',3' cyclic GMP",M+H[1+],0.9572,0.00139046677003307,EC00088
167.08763,3-(4-Methyl-3-pentenyl)thiophene,M+H[1+],6.1381,0.00126760477002108,EC00089
167.08764,3-(4-Methyl-3-pentenyl)thiophene,M+H[1+],6.4392,0.00125760477001791,EC00090
167.08849,3-(4-Methyl-3-pentenyl)thiophene,M+H[1+],1.5208,0.0004076047700039,EC00091
365.10374,3-b-Galactopyranosyl glucose,M+Na[1+],0.9283,0.00174801277000824,EC00092
381.07789,3-b-Galactopyranosyl glucose,M+K[1+],0.7446,0.00109801276994403,EC00092
132.10106,3-Dehydrocarnitine,M-CO+H[1+],1.0714,0.000759753770012139,EC00065
182.08008,3-Dehydrocarnitine,M+Na[1+],5.0202,0.00126024623000376,EC00066
182.08013,3-Dehydrocarnitine,M+Na[1+],0.9628,0.00131024622999121,EC00065
145.04857,3-Deoxyglucosone,M-H2O+H[1+],1.364,0.000929466769974852,EC00026
163.05936,3-Deoxyglucosone,M+H[1+],0.7702,0.000739466769999808,EC0001
163.05949,3-Deoxyglucosone,M+H[1+],6.3524,0.000609466769986966,EC0002
163.05952,3-Deoxyglucosone,M+H[1+],6.1637,0.000579466770005865,EC0002
185.04103,3-Deoxyglucosone,M+Na[1+],1.9353,0.00106946676999087,EC00026
185.04105,3-Deoxyglucosone,M+Na[1+],1.578,0.00104946676998452,EC00026
201.01492,3-Deoxyglucosone,M+K[1+],0.7324,0.000679466770009185,EC0001
173.10628,3-Deoxyvasicine,M+H[1+],3.6616,0.00104446676999714,EC00093
245.07873,3-Desmethyl-5-deshydroxyscleroin,M+H[1+],6.756,0.00214646677000019,EC00094
245.09833,3-Hydroxybenzo[c]-phenanthrene,M+H[1+],2.1809,0.0022385332299848,EC00018
245.09843,3-Hydroxybenzo[c]-phenanthrene,M+H[1+],1.4196,0.00233853322998812,EC00018
245.09833,3-Hydroxychrysene,M+H[1+],2.1809,0.0022385332299848,EC00018
245.09843,3-Hydroxychrysene,M+H[1+],1.4196,0.00233853322998812,EC00018
218.0415,3-Hydroxyhippuric acid,M+Na[1+],0.6896,0.000934247770004504,EC00095
137.10638,3-Hydroxykynurenamine,M-CO2+H[1+],4.979,0.00097410476999471,EC00096
181.09598,3-Hydroxykynurenamine,M+H[1+],4.7587,0.00117410477000135,EC00096
165.05352,3-Methoxy-4-hydroxyphenylglycolaldehyde,M-H2O+H[1+],7.0768,0.0010652747700135,EC00097
165.05361,3-Methoxy-4-hydroxyphenylglycolaldehyde,M-H2O+H[1+],7.7817,0.000975274770013357,EC00098
205.04789,3-Methoxy-4-hydroxyphenylglycolaldehyde,M+Na[1+],0.8951,0.000704725229979886,EC00099
190.08519,3-Methoxytyramine,M+Na[1+],5.6781,0.00128486823001595,EC000100
183.06294,3-Methyladipic acid,M+Na[1+],4.0587,0.000104661229983094,EC000101
180.06445,3-Methylcrotonylglycine,M+Na[1+],5.0534,0.00128031022998698,EC000102
226.06991,3-Methylcrotonylglycine,M+HCOONa[1+],5.0528,0.0013403102299776,EC000102
136.07471,3-Methyldioxyindole,M-CO+H[1+],5.015,0.000895003769983305,EC000103
146.05906,3-Methyldioxyindole,M-H2O+H[1+],5.0643,0.000945003769999175,EC000103
182.08008,3-Methyldioxyindole,M+H2O+H[1+],5.0202,0.00112500376999947,EC000103
146.05906,3-Methyleneoxindole,M+H[1+],5.0643,0.000980466770016619,EC00060
197.07739,3-Methylpimelic acid,M+Na[1+],5.042,0.00109540277000519,EC00075
197.07985,3-Methylpimelic acid,M+Na[1+],7.7826,0.00136459722997984,EC00076
252.10797,3-Oxohexobarbital,M+H[1+],1.1195,0.00248846677001779,EC000104
253.1121,3-Oxohexobarbital,M(C13)+H[1+],1.1199,0.00175846677001346,EC000104
138.05389,3-Pyridylacetic acid,M+H[1+],0.8215,0.00106493977000355,EC00041
176.00979,3-Pyridylacetic acid,M+K[1+],0.8418,0.000664939769990269,EC00041
136.07471,3-Succinoylpyridine,M-CO2+H[1+],5.015,0.00100962576999564,EC000105
180.06445,3-Succinoylpyridine,M+H[1+],5.0534,0.00106962577001468,EC000105
248.05176,3-Succinoylpyridine,M+HCOONa[1+],5.0545,0.00115962577001483,EC000105
168.98003,3-Sulfopyruvic acid,M+H[1+],10.3254,0.000105016770021393,EC000106
190.96377,3-Sulfopyruvic acid,M+Na[1+],0.902,0.00163498322999089,EC000107
163.11075,3-tert-Butyl-5-methylcatechol,M-H2O+H[1+],8.6105,0.000956466769991948,EC000108
203.10558,3-tert-Butyl-5-methylcatechol,M+Na[1+],7.7841,0.00127353323000534,EC000109
203.10561,3-tert-Butyl-5-methylcatechol,M+Na[1+],7.8747,0.00130353323001486,EC000109
190.99902,"3,4-Dihydroxybenzenesulfonic acid",M+H[1+],1.2325,0.00185046677000855,EC000110
193.04846,"3,4-Dihydroxyphenylglycol",M+Na[1+],6.6495,0.00127472522999028,EC000111
233.00955,"3,4-Dihydroxyphenylglycol O-sulfate",M-H2O+H[1+],4.3958,0.00184983076999856,EC000112
251.02151,"3,4-Dihydroxyphenylglycol O-sulfate",M+H[1+],4.7814,0.000489830769993205,EC000112
165.05352,"3,4-Dimethoxybenzoic acid",M-H2O+H[1+],7.0768,0.0010652747700135,EC00097
165.05361,"3,4-Dimethoxybenzoic acid",M-H2O+H[1+],7.7817,0.000975274770013357,EC00098
205.04789,"3,4-Dimethoxybenzoic acid",M+Na[1+],0.8951,0.000704725229979886,EC00099
149.02201,"3,4-Methylenedioxybenzoic acid",M-H2O+H[1+],8.3532,0.00127514677001273,EC000113
189.01509,"3,4-Methylenedioxybenzoic acid",M+Na[1+],0.7561,0.000795146770030897,EC000114
219.02552,"3,4-Methylenedioxymandelic acid",M+Na[1+],0.7397,0.000929466770003273,EC000115
270.95517,"3,5-Dichloro-4-hydroxyphenylpyruvate",M+Na[1+],0.7076,0.00157953322997173,EC000116
145.04857,"3,6-Anhydro-galactose",M-H2O+H[1+],1.364,0.000906466769976078,EC00026
163.05936,"3,6-Anhydro-galactose",M+H[1+],0.7702,0.000716466770001034,EC0001
163.05949,"3,6-Anhydro-galactose",M+H[1+],6.3524,0.000586466769988192,EC0002
163.05952,"3,6-Anhydro-galactose",M+H[1+],6.1637,0.000556466770007091,EC0002
185.04103,"3,6-Anhydro-galactose",M+Na[1+],1.9353,0.00104646676999209,EC00026
185.04105,"3,6-Anhydro-galactose",M+Na[1+],1.578,0.00102646676998575,EC00026
201.01492,"3,6-Anhydro-galactose",M+K[1+],0.7324,0.000656466770010411,EC0001
145.04857,"3,6-Anhydro-glucose",M-H2O+H[1+],1.364,0.000906466769976078,EC00026
163.05936,"3,6-Anhydro-glucose",M+H[1+],0.7702,0.000716466770001034,EC0001
163.05949,"3,6-Anhydro-glucose",M+H[1+],6.3524,0.000586466769988192,EC0002
163.05952,"3,6-Anhydro-glucose",M+H[1+],6.1637,0.000556466770007091,EC0002
185.04103,"3,6-Anhydro-glucose",M+Na[1+],1.9353,0.00104646676999209,EC00026
185.04105,"3,6-Anhydro-glucose",M+Na[1+],1.578,0.00102646676998575,EC00026
201.01492,"3,6-Anhydro-glucose",M+K[1+],0.7324,0.000656466770010411,EC0001
304.07806,3'-AMP,M-CO2+H[1+],0.7465,0.00250080577001199,EC000117
330.05771,3'-AMP,M-H2O+H[1+],0.9279,0.00205080577001127,EC000117
346.05332,"3',5' cyclic GMP",M+H[1+],0.9572,0.00135646677000523,EC00088
357.17218,"3b,16a-Dihydroxyandrostenone sulfate",M-CO+H[1+],8.5361,0.000755784769978618,EC000118
367.15743,"3b,16a-Dihydroxyandrostenone sulfate",M-H2O+H[1+],8.7154,9.42152299785448e-05,EC000118
385.16534,"3b,16a-Dihydroxyandrostenone sulfate",M+H[1+],6.837,0.00259578476999422,EC000119
387.16647,"3b,16a-Dihydroxyandrostenone sulfate",M(Cl37)+H[1+],6.8382,0.00133421522997423,EC000119
387.16647,"3b,16a-Dihydroxyandrostenone sulfate",M(S34)+H[1+],6.8382,0.00273421523002071,EC000119
387.1686,"3b,16a-Dihydroxyandrostenone sulfate",M(Cl37)+H[1+],6.9283,0.00346421522999663,EC000119
407.15067,"3b,16a-Dihydroxyandrostenone sulfate",M+Na[1+],1.9234,0.000734215229954316,EC000120
166.08535,"3beta,6beta-Dihydroxynortropane",M+Na[1+],1.5172,0.00144486823000989,EC00017
194.11651,4-(butylamino)benzoic acid,M+H[1+],3.5896,0.00106646676999844,EC000121
194.11652,4-(butylamino)benzoic acid,M+H[1+],6.9048,0.00105646676999527,EC000122
255.09641,4-(Glutamylamino) butanoate,M+Na[1+],2.8474,0.00121190122999337,EC000123
118.08535,4-(Methylamino)butyric acid,M+H[1+],0.7962,0.000905466769992813,EC000124
118.08542,4-(Methylamino)butyric acid,M+H[1+],1.2533,0.000835466769999016,EC000125
121.06696,4-(Methylthio)-1-butanol,M+H[1+],6.1628,0.00120264676999682,EC000126
121.06697,4-(Methylthio)-1-butanol,M+H[1+],6.1096,0.00119264676999364,EC000126
121.06698,4-(Methylthio)-1-butanol,M+H[1+],6.2952,0.00118264676999047,EC000126
121.067,4-(Methylthio)-1-butanol,M+H[1+],6.4207,0.00116264676999833,EC000126
136.07471,4-Acetamidobenzaldehyde,M-CO+H[1+],5.015,0.000866466769991803,EC000103
146.05906,4-Acetamidobenzaldehyde,M-H2O+H[1+],5.0643,0.000916466770007673,EC000103
182.08008,4-Acetamidobenzaldehyde,M+H2O+H[1+],5.0202,0.00109646677000796,EC000103
136.07471,4-Acetamidobenzoic acid,M-CO2+H[1+],5.015,0.00100946677000024,EC000105
180.06445,4-Acetamidobenzoic acid,M+H[1+],5.0534,0.00106946677001929,EC000105
248.05176,4-Acetamidobenzoic acid,M+HCOONa[1+],5.0545,0.00115946676999101,EC000105
167.08058,4-Amino-1-piperidinecarboxylic acid,M+Na[1+],4.0328,0.0014258952299997,EC000127
234.05376,4-Deoxypyridoxine 5'-phosphate,M+H[1+],1.2101,0.00117153323000707,EC000128
327.19991,4-Dodecylbenzenesulfonic acid,M+H[1+],4.7899,0.00106801722995442,EC00051
349.18189,4-Dodecylbenzenesulfonic acid,M+Na[1+],4.7941,0.00104801722994807,EC00051
245.22513,4-Dodecylphenol,M-H2O+H[1+],8.8442,0.00121246676999931,EC000129
245.22516,4-Dodecylphenol,M-H2O+H[1+],8.9562,0.00118246677001821,EC000129
245.22518,4-Dodecylphenol,M-H2O+H[1+],9.2623,0.00116246677001186,EC000129
245.22519,4-Dodecylphenol,M-H2O+H[1+],8.2305,0.00115246677000869,EC000130
245.2252,4-Dodecylphenol,M-H2O+H[1+],8.5347,0.00114246677000551,EC000129
245.22521,4-Dodecylphenol,M-H2O+H[1+],9.1411,0.00113246677000234,EC000129
245.22522,4-Dodecylphenol,M-H2O+H[1+],8.6746,0.00112246676999916,EC000129
245.22524,4-Dodecylphenol,M-H2O+H[1+],9.5744,0.00110246676999282,EC000131
245.22527,4-Dodecylphenol,M-H2O+H[1+],10.6873,0.00107246677001172,EC000132
263.23561,4-Dodecylphenol,M+H[1+],8.9611,0.00133246677000898,EC000129
263.23567,4-Dodecylphenol,M+H[1+],8.8485,0.00127246676998993,EC000129
263.23569,4-Dodecylphenol,M+H[1+],9.261,0.00125246677004043,EC000129
263.23571,4-Dodecylphenol,M+H[1+],10.6883,0.00123246677003408,EC000132
263.23572,4-Dodecylphenol,M+H[1+],9.1423,0.00122246677000248,EC000129
263.23573,4-Dodecylphenol,M+H[1+],8.6746,0.00121246677002773,EC000129
263.23574,4-Dodecylphenol,M+H[1+],8.5256,0.00120246676999614,EC000129
263.23575,4-Dodecylphenol,M+H[1+],9.9275,0.00119246677002138,EC000133
263.23576,4-Dodecylphenol,M+H[1+],9.5784,0.00118246676998979,EC000131
264.23904,4-Dodecylphenol,M(C13)+H[1+],9.1411,0.00130246677002788,EC000129
264.23919,4-Dodecylphenol,M(C13)+H[1+],9.5784,0.00115246677000869,EC000131
265.23466,4-Dodecylphenol,M(Cl37)+H[1+],9.0271,0.000517533229981382,EC000129
265.23466,4-Dodecylphenol,M(S34)+H[1+],9.0271,0.00191753323002786,EC000129
281.24616,4-Dodecylphenol,M+H2O+H[1+],8.936,0.00138246677005327,EC000129
281.24618,4-Dodecylphenol,M+H2O+H[1+],8.525,0.00136246677004692,EC000129
281.24622,4-Dodecylphenol,M+H2O+H[1+],8.8479,0.00132246677003423,EC000129
281.24629,4-Dodecylphenol,M+H2O+H[1+],9.5804,0.00125246677004043,EC000131
331.22163,4-Dodecylphenol,M+HCOONa[1+],8.7391,0.00271246676999226,EC000129
215.04862,4-Fluoro-3-phenoxybenzoic acid,M-H2O+H[1+],5.0736,0.00162946676999809,EC000134
209.15244,4-Heptyloxyphenol,M+H[1+],7.344,0.00116646677000176,EC000135
209.15305,4-Heptyloxyphenol,M+H[1+],6.8959,0.000556466770007091,EC000136
227.16234,4-Heptyloxyphenol,M+H2O+H[1+],6.8512,0.001866466770025,EC000136
227.16295,4-Heptyloxyphenol,M+H2O+H[1+],7.3458,0.00125646677003033,EC000135
231.13422,4-Heptyloxyphenol,M+Na[1+],6.1334,0.00138646677001475,EC000137
231.13714,4-Heptyloxyphenol,M+Na[1+],10.9536,0.00153353322997418,EC000138
149.0215,4-Hydroxy-2H-pyran-3-carboxaldehyde,M+Na[1+],10.6579,0.000529475229996024,EC000139
149.02201,4-Hydroxy-2H-pyran-3-carboxaldehyde,M+Na[1+],8.3532,0.00103947522998737,EC000140
177.05362,4-Hydroxy-3-methoxybenzenemethanol,M+Na[1+],6.758,0.00134934722998992,EC000141
245.09833,4-Hydroxychrysene,M+H[1+],2.1809,0.0022385332299848,EC00018
245.09843,4-Hydroxychrysene,M+H[1+],1.4196,0.00233853322998812,EC00018
144.07976,4-Hydroxycyclohexylcarboxylic acid,M[1+],3.6705,0.00111574999999675,EC000142
144.0798,4-Hydroxycyclohexylcarboxylic acid,M[1+],2.3272,0.00115575000000945,EC000142
145.08481,4-Hydroxycyclohexylcarboxylic acid,M+H[1+],3.7186,0.00111071677000041,EC000142
218.0415,4-Hydroxyhippuric acid,M+Na[1+],0.6896,0.000934247770004504,EC00095
304.07806,4-Hydroxyphenylacetylglutamine,M+Na[1+],0.7465,0.00115367377003395,EC000143
163.03788,4-Hydroxyphenylpyruvic acid,M-H2O+H[1+],10.6547,0.00105521077000503,EC000144
181.04833,4-Hydroxyphenylpyruvic acid,M+H[1+],8.3514,0.00120521077002422,EC000145
195.13701,4-Hydroxypropofol,M+H[1+],6.8614,0.000946286770016513,EC000146
213.14744,4-Hydroxypropofol,M+H2O+H[1+],6.8441,0.00111628677004205,EC000146
217.11862,4-Hydroxypropofol,M+Na[1+],6.2645,0.00133628677002662,EC000147
136.06075,4-Hydroxythreonine,M+H[1+],1.1146,0.000273533230000567,EC000148
136.0608,4-Hydroxythreonine,M+H[1+],0.8554,0.000323533229988016,EC000149
165.08999,4-Methoxy-2-allylphenol,M+H[1+],10.9523,0.00101646677001099,EC000150
189.05119,4-Methoxyphenylacetic acid,M+Na[1+],4.7686,0.00108065277001401,EC000151
124.03838,4-Nitrobenzoic acid,M-CO2+H[1+],0.9702,0.000954466769996998,EC00086
140.03325,4-Nitrobenzoic acid,M-CO+H[1+],0.9647,0.000884466770003201,EC00086
190.01172,4-Nitrobenzoic acid,M+Na[1+],0.8036,0.000585533229980228,EC00086
140.03325,4-Nitrophenol,M+H[1+],0.9647,0.000969497770000771,EC00057
140.03327,4-Nitrophenol,M+H[1+],2.8253,0.000949497770022845,EC00058
195.08545,4-O-Methyl-myo-inositol,M+H[1+],6.4443,0.000864646769997535,EC0005
130.04908,4-Oxo-proline,M+H[1+],0.9782,0.000789466770015679,EC00025
148.05956,4-Oxo-proline,M+H2O+H[1+],0.8487,0.000909466770025347,EC00025
231.06217,"5-(3',4'-Dihydroxyphenyl)-gamma-valerolactone",M+Na[1+],3.9072,0.000665332770012128,EC000152
227.07812,5-Acetylamino-6-formylamino-3-methyluracil,M+H[1+],2.2154,0.000638705230016967,EC000153
187.13173,5-Hexyltetrahydro-2-oxo-3-furancarboxylic acid,M-CO+H[1+],5.7468,0.00105553077000309,EC000154
215.12662,5-Hexyltetrahydro-2-oxo-3-furancarboxylic acid,M+H[1+],5.8592,0.00116553077000958,EC000154
237.11111,5-Hexyltetrahydro-2-oxo-3-furancarboxylic acid,M+Na[1+],10.47,0.00132446922998497,EC000155
176.0696,5-Hydroxyindoleacetaldehyde,M+H[1+],5.1887,0.0010050037699898,EC000156
205.09514,5-Hydroxyindoleacetylglycine,M-CO2+H[1+],2.2058,0.00204334877003021,EC000157
221.09028,5-Hydroxyindoleacetylglycine,M-CO+H[1+],1.6403,0.00170334877000755,EC000157
221.09072,5-Hydroxyindoleacetylglycine,M-CO+H[1+],1.1952,0.00126334877001,EC000157
231.07598,5-Hydroxyindoleacetylglycine,M-H2O+H[1+],1.0444,0.000403348770021239,EC000157
149.0215,5-Hydroxymethyl-2-furancarboxaldehyde,M+Na[1+],10.6579,0.000529475229996024,EC000139
149.02201,5-Hydroxymethyl-2-furancarboxaldehyde,M+Na[1+],8.3532,0.00103947522998737,EC000140
160.07471,5-Hydroxytryptophol,M-H2O+H[1+],1.2777,0.000945067769976049,EC000158
190.08519,5-Methoxyindoleacetaldehyde,M+H[1+],5.6781,0.00106546677000097,EC000159
188.06958,5-Methoxyindoleacetate,M-H2O+H[1+],2.2078,0.000989689769994584,EC000160
206.0801,5-Methoxyindoleacetate,M+H[1+],4.8711,0.00106968977001998,EC000161
207.08331,5-Methoxyindoleacetate,M(C13)+H[1+],4.8696,0.00125968976999502,EC000161
228.06203,5-Methoxyindoleacetate,M+Na[1+],4.8713,0.00113968977001377,EC000161
173.10628,5-Methoxytryptamine,M-H2O+H[1+],3.6616,0.00100954677000686,EC000162
213.10126,5-Methoxytryptamine,M+Na[1+],4.8311,0.00137045322998119,EC000163
217.09617,5-Methoxytryptophan,M-H2O+H[1+],3.2183,0.000948790769996322,EC000164
217.09659,5-Methoxytryptophan,M-H2O+H[1+],4.1798,0.000528790770005116,EC000164
253.11729,5-Methoxytryptophan,M+H2O+H[1+],1.9539,0.00102879077002171,EC000164
144.03169,5-Methylcytosine hydrochloride,M-H2O+H[1+],0.6118,0.000586466769988192,EC000165
237.18373,5-O-Methylembelin,M-C3H4O2+H[1+],7.5207,0.00120585077004876,EC000166
273.18356,5-O-Methylembelin,M-H4O2+H[1+],8.7683,0.00127585077001413,EC000167
291.19348,5-O-Methylembelin,M-H2O+H[1+],7.2899,0.0019558507700026,EC000166
291.19412,5-O-Methylembelin,M-H2O+H[1+],7.0165,0.00131585077002683,EC000166
291.19413,5-O-Methylembelin,M-H2O+H[1+],7.7811,0.00130585077005207,EC000168
309.20305,5-O-Methylembelin,M+H[1+],8.611,0.0029858507700169,EC000167
309.20347,5-O-Methylembelin,M+H[1+],7.193,0.00256585077005411,EC000166
309.20386,5-O-Methylembelin,M+H[1+],7.263,0.00217585077001559,EC000166
309.20462,5-O-Methylembelin,M+H[1+],7.0234,0.00141585077005857,EC000166
309.2053,5-O-Methylembelin,M+H[1+],7.7945,0.000735850770013258,EC000168
331.18637,5-O-Methylembelin,M+Na[1+],7.0218,0.00166585076999581,EC000166
331.18656,5-O-Methylembelin,M+Na[1+],7.1377,0.00147585077002077,EC000166
331.18659,5-O-Methylembelin,M+Na[1+],6.7596,0.00144585076998283,EC000169
331.18662,5-O-Methylembelin,M+Na[1+],7.7817,0.00141585077000173,EC000168
331.18668,5-O-Methylembelin,M+Na[1+],7.2689,0.00135585076998268,EC000166
163.05304,"5-Phenyl-1,3-pentadiyne",M+Na[1+],8.3205,0.00116327723000609,EC000170
161.09499,5-Phenylvaleric acid,M-H2O+H[1+],7.8768,0.00106615877001559,EC000171
190.99902,5-Sulfosalicylic acid,M-CO+H[1+],1.2325,0.00176508077001358,EC000172
218.99384,5-Sulfosalicylic acid,M+H[1+],1.8297,0.00194508077001387,EC000172
218.99394,5-Sulfosalicylic acid,M+H[1+],2.2453,0.00184508077001055,EC000172
167.08058,"5,5-Diethylbarbituric acid",M-H2O+H[1+],4.0328,0.000896466770001325,EC000173
245.11366,"5,6-Dihydrothymidine",M+H[1+],6.5615,0.000460533230011606,EC000174
245.11368,"5,6-Dihydrothymidine",M+H[1+],7.5189,0.000480533229989533,EC000175
229.08232,"5,6-Dihydrouridine",M-H2O+H[1+],6.9819,0.000457343230010565,EC000176
269.07426,"5,6-Dihydrouridine",M+Na[1+],4.7692,0.000202656770056819,EC000177
136.07471,"5,8-Dihydroxy-3,4-dihydrocarbostyril",M-CO2+H[1+],5.015,0.000966466769995122,EC000105
180.06445,"5,8-Dihydroxy-3,4-dihydrocarbostyril",M+H[1+],5.0534,0.00102646677001417,EC000105
248.05176,"5,8-Dihydroxy-3,4-dihydrocarbostyril",M+HCOONa[1+],5.0545,0.00111646676998589,EC000105
205.08484,5'-(3'-Methoxy-4'-hydroxyphenyl)-gamma-valerolactone,M-H2O+H[1+],8.3502,0.00104540276998932,EC000178
223.0952,5'-(3'-Methoxy-4'-hydroxyphenyl)-gamma-valerolactone,M+H[1+],6.7617,0.00128540277000866,EC000179
245.07873,5'-(3'-Methoxy-4'-hydroxyphenyl)-gamma-valerolactone,M+Na[1+],6.756,0.000244597229993815,EC000179
252.10797,5'-Deoxyadenosine,M+H[1+],1.1195,0.00114577377001979,EC000104
253.1121,5'-Deoxyadenosine,M(C13)+H[1+],1.1199,0.000415773770015448,EC000104
298.09561,5'-Methylthioadenosine,M+H[1+],3.229,0.00122652776997256,EC000180
144.07976,"6-Chloro-N-(1-methylethyl)-1,3,5-triazine-2,4-diamine",M-CO2+H[1+],3.6705,0.000189518770014274,EC000181
144.0798,"6-Chloro-N-(1-methylethyl)-1,3,5-triazine-2,4-diamine",M-CO2+H[1+],2.3272,0.000149518770001578,EC000181
188.06958,"6-Chloro-N-(1-methylethyl)-1,3,5-triazine-2,4-diamine",M+H[1+],2.2078,0.000169518770007926,EC000181
189.07291,"6-Chloro-N-(1-methylethyl)-1,3,5-triazine-2,4-diamine",M(C13)+H[1+],2.1959,0.000239518770001723,EC000181
167.08763,6-Deoxyglucitol,M+H[1+],6.1381,0.000353533229969116,EC00089
167.08764,6-Deoxyglucitol,M+H[1+],6.4392,0.00036353322997229,EC00090
167.08849,6-Deoxyglucitol,M+H[1+],1.5208,0.0012135332299863,EC00091
307.0839,"6-Formylindolo[3,2-B]carbazole",M+Na[1+],6.5625,0.000376466769978379,EC000182
245.09833,6-Hydroxychrysene,M+H[1+],2.1809,0.0022385332299848,EC00018
245.09843,6-Hydroxychrysene,M+H[1+],1.4196,0.00233853322998812,EC00018
140.03325,6-Hydroxynicotinic acid,M+H[1+],0.9647,0.000969497770000771,EC00057
140.03327,6-Hydroxynicotinic acid,M+H[1+],2.8253,0.000949497770022845,EC00058
167.11688,6-Hydroxypseudooxynicotine,M-CO+H[1+],2.1518,0.000924168769984135,EC000183
177.10122,6-Hydroxypseudooxynicotine,M-H2O+H[1+],1.5773,0.000984168769974758,EC000183
177.10123,6-Hydroxypseudooxynicotine,M-H2O+H[1+],1.279,0.000974168770000006,EC000183
213.12236,6-Hydroxypseudooxynicotine,M+H2O+H[1+],1.0284,0.00104416877002222,EC000183
217.09617,6-Hydroxypseudooxynicotine,M+Na[1+],3.2183,0.00136583123000378,EC000183
217.09659,6-Hydroxypseudooxynicotine,M+Na[1+],4.1798,0.00178583122999498,EC000183
160.07471,6-Methoxyquinoline,M+H[1+],1.2777,0.000966466769995122,EC000184
127.0493,6-Methyluracil,M+H[1+],1.186,0.000904466769995338,EC000185
135.03132,"6,8-Dihydroxypurine",M-H2O+H[1+],0.6099,0.00121814122999808,EC000186
153.03969,"6,8-Dihydroxypurine",M+H[1+],0.9957,0.00101185876999921,EC000187
453.16595,7-Hydroxymethotrexate,M-H2O+H[1+],7.5506,0.00307353323000825,EC000188
300.09262,8-Hydroxyguanosine,M+H[1+],1.1093,0.00123963977000585,EC000189
268.10283,8-Oxo-2'-deoxyadenosine,M+H[1+],1.0277,0.00120146676999866,EC000190
268.10286,8-Oxo-2'-deoxyadenosine,M+H[1+],1.1266,0.00117146676996072,EC000190
306.05837,8-Oxo-2'-deoxyadenosine,M+K[1+],1.1074,0.00116146676992912,EC000190
145.04857,8-Oxodeoxycoformycin,M+H+Na[2+],1.364,0.00045646676997535,EC000191
289.08809,8-Oxodeoxycoformycin,M+Na[1+],1.1818,0.00268646676994422,EC000191
229.21509,"8,8-Diethoxy-2,6-dimethyl-2-octanol",M-H2O+H[1+],10.6633,0.0010812927699817,EC000192
193.09609,Acanthicifoline,M+H[1+],0.9966,0.00108646677000479,EC000193
253.25141,Acebutolol hydrochloride,M-HCOOK+H[1+],8.846,0.000526139230004219,EC000194
337.21116,Acebutolol hydrochloride,M+H[1+],8.846,0.00102386076997618,EC000194
170.11655,Aceclidine,M+H[1+],4.9067,0.00102646677001417,EC000195
188.12712,Aceclidine,M+H2O+H[1+],4.9041,0.00105646677002369,EC000195
238.10619,Aceclidine,M+HCOONa[1+],5.2358,0.00121353323001472,EC000195
116.06968,Acetamidopropanal,M+H[1+],0.7753,0.000925003769992827,EC000196
138.05389,Acetamidopropanal,M+Na[1+],0.8215,0.00128499622999811,EC000196
307.11394,Acetohexamide,M-H2O+H[1+],5.0985,0.00288570523002818,EC000197
307.11395,Acetohexamide,M-H2O+H[1+],5.0238,0.00289570523000293,EC000197
434.18749,Acetophenazine,M+Na[1+],1.3204,0.000165656230024069,EC000198
197.07985,Acetosyringone,M+H[1+],7.7826,0.000985466770003995,EC000199
101.02241,Acetylglycine,M-NH3+H[1+],1.0092,0.000959561770002892,EC000200
136.06075,Acetylglycine,M+H2O+H[1+],1.1146,0.000280438229992797,EC000200
136.0608,Acetylglycine,M+H2O+H[1+],0.8554,0.000330438229980246,EC000200
140.03325,Acetylglycine,M+Na[1+],0.9647,0.00138043823000089,EC000200
176.00979,Acetylglycine,M+NaCl[1+],0.8418,0.00132043823001027,EC000200
537.28214,Acrovestone,M-H2O+H[1+],5.7503,0.00253646677003871,EC000201
555.29109,Acrovestone,M+H[1+],8.955,0.00418646676996559,EC000202
577.27538,Acrovestone,M+Na[1+],9.9221,0.00189646676994926,EC000203
136.06075,Adenine,M+H[1+],1.1146,0.00102165177000302,EC000148
136.0608,Adenine,M+H[1+],0.8554,0.000971651770015569,EC000149
268.10283,Adenosine,M+H[1+],1.0277,0.00120039577001307,EC000190
268.10286,Adenosine,M+H[1+],1.1266,0.00117039576997513,EC000190
306.05837,Adenosine,M+K[1+],1.1074,0.00116039577000038,EC000190
304.07806,Adenosine 2'-phosphate,M-CO2+H[1+],0.7465,0.00250080577001199,EC000117
330.05771,Adenosine 2'-phosphate,M-H2O+H[1+],0.9279,0.00205080577001127,EC000117
304.07806,Adenosine monophosphate,M-CO2+H[1+],0.7465,0.00250080577001199,EC000117
330.05771,Adenosine monophosphate,M-H2O+H[1+],0.9279,0.00205080577001127,EC000117
397.27002,Adlupulone,M-H2O+H[1+],10.0149,0.00366617077003184,EC000204
437.26465,Adlupulone,M+Na[1+],10.7249,0.00163617077004119,EC000205
455.34185,Adouetine X,M-HCOOH+H[1+],9.2637,0.00371761722999508,EC000206
501.33891,Adouetine X,M+H[1+],8.8863,0.00462238277003735,EC000206
501.34021,Adouetine X,M+H[1+],8.9934,0.00332238277002261,EC000206
501.3405,Adouetine X,M+H[1+],9.1864,0.00303238277001583,EC000206
501.34074,Adouetine X,M+H[1+],9.1221,0.00279238277005334,EC000206
136.07471,Adrenochrome,M-CO2+H[1+],5.015,0.00100962576999564,EC000105
180.06445,Adrenochrome,M+H[1+],5.0534,0.00106962577001468,EC000105
248.05176,Adrenochrome,M+HCOONa[1+],5.0545,0.00115962577001483,EC000105
565.23922,Aerobactin,M+H[1+],9.4331,0.0040562752300275,EC000207
293.0621,AICAR,M-HCOOH+H[1+],0.7494,0.00252645477002034,EC000208
321.05716,AICAR,M-H2O+H[1+],0.7499,0.00226645476999465,EC000208
361.05169,AICAR,M+Na[1+],0.8158,0.000336454770035743,EC000208
328.15311,Aknadicine,M-H2O+H[1+],4.6327,0.00116646676997334,EC000209
299.18159,Ala-Ala-Arg,M-H2O+H[1+],6.5915,0.00099046676996295,EC000210
230.18485,Ala-Ala-Ile,M-CO2+H[1+],1.0173,0.00148346676999722,EC000211
296.15855,Ala-Ala-Ile,M+Na[1+],1.1489,0.000416533230009009,EC000211
230.18485,Ala-Ala-Leu,M-CO2+H[1+],1.0173,0.00148346676999722,EC000211
296.15855,Ala-Ala-Leu,M+Na[1+],1.1489,0.000416533230009009,EC000211
274.12354,Ala-Ala-Met,M-H2O+H[1+],0.9536,0.00158453323001595,EC000212
369.15351,Ala-Ala-Trp,M+Na[1+],8.7074,0.000127533229942856,EC000213
243.13278,Ala-Ala-Val,M-NH3+H[1+],1.6699,0.00120346677002203,EC000214
260.15902,Ala-Ala-Val,M+H[1+],1.5209,0.00146346677001929,EC000214
299.18159,Ala-Arg-Ala,M-H2O+H[1+],6.5915,0.00099046676996295,EC000210
331.15275,Ala-Arg-Cys,M-H2O+H[1+],5.7049,0.00190246676999095,EC000215
257.17331,Ala-Arg-Gly,M-HCOOH+H[1+],6.6123,0.00117953323001529,EC000216
325.16078,Ala-Arg-Gly,M+Na[1+],6.4135,0.00124953323000909,EC000216
341.23073,Ala-Arg-Ile,M-H2O+H[1+],7.3086,0.00119953323002164,EC000217
359.24353,Ala-Arg-Ile,M+H[1+],9.3734,0.00339953323003783,EC000218
341.23073,Ala-Arg-Leu,M-H2O+H[1+],7.3086,0.00119953323002164,EC000217
359.24353,Ala-Arg-Leu,M+H[1+],9.3734,0.00339953323003783,EC000218
365.22851,Ala-Arg-Phe,M-CO+H[1+],7.9797,0.000970466769956602,EC000219
365.22855,Ala-Arg-Phe,M-CO+H[1+],8.0528,0.000930466770000749,EC000219
365.22879,Ala-Arg-Phe,M-CO+H[1+],7.2294,0.000690466769981413,EC000220
375.21044,Ala-Arg-Phe,M-H2O+H[1+],6.8294,0.00344046676997323,EC000220
376.19837,Ala-Arg-Phe,M-NH3+H[1+],7.0361,0.000389533230020334,EC000220
415.20939,Ala-Arg-Phe,M+Na[1+],7.8221,0.00290953322996756,EC000219
415.20991,Ala-Arg-Phe,M+Na[1+],7.5546,0.00342953322996209,EC000221
365.19029,Ala-Arg-Pro,M+Na[1+],1.2217,0.000540466769962222,EC000222
365.19216,Ala-Arg-Pro,M+Na[1+],6.296,0.00132953323003449,EC000223
381.16357,Ala-Arg-Pro,M+K[1+],1.6023,0.000760466770032053,EC000222
364.24449,Ala-Arg-Trp,M-HCOONa+H[1+],7.6102,0.00348946677002004,EC000224
364.24455,Ala-Arg-Trp,M-HCOONa+H[1+],7.536,0.003429466770001,EC000224
415.20939,Ala-Arg-Trp,M-NH3+H[1+],7.8221,0.000510533229999055,EC000224
415.20991,Ala-Arg-Trp,M-NH3+H[1+],7.5546,0.00103053322999358,EC000224
432.23655,Ala-Arg-Trp,M+H[1+],7.5532,0.00117053323003802,EC000224
454.21746,Ala-Arg-Trp,M+Na[1+],6.3382,8.05332300046757e-05,EC000225
391.20593,Ala-Arg-Tyr,M-H2O+H[1+],3.5639,0.00286546676994703,EC000226
367.20892,Ala-Arg-Val,M+Na[1+],6.2712,0.00243953322996049,EC000227
367.20956,Ala-Arg-Val,M+Na[1+],6.0373,0.0030795332299931,EC000228
339.1616,Ala-Asn-Ile,M+Na[1+],9.621,0.00234746676994746,EC000229
339.1616,Ala-Asn-Leu,M+Na[1+],9.621,0.00234746676994746,EC000229
288.20172,Ala-Asn-Lys,M-CO2+H[1+],0.9316,0.00132646676996728,EC000230
331.18662,Ala-Asn-Lys,M[1+],7.7817,0.00105000000002065,EC000231
332.19079,Ala-Asn-Lys,M+H[1+],7.7829,0.00205646677000004,EC000231
354.17436,Ala-Asn-Lys,M+Na[1+],1.0729,0.000486466769984872,EC000230
333.17966,Ala-Asp-Lys,M+H[1+],7.1607,0.00279753323002296,EC000232
355.15655,Ala-Asp-Lys,M+Na[1+],8.2902,0.00231246676997898,EC000233
331.15275,Ala-Cys-Arg,M-H2O+H[1+],5.7049,0.00190246676999095,EC000215
312.10987,Ala-Cys-His,M-H2O+H[1+],0.948,0.00258346676997689,EC000234
303.1459,Ala-Cys-Lys,M-H2O+H[1+],8.3488,0.00260446677003756,EC000235
274.12354,Ala-Cys-Val,M-H2O+H[1+],0.9536,0.00158453323001595,EC000212
345.16426,Ala-Gln-Gln,M[1+],2.1802,0.00057499999996935,EC000236
368.15171,Ala-Gln-Gln,M+Na[1+],2.3287,0.0024014667700385,EC000236
368.15758,Ala-Gln-Gln,M+Na[1+],8.7214,0.00346853322997731,EC000237
367.18188,Ala-Gln-Phe,M(Cl37)+H[1+],6.628,0.0027325332299597,EC000238
387.16647,Ala-Gln-Phe,M+Na[1+],6.8382,0.00252253323003515,EC000238
337.14592,Ala-Gln-Pro,M+Na[1+],9.3231,0.00237746677004225,EC000239
339.1616,Ala-Gln-Val,M+Na[1+],9.621,0.00234746676994746,EC000229
286.17477,Ala-Glu-Ile,M-HCOOH+H[1+],4.1011,0.0014434667699561,EC000240
288.19049,Ala-Glu-Ile,M-CO2+H[1+],4.0805,0.00132346676997486,EC000240
314.17365,Ala-Glu-Ile,M-H2O+H[1+],4.1858,0.00263653323003155,EC000240
286.17477,Ala-Glu-Leu,M-HCOOH+H[1+],4.1011,0.0014434667699561,EC000240
288.19049,Ala-Glu-Leu,M-CO2+H[1+],4.0805,0.00132346676997486,EC000240
314.17365,Ala-Glu-Leu,M-H2O+H[1+],4.1858,0.00263653323003155,EC000240
387.16647,Ala-Glu-Trp,M-H2O+H[1+],6.8382,0.000207533230025092,EC000241
387.1686,Ala-Glu-Trp,M-H2O+H[1+],6.9283,0.00233753323004748,EC000241
427.15563,Ala-Glu-Trp,M+Na[1+],5.3059,0.00323246676998679,EC000242
257.17331,Ala-Gly-Arg,M-HCOOH+H[1+],6.6123,0.00117953323001529,EC000216
325.16078,Ala-Gly-Arg,M+Na[1+],6.4135,0.00124953323000909,EC000216
248.11174,Ala-Gly-His,M-H4O2+H[1+],0.7703,0.00239146677003532,EC000243
266.12221,Ala-Gly-His,M-H2O+H[1+],0.7697,0.00252146677001974,EC000243
243.13278,Ala-Gly-Ile,M-NH3+H[1+],1.6699,0.00120346677002203,EC000214
260.15902,Ala-Gly-Ile,M+H[1+],1.5209,0.00146346677001929,EC000214
243.13278,Ala-Gly-Leu,M-NH3+H[1+],1.6699,0.00120346677002203,EC000214
260.15902,Ala-Gly-Leu,M+H[1+],1.5209,0.00146346677001929,EC000214
246.14305,Ala-Gly-Val,M+H[1+],1.4277,0.00178346677000718,EC000244
312.10987,Ala-His-Cys,M-H2O+H[1+],0.948,0.00258346676997689,EC000234
248.11174,Ala-His-Gly,M-H4O2+H[1+],0.7703,0.00239146677003532,EC000243
266.12221,Ala-His-Gly,M-H2O+H[1+],0.7697,0.00252146677001974,EC000243
322.18586,Ala-His-Ile,M-H2O+H[1+],1.109,0.0014714667699991,EC000245
322.18586,Ala-His-Leu,M-H2O+H[1+],1.109,0.0014714667699991,EC000245
337.20053,Ala-His-Lys,M-H2O+H[1+],9.0344,0.00229953323002974,EC000246
230.18485,Ala-Ile-Ala,M-CO2+H[1+],1.0173,0.00148346676999722,EC000211
296.15855,Ala-Ile-Ala,M+Na[1+],1.1489,0.000416533230009009,EC000211
341.23073,Ala-Ile-Arg,M-H2O+H[1+],7.3086,0.00119953323002164,EC000217
359.24353,Ala-Ile-Arg,M+H[1+],9.3734,0.00339953323003783,EC000218
339.1616,Ala-Ile-Asn,M+Na[1+],9.621,0.00234746676994746,EC000229
286.17477,Ala-Ile-Glu,M-HCOOH+H[1+],4.1011,0.0014434667699561,EC000240
288.19049,Ala-Ile-Glu,M-CO2+H[1+],4.0805,0.00132346676997486,EC000240
314.17365,Ala-Ile-Glu,M-H2O+H[1+],4.1858,0.00263653323003155,EC000240
243.13278,Ala-Ile-Gly,M-NH3+H[1+],1.6699,0.00120346677002203,EC000214
260.15902,Ala-Ile-Gly,M+H[1+],1.5209,0.00146346677001929,EC000214
322.18586,Ala-Ile-His,M-H2O+H[1+],1.109,0.0014714667699991,EC000245
316.22323,Ala-Ile-Ile,M+H[1+],8.8961,0.000146533230008572,EC000247
316.22332,Ala-Ile-Ile,M+H[1+],8.0983,0.000236533230008718,EC000248
316.22336,Ala-Ile-Ile,M+H[1+],7.7057,0.000276533230021414,EC000249
316.22337,Ala-Ile-Ile,M+H[1+],8.0029,0.000286533229996166,EC000248
334.23322,Ala-Ile-Ile,M+H2O+H[1+],7.9842,0.000463466769986098,EC000248
316.22323,Ala-Ile-Leu,M+H[1+],8.8961,0.000146533230008572,EC000247
316.22332,Ala-Ile-Leu,M+H[1+],8.0983,0.000236533230008718,EC000248
316.22336,Ala-Ile-Leu,M+H[1+],7.7057,0.000276533230021414,EC000249
316.22337,Ala-Ile-Leu,M+H[1+],8.0029,0.000286533229996166,EC000248
334.23322,Ala-Ile-Leu,M+H2O+H[1+],7.9842,0.000463466769986098,EC000248
353.21537,Ala-Ile-Lys,M+Na[1+],7.8703,0.000612466770007813,EC000250
333.17966,Ala-Ile-Phe,M-NH3+H[1+],7.1607,0.00127346676998741,EC000251
349.19714,Ala-Ile-Phe,M[1+],7.303,0.00301699999999983,EC000251
350.20726,Ala-Ile-Phe,M+H[1+],7.3157,0.000173466769979314,EC000251
351.21301,Ala-Ile-Phe,M(C13)+H[1+],7.2297,0.00217653322999922,EC000251
286.17477,Ala-Ile-Thr,M-H2O+H[1+],4.1011,0.00132846676996223,EC000252
389.21765,Ala-Ile-Trp,M+H[1+],8.8,0.000682466770001611,EC000253
302.20577,Ala-Ile-Val,M+H[1+],4.8791,0.00166346677002593,EC000254
302.20596,Ala-Ile-Val,M+H[1+],4.814,0.00147346676999405,EC000254
302.20615,Ala-Ile-Val,M+H[1+],4.1172,0.001283466770019,EC000255
230.18485,Ala-Leu-Ala,M-CO2+H[1+],1.0173,0.00148346676999722,EC000211
296.15855,Ala-Leu-Ala,M+Na[1+],1.1489,0.000416533230009009,EC000211
341.23073,Ala-Leu-Arg,M-H2O+H[1+],7.3086,0.00119953323002164,EC000217
359.24353,Ala-Leu-Arg,M+H[1+],9.3734,0.00339953323003783,EC000218
339.1616,Ala-Leu-Asn,M+Na[1+],9.621,0.00234746676994746,EC000229
286.17477,Ala-Leu-Glu,M-HCOOH+H[1+],4.1011,0.0014434667699561,EC000240
288.19049,Ala-Leu-Glu,M-CO2+H[1+],4.0805,0.00132346676997486,EC000240
314.17365,Ala-Leu-Glu,M-H2O+H[1+],4.1858,0.00263653323003155,EC000240
243.13278,Ala-Leu-Gly,M-NH3+H[1+],1.6699,0.00120346677002203,EC000214
260.15902,Ala-Leu-Gly,M+H[1+],1.5209,0.00146346677001929,EC000214
322.18586,Ala-Leu-His,M-H2O+H[1+],1.109,0.0014714667699991,EC000245
316.22323,Ala-Leu-Ile,M+H[1+],8.8961,0.000146533230008572,EC000247
316.22332,Ala-Leu-Ile,M+H[1+],8.0983,0.000236533230008718,EC000248
316.22336,Ala-Leu-Ile,M+H[1+],7.7057,0.000276533230021414,EC000249
316.22337,Ala-Leu-Ile,M+H[1+],8.0029,0.000286533229996166,EC000248
334.23322,Ala-Leu-Ile,M+H2O+H[1+],7.9842,0.000463466769986098,EC000248
316.22323,Ala-Leu-Leu,M+H[1+],8.8961,0.000146533230008572,EC000247
316.22332,Ala-Leu-Leu,M+H[1+],8.0983,0.000236533230008718,EC000248
316.22336,Ala-Leu-Leu,M+H[1+],7.7057,0.000276533230021414,EC000249
316.22337,Ala-Leu-Leu,M+H[1+],8.0029,0.000286533229996166,EC000248
334.23322,Ala-Leu-Leu,M+H2O+H[1+],7.9842,0.000463466769986098,EC000248
353.21537,Ala-Leu-Lys,M+Na[1+],7.8703,0.000612466770007813,EC000250
333.17966,Ala-Leu-Phe,M-NH3+H[1+],7.1607,0.00127346676998741,EC000251
349.19714,Ala-Leu-Phe,M[1+],7.303,0.00301699999999983,EC000251
350.20726,Ala-Leu-Phe,M+H[1+],7.3157,0.000173466769979314,EC000251
351.21301,Ala-Leu-Phe,M(C13)+H[1+],7.2297,0.00217653322999922,EC000251
286.17477,Ala-Leu-Thr,M-H2O+H[1+],4.1011,0.00132846676996223,EC000252
389.21765,Ala-Leu-Trp,M+H[1+],8.8,0.000682466770001611,EC000253
302.20577,Ala-Leu-Val,M+H[1+],4.8791,0.00166346677002593,EC000254
302.20596,Ala-Leu-Val,M+H[1+],4.814,0.00147346676999405,EC000254
302.20615,Ala-Leu-Val,M+H[1+],4.1172,0.001283466770019,EC000255
288.20172,Ala-Lys-Asn,M-CO2+H[1+],0.9316,0.00132646676996728,EC000230
331.18662,Ala-Lys-Asn,M[1+],7.7817,0.00105000000002065,EC000231
332.19079,Ala-Lys-Asn,M+H[1+],7.7829,0.00205646677000004,EC000231
354.17436,Ala-Lys-Asn,M+Na[1+],1.0729,0.000486466769984872,EC000230
333.17966,Ala-Lys-Asp,M+H[1+],7.1607,0.00279753323002296,EC000232
355.15655,Ala-Lys-Asp,M+Na[1+],8.2902,0.00231246676997898,EC000233
303.1459,Ala-Lys-Cys,M-H2O+H[1+],8.3488,0.00260446677003756,EC000235
337.20053,Ala-Lys-His,M-H2O+H[1+],9.0344,0.00229953323002974,EC000246
353.21537,Ala-Lys-Ile,M+Na[1+],7.8703,0.000612466770007813,EC000250
353.21537,Ala-Lys-Leu,M+Na[1+],7.8703,0.000612466770007813,EC000250
387.19852,Ala-Lys-Phe,M+Na[1+],4.009,0.00181246676999081,EC000256
341.17733,Ala-Lys-Thr,M+Na[1+],9.9418,0.00226746677003575,EC000257
404.22803,Ala-Lys-Trp,M+H[1+],4.3319,0.00120146676999866,EC000258
339.2013,Ala-Lys-Val,M+Na[1+],4.9846,0.000967533230038953,EC000259
274.12354,Ala-Met-Ala,M-H2O+H[1+],0.9536,0.00158453323001595,EC000212
367.15743,Ala-Met-Phe,M[1+],8.7154,0.000850999999954638,EC000260
368.16514,Ala-Met-Phe,M+H[1+],8.9529,0.00128453322997757,EC000260
368.16518,Ala-Met-Phe,M+H[1+],8.9905,0.00132453322999027,EC000260
365.22851,Ala-Phe-Arg,M-CO+H[1+],7.9797,0.000970466769956602,EC000219
365.22855,Ala-Phe-Arg,M-CO+H[1+],8.0528,0.000930466770000749,EC000219
365.22879,Ala-Phe-Arg,M-CO+H[1+],7.2294,0.000690466769981413,EC000220
375.21044,Ala-Phe-Arg,M-H2O+H[1+],6.8294,0.00344046676997323,EC000220
376.19837,Ala-Phe-Arg,M-NH3+H[1+],7.0361,0.000389533230020334,EC000220
415.20939,Ala-Phe-Arg,M+Na[1+],7.8221,0.00290953322996756,EC000219
415.20991,Ala-Phe-Arg,M+Na[1+],7.5546,0.00342953322996209,EC000221
367.18188,Ala-Phe-Gln,M(Cl37)+H[1+],6.628,0.0027325332299597,EC000238
387.16647,Ala-Phe-Gln,M+Na[1+],6.8382,0.00252253323003515,EC000238
333.17966,Ala-Phe-Ile,M-NH3+H[1+],7.1607,0.00127346676998741,EC000251
349.19714,Ala-Phe-Ile,M[1+],7.303,0.00301699999999983,EC000251
350.20726,Ala-Phe-Ile,M+H[1+],7.3157,0.000173466769979314,EC000251
351.21301,Ala-Phe-Ile,M(C13)+H[1+],7.2297,0.00217653322999922,EC000251
333.17966,Ala-Phe-Leu,M-NH3+H[1+],7.1607,0.00127346676998741,EC000251
349.19714,Ala-Phe-Leu,M[1+],7.303,0.00301699999999983,EC000251
350.20726,Ala-Phe-Leu,M+H[1+],7.3157,0.000173466769979314,EC000251
351.21301,Ala-Phe-Leu,M(C13)+H[1+],7.2297,0.00217653322999922,EC000251
387.19852,Ala-Phe-Lys,M+Na[1+],4.009,0.00181246676999081,EC000256
367.15743,Ala-Phe-Met,M[1+],8.7154,0.000850999999954638,EC000260
368.16514,Ala-Phe-Met,M+H[1+],8.9529,0.00128453322997757,EC000260
368.16518,Ala-Phe-Met,M+H[1+],8.9905,0.00132453322999027,EC000260
384.19185,Ala-Phe-Phe,M+H[1+],9.2729,6.65332299831789e-05,EC000261
187.10673,Ala-Pro,M+H[1+],0.81,0.000988785770005052,EC000262
365.19029,Ala-Pro-Arg,M+Na[1+],1.2217,0.000540466769962222,EC000222
365.19216,Ala-Pro-Arg,M+Na[1+],6.296,0.00132953323003449,EC000223
381.16357,Ala-Pro-Arg,M+K[1+],1.6023,0.000760466770032053,EC000222
337.14592,Ala-Pro-Gln,M+Na[1+],9.3231,0.00237746677004225,EC000239
274.13847,Ala-Pro-Ser,M+H[1+],0.637,0.00127846677003163,EC000263
312.09434,Ala-Pro-Ser,M+K[1+],0.6921,0.000908466770056293,EC000263
355.17637,Ala-Pro-Trp,M-H2O+H[1+],8.5379,6.24667699753445e-05,EC000264
286.17477,Ala-Pro-Val,M+H[1+],4.1011,0.00136346676998755,EC000265
274.13847,Ala-Ser-Pro,M+H[1+],0.637,0.00127846677003163,EC000263
312.09434,Ala-Ser-Pro,M+K[1+],0.6921,0.000908466770056293,EC000263
286.17477,Ala-Thr-Ile,M-H2O+H[1+],4.1011,0.00132846676996223,EC000252
286.17477,Ala-Thr-Leu,M-H2O+H[1+],4.1011,0.00132846676996223,EC000252
341.17733,Ala-Thr-Lys,M+Na[1+],9.9418,0.00226746677003575,EC000257
274.13847,Ala-Thr-Thr,M-H2O+H[1+],0.637,0.00124346677000631,EC000266
359.17094,Ala-Thr-Trp,M-H2O+H[1+],8.7172,0.000407466770013798,EC000267
359.17096,Ala-Thr-Trp,M-H2O+H[1+],8.6636,0.00038746677000745,EC000267
369.15351,Ala-Trp-Ala,M+Na[1+],8.7074,0.000127533229942856,EC000213
364.24449,Ala-Trp-Arg,M-HCOONa+H[1+],7.6102,0.00348946677002004,EC000224
364.24455,Ala-Trp-Arg,M-HCOONa+H[1+],7.536,0.003429466770001,EC000224
415.20939,Ala-Trp-Arg,M-NH3+H[1+],7.8221,0.000510533229999055,EC000224
415.20991,Ala-Trp-Arg,M-NH3+H[1+],7.5546,0.00103053322999358,EC000224
432.23655,Ala-Trp-Arg,M+H[1+],7.5532,0.00117053323003802,EC000224
454.21746,Ala-Trp-Arg,M+Na[1+],6.3382,8.05332300046757e-05,EC000225
387.16647,Ala-Trp-Glu,M-H2O+H[1+],6.8382,0.000207533230025092,EC000241
387.1686,Ala-Trp-Glu,M-H2O+H[1+],6.9283,0.00233753323004748,EC000241
427.15563,Ala-Trp-Glu,M+Na[1+],5.3059,0.00323246676998679,EC000242
389.21765,Ala-Trp-Ile,M+H[1+],8.8,0.000682466770001611,EC000253
389.21765,Ala-Trp-Leu,M+H[1+],8.8,0.000682466770001611,EC000253
404.22803,Ala-Trp-Lys,M+H[1+],4.3319,0.00120146676999866,EC000258
355.17637,Ala-Trp-Pro,M-H2O+H[1+],8.5379,6.24667699753445e-05,EC000264
359.17094,Ala-Trp-Thr,M-H2O+H[1+],8.7172,0.000407466770013798,EC000267
359.17096,Ala-Trp-Thr,M-H2O+H[1+],8.6636,0.00038746677000745,EC000267
357.19217,Ala-Trp-Val,M-H2O+H[1+],8.8111,8.75332299870024e-05,EC000268
397.18762,Ala-Trp-Val,M+Na[1+],6.2072,0.00293753322995371,EC000269
181.09598,Ala-Tyr,M-C3H4O2+H[1+],4.7587,0.00120346977001873,EC000270
217.09617,Ala-Tyr,M-H4O2+H[1+],3.2183,0.000913469770011943,EC000270
217.09659,Ala-Tyr,M-H4O2+H[1+],4.1798,0.000493469770020738,EC000270
225.12215,Ala-Tyr,M-CO+H[1+],3.2702,0.00113346976999651,EC000270
225.12228,Ala-Tyr,M-CO+H[1+],3.9722,0.00100346977001209,EC000270
253.11729,Ala-Tyr,M+H[1+],1.9539,0.000993469770008915,EC000270
391.20593,Ala-Tyr-Arg,M-H2O+H[1+],3.5639,0.00286546676994703,EC000226
398.16727,Ala-Tyr-Tyr,M-H2O+H[1+],7.0248,0.00374346677000403,EC000271
398.17202,Ala-Tyr-Tyr,M-H2O+H[1+],6.2033,0.00100653322999733,EC000272
352.19012,Ala-Tyr-Val,M+H[1+],8.9886,0.00342153322998229,EC000273
243.13278,Ala-Val-Ala,M-NH3+H[1+],1.6699,0.00120346677002203,EC000214
260.15902,Ala-Val-Ala,M+H[1+],1.5209,0.00146346677001929,EC000214
367.20892,Ala-Val-Arg,M+Na[1+],6.2712,0.00243953322996049,EC000227
367.20956,Ala-Val-Arg,M+Na[1+],6.0373,0.0030795332299931,EC000228
274.12354,Ala-Val-Cys,M-H2O+H[1+],0.9536,0.00158453323001595,EC000212
339.1616,Ala-Val-Gln,M+Na[1+],9.621,0.00234746676994746,EC000229
246.14305,Ala-Val-Gly,M+H[1+],1.4277,0.00178346677000718,EC000244
302.20577,Ala-Val-Ile,M+H[1+],4.8791,0.00166346677002593,EC000254
302.20596,Ala-Val-Ile,M+H[1+],4.814,0.00147346676999405,EC000254
302.20615,Ala-Val-Ile,M+H[1+],4.1172,0.001283466770019,EC000255
302.20577,Ala-Val-Leu,M+H[1+],4.8791,0.00166346677002593,EC000254
302.20596,Ala-Val-Leu,M+H[1+],4.814,0.00147346676999405,EC000254
302.20615,Ala-Val-Leu,M+H[1+],4.1172,0.001283466770019,EC000255
339.2013,Ala-Val-Lys,M+Na[1+],4.9846,0.000967533230038953,EC000259
286.17477,Ala-Val-Pro,M+H[1+],4.1011,0.00136346676998755,EC000265
357.19217,Ala-Val-Trp,M-H2O+H[1+],8.8111,8.75332299870024e-05,EC000268
397.18762,Ala-Val-Trp,M+Na[1+],6.2072,0.00293753322995371,EC000269
352.19012,Ala-Val-Tyr,M+H[1+],8.9886,0.00342153322998229,EC000273
288.19049,Ala-Val-Val,M+H[1+],4.0805,0.00129346676999376,EC000274
167.11688,Alanyl-Isoleucine,M-H4O2+H[1+],2.1518,0.000938914770017618,EC000275
203.13733,Alanyl-Isoleucine,M+H[1+],1.1447,0.0016889147700283,EC000276
203.1379,Alanyl-Isoleucine,M+H[1+],0.9523,0.00111891477001791,EC000276
225.12215,Alanyl-Isoleucine,M+Na[1+],3.2702,0.00113108522998573,EC000275
225.12228,Alanyl-Isoleucine,M+Na[1+],3.9722,0.00126108522997015,EC000275
167.11688,Alanyl-Leucine,M-H4O2+H[1+],2.1518,0.000938914770017618,EC000275
203.13733,Alanyl-Leucine,M+H[1+],1.1447,0.0016889147700283,EC000276
203.1379,Alanyl-Leucine,M+H[1+],0.9523,0.00111891477001791,EC000276
225.12215,Alanyl-Leucine,M+Na[1+],3.2702,0.00113108522998573,EC000275
225.12228,Alanyl-Leucine,M+Na[1+],3.9722,0.00126108522997015,EC000275
189.12234,Alanyl-Valine,M+H[1+],1.6174,0.00102884976999462,EC000277
211.10664,Alanyl-Valine,M+Na[1+],2.0433,0.00127115022999646,EC000277
211.10667,Alanyl-Valine,M+Na[1+],2.7578,0.00130115023000599,EC000277
227.07812,Alanyl-Valine,M+K[1+],2.2154,0.000748849769991011,EC000277
169.05972,Alanylglycine,M+Na[1+],5.3335,0.00130134322998288,EC000278
399.24907,Alfentanil,M-H2O+H[1+],8.4627,0.00119538677000719,EC000279
223.03824,Alizarin,M-H2O+H[1+],0.7403,0.000736466770007382,EC000280
137.04484,Allopurinol,M+H[1+],0.9517,0.000947236770002746,EC000281
323.15884,alpha-C-Mannosyltryptophan,M-CO2+H[1+],2.5876,0.0013394667699913,EC000282
339.15374,alpha-C-Mannosyltryptophan,M-CO+H[1+],1.6144,0.00123946676995956,EC000282
367.14857,alpha-C-Mannosyltryptophan,M+H[1+],2.324,0.0014094667699851,EC000282
368.15171,alpha-C-Mannosyltryptophan,M(C13)+H[1+],2.3287,0.00166946677001079,EC000282
218.0415,Alpha-Hydroxyhippuric acid,M+Na[1+],0.6896,0.000934247770004504,EC00095
351.08598,Alteichin,M+H[1+],1.077,0.000296466770009829,EC000283
319.08151,Altersolanol A,M-H2O+H[1+],4.3979,0.00033353322999119,EC000284
193.15771,Altretamine,M-H2O+H[1+],9.581,0.0017389272300079,EC000285
211.16821,Altretamine,M+H[1+],5.5669,0.00163892722997616,EC000286
211.16824,Altretamine,M+H[1+],9.5784,0.00166892722998568,EC000285
211.16825,Altretamine,M+H[1+],8.5266,0.00167892722998886,EC000287
233.14849,Altretamine,M+Na[1+],0.6259,8.10727700013558e-05,EC000288
233.14862,Altretamine,M+Na[1+],1.6244,4.89272299830645e-05,EC000289
233.15013,Altretamine,M+Na[1+],6.7319,0.00155892722997919,EC000290
233.15014,Altretamine,M+Na[1+],6.1543,0.00156892722998236,EC000291
497.25484,Amastatin,M+Na[1+],10.9504,0.00340046676996053,EC000292
699.35396,Amataine,M-H2O+H[1+],8.3493,0.000101466770047409,EC000293
699.35402,Amataine,M-H2O+H[1+],8.4657,4.14667700852078e-05,EC000293
169.05972,Ampa,M-H2O+H[1+],5.3335,0.00105646676999527,EC000294
332.1092,Ampicillin,M-H2O+H[1+],1.0954,0.00289673222999909,EC000295
350.11987,Ampicillin,M+H[1+],1.6778,0.00296673222999289,EC000296
327.23015,Anacardic acid,M-H2O+H[1+],9.9182,0.00167135677003216,EC000297
345.24021,Anacardic acid,M+H[1+],8.8129,0.00221135677003303,EC000298
144.07976,Anatabine,M-NH3+H[1+],3.6705,0.00106486077001477,EC000299
144.0798,Anatabine,M-NH3+H[1+],2.3272,0.00102486077000208,EC000299
161.10633,Anatabine,M+H[1+],2.324,0.000994860769992556,EC000299
162.10936,Anatabine,M(C13)+H[1+],2.3314,0.00136486076999631,EC000299
189.05119,Apocynin,M+Na[1+],4.7686,0.00108046677001994,EC000151
359.17094,Apovincamine,M+Na[1+],8.7172,0.00211446677008098,EC000300
359.17096,Apovincamine,M+Na[1+],8.6636,0.00209446677007463,EC000300
267.01635,Apraclonidine,M+Na[1+],2.396,0.00117822077004348,EC000301
282.98868,Apraclonidine,M+K[1+],2.4004,0.00234822076998853,EC000301
167.11688,Aprobarbital,M-CO2+H[1+],2.1518,0.00103879076999647,EC000302
183.11172,Aprobarbital,M-CO+H[1+],2.0948,0.000998790770012192,EC000302
193.09609,Aprobarbital,M-H2O+H[1+],0.9966,0.00102879076999329,EC000303
211.10664,Aprobarbital,M+H[1+],2.0433,0.00107879077000916,EC000302
211.10667,Aprobarbital,M+H[1+],2.7578,0.00104879076999964,EC000302
212.10992,Aprobarbital,M(C13)+H[1+],2.7625,0.00119879077001883,EC000302
268.10283,Arabinoside,M-H2O+H[1+],1.0277,0.00114646677002384,EC000304
268.10286,Arabinoside,M-H2O+H[1+],1.1266,0.00111646676998589,EC000304
299.18159,Arg-Ala-Ala,M-H2O+H[1+],6.5915,0.00099046676996295,EC000210
331.15275,Arg-Ala-Cys,M-H2O+H[1+],5.7049,0.00190246676999095,EC000215
257.17331,Arg-Ala-Gly,M-HCOOH+H[1+],6.6123,0.00117953323001529,EC000216
325.16078,Arg-Ala-Gly,M+Na[1+],6.4135,0.00124953323000909,EC000216
341.23073,Arg-Ala-Ile,M-H2O+H[1+],7.3086,0.00119953323002164,EC000217
359.24353,Arg-Ala-Ile,M+H[1+],9.3734,0.00339953323003783,EC000218
341.23073,Arg-Ala-Leu,M-H2O+H[1+],7.3086,0.00119953323002164,EC000217
359.24353,Arg-Ala-Leu,M+H[1+],9.3734,0.00339953323003783,EC000218
365.22851,Arg-Ala-Phe,M-CO+H[1+],7.9797,0.000970466769956602,EC000219
365.22855,Arg-Ala-Phe,M-CO+H[1+],8.0528,0.000930466770000749,EC000219
365.22879,Arg-Ala-Phe,M-CO+H[1+],7.2294,0.000690466769981413,EC000220
375.21044,Arg-Ala-Phe,M-H2O+H[1+],6.8294,0.00344046676997323,EC000220
376.19837,Arg-Ala-Phe,M-NH3+H[1+],7.0361,0.000389533230020334,EC000220
415.20939,Arg-Ala-Phe,M+Na[1+],7.8221,0.00290953322996756,EC000219
415.20991,Arg-Ala-Phe,M+Na[1+],7.5546,0.00342953322996209,EC000221
365.19029,Arg-Ala-Pro,M+Na[1+],1.2217,0.000540466769962222,EC000222
365.19216,Arg-Ala-Pro,M+Na[1+],6.296,0.00132953323003449,EC000223
381.16357,Arg-Ala-Pro,M+K[1+],1.6023,0.000760466770032053,EC000222
364.24449,Arg-Ala-Trp,M-HCOONa+H[1+],7.6102,0.00348946677002004,EC000224
364.24455,Arg-Ala-Trp,M-HCOONa+H[1+],7.536,0.003429466770001,EC000224
415.20939,Arg-Ala-Trp,M-NH3+H[1+],7.8221,0.000510533229999055,EC000224
415.20991,Arg-Ala-Trp,M-NH3+H[1+],7.5546,0.00103053322999358,EC000224
432.23655,Arg-Ala-Trp,M+H[1+],7.5532,0.00117053323003802,EC000224
454.21746,Arg-Ala-Trp,M+Na[1+],6.3382,8.05332300046757e-05,EC000225
391.20593,Arg-Ala-Tyr,M-H2O+H[1+],3.5639,0.00286546676994703,EC000226
367.20892,Arg-Ala-Val,M+Na[1+],6.2712,0.00243953322996049,EC000227
367.20956,Arg-Ala-Val,M+Na[1+],6.0373,0.0030795332299931,EC000228
459.27832,Arg-Arg-Gln,M+H[1+],5.4131,0.000321466770003553,EC000305
481.26014,Arg-Arg-Gln,M+Na[1+],5.4135,0.000501466770060688,EC000305
376.31716,Arg-Arg-Ile,M-HCOONa+H[1+],9.0557,0.000432533229968612,EC000306
466.29051,Arg-Arg-Ile,M+Na[1+],9.0331,0.00438253322994342,EC000306
376.31716,Arg-Arg-Leu,M-HCOONa+H[1+],9.0557,0.000432533229968612,EC000306
466.29051,Arg-Arg-Leu,M+Na[1+],9.0331,0.00438253322994342,EC000306
461.26494,Arg-Arg-Phe,M-NH3+H[1+],10.5275,0.00296253323000428,EC000307
478.29104,Arg-Arg-Phe,M+H[1+],8.8093,0.002562533229991,EC000308
478.29119,Arg-Arg-Phe,M+H[1+],8.944,0.00271253322995335,EC000308
478.29132,Arg-Arg-Phe,M+H[1+],10.4157,0.00284253322996619,EC000307
500.27265,Arg-Arg-Phe,M+Na[1+],8.8028,0.00217253323000932,EC000308
500.27306,Arg-Arg-Phe,M+Na[1+],8.9398,0.00258253322999735,EC000308
500.27311,Arg-Arg-Phe,M+Na[1+],10.4193,0.0026325332299848,EC000307
410.26097,Arg-Arg-Pro,M-H2O+H[1+],4.9166,0.0012574667700278,EC000309
466.29051,Arg-Arg-Tyr,M-CO+H[1+],9.0331,0.00211753322997765,EC000310
476.27315,Arg-Arg-Tyr,M-H2O+H[1+],9.0755,0.000357533229987439,EC000310
476.27547,Arg-Arg-Tyr,M-H2O+H[1+],8.6776,0.00267753322998487,EC000311
476.27552,Arg-Arg-Tyr,M-H2O+H[1+],8.544,0.00272753322997232,EC000311
476.27553,Arg-Arg-Tyr,M-H2O+H[1+],9.7217,0.00273753323000392,EC000312
493.27957,Arg-Arg-Tyr,M[1+],4.9786,0.00345399999997653,EC000313
494.28148,Arg-Arg-Tyr,M+H[1+],4.9762,0.00191246677002255,EC000313
374.16249,Arg-Asn-Cys,M-H2O+H[1+],2.9627,0.00202353322998761,EC000314
368.16514,Arg-Asn-Gly,M+Na[1+],8.9529,0.000204466769957889,EC000315
368.16518,Arg-Asn-Gly,M+Na[1+],8.9905,0.000164466769945193,EC000315
425.21302,Arg-Asn-His,M[1+],8.7672,0.000496000000055119,EC000316
426.21982,Arg-Asn-His,M+H[1+],8.7684,0.000972466770008396,EC000316
399.24907,Arg-Asn-Lys,M-H2O+H[1+],8.4627,0.00282653323000659,EC000279
398.17202,Arg-Asn-Ser,M+Na[1+],6.2033,0.00388946677003332,EC000317
457.23115,Arg-Asn-Trp,M-H2O+H[1+],10.3255,0.000556533229996603,EC000318
405.17164,Arg-Asp-Asp,M+H[1+],4.5259,0.00120046677000119,EC000319
427.15563,Arg-Asp-Asp,M+Na[1+],5.3059,0.000789533229976769,EC000242
415.13457,Arg-Asp-Cys,M+Na[1+],5.3134,0.00251246677004247,EC000320
415.13486,Arg-Asp-Cys,M+Na[1+],4.6436,0.00222246677003568,EC000321
402.15915,Arg-Asp-Glu,M-NH3+H[1+],5.3013,0.00284046677001015,EC000322
419.1873,Arg-Asp-Glu,M+H[1+],5.1987,0.00119046677002643,EC000322
427.20575,Arg-Asp-His,M+H[1+],3.9472,0.00094153322999091,EC000323
403.23256,Arg-Asp-Ile,M+H[1+],8.7642,0.00259953322995443,EC000324
425.21302,Arg-Asp-Ile,M+Na[1+],8.7672,0.00105953322992036,EC000324
403.23256,Arg-Asp-Leu,M+H[1+],8.7642,0.00259953322995443,EC000324
425.21302,Arg-Asp-Leu,M+Na[1+],8.7672,0.00105953322992036,EC000324
387.19852,Arg-Asp-Pro,M+H[1+],4.009,0.000140466770062631,EC000325
409.1818,Arg-Asp-Pro,M+Na[1+],5.058,0.00113953322994576,EC000326
409.18182,Arg-Asp-Pro,M+Na[1+],4.7103,0.0011595332299521,EC000327
389.21765,Arg-Asp-Val,M+H[1+],8.8,0.00333953322996194,EC000253
331.15275,Arg-Cys-Ala,M-H2O+H[1+],5.7049,0.00190246676999095,EC000215
374.16249,Arg-Cys-Asn,M-H2O+H[1+],2.9627,0.00202353322998761,EC000314
415.13457,Arg-Cys-Asp,M+Na[1+],5.3134,0.00251246677004247,EC000320
415.13486,Arg-Cys-Asp,M+Na[1+],4.6436,0.00222246677003568,EC000321
429.1505,Arg-Cys-Glu,M+Na[1+],5.4988,0.00223246676995359,EC000328
335.14903,Arg-Cys-Gly,M+H[1+],8.38,0.00057246677005196,EC000329
335.15039,Arg-Cys-Gly,M+H[1+],9.325,0.000787533229981818,EC000330
337.14592,Arg-Cys-Gly,M(Cl37)+H[1+],9.3231,0.000882466770065093,EC000330
337.14592,Arg-Cys-Gly,M(S34)+H[1+],9.3231,0.000517533229981382,EC000330
353.16074,Arg-Cys-Gly,M+H2O+H[1+],8.2908,0.000537533229930887,EC000329
373.20196,Arg-Cys-Ile,M-H2O+H[1+],9.0833,0.000357533229987439,EC000331
373.20196,Arg-Cys-Leu,M-H2O+H[1+],9.0833,0.000357533229987439,EC000331
391.15581,Arg-Cys-Met,M-H2O+H[1+],4.462,0.00221446676999904,EC000332
431.14675,Arg-Cys-Met,M+Na[1+],5.6036,0.00387446676995751,EC000333
213.10126,Arg-Cys-Phe,M+2H[2+],4.8311,0.00065446677001546,EC000334
407.18621,Arg-Cys-Phe,M-H2O+H[1+],9.0255,0.000257533230012541,EC000335
407.18738,Arg-Cys-Phe,M-H2O+H[1+],4.9988,0.00142753323001443,EC000334
357.17218,Arg-Cys-Pro,M-H2O+H[1+],8.5361,0.00187753323001516,EC000336
387.13851,Arg-Cys-Ser,M+Na[1+],3.5745,0.00365746677005063,EC000337
433.14543,Arg-Cys-Ser,M+HCOONa[1+],2.8663,0.00213746677002291,EC000337
401.15552,Arg-Cys-Thr,M+Na[1+],5.3215,0.00229746676996001,EC000338
459.27832,Arg-Gln-Arg,M+H[1+],5.4131,0.000321466770003553,EC000305
481.26014,Arg-Gln-Arg,M+Na[1+],5.4135,0.000501466770060688,EC000305
414.21365,Arg-Gln-Glu,M-H2O+H[1+],7.0331,0.004125533229967,EC000339
413.26459,Arg-Gln-Lys,M-H2O+H[1+],10.6597,0.00269653322999375,EC000340
432.23655,Arg-Gln-Phe,M-H2O+H[1+],7.5532,0.00120553323000649,EC000341
422.21156,Arg-Gln-Pro,M+Na[1+],1.6351,0.00073446676998401,EC000342
404.22803,Arg-Gln-Thr,M+H[1+],4.3319,0.00282053322996489,EC000258
402.15915,Arg-Glu-Asp,M-NH3+H[1+],5.3013,0.00284046677001015,EC000322
419.1873,Arg-Glu-Asp,M+H[1+],5.1987,0.00119046677002643,EC000322
429.1505,Arg-Glu-Cys,M+Na[1+],5.4988,0.00223246676995359,EC000328
414.21365,Arg-Glu-Gln,M-H2O+H[1+],7.0331,0.004125533229967,EC000339
433.20797,Arg-Glu-Glu,M+H[1+],9.3701,0.00382953322997537,EC000343
433.20813,Arg-Glu-Glu,M+H[1+],9.4959,0.00398953322996931,EC000343
383.20094,Arg-Glu-Pro,M-H2O+H[1+],0.6216,0.00277046677001636,EC000344
383.20267,Arg-Glu-Pro,M-H2O+H[1+],8.3496,0.00104046677000724,EC000345
387.19852,Arg-Glu-Thr,M-H2O+H[1+],4.009,0.00010546677003731,EC000346
403.23256,Arg-Glu-Val,M+H[1+],8.7642,0.00259953322995443,EC000324
425.21302,Arg-Glu-Val,M+Na[1+],8.7672,0.00105953322992036,EC000324
257.17331,Arg-Gly-Ala,M-HCOOH+H[1+],6.6123,0.00117953323001529,EC000216
325.16078,Arg-Gly-Ala,M+Na[1+],6.4135,0.00124953323000909,EC000216
368.16514,Arg-Gly-Asn,M+Na[1+],8.9529,0.000204466769957889,EC000315
368.16518,Arg-Gly-Asn,M+Na[1+],8.9905,0.000164466769945193,EC000315
335.14903,Arg-Gly-Cys,M+H[1+],8.38,0.00057246677005196,EC000329
335.15039,Arg-Gly-Cys,M+H[1+],9.325,0.000787533229981818,EC000330
337.14592,Arg-Gly-Cys,M(Cl37)+H[1+],9.3231,0.000882466770065093,EC000330
337.14592,Arg-Gly-Cys,M(S34)+H[1+],9.3231,0.000517533229981382,EC000330
353.16074,Arg-Gly-Cys,M+H2O+H[1+],8.2908,0.000537533229930887,EC000329
217.14234,Arg-Gly-Gly,M-C3H4O2+H[1+],5.6326,0.00155953322996538,EC000347
271.15035,Arg-Gly-Gly,M-H2O+H[1+],5.6335,0.000930466770000749,EC000347
301.21473,Arg-Gly-His,M-HCOONa+H[1+],7.7646,0.00280153322995602,EC000348
323.19661,Arg-Gly-His,M-HCOOH+H[1+],7.7422,0.00268153323003162,EC000348
351.19018,Arg-Gly-His,M-H2O+H[1+],7.8439,0.00145153323001068,EC000348
369.19605,Arg-Gly-His,M+H[1+],6.8264,0.00327846676998433,EC000349
367.20892,Arg-Gly-Ile,M+Na[1+],6.2712,0.00243953322996049,EC000227
367.20956,Arg-Gly-Ile,M+Na[1+],6.0373,0.0030795332299931,EC000228
367.20892,Arg-Gly-Leu,M+Na[1+],6.2712,0.00243953322996049,EC000227
367.20956,Arg-Gly-Leu,M+Na[1+],6.0373,0.0030795332299931,EC000228
385.16534,Arg-Gly-Met,M+Na[1+],6.837,0.00243753323002238,EC000350
311.18368,Arg-Gly-Pro,M-H2O+H[1+],7.1358,0.0010995332299899,EC000351
328.18692,Arg-Gly-Pro,M[1+],7.2246,0.0010159999999928,EC000351
301.16116,Arg-Gly-Ser,M-H2O+H[1+],5.6055,0.000685466769994036,EC000352
440.19733,Arg-Gly-Trp,M+Na[1+],8.5706,0.00439946676993941,EC000353
425.21302,Arg-His-Asn,M[1+],8.7672,0.000496000000055119,EC000316
426.21982,Arg-His-Asn,M+H[1+],8.7684,0.000972466770008396,EC000316
427.20575,Arg-His-Asp,M+H[1+],3.9472,0.00094153322999091,EC000323
301.21473,Arg-His-Gly,M-HCOONa+H[1+],7.7646,0.00280153322995602,EC000348
323.19661,Arg-His-Gly,M-HCOOH+H[1+],7.7422,0.00268153323003162,EC000348
351.19018,Arg-His-Gly,M-H2O+H[1+],7.8439,0.00145153323001068,EC000348
369.19605,Arg-His-Gly,M+H[1+],6.8264,0.00327846676998433,EC000349
415.25242,Arg-His-Phe,M-CO2+H[1+],5.2451,0.00405846677006139,EC000354
459.24654,Arg-His-Phe,M+H[1+],10.7288,0.000261533229945599,EC000355
481.22558,Arg-His-Phe,M+Na[1+],5.1402,0.00269846677002761,EC000354
337.21116,Arg-His-Pro,M-C3H4O2+H[1+],8.846,0.00163153323001097,EC000356
391.22285,Arg-His-Pro,M-H2O+H[1+],9.0267,0.00282153323001921,EC000356
498.25728,Arg-His-Trp,M+H[1+],8.6767,0.000102533229949131,EC000357
457.23115,Arg-His-Tyr,M-H2O+H[1+],10.3255,0.000556533229996603,EC000318
393.23867,Arg-His-Val,M-H2O+H[1+],9.2703,0.00299153322998791,EC000358
393.23871,Arg-His-Val,M-H2O+H[1+],10.6801,0.0030315332300006,EC000359
393.23881,Arg-His-Val,M-H2O+H[1+],9.1966,0.0031315332299755,EC000358
433.23109,Arg-His-Val,M+Na[1+],10.6764,0.00281153322998762,EC000359
341.23073,Arg-Ile-Ala,M-H2O+H[1+],7.3086,0.00119953323002164,EC000217
359.24353,Arg-Ile-Ala,M+H[1+],9.3734,0.00339953323003783,EC000218
376.31716,Arg-Ile-Arg,M-HCOONa+H[1+],9.0557,0.000432533229968612,EC000306
466.29051,Arg-Ile-Arg,M+Na[1+],9.0331,0.00438253322994342,EC000306
403.23256,Arg-Ile-Asp,M+H[1+],8.7642,0.00259953322995443,EC000324
425.21302,Arg-Ile-Asp,M+Na[1+],8.7672,0.00105953322992036,EC000324
373.20196,Arg-Ile-Cys,M-H2O+H[1+],9.0833,0.000357533229987439,EC000331
367.20892,Arg-Ile-Gly,M+Na[1+],6.2712,0.00243953322996049,EC000227
367.20956,Arg-Ile-Gly,M+Na[1+],6.0373,0.0030795332299931,EC000228
329.2674,Arg-Ile-Ile,M-C3H4O2+H[1+],9.0835,0.00141953322997779,EC000360
355.28073,Arg-Ile-Ile,M-HCOOH+H[1+],8.9599,0.000950466770007097,EC000360
355.28181,Arg-Ile-Ile,M-HCOOH+H[1+],9.2616,0.000129533229994649,EC000360
355.28198,Arg-Ile-Ile,M-HCOOH+H[1+],8.8485,0.000299533229963345,EC000360
355.28243,Arg-Ile-Ile,M-HCOOH+H[1+],8.719,0.000749533229964072,EC000360
355.28268,Arg-Ile-Ile,M-HCOOH+H[1+],8.6129,0.000999533230015004,EC000360
357.29749,Arg-Ile-Ile,M-CO2+H[1+],8.7504,0.000209533229963199,EC000360
357.29829,Arg-Ile-Ile,M-CO2+H[1+],9.2205,0.00100953322998976,EC000360
357.29837,Arg-Ile-Ile,M-CO2+H[1+],8.8912,0.00108953322995831,EC000360
357.29839,Arg-Ile-Ile,M-CO2+H[1+],9.1119,0.00110953322996465,EC000360
357.29845,Arg-Ile-Ile,M-CO2+H[1+],8.9972,0.0011695332299837,EC000360
365.26483,Arg-Ile-Ile,M-H4O2+H[1+],9.3107,0.00105046676998199,EC000360
365.26933,Arg-Ile-Ile,M-H4O2+H[1+],9.0692,0.00344953323002528,EC000360
373.29108,Arg-Ile-Ile,M-CO+H[1+],9.2999,0.00100046676999455,EC000360
401.28571,Arg-Ile-Ile,M+H[1+],5.969,0.00137046677002672,EC000361
401.28808,Arg-Ile-Ile,M+H[1+],8.6926,0.000999533229958161,EC000360
401.28826,Arg-Ile-Ile,M+H[1+],8.8522,0.00117953322995845,EC000360
329.2674,Arg-Ile-Leu,M-C3H4O2+H[1+],9.0835,0.00141953322997779,EC000360
355.28073,Arg-Ile-Leu,M-HCOOH+H[1+],8.9599,0.000950466770007097,EC000360
355.28181,Arg-Ile-Leu,M-HCOOH+H[1+],9.2616,0.000129533229994649,EC000360
355.28198,Arg-Ile-Leu,M-HCOOH+H[1+],8.8485,0.000299533229963345,EC000360
355.28243,Arg-Ile-Leu,M-HCOOH+H[1+],8.719,0.000749533229964072,EC000360
355.28268,Arg-Ile-Leu,M-HCOOH+H[1+],8.6129,0.000999533230015004,EC000360
357.29749,Arg-Ile-Leu,M-CO2+H[1+],8.7504,0.000209533229963199,EC000360
357.29829,Arg-Ile-Leu,M-CO2+H[1+],9.2205,0.00100953322998976,EC000360
357.29837,Arg-Ile-Leu,M-CO2+H[1+],8.8912,0.00108953322995831,EC000360
357.29839,Arg-Ile-Leu,M-CO2+H[1+],9.1119,0.00110953322996465,EC000360
357.29845,Arg-Ile-Leu,M-CO2+H[1+],8.9972,0.0011695332299837,EC000360
365.26483,Arg-Ile-Leu,M-H4O2+H[1+],9.3107,0.00105046676998199,EC000360
365.26933,Arg-Ile-Leu,M-H4O2+H[1+],9.0692,0.00344953323002528,EC000360
373.29108,Arg-Ile-Leu,M-CO+H[1+],9.2999,0.00100046676999455,EC000360
401.28571,Arg-Ile-Leu,M+H[1+],5.969,0.00137046677002672,EC000361
401.28808,Arg-Ile-Leu,M+H[1+],8.6926,0.000999533229958161,EC000360
401.28826,Arg-Ile-Leu,M+H[1+],8.8522,0.00117953322995845,EC000360
313.23581,Arg-Ile-Pro,M-C3H4O2+H[1+],7.8792,0.001129533229971,EC000362
313.23594,Arg-Ile-Pro,M-C3H4O2+H[1+],7.6796,0.00125953322998384,EC000362
339.24907,Arg-Ile-Pro,M-HCOOH+H[1+],8.0018,0.00131046677000768,EC000362
339.24939,Arg-Ile-Pro,M-HCOOH+H[1+],8.1721,0.000990466770019793,EC000362
339.25179,Arg-Ile-Pro,M-HCOOH+H[1+],7.7499,0.00140953323000303,EC000362
367.24396,Arg-Ile-Pro,M-H2O+H[1+],7.3559,0.00122046677000753,EC000362
367.24397,Arg-Ile-Pro,M-H2O+H[1+],7.4703,0.00121046677003278,EC000362
367.24418,Arg-Ile-Pro,M-H2O+H[1+],7.9991,0.00100046677005139,EC000362
367.24437,Arg-Ile-Pro,M-H2O+H[1+],7.6994,0.000810466770019502,EC000362
407.23732,Arg-Ile-Pro,M+Na[1+],4.3058,0.000460466769993673,EC000363
407.23886,Arg-Ile-Pro,M+Na[1+],7.709,0.00107953322998355,EC000362
407.23923,Arg-Ile-Pro,M+Na[1+],7.3809,0.00144953323001573,EC000362
357.2238,Arg-Ile-Ser,M-H2O+H[1+],9.073,0.000645466770038183,EC000364
375.23143,Arg-Ile-Ser,M+H[1+],9.7957,0.00361546677004299,EC000365
397.21661,Arg-Ile-Ser,M+Na[1+],0.6407,0.000435466770056792,EC000366
371.23918,Arg-Ile-Thr,M-H2O+H[1+],9.6753,0.00091546677003862,EC000367
474.28331,Arg-Ile-Trp,M+H[1+],7.5544,0.000980533229949287,EC000368
369.26136,Arg-Ile-Val,M-H2O+H[1+],6.6192,0.000529533230007928,EC000369
387.27484,Arg-Ile-Val,M+H[1+],10.0296,0.00340953322995574,EC000370
388.27294,Arg-Ile-Val,M(C13)+H[1+],10.0249,0.00189046677002125,EC000370
409.25443,Arg-Ile-Val,M+Na[1+],7.595,0.000999533229958161,EC000371
288.20172,Arg-Leu,M+H[1+],0.9316,0.00129615176996367,EC000372
341.23073,Arg-Leu-Ala,M-H2O+H[1+],7.3086,0.00119953323002164,EC000217
359.24353,Arg-Leu-Ala,M+H[1+],9.3734,0.00339953323003783,EC000218
376.31716,Arg-Leu-Arg,M-HCOONa+H[1+],9.0557,0.000432533229968612,EC000306
466.29051,Arg-Leu-Arg,M+Na[1+],9.0331,0.00438253322994342,EC000306
403.23256,Arg-Leu-Asp,M+H[1+],8.7642,0.00259953322995443,EC000324
425.21302,Arg-Leu-Asp,M+Na[1+],8.7672,0.00105953322992036,EC000324
373.20196,Arg-Leu-Cys,M-H2O+H[1+],9.0833,0.000357533229987439,EC000331
367.20892,Arg-Leu-Gly,M+Na[1+],6.2712,0.00243953322996049,EC000227
367.20956,Arg-Leu-Gly,M+Na[1+],6.0373,0.0030795332299931,EC000228
329.2674,Arg-Leu-Ile,M-C3H4O2+H[1+],9.0835,0.00141953322997779,EC000360
355.28073,Arg-Leu-Ile,M-HCOOH+H[1+],8.9599,0.000950466770007097,EC000360
355.28181,Arg-Leu-Ile,M-HCOOH+H[1+],9.2616,0.000129533229994649,EC000360
355.28198,Arg-Leu-Ile,M-HCOOH+H[1+],8.8485,0.000299533229963345,EC000360
355.28243,Arg-Leu-Ile,M-HCOOH+H[1+],8.719,0.000749533229964072,EC000360
355.28268,Arg-Leu-Ile,M-HCOOH+H[1+],8.6129,0.000999533230015004,EC000360
357.29749,Arg-Leu-Ile,M-CO2+H[1+],8.7504,0.000209533229963199,EC000360
357.29829,Arg-Leu-Ile,M-CO2+H[1+],9.2205,0.00100953322998976,EC000360
357.29837,Arg-Leu-Ile,M-CO2+H[1+],8.8912,0.00108953322995831,EC000360
357.29839,Arg-Leu-Ile,M-CO2+H[1+],9.1119,0.00110953322996465,EC000360
357.29845,Arg-Leu-Ile,M-CO2+H[1+],8.9972,0.0011695332299837,EC000360
365.26483,Arg-Leu-Ile,M-H4O2+H[1+],9.3107,0.00105046676998199,EC000360
365.26933,Arg-Leu-Ile,M-H4O2+H[1+],9.0692,0.00344953323002528,EC000360
373.29108,Arg-Leu-Ile,M-CO+H[1+],9.2999,0.00100046676999455,EC000360
401.28571,Arg-Leu-Ile,M+H[1+],5.969,0.00137046677002672,EC000361
401.28808,Arg-Leu-Ile,M+H[1+],8.6926,0.000999533229958161,EC000360
401.28826,Arg-Leu-Ile,M+H[1+],8.8522,0.00117953322995845,EC000360
329.2674,Arg-Leu-Leu,M-C3H4O2+H[1+],9.0835,0.00141953322997779,EC000360
355.28073,Arg-Leu-Leu,M-HCOOH+H[1+],8.9599,0.000950466770007097,EC000360
355.28181,Arg-Leu-Leu,M-HCOOH+H[1+],9.2616,0.000129533229994649,EC000360
355.28198,Arg-Leu-Leu,M-HCOOH+H[1+],8.8485,0.000299533229963345,EC000360
355.28243,Arg-Leu-Leu,M-HCOOH+H[1+],8.719,0.000749533229964072,EC000360
355.28268,Arg-Leu-Leu,M-HCOOH+H[1+],8.6129,0.000999533230015004,EC000360
357.29749,Arg-Leu-Leu,M-CO2+H[1+],8.7504,0.000209533229963199,EC000360
357.29829,Arg-Leu-Leu,M-CO2+H[1+],9.2205,0.00100953322998976,EC000360
357.29837,Arg-Leu-Leu,M-CO2+H[1+],8.8912,0.00108953322995831,EC000360
357.29839,Arg-Leu-Leu,M-CO2+H[1+],9.1119,0.00110953322996465,EC000360
357.29845,Arg-Leu-Leu,M-CO2+H[1+],8.9972,0.0011695332299837,EC000360
365.26483,Arg-Leu-Leu,M-H4O2+H[1+],9.3107,0.00105046676998199,EC000360
365.26933,Arg-Leu-Leu,M-H4O2+H[1+],9.0692,0.00344953323002528,EC000360
373.29108,Arg-Leu-Leu,M-CO+H[1+],9.2999,0.00100046676999455,EC000360
401.28571,Arg-Leu-Leu,M+H[1+],5.969,0.00137046677002672,EC000361
401.28808,Arg-Leu-Leu,M+H[1+],8.6926,0.000999533229958161,EC000360
401.28826,Arg-Leu-Leu,M+H[1+],8.8522,0.00117953322995845,EC000360
313.23581,Arg-Leu-Pro,M-C3H4O2+H[1+],7.8792,0.001129533229971,EC000362
313.23594,Arg-Leu-Pro,M-C3H4O2+H[1+],7.6796,0.00125953322998384,EC000362
339.24907,Arg-Leu-Pro,M-HCOOH+H[1+],8.0018,0.00131046677000768,EC000362
339.24939,Arg-Leu-Pro,M-HCOOH+H[1+],8.1721,0.000990466770019793,EC000362
339.25179,Arg-Leu-Pro,M-HCOOH+H[1+],7.7499,0.00140953323000303,EC000362
367.24396,Arg-Leu-Pro,M-H2O+H[1+],7.3559,0.00122046677000753,EC000362
367.24397,Arg-Leu-Pro,M-H2O+H[1+],7.4703,0.00121046677003278,EC000362
367.24418,Arg-Leu-Pro,M-H2O+H[1+],7.9991,0.00100046677005139,EC000362
367.24437,Arg-Leu-Pro,M-H2O+H[1+],7.6994,0.000810466770019502,EC000362
407.23732,Arg-Leu-Pro,M+Na[1+],4.3058,0.000460466769993673,EC000363
407.23886,Arg-Leu-Pro,M+Na[1+],7.709,0.00107953322998355,EC000362
407.23923,Arg-Leu-Pro,M+Na[1+],7.3809,0.00144953323001573,EC000362
357.2238,Arg-Leu-Ser,M-H2O+H[1+],9.073,0.000645466770038183,EC000364
375.23143,Arg-Leu-Ser,M+H[1+],9.7957,0.00361546677004299,EC000365
397.21661,Arg-Leu-Ser,M+Na[1+],0.6407,0.000435466770056792,EC000366
371.23918,Arg-Leu-Thr,M-H2O+H[1+],9.6753,0.00091546677003862,EC000367
474.28331,Arg-Leu-Trp,M+H[1+],7.5544,0.000980533229949287,EC000368
369.26136,Arg-Leu-Val,M-H2O+H[1+],6.6192,0.000529533230007928,EC000369
387.27484,Arg-Leu-Val,M+H[1+],10.0296,0.00340953322995574,EC000370
388.27294,Arg-Leu-Val,M(C13)+H[1+],10.0249,0.00189046677002125,EC000370
409.25443,Arg-Leu-Val,M+Na[1+],7.595,0.000999533229958161,EC000371
303.21575,Arg-Lys,M+H[1+],8.7656,0.00183481223001536,EC000373
399.24907,Arg-Lys-Asn,M-H2O+H[1+],8.4627,0.00282653323000659,EC000279
413.26459,Arg-Lys-Gln,M-H2O+H[1+],10.6597,0.00269653322999375,EC000340
471.27962,Arg-Lys-Trp,M-H2O+H[1+],6.0518,0.0030084667699839,EC000374
466.27689,Arg-Lys-Tyr,M+H[1+],9.2459,0.000354466770033923,EC000375
488.25578,Arg-Lys-Tyr,M+Na[1+],8.3575,0.00346446677002632,EC000376
391.15581,Arg-Met-Cys,M-H2O+H[1+],4.462,0.00221446676999904,EC000332
431.14675,Arg-Met-Cys,M+Na[1+],5.6036,0.00387446676995751,EC000333
385.16534,Arg-Met-Gly,M+Na[1+],6.837,0.00243753323002238,EC000350
393.20818,Arg-Met-Met,M-CO2+H[1+],5.0507,0.0019444667699986,EC000377
419.1873,Arg-Met-Met,M-H2O+H[1+],5.1987,0.00202446677002399,EC000377
427.20575,Arg-Met-Val,M+Na[1+],3.9472,0.00410246677000714,EC000378
322.18586,Arg-Phe,M+H[1+],1.109,0.00150608776999661,EC000379
365.22851,Arg-Phe-Ala,M-CO+H[1+],7.9797,0.000970466769956602,EC000219
365.22855,Arg-Phe-Ala,M-CO+H[1+],8.0528,0.000930466770000749,EC000219
365.22879,Arg-Phe-Ala,M-CO+H[1+],7.2294,0.000690466769981413,EC000220
375.21044,Arg-Phe-Ala,M-H2O+H[1+],6.8294,0.00344046676997323,EC000220
376.19837,Arg-Phe-Ala,M-NH3+H[1+],7.0361,0.000389533230020334,EC000220
415.20939,Arg-Phe-Ala,M+Na[1+],7.8221,0.00290953322996756,EC000219
415.20991,Arg-Phe-Ala,M+Na[1+],7.5546,0.00342953322996209,EC000221
461.26494,Arg-Phe-Arg,M-NH3+H[1+],10.5275,0.00296253323000428,EC000307
478.29104,Arg-Phe-Arg,M+H[1+],8.8093,0.002562533229991,EC000308
478.29119,Arg-Phe-Arg,M+H[1+],8.944,0.00271253322995335,EC000308
478.29132,Arg-Phe-Arg,M+H[1+],10.4157,0.00284253322996619,EC000307
500.27265,Arg-Phe-Arg,M+Na[1+],8.8028,0.00217253323000932,EC000308
500.27306,Arg-Phe-Arg,M+Na[1+],8.9398,0.00258253322999735,EC000308
500.27311,Arg-Phe-Arg,M+Na[1+],10.4193,0.0026325332299848,EC000307
213.10126,Arg-Phe-Cys,M+2H[2+],4.8311,0.00065446677001546,EC000334
407.18621,Arg-Phe-Cys,M-H2O+H[1+],9.0255,0.000257533230012541,EC000335
407.18738,Arg-Phe-Cys,M-H2O+H[1+],4.9988,0.00142753323001443,EC000334
432.23655,Arg-Phe-Gln,M-H2O+H[1+],7.5532,0.00120553323000649,EC000341
415.25242,Arg-Phe-His,M-CO2+H[1+],5.2451,0.00405846677006139,EC000354
459.24654,Arg-Phe-His,M+H[1+],10.7288,0.000261533229945599,EC000355
481.22558,Arg-Phe-His,M+Na[1+],5.1402,0.00269846677002761,EC000354
391.20593,Arg-Phe-Ser,M-H2O+H[1+],3.5639,0.00286546676994703,EC000226
351.21275,Arg-Phe-Thr,M-C3H4O2+H[1+],6.8753,0.00119546677001381,EC000380
351.21301,Arg-Phe-Thr,M-C3H4O2+H[1+],7.2297,0.000935466770044968,EC000380
395.2418,Arg-Phe-Thr,M-CO+H[1+],7.0773,0.00175453322998465,EC000380
395.24385,Arg-Phe-Thr,M-CO+H[1+],7.2316,0.00380453322998164,EC000380
423.23375,Arg-Phe-Thr,M+H[1+],7.0904,0.00129546677004555,EC000380
403.24889,Arg-Phe-Val,M-H2O+H[1+],10.5425,0.00370953322999412,EC000381
294.1534,Arg-Pro,M+Na[1+],1.1566,0.000316022770050495,EC000382
365.19029,Arg-Pro-Ala,M+Na[1+],1.2217,0.000540466769962222,EC000222
365.19216,Arg-Pro-Ala,M+Na[1+],6.296,0.00132953323003449,EC000223
381.16357,Arg-Pro-Ala,M+K[1+],1.6023,0.000760466770032053,EC000222
410.26097,Arg-Pro-Arg,M-H2O+H[1+],4.9166,0.0012574667700278,EC000309
387.19852,Arg-Pro-Asp,M+H[1+],4.009,0.000140466770062631,EC000325
409.1818,Arg-Pro-Asp,M+Na[1+],5.058,0.00113953322994576,EC000326
409.18182,Arg-Pro-Asp,M+Na[1+],4.7103,0.0011595332299521,EC000327
357.17218,Arg-Pro-Cys,M-H2O+H[1+],8.5361,0.00187753323001516,EC000336
422.21156,Arg-Pro-Gln,M+Na[1+],1.6351,0.00073446676998401,EC000342
383.20094,Arg-Pro-Glu,M-H2O+H[1+],0.6216,0.00277046677001636,EC000344
383.20267,Arg-Pro-Glu,M-H2O+H[1+],8.3496,0.00104046677000724,EC000345
311.18368,Arg-Pro-Gly,M-H2O+H[1+],7.1358,0.0010995332299899,EC000351
328.18692,Arg-Pro-Gly,M[1+],7.2246,0.0010159999999928,EC000351
337.21116,Arg-Pro-His,M-C3H4O2+H[1+],8.846,0.00163153323001097,EC000356
391.22285,Arg-Pro-His,M-H2O+H[1+],9.0267,0.00282153323001921,EC000356
313.23581,Arg-Pro-Ile,M-C3H4O2+H[1+],7.8792,0.001129533229971,EC000362
313.23594,Arg-Pro-Ile,M-C3H4O2+H[1+],7.6796,0.00125953322998384,EC000362
339.24907,Arg-Pro-Ile,M-HCOOH+H[1+],8.0018,0.00131046677000768,EC000362
339.24939,Arg-Pro-Ile,M-HCOOH+H[1+],8.1721,0.000990466770019793,EC000362
339.25179,Arg-Pro-Ile,M-HCOOH+H[1+],7.7499,0.00140953323000303,EC000362
367.24396,Arg-Pro-Ile,M-H2O+H[1+],7.3559,0.00122046677000753,EC000362
367.24397,Arg-Pro-Ile,M-H2O+H[1+],7.4703,0.00121046677003278,EC000362
367.24418,Arg-Pro-Ile,M-H2O+H[1+],7.9991,0.00100046677005139,EC000362
367.24437,Arg-Pro-Ile,M-H2O+H[1+],7.6994,0.000810466770019502,EC000362
407.23732,Arg-Pro-Ile,M+Na[1+],4.3058,0.000460466769993673,EC000363
407.23886,Arg-Pro-Ile,M+Na[1+],7.709,0.00107953322998355,EC000362
407.23923,Arg-Pro-Ile,M+Na[1+],7.3809,0.00144953323001573,EC000362
313.23581,Arg-Pro-Leu,M-C3H4O2+H[1+],7.8792,0.001129533229971,EC000362
313.23594,Arg-Pro-Leu,M-C3H4O2+H[1+],7.6796,0.00125953322998384,EC000362
339.24907,Arg-Pro-Leu,M-HCOOH+H[1+],8.0018,0.00131046677000768,EC000362
339.24939,Arg-Pro-Leu,M-HCOOH+H[1+],8.1721,0.000990466770019793,EC000362
339.25179,Arg-Pro-Leu,M-HCOOH+H[1+],7.7499,0.00140953323000303,EC000362
367.24396,Arg-Pro-Leu,M-H2O+H[1+],7.3559,0.00122046677000753,EC000362
367.24397,Arg-Pro-Leu,M-H2O+H[1+],7.4703,0.00121046677003278,EC000362
367.24418,Arg-Pro-Leu,M-H2O+H[1+],7.9991,0.00100046677005139,EC000362
367.24437,Arg-Pro-Leu,M-H2O+H[1+],7.6994,0.000810466770019502,EC000362
407.23732,Arg-Pro-Leu,M+Na[1+],4.3058,0.000460466769993673,EC000363
407.23886,Arg-Pro-Leu,M+Na[1+],7.709,0.00107953322998355,EC000362
407.23923,Arg-Pro-Leu,M+Na[1+],7.3809,0.00144953323001573,EC000362
333.2006,Arg-Pro-Pro,M-H4O2+H[1+],7.3633,0.00268046676995937,EC000383
341.23073,Arg-Pro-Pro,M-CO+H[1+],7.3086,0.00124953323000909,EC000383
351.21268,Arg-Pro-Pro,M-H2O+H[1+],6.6378,0.00120046677000119,EC000384
351.21275,Arg-Pro-Pro,M-H2O+H[1+],6.8753,0.00113046676995054,EC000385
351.21301,Arg-Pro-Pro,M-H2O+H[1+],7.2297,0.000870466769981704,EC000383
391.20593,Arg-Pro-Pro,M+Na[1+],3.5639,0.000550466769993818,EC000386
373.22006,Arg-Pro-Thr,M+H[1+],10.5602,0.000664533230008146,EC000387
375.21911,Arg-Pro-Thr,M(Cl37)+H[1+],10.5394,0.00251453322999851,EC000387
435.23376,Arg-Pro-Tyr,M+H[1+],6.8234,0.00128546677001395,EC000388
353.22838,Arg-Pro-Val,M-H2O+H[1+],6.8321,0.00115046676995689,EC000389
353.22866,Arg-Pro-Val,M-H2O+H[1+],7.1081,0.000870466769981704,EC000390
371.23918,Arg-Pro-Val,M+H[1+],9.6753,0.000950466770007097,EC000391
398.17202,Arg-Ser-Asn,M+Na[1+],6.2033,0.00388946677003332,EC000317
387.13851,Arg-Ser-Cys,M+Na[1+],3.5745,0.00365746677005063,EC000337
433.14543,Arg-Ser-Cys,M+HCOONa[1+],2.8663,0.00213746677002291,EC000337
301.16116,Arg-Ser-Gly,M-H2O+H[1+],5.6055,0.000685466769994036,EC000352
357.2238,Arg-Ser-Ile,M-H2O+H[1+],9.073,0.000645466770038183,EC000364
375.23143,Arg-Ser-Ile,M+H[1+],9.7957,0.00361546677004299,EC000365
397.21661,Arg-Ser-Ile,M+Na[1+],0.6407,0.000435466770056792,EC000366
357.2238,Arg-Ser-Leu,M-H2O+H[1+],9.073,0.000645466770038183,EC000364
375.23143,Arg-Ser-Leu,M+H[1+],9.7957,0.00361546677004299,EC000365
397.21661,Arg-Ser-Leu,M+Na[1+],0.6407,0.000435466770056792,EC000366
391.20593,Arg-Ser-Phe,M-H2O+H[1+],3.5639,0.00286546676994703,EC000226
349.18189,Arg-Ser-Ser,M+H[1+],4.7941,0.00112046676997579,EC000392
425.21302,Arg-Ser-Tyr,M+H[1+],8.7672,0.00129046677005817,EC000393
426.21982,Arg-Ser-Tyr,M(C13)+H[1+],8.7684,0.00210953322999785,EC000393
383.20094,Arg-Ser-Val,M+Na[1+],0.6216,0.000455466770006296,EC000394
383.20267,Arg-Ser-Val,M+Na[1+],8.3496,0.00127453323000282,EC000395
401.15552,Arg-Thr-Cys,M+Na[1+],5.3215,0.00229746676996001,EC000338
404.22803,Arg-Thr-Gln,M+H[1+],4.3319,0.00282053322996489,EC000258
387.19852,Arg-Thr-Glu,M-H2O+H[1+],4.009,0.00010546677003731,EC000346
371.23918,Arg-Thr-Ile,M-H2O+H[1+],9.6753,0.00091546677003862,EC000367
371.23918,Arg-Thr-Leu,M-H2O+H[1+],9.6753,0.00091546677003862,EC000367
351.21275,Arg-Thr-Phe,M-C3H4O2+H[1+],6.8753,0.00119546677001381,EC000380
351.21301,Arg-Thr-Phe,M-C3H4O2+H[1+],7.2297,0.000935466770044968,EC000380
395.2418,Arg-Thr-Phe,M-CO+H[1+],7.0773,0.00175453322998465,EC000380
395.24385,Arg-Thr-Phe,M-CO+H[1+],7.2316,0.00380453322998164,EC000380
423.23375,Arg-Thr-Phe,M+H[1+],7.0904,0.00129546677004555,EC000380
373.22006,Arg-Thr-Pro,M+H[1+],10.5602,0.000664533230008146,EC000387
375.21911,Arg-Thr-Pro,M(Cl37)+H[1+],10.5394,0.00251453322999851,EC000387
399.19287,Arg-Thr-Thr,M+Na[1+],9.1504,0.00344046676997323,EC000396
357.2238,Arg-Thr-Val,M-H2O+H[1+],9.073,0.000645466770038183,EC000364
375.23143,Arg-Thr-Val,M+H[1+],9.7957,0.00361546677004299,EC000365
397.21661,Arg-Thr-Val,M+Na[1+],0.6407,0.000435466770056792,EC000366
343.1884,Arg-Trp,M-H2O+H[1+],3.939,0.00073487623001256,EC000397
364.24449,Arg-Trp-Ala,M-HCOONa+H[1+],7.6102,0.00348946677002004,EC000224
364.24455,Arg-Trp-Ala,M-HCOONa+H[1+],7.536,0.003429466770001,EC000224
415.20939,Arg-Trp-Ala,M-NH3+H[1+],7.8221,0.000510533229999055,EC000224
415.20991,Arg-Trp-Ala,M-NH3+H[1+],7.5546,0.00103053322999358,EC000224
432.23655,Arg-Trp-Ala,M+H[1+],7.5532,0.00117053323003802,EC000224
454.21746,Arg-Trp-Ala,M+Na[1+],6.3382,8.05332300046757e-05,EC000225
457.23115,Arg-Trp-Asn,M-H2O+H[1+],10.3255,0.000556533229996603,EC000318
440.19733,Arg-Trp-Gly,M+Na[1+],8.5706,0.00439946676993941,EC000353
498.25728,Arg-Trp-His,M+H[1+],8.6767,0.000102533229949131,EC000357
474.28331,Arg-Trp-Ile,M+H[1+],7.5544,0.000980533229949287,EC000368
474.28331,Arg-Trp-Leu,M+H[1+],7.5544,0.000980533229949287,EC000368
471.27962,Arg-Trp-Lys,M-H2O+H[1+],6.0518,0.0030084667699839,EC000374
460.26765,Arg-Trp-Val,M+H[1+],7.5538,0.000970533229974535,EC000398
391.20593,Arg-Tyr-Ala,M-H2O+H[1+],3.5639,0.00286546676994703,EC000226
466.29051,Arg-Tyr-Arg,M-CO+H[1+],9.0331,0.00211753322997765,EC000310
476.27315,Arg-Tyr-Arg,M-H2O+H[1+],9.0755,0.000357533229987439,EC000310
476.27547,Arg-Tyr-Arg,M-H2O+H[1+],8.6776,0.00267753322998487,EC000311
476.27552,Arg-Tyr-Arg,M-H2O+H[1+],8.544,0.00272753322997232,EC000311
476.27553,Arg-Tyr-Arg,M-H2O+H[1+],9.7217,0.00273753323000392,EC000312
493.27957,Arg-Tyr-Arg,M[1+],4.9786,0.00345399999997653,EC000313
494.28148,Arg-Tyr-Arg,M+H[1+],4.9762,0.00191246677002255,EC000313
457.23115,Arg-Tyr-His,M-H2O+H[1+],10.3255,0.000556533229996603,EC000318
466.27689,Arg-Tyr-Lys,M+H[1+],9.2459,0.000354466770033923,EC000375
488.25578,Arg-Tyr-Lys,M+Na[1+],8.3575,0.00346446677002632,EC000376
435.23376,Arg-Tyr-Pro,M+H[1+],6.8234,0.00128546677001395,EC000388
425.21302,Arg-Tyr-Ser,M+H[1+],8.7672,0.00129046677005817,EC000393
426.21982,Arg-Tyr-Ser,M(C13)+H[1+],8.7684,0.00210953322999785,EC000393
367.20892,Arg-Val-Ala,M+Na[1+],6.2712,0.00243953322996049,EC000227
367.20956,Arg-Val-Ala,M+Na[1+],6.0373,0.0030795332299931,EC000228
389.21765,Arg-Val-Asp,M+H[1+],8.8,0.00333953322996194,EC000253
403.23256,Arg-Val-Glu,M+H[1+],8.7642,0.00259953322995443,EC000324
425.21302,Arg-Val-Glu,M+Na[1+],8.7672,0.00105953322992036,EC000324
393.23867,Arg-Val-His,M-H2O+H[1+],9.2703,0.00299153322998791,EC000358
393.23871,Arg-Val-His,M-H2O+H[1+],10.6801,0.0030315332300006,EC000359
393.23881,Arg-Val-His,M-H2O+H[1+],9.1966,0.0031315332299755,EC000358
433.23109,Arg-Val-His,M+Na[1+],10.6764,0.00281153322998762,EC000359
369.26136,Arg-Val-Ile,M-H2O+H[1+],6.6192,0.000529533230007928,EC000369
387.27484,Arg-Val-Ile,M+H[1+],10.0296,0.00340953322995574,EC000370
388.27294,Arg-Val-Ile,M(C13)+H[1+],10.0249,0.00189046677002125,EC000370
409.25443,Arg-Val-Ile,M+Na[1+],7.595,0.000999533229958161,EC000371
369.26136,Arg-Val-Leu,M-H2O+H[1+],6.6192,0.000529533230007928,EC000369
387.27484,Arg-Val-Leu,M+H[1+],10.0296,0.00340953322995574,EC000370
388.27294,Arg-Val-Leu,M(C13)+H[1+],10.0249,0.00189046677002125,EC000370
409.25443,Arg-Val-Leu,M+Na[1+],7.595,0.000999533229958161,EC000371
427.20575,Arg-Val-Met,M+Na[1+],3.9472,0.00410246677000714,EC000378
403.24889,Arg-Val-Phe,M-H2O+H[1+],10.5425,0.00370953322999412,EC000381
353.22838,Arg-Val-Pro,M-H2O+H[1+],6.8321,0.00115046676995689,EC000389
353.22866,Arg-Val-Pro,M-H2O+H[1+],7.1081,0.000870466769981704,EC000390
371.23918,Arg-Val-Pro,M+H[1+],9.6753,0.000950466770007097,EC000391
383.20094,Arg-Val-Ser,M+Na[1+],0.6216,0.000455466770006296,EC000394
383.20267,Arg-Val-Ser,M+Na[1+],8.3496,0.00127453323000282,EC000395
357.2238,Arg-Val-Thr,M-H2O+H[1+],9.073,0.000645466770038183,EC000364
375.23143,Arg-Val-Thr,M+H[1+],9.7957,0.00361546677004299,EC000365
397.21661,Arg-Val-Thr,M+Na[1+],0.6407,0.000435466770056792,EC000366
460.26765,Arg-Val-Trp,M+H[1+],7.5538,0.000970533229974535,EC000398
176.10137,Argininic acid,M+H[1+],0.7723,0.00159776377000753,EC000399
214.05804,Argininic acid,M+K[1+],0.7667,0.00042776377000564,EC000399
331.22163,Arginyl-Arginine,M+H[1+],8.7391,0.00156680422998079,EC000400
217.14234,Arginyl-Asparagine,M-C3H4O2+H[1+],5.6326,0.00156038522999324,EC000347
271.15035,Arginyl-Asparagine,M-H2O+H[1+],5.6335,0.000929614769972886,EC000347
304.16443,Arginyl-Glutamic acid,M+H[1+],4.0944,0.00288473722997651,EC000401
257.17331,Arginyl-Glutamine,M-HCOOH+H[1+],6.6123,0.00118032123003786,EC000216
325.16078,Arginyl-Glutamine,M+Na[1+],6.4135,0.00125032122997482,EC000216
288.20172,Arginyl-Isoleucine,M+H[1+],0.9316,0.00129615176996367,EC000372
231.13714,Artabsin,M-H2O+H[1+],10.9536,0.000780972770002109,EC000402
199.02028,Ascorbic acid,M+Na[1+],1.0098,0.00108445476999464,EC00028
339.1616,Asn-Ala-Ile,M+Na[1+],9.621,0.00234746676994746,EC000229
339.1616,Asn-Ala-Leu,M+Na[1+],9.621,0.00234746676994746,EC000229
288.20172,Asn-Ala-Lys,M-CO2+H[1+],0.9316,0.00132646676996728,EC000230
331.18662,Asn-Ala-Lys,M[1+],7.7817,0.00105000000002065,EC000231
332.19079,Asn-Ala-Lys,M+H[1+],7.7829,0.00205646677000004,EC000231
354.17436,Asn-Ala-Lys,M+Na[1+],1.0729,0.000486466769984872,EC000230
374.16249,Asn-Arg-Cys,M-H2O+H[1+],2.9627,0.00202353322998761,EC000314
368.16514,Asn-Arg-Gly,M+Na[1+],8.9529,0.000204466769957889,EC000315
368.16518,Asn-Arg-Gly,M+Na[1+],8.9905,0.000164466769945193,EC000315
425.21302,Asn-Arg-His,M[1+],8.7672,0.000496000000055119,EC000316
426.21982,Asn-Arg-His,M+H[1+],8.7684,0.000972466770008396,EC000316
399.24907,Asn-Arg-Lys,M-H2O+H[1+],8.4627,0.00282653323000659,EC000279
398.17202,Asn-Arg-Ser,M+Na[1+],6.2033,0.00388946677003332,EC000317
457.23115,Asn-Arg-Trp,M-H2O+H[1+],10.3255,0.000556533229996603,EC000318
350.11196,Asn-Asn-Cys,M+H[1+],6.7684,0.000923466770018422,EC000403
345.16426,Asn-Asn-Val,M[1+],2.1802,0.00057499999996935,EC000236
368.15171,Asn-Asn-Val,M+Na[1+],2.3287,0.0024014667700385,EC000236
368.15758,Asn-Asn-Val,M+Na[1+],8.7214,0.00346853322997731,EC000237
383.15017,Asn-Asp-Ile,M+Na[1+],6.613,0.0036074667699495,EC000404
383.15436,Asn-Asp-Ile,M+Na[1+],5.7155,0.000582533230044646,EC000405
383.15017,Asn-Asp-Leu,M+Na[1+],6.613,0.0036074667699495,EC000404
383.15436,Asn-Asp-Leu,M+Na[1+],5.7155,0.000582533230044646,EC000405
398.16727,Asn-Asp-Lys,M+Na[1+],7.0248,0.00259353322991274,EC000406
345.13968,Asn-Asp-Pro,M+H[1+],2.6643,0.000797466769995481,EC000407
345.14049,Asn-Asp-Pro,M+H[1+],2.5726,1.2533230005829e-05,EC000407
349.13413,Asn-Asp-Thr,M+H[1+],0.7765,0.00126246676995834,EC000408
374.16249,Asn-Cys-Arg,M-H2O+H[1+],2.9627,0.00202353322998761,EC000314
350.11196,Asn-Cys-Asn,M+H[1+],6.7684,0.000923466770018422,EC000403
389.21765,Asn-Gln-Lys,M+H[1+],8.8,0.00333953322996194,EC000253
349.13413,Asn-Glu-Ser,M+H[1+],0.7765,0.00126246676995834,EC000408
295.16371,Asn-Glu-Thr,M-HCOONa+H[1+],3.5851,6.75332299238107e-05,EC000409
345.13968,Asn-Glu-Thr,M-H2O+H[1+],2.6643,0.000762466770027004,EC000409
345.14049,Asn-Glu-Thr,M-H2O+H[1+],2.5726,4.75332299743059e-05,EC000409
425.1649,Asn-Glu-Tyr,M+H[1+],4.5277,0.0017924667700413,EC000410
383.15017,Asn-Glu-Val,M+Na[1+],6.613,0.0036074667699495,EC000404
383.15436,Asn-Glu-Val,M+Na[1+],5.7155,0.000582533230044646,EC000405
368.16514,Asn-Gly-Arg,M+Na[1+],8.9529,0.000204466769957889,EC000315
368.16518,Asn-Gly-Arg,M+Na[1+],8.9905,0.000164466769945193,EC000315
425.21302,Asn-His-Arg,M[1+],8.7672,0.000496000000055119,EC000316
426.21982,Asn-His-Arg,M+H[1+],8.7684,0.000972466770008396,EC000316
365.19029,Asn-His-Ile,M-H2O+H[1+],1.2217,0.00285546676997228,EC000411
365.19216,Asn-His-Ile,M-H2O+H[1+],6.296,0.000985466769975574,EC000412
383.20094,Asn-His-Ile,M+H[1+],0.6216,0.00280546676998483,EC000413
383.20267,Asn-His-Ile,M+H[1+],8.3496,0.00107546676997572,EC000414
365.19029,Asn-His-Leu,M-H2O+H[1+],1.2217,0.00285546676997228,EC000411
365.19216,Asn-His-Leu,M-H2O+H[1+],6.296,0.000985466769975574,EC000412
383.20094,Asn-His-Leu,M+H[1+],0.6216,0.00280546676998483,EC000413
383.20267,Asn-His-Leu,M+H[1+],8.3496,0.00107546676997572,EC000414
383.15017,Asn-His-Met,M-H2O+H[1+],6.613,0.000602533229994151,EC000415
339.1616,Asn-Ile-Ala,M+Na[1+],9.621,0.00234746676994746,EC000229
383.15017,Asn-Ile-Asp,M+Na[1+],6.613,0.0036074667699495,EC000404
383.15436,Asn-Ile-Asp,M+Na[1+],5.7155,0.000582533230044646,EC000405
365.19029,Asn-Ile-His,M-H2O+H[1+],1.2217,0.00285546676997228,EC000411
365.19216,Asn-Ile-His,M-H2O+H[1+],6.296,0.000985466769975574,EC000412
383.20094,Asn-Ile-His,M+H[1+],0.6216,0.00280546676998483,EC000413
383.20267,Asn-Ile-His,M+H[1+],8.3496,0.00107546676997572,EC000414
359.22727,Asn-Ile-Ile,M+H[1+],4.8674,0.00162746677005998,EC000416
359.23186,Asn-Ile-Ile,M+H[1+],6.0591,0.00296253322994744,EC000417
359.23191,Asn-Ile-Ile,M+H[1+],6.1118,0.00301253322999173,EC000417
397.18762,Asn-Ile-Ile,M+K[1+],6.2072,0.00322253322991628,EC000417
359.22727,Asn-Ile-Leu,M+H[1+],4.8674,0.00162746677005998,EC000416
359.23186,Asn-Ile-Leu,M+H[1+],6.0591,0.00296253322994744,EC000417
359.23191,Asn-Ile-Leu,M+H[1+],6.1118,0.00301253322999173,EC000417
397.18762,Asn-Ile-Leu,M+K[1+],6.2072,0.00322253322991628,EC000417
333.17966,Asn-Ile-Ser,M+H[1+],7.1607,0.00279753323002296,EC000232
355.15655,Asn-Ile-Ser,M+Na[1+],8.2902,0.00231246676997898,EC000233
414.21365,Asn-Ile-Trp,M-H2O+H[1+],7.0331,0.00010353323000345,EC000339
327.19991,Asn-Ile-Val,M-H2O+H[1+],4.7899,0.00273746676998599,EC000418
339.1616,Asn-Leu-Ala,M+Na[1+],9.621,0.00234746676994746,EC000229
383.15017,Asn-Leu-Asp,M+Na[1+],6.613,0.0036074667699495,EC000404
383.15436,Asn-Leu-Asp,M+Na[1+],5.7155,0.000582533230044646,EC000405
365.19029,Asn-Leu-His,M-H2O+H[1+],1.2217,0.00285546676997228,EC000411
365.19216,Asn-Leu-His,M-H2O+H[1+],6.296,0.000985466769975574,EC000412
383.20094,Asn-Leu-His,M+H[1+],0.6216,0.00280546676998483,EC000413
383.20267,Asn-Leu-His,M+H[1+],8.3496,0.00107546676997572,EC000414
359.22727,Asn-Leu-Ile,M+H[1+],4.8674,0.00162746677005998,EC000416
359.23186,Asn-Leu-Ile,M+H[1+],6.0591,0.00296253322994744,EC000417
359.23191,Asn-Leu-Ile,M+H[1+],6.1118,0.00301253322999173,EC000417
397.18762,Asn-Leu-Ile,M+K[1+],6.2072,0.00322253322991628,EC000417
359.22727,Asn-Leu-Leu,M+H[1+],4.8674,0.00162746677005998,EC000416
359.23186,Asn-Leu-Leu,M+H[1+],6.0591,0.00296253322994744,EC000417
359.23191,Asn-Leu-Leu,M+H[1+],6.1118,0.00301253322999173,EC000417
397.18762,Asn-Leu-Leu,M+K[1+],6.2072,0.00322253322991628,EC000417
333.17966,Asn-Leu-Ser,M+H[1+],7.1607,0.00279753323002296,EC000232
355.15655,Asn-Leu-Ser,M+Na[1+],8.2902,0.00231246676997898,EC000233
414.21365,Asn-Leu-Trp,M-H2O+H[1+],7.0331,0.00010353323000345,EC000339
327.19991,Asn-Leu-Val,M-H2O+H[1+],4.7899,0.00273746676998599,EC000418
288.20172,Asn-Lys-Ala,M-CO2+H[1+],0.9316,0.00132646676996728,EC000230
331.18662,Asn-Lys-Ala,M[1+],7.7817,0.00105000000002065,EC000231
332.19079,Asn-Lys-Ala,M+H[1+],7.7829,0.00205646677000004,EC000231
354.17436,Asn-Lys-Ala,M+Na[1+],1.0729,0.000486466769984872,EC000230
399.24907,Asn-Lys-Arg,M-H2O+H[1+],8.4627,0.00282653323000659,EC000279
398.16727,Asn-Lys-Asp,M+Na[1+],7.0248,0.00259353322991274,EC000406
389.21765,Asn-Lys-Gln,M+H[1+],8.8,0.00333953322996194,EC000253
371.23918,Asn-Lys-Lys,M-H2O+H[1+],9.6753,0.00091546677003862,EC000367
382.20266,Asn-Lys-Val,M+Na[1+],9.474,0.00348646676997078,EC000419
383.15017,Asn-Met-His,M-H2O+H[1+],6.613,0.000602533229994151,EC000415
409.18689,Asn-Phe-Phe,M-H2O+H[1+],9.0306,0.000107466769975417,EC000420
359.17094,Asn-Phe-Pro,M-H2O+H[1+],8.7172,0.000407466770013798,EC000267
359.17096,Asn-Phe-Pro,M-H2O+H[1+],8.6636,0.00038746677000745,EC000267
425.18224,Asn-Phe-Tyr,M-H2O+H[1+],4.2567,0.000327533230006338,EC000421
379.19512,Asn-Phe-Val,M+H[1+],4.5325,0.00247746677001714,EC000422
417.15054,Asn-Phe-Val,M+K[1+],4.335,0.00255746676998569,EC000422
417.15068,Asn-Phe-Val,M+K[1+],4.1721,0.00241746676994126,EC000422
463.15557,Asn-Phe-Val,M+HCOOK[1+],4.1215,0.00332746676997431,EC000422
345.13968,Asn-Pro-Asp,M+H[1+],2.6643,0.000797466769995481,EC000407
345.14049,Asn-Pro-Asp,M+H[1+],2.5726,1.2533230005829e-05,EC000407
359.17094,Asn-Pro-Phe,M-H2O+H[1+],8.7172,0.000407466770013798,EC000267
359.17096,Asn-Pro-Phe,M-H2O+H[1+],8.6636,0.00038746677000745,EC000267
415.16243,Asn-Pro-Tyr,M+Na[1+],5.6297,0.00356753323001158,EC000423
398.17202,Asn-Ser-Arg,M+Na[1+],6.2033,0.00388946677003332,EC000317
349.13413,Asn-Ser-Glu,M+H[1+],0.7765,0.00126246676995834,EC000408
333.17966,Asn-Ser-Ile,M+H[1+],7.1607,0.00279753323002296,EC000232
355.15655,Asn-Ser-Ile,M+Na[1+],8.2902,0.00231246676997898,EC000233
333.17966,Asn-Ser-Leu,M+H[1+],7.1607,0.00279753323002296,EC000232
355.15655,Asn-Ser-Leu,M+Na[1+],8.2902,0.00231246676997898,EC000233
289.11476,Asn-Ser-Ser,M-H2O+H[1+],0.6643,0.000532533230000354,EC000424
365.0832,Asn-Ser-Ser,M+NaCl[1+],0.7513,0.000227466770013507,EC000424
375.11511,Asn-Ser-Ser,M+HCOONa[1+],0.7771,0.00288253323003573,EC000424
383.15436,Asn-Ser-Tyr,M+H[1+],5.7155,0.00176746676999073,EC000425
349.13413,Asn-Thr-Asp,M+H[1+],0.7765,0.00126246676995834,EC000408
295.16371,Asn-Thr-Glu,M-HCOONa+H[1+],3.5851,6.75332299238107e-05,EC000409
345.13968,Asn-Thr-Glu,M-H2O+H[1+],2.6643,0.000762466770027004,EC000409
345.14049,Asn-Thr-Glu,M-H2O+H[1+],2.5726,4.75332299743059e-05,EC000409
333.17966,Asn-Thr-Val,M+H[1+],7.1607,0.00279753323002296,EC000232
355.15655,Asn-Thr-Val,M+Na[1+],8.2902,0.00231246676997898,EC000233
457.23115,Asn-Trp-Arg,M-H2O+H[1+],10.3255,0.000556533229996603,EC000318
414.21365,Asn-Trp-Ile,M-H2O+H[1+],7.0331,0.00010353323000345,EC000339
414.21365,Asn-Trp-Leu,M-H2O+H[1+],7.0331,0.00010353323000345,EC000339
425.1649,Asn-Tyr-Glu,M+H[1+],4.5277,0.0017924667700413,EC000410
425.18224,Asn-Tyr-Phe,M-H2O+H[1+],4.2567,0.000327533230006338,EC000421
415.16243,Asn-Tyr-Pro,M+Na[1+],5.6297,0.00356753323001158,EC000423
383.15436,Asn-Tyr-Ser,M+H[1+],5.7155,0.00176746676999073,EC000425
345.16426,Asn-Val-Asn,M[1+],2.1802,0.00057499999996935,EC000236
368.15171,Asn-Val-Asn,M+Na[1+],2.3287,0.0024014667700385,EC000236
368.15758,Asn-Val-Asn,M+Na[1+],8.7214,0.00346853322997731,EC000237
383.15017,Asn-Val-Glu,M+Na[1+],6.613,0.0036074667699495,EC000404
383.15436,Asn-Val-Glu,M+Na[1+],5.7155,0.000582533230044646,EC000405
327.19991,Asn-Val-Ile,M-H2O+H[1+],4.7899,0.00273746676998599,EC000418
327.19991,Asn-Val-Leu,M-H2O+H[1+],4.7899,0.00273746676998599,EC000418
382.20266,Asn-Val-Lys,M+Na[1+],9.474,0.00348646676997078,EC000419
379.19512,Asn-Val-Phe,M+H[1+],4.5325,0.00247746677001714,EC000422
417.15054,Asn-Val-Phe,M+K[1+],4.335,0.00255746676998569,EC000422
417.15068,Asn-Val-Phe,M+K[1+],4.1721,0.00241746676994126,EC000422
463.15557,Asn-Val-Phe,M+HCOOK[1+],4.1215,0.00332746676997431,EC000422
333.17966,Asn-Val-Thr,M+H[1+],7.1607,0.00279753323002296,EC000232
355.15655,Asn-Val-Thr,M+Na[1+],8.2902,0.00231246676997898,EC000233
333.17966,Asp-Ala-Lys,M+H[1+],7.1607,0.00279753323002296,EC000232
355.15655,Asp-Ala-Lys,M+Na[1+],8.2902,0.00231246676997898,EC000233
405.17164,Asp-Arg-Asp,M+H[1+],4.5259,0.00120046677000119,EC000319
427.15563,Asp-Arg-Asp,M+Na[1+],5.3059,0.000789533229976769,EC000242
415.13457,Asp-Arg-Cys,M+Na[1+],5.3134,0.00251246677004247,EC000320
415.13486,Asp-Arg-Cys,M+Na[1+],4.6436,0.00222246677003568,EC000321
402.15915,Asp-Arg-Glu,M-NH3+H[1+],5.3013,0.00284046677001015,EC000322
419.1873,Asp-Arg-Glu,M+H[1+],5.1987,0.00119046677002643,EC000322
427.20575,Asp-Arg-His,M+H[1+],3.9472,0.00094153322999091,EC000323
403.23256,Asp-Arg-Ile,M+H[1+],8.7642,0.00259953322995443,EC000324
425.21302,Asp-Arg-Ile,M+Na[1+],8.7672,0.00105953322992036,EC000324
403.23256,Asp-Arg-Leu,M+H[1+],8.7642,0.00259953322995443,EC000324
425.21302,Asp-Arg-Leu,M+Na[1+],8.7672,0.00105953322992036,EC000324
387.19852,Asp-Arg-Pro,M+H[1+],4.009,0.000140466770062631,EC000325
409.1818,Asp-Arg-Pro,M+Na[1+],5.058,0.00113953322994576,EC000326
409.18182,Asp-Arg-Pro,M+Na[1+],4.7103,0.0011595332299521,EC000327
389.21765,Asp-Arg-Val,M+H[1+],8.8,0.00333953322996194,EC000253
383.15017,Asp-Asn-Ile,M+Na[1+],6.613,0.0036074667699495,EC000404
383.15436,Asp-Asn-Ile,M+Na[1+],5.7155,0.000582533230044646,EC000405
383.15017,Asp-Asn-Leu,M+Na[1+],6.613,0.0036074667699495,EC000404
383.15436,Asp-Asn-Leu,M+Na[1+],5.7155,0.000582533230044646,EC000405
398.16727,Asp-Asn-Lys,M+Na[1+],7.0248,0.00259353322991274,EC000406
345.13968,Asp-Asn-Pro,M+H[1+],2.6643,0.000797466769995481,EC000407
345.14049,Asp-Asn-Pro,M+H[1+],2.5726,1.2533230005829e-05,EC000407
349.13413,Asp-Asn-Thr,M+H[1+],0.7765,0.00126246676995834,EC000408
231.06217,Asp-Asp,M-H2O+H[1+],3.9072,0.00104278522999834,EC000426
405.17164,Asp-Asp-Arg,M+H[1+],4.5259,0.00120046677000119,EC000319
427.15563,Asp-Asp-Arg,M+Na[1+],5.3059,0.000789533229976769,EC000242
280.0594,Asp-Asp-Cys,M-C3H4O2+H[1+],1.2073,0.000415466770050443,EC000427
352.08026,Asp-Asp-Cys,M+H[1+],1.1685,0.000655466770012936,EC000427
353.0876,Asp-Asp-Cys,M(C13)+H[1+],1.1616,0.00328453322998712,EC000427
318.0937,Asp-Asp-Ser,M-H2O+H[1+],0.7968,0.000541533230034474,EC000428
332.1092,Asp-Asp-Thr,M-H2O+H[1+],1.0954,0.000391533230015284,EC000295
350.11987,Asp-Asp-Thr,M+H[1+],1.6778,0.000461533230009081,EC000296
415.13457,Asp-Cys-Arg,M+Na[1+],5.3134,0.00251246677004247,EC000320
415.13486,Asp-Cys-Arg,M+Na[1+],4.6436,0.00222246677003568,EC000321
280.0594,Asp-Cys-Asp,M-C3H4O2+H[1+],1.2073,0.000415466770050443,EC000427
352.08026,Asp-Cys-Asp,M+H[1+],1.1685,0.000655466770012936,EC000427
353.0876,Asp-Cys-Asp,M(C13)+H[1+],1.1616,0.00328453322998712,EC000427
349.13413,Asp-Gln-Ser,M+H[1+],0.7765,0.00126246676995834,EC000408
295.16371,Asp-Gln-Thr,M-HCOONa+H[1+],3.5851,6.75332299238107e-05,EC000409
345.13968,Asp-Gln-Thr,M-H2O+H[1+],2.6643,0.000762466770027004,EC000409
345.14049,Asp-Gln-Thr,M-H2O+H[1+],2.5726,4.75332299743059e-05,EC000409
425.1649,Asp-Gln-Tyr,M+H[1+],4.5277,0.0017924667700413,EC000410
383.15017,Asp-Gln-Val,M+Na[1+],6.613,0.0036074667699495,EC000404
383.15436,Asp-Gln-Val,M+Na[1+],5.7155,0.000582533230044646,EC000405
245.07873,Asp-Glu,M-H2O+H[1+],6.756,0.00195273423003073,EC000429
402.15915,Asp-Glu-Arg,M-NH3+H[1+],5.3013,0.00284046677001015,EC000322
419.1873,Asp-Glu-Arg,M+H[1+],5.1987,0.00119046677002643,EC000322
358.16353,Asp-Glu-Ile,M-H2O+H[1+],8.4665,0.00268653322996215,EC000430
358.16353,Asp-Glu-Leu,M-H2O+H[1+],8.4665,0.00268653322996215,EC000430
332.1092,Asp-Glu-Ser,M-H2O+H[1+],1.0954,0.000391533230015284,EC000295
350.11987,Asp-Glu-Ser,M+H[1+],1.6778,0.000461533230009081,EC000296
210.10902,Asp-Gly-Ser,M-HCOONa+H[1+],4.9043,0.0018584667700452,EC000431
260.08825,Asp-Gly-Ser,M-H2O+H[1+],5.2287,0.000571533230015575,EC000431
427.20575,Asp-His-Arg,M+H[1+],3.9472,0.00094153322999091,EC000323
368.15758,Asp-His-Pro,M+H[1+],8.7214,0.00111853322999877,EC000432
175.10684,Asp-Ile,M-C3H4O2+H[1+],0.7771,0.000908162770002718,EC00081
203.13733,Asp-Ile,M-CO2+H[1+],1.1447,0.00171816277000403,EC00081
203.1379,Asp-Ile,M-CO2+H[1+],0.9523,0.00114816276999363,EC00081
211.10664,Asp-Ile,M-H4O2+H[1+],2.0433,0.00100816277000604,EC00081
211.10667,Asp-Ile,M-H4O2+H[1+],2.7578,0.000978162769996516,EC00081
219.13286,Asp-Ile,M-CO+H[1+],1.4241,0.00098816276999969,EC00081
247.12755,Asp-Ile,M+H[1+],1.7436,0.0012981627699844,EC00081
247.1293,Asp-Ile,M+H[1+],5.037,0.000451837230002639,EC00082
269.11198,Asp-Ile,M+Na[1+],3.9531,0.00113183722999111,EC00081
403.23256,Asp-Ile-Arg,M+H[1+],8.7642,0.00259953322995443,EC000324
425.21302,Asp-Ile-Arg,M+Na[1+],8.7672,0.00105953322992036,EC000324
383.15017,Asp-Ile-Asn,M+Na[1+],6.613,0.0036074667699495,EC000404
383.15436,Asp-Ile-Asn,M+Na[1+],5.7155,0.000582533230044646,EC000405
358.16353,Asp-Ile-Glu,M-H2O+H[1+],8.4665,0.00268653322996215,EC000430
288.19049,Asp-Ile-Ile,M-C3H4O2+H[1+],4.0805,0.0013234667700317,EC000433
332.2165,Asp-Ile-Ile,M-CO+H[1+],4.0862,0.00141346677003185,EC000433
343.1884,Asp-Ile-Ile,M-NH3+H[1+],3.939,0.00198653322996734,EC000433
360.21139,Asp-Ile-Ile,M+H[1+],4.0278,0.00152346677003834,EC000433
288.19049,Asp-Ile-Leu,M-C3H4O2+H[1+],4.0805,0.0013234667700317,EC000433
332.2165,Asp-Ile-Leu,M-CO+H[1+],4.0862,0.00141346677003185,EC000433
343.1884,Asp-Ile-Leu,M-NH3+H[1+],3.939,0.00198653322996734,EC000433
360.21139,Asp-Ile-Leu,M+H[1+],4.0278,0.00152346677003834,EC000433
344.1803,Asp-Ile-Pro,M+H[1+],4.2046,0.0013134667700001,EC000434
344.18247,Asp-Ile-Pro,M+H[1+],4.0076,0.000856533230034984,EC000434
344.18433,Asp-Ile-Pro,M+H[1+],4.5858,0.0027165332300001,EC000434
433.20797,Asp-Ile-Trp,M+H[1+],9.3701,0.00019246677004503,EC000343
433.20813,Asp-Ile-Trp,M+H[1+],9.4959,3.24667700510872e-05,EC000343
328.18692,Asp-Ile-Val,M-H2O+H[1+],7.2246,0.000256533230015066,EC000435
329.17096,Asp-Ile-Val,M-NH3+H[1+],7.0883,0.000196533229996021,EC000435
175.10684,Asp-Leu,M-C3H4O2+H[1+],0.7771,0.000908162770002718,EC00081
203.13733,Asp-Leu,M-CO2+H[1+],1.1447,0.00171816277000403,EC00081
203.1379,Asp-Leu,M-CO2+H[1+],0.9523,0.00114816276999363,EC00081
211.10664,Asp-Leu,M-H4O2+H[1+],2.0433,0.00100816277000604,EC00081
211.10667,Asp-Leu,M-H4O2+H[1+],2.7578,0.000978162769996516,EC00081
219.13286,Asp-Leu,M-CO+H[1+],1.4241,0.00098816276999969,EC00081
247.12755,Asp-Leu,M+H[1+],1.7436,0.0012981627699844,EC00081
247.1293,Asp-Leu,M+H[1+],5.037,0.000451837230002639,EC00082
269.11198,Asp-Leu,M+Na[1+],3.9531,0.00113183722999111,EC00081
403.23256,Asp-Leu-Arg,M+H[1+],8.7642,0.00259953322995443,EC000324
425.21302,Asp-Leu-Arg,M+Na[1+],8.7672,0.00105953322992036,EC000324
383.15017,Asp-Leu-Asn,M+Na[1+],6.613,0.0036074667699495,EC000404
383.15436,Asp-Leu-Asn,M+Na[1+],5.7155,0.000582533230044646,EC000405
358.16353,Asp-Leu-Glu,M-H2O+H[1+],8.4665,0.00268653322996215,EC000430
288.19049,Asp-Leu-Ile,M-C3H4O2+H[1+],4.0805,0.0013234667700317,EC000433
332.2165,Asp-Leu-Ile,M-CO+H[1+],4.0862,0.00141346677003185,EC000433
343.1884,Asp-Leu-Ile,M-NH3+H[1+],3.939,0.00198653322996734,EC000433
360.21139,Asp-Leu-Ile,M+H[1+],4.0278,0.00152346677003834,EC000433
288.19049,Asp-Leu-Leu,M-C3H4O2+H[1+],4.0805,0.0013234667700317,EC000433
332.2165,Asp-Leu-Leu,M-CO+H[1+],4.0862,0.00141346677003185,EC000433
343.1884,Asp-Leu-Leu,M-NH3+H[1+],3.939,0.00198653322996734,EC000433
360.21139,Asp-Leu-Leu,M+H[1+],4.0278,0.00152346677003834,EC000433
344.1803,Asp-Leu-Pro,M+H[1+],4.2046,0.0013134667700001,EC000434
344.18247,Asp-Leu-Pro,M+H[1+],4.0076,0.000856533230034984,EC000434
344.18433,Asp-Leu-Pro,M+H[1+],4.5858,0.0027165332300001,EC000434
433.20797,Asp-Leu-Trp,M+H[1+],9.3701,0.00019246677004503,EC000343
433.20813,Asp-Leu-Trp,M+H[1+],9.4959,3.24667700510872e-05,EC000343
328.18692,Asp-Leu-Val,M-H2O+H[1+],7.2246,0.000256533230015066,EC000435
329.17096,Asp-Leu-Val,M-NH3+H[1+],7.0883,0.000196533229996021,EC000435
333.17966,Asp-Lys-Ala,M+H[1+],7.1607,0.00279753323002296,EC000232
355.15655,Asp-Lys-Ala,M+Na[1+],8.2902,0.00231246676997898,EC000233
398.16727,Asp-Lys-Asn,M+Na[1+],7.0248,0.00259353322991274,EC000406
415.16243,Asp-Lys-Met,M+Na[1+],5.6297,0.000195533229998546,EC000423
415.16243,Asp-Met-Lys,M+Na[1+],5.6297,0.000195533229998546,EC000423
451.16729,Asp-Met-Trp,M+H[1+],0.6691,0.00270553322997102,EC000436
387.19852,Asp-Pro-Arg,M+H[1+],4.009,0.000140466770062631,EC000325
409.1818,Asp-Pro-Arg,M+Na[1+],5.058,0.00113953322994576,EC000326
409.18182,Asp-Pro-Arg,M+Na[1+],4.7103,0.0011595332299521,EC000327
345.13968,Asp-Pro-Asn,M+H[1+],2.6643,0.000797466769995481,EC000407
345.14049,Asp-Pro-Asn,M+H[1+],2.5726,1.2533230005829e-05,EC000407
368.15758,Asp-Pro-His,M+H[1+],8.7214,0.00111853322999877,EC000432
344.1803,Asp-Pro-Ile,M+H[1+],4.2046,0.0013134667700001,EC000434
344.18247,Asp-Pro-Ile,M+H[1+],4.0076,0.000856533230034984,EC000434
344.18433,Asp-Pro-Ile,M+H[1+],4.5858,0.0027165332300001,EC000434
344.1803,Asp-Pro-Leu,M+H[1+],4.2046,0.0013134667700001,EC000434
344.18247,Asp-Pro-Leu,M+H[1+],4.0076,0.000856533230034984,EC000434
344.18433,Asp-Pro-Leu,M+H[1+],4.5858,0.0027165332300001,EC000434
328.15311,Asp-Pro-Pro,M+H[1+],4.6327,0.00279653323002549,EC000437
439.15607,Asp-Pro-Trp,M+Na[1+],4.3486,0.00279246676996081,EC000438
203.06589,Asp-Ser,M-H2O+H[1+],1.204,0.000322592770004348,EC000439
318.0937,Asp-Ser-Asp,M-H2O+H[1+],0.7968,0.000541533230034474,EC000428
349.13413,Asp-Ser-Gln,M+H[1+],0.7765,0.00126246676995834,EC000408
332.1092,Asp-Ser-Glu,M-H2O+H[1+],1.0954,0.000391533230015284,EC000295
350.11987,Asp-Ser-Glu,M+H[1+],1.6778,0.000461533230009081,EC000296
210.10902,Asp-Ser-Gly,M-HCOONa+H[1+],4.9043,0.0018584667700452,EC000431
260.08825,Asp-Ser-Gly,M-H2O+H[1+],5.2287,0.000571533230015575,EC000431
349.13413,Asp-Thr-Asn,M+H[1+],0.7765,0.00126246676995834,EC000408
332.1092,Asp-Thr-Asp,M-H2O+H[1+],1.0954,0.000391533230015284,EC000295
350.11987,Asp-Thr-Asp,M+H[1+],1.6778,0.000461533230009081,EC000296
295.16371,Asp-Thr-Gln,M-HCOONa+H[1+],3.5851,6.75332299238107e-05,EC000409
345.13968,Asp-Thr-Gln,M-H2O+H[1+],2.6643,0.000762466770027004,EC000409
345.14049,Asp-Thr-Gln,M-H2O+H[1+],2.5726,4.75332299743059e-05,EC000409
433.20797,Asp-Trp-Ile,M+H[1+],9.3701,0.00019246677004503,EC000343
433.20813,Asp-Trp-Ile,M+H[1+],9.4959,3.24667700510872e-05,EC000343
433.20797,Asp-Trp-Leu,M+H[1+],9.3701,0.00019246677004503,EC000343
433.20813,Asp-Trp-Leu,M+H[1+],9.4959,3.24667700510872e-05,EC000343
451.16729,Asp-Trp-Met,M+H[1+],0.6691,0.00270553322997102,EC000436
439.15607,Asp-Trp-Pro,M+Na[1+],4.3486,0.00279246676996081,EC000438
425.1649,Asp-Tyr-Gln,M+H[1+],4.5277,0.0017924667700413,EC000410
255.09641,Asp-Val,M+Na[1+],2.8474,0.00121190122999337,EC000123
389.21765,Asp-Val-Arg,M+H[1+],8.8,0.00333953322996194,EC000253
383.15017,Asp-Val-Gln,M+Na[1+],6.613,0.0036074667699495,EC000404
383.15436,Asp-Val-Gln,M+Na[1+],5.7155,0.000582533230044646,EC000405
328.18692,Asp-Val-Ile,M-H2O+H[1+],7.2246,0.000256533230015066,EC000435
329.17096,Asp-Val-Ile,M-NH3+H[1+],7.0883,0.000196533229996021,EC000435
328.18692,Asp-Val-Leu,M-H2O+H[1+],7.2246,0.000256533230015066,EC000435
329.17096,Asp-Val-Leu,M-NH3+H[1+],7.0883,0.000196533229996021,EC000435
286.17477,Asp-Val-Val,M-HCOOH+H[1+],4.1011,0.0014434667699561,EC000240
288.19049,Asp-Val-Val,M-CO2+H[1+],4.0805,0.00132346676997486,EC000240
314.17365,Asp-Val-Val,M-H2O+H[1+],4.1858,0.00263653323003155,EC000240
217.14234,Asparaginyl-Arginine,M-C3H4O2+H[1+],5.6326,0.00156038522999324,EC000347
271.15035,Asparaginyl-Arginine,M-H2O+H[1+],5.6335,0.000929614769972886,EC000347
252.10797,Asparaginyl-Histidine,M-H2O+H[1+],1.1195,0.00111044976998187,EC000440
246.14305,Asparaginyl-Isoleucine,M+H[1+],1.4277,0.00178257077001831,EC000244
246.14305,Asparaginyl-Leucine,M+H[1+],1.4277,0.00178257777002955,EC000244
341.12353,Asparaginyl-Tryptophan,M+Na[1+],6.1139,0.00144844923005394,EC000441
211.16825,Aspartame,M-HCOOK+H[1+],8.5266,0.000701837229996727,EC000442
317.11383,Aspartame,M+Na[1+],8.3551,0.00298183722998147,EC000442
229.08232,Aspartyl-Hydroxyproline,M-H2O+H[1+],6.9819,0.000457343230010565,EC000176
269.07426,Aspartyl-Hydroxyproline,M+Na[1+],4.7692,0.000202656770056819,EC000177
163.03788,Aspirin,M-H2O+H[1+],10.6547,0.00105521077000503,EC000144
181.04833,Aspirin,M+H[1+],8.3514,0.00120521077002422,EC000145
207.13688,Aspulvinone H,M+H[1+],5.042,0.00107628677002936,EC000443
265.09599,Aspulvinone H,M+NaCl[1+],5.253,0.000566286770038005,EC000443
441.24446,Astemizole,M-H2O+H[1+],5.8622,0.00040630577001366,EC000444
705.40068,Atazanavir,M+H[1+],9.308,0.00365548522995596,EC000445
365.10374,Austrobailignan 1,M-H2O+H[1+],0.9283,0.00176353323001877,EC000446
453.16595,Avizafone,M+Na[1+],7.5506,0.000526466770054412,EC000447
177.10122,Azacitidine,M-HCOONa+H[1+],1.5773,0.000574019229986789,EC000448
177.10123,Azacitidine,M-HCOONa+H[1+],1.279,0.000584019229961541,EC000448
227.07812,Azacitidine,M-H2O+H[1+],2.2154,0.00067401923001853,EC000448
313.16609,Azatadine,M+Na[1+],9.7511,0.00148518076997561,EC000449
171.10052,Azelaic acid,M-H2O+H[1+],5.0379,0.00101546677001352,EC000450
171.10057,Azelaic acid,M-H2O+H[1+],5.6279,0.000965466769997647,EC000451
211.09301,Azelaic acid,M+Na[1+],5.6326,0.00112546677002001,EC000451
538.30493,Batrachotoxin,M[1+],8.7063,0.000642999999968197,EC000452
539.31453,Batrachotoxin,M+H[1+],8.7365,0.00296653322993734,EC000452
540.31966,Batrachotoxin,M(C13)+H[1+],8.7341,0.00469653322988961,EC000452
577.27538,Bebeerine,M-H2O+H[1+],9.9221,0.00571653323004284,EC000453
595.28553,Bebeerine,M+H[1+],9.917,0.00526653323004211,EC000453
617.26786,Bebeerine,M+Na[1+],9.9047,0.00559653323011844,EC000453
206.0801,Bendiocarb,M-H2O+H[1+],4.8711,0.00107646677000162,EC000454
149.0215,"benzene-1,2,4-triol",M+Na[1+],10.6579,0.000529475229996024,EC000139
149.02201,"benzene-1,2,4-triol",M+Na[1+],8.3532,0.00103947522998737,EC000140
235.08929,Benzo[a]pyrene,M-H2O+H[1+],2.5926,0.00128685076998636,EC0006
120.07984,Benzocaine,M-HCOOH+H[1+],1.5093,0.00101506776996985,EC000455
166.08535,Benzocaine,M+H[1+],1.5172,0.000905067769991774,EC000455
167.08849,Benzocaine,M(C13)+H[1+],1.5208,0.00116506776998904,EC000455
188.06721,Benzocaine,M+Na[1+],1.5207,0.00104506777000779,EC000455
188.06958,Benzocaine,M+Na[1+],2.2078,0.00132493223000552,EC000455
229.08232,Benzyl 2-methyl-3-oxobutanoate,M+Na[1+],6.9819,0.00125646677000191,EC00080
339.18482,Benzyl Viologen,M+H[1+],10.8827,0.000755466769987834,EC000456
349.26298,Bepridil,M-H2O+H[1+],5.3447,0.000810186769967913,EC000457
351.0676,Bergenin,M+Na[1+],0.7635,0.00107646677003004,EC000458
397.07614,Bergenin,M+HCOONa[1+],0.8718,0.0020635332300003,EC000458
145.08481,beta-Cymaropyranose,M-H2O+H[1+],3.7186,0.00106646676999844,EC000459
185.07741,beta-Cymaropyranose,M+Na[1+],3.9182,0.00106646677002686,EC000459
185.07746,beta-Cymaropyranose,M+Na[1+],3.7201,0.00101646677001099,EC000459
185.07752,beta-Cymaropyranose,M+Na[1+],2.1316,0.00095646677002037,EC000460
189.01509,Beta-D-Fructose 6-phosphate,M-C3H4O2+H[1+],0.7561,0.000804992770042645,EC000461
261.03472,Beta-D-Fructose 6-phosphate,M+H[1+],1.0578,0.00227499277002607,EC000462
261.03557,Beta-D-Fructose 6-phosphate,M+H[1+],1.1737,0.00142499277001207,EC000462
261.03589,Beta-D-Fructose 6-phosphate,M+H[1+],0.7529,0.00110499277002418,EC000461
279.04661,Beta-D-Fructose 6-phosphate,M+H2O+H[1+],0.7428,0.000984992770042936,EC000461
365.10374,beta-Gentiobiose,M+Na[1+],0.9283,0.00173646677001216,EC00092
381.07789,beta-Gentiobiose,M+K[1+],0.7446,0.00108646676994795,EC00092
132.10106,Beta-Leucine,M+H[1+],1.0714,0.000845131770006446,EC000463
154.08526,Beta-Leucine,M+Na[1+],5.0085,0.00135486823000974,EC000464
136.07471,Beta-Tyrosine,M-HCOOH+H[1+],5.015,0.00105968976998838,EC00054
146.05906,Beta-Tyrosine,M-H4O2+H[1+],5.0643,0.000909689770026034,EC00054
154.08526,Beta-Tyrosine,M-CO+H[1+],5.0085,0.000909689769997613,EC00054
182.08008,Beta-Tyrosine,M+H[1+],5.0202,0.0010896897699979,EC00054
182.08013,Beta-Tyrosine,M+H[1+],0.9628,0.00103968977001045,EC00055
183.08447,Beta-Tyrosine,M(C13)+H[1+],0.9399,9.96897699963029e-05,EC00055
204.06208,Beta-Tyrosine,M+Na[1+],5.0184,0.0010896897699979,EC00054
118.08535,Betaine,M+H[1+],0.7962,0.000905067769991774,EC000124
118.08542,Betaine,M+H[1+],1.2533,0.000835067769997977,EC000125
132.10106,Betonicine,M-CO+H[1+],1.0714,0.000759753770012139,EC00065
182.08008,Betonicine,M+Na[1+],5.0202,0.00126024623000376,EC00066
182.08013,Betonicine,M+Na[1+],0.9628,0.00131024622999121,EC00065
283.14514,Bifenazate,M-H2O+H[1+],9.4231,0.00107053323000628,EC000465
565.23922,Biliverdin,M-H2O+H[1+],9.4331,0.00529129776998616,EC000466
355.17637,Biocytin,M-H2O+H[1+],8.5379,0.00343256076996568,EC000264
334.21283,Biperiden,M+Na[1+],8.3461,0.0013610217700375,EC000467
373.27009,Bis(2-ethylhexyl)phthalate,M-H2O+H[1+],9.9304,0.00358646677000252,EC000468
373.2702,Bis(2-ethylhexyl)phthalate,M-H2O+H[1+],9.3449,0.00347646676999602,EC000469
391.28262,Bis(2-ethylhexyl)phthalate,M+H[1+],10.6573,0.00165646676998676,EC000470
413.26459,Bis(2-ethylhexyl)phthalate,M+Na[1+],10.6597,0.00168646677002471,EC000470
429.23862,Bis(2-ethylhexyl)phthalate,M+K[1+],10.6537,0.00115646676994174,EC000470
373.27009,bis(2-Ethylhexyl)phthalic acid,M-H2O+H[1+],9.9304,0.00358646677000252,EC000468
373.2702,bis(2-Ethylhexyl)phthalic acid,M-H2O+H[1+],9.3449,0.00347646676999602,EC000469
391.28262,bis(2-Ethylhexyl)phthalic acid,M+H[1+],10.6573,0.00165646676998676,EC000470
413.26459,bis(2-Ethylhexyl)phthalic acid,M+Na[1+],10.6597,0.00168646677002471,EC000470
429.23862,bis(2-Ethylhexyl)phthalic acid,M+K[1+],10.6537,0.00115646676994174,EC000470
395.18677,Bisindolylmaleimide i,M-H2O+H[1+],10.6841,0.000167533230012396,EC000471
308.21938,Bisoprolol,M-H2O+H[1+],7.1108,0.0026049517700244,EC000472
308.21944,Bisoprolol,M-H2O+H[1+],7.5751,0.00254495177000535,EC000473
308.22074,Bisoprolol,M-H2O+H[1+],5.9392,0.00124495177004746,EC000474
309.20347,Bisoprolol,M-NH3+H[1+],7.193,0.002614951770056,EC000472
309.20386,Bisoprolol,M-NH3+H[1+],7.263,0.00222495177001747,EC000472
309.20462,Bisoprolol,M-NH3+H[1+],7.0234,0.00146495177006045,EC000472
309.2053,Bisoprolol,M-NH3+H[1+],7.7945,0.000784951770015141,EC000473
273.1261,Bisphenol AP,M-H2O+H[1+],4.9518,0.00125646676997349,EC000475
453.09902,Bispyribac,M+Na[1+],0.7691,0.0027564667700517,EC000476
547.31078,Bonafousine,M-H2O+H[1+],9.1473,0.00406253323001238,EC000477
547.3112,Bonafousine,M-H2O+H[1+],9.2186,0.00448253322997516,EC000477
564.30805,Bonafousine,M[1+],9.4278,0.00199099999997543,EC000477
453.34174,Borreverine,M-CO+H[1+],5.7042,0.00416353322998475,EC000478
463.32374,Borreverine,M-H2O+H[1+],5.8241,0.00176353322996192,EC000478
503.30974,Borreverine,M+Na[1+],5.5566,0.00483646677008664,EC000478
415.23099,Buclizine,M-H2O+H[1+],6.8321,0.00108676023000953,EC000479
435.23376,Buclizine,M(Cl37)+H[1+],6.8234,0.00394323977002387,EC000479
435.23376,Buclizine,M(S34)+H[1+],6.8234,0.00254323976997739,EC000479
455.22334,Buclizine,M+Na[1+],6.8349,0.0008367602299586,EC000479
302.29201,Buspirone,M-HCOOK+H[1+],7.7255,0.00174172777002468,EC000480
368.24104,Buspirone,M-H2O+H[1+],7.7602,0.00341172777001475,EC000480
368.24126,Buspirone,M-H2O+H[1+],7.6956,0.00319172777000176,EC000480
167.11688,Butabarbital,M-HCOOH+H[1+],2.1518,0.00108885476998921,EC000481
177.10122,Butabarbital,M-H4O2+H[1+],1.5773,0.000948854770001617,EC000481
177.10123,Butabarbital,M-H4O2+H[1+],1.279,0.000938854770026865,EC000481
213.12236,Butabarbital,M+H[1+],1.0284,0.00100885477002066,EC000481
181.13253,Butalbital,M-CO2+H[1+],3.9074,0.00103885477000176,EC000482
225.12215,Butalbital,M+H[1+],3.2702,0.00121885477000205,EC000482
225.12228,Butalbital,M+H[1+],3.9722,0.00108885477001763,EC000482
243.13281,Butalbital,M+H2O+H[1+],4.5528,0.00115885477001143,EC000482
350.20726,Butorphanol,M+Na[1+],7.3157,0.00184564377002516,EC000483
323.15884,C-Glycosyltryptophan,M-CO2+H[1+],2.5876,0.00133646676999888,EC000282
339.15374,C-Glycosyltryptophan,M-CO+H[1+],1.6144,0.00123646676996714,EC000282
367.14857,C-Glycosyltryptophan,M+H[1+],2.324,0.00140646676999268,EC000282
368.15171,C-Glycosyltryptophan,M(C13)+H[1+],2.3287,0.00166646677001836,EC000282
419.04046,C.I. Food Red 1,M-H2O+H[1+],2.3948,0.00389127723002503,EC000484
474.28331,Cabergoline,M+Na[1+],7.5544,0.000691919770076765,EC000485
365.0832,Caffeic acid 3-glucoside,M+Na[1+],0.7513,0.00115846677005038,EC000486
165.05352,Caffeic aldehyde,M+H[1+],7.0768,0.00110058477002895,EC000487
165.05361,Caffeic aldehyde,M+H[1+],7.7817,0.0010105847700288,EC000488
189.05119,Caffeyl alcohol,M+Na[1+],4.7686,0.00108064877002789,EC000151
132.10106,Calystegine B2,M-CO2+H[1+],1.0714,0.000874375770024471,EC000489
176.09169,Calystegine B2,M+H[1+],1.0624,4.43757700168135e-05,EC000489
203.12672,Candicine,M+Na[1+],5.6347,0.00139546676999203,EC000490
203.12677,Candicine,M+Na[1+],5.0391,0.00134546677000458,EC000491
516.30044,Candoxatril,M+H[1+],4.7927,0.00486086222997528,EC000492
190.08519,Cantleyine,M-H2O+H[1+],5.6781,0.00102946676997817,EC000493
224.12473,Capryloylglycine,M+Na[1+],4.5379,0.00103994577000321,EC000494
224.12492,Capryloylglycine,M+Na[1+],5.76,0.000849945769999749,EC000495
306.20502,Capsaicin,M+H[1+],7.2264,0.00135020177003753,EC000496
307.20763,Capsaicin,M(C13)+H[1+],7.2234,0.00214020177003249,EC000496
328.18692,Capsaicin,M+Na[1+],7.2246,0.00145020177001243,EC000496
259.08408,Carbamazepine,M+Na[1+],5.6303,0.000159482770072827,EC000497
214.05804,Carbendazim,M+Na[1+],0.7667,0.000713013769995996,EC000498
215.06688,Carpacin,M+Na[1+],5.0817,0.000996466770004645,EC000499
434.18749,Carphenazine,M+Na[1+],1.3204,0.000165656230024069,EC000198
220.05585,Cartap,M-H2O+H[1+],4.9887,0.00139446676999455,EC000500
221.04108,Cartap,M-NH3+H[1+],0.7379,0.000264466770005356,EC000501
260.05213,Cartap,M+Na[1+],0.76,0.00228553323000824,EC000501
280.26183,Cassine,M-H2O+H[1+],8.2347,0.00164646677001201,EC000502
280.26208,Cassine,M-H2O+H[1+],8.6002,0.00139646676996108,EC000502
280.26225,Cassine,M-H2O+H[1+],7.4384,0.00122646676999238,EC000503
280.26231,Cassine,M-H2O+H[1+],9.1334,0.00116646676997334,EC000504
281.24616,Cassine,M-NH3+H[1+],8.936,0.00141646677002427,EC000504
281.24618,Cassine,M-NH3+H[1+],8.525,0.00139646677001792,EC000502
281.24622,Cassine,M-NH3+H[1+],8.8479,0.00135646677000523,EC000504
298.27159,Cassine,M+H[1+],8.429,0.00248646676999442,EC000502
298.27243,Cassine,M+H[1+],8.5941,0.00164646677001201,EC000502
298.27261,Cassine,M+H[1+],7.7878,0.00146646677001172,EC000505
298.27281,Cassine,M+H[1+],7.4391,0.00126646677000508,EC000503
298.27479,Cassine,M+H[1+],10.498,0.00071353322999812,EC000506
299.27611,Cassine,M(C13)+H[1+],7.4385,0.00136646676997998,EC000503
316.28289,Cassine,M+H2O+H[1+],8.8479,0.00178646676999961,EC000504
316.28322,Cassine,M+H2O+H[1+],7.7962,0.00145646677003697,EC000505
316.28335,Cassine,M+H2O+H[1+],7.4172,0.00132646677002413,EC000503
320.25319,Cassine,M+Na[1+],8.2406,0.00288646676995086,EC000502
320.25421,Cassine,M+Na[1+],8.5941,0.00186646676996816,EC000502
320.25459,Cassine,M+Na[1+],8.1143,0.00148646676996123,EC000502
320.2546,Cassine,M+Na[1+],7.4416,0.00147646676998647,EC000503
336.22834,Cassine,M+K[1+],8.5947,0.00123646677002398,EC000502
336.2318,Cassine,M+K[1+],7.8367,0.00222353322999425,EC000505
332.1092,Cefradine,M-H2O+H[1+],1.0954,0.00289673222999909,EC000295
350.11987,Cefradine,M+H[1+],1.6778,0.00296673222999289,EC000296
365.10374,Cellobiose,M+Na[1+],0.9283,0.00174801277000824,EC00092
381.07789,Cellobiose,M+K[1+],0.7446,0.00109801276994403,EC00092
345.13968,Cellobiotol,M+H[1+],2.6643,0.000503533230016728,EC000407
345.14049,Cellobiotol,M+H[1+],2.5726,0.00131353323001804,EC000407
321.9968,CGH 2466,M+H[1+],1.0181,9.95332300135487e-05,EC000507
300.09262,Chlordiazepoxide,M+H[1+],1.1093,0.00280374123002503,EC000189
253.1121,Chloroprocaine,M-H2O+H[1+],1.1199,0.00191796423001733,EC000508
293.10481,Chloroprocaine,M+Na[1+],6.5655,0.00202796422996698,EC000509
259.02872,Chlorpropamide,M-H2O+H[1+],1.0092,0.00149715576998233,EC000510
365.0832,Cibarian,M-H2O+H[1+],0.7513,0.000523533229966233,EC000511
385.09228,Cibarian,M(Cl37)+H[1+],0.744,0.00180353322997462,EC000511
385.09228,Cibarian,M(S34)+H[1+],0.744,0.00320353323002109,EC000511
176.0696,Cichorine,M-H2O+H[1+],5.1887,0.000969466769987548,EC00068
194.08015,Cichorine,M+H[1+],4.2694,0.00101946677000342,EC00069
148.01425,Ciliatine,M+Na[1+],0.6197,0.000793894230014303,EC000512
403.23256,Cinitapride,M+H[1+],8.7642,0.00142193477000774,EC000324
425.21302,Cinitapride,M+Na[1+],8.7672,0.00296193476998496,EC000324
188.06958,Cinnamoylglycine,M-H2O+H[1+],2.2078,0.000989689769994584,EC000160
206.0801,Cinnamoylglycine,M+H[1+],4.8711,0.00106968977001998,EC000161
207.08331,Cinnamoylglycine,M(C13)+H[1+],4.8696,0.00125968976999502,EC000161
228.06203,Cinnamoylglycine,M+Na[1+],4.8713,0.00113968977001377,EC000161
176.10137,Citrulline,M+H[1+],0.7723,0.00159776377000753,EC000399
214.05804,Citrulline,M+K[1+],0.7667,0.00042776377000564,EC000399
353.19689,Clidinium,M+H[1+],10.4684,0.00165516977000379,EC000513
455.1145,Clofazimine,M-H2O+H[1+],0.7458,0.00432860476996666,EC000514
349.11569,Clozapine,M+Na[1+],4.4033,0.00341080177008735,EC000515
349.11705,Clozapine,M+Na[1+],6.1191,0.00205080177005357,EC000516
353.22282,Compound III(S),M-H2O+H[1+],7.2743,0.000500533230024303,EC000517
371.23188,Compound III(S),M+H[1+],9.365,0.00103946677000977,EC000518
145.04857,Conduritol epoxide,M-H2O+H[1+],1.364,0.000906466769976078,EC00026
163.05936,Conduritol epoxide,M+H[1+],0.7702,0.000716466770001034,EC0001
163.05949,Conduritol epoxide,M+H[1+],6.3524,0.000586466769988192,EC0002
163.05952,Conduritol epoxide,M+H[1+],6.1637,0.000556466770007091,EC0002
185.04103,Conduritol epoxide,M+Na[1+],1.9353,0.00104646676999209,EC00026
185.04105,Conduritol epoxide,M+Na[1+],1.578,0.00102646676998575,EC00026
201.01492,Conduritol epoxide,M+K[1+],0.7324,0.000656466770010411,EC0001
301.0994,Coronene,M+H[1+],5.5126,0.00177646677002485,EC000519
238.10619,Cotarnine,M+H[1+],5.2358,0.00118646677000811,EC000520
260.08825,Cotarnine,M+Na[1+],5.2287,0.00112646676996064,EC000520
160.07471,Cotinine,M-NH3+H[1+],1.2777,0.00102948277000792,EC000521
177.10122,Cotinine,M+H[1+],1.5773,0.00101948277000474,EC000521
177.10123,Cotinine,M+H[1+],1.279,0.00100948277002999,EC000521
235.06148,Cotinine,M+NaCl[1+],1.2115,0.000640517229982152,EC000521
193.09609,Cotinine N-oxide,M+H[1+],0.9966,0.00106410476999486,EC000193
135.03132,Crotonoside,M-NH3+H[1+],0.6099,0.00113372622999464,EC000522
152.05568,Crotonoside,M+H[1+],0.8773,0.00100627377000251,EC000522
152.05573,Crotonoside,M+H[1+],1.1709,0.000956273769986637,EC000523
190.01172,Crotonoside,M+K[1+],0.8036,0.000466273770001635,EC000522
249.18373,Cyclandelate,M-CO+H[1+],8.0311,0.00109110077002583,EC000524
277.17863,Cyclandelate,M+H[1+],7.0725,0.00119110077002915,EC000525
277.18202,Cyclandelate,M+H[1+],7.8747,0.00219889922999528,EC000524
278.18184,Cyclandelate,M(C13)+H[1+],7.8723,0.0013811007700042,EC000524
299.1604,Cyclandelate,M+Na[1+],7.0747,0.00142110077001689,EC000525
299.16048,Cyclandelate,M+Na[1+],7.8774,0.0013411007699915,EC000524
330.05771,Cyclic AMP,M+H[1+],0.9279,0.00208611977001283,EC00087
380.09395,cyclo-Dopa 5-O-glucoside,M+Na[1+],0.6872,0.00131046677000768,EC000526
165.08999,Cycloheptanecarboxylic acid,M+Na[1+],10.9523,0.00131353322998962,EC000527
331.15275,Cys-Ala-Arg,M-H2O+H[1+],5.7049,0.00190246676999095,EC000215
312.10987,Cys-Ala-His,M-H2O+H[1+],0.948,0.00258346676997689,EC000234
303.1459,Cys-Ala-Lys,M-H2O+H[1+],8.3488,0.00260446677003756,EC000235
274.12354,Cys-Ala-Val,M-H2O+H[1+],0.9536,0.00158453323001595,EC000212
331.15275,Cys-Arg-Ala,M-H2O+H[1+],5.7049,0.00190246676999095,EC000215
374.16249,Cys-Arg-Asn,M-H2O+H[1+],2.9627,0.00202353322998761,EC000314
415.13457,Cys-Arg-Asp,M+Na[1+],5.3134,0.00251246677004247,EC000320
415.13486,Cys-Arg-Asp,M+Na[1+],4.6436,0.00222246677003568,EC000321
429.1505,Cys-Arg-Glu,M+Na[1+],5.4988,0.00223246676995359,EC000328
335.14903,Cys-Arg-Gly,M+H[1+],8.38,0.00057246677005196,EC000329
335.15039,Cys-Arg-Gly,M+H[1+],9.325,0.000787533229981818,EC000330
337.14592,Cys-Arg-Gly,M(Cl37)+H[1+],9.3231,0.000882466770065093,EC000330
337.14592,Cys-Arg-Gly,M(S34)+H[1+],9.3231,0.000517533229981382,EC000330
353.16074,Cys-Arg-Gly,M+H2O+H[1+],8.2908,0.000537533229930887,EC000329
373.20196,Cys-Arg-Ile,M-H2O+H[1+],9.0833,0.000357533229987439,EC000331
373.20196,Cys-Arg-Leu,M-H2O+H[1+],9.0833,0.000357533229987439,EC000331
391.15581,Cys-Arg-Met,M-H2O+H[1+],4.462,0.00221446676999904,EC000332
431.14675,Cys-Arg-Met,M+Na[1+],5.6036,0.00387446676995751,EC000333
213.10126,Cys-Arg-Phe,M+2H[2+],4.8311,0.00065446677001546,EC000334
407.18621,Cys-Arg-Phe,M-H2O+H[1+],9.0255,0.000257533230012541,EC000335
407.18738,Cys-Arg-Phe,M-H2O+H[1+],4.9988,0.00142753323001443,EC000334
357.17218,Cys-Arg-Pro,M-H2O+H[1+],8.5361,0.00187753323001516,EC000336
387.13851,Cys-Arg-Ser,M+Na[1+],3.5745,0.00365746677005063,EC000337
433.14543,Cys-Arg-Ser,M+HCOONa[1+],2.8663,0.00213746677002291,EC000337
401.15552,Cys-Arg-Thr,M+Na[1+],5.3215,0.00229746676996001,EC000338
374.16249,Cys-Asn-Arg,M-H2O+H[1+],2.9627,0.00202353322998761,EC000314
350.11196,Cys-Asn-Asn,M+H[1+],6.7684,0.000923466770018422,EC000403
415.13457,Cys-Asp-Arg,M+Na[1+],5.3134,0.00251246677004247,EC000320
415.13486,Cys-Asp-Arg,M+Na[1+],4.6436,0.00222246677003568,EC000321
280.0594,Cys-Asp-Asp,M-C3H4O2+H[1+],1.2073,0.000415466770050443,EC000427
352.08026,Cys-Asp-Asp,M+H[1+],1.1685,0.000655466770012936,EC000427
353.0876,Cys-Asp-Asp,M(C13)+H[1+],1.1616,0.00328453322998712,EC000427
375.11511,Cys-Cys-Lys,M+Na[1+],0.7771,0.00193353322998746,EC000528
304.07806,Cys-Cys-Pro,M-H2O+H[1+],0.7465,0.000317466770013652,EC000529
429.1505,Cys-Glu-Arg,M+Na[1+],5.4988,0.00223246676995359,EC000328
335.14903,Cys-Gly-Arg,M+H[1+],8.38,0.00057246677005196,EC000329
335.15039,Cys-Gly-Arg,M+H[1+],9.325,0.000787533229981818,EC000330
337.14592,Cys-Gly-Arg,M(Cl37)+H[1+],9.3231,0.000882466770065093,EC000330
337.14592,Cys-Gly-Arg,M(S34)+H[1+],9.3231,0.000517533229981382,EC000330
353.16074,Cys-Gly-Arg,M+H2O+H[1+],8.2908,0.000537533229930887,EC000329
298.09561,Cys-Gly-His,M-H2O+H[1+],3.229,0.00119346676996201,EC000530
274.12354,Cys-Gly-Ile,M-H2O+H[1+],0.9536,0.00158453323001595,EC000212
274.12354,Cys-Gly-Leu,M-H2O+H[1+],0.9536,0.00158453323001595,EC000212
312.10987,Cys-His-Ala,M-H2O+H[1+],0.948,0.00258346676997689,EC000234
298.09561,Cys-His-Gly,M-H2O+H[1+],3.229,0.00119346676996201,EC000530
427.15563,Cys-His-Trp,M-H2O+H[1+],5.3059,0.000977533229956862,EC000531
373.20196,Cys-Ile-Arg,M-H2O+H[1+],9.0833,0.000357533229987439,EC000331
274.12354,Cys-Ile-Gly,M-H2O+H[1+],0.9536,0.00158453323001595,EC000212
345.19223,Cys-Ile-Lys,M-H2O+H[1+],9.7536,0.00322446677000698,EC000532
385.18837,Cys-Ile-Lys,M+Na[1+],5.7612,0.000315533229979792,EC000533
398.17202,Cys-Ile-Tyr,M+H[1+],6.2033,0.00240046677004102,EC000534
373.20196,Cys-Leu-Arg,M-H2O+H[1+],9.0833,0.000357533229987439,EC000331
274.12354,Cys-Leu-Gly,M-H2O+H[1+],0.9536,0.00158453323001595,EC000212
345.19223,Cys-Leu-Lys,M-H2O+H[1+],9.7536,0.00322446677000698,EC000532
385.18837,Cys-Leu-Lys,M+Na[1+],5.7612,0.000315533229979792,EC000533
398.17202,Cys-Leu-Tyr,M+H[1+],6.2033,0.00240046677004102,EC000534
303.1459,Cys-Lys-Ala,M-H2O+H[1+],8.3488,0.00260446677003756,EC000235
375.11511,Cys-Lys-Cys,M+Na[1+],0.7771,0.00193353322998746,EC000528
345.19223,Cys-Lys-Ile,M-H2O+H[1+],9.7536,0.00322446677000698,EC000532
385.18837,Cys-Lys-Ile,M+Na[1+],5.7612,0.000315533229979792,EC000533
345.19223,Cys-Lys-Leu,M-H2O+H[1+],9.7536,0.00322446677000698,EC000532
385.18837,Cys-Lys-Leu,M+Na[1+],5.7612,0.000315533229979792,EC000533
360.20772,Cys-Lys-Lys,M-H2O+H[1+],4.484,0.00136653322999791,EC000535
381.16357,Cys-Lys-Met,M+H[1+],1.6023,0.00109353323000505,EC000536
397.18762,Cys-Lys-Phe,M+H[1+],6.2072,0.00278446677003785,EC000537
369.15351,Cys-Lys-Pro,M+Na[1+],8.7074,0.00324446677007018,EC000213
369.15866,Cys-Lys-Pro,M+Na[1+],7.8561,0.00190553322994447,EC000538
391.15581,Cys-Met-Arg,M-H2O+H[1+],4.462,0.00221446676999904,EC000332
431.14675,Cys-Met-Arg,M+Na[1+],5.6036,0.00387446676995751,EC000333
381.16357,Cys-Met-Lys,M+H[1+],1.6023,0.00109353323000505,EC000536
332.1092,Cys-Met-Pro,M-H2O+H[1+],1.0954,0.000477466770007595,EC000295
350.11987,Cys-Met-Pro,M+H[1+],1.6778,0.000407466770013798,EC000296
398.12173,Cys-Met-Tyr,M-H2O+H[1+],6.2087,0.00148753323003348,EC000539
213.10126,Cys-Phe-Arg,M+2H[2+],4.8311,0.00065446677001546,EC000334
407.18621,Cys-Phe-Arg,M-H2O+H[1+],9.0255,0.000257533230012541,EC000335
407.18738,Cys-Phe-Arg,M-H2O+H[1+],4.9988,0.00142753323001443,EC000334
397.18762,Cys-Phe-Lys,M+H[1+],6.2072,0.00278446677003785,EC000537
455.17367,Cys-Phe-Trp,M+H[1+],6.3364,0.00108446677000984,EC000540
367.15743,Cys-Phe-Val,M[1+],8.7154,0.000850999999954638,EC000260
368.16514,Cys-Phe-Val,M+H[1+],8.9529,0.00128453322997757,EC000260
368.16518,Cys-Phe-Val,M+H[1+],8.9905,0.00132453322999027,EC000260
357.17218,Cys-Pro-Arg,M-H2O+H[1+],8.5361,0.00187753323001516,EC000336
304.07806,Cys-Pro-Cys,M-H2O+H[1+],0.7465,0.000317466770013652,EC000529
369.15351,Cys-Pro-Lys,M+Na[1+],8.7074,0.00324446677007018,EC000213
369.15866,Cys-Pro-Lys,M+Na[1+],7.8561,0.00190553322994447,EC000538
332.1092,Cys-Pro-Met,M-H2O+H[1+],1.0954,0.000477466770007595,EC000295
350.11987,Cys-Pro-Met,M+H[1+],1.6778,0.000407466770013798,EC000296
316.13541,Cys-Pro-Pro,M+H[1+],1.1238,0.00285453322999274,EC000541
387.13851,Cys-Ser-Arg,M+Na[1+],3.5745,0.00365746677005063,EC000337
433.14543,Cys-Ser-Arg,M+HCOONa[1+],2.8663,0.00213746677002291,EC000337
318.07473,Cys-Ser-Ser,M+Na[1+],4.3994,0.00164453323003499,EC000542
401.15552,Cys-Thr-Arg,M+Na[1+],5.3215,0.00229746676996001,EC000338
427.15563,Cys-Trp-His,M-H2O+H[1+],5.3059,0.000977533229956862,EC000531
455.17367,Cys-Trp-Phe,M+H[1+],6.3364,0.00108446677000984,EC000540
398.17202,Cys-Tyr-Ile,M+H[1+],6.2033,0.00240046677004102,EC000534
398.17202,Cys-Tyr-Leu,M+H[1+],6.2033,0.00240046677004102,EC000534
398.12173,Cys-Tyr-Met,M-H2O+H[1+],6.2087,0.00148753323003348,EC000539
274.12354,Cys-Val-Ala,M-H2O+H[1+],0.9536,0.00158453323001595,EC000212
367.15743,Cys-Val-Phe,M[1+],8.7154,0.000850999999954638,EC000260
368.16514,Cys-Val-Phe,M+H[1+],8.9529,0.00128453322997757,EC000260
368.16518,Cys-Val-Phe,M+H[1+],8.9905,0.00132453322999027,EC000260
259.08408,Cysteinyl-Histidine,M+H[1+],5.6303,0.00185749077002129,EC000543
281.06684,Cysteinyl-Histidine,M+Na[1+],1.1975,0.00109749076995058,EC000544
195.08545,D-4-O-Methyl-myo-inositol,M+H[1+],6.4443,0.000864646769997535,EC0005
263.012,D-Cystine,M+Na[1+],1.0665,0.00117646677000494,EC000545
117.05366,D-Erythrose 4-phosphate,M-HCOOK+H[1+],0.7674,0.00090562076999845,EC000546
201.01492,D-Erythrose 4-phosphate,M+H[1+],0.7324,0.000945620770011146,EC000546
219.02552,D-Erythrose 4-phosphate,M+H2O+H[1+],0.7397,0.000945620770011146,EC000546
147.06427,D-Fucose,M-H2O+H[1+],0.9256,0.000879960769992749,EC00034
165.07459,D-Fucose,M+H[1+],0.7944,0.00115996076999636,EC00034
163.05936,D-Glucose,M-H2O+H[1+],0.7702,0.000704582769998296,EC000547
163.05949,D-Glucose,M-H2O+H[1+],6.3524,0.000574582769985454,EC000548
163.05952,D-Glucose,M-H2O+H[1+],6.1637,0.000544582770004354,EC000548
203.0516,D-Glucose,M+Na[1+],0.5212,0.00106458276999888,EC000547
130.04908,D-Glutamic acid,M-H2O+H[1+],0.9782,0.000754247770004213,EC000549
148.05956,D-Glutamic acid,M+H[1+],0.8487,0.000874247770013881,EC000549
150.05743,D-Glutamic acid,M(Cl37)+H[1+],0.9057,0.000204247770000165,EC000549
150.05743,D-Glutamic acid,M(S34)+H[1+],0.9057,0.00119575222998947,EC000549
169.05972,D-Glutamine,M+Na[1+],5.3335,0.00130133722998949,EC000278
132.10106,D-Isoleucine,M+H[1+],1.0714,0.000845466770016401,EC000463
154.08526,D-Isoleucine,M+Na[1+],5.0085,0.00135453322999979,EC000464
173.12745,D-Lysopine,M-HCOOH+H[1+],1.7161,0.00112646676998907,EC000550
183.11172,D-Lysopine,M-H4O2+H[1+],2.0948,0.00105646677002369,EC000550
219.13286,D-Lysopine,M+H[1+],1.4241,0.00111646677001431,EC000550
163.05936,D-Mannose,M-H2O+H[1+],0.7702,0.000704582769998296,EC000547
163.05949,D-Mannose,M-H2O+H[1+],6.3524,0.000574582769985454,EC000548
163.05952,D-Mannose,M-H2O+H[1+],6.1637,0.000544582770004354,EC000548
203.0516,D-Mannose,M+Na[1+],0.5212,0.00106458276999888,EC000547
189.01509,D-Mannose 1-phosphate,M-C3H4O2+H[1+],0.7561,0.000804992770042645,EC000461
261.03472,D-Mannose 1-phosphate,M+H[1+],1.0578,0.00227499277002607,EC000462
261.03557,D-Mannose 1-phosphate,M+H[1+],1.1737,0.00142499277001207,EC000462
261.03589,D-Mannose 1-phosphate,M+H[1+],0.7529,0.00110499277002418,EC000461
279.04661,D-Mannose 1-phosphate,M+H2O+H[1+],0.7428,0.000984992770042936,EC000461
281.06684,D-Prephenyl lactate,M-H2O+H[1+],1.1975,0.00129653323000412,EC000551
321.05716,D-Prephenyl lactate,M+Na[1+],0.7499,0.000983466770037467,EC000552
219.02552,D-Sedoheptulose 7-phosphate,M-C3H4O2+H[1+],0.7397,0.000940147770023714,EC000553
263.05191,D-Sedoheptulose 7-phosphate,M-CO+H[1+],0.7936,0.000650147769988507,EC000553
291.04657,D-Sedoheptulose 7-phosphate,M+H[1+],0.8042,0.000990147770039584,EC000553
291.04667,D-Sedoheptulose 7-phosphate,M+H[1+],0.9193,0.000890147770007843,EC000553
293.04442,D-Sedoheptulose 7-phosphate,M(Cl37)+H[1+],0.9978,0.000340147770032218,EC000553
293.04442,D-Sedoheptulose 7-phosphate,M(S34)+H[1+],0.9978,0.00105985223001426,EC000553
190.08519,D-synephrine,M+Na[1+],5.6781,0.00128487022999479,EC000100
161.10633,D-Tryptophan,M-CO2+H[1+],2.324,0.00102410476998216,EC000554
177.10122,D-Tryptophan,M-CO+H[1+],1.5773,0.000934104769982014,EC000554
177.10123,D-Tryptophan,M-CO+H[1+],1.279,0.000924104770007261,EC000554
188.06958,D-Tryptophan,M-NH3+H[1+],2.2078,0.00107410476999803,EC000554
205.09514,D-Tryptophan,M+H[1+],2.2058,0.00201410477001218,EC000554
206.09854,D-Tryptophan,M(C13)+H[1+],2.2085,0.00201410476998376,EC000554
223.10685,D-Tryptophan,M+H2O+H[1+],2.094,0.000904104770000913,EC000554
227.07812,D-Tryptophan,M+Na[1+],2.2154,0.00103410476998533,EC000554
118.08535,D-Valine,M+H[1+],0.7962,0.000905466769992813,EC000124
118.08542,D-Valine,M+H[1+],1.2533,0.000835466769999016,EC000125
183.09824,Dacarbazine,M+H[1+],5.211,0.000645438769993234,EC000555
218.07769,Damascenine,M+Na[1+],5.5198,0.00112946677000991,EC000556
519.18194,dApdC,M-H2O+H[1+],4.8733,0.00442146677005439,EC000557
231.05802,Dapsone,M-H2O+H[1+],0.9832,0.000604794769998307,EC000558
519.18194,dCpdA,M-H2O+H[1+],4.8733,0.00442146677005439,EC000557
183.13679,Decahydro-2-naphthalenecarboxylic acid,M+H[1+],9.5811,0.00116646677003018,EC000559
205.12127,Decahydro-2-naphthalenecarboxylic acid,M+Na[1+],10.9548,0.00131353322998962,EC000560
295.09574,Dehydrocycloguanandin,M+H[1+],4.6919,0.000736466770035804,EC000561
479.29068,Dehydroemetine,M+H[1+],10.9504,0.000245533229985995,EC000562
319.08151,Dehypoxanthine futalosine,M+Na[1+],4.3979,0.00263353322998228,EC000563
252.10797,Deoxyadenosine,M+H[1+],1.1195,0.00114577377001979,EC000104
253.1121,Deoxyadenosine,M(C13)+H[1+],1.1199,0.000415773770015448,EC000104
268.10283,Deoxyguanosine,M+H[1+],1.0277,0.00120039577001307,EC000190
268.10286,Deoxyguanosine,M+H[1+],1.1266,0.00117039576997513,EC000190
306.05837,Deoxyguanosine,M+K[1+],1.1074,0.00116039577000038,EC000190
275.07296,Deoxyinosine,M+Na[1+],0.9467,0.00217134876999125,EC000564
291.04657,Deoxyinosine,M+K[1+],0.8042,0.0020613487700416,EC000564
291.04667,Deoxyinosine,M+K[1+],0.9193,0.00196134877000986,EC000564
117.05366,Deoxyribose,M-H2O+H[1+],0.7674,0.000925274770011697,EC00049
203.0516,Deoxyribose,M+HCOONa[1+],0.5212,0.000985274770016531,EC00049
219.02552,Deoxyribose,M+HCOOK[1+],0.7397,0.000965274770010183,EC00049
229.08232,Deoxyuridine,M+H[1+],6.9819,0.000422029230009002,EC000565
391.15581,Devazepide,M-H2O+H[1+],4.462,0.000533533229997829,EC000332
431.14675,Devazepide,M+Na[1+],5.6036,0.00112646676996064,EC000333
318.07473,Dexbrompheniramine,M[1+],4.3994,0.00156873499997801,EC000566
319.08151,Dexbrompheniramine,M+H[1+],4.3979,0.00107226822996154,EC000566
304.07806,dGMP,M-CO2+H[1+],0.7465,0.00250080577001199,EC000117
330.05771,dGMP,M-H2O+H[1+],0.9279,0.00205080577001127,EC000117
261.10853,"Dibenz[a,h]anthracene",M-H2O+H[1+],6.0828,0.0023035332299628,EC000567
261.10859,"Dibenz[a,h]anthracene",M-H2O+H[1+],6.5586,0.00236353322998184,EC000568
301.0994,"Dibenz[a,h]anthracene",M+Na[1+],5.5126,0.000573533230010526,EC000569
185.04103,Dibenzothiophene,M+H[1+],1.9353,0.000946466769988774,EC000570
185.04105,Dibenzothiophene,M+H[1+],1.578,0.000926466769982426,EC000570
271.10792,Dictyoquinazol C,M-C3H4O2+H[1+],5.0281,0.000171837229970606,EC000571
343.12853,Dictyoquinazol C,M+H[1+],4.8462,0.000318162769985975,EC000571
132.10106,Diethyl aminomalonate,M-CO2+H[1+],1.0714,0.000916466770007673,EC000489
176.09169,Diethyl aminomalonate,M+H[1+],1.0624,8.64667700000155e-05,EC000489
205.08484,Diethyl phthalic acid,M-H2O+H[1+],8.3502,0.00104540276998932,EC000178
223.0952,Diethyl phthalic acid,M+H[1+],6.7617,0.00128540277000866,EC000179
245.07873,Diethyl phthalic acid,M+Na[1+],6.756,0.000244597229993815,EC000179
186.043,Digalacturonic acid,M+2H[2+],4.7795,0.00164679777000742,EC000572
353.06948,Digalacturonic acid,M-H2O+H[1+],1.3221,0.00193712877000962,EC000573
371.0788,Digalacturonic acid,M+H[1+],4.7698,0.00321712877001801,EC000572
201.07231,Digitalose,M+Na[1+],1.3864,0.00106646677002686,EC000574
291.19348,Dihydrocapsaicin,M-NH3+H[1+],7.2899,0.00204026577000604,EC000575
291.19412,Dihydrocapsaicin,M-NH3+H[1+],7.0165,0.00140026577003027,EC000575
291.19413,Dihydrocapsaicin,M-NH3+H[1+],7.7811,0.00139026577005552,EC000575
308.21938,Dihydrocapsaicin,M+H[1+],7.1108,0.00264026577002596,EC000575
308.21944,Dihydrocapsaicin,M+H[1+],7.5751,0.00258026577000692,EC000575
308.22074,Dihydrocapsaicin,M+H[1+],5.9392,0.00128026577004903,EC000576
309.22272,Dihydrocapsaicin,M(C13)+H[1+],7.5541,0.00270026577004501,EC000575
330.2025,Dihydrocapsaicin,M+Na[1+],7.5237,0.00152026577006836,EC000575
145.04857,Dimethyl fumarate,M+H[1+],1.364,0.000965210770004887,EC000577
115.03805,Dimethylmalonic acid,M-H2O+H[1+],1.0027,0.000885210770007916,EC000578
115.03806,Dimethylmalonic acid,M-H2O+H[1+],1.9129,0.000875210770004742,EC000579
115.03808,Dimethylmalonic acid,M-H2O+H[1+],1.4169,0.000855210770012604,EC000579
155.03046,Dimethylmalonic acid,M+Na[1+],1.9156,0.00107521077001138,EC000579
373.27009,Dioctyl phthalate,M-H2O+H[1+],9.9304,0.00358646677000252,EC000468
373.2702,Dioctyl phthalate,M-H2O+H[1+],9.3449,0.00347646676999602,EC000469
391.28262,Dioctyl phthalate,M+H[1+],10.6573,0.00165646676998676,EC000470
413.26459,Dioctyl phthalate,M+Na[1+],10.6597,0.00168646677002471,EC000470
429.23862,Dioctyl phthalate,M+K[1+],10.6537,0.00115646676994174,EC000470
245.07873,Dioxybenzone,M+H[1+],6.756,0.00210646676998749,EC00094
233.03412,Diphenyl phosphate,M-H2O+H[1+],0.8065,0.00205446677000509,EC000580
261.03589,Disulfiram,M-H4O2+H[1+],0.7529,0.00111787676996755,EC000581
279.04661,Disulfiram,M-H2O+H[1+],0.7428,0.000997876769986306,EC000581
136.07471,Dopamine,M-H2O+H[1+],5.015,0.000945067769976049,EC000582
154.08526,Dopamine,M+H[1+],5.0085,0.00099506776999192,EC000582
176.0696,Dopamine,M+Na[1+],5.1887,0.00134493223001186,EC000582
218.0415,Dopaquinone,M+Na[1+],0.6896,0.000934247770004504,EC00095
402.15915,Droperidol,M+Na[1+],5.3013,0.000268365230056133,EC000583
205.04789,Droserone,M+H[1+],0.8951,0.00168646677002471,EC00030
529.06621,"dTDP-2,6-dideoxy-D-glycero-hex-2-enos-4-ulose",M+H[1+],7.0036,0.00430653322996477,EC000584
529.06621,dTDP-4-dehydro-6-deoxy-L-mannose,M-H2O+H[1+],7.0036,0.00434240122990559,EC000585
529.06621,dTDP-4-dehydro-beta-L-rhamnose,M-H2O+H[1+],7.0036,0.00434253322987388,EC000585
249.18373,Embelin,M-HCOOH+H[1+],8.0311,0.00124646677002715,EC000586
277.17863,Embelin,M-H2O+H[1+],7.0725,0.00114646677002384,EC000587
277.18202,Embelin,M-H2O+H[1+],7.8747,0.00224353323000059,EC000586
317.17097,Embelin,M+Na[1+],7.072,0.00140646677004952,EC000587
303.21575,Emedastine,M+H[1+],8.7656,0.00218794076999984,EC000373
335.25101,Emopamil,M+H[1+],9.6009,0.00283456323001019,EC000588
336.2492,Emopamil,M(C13)+H[1+],9.6317,0.0023754367700235,EC000588
204.06208,Emtricitabine,M-CO2+H[1+],5.0184,0.00191343723000159,EC000589
220.05585,Emtricitabine,M-CO+H[1+],4.9887,0.000883437229987294,EC000589
248.05176,Emtricitabine,M+H[1+],5.0545,0.00179343722999192,EC000589
320.86501,Endosulfan,M-HCOOK+H[1+],0.6685,0.00215253322994613,EC000590
404.82625,Endosulfan,M+H[1+],0.6727,0.00209253322998393,EC000590
405.8278,Endosulfan,M(C13)+H[1+],0.6739,0.000242533229993569,EC000590
472.81362,Endosulfan,M+HCOONa[1+],0.6721,0.00206253323000283,EC000590
488.78739,Endosulfan,M+HCOOK[1+],0.6745,0.00193253322998999,EC000590
194.08015,Enicoflavine,M-H2O+H[1+],4.2694,0.00102646676998575,EC000591
212.09229,Enicoflavine,M+H[1+],5.6329,0.000513533229991481,EC000592
234.07259,Enicoflavine,M+Na[1+],4.2742,0.00118646677000811,EC000591
250.04847,Enicoflavine,M+K[1+],4.4009,0.00119353323000837,EC000591
261.03589,Enilconazole,M-H4O2+H[1+],0.7529,0.00149503923000793,EC000581
279.04661,Enilconazole,M-H2O+H[1+],0.7428,0.00161503922998918,EC000581
166.08535,Epinephrine,M-H2O+H[1+],1.5172,0.000869753769990211,EC000593
206.0801,Epinephrine,M+Na[1+],4.8711,0.00128024622998169,EC000594
342.11695,Epinephrine glucuronide,M-H2O+H[1+],1.5537,0.00135774177005032,EC000595
429.11646,Epsilon-rhodomycinone,M+H[1+],6.6328,0.00151646676999917,EC000596
429.11647,Epsilon-rhodomycinone,M+H[1+],7.4879,0.00150646677002442,EC000597
451.09833,Epsilon-rhodomycinone,M+Na[1+],7.4885,0.00164646677006886,EC000597
212.10992,EPTC,M+Na[1+],2.7625,0.00190853322999374,EC000598
145.04857,Erythritol,M+Na[1+],1.364,0.00138472522999677,EC000599
137.04484,Erythronic acid,M+H[1+],0.9517,0.000390167229994631,EC000281
101.02241,"Erythrono-1,4-lactone",M-H2O+H[1+],1.0092,0.000875146769999446,EC000600
137.04484,"Erythrono-1,4-lactone",M+H2O+H[1+],0.9517,0.000354853229993068,EC000600
141.01523,"Erythrono-1,4-lactone",M+Na[1+],1.0142,0.000655146770014881,EC000600
188.03659,Ethiin,M+Na[1+],1.8548,0.00134962022997343,EC000601
245.18471,Ethopropazine,M-HCOONa+H[1+],4.0896,0.00118593477003515,EC000602
245.18481,Ethopropazine,M-HCOONa+H[1+],4.318,0.00108593477003183,EC000602
295.16371,Ethopropazine,M-H2O+H[1+],3.5851,0.00101406522998104,EC000602
314.17365,Ethopropazine,M(C13)+H[1+],4.1858,0.00304593477000026,EC000602
183.09824,Ethyl (R)-3-hydroxyhexanoate,M+Na[1+],5.211,0.000980466770016619,EC000603
223.0952,"Ethyl 3,4,5-trimethoxybenzoate",M-H2O+H[1+],6.7617,0.00125008876997867,EC000604
171.10052,Ethyl 4-oxocyclohexanecarboxylate,M+H[1+],5.0379,0.00105646677002369,EC00031
171.10057,Ethyl 4-oxocyclohexanecarboxylate,M+H[1+],5.6279,0.00100646677000782,EC00032
245.06206,Ethyl glucuronide,M+Na[1+],1.19,0.00116926877001333,EC000605
261.03472,Ethyl glucuronide,M+K[1+],1.0578,0.00200926877005259,EC000605
261.03557,Ethyl glucuronide,M+K[1+],1.1737,0.00115926877003858,EC000605
194.11651,Ethyl-N-ethylanthranilic acid,M+H[1+],3.5896,0.00104519576998996,EC000121
194.11652,Ethyl-N-ethylanthranilic acid,M+H[1+],6.9048,0.00103519576998679,EC000122
115.03805,Ethylmalonic acid,M-H2O+H[1+],1.0027,0.000885210770007916,EC000578
115.03806,Ethylmalonic acid,M-H2O+H[1+],1.9129,0.000875210770004742,EC000579
115.03808,Ethylmalonic acid,M-H2O+H[1+],1.4169,0.000855210770012604,EC000579
155.03046,Ethylmalonic acid,M+Na[1+],1.9156,0.00107521077001138,EC000579
189.05119,Ethylparaben,M+Na[1+],4.7686,0.00108065277001401,EC000151
259.21528,Etidocaine,M-H2O+H[1+],8.5164,0.00156046677000177,EC000606
342.16854,Etoxazole,M-H2O+H[1+],4.8874,0.00217853322999417,EC000607
359.17094,Etoxazole,M[1+],8.7172,0.00125499999995782,EC000608
359.17096,Etoxazole,M[1+],8.6636,0.00127499999996417,EC000608
360.17879,Etoxazole,M+H[1+],8.9183,0.00182853322996834,EC000608
360.17884,Etoxazole,M+H[1+],8.9886,0.00187853322995579,EC000608
369.20719,Euglobal Ia1,M-H2O+H[1+],9.938,0.0011894632300482,EC000609
409.2017,Euglobal Ia1,M+Na[1+],9.1891,0.00309946323005761,EC000610
409.20197,Euglobal Ia1,M+Na[1+],9.2505,0.00336946323005805,EC000610
451.09833,Exserohilone,M+H[1+],7.4885,0.000846466770042298,EC000611
136.06075,FAPy-adenine,M-H2O+H[1+],1.1146,0.000986337769973034,EC000612
136.0608,FAPy-adenine,M-H2O+H[1+],0.8554,0.000936337769985585,EC000612
137.04484,FAPy-adenine,M-NH3+H[1+],0.9517,0.000996337770004629,EC000612
161.10633,Fasoracetam,M-H4O2+H[1+],2.324,0.000946466769988774,EC000613
197.12742,Fasoracetam,M+H[1+],1.5579,0.00105646676999527,EC000613
215.13798,Fasoracetam,M+H2O+H[1+],1.3876,0.00109646677000796,EC000613
302.14873,Febrifugine,M+H[1+],4.5958,0.00114646677002384,EC000614
167.08058,Felbamate,M-C3H4O2+H[1+],4.0328,0.00095341277000216,EC000615
193.09609,Felbamate,M-HCOOH+H[1+],0.9966,0.00114341277000563,EC000615
211.10664,Felbamate,M-CO+H[1+],2.0433,0.000993412770014857,EC000615
211.10667,Felbamate,M-CO+H[1+],2.7578,0.000963412770005334,EC000615
221.09028,Felbamate,M-H2O+H[1+],1.6403,0.0017534127700003,EC000615
221.09072,Felbamate,M-H2O+H[1+],1.1952,0.00131341277000274,EC000615
222.0747,Felbamate,M-NH3+H[1+],1.8833,0.00143341277001241,EC000615
222.07478,Felbamate,M-NH3+H[1+],3.7713,0.00135341277001544,EC000615
222.07496,Felbamate,M-NH3+H[1+],4.4479,0.00117341277001515,EC000615
236.11161,Fenothiocarb,M-H2O+H[1+],0.7673,0.00128353323000852,EC000616
385.09228,Flavin Mononucleotide,M-C3H4O2+H[1+],0.744,0.00148873122998339,EC000617
429.11647,Flavin Mononucleotide,M-CO+H[1+],7.4879,0.000421268770026018,EC000618
439.09831,Flavin Mononucleotide,M-H2O+H[1+],7.2694,0.00298126876998595,EC000618
457.11518,Flavin Mononucleotide,M+H[1+],0.7373,0.0032887312299863,EC000617
203.10558,Flossonol,M-H2O+H[1+],7.7841,0.000996466770004645,EC00061
203.10561,Flossonol,M-H2O+H[1+],7.8747,0.000966466769995122,EC00061
221.1161,Flossonol,M+H[1+],7.8604,0.00107646677003004,EC00061
387.20588,Flunarizine,M-H2O+H[1+],8.8479,0.00279828122995696,EC000619
268.10283,Formycin A,M+H[1+],1.0277,0.00120046677000119,EC000190
268.10286,Formycin A,M+H[1+],1.1266,0.00117046676996324,EC000190
306.05837,Formycin A,M+K[1+],1.1074,0.00116046676993165,EC000190
231.07598,Formyl-5-hydroxykynurenamine,M+Na[1+],1.0444,0.00191127322997886,EC000620
247.04895,Formyl-5-hydroxykynurenamine,M+K[1+],1.0522,0.00138127322998116,EC000620
536.30943,Fosinopril,M-CO+H[1+],9.0135,0.00403580977001639,EC000621
546.30236,Fosinopril,M-H2O+H[1+],9.0147,0.00449419022993425,EC000621
564.30805,Fosinopril,M+H[1+],9.4278,0.00041580977006106,EC000622
385.09043,Frangulin B,M-H2O+H[1+],6.6367,0.00134646676997363,EC000623
385.09228,Frangulin B,M-H2O+H[1+],0.744,0.000503533230016728,EC000624
403.10104,Frangulin B,M+H[1+],6.6421,0.00133646676999888,EC000623
425.08285,Frangulin B,M+Na[1+],6.6403,0.00152646676997392,EC000623
189.01509,Fructose 1-phosphate,M-C3H4O2+H[1+],0.7561,0.000804992770042645,EC000461
261.03472,Fructose 1-phosphate,M+H[1+],1.0578,0.00227499277002607,EC000462
261.03557,Fructose 1-phosphate,M+H[1+],1.1737,0.00142499277001207,EC000462
261.03589,Fructose 1-phosphate,M+H[1+],0.7529,0.00110499277002418,EC000461
279.04661,Fructose 1-phosphate,M+H2O+H[1+],0.7428,0.000984992770042936,EC000461
163.05936,Fructose-1P,M-H2O+H[1+],0.7702,0.000716466770001034,EC000547
163.05949,Fructose-1P,M-H2O+H[1+],6.3524,0.000586466769988192,EC000548
163.05952,Fructose-1P,M-H2O+H[1+],6.1637,0.000556466770007091,EC000548
203.0516,Fructose-1P,M+Na[1+],0.5212,0.00107646677000162,EC000547
237.14499,Fructosyllysine,M-C3H4O2+H[1+],6.7628,0.000462401229981424,EC000625
291.15704,Fructosyllysine,M-H2O+H[1+],6.6982,0.00201240122999025,EC000625
309.16425,Fructosyllysine,M+H[1+],0.6523,0.00137759877003418,EC000626
147.06427,Fucose,M-H2O+H[1+],0.9256,0.000879960769992749,EC00034
165.07459,Fucose,M+H[1+],0.7944,0.00115996076999636,EC00034
243.08702,Furafylline,M-H2O+H[1+],5.8218,0.00055646676997867,EC000627
243.08908,Furafylline,M-H2O+H[1+],5.7825,0.0015035332300215,EC000627
155.10562,Gabapentin,M-NH3+H[1+],8.2242,0.00108525977003637,EC000628
172.13219,Gabapentin,M+H[1+],5.0299,0.00101525977001415,EC000629
172.1322,Gabapentin,M+H[1+],8.2224,0.00100525977001098,EC000628
194.11457,Gabapentin,M+Na[1+],5.0267,0.000635259770035645,EC000629
194.11651,Gabapentin,M+Na[1+],3.5896,0.00130474022998328,EC000630
194.11652,Gabapentin,M+Na[1+],6.9048,0.00131474022998646,EC000631
365.10374,Galabiose,M+Na[1+],0.9283,0.00174799476997123,EC00092
381.07789,Galabiose,M+K[1+],0.7446,0.0010979947700207,EC00092
365.10374,Galactinol,M+Na[1+],0.9283,0.00174801277000824,EC00092
381.07789,Galactinol,M+K[1+],0.7446,0.00109801276994403,EC00092
147.06427,Galactitol,M-H4O2+H[1+],0.9256,0.000844646770019608,EC000632
165.07459,Galactitol,M-H2O+H[1+],0.7944,0.0011246467699948,EC000632
189.01509,Galactose 6-phosphate,M-C3H4O2+H[1+],0.7561,0.000786466770023253,EC000461
261.03472,Galactose 6-phosphate,M+H[1+],1.0578,0.00225646677000668,EC000462
261.03557,Galactose 6-phosphate,M+H[1+],1.1737,0.00140646676999268,EC000462
261.03589,Galactose 6-phosphate,M+H[1+],0.7529,0.00108646677000479,EC000461
279.04661,Galactose 6-phosphate,M+H2O+H[1+],0.7428,0.000966466770023544,EC000461
257.17331,Galactosylhydroxylysine,M-HCOONa+H[1+],6.6123,0.000167779229968801,EC000633
325.16078,Galactosylhydroxylysine,M+H[1+],6.4135,0.000237779229962598,EC000633
249.10851,Gamma Glutamylglutamic acid,M-CO+H[1+],4.8626,0.000433533229994509,EC000634
277.10339,Gamma Glutamylglutamic acid,M+H[1+],4.5936,0.000313533229984841,EC000634
277.10342,Gamma Glutamylglutamic acid,M+H[1+],4.737,0.000343533230022786,EC000634
255.09641,gamma-Glutamyl-2-aminobutyrate,M+Na[1+],2.8474,0.00121053322999387,EC000123
249.10851,gamma-Glutamylglutamic acid,M-CO+H[1+],4.8626,0.000482657229980532,EC000634
277.10339,gamma-Glutamylglutamic acid,M+H[1+],4.5936,0.000362657229970864,EC000634
277.10342,gamma-Glutamylglutamic acid,M+H[1+],4.737,0.000392657230008808,EC000634
176.0696,Gentioflavine,M-H2O+H[1+],5.1887,0.000976466769998297,EC00068
194.08015,Gentioflavine,M+H[1+],4.2694,0.00102646677001417,EC00069
163.03788,Gentisyl alcohol,M+Na[1+],10.6547,0.00125953322998384,EC00063
311.16565,Gibberellin A44 diacid,M-H4O2+H[1+],9.7434,0.00154959123005938,EC000635
319.19321,Gibberellin A44 diacid,M-CO+H[1+],9.6273,0.00290959123003631,EC000635
347.1876,Gibberellin A44 diacid,M+H[1+],9.7511,0.0022995912299848,EC000635
369.16537,Gibberellin A44 diacid,M+Na[1+],8.9886,0.0019304087699652,EC000636
369.16555,Gibberellin A44 diacid,M+Na[1+],8.9015,0.00175040876996491,EC000636
249.18373,Gingerol,M-HCOOH+H[1+],8.0311,0.00125578677003091,EC000586
277.17863,Gingerol,M-H2O+H[1+],7.0725,0.00115578677002759,EC000587
277.18202,Gingerol,M-H2O+H[1+],7.8747,0.00223421322999684,EC000586
317.17097,Gingerol,M+Na[1+],7.072,0.00141578677005327,EC000587
369.23873,Ginkgolic acid,M+Na[1+],9.3781,0.00134142077007482,EC000637
166.08535,Ginkgotoxin,M-H2O+H[1+],1.5172,0.000869753769990211,EC000593
206.0801,Ginkgotoxin,M+Na[1+],4.8711,0.00128024622998169,EC000594
345.16426,Gln-Ala-Gln,M[1+],2.1802,0.00057499999996935,EC000236
368.15171,Gln-Ala-Gln,M+Na[1+],2.3287,0.0024014667700385,EC000236
368.15758,Gln-Ala-Gln,M+Na[1+],8.7214,0.00346853322997731,EC000237
367.18188,Gln-Ala-Phe,M(Cl37)+H[1+],6.628,0.0027325332299597,EC000238
387.16647,Gln-Ala-Phe,M+Na[1+],6.8382,0.00252253323003515,EC000238
337.14592,Gln-Ala-Pro,M+Na[1+],9.3231,0.00237746677004225,EC000239
339.1616,Gln-Ala-Val,M+Na[1+],9.621,0.00234746676994746,EC000229
459.27832,Gln-Arg-Arg,M+H[1+],5.4131,0.000321466770003553,EC000305
481.26014,Gln-Arg-Arg,M+Na[1+],5.4135,0.000501466770060688,EC000305
414.21365,Gln-Arg-Glu,M-H2O+H[1+],7.0331,0.004125533229967,EC000339
413.26459,Gln-Arg-Lys,M-H2O+H[1+],10.6597,0.00269653322999375,EC000340
432.23655,Gln-Arg-Phe,M-H2O+H[1+],7.5532,0.00120553323000649,EC000341
422.21156,Gln-Arg-Pro,M+Na[1+],1.6351,0.00073446676998401,EC000342
404.22803,Gln-Arg-Thr,M+H[1+],4.3319,0.00282053322996489,EC000258
389.21765,Gln-Asn-Lys,M+H[1+],8.8,0.00333953322996194,EC000253
349.13413,Gln-Asp-Ser,M+H[1+],0.7765,0.00126246676995834,EC000408
295.16371,Gln-Asp-Thr,M-HCOONa+H[1+],3.5851,6.75332299238107e-05,EC000409
345.13968,Gln-Asp-Thr,M-H2O+H[1+],2.6643,0.000762466770027004,EC000409
345.14049,Gln-Asp-Thr,M-H2O+H[1+],2.5726,4.75332299743059e-05,EC000409
425.1649,Gln-Asp-Tyr,M+H[1+],4.5277,0.0017924667700413,EC000410
383.15017,Gln-Asp-Val,M+Na[1+],6.613,0.0036074667699495,EC000404
383.15436,Gln-Asp-Val,M+Na[1+],5.7155,0.000582533230044646,EC000405
345.16426,Gln-Gln-Ala,M[1+],2.1802,0.00057499999996935,EC000236
368.15171,Gln-Gln-Ala,M+Na[1+],2.3287,0.0024014667700385,EC000236
368.15758,Gln-Gln-Ala,M+Na[1+],8.7214,0.00346853322997731,EC000237
425.17359,Gln-Gln-Gln,M+Na[1+],7.0552,0.00198546677006561,EC000638
403.23256,Gln-Gln-Lys,M+H[1+],8.7642,0.00259953322995443,EC000324
425.21302,Gln-Gln-Lys,M+Na[1+],8.7672,0.00105953322992036,EC000324
354.17436,Gln-Gln-Pro,M-H2O+H[1+],1.0729,0.00280146676999493,EC000639
398.16727,Gln-Gln-Thr,M+Na[1+],7.0248,0.00259353322991274,EC000406
414.21365,Gln-Glu-Arg,M-H2O+H[1+],7.0331,0.004125533229967,EC000339
411.18288,Gln-Glu-Ile,M+Na[1+],9.0337,0.00219746677004196,EC000640
411.18288,Gln-Glu-Leu,M+Na[1+],9.0337,0.00219746677004196,EC000640
295.16371,Gln-Glu-Ser,M-HCOONa+H[1+],3.5851,6.75332299238107e-05,EC000409
345.13968,Gln-Glu-Ser,M-H2O+H[1+],2.6643,0.000762466770027004,EC000409
345.14049,Gln-Glu-Ser,M-H2O+H[1+],2.5726,4.75332299743059e-05,EC000409
339.1616,Gln-Gly-Ile,M+Na[1+],9.621,0.00234746676994746,EC000229
339.1616,Gln-Gly-Leu,M+Na[1+],9.621,0.00234746676994746,EC000229
288.20172,Gln-Gly-Lys,M-CO2+H[1+],0.9316,0.00132646676996728,EC000230
331.18662,Gln-Gly-Lys,M[1+],7.7817,0.00105000000002065,EC000231
332.19079,Gln-Gly-Lys,M+H[1+],7.7829,0.00205646677000004,EC000231
354.17436,Gln-Gly-Lys,M+Na[1+],1.0729,0.000486466769984872,EC000230
403.18664,Gln-His-His,M-H2O+H[1+],9.8117,0.00299653323003213,EC000641
397.21661,Gln-His-Ile,M+H[1+],0.6407,0.00278546676997848,EC000642
397.21661,Gln-His-Leu,M+H[1+],0.6407,0.00278546676997848,EC000642
394.21693,Gln-His-Lys,M-H2O+H[1+],4.6569,0.0027644667700315,EC000643
394.22275,Gln-His-Lys,M-H2O+H[1+],4.9556,0.00305553322999685,EC000643
431.20764,Gln-His-Phe,M+H[1+],9.3715,0.00389453323003863,EC000644
365.19029,Gln-His-Val,M-H2O+H[1+],1.2217,0.00285546676997228,EC000411
365.19216,Gln-His-Val,M-H2O+H[1+],6.296,0.000985466769975574,EC000412
383.20094,Gln-His-Val,M+H[1+],0.6216,0.00280546676998483,EC000413
383.20267,Gln-His-Val,M+H[1+],8.3496,0.00107546676997572,EC000414
411.18288,Gln-Ile-Glu,M+Na[1+],9.0337,0.00219746677004196,EC000640
339.1616,Gln-Ile-Gly,M+Na[1+],9.621,0.00234746676994746,EC000229
397.21661,Gln-Ile-His,M+H[1+],0.6407,0.00278546676997848,EC000642
355.23527,Gln-Ile-Ile,M-H2O+H[1+],6.8361,0.00132253322999532,EC000645
355.23527,Gln-Ile-Leu,M-H2O+H[1+],6.8361,0.00132253322999532,EC000645
389.21765,Gln-Ile-Phe,M-H2O+H[1+],8.8,0.000647466770033134,EC000646
339.2013,Gln-Ile-Pro,M-H2O+H[1+],4.9846,0.00134746676997111,EC000647
379.19512,Gln-Ile-Pro,M+Na[1+],4.5325,0.000127466769981766,EC000648
359.22727,Gln-Ile-Val,M+H[1+],4.8674,0.00162746677005998,EC000416
359.23186,Gln-Ile-Val,M+H[1+],6.0591,0.00296253322994744,EC000417
359.23191,Gln-Ile-Val,M+H[1+],6.1118,0.00301253322999173,EC000417
397.18762,Gln-Ile-Val,M+K[1+],6.2072,0.00322253322991628,EC000417
411.18288,Gln-Leu-Glu,M+Na[1+],9.0337,0.00219746677004196,EC000640
339.1616,Gln-Leu-Gly,M+Na[1+],9.621,0.00234746676994746,EC000229
397.21661,Gln-Leu-His,M+H[1+],0.6407,0.00278546676997848,EC000642
355.23527,Gln-Leu-Ile,M-H2O+H[1+],6.8361,0.00132253322999532,EC000645
355.23527,Gln-Leu-Leu,M-H2O+H[1+],6.8361,0.00132253322999532,EC000645
389.21765,Gln-Leu-Phe,M-H2O+H[1+],8.8,0.000647466770033134,EC000646
339.2013,Gln-Leu-Pro,M-H2O+H[1+],4.9846,0.00134746676997111,EC000647
379.19512,Gln-Leu-Pro,M+Na[1+],4.5325,0.000127466769981766,EC000648
359.22727,Gln-Leu-Val,M+H[1+],4.8674,0.00162746677005998,EC000416
359.23186,Gln-Leu-Val,M+H[1+],6.0591,0.00296253322994744,EC000417
359.23191,Gln-Leu-Val,M+H[1+],6.1118,0.00301253322999173,EC000417
397.18762,Gln-Leu-Val,M+K[1+],6.2072,0.00322253322991628,EC000417
413.26459,Gln-Lys-Arg,M-H2O+H[1+],10.6597,0.00269653322999375,EC000340
389.21765,Gln-Lys-Asn,M+H[1+],8.8,0.00333953322996194,EC000253
403.23256,Gln-Lys-Gln,M+H[1+],8.7642,0.00259953322995443,EC000324
425.21302,Gln-Lys-Gln,M+Na[1+],8.7672,0.00105953322992036,EC000324
288.20172,Gln-Lys-Gly,M-CO2+H[1+],0.9316,0.00132646676996728,EC000230
331.18662,Gln-Lys-Gly,M[1+],7.7817,0.00105000000002065,EC000231
332.19079,Gln-Lys-Gly,M+H[1+],7.7829,0.00205646677000004,EC000231
354.17436,Gln-Lys-Gly,M+Na[1+],1.0729,0.000486466769984872,EC000230
394.21693,Gln-Lys-His,M-H2O+H[1+],4.6569,0.0027644667700315,EC000643
394.22275,Gln-Lys-His,M-H2O+H[1+],4.9556,0.00305553322999685,EC000643
425.24893,Gln-Lys-Lys,M+Na[1+],6.6699,0.00058453322992591,EC000649
425.24979,Gln-Lys-Lys,M+Na[1+],6.484,0.00144453322997151,EC000649
404.22803,Gln-Lys-Phe,M-H2O+H[1+],4.3319,0.00116646677003018,EC000650
398.20076,Gln-Lys-Thr,M+Na[1+],1.0723,0.000301466770054049,EC000651
438.23613,Gln-Lys-Tyr,M+H[1+],5.0022,0.00141853322998031,EC000652
425.18224,Gln-Met-Phe,M+H[1+],4.2567,0.00307946677003201,EC000653
367.18188,Gln-Phe-Ala,M(Cl37)+H[1+],6.628,0.0027325332299597,EC000238
387.16647,Gln-Phe-Ala,M+Na[1+],6.8382,0.00252253323003515,EC000238
432.23655,Gln-Phe-Arg,M-H2O+H[1+],7.5532,0.00120553323000649,EC000341
431.20764,Gln-Phe-His,M+H[1+],9.3715,0.00389453323003863,EC000644
389.21765,Gln-Phe-Ile,M-H2O+H[1+],8.8,0.000647466770033134,EC000646
389.21765,Gln-Phe-Leu,M-H2O+H[1+],8.8,0.000647466770033134,EC000646
404.22803,Gln-Phe-Lys,M-H2O+H[1+],4.3319,0.00116646677003018,EC000650
425.18224,Gln-Phe-Met,M+H[1+],4.2567,0.00307946677003201,EC000653
337.14592,Gln-Pro-Ala,M+Na[1+],9.3231,0.00237746677004225,EC000239
422.21156,Gln-Pro-Arg,M+Na[1+],1.6351,0.00073446676998401,EC000342
354.17436,Gln-Pro-Gln,M-H2O+H[1+],1.0729,0.00280146676999493,EC000639
339.2013,Gln-Pro-Ile,M-H2O+H[1+],4.9846,0.00134746676997111,EC000647
379.19512,Gln-Pro-Ile,M+Na[1+],4.5325,0.000127466769981766,EC000648
339.2013,Gln-Pro-Leu,M-H2O+H[1+],4.9846,0.00134746676997111,EC000647
379.19512,Gln-Pro-Leu,M+Na[1+],4.5325,0.000127466769981766,EC000648
367.15743,Gln-Pro-Thr,M+Na[1+],8.7154,0.00143246676998388,EC000654
349.13413,Gln-Ser-Asp,M+H[1+],0.7765,0.00126246676995834,EC000408
295.16371,Gln-Ser-Glu,M-HCOONa+H[1+],3.5851,6.75332299238107e-05,EC000409
345.13968,Gln-Ser-Glu,M-H2O+H[1+],2.6643,0.000762466770027004,EC000409
345.14049,Gln-Ser-Glu,M-H2O+H[1+],2.5726,4.75332299743059e-05,EC000409
333.17966,Gln-Ser-Val,M+H[1+],7.1607,0.00279753323002296,EC000232
355.15655,Gln-Ser-Val,M+Na[1+],8.2902,0.00231246676997898,EC000233
404.22803,Gln-Thr-Arg,M+H[1+],4.3319,0.00282053322996489,EC000258
295.16371,Gln-Thr-Asp,M-HCOONa+H[1+],3.5851,6.75332299238107e-05,EC000409
345.13968,Gln-Thr-Asp,M-H2O+H[1+],2.6643,0.000762466770027004,EC000409
345.14049,Gln-Thr-Asp,M-H2O+H[1+],2.5726,4.75332299743059e-05,EC000409
398.16727,Gln-Thr-Gln,M+Na[1+],7.0248,0.00259353322991274,EC000406
398.20076,Gln-Thr-Lys,M+Na[1+],1.0723,0.000301466770054049,EC000651
367.15743,Gln-Thr-Pro,M+Na[1+],8.7154,0.00143246676998388,EC000654
496.22229,Gln-Trp-Tyr,M+H[1+],7.9552,0.00322853322995797,EC000655
414.21365,Gln-Trp-Val,M-H2O+H[1+],7.0331,0.00010353323000345,EC000339
425.1649,Gln-Tyr-Asp,M+H[1+],4.5277,0.0017924667700413,EC000410
438.23613,Gln-Tyr-Lys,M+H[1+],5.0022,0.00141853322998031,EC000652
496.22229,Gln-Tyr-Trp,M+H[1+],7.9552,0.00322853322995797,EC000655
339.1616,Gln-Val-Ala,M+Na[1+],9.621,0.00234746676994746,EC000229
383.15017,Gln-Val-Asp,M+Na[1+],6.613,0.0036074667699495,EC000404
383.15436,Gln-Val-Asp,M+Na[1+],5.7155,0.000582533230044646,EC000405
365.19029,Gln-Val-His,M-H2O+H[1+],1.2217,0.00285546676997228,EC000411
365.19216,Gln-Val-His,M-H2O+H[1+],6.296,0.000985466769975574,EC000412
383.20094,Gln-Val-His,M+H[1+],0.6216,0.00280546676998483,EC000413
383.20267,Gln-Val-His,M+H[1+],8.3496,0.00107546676997572,EC000414
359.22727,Gln-Val-Ile,M+H[1+],4.8674,0.00162746677005998,EC000416
359.23186,Gln-Val-Ile,M+H[1+],6.0591,0.00296253322994744,EC000417
359.23191,Gln-Val-Ile,M+H[1+],6.1118,0.00301253322999173,EC000417
397.18762,Gln-Val-Ile,M+K[1+],6.2072,0.00322253322991628,EC000417
359.22727,Gln-Val-Leu,M+H[1+],4.8674,0.00162746677005998,EC000416
359.23186,Gln-Val-Leu,M+H[1+],6.0591,0.00296253322994744,EC000417
359.23191,Gln-Val-Leu,M+H[1+],6.1118,0.00301253322999173,EC000417
397.18762,Gln-Val-Leu,M+K[1+],6.2072,0.00322253322991628,EC000417
333.17966,Gln-Val-Ser,M+H[1+],7.1607,0.00279753323002296,EC000232
355.15655,Gln-Val-Ser,M+Na[1+],8.2902,0.00231246676997898,EC000233
414.21365,Gln-Val-Trp,M-H2O+H[1+],7.0331,0.00010353323000345,EC000339
327.19991,Gln-Val-Val,M-H2O+H[1+],4.7899,0.00273746676998599,EC000418
286.17477,Glu-Ala-Ile,M-HCOOH+H[1+],4.1011,0.0014434667699561,EC000240
288.19049,Glu-Ala-Ile,M-CO2+H[1+],4.0805,0.00132346676997486,EC000240
314.17365,Glu-Ala-Ile,M-H2O+H[1+],4.1858,0.00263653323003155,EC000240
286.17477,Glu-Ala-Leu,M-HCOOH+H[1+],4.1011,0.0014434667699561,EC000240
288.19049,Glu-Ala-Leu,M-CO2+H[1+],4.0805,0.00132346676997486,EC000240
314.17365,Glu-Ala-Leu,M-H2O+H[1+],4.1858,0.00263653323003155,EC000240
387.16647,Glu-Ala-Trp,M-H2O+H[1+],6.8382,0.000207533230025092,EC000241
387.1686,Glu-Ala-Trp,M-H2O+H[1+],6.9283,0.00233753323004748,EC000241
427.15563,Glu-Ala-Trp,M+Na[1+],5.3059,0.00323246676998679,EC000242
402.15915,Glu-Arg-Asp,M-NH3+H[1+],5.3013,0.00284046677001015,EC000322
419.1873,Glu-Arg-Asp,M+H[1+],5.1987,0.00119046677002643,EC000322
429.1505,Glu-Arg-Cys,M+Na[1+],5.4988,0.00223246676995359,EC000328
414.21365,Glu-Arg-Gln,M-H2O+H[1+],7.0331,0.004125533229967,EC000339
433.20797,Glu-Arg-Glu,M+H[1+],9.3701,0.00382953322997537,EC000343
433.20813,Glu-Arg-Glu,M+H[1+],9.4959,0.00398953322996931,EC000343
383.20094,Glu-Arg-Pro,M-H2O+H[1+],0.6216,0.00277046677001636,EC000344
383.20267,Glu-Arg-Pro,M-H2O+H[1+],8.3496,0.00104046677000724,EC000345
387.19852,Glu-Arg-Thr,M-H2O+H[1+],4.009,0.00010546677003731,EC000346
403.23256,Glu-Arg-Val,M+H[1+],8.7642,0.00259953322995443,EC000324
425.21302,Glu-Arg-Val,M+Na[1+],8.7672,0.00105953322992036,EC000324
349.13413,Glu-Asn-Ser,M+H[1+],0.7765,0.00126246676995834,EC000408
295.16371,Glu-Asn-Thr,M-HCOONa+H[1+],3.5851,6.75332299238107e-05,EC000409
345.13968,Glu-Asn-Thr,M-H2O+H[1+],2.6643,0.000762466770027004,EC000409
345.14049,Glu-Asn-Thr,M-H2O+H[1+],2.5726,4.75332299743059e-05,EC000409
425.1649,Glu-Asn-Tyr,M+H[1+],4.5277,0.0017924667700413,EC000410
383.15017,Glu-Asn-Val,M+Na[1+],6.613,0.0036074667699495,EC000404
383.15436,Glu-Asn-Val,M+Na[1+],5.7155,0.000582533230044646,EC000405
402.15915,Glu-Asp-Arg,M-NH3+H[1+],5.3013,0.00284046677001015,EC000322
419.1873,Glu-Asp-Arg,M+H[1+],5.1987,0.00119046677002643,EC000322
358.16353,Glu-Asp-Ile,M-H2O+H[1+],8.4665,0.00268653322996215,EC000430
358.16353,Glu-Asp-Leu,M-H2O+H[1+],8.4665,0.00268653322996215,EC000430
332.1092,Glu-Asp-Ser,M-H2O+H[1+],1.0954,0.000391533230015284,EC000295
350.11987,Glu-Asp-Ser,M+H[1+],1.6778,0.000461533230009081,EC000296
429.1505,Glu-Cys-Arg,M+Na[1+],5.4988,0.00223246676995359,EC000328
414.21365,Glu-Gln-Arg,M-H2O+H[1+],7.0331,0.004125533229967,EC000339
411.18288,Glu-Gln-Ile,M+Na[1+],9.0337,0.00219746677004196,EC000640
411.18288,Glu-Gln-Leu,M+Na[1+],9.0337,0.00219746677004196,EC000640
295.16371,Glu-Gln-Ser,M-HCOONa+H[1+],3.5851,6.75332299238107e-05,EC000409
345.13968,Glu-Gln-Ser,M-H2O+H[1+],2.6643,0.000762466770027004,EC000409
345.14049,Glu-Gln-Ser,M-H2O+H[1+],2.5726,4.75332299743059e-05,EC000409
433.20797,Glu-Glu-Arg,M+H[1+],9.3701,0.00382953322997537,EC000343
433.20813,Glu-Glu-Arg,M+H[1+],9.4959,0.00398953322996931,EC000343
358.16353,Glu-Glu-Val,M-H2O+H[1+],8.4665,0.00268653322996215,EC000430
333.17966,Glu-Gly-Lys,M+H[1+],7.1607,0.00279753323002296,EC000232
355.15655,Glu-Gly-Lys,M+Na[1+],8.2902,0.00231246676997898,EC000233
398.20076,Glu-His-Ile,M+H[1+],1.0723,0.00265146677003258,EC000656
398.20076,Glu-His-Leu,M+H[1+],1.0723,0.00265146677003258,EC000656
413.21139,Glu-His-Lys,M+H[1+],0.9775,0.00292046677003555,EC000657
413.21146,Glu-His-Lys,M+H[1+],0.6068,0.00285046677004175,EC000658
413.21305,Glu-His-Lys,M+H[1+],5.2216,0.00126046677002023,EC000659
451.16729,Glu-His-Lys,M+K[1+],0.6691,0.00252046677007911,EC000658
454.16802,Glu-His-Phe,M+Na[1+],6.3352,0.00174146676994269,EC000660
368.15758,Glu-His-Thr,M-H2O+H[1+],8.7214,0.0011535332300241,EC000661
286.17477,Glu-Ile-Ala,M-HCOOH+H[1+],4.1011,0.0014434667699561,EC000240
288.19049,Glu-Ile-Ala,M-CO2+H[1+],4.0805,0.00132346676997486,EC000240
314.17365,Glu-Ile-Ala,M-H2O+H[1+],4.1858,0.00263653323003155,EC000240
358.16353,Glu-Ile-Asp,M-H2O+H[1+],8.4665,0.00268653322996215,EC000430
411.18288,Glu-Ile-Gln,M+Na[1+],9.0337,0.00219746677004196,EC000640
398.20076,Glu-Ile-His,M+H[1+],1.0723,0.00265146677003258,EC000656
302.20577,Glu-Ile-Ile,M-C3H4O2+H[1+],4.8791,0.00169346677006388,EC000662
302.20596,Glu-Ile-Ile,M-C3H4O2+H[1+],4.814,0.00150346677003199,EC000662
302.20615,Glu-Ile-Ile,M-C3H4O2+H[1+],4.1172,0.00131346677005695,EC000662
328.22189,Glu-Ile-Ile,M-HCOOH+H[1+],4.3951,0.00127346677004425,EC000662
330.23725,Glu-Ile-Ile,M-CO2+H[1+],4.7337,0.00151346677000674,EC000662
374.22699,Glu-Ile-Ile,M+H[1+],4.6657,0.00157346677002579,EC000662
374.22752,Glu-Ile-Ile,M+H[1+],4.9761,0.00104346676999967,EC000662
302.20577,Glu-Ile-Leu,M-C3H4O2+H[1+],4.8791,0.00169346677006388,EC000662
302.20596,Glu-Ile-Leu,M-C3H4O2+H[1+],4.814,0.00150346677003199,EC000662
302.20615,Glu-Ile-Leu,M-C3H4O2+H[1+],4.1172,0.00131346677005695,EC000662
328.22189,Glu-Ile-Leu,M-HCOOH+H[1+],4.3951,0.00127346677004425,EC000662
330.23725,Glu-Ile-Leu,M-CO2+H[1+],4.7337,0.00151346677000674,EC000662
374.22699,Glu-Ile-Leu,M+H[1+],4.6657,0.00157346677002579,EC000662
374.22752,Glu-Ile-Leu,M+H[1+],4.9761,0.00104346676999967,EC000662
371.22617,Glu-Ile-Lys,M-H2O+H[1+],5.0513,0.00269246676998591,EC000663
371.23188,Glu-Ile-Lys,M-H2O+H[1+],9.365,0.00301753322997911,EC000664
411.21785,Glu-Ile-Lys,M+Na[1+],9.5603,0.00361246677005056,EC000664
286.17477,Glu-Ile-Pro,M-C3H4O2+H[1+],4.1011,0.00139346676996865,EC000665
330.2004,Glu-Ile-Pro,M-CO+H[1+],4.0271,0.00186346676997573,EC000665
340.18419,Glu-Ile-Pro,M-H2O+H[1+],9.9444,0.0024734667699704,EC000666
358.19605,Glu-Ile-Pro,M+H[1+],3.7882,0.00121346676996836,EC000665
318.20109,Glu-Ile-Thr,M-CO2+H[1+],4.026,0.00128846677000638,EC000667
344.1803,Glu-Ile-Thr,M-H2O+H[1+],4.2046,0.00127846677003163,EC000667
344.18247,Glu-Ile-Thr,M-H2O+H[1+],4.0076,0.000891533230003461,EC000667
344.18433,Glu-Ile-Thr,M-H2O+H[1+],4.5858,0.00275153322996857,EC000667
288.19049,Glu-Ile-Val,M-C3H4O2+H[1+],4.0805,0.0013234667700317,EC000433
332.2165,Glu-Ile-Val,M-CO+H[1+],4.0862,0.00141346677003185,EC000433
343.1884,Glu-Ile-Val,M-NH3+H[1+],3.939,0.00198653322996734,EC000433
360.21139,Glu-Ile-Val,M+H[1+],4.0278,0.00152346677003834,EC000433
286.17477,Glu-Leu-Ala,M-HCOOH+H[1+],4.1011,0.0014434667699561,EC000240
288.19049,Glu-Leu-Ala,M-CO2+H[1+],4.0805,0.00132346676997486,EC000240
314.17365,Glu-Leu-Ala,M-H2O+H[1+],4.1858,0.00263653323003155,EC000240
358.16353,Glu-Leu-Asp,M-H2O+H[1+],8.4665,0.00268653322996215,EC000430
411.18288,Glu-Leu-Gln,M+Na[1+],9.0337,0.00219746677004196,EC000640
398.20076,Glu-Leu-His,M+H[1+],1.0723,0.00265146677003258,EC000656
302.20577,Glu-Leu-Ile,M-C3H4O2+H[1+],4.8791,0.00169346677006388,EC000662
302.20596,Glu-Leu-Ile,M-C3H4O2+H[1+],4.814,0.00150346677003199,EC000662
302.20615,Glu-Leu-Ile,M-C3H4O2+H[1+],4.1172,0.00131346677005695,EC000662
328.22189,Glu-Leu-Ile,M-HCOOH+H[1+],4.3951,0.00127346677004425,EC000662
330.23725,Glu-Leu-Ile,M-CO2+H[1+],4.7337,0.00151346677000674,EC000662
374.22699,Glu-Leu-Ile,M+H[1+],4.6657,0.00157346677002579,EC000662
374.22752,Glu-Leu-Ile,M+H[1+],4.9761,0.00104346676999967,EC000662
302.20577,Glu-Leu-Leu,M-C3H4O2+H[1+],4.8791,0.00169346677006388,EC000662
302.20596,Glu-Leu-Leu,M-C3H4O2+H[1+],4.814,0.00150346677003199,EC000662
302.20615,Glu-Leu-Leu,M-C3H4O2+H[1+],4.1172,0.00131346677005695,EC000662
328.22189,Glu-Leu-Leu,M-HCOOH+H[1+],4.3951,0.00127346677004425,EC000662
330.23725,Glu-Leu-Leu,M-CO2+H[1+],4.7337,0.00151346677000674,EC000662
374.22699,Glu-Leu-Leu,M+H[1+],4.6657,0.00157346677002579,EC000662
374.22752,Glu-Leu-Leu,M+H[1+],4.9761,0.00104346676999967,EC000662
371.22617,Glu-Leu-Lys,M-H2O+H[1+],5.0513,0.00269246676998591,EC000663
371.23188,Glu-Leu-Lys,M-H2O+H[1+],9.365,0.00301753322997911,EC000664
411.21785,Glu-Leu-Lys,M+Na[1+],9.5603,0.00361246677005056,EC000664
286.17477,Glu-Leu-Pro,M-C3H4O2+H[1+],4.1011,0.00139346676996865,EC000665
330.2004,Glu-Leu-Pro,M-CO+H[1+],4.0271,0.00186346676997573,EC000665
340.18419,Glu-Leu-Pro,M-H2O+H[1+],9.9444,0.0024734667699704,EC000666
358.19605,Glu-Leu-Pro,M+H[1+],3.7882,0.00121346676996836,EC000665
318.20109,Glu-Leu-Thr,M-CO2+H[1+],4.026,0.00128846677000638,EC000667
344.1803,Glu-Leu-Thr,M-H2O+H[1+],4.2046,0.00127846677003163,EC000667
344.18247,Glu-Leu-Thr,M-H2O+H[1+],4.0076,0.000891533230003461,EC000667
344.18433,Glu-Leu-Thr,M-H2O+H[1+],4.5858,0.00275153322996857,EC000667
288.19049,Glu-Leu-Val,M-C3H4O2+H[1+],4.0805,0.0013234667700317,EC000433
332.2165,Glu-Leu-Val,M-CO+H[1+],4.0862,0.00141346677003185,EC000433
343.1884,Glu-Leu-Val,M-NH3+H[1+],3.939,0.00198653322996734,EC000433
360.21139,Glu-Leu-Val,M+H[1+],4.0278,0.00152346677003834,EC000433
333.17966,Glu-Lys-Gly,M+H[1+],7.1607,0.00279753323002296,EC000232
355.15655,Glu-Lys-Gly,M+Na[1+],8.2902,0.00231246676997898,EC000233
413.21139,Glu-Lys-His,M+H[1+],0.9775,0.00292046677003555,EC000657
413.21146,Glu-Lys-His,M+H[1+],0.6068,0.00285046677004175,EC000658
413.21305,Glu-Lys-His,M+H[1+],5.2216,0.00126046677002023,EC000659
451.16729,Glu-Lys-His,M+K[1+],0.6691,0.00252046677007911,EC000658
371.22617,Glu-Lys-Ile,M-H2O+H[1+],5.0513,0.00269246676998591,EC000663
371.23188,Glu-Lys-Ile,M-H2O+H[1+],9.365,0.00301753322997911,EC000664
411.21785,Glu-Lys-Ile,M+Na[1+],9.5603,0.00361246677005056,EC000664
371.22617,Glu-Lys-Leu,M-H2O+H[1+],5.0513,0.00269246676998591,EC000663
371.23188,Glu-Lys-Leu,M-H2O+H[1+],9.365,0.00301753322997911,EC000664
411.21785,Glu-Lys-Leu,M+Na[1+],9.5603,0.00361246677005056,EC000664
395.18677,Glu-Lys-Pro,M+Na[1+],10.6841,0.00339246677003757,EC00010
454.16802,Glu-Phe-His,M+Na[1+],6.3352,0.00174146676994269,EC000660
383.20094,Glu-Pro-Arg,M-H2O+H[1+],0.6216,0.00277046677001636,EC000344
383.20267,Glu-Pro-Arg,M-H2O+H[1+],8.3496,0.00104046677000724,EC000345
286.17477,Glu-Pro-Ile,M-C3H4O2+H[1+],4.1011,0.00139346676996865,EC000665
330.2004,Glu-Pro-Ile,M-CO+H[1+],4.0271,0.00186346676997573,EC000665
340.18419,Glu-Pro-Ile,M-H2O+H[1+],9.9444,0.0024734667699704,EC000666
358.19605,Glu-Pro-Ile,M+H[1+],3.7882,0.00121346676996836,EC000665
286.17477,Glu-Pro-Leu,M-C3H4O2+H[1+],4.1011,0.00139346676996865,EC000665
330.2004,Glu-Pro-Leu,M-CO+H[1+],4.0271,0.00186346676997573,EC000665
340.18419,Glu-Pro-Leu,M-H2O+H[1+],9.9444,0.0024734667699704,EC000666
358.19605,Glu-Pro-Leu,M+H[1+],3.7882,0.00121346676996836,EC000665
395.18677,Glu-Pro-Lys,M+Na[1+],10.6841,0.00339246677003757,EC00010
342.16854,Glu-Pro-Pro,M+H[1+],4.8874,0.0025765332300125,EC00016
328.15311,Glu-Pro-Thr,M-H2O+H[1+],4.6327,0.00283153323005081,EC000209
344.1803,Glu-Pro-Val,M+H[1+],4.2046,0.0013134667700001,EC000434
344.18247,Glu-Pro-Val,M+H[1+],4.0076,0.000856533230034984,EC000434
344.18433,Glu-Pro-Val,M+H[1+],4.5858,0.0027165332300001,EC000434
349.13413,Glu-Ser-Asn,M+H[1+],0.7765,0.00126246676995834,EC000408
332.1092,Glu-Ser-Asp,M-H2O+H[1+],1.0954,0.000391533230015284,EC000295
350.11987,Glu-Ser-Asp,M+H[1+],1.6778,0.000461533230009081,EC000296
295.16371,Glu-Ser-Gln,M-HCOONa+H[1+],3.5851,6.75332299238107e-05,EC000409
345.13968,Glu-Ser-Gln,M-H2O+H[1+],2.6643,0.000762466770027004,EC000409
345.14049,Glu-Ser-Gln,M-H2O+H[1+],2.5726,4.75332299743059e-05,EC000409
249.10851,Glu-Thr,M+H[1+],4.8626,0.000397290229983582,EC000668
249.10854,Glu-Thr,M+H[1+],5.9773,0.000427290229993105,EC000669
387.19852,Glu-Thr-Arg,M-H2O+H[1+],4.009,0.00010546677003731,EC000346
295.16371,Glu-Thr-Asn,M-HCOONa+H[1+],3.5851,6.75332299238107e-05,EC000409
345.13968,Glu-Thr-Asn,M-H2O+H[1+],2.6643,0.000762466770027004,EC000409
345.14049,Glu-Thr-Asn,M-H2O+H[1+],2.5726,4.75332299743059e-05,EC000409
368.15758,Glu-Thr-His,M-H2O+H[1+],8.7214,0.0011535332300241,EC000661
318.20109,Glu-Thr-Ile,M-CO2+H[1+],4.026,0.00128846677000638,EC000667
344.1803,Glu-Thr-Ile,M-H2O+H[1+],4.2046,0.00127846677003163,EC000667
344.18247,Glu-Thr-Ile,M-H2O+H[1+],4.0076,0.000891533230003461,EC000667
344.18433,Glu-Thr-Ile,M-H2O+H[1+],4.5858,0.00275153322996857,EC000667
318.20109,Glu-Thr-Leu,M-CO2+H[1+],4.026,0.00128846677000638,EC000667
344.1803,Glu-Thr-Leu,M-H2O+H[1+],4.2046,0.00127846677003163,EC000667
344.18247,Glu-Thr-Leu,M-H2O+H[1+],4.0076,0.000891533230003461,EC000667
344.18433,Glu-Thr-Leu,M-H2O+H[1+],4.5858,0.00275153322996857,EC000667
328.15311,Glu-Thr-Pro,M-H2O+H[1+],4.6327,0.00283153323005081,EC000209
387.16647,Glu-Trp-Ala,M-H2O+H[1+],6.8382,0.000207533230025092,EC000241
387.1686,Glu-Trp-Ala,M-H2O+H[1+],6.9283,0.00233753323004748,EC000241
427.15563,Glu-Trp-Ala,M+Na[1+],5.3059,0.00323246676998679,EC000242
519.18194,Glu-Trp-Tyr,M+Na[1+],4.8733,0.00313746676999926,EC000670
433.20797,Glu-Trp-Val,M+H[1+],9.3701,0.00019246677004503,EC000343
433.20813,Glu-Trp-Val,M+H[1+],9.4959,3.24667700510872e-05,EC000343
425.1649,Glu-Tyr-Asn,M+H[1+],4.5277,0.0017924667700413,EC000410
519.18194,Glu-Tyr-Trp,M+Na[1+],4.8733,0.00313746676999926,EC000670
403.23256,Glu-Val-Arg,M+H[1+],8.7642,0.00259953322995443,EC000324
425.21302,Glu-Val-Arg,M+Na[1+],8.7672,0.00105953322992036,EC000324
383.15017,Glu-Val-Asn,M+Na[1+],6.613,0.0036074667699495,EC000404
383.15436,Glu-Val-Asn,M+Na[1+],5.7155,0.000582533230044646,EC000405
358.16353,Glu-Val-Glu,M-H2O+H[1+],8.4665,0.00268653322996215,EC000430
288.19049,Glu-Val-Ile,M-C3H4O2+H[1+],4.0805,0.0013234667700317,EC000433
332.2165,Glu-Val-Ile,M-CO+H[1+],4.0862,0.00141346677003185,EC000433
343.1884,Glu-Val-Ile,M-NH3+H[1+],3.939,0.00198653322996734,EC000433
360.21139,Glu-Val-Ile,M+H[1+],4.0278,0.00152346677003834,EC000433
288.19049,Glu-Val-Leu,M-C3H4O2+H[1+],4.0805,0.0013234667700317,EC000433
332.2165,Glu-Val-Leu,M-CO+H[1+],4.0862,0.00141346677003185,EC000433
343.1884,Glu-Val-Leu,M-NH3+H[1+],3.939,0.00198653322996734,EC000433
360.21139,Glu-Val-Leu,M+H[1+],4.0278,0.00152346677003834,EC000433
344.1803,Glu-Val-Pro,M+H[1+],4.2046,0.0013134667700001,EC000434
344.18247,Glu-Val-Pro,M+H[1+],4.0076,0.000856533230034984,EC000434
344.18433,Glu-Val-Pro,M+H[1+],4.5858,0.0027165332300001,EC000434
433.20797,Glu-Val-Trp,M+H[1+],9.3701,0.00019246677004503,EC000343
433.20813,Glu-Val-Trp,M+H[1+],9.4959,3.24667700510872e-05,EC000343
328.18692,Glu-Val-Val,M-H2O+H[1+],7.2246,0.000256533230015066,EC000435
329.17096,Glu-Val-Val,M-NH3+H[1+],7.0883,0.000196533229996021,EC000435
227.07812,Glucoheptonic acid,M+H[1+],2.2154,0.00194353322999063,EC000153
260.05213,Glucosamine 1-phosphate,M+H[1+],0.76,0.000849466770034724,EC000671
260.05213,Glucosamine 6-phosphate,M+H[1+],0.76,0.000849407770033395,EC000671
189.01509,Glucose 1-phosphate,M-C3H4O2+H[1+],0.7561,0.000804992770042645,EC000461
261.03472,Glucose 1-phosphate,M+H[1+],1.0578,0.00227499277002607,EC000462
261.03557,Glucose 1-phosphate,M+H[1+],1.1737,0.00142499277001207,EC000462
261.03589,Glucose 1-phosphate,M+H[1+],0.7529,0.00110499277002418,EC000461
279.04661,Glucose 1-phosphate,M+H2O+H[1+],0.7428,0.000984992770042936,EC000461
189.01509,Glucose 6-phosphate,M-C3H4O2+H[1+],0.7561,0.000804992770042645,EC000461
261.03472,Glucose 6-phosphate,M+H[1+],1.0578,0.00227499277002607,EC000462
261.03557,Glucose 6-phosphate,M+H[1+],1.1737,0.00142499277001207,EC000462
261.03589,Glucose 6-phosphate,M+H[1+],0.7529,0.00110499277002418,EC000461
279.04661,Glucose 6-phosphate,M+H2O+H[1+],0.7428,0.000984992770042936,EC000461
199.02028,"Glucurono-6,3-lactone",M+Na[1+],1.0098,0.00109646677000796,EC00028
199.02028,Glucuronolactone,M+Na[1+],1.0098,0.00108445476999464,EC00028
257.17331,Glutaminylarginine,M-HCOOH+H[1+],6.6123,0.00118032123003786,EC000216
325.16078,Glutaminylarginine,M+Na[1+],6.4135,0.00125032122997482,EC000216
248.11174,Glutaminylhistidine,M-H4O2+H[1+],0.7703,0.00239051376999555,EC000243
266.12221,Glutaminylhistidine,M-H2O+H[1+],0.7697,0.00252051376997997,EC000243
243.13278,Glutaminylisoleucine,M-NH3+H[1+],1.6699,0.00120263477001004,EC000214
260.15902,Glutaminylisoleucine,M+H[1+],1.5209,0.0014626347700073,EC000214
243.13278,Glutaminylleucine,M-NH3+H[1+],1.6699,0.00120263477001004,EC000214
260.15902,Glutaminylleucine,M+H[1+],1.5209,0.0014626347700073,EC000214
246.14305,Glutaminylvaline,M+H[1+],1.4277,0.00178257077001831,EC000244
217.11862,Glutamyl-Hydroxyproline,M-CO2+H[1+],6.2645,0.000307279229986079,EC000672
261.10853,Glutamyl-Hydroxyproline,M+H[1+],6.0828,0.000417279229964151,EC000672
261.10859,Glutamyl-Hydroxyproline,M+H[1+],6.5586,0.000477279229983196,EC000673
304.16443,Glutamylarginine,M+H[1+],4.0944,0.00288473722997651,EC000401
245.07873,Glutamylaspartic acid,M-H2O+H[1+],6.756,0.00195273423003073,EC000429
249.10851,Glutamylglutamic acid,M-CO+H[1+],4.8626,0.000482670230013582,EC000634
277.10339,Glutamylglutamic acid,M+H[1+],4.5936,0.000362670230003914,EC000634
277.10342,Glutamylglutamic acid,M+H[1+],4.737,0.000392670230041858,EC000634
189.12234,Glutamylisoleucine,M-C3H4O2+H[1+],1.6174,0.00105821877002654,EC000674
215.13798,Glutamylisoleucine,M-HCOOH+H[1+],1.3876,0.00111821877001717,EC000674
217.15307,Glutamylisoleucine,M-CO2+H[1+],1.2601,0.00162821877000852,EC000674
225.12215,Glutamylisoleucine,M-H4O2+H[1+],3.2702,0.00114821877002669,EC000675
225.12228,Glutamylisoleucine,M-H4O2+H[1+],3.9722,0.00101821877004227,EC000675
233.14862,Glutamylisoleucine,M-CO+H[1+],1.6244,0.000878218770026251,EC000674
243.13278,Glutamylisoleucine,M-H2O+H[1+],1.6699,0.00111821877001717,EC000674
243.13281,Glutamylisoleucine,M-H2O+H[1+],4.5528,0.00108821877000764,EC000675
261.14311,Glutamylisoleucine,M+H[1+],4.4,0.00138821877004602,EC000675
261.14327,Glutamylisoleucine,M+H[1+],1.6703,0.00122821877005208,EC000674
261.14495,Glutamylisoleucine,M+H[1+],7.1139,0.000451781229969583,EC000676
261.14709,Glutamylisoleucine,M+H[1+],10.6523,0.00259178122996673,EC000677
263.1377,Glutamylisoleucine,M(S34)+H[1+],4.3272,0.00259821877000377,EC000675
279.15777,Glutamylisoleucine,M+H2O+H[1+],10.6615,0.00267178122999212,EC000677
283.12516,Glutamylisoleucine,M+Na[1+],4.3964,0.00133821877005857,EC000675
189.12234,Glutamylleucine,M-C3H4O2+H[1+],1.6174,0.00105821877002654,EC000674
215.13798,Glutamylleucine,M-HCOOH+H[1+],1.3876,0.00111821877001717,EC000674
217.15307,Glutamylleucine,M-CO2+H[1+],1.2601,0.00162821877000852,EC000674
225.12215,Glutamylleucine,M-H4O2+H[1+],3.2702,0.00114821877002669,EC000675
225.12228,Glutamylleucine,M-H4O2+H[1+],3.9722,0.00101821877004227,EC000675
233.14862,Glutamylleucine,M-CO+H[1+],1.6244,0.000878218770026251,EC000674
243.13278,Glutamylleucine,M-H2O+H[1+],1.6699,0.00111821877001717,EC000674
243.13281,Glutamylleucine,M-H2O+H[1+],4.5528,0.00108821877000764,EC000675
261.14311,Glutamylleucine,M+H[1+],4.4,0.00138821877004602,EC000675
261.14327,Glutamylleucine,M+H[1+],1.6703,0.00122821877005208,EC000674
261.14495,Glutamylleucine,M+H[1+],7.1139,0.000451781229969583,EC000676
261.14709,Glutamylleucine,M+H[1+],10.6523,0.00259178122996673,EC000677
263.1377,Glutamylleucine,M(S34)+H[1+],4.3272,0.00259821877000377,EC000675
279.15777,Glutamylleucine,M+H2O+H[1+],10.6615,0.00267178122999212,EC000677
283.12516,Glutamylleucine,M+Na[1+],4.3964,0.00133821877005857,EC000675
211.16825,Glutamylphenylalanine,M-HCOOK+H[1+],8.5266,0.000701845229968967,EC000442
317.11383,Glutamylphenylalanine,M+Na[1+],8.3551,0.00298184523001055,EC000442
245.11366,Glutamylproline,M+H[1+],6.5615,0.000461910230001195,EC000174
245.11368,Glutamylproline,M+H[1+],7.5189,0.000481910229979121,EC000175
175.10684,Glutamylvaline,M-C3H4O2+H[1+],0.7771,0.000908162770002718,EC00081
203.13733,Glutamylvaline,M-CO2+H[1+],1.1447,0.00171816277000403,EC00081
203.1379,Glutamylvaline,M-CO2+H[1+],0.9523,0.00114816276999363,EC00081
211.10664,Glutamylvaline,M-H4O2+H[1+],2.0433,0.00100816277000604,EC00081
211.10667,Glutamylvaline,M-H4O2+H[1+],2.7578,0.000978162769996516,EC00081
219.13286,Glutamylvaline,M-CO+H[1+],1.4241,0.00098816276999969,EC00081
247.12755,Glutamylvaline,M+H[1+],1.7436,0.0012981627699844,EC00081
247.1293,Glutamylvaline,M+H[1+],5.037,0.000451837230002639,EC00082
269.11198,Glutamylvaline,M+Na[1+],3.9531,0.00113183722999111,EC00081
169.05972,Gly-Ala,M+Na[1+],5.3335,0.00130053322999402,EC000278
257.17331,Gly-Ala-Arg,M-HCOOH+H[1+],6.6123,0.00117953323001529,EC000216
325.16078,Gly-Ala-Arg,M+Na[1+],6.4135,0.00124953323000909,EC000216
248.11174,Gly-Ala-His,M-H4O2+H[1+],0.7703,0.00239146677003532,EC000243
266.12221,Gly-Ala-His,M-H2O+H[1+],0.7697,0.00252146677001974,EC000243
243.13278,Gly-Ala-Ile,M-NH3+H[1+],1.6699,0.00120346677002203,EC000214
260.15902,Gly-Ala-Ile,M+H[1+],1.5209,0.00146346677001929,EC000214
243.13278,Gly-Ala-Leu,M-NH3+H[1+],1.6699,0.00120346677002203,EC000214
260.15902,Gly-Ala-Leu,M+H[1+],1.5209,0.00146346677001929,EC000214
246.14305,Gly-Ala-Val,M+H[1+],1.4277,0.00178346677000718,EC000244
257.17331,Gly-Arg-Ala,M-HCOOH+H[1+],6.6123,0.00117953323001529,EC000216
325.16078,Gly-Arg-Ala,M+Na[1+],6.4135,0.00124953323000909,EC000216
368.16514,Gly-Arg-Asn,M+Na[1+],8.9529,0.000204466769957889,EC000315
368.16518,Gly-Arg-Asn,M+Na[1+],8.9905,0.000164466769945193,EC000315
335.14903,Gly-Arg-Cys,M+H[1+],8.38,0.00057246677005196,EC000329
335.15039,Gly-Arg-Cys,M+H[1+],9.325,0.000787533229981818,EC000330
337.14592,Gly-Arg-Cys,M(Cl37)+H[1+],9.3231,0.000882466770065093,EC000330
337.14592,Gly-Arg-Cys,M(S34)+H[1+],9.3231,0.000517533229981382,EC000330
353.16074,Gly-Arg-Cys,M+H2O+H[1+],8.2908,0.000537533229930887,EC000329
217.14234,Gly-Arg-Gly,M-C3H4O2+H[1+],5.6326,0.00155953322996538,EC000347
271.15035,Gly-Arg-Gly,M-H2O+H[1+],5.6335,0.000930466770000749,EC000347
301.21473,Gly-Arg-His,M-HCOONa+H[1+],7.7646,0.00280153322995602,EC000348
323.19661,Gly-Arg-His,M-HCOOH+H[1+],7.7422,0.00268153323003162,EC000348
351.19018,Gly-Arg-His,M-H2O+H[1+],7.8439,0.00145153323001068,EC000348
369.19605,Gly-Arg-His,M+H[1+],6.8264,0.00327846676998433,EC000349
367.20892,Gly-Arg-Ile,M+Na[1+],6.2712,0.00243953322996049,EC000227
367.20956,Gly-Arg-Ile,M+Na[1+],6.0373,0.0030795332299931,EC000228
367.20892,Gly-Arg-Leu,M+Na[1+],6.2712,0.00243953322996049,EC000227
367.20956,Gly-Arg-Leu,M+Na[1+],6.0373,0.0030795332299931,EC000228
385.16534,Gly-Arg-Met,M+Na[1+],6.837,0.00243753323002238,EC000350
311.18368,Gly-Arg-Pro,M-H2O+H[1+],7.1358,0.0010995332299899,EC000351
328.18692,Gly-Arg-Pro,M[1+],7.2246,0.0010159999999928,EC000351
301.16116,Gly-Arg-Ser,M-H2O+H[1+],5.6055,0.000685466769994036,EC000352
440.19733,Gly-Arg-Trp,M+Na[1+],8.5706,0.00439946676993941,EC000353
368.16514,Gly-Asn-Arg,M+Na[1+],8.9529,0.000204466769957889,EC000315
368.16518,Gly-Asn-Arg,M+Na[1+],8.9905,0.000164466769945193,EC000315
210.10902,Gly-Asp-Ser,M-HCOONa+H[1+],4.9043,0.0018584667700452,EC000431
260.08825,Gly-Asp-Ser,M-H2O+H[1+],5.2287,0.000571533230015575,EC000431
335.14903,Gly-Cys-Arg,M+H[1+],8.38,0.00057246677005196,EC000329
335.15039,Gly-Cys-Arg,M+H[1+],9.325,0.000787533229981818,EC000330
337.14592,Gly-Cys-Arg,M(Cl37)+H[1+],9.3231,0.000882466770065093,EC000330
337.14592,Gly-Cys-Arg,M(S34)+H[1+],9.3231,0.000517533229981382,EC000330
353.16074,Gly-Cys-Arg,M+H2O+H[1+],8.2908,0.000537533229930887,EC000329
298.09561,Gly-Cys-His,M-H2O+H[1+],3.229,0.00119346676996201,EC000530
274.12354,Gly-Cys-Ile,M-H2O+H[1+],0.9536,0.00158453323001595,EC000212
274.12354,Gly-Cys-Leu,M-H2O+H[1+],0.9536,0.00158453323001595,EC000212
339.1616,Gly-Gln-Ile,M+Na[1+],9.621,0.00234746676994746,EC000229
339.1616,Gly-Gln-Leu,M+Na[1+],9.621,0.00234746676994746,EC000229
288.20172,Gly-Gln-Lys,M-CO2+H[1+],0.9316,0.00132646676996728,EC000230
331.18662,Gly-Gln-Lys,M[1+],7.7817,0.00105000000002065,EC000231
332.19079,Gly-Gln-Lys,M+H[1+],7.7829,0.00205646677000004,EC000231
354.17436,Gly-Gln-Lys,M+Na[1+],1.0729,0.000486466769984872,EC000230
333.17966,Gly-Glu-Lys,M+H[1+],7.1607,0.00279753323002296,EC000232
355.15655,Gly-Glu-Lys,M+Na[1+],8.2902,0.00231246676997898,EC000233
217.14234,Gly-Gly-Arg,M-C3H4O2+H[1+],5.6326,0.00155953322996538,EC000347
271.15035,Gly-Gly-Arg,M-H2O+H[1+],5.6335,0.000930466770000749,EC000347
252.10797,Gly-Gly-His,M-H2O+H[1+],1.1195,0.00111146677002694,EC000440
246.14305,Gly-Gly-Ile,M+H[1+],1.4277,0.00178346677000718,EC000244
246.14305,Gly-Gly-Leu,M+H[1+],1.4277,0.00178346677000718,EC000244
341.12353,Gly-Gly-Trp,M+Na[1+],6.1139,0.00144753322996394,EC000441
248.11174,Gly-His-Ala,M-H4O2+H[1+],0.7703,0.00239146677003532,EC000243
266.12221,Gly-His-Ala,M-H2O+H[1+],0.7697,0.00252146677001974,EC000243
301.21473,Gly-His-Arg,M-HCOONa+H[1+],7.7646,0.00280153322995602,EC000348
323.19661,Gly-His-Arg,M-HCOOH+H[1+],7.7422,0.00268153323003162,EC000348
351.19018,Gly-His-Arg,M-H2O+H[1+],7.8439,0.00145153323001068,EC000348
369.19605,Gly-His-Arg,M+H[1+],6.8264,0.00327846676998433,EC000349
298.09561,Gly-His-Cys,M-H2O+H[1+],3.229,0.00119346676996201,EC000530
252.10797,Gly-His-Gly,M-H2O+H[1+],1.1195,0.00111146677002694,EC000440
323.17997,Gly-His-Lys,M-H2O+H[1+],0.6438,0.00261046676996557,EC000678
381.16357,Gly-His-Trp,M-H2O+H[1+],1.6023,0.00336046677000468,EC000679
276.14268,Gly-His-Val,M-H4O2+H[1+],1.1526,0.00275146677000748,EC000680
294.1534,Gly-His-Val,M-H2O+H[1+],1.1566,0.00263146677002624,EC000680
189.12234,Gly-Ile,M+H[1+],1.6174,0.00102885476999859,EC000277
211.10664,Gly-Ile,M+Na[1+],2.0433,0.0012711452299925,EC000277
211.10667,Gly-Ile,M+Na[1+],2.7578,0.00130114523000202,EC000277
227.07812,Gly-Ile,M+K[1+],2.2154,0.000748854769994978,EC000277
243.13278,Gly-Ile-Ala,M-NH3+H[1+],1.6699,0.00120346677002203,EC000214
260.15902,Gly-Ile-Ala,M+H[1+],1.5209,0.00146346677001929,EC000214
367.20892,Gly-Ile-Arg,M+Na[1+],6.2712,0.00243953322996049,EC000227
367.20956,Gly-Ile-Arg,M+Na[1+],6.0373,0.0030795332299931,EC000228
274.12354,Gly-Ile-Cys,M-H2O+H[1+],0.9536,0.00158453323001595,EC000212
339.1616,Gly-Ile-Gln,M+Na[1+],9.621,0.00234746676994746,EC000229
246.14305,Gly-Ile-Gly,M+H[1+],1.4277,0.00178346677000718,EC000244
302.20577,Gly-Ile-Ile,M+H[1+],4.8791,0.00166346677002593,EC000254
302.20596,Gly-Ile-Ile,M+H[1+],4.814,0.00147346676999405,EC000254
302.20615,Gly-Ile-Ile,M+H[1+],4.1172,0.001283466770019,EC000255
302.20577,Gly-Ile-Leu,M+H[1+],4.8791,0.00166346677002593,EC000254
302.20596,Gly-Ile-Leu,M+H[1+],4.814,0.00147346676999405,EC000254
302.20615,Gly-Ile-Leu,M+H[1+],4.1172,0.001283466770019,EC000255
339.2013,Gly-Ile-Lys,M+Na[1+],4.9846,0.000967533230038953,EC000259
286.17477,Gly-Ile-Pro,M+H[1+],4.1011,0.00136346676998755,EC000265
357.19217,Gly-Ile-Trp,M-H2O+H[1+],8.8111,8.75332299870024e-05,EC000268
397.18762,Gly-Ile-Trp,M+Na[1+],6.2072,0.00293753322995371,EC000269
352.19012,Gly-Ile-Tyr,M+H[1+],8.9886,0.00342153322998229,EC000273
288.19049,Gly-Ile-Val,M+H[1+],4.0805,0.00129346676999376,EC000274
243.13278,Gly-Leu-Ala,M-NH3+H[1+],1.6699,0.00120346677002203,EC000214
260.15902,Gly-Leu-Ala,M+H[1+],1.5209,0.00146346677001929,EC000214
367.20892,Gly-Leu-Arg,M+Na[1+],6.2712,0.00243953322996049,EC000227
367.20956,Gly-Leu-Arg,M+Na[1+],6.0373,0.0030795332299931,EC000228
274.12354,Gly-Leu-Cys,M-H2O+H[1+],0.9536,0.00158453323001595,EC000212
339.1616,Gly-Leu-Gln,M+Na[1+],9.621,0.00234746676994746,EC000229
246.14305,Gly-Leu-Gly,M+H[1+],1.4277,0.00178346677000718,EC000244
302.20577,Gly-Leu-Ile,M+H[1+],4.8791,0.00166346677002593,EC000254
302.20596,Gly-Leu-Ile,M+H[1+],4.814,0.00147346676999405,EC000254
302.20615,Gly-Leu-Ile,M+H[1+],4.1172,0.001283466770019,EC000255
302.20577,Gly-Leu-Leu,M+H[1+],4.8791,0.00166346677002593,EC000254
302.20596,Gly-Leu-Leu,M+H[1+],4.814,0.00147346676999405,EC000254
302.20615,Gly-Leu-Leu,M+H[1+],4.1172,0.001283466770019,EC000255
339.2013,Gly-Leu-Lys,M+Na[1+],4.9846,0.000967533230038953,EC000259
286.17477,Gly-Leu-Pro,M+H[1+],4.1011,0.00136346676998755,EC000265
357.19217,Gly-Leu-Trp,M-H2O+H[1+],8.8111,8.75332299870024e-05,EC000268
397.18762,Gly-Leu-Trp,M+Na[1+],6.2072,0.00293753322995371,EC000269
288.19049,Gly-Leu-Val,M+H[1+],4.0805,0.00129346676999376,EC000274
288.20172,Gly-Lys-Gln,M-CO2+H[1+],0.9316,0.00132646676996728,EC000230
331.18662,Gly-Lys-Gln,M[1+],7.7817,0.00105000000002065,EC000231
332.19079,Gly-Lys-Gln,M+H[1+],7.7829,0.00205646677000004,EC000231
354.17436,Gly-Lys-Gln,M+Na[1+],1.0729,0.000486466769984872,EC000230
333.17966,Gly-Lys-Glu,M+H[1+],7.1607,0.00279753323002296,EC000232
355.15655,Gly-Lys-Glu,M+Na[1+],8.2902,0.00231246676997898,EC000233
323.17997,Gly-Lys-His,M-H2O+H[1+],0.6438,0.00261046676996557,EC000678
339.2013,Gly-Lys-Ile,M+Na[1+],4.9846,0.000967533230038953,EC000259
339.2013,Gly-Lys-Leu,M+Na[1+],4.9846,0.000967533230038953,EC000259
333.19469,Gly-Lys-Phe,M-H2O+H[1+],7.0798,0.00260753322999108,EC000681
291.16519,Gly-Lys-Ser,M+H[1+],6.7089,0.00110746677000861,EC000682
349.12826,Gly-Lys-Ser,M+NaCl[1+],6.6089,0.00336253323001756,EC000682
385.16534,Gly-Met-Arg,M+Na[1+],6.837,0.00243753323002238,EC000350
177.10122,Gly-Phe,M-HCOOH+H[1+],1.5773,0.00109879076998709,EC000683
177.10123,Gly-Phe,M-HCOOH+H[1+],1.279,0.00108879077001234,EC000683
205.09514,Gly-Phe,M-H2O+H[1+],2.2058,0.00197879077001062,EC000683
223.10685,Gly-Phe,M+H[1+],2.094,0.00086879076999935,EC000683
281.06684,Gly-Phe,M+NaCl[1+],1.1975,0.000521209229987107,EC000683
333.19469,Gly-Phe-Lys,M-H2O+H[1+],7.0798,0.00260753322999108,EC000681
302.14873,Gly-Phe-Pro,M-H2O+H[1+],4.5958,0.00115346677000616,EC000684
409.18689,Gly-Phe-Trp,M+H[1+],9.0306,0.000142466770000738,EC000685
411.18288,Gly-Phe-Trp,M(Cl37)+H[1+],9.0337,0.00135246677001533,EC000685
411.18288,Gly-Phe-Trp,M(S34)+H[1+],9.0337,4.75332300311493e-05,EC000685
368.15758,Gly-Phe-Tyr,M-H2O+H[1+],8.7214,0.0028684667699963,EC000661
304.16443,Gly-Phe-Val,M-H2O+H[1+],4.0944,0.00110346677001871,EC000686
155.08205,Gly-Pro,M-H2O+H[1+],1.2028,0.000581273230011448,EC000687
311.18368,Gly-Pro-Arg,M-H2O+H[1+],7.1358,0.0010995332299899,EC000351
328.18692,Gly-Pro-Arg,M[1+],7.2246,0.0010159999999928,EC000351
286.17477,Gly-Pro-Ile,M+H[1+],4.1011,0.00136346676998755,EC000265
286.17477,Gly-Pro-Leu,M+H[1+],4.1011,0.00136346676998755,EC000265
302.14873,Gly-Pro-Phe,M-H2O+H[1+],4.5958,0.00115346677000616,EC000684
274.13847,Gly-Pro-Thr,M+H[1+],0.637,0.00127846677003163,EC000263
312.09434,Gly-Pro-Thr,M+K[1+],0.6921,0.000908466770056293,EC000263
358.16353,Gly-Pro-Trp,M[1+],8.4665,0.000576000000023669,EC000688
359.17094,Gly-Pro-Trp,M+H[1+],8.7172,0.000442466770039118,EC000688
359.17096,Gly-Pro-Trp,M+H[1+],8.6636,0.00042246677003277,EC000688
301.16116,Gly-Ser-Arg,M-H2O+H[1+],5.6055,0.000685466769994036,EC000352
210.10902,Gly-Ser-Asp,M-HCOONa+H[1+],4.9043,0.0018584667700452,EC000431
260.08825,Gly-Ser-Asp,M-H2O+H[1+],5.2287,0.000571533230015575,EC000431
291.16519,Gly-Ser-Lys,M+H[1+],6.7089,0.00110746677000861,EC000682
349.12826,Gly-Ser-Lys,M+NaCl[1+],6.6089,0.00336253323001756,EC000682
274.13847,Gly-Thr-Pro,M+H[1+],0.637,0.00127846677003163,EC000263
312.09434,Gly-Thr-Pro,M+K[1+],0.6921,0.000908466770056293,EC000263
440.19733,Gly-Trp-Arg,M+Na[1+],8.5706,0.00439946676993941,EC000353
341.12353,Gly-Trp-Gly,M+Na[1+],6.1139,0.00144753322996394,EC000441
381.16357,Gly-Trp-His,M-H2O+H[1+],1.6023,0.00336046677000468,EC000679
357.19217,Gly-Trp-Ile,M-H2O+H[1+],8.8111,8.75332299870024e-05,EC000268
397.18762,Gly-Trp-Ile,M+Na[1+],6.2072,0.00293753322995371,EC000269
357.19217,Gly-Trp-Leu,M-H2O+H[1+],8.8111,8.75332299870024e-05,EC000268
397.18762,Gly-Trp-Leu,M+Na[1+],6.2072,0.00293753322995371,EC000269
409.18689,Gly-Trp-Phe,M+H[1+],9.0306,0.000142466770000738,EC000685
411.18288,Gly-Trp-Phe,M(Cl37)+H[1+],9.0337,0.00135246677001533,EC000685
411.18288,Gly-Trp-Phe,M(S34)+H[1+],9.0337,4.75332300311493e-05,EC000685
358.16353,Gly-Trp-Pro,M[1+],8.4665,0.000576000000023669,EC000688
359.17094,Gly-Trp-Pro,M+H[1+],8.7172,0.000442466770039118,EC000688
359.17096,Gly-Trp-Pro,M+H[1+],8.6636,0.00042246677003277,EC000688
425.18224,Gly-Trp-Tyr,M+H[1+],4.2567,0.000292533229981018,EC000653
352.19012,Gly-Tyr-Ile,M+H[1+],8.9886,0.00342153322998229,EC000273
352.19012,Gly-Tyr-Leu,M+H[1+],8.9886,0.00342153322998229,EC000273
368.15758,Gly-Tyr-Phe,M-H2O+H[1+],8.7214,0.0028684667699963,EC000661
425.18224,Gly-Tyr-Trp,M+H[1+],4.2567,0.000292533229981018,EC000653
147.11186,Gly-Val,M-CO+H[1+],0.6541,0.00085878576999221,EC000689
175.10684,Gly-Val,M+H[1+],0.7771,0.000878785769998558,EC000689
213.06259,Gly-Val,M+K[1+],0.7741,0.00062878577000447,EC000689
246.14305,Gly-Val-Ala,M+H[1+],1.4277,0.00178346677000718,EC000244
276.14268,Gly-Val-His,M-H4O2+H[1+],1.1526,0.00275146677000748,EC000680
294.1534,Gly-Val-His,M-H2O+H[1+],1.1566,0.00263146677002624,EC000680
288.19049,Gly-Val-Ile,M+H[1+],4.0805,0.00129346676999376,EC000274
288.19049,Gly-Val-Leu,M+H[1+],4.0805,0.00129346676999376,EC000274
304.16443,Gly-Val-Phe,M-H2O+H[1+],4.0944,0.00110346677001871,EC000686
230.18485,Gly-Val-Val,M-CO2+H[1+],1.0173,0.00148346676999722,EC000211
296.15855,Gly-Val-Val,M+Na[1+],1.1489,0.000416533230009009,EC000211
245.07873,Glyceraldehyde 3-phosphate diethyl acetal,M+H[1+],6.756,0.000260533230004967,EC00094
260.05213,Glycerol 1-phosphoserine,M+H[1+],0.76,0.000849466770034724,EC000671
189.12234,Glycylleucine,M+H[1+],1.6174,0.00102885476999859,EC000277
211.10664,Glycylleucine,M+Na[1+],2.0433,0.0012711452299925,EC000277
211.10667,Glycylleucine,M+Na[1+],2.7578,0.00130114523000202,EC000277
227.07812,Glycylleucine,M+K[1+],2.2154,0.000748854769994978,EC000277
167.08058,Glycyltyrosine,M-C3H4O2+H[1+],4.0328,0.000953405770019344,EC000615
193.09609,Glycyltyrosine,M-HCOOH+H[1+],0.9966,0.00114340576999439,EC000615
211.10664,Glycyltyrosine,M-CO+H[1+],2.0433,0.000993405770003619,EC000615
211.10667,Glycyltyrosine,M-CO+H[1+],2.7578,0.000963405769994097,EC000615
221.09028,Glycyltyrosine,M-H2O+H[1+],1.6403,0.00175340576998906,EC000615
221.09072,Glycyltyrosine,M-H2O+H[1+],1.1952,0.0013134057699915,EC000615
222.0747,Glycyltyrosine,M-NH3+H[1+],1.8833,0.00143340577000117,EC000615
222.07478,Glycyltyrosine,M-NH3+H[1+],3.7713,0.0013534057700042,EC000615
222.07496,Glycyltyrosine,M-NH3+H[1+],4.4479,0.00117340577000391,EC000615
344.18247,Gossyrubilone,M+H[1+],4.0076,0.00316475976995889,EC000434
344.18433,Gossyrubilone,M+H[1+],4.5858,0.00130475976999378,EC000434
352.06988,Griseofulvin,M[1+],0.7666,0.00148598300000913,EC000691
353.08131,Griseofulvin,M+H[1+],0.7568,0.00266755022994403,EC000691
135.03132,Guanine,M-NH3+H[1+],0.6099,0.00113372622999464,EC000522
152.05568,Guanine,M+H[1+],0.8773,0.00100627377000251,EC000522
152.05573,Guanine,M+H[1+],1.1709,0.000956273769986637,EC000523
190.01172,Guanine,M+K[1+],0.8036,0.000466273770001635,EC000522
346.05332,Guanosine 3'-monophosphate,M-H2O+H[1+],0.9572,0.00135546677000775,EC000692
386.04363,Guanosine 3'-monophosphate,M+Na[1+],4.7698,0.00364546676996724,EC000693
346.05332,Guanosine monophosphate,M-H2O+H[1+],0.9572,0.00135542777002229,EC000692
386.04363,Guanosine monophosphate,M+Na[1+],4.7698,0.00364542777003862,EC000693
284.32982,Guazatine,M-C3H4O2+H[1+],8.0733,0.0012995332299397,EC000694
338.34061,Guazatine,M-H2O+H[1+],10.8834,0.00158953323000333,EC000695
356.35079,Guazatine,M+H[1+],7.9673,0.0011695332299837,EC000694
374.3612,Guazatine,M+H2O+H[1+],7.8627,0.000979533229951812,EC000694
508.33803,Gymnodimine,M+H[1+],9.5977,0.004105399770026,EC000696
195.09203,Harmine,M-H2O+H[1+],6.0511,0.000390517229988063,EC000697
213.10126,Harmine,M+H[1+],4.8311,0.000979482770020468,EC000698
194.11651,Heliamine,M+H[1+],3.5896,0.00104546676999462,EC000121
194.11652,Heliamine,M+H[1+],6.9048,0.00103546676999144,EC000122
327.19991,Heptaethylene glycol,M+H[1+],4.7899,0.00143440277003037,EC00051
349.18189,Heptaethylene glycol,M+Na[1+],4.7941,0.00145440276997988,EC00051
262.12728,Heterodendrin,M+H[1+],0.9014,0.00119646677001128,EC000699
280.13697,Heterodendrin,M+H2O+H[1+],0.902,0.00210646676998749,EC000699
305.15563,Hexaethylene glycol,M+Na[1+],4.4119,0.00149965277000774,EC000700
321.12967,Hexaethylene glycol,M+K[1+],4.569,0.000959652770063713,EC000700
146.11654,Hexanoylglycine,M-CO+H[1+],0.7882,0.000929817770014552,EC000701
146.11658,Hexanoylglycine,M-CO+H[1+],0.9695,0.000889817770001855,EC000701
173.10628,Hexanoylglycine,M[1+],3.6616,0.00108664900000122,EC000702
174.11123,Hexanoylglycine,M+H[1+],0.7765,0.00123981776999926,EC000701
196.09339,Hexanoylglycine,M+Na[1+],3.9295,0.00107981777000532,EC000702
196.09343,Hexanoylglycine,M+Na[1+],4.7462,0.00103981776999262,EC000703
189.01509,Hexose 6-phosphate,M-C3H4O2+H[1+],0.7561,0.000786466770023253,EC000461
261.03472,Hexose 6-phosphate,M+H[1+],1.0578,0.00225646677000668,EC000462
261.03557,Hexose 6-phosphate,M+H[1+],1.1737,0.00140646676999268,EC000462
261.03589,Hexose 6-phosphate,M+H[1+],0.7529,0.00108646677000479,EC000461
279.04661,Hexose 6-phosphate,M+H2O+H[1+],0.7428,0.000966466770023544,EC000461
136.07471,Hippuric acid,M-CO2+H[1+],5.015,0.00100962576999564,EC000105
180.06445,Hippuric acid,M+H[1+],5.0534,0.00106962577001468,EC000105
248.05176,Hippuric acid,M+HCOONa[1+],5.0545,0.00115962577001483,EC000105
312.10987,His-Ala-Cys,M-H2O+H[1+],0.948,0.00258346676997689,EC000234
248.11174,His-Ala-Gly,M-H4O2+H[1+],0.7703,0.00239146677003532,EC000243
266.12221,His-Ala-Gly,M-H2O+H[1+],0.7697,0.00252146677001974,EC000243
322.18586,His-Ala-Ile,M-H2O+H[1+],1.109,0.0014714667699991,EC000245
322.18586,His-Ala-Leu,M-H2O+H[1+],1.109,0.0014714667699991,EC000245
337.20053,His-Ala-Lys,M-H2O+H[1+],9.0344,0.00229953323002974,EC000246
425.21302,His-Arg-Asn,M[1+],8.7672,0.000496000000055119,EC000316
426.21982,His-Arg-Asn,M+H[1+],8.7684,0.000972466770008396,EC000316
427.20575,His-Arg-Asp,M+H[1+],3.9472,0.00094153322999091,EC000323
301.21473,His-Arg-Gly,M-HCOONa+H[1+],7.7646,0.00280153322995602,EC000348
323.19661,His-Arg-Gly,M-HCOOH+H[1+],7.7422,0.00268153323003162,EC000348
351.19018,His-Arg-Gly,M-H2O+H[1+],7.8439,0.00145153323001068,EC000348
369.19605,His-Arg-Gly,M+H[1+],6.8264,0.00327846676998433,EC000349
415.25242,His-Arg-Phe,M-CO2+H[1+],5.2451,0.00405846677006139,EC000354
459.24654,His-Arg-Phe,M+H[1+],10.7288,0.000261533229945599,EC000355
481.22558,His-Arg-Phe,M+Na[1+],5.1402,0.00269846677002761,EC000354
337.21116,His-Arg-Pro,M-C3H4O2+H[1+],8.846,0.00163153323001097,EC000356
391.22285,His-Arg-Pro,M-H2O+H[1+],9.0267,0.00282153323001921,EC000356
498.25728,His-Arg-Trp,M+H[1+],8.6767,0.000102533229949131,EC000357
457.23115,His-Arg-Tyr,M-H2O+H[1+],10.3255,0.000556533229996603,EC000318
393.23867,His-Arg-Val,M-H2O+H[1+],9.2703,0.00299153322998791,EC000358
393.23871,His-Arg-Val,M-H2O+H[1+],10.6801,0.0030315332300006,EC000359
393.23881,His-Arg-Val,M-H2O+H[1+],9.1966,0.0031315332299755,EC000358
433.23109,His-Arg-Val,M+Na[1+],10.6764,0.00281153322998762,EC000359
425.21302,His-Asn-Arg,M[1+],8.7672,0.000496000000055119,EC000316
426.21982,His-Asn-Arg,M+H[1+],8.7684,0.000972466770008396,EC000316
365.19029,His-Asn-Ile,M-H2O+H[1+],1.2217,0.00285546676997228,EC000411
365.19216,His-Asn-Ile,M-H2O+H[1+],6.296,0.000985466769975574,EC000412
383.20094,His-Asn-Ile,M+H[1+],0.6216,0.00280546676998483,EC000413
383.20267,His-Asn-Ile,M+H[1+],8.3496,0.00107546676997572,EC000414
365.19029,His-Asn-Leu,M-H2O+H[1+],1.2217,0.00285546676997228,EC000411
365.19216,His-Asn-Leu,M-H2O+H[1+],6.296,0.000985466769975574,EC000412
383.20094,His-Asn-Leu,M+H[1+],0.6216,0.00280546676998483,EC000413
383.20267,His-Asn-Leu,M+H[1+],8.3496,0.00107546676997572,EC000414
383.15017,His-Asn-Met,M-H2O+H[1+],6.613,0.000602533229994151,EC000415
427.20575,His-Asp-Arg,M+H[1+],3.9472,0.00094153322999091,EC000323
368.15758,His-Asp-Pro,M+H[1+],8.7214,0.00111853322999877,EC000432
312.10987,His-Cys-Ala,M-H2O+H[1+],0.948,0.00258346676997689,EC000234
298.09561,His-Cys-Gly,M-H2O+H[1+],3.229,0.00119346676996201,EC000530
427.15563,His-Cys-Trp,M-H2O+H[1+],5.3059,0.000977533229956862,EC000531
403.18664,His-Gln-His,M-H2O+H[1+],9.8117,0.00299653323003213,EC000641
397.21661,His-Gln-Ile,M+H[1+],0.6407,0.00278546676997848,EC000642
397.21661,His-Gln-Leu,M+H[1+],0.6407,0.00278546676997848,EC000642
394.21693,His-Gln-Lys,M-H2O+H[1+],4.6569,0.0027644667700315,EC000643
394.22275,His-Gln-Lys,M-H2O+H[1+],4.9556,0.00305553322999685,EC000643
431.20764,His-Gln-Phe,M+H[1+],9.3715,0.00389453323003863,EC000644
365.19029,His-Gln-Val,M-H2O+H[1+],1.2217,0.00285546676997228,EC000411
365.19216,His-Gln-Val,M-H2O+H[1+],6.296,0.000985466769975574,EC000412
383.20094,His-Gln-Val,M+H[1+],0.6216,0.00280546676998483,EC000413
383.20267,His-Gln-Val,M+H[1+],8.3496,0.00107546676997572,EC000414
398.20076,His-Glu-Ile,M+H[1+],1.0723,0.00265146677003258,EC000656
398.20076,His-Glu-Leu,M+H[1+],1.0723,0.00265146677003258,EC000656
413.21139,His-Glu-Lys,M+H[1+],0.9775,0.00292046677003555,EC000657
413.21146,His-Glu-Lys,M+H[1+],0.6068,0.00285046677004175,EC000658
413.21305,His-Glu-Lys,M+H[1+],5.2216,0.00126046677002023,EC000659
451.16729,His-Glu-Lys,M+K[1+],0.6691,0.00252046677007911,EC000658
454.16802,His-Glu-Phe,M+Na[1+],6.3352,0.00174146676994269,EC000660
368.15758,His-Glu-Thr,M-H2O+H[1+],8.7214,0.0011535332300241,EC000661
248.11174,His-Gly-Ala,M-H4O2+H[1+],0.7703,0.00239146677003532,EC000243
266.12221,His-Gly-Ala,M-H2O+H[1+],0.7697,0.00252146677001974,EC000243
301.21473,His-Gly-Arg,M-HCOONa+H[1+],7.7646,0.00280153322995602,EC000348
323.19661,His-Gly-Arg,M-HCOOH+H[1+],7.7422,0.00268153323003162,EC000348
351.19018,His-Gly-Arg,M-H2O+H[1+],7.8439,0.00145153323001068,EC000348
369.19605,His-Gly-Arg,M+H[1+],6.8264,0.00327846676998433,EC000349
298.09561,His-Gly-Cys,M-H2O+H[1+],3.229,0.00119346676996201,EC000530
252.10797,His-Gly-Gly,M-H2O+H[1+],1.1195,0.00111146677002694,EC000440
323.17997,His-Gly-Lys,M-H2O+H[1+],0.6438,0.00261046676996557,EC000678
381.16357,His-Gly-Trp,M-H2O+H[1+],1.6023,0.00336046677000468,EC000679
276.14268,His-Gly-Val,M-H4O2+H[1+],1.1526,0.00275146677000748,EC000680
294.1534,His-Gly-Val,M-H2O+H[1+],1.1566,0.00263146677002624,EC000680
403.18664,His-His-Gln,M-H2O+H[1+],9.8117,0.00299653323003213,EC000641
421.23104,His-His-Lys,M+H[1+],8.4627,0.000411533230021632,EC000704
322.18586,His-Ile-Ala,M-H2O+H[1+],1.109,0.0014714667699991,EC000245
365.19029,His-Ile-Asn,M-H2O+H[1+],1.2217,0.00285546676997228,EC000411
365.19216,His-Ile-Asn,M-H2O+H[1+],6.296,0.000985466769975574,EC000412
383.20094,His-Ile-Asn,M+H[1+],0.6216,0.00280546676998483,EC000413
383.20267,His-Ile-Asn,M+H[1+],8.3496,0.00107546676997572,EC000414
397.21661,His-Ile-Gln,M+H[1+],0.6407,0.00278546676997848,EC000642
398.20076,His-Ile-Glu,M+H[1+],1.0723,0.00265146677003258,EC000656
404.22803,His-Ile-Ile,M+Na[1+],4.3319,0.00114853322997988,EC000705
404.22803,His-Ile-Leu,M+Na[1+],4.3319,0.00114853322997988,EC000705
414.21365,His-Ile-Tyr,M-H2O+H[1+],7.0331,0.00010353323000345,EC000339
332.2071,His-Ile-Val,M-H4O2+H[1+],7.1072,0.00093146676994138,EC000706
350.21774,His-Ile-Val,M-H2O+H[1+],6.9039,0.000891466769985527,EC000706
369.2354,His-Ile-Val,M(C13)+H[1+],7.0984,0.00276853323003934,EC000706
322.18586,His-Leu-Ala,M-H2O+H[1+],1.109,0.0014714667699991,EC000245
365.19029,His-Leu-Asn,M-H2O+H[1+],1.2217,0.00285546676997228,EC000411
365.19216,His-Leu-Asn,M-H2O+H[1+],6.296,0.000985466769975574,EC000412
383.20094,His-Leu-Asn,M+H[1+],0.6216,0.00280546676998483,EC000413
383.20267,His-Leu-Asn,M+H[1+],8.3496,0.00107546676997572,EC000414
397.21661,His-Leu-Gln,M+H[1+],0.6407,0.00278546676997848,EC000642
398.20076,His-Leu-Glu,M+H[1+],1.0723,0.00265146677003258,EC000656
404.22803,His-Leu-Ile,M+Na[1+],4.3319,0.00114853322997988,EC000705
404.22803,His-Leu-Leu,M+Na[1+],4.3319,0.00114853322997988,EC000705
414.21365,His-Leu-Tyr,M-H2O+H[1+],7.0331,0.00010353323000345,EC000339
332.2071,His-Leu-Val,M-H4O2+H[1+],7.1072,0.00093146676994138,EC000706
350.21774,His-Leu-Val,M-H2O+H[1+],6.9039,0.000891466769985527,EC000706
369.2354,His-Leu-Val,M(C13)+H[1+],7.0984,0.00276853323003934,EC000706
337.20053,His-Lys-Ala,M-H2O+H[1+],9.0344,0.00229953323002974,EC000246
394.21693,His-Lys-Gln,M-H2O+H[1+],4.6569,0.0027644667700315,EC000643
394.22275,His-Lys-Gln,M-H2O+H[1+],4.9556,0.00305553322999685,EC000643
413.21139,His-Lys-Glu,M+H[1+],0.9775,0.00292046677003555,EC000657
413.21146,His-Lys-Glu,M+H[1+],0.6068,0.00285046677004175,EC000658
413.21305,His-Lys-Glu,M+H[1+],5.2216,0.00126046677002023,EC000659
451.16729,His-Lys-Glu,M+K[1+],0.6691,0.00252046677007911,EC000658
323.17997,His-Lys-Gly,M-H2O+H[1+],0.6438,0.00261046676996557,EC000678
421.23104,His-Lys-His,M+H[1+],8.4627,0.000411533230021632,EC000704
394.25965,His-Lys-Lys,M-H2O+H[1+],10.8853,0.003570533230004,EC000707
415.20939,His-Lys-Met,M+H[1+],7.8221,0.002812466770024,EC000708
415.20991,His-Lys-Met,M+H[1+],7.5546,0.00229246677002948,EC000709
437.19185,His-Lys-Met,M+Na[1+],7.5541,0.00235246676999168,EC000709
437.19186,His-Lys-Met,M+Na[1+],7.9457,0.00234246676996008,EC000708
437.19193,His-Lys-Met,M+Na[1+],7.8241,0.00227246676996629,EC000708
453.16595,His-Lys-Met,M+K[1+],7.5506,0.0017524667700286,EC000709
431.2424,His-Lys-Phe,M+H[1+],9.6133,0.00226953322999179,EC000710
381.22774,His-Lys-Pro,M+H[1+],9.0254,0.00325953322999339,EC000711
367.20892,His-Lys-Thr,M-H2O+H[1+],6.2712,0.000124533230007273,EC000712
367.20956,His-Lys-Thr,M-H2O+H[1+],6.0373,0.000764533230039888,EC000712
367.2106,His-Lys-Thr,M-H2O+H[1+],6.0997,0.00180453323002894,EC000712
311.21979,His-Lys-Val,M-C3H4O2+H[1+],7.3482,0.000759533229995668,EC000713
311.22017,His-Lys-Val,M-C3H4O2+H[1+],6.8628,0.0011395332300026,EC000713
311.22019,His-Lys-Val,M-C3H4O2+H[1+],6.9492,0.00115953323000895,EC000713
315.25185,His-Lys-Val,M-HCOONa+H[1+],7.8792,0.0008804667700133,EC000714
337.23331,His-Lys-Val,M-HCOOH+H[1+],7.866,0.00142046676995733,EC000714
337.23672,His-Lys-Val,M-HCOOH+H[1+],7.7226,0.0019895332300166,EC000714
339.24907,His-Lys-Val,M-CO2+H[1+],8.0018,0.00126046676996339,EC000714
339.24939,His-Lys-Val,M-CO2+H[1+],8.1721,0.000940466769975501,EC000714
339.25179,His-Lys-Val,M-CO2+H[1+],7.7499,0.00145953323004733,EC000714
365.22851,His-Lys-Val,M-H2O+H[1+],7.9797,0.00102046676994405,EC000714
365.22855,His-Lys-Val,M-H2O+H[1+],8.0528,0.000980466769988197,EC000714
365.22879,His-Lys-Val,M-H2O+H[1+],7.2294,0.000740466769968862,EC000713
383.24218,His-Lys-Val,M+H[1+],7.0924,0.00204953323003565,EC000713
383.24292,His-Lys-Val,M+H[1+],9.214,0.00278953323004316,EC000715
383.24298,His-Lys-Val,M+H[1+],9.2538,0.00284953323000536,EC000715
383.15017,His-Met-Asn,M-H2O+H[1+],6.613,0.000602533229994151,EC000415
415.20939,His-Met-Lys,M+H[1+],7.8221,0.002812466770024,EC000708
415.20991,His-Met-Lys,M+H[1+],7.5546,0.00229246677002948,EC000709
437.19185,His-Met-Lys,M+Na[1+],7.5541,0.00235246676999168,EC000709
437.19186,His-Met-Lys,M+Na[1+],7.9457,0.00234246676996008,EC000708
437.19193,His-Met-Lys,M+Na[1+],7.8241,0.00227246676996629,EC000708
453.16595,His-Met-Lys,M+K[1+],7.5506,0.0017524667700286,EC000709
434.18749,His-Met-Phe,M+H[1+],1.3204,0.00183653323000499,EC000716
415.25242,His-Phe-Arg,M-CO2+H[1+],5.2451,0.00405846677006139,EC000354
459.24654,His-Phe-Arg,M+H[1+],10.7288,0.000261533229945599,EC000355
481.22558,His-Phe-Arg,M+Na[1+],5.1402,0.00269846677002761,EC000354
431.20764,His-Phe-Gln,M+H[1+],9.3715,0.00389453323003863,EC000644
454.16802,His-Phe-Glu,M+Na[1+],6.3352,0.00174146676994269,EC000660
431.2424,His-Phe-Lys,M+H[1+],9.6133,0.00226953322999179,EC000710
434.18749,His-Phe-Met,M+H[1+],1.3204,0.00183653323000499,EC000716
337.21116,His-Pro-Arg,M-C3H4O2+H[1+],8.846,0.00163153323001097,EC000356
391.22285,His-Pro-Arg,M-H2O+H[1+],9.0267,0.00282153323001921,EC000356
368.15758,His-Pro-Asp,M+H[1+],8.7214,0.00111853322999877,EC000432
381.22774,His-Pro-Lys,M+H[1+],9.0254,0.00325953322999339,EC000711
336.16851,His-Pro-Thr,M-H2O+H[1+],9.6279,0.00191353323003796,EC000717
354.17436,His-Pro-Thr,M+H[1+],1.0729,0.00283646677002025,EC000718
451.16729,His-Ser-Trp,M+Na[1+],0.6691,0.00280546677004168,EC000719
368.15758,His-Thr-Glu,M-H2O+H[1+],8.7214,0.0011535332300241,EC000661
367.20892,His-Thr-Lys,M-H2O+H[1+],6.2712,0.000124533230007273,EC000712
367.20956,His-Thr-Lys,M-H2O+H[1+],6.0373,0.000764533230039888,EC000712
367.2106,His-Thr-Lys,M-H2O+H[1+],6.0997,0.00180453323002894,EC000712
336.16851,His-Thr-Pro,M-H2O+H[1+],9.6279,0.00191353323003796,EC000717
354.17436,His-Thr-Pro,M+H[1+],1.0729,0.00283646677002025,EC000718
498.25728,His-Trp-Arg,M+H[1+],8.6767,0.000102533229949131,EC000357
427.15563,His-Trp-Cys,M-H2O+H[1+],5.3059,0.000977533229956862,EC000531
381.16357,His-Trp-Gly,M-H2O+H[1+],1.6023,0.00336046677000468,EC000679
451.16729,His-Trp-Ser,M+Na[1+],0.6691,0.00280546677004168,EC000719
341.12353,His-Tyr,M+Na[1+],6.1139,0.00144845722996934,EC000441
457.23115,His-Tyr-Arg,M-H2O+H[1+],10.3255,0.000556533229996603,EC000318
414.21365,His-Tyr-Ile,M-H2O+H[1+],7.0331,0.00010353323000345,EC000339
414.21365,His-Tyr-Leu,M-H2O+H[1+],7.0331,0.00010353323000345,EC000339
393.23867,His-Val-Arg,M-H2O+H[1+],9.2703,0.00299153322998791,EC000358
393.23871,His-Val-Arg,M-H2O+H[1+],10.6801,0.0030315332300006,EC000359
393.23881,His-Val-Arg,M-H2O+H[1+],9.1966,0.0031315332299755,EC000358
433.23109,His-Val-Arg,M+Na[1+],10.6764,0.00281153322998762,EC000359
365.19029,His-Val-Gln,M-H2O+H[1+],1.2217,0.00285546676997228,EC000411
365.19216,His-Val-Gln,M-H2O+H[1+],6.296,0.000985466769975574,EC000412
383.20094,His-Val-Gln,M+H[1+],0.6216,0.00280546676998483,EC000413
383.20267,His-Val-Gln,M+H[1+],8.3496,0.00107546676997572,EC000414
276.14268,His-Val-Gly,M-H4O2+H[1+],1.1526,0.00275146677000748,EC000680
294.1534,His-Val-Gly,M-H2O+H[1+],1.1566,0.00263146677002624,EC000680
332.2071,His-Val-Ile,M-H4O2+H[1+],7.1072,0.00093146676994138,EC000706
350.21774,His-Val-Ile,M-H2O+H[1+],6.9039,0.000891466769985527,EC000706
369.2354,His-Val-Ile,M(C13)+H[1+],7.0984,0.00276853323003934,EC000706
332.2071,His-Val-Leu,M-H4O2+H[1+],7.1072,0.00093146676994138,EC000706
350.21774,His-Val-Leu,M-H2O+H[1+],6.9039,0.000891466769985527,EC000706
369.2354,His-Val-Leu,M(C13)+H[1+],7.0984,0.00276853323003934,EC000706
311.21979,His-Val-Lys,M-C3H4O2+H[1+],7.3482,0.000759533229995668,EC000713
311.22017,His-Val-Lys,M-C3H4O2+H[1+],6.8628,0.0011395332300026,EC000713
311.22019,His-Val-Lys,M-C3H4O2+H[1+],6.9492,0.00115953323000895,EC000713
315.25185,His-Val-Lys,M-HCOONa+H[1+],7.8792,0.0008804667700133,EC000714
337.23331,His-Val-Lys,M-HCOOH+H[1+],7.866,0.00142046676995733,EC000714
337.23672,His-Val-Lys,M-HCOOH+H[1+],7.7226,0.0019895332300166,EC000714
339.24907,His-Val-Lys,M-CO2+H[1+],8.0018,0.00126046676996339,EC000714
339.24939,His-Val-Lys,M-CO2+H[1+],8.1721,0.000940466769975501,EC000714
339.25179,His-Val-Lys,M-CO2+H[1+],7.7499,0.00145953323004733,EC000714
365.22851,His-Val-Lys,M-H2O+H[1+],7.9797,0.00102046676994405,EC000714
365.22855,His-Val-Lys,M-H2O+H[1+],8.0528,0.000980466769988197,EC000714
365.22879,His-Val-Lys,M-H2O+H[1+],7.2294,0.000740466769968862,EC000713
383.24218,His-Val-Lys,M+H[1+],7.0924,0.00204953323003565,EC000713
383.24292,His-Val-Lys,M+H[1+],9.214,0.00278953323004316,EC000715
383.24298,His-Val-Lys,M+H[1+],9.2538,0.00284953323000536,EC000715
376.19837,His-Val-Val,M+Na[1+],7.0361,0.00278853322998884,EC000720
112.08604,Histamine,M+H[1+],0.6583,0.000883769769998821,EC000721
252.10797,Histidinyl-Asparagine,M-H2O+H[1+],1.1195,0.00111044976998187,EC000440
259.08408,Histidinyl-Cysteine,M+H[1+],5.6303,0.00185796777003588,EC000543
281.06684,Histidinyl-Cysteine,M+Na[1+],1.1975,0.00109796777002202,EC000544
248.11174,Histidinyl-Glutamine,M-H4O2+H[1+],0.7703,0.00239051376999555,EC000243
266.12221,Histidinyl-Glutamine,M-H2O+H[1+],0.7697,0.00252051376997997,EC000243
275.10894,Histidinyl-Proline,M+Na[1+],1.415,0.00257685776995231,EC000722
291.08522,Histidinyl-Proline,M+K[1+],1.3816,0.00020314222996376,EC000722
229.0308,Homocitric acid,M+Na[1+],1.2276,0.00112914077001847,EC00067
146.11654,Homoisoleucine,M+H[1+],0.7882,0.00101546677001352,EC000723
146.11658,Homoisoleucine,M+H[1+],0.9695,0.000975466770000821,EC000723
218.07769,Homotyrosine,M+Na[1+],5.5198,0.00113046677000739,EC000556
165.05352,Homovanillic acid,M-H2O+H[1+],7.0768,0.0010652747700135,EC00097
165.05361,Homovanillic acid,M-H2O+H[1+],7.7817,0.000975274770013357,EC00098
205.04789,Homovanillic acid,M+Na[1+],0.8951,0.000704725229979886,EC00099
189.05119,Homovanillin,M+Na[1+],4.7686,0.00108065277001401,EC000151
197.07985,Homoveratric acid,M+H[1+],7.7826,0.000985338770021826,EC000199
343.19148,Humulinone,M-H4O2+H[1+],9.7549,0.00116484123003602,EC000724
379.21421,Humulinone,M+H[1+],9.7556,0.00269484122998165,EC000724
183.06294,Hydralazine,M+Na[1+],4.0587,0.00123274277001428,EC000101
358.16353,Hydroxychloroquine,M+Na[1+],8.4665,0.00218664277002745,EC000725
357.17218,Hydroxyzine,M-H2O+H[1+],8.5361,0.00060229176995108,EC000336
265.14216,Hymenoxon,M-H2O+H[1+],4.775,0.00121646677001763,EC000726
305.13474,Hymenoxon,M+Na[1+],4.7771,0.00123646676996714,EC000726
137.04484,Hypoxanthine,M+H[1+],0.9517,0.000947236770002746,EC000281
230.18485,Ile-Ala-Ala,M-CO2+H[1+],1.0173,0.00148346676999722,EC000211
296.15855,Ile-Ala-Ala,M+Na[1+],1.1489,0.000416533230009009,EC000211
339.1616,Ile-Ala-Asn,M+Na[1+],9.621,0.00234746676994746,EC000229
286.17477,Ile-Ala-Glu,M-HCOOH+H[1+],4.1011,0.0014434667699561,EC000240
288.19049,Ile-Ala-Glu,M-CO2+H[1+],4.0805,0.00132346676997486,EC000240
314.17365,Ile-Ala-Glu,M-H2O+H[1+],4.1858,0.00263653323003155,EC000240
243.13278,Ile-Ala-Gly,M-NH3+H[1+],1.6699,0.00120346677002203,EC000214
260.15902,Ile-Ala-Gly,M+H[1+],1.5209,0.00146346677001929,EC000214
322.18586,Ile-Ala-His,M-H2O+H[1+],1.109,0.0014714667699991,EC000245
316.22323,Ile-Ala-Ile,M+H[1+],8.8961,0.000146533230008572,EC000247
316.22332,Ile-Ala-Ile,M+H[1+],8.0983,0.000236533230008718,EC000248
316.22336,Ile-Ala-Ile,M+H[1+],7.7057,0.000276533230021414,EC000249
316.22337,Ile-Ala-Ile,M+H[1+],8.0029,0.000286533229996166,EC000248
334.23322,Ile-Ala-Ile,M+H2O+H[1+],7.9842,0.000463466769986098,EC000248
316.22323,Ile-Ala-Leu,M+H[1+],8.8961,0.000146533230008572,EC000247
316.22332,Ile-Ala-Leu,M+H[1+],8.0983,0.000236533230008718,EC000248
316.22336,Ile-Ala-Leu,M+H[1+],7.7057,0.000276533230021414,EC000249
316.22337,Ile-Ala-Leu,M+H[1+],8.0029,0.000286533229996166,EC000248
334.23322,Ile-Ala-Leu,M+H2O+H[1+],7.9842,0.000463466769986098,EC000248
353.21537,Ile-Ala-Lys,M+Na[1+],7.8703,0.000612466770007813,EC000250
333.17966,Ile-Ala-Phe,M-NH3+H[1+],7.1607,0.00127346676998741,EC000251
349.19714,Ile-Ala-Phe,M[1+],7.303,0.00301699999999983,EC000251
350.20726,Ile-Ala-Phe,M+H[1+],7.3157,0.000173466769979314,EC000251
351.21301,Ile-Ala-Phe,M(C13)+H[1+],7.2297,0.00217653322999922,EC000251
286.17477,Ile-Ala-Thr,M-H2O+H[1+],4.1011,0.00132846676996223,EC000252
389.21765,Ile-Ala-Trp,M+H[1+],8.8,0.000682466770001611,EC000253
302.20577,Ile-Ala-Val,M+H[1+],4.8791,0.00166346677002593,EC000254
302.20596,Ile-Ala-Val,M+H[1+],4.814,0.00147346676999405,EC000254
302.20615,Ile-Ala-Val,M+H[1+],4.1172,0.001283466770019,EC000255
341.23073,Ile-Arg-Ala,M-H2O+H[1+],7.3086,0.00119953323002164,EC000217
359.24353,Ile-Arg-Ala,M+H[1+],9.3734,0.00339953323003783,EC000218
376.31716,Ile-Arg-Arg,M-HCOONa+H[1+],9.0557,0.000432533229968612,EC000306
466.29051,Ile-Arg-Arg,M+Na[1+],9.0331,0.00438253322994342,EC000306
403.23256,Ile-Arg-Asp,M+H[1+],8.7642,0.00259953322995443,EC000324
425.21302,Ile-Arg-Asp,M+Na[1+],8.7672,0.00105953322992036,EC000324
373.20196,Ile-Arg-Cys,M-H2O+H[1+],9.0833,0.000357533229987439,EC000331
367.20892,Ile-Arg-Gly,M+Na[1+],6.2712,0.00243953322996049,EC000227
367.20956,Ile-Arg-Gly,M+Na[1+],6.0373,0.0030795332299931,EC000228
329.2674,Ile-Arg-Ile,M-C3H4O2+H[1+],9.0835,0.00141953322997779,EC000360
355.28073,Ile-Arg-Ile,M-HCOOH+H[1+],8.9599,0.000950466770007097,EC000360
355.28181,Ile-Arg-Ile,M-HCOOH+H[1+],9.2616,0.000129533229994649,EC000360
355.28198,Ile-Arg-Ile,M-HCOOH+H[1+],8.8485,0.000299533229963345,EC000360
355.28243,Ile-Arg-Ile,M-HCOOH+H[1+],8.719,0.000749533229964072,EC000360
355.28268,Ile-Arg-Ile,M-HCOOH+H[1+],8.6129,0.000999533230015004,EC000360
357.29749,Ile-Arg-Ile,M-CO2+H[1+],8.7504,0.000209533229963199,EC000360
357.29829,Ile-Arg-Ile,M-CO2+H[1+],9.2205,0.00100953322998976,EC000360
357.29837,Ile-Arg-Ile,M-CO2+H[1+],8.8912,0.00108953322995831,EC000360
357.29839,Ile-Arg-Ile,M-CO2+H[1+],9.1119,0.00110953322996465,EC000360
357.29845,Ile-Arg-Ile,M-CO2+H[1+],8.9972,0.0011695332299837,EC000360
365.26483,Ile-Arg-Ile,M-H4O2+H[1+],9.3107,0.00105046676998199,EC000360
365.26933,Ile-Arg-Ile,M-H4O2+H[1+],9.0692,0.00344953323002528,EC000360
373.29108,Ile-Arg-Ile,M-CO+H[1+],9.2999,0.00100046676999455,EC000360
401.28571,Ile-Arg-Ile,M+H[1+],5.969,0.00137046677002672,EC000361
401.28808,Ile-Arg-Ile,M+H[1+],8.6926,0.000999533229958161,EC000360
401.28826,Ile-Arg-Ile,M+H[1+],8.8522,0.00117953322995845,EC000360
329.2674,Ile-Arg-Leu,M-C3H4O2+H[1+],9.0835,0.00141953322997779,EC000360
355.28073,Ile-Arg-Leu,M-HCOOH+H[1+],8.9599,0.000950466770007097,EC000360
355.28181,Ile-Arg-Leu,M-HCOOH+H[1+],9.2616,0.000129533229994649,EC000360
355.28198,Ile-Arg-Leu,M-HCOOH+H[1+],8.8485,0.000299533229963345,EC000360
355.28243,Ile-Arg-Leu,M-HCOOH+H[1+],8.719,0.000749533229964072,EC000360
355.28268,Ile-Arg-Leu,M-HCOOH+H[1+],8.6129,0.000999533230015004,EC000360
357.29749,Ile-Arg-Leu,M-CO2+H[1+],8.7504,0.000209533229963199,EC000360
357.29829,Ile-Arg-Leu,M-CO2+H[1+],9.2205,0.00100953322998976,EC000360
357.29837,Ile-Arg-Leu,M-CO2+H[1+],8.8912,0.00108953322995831,EC000360
357.29839,Ile-Arg-Leu,M-CO2+H[1+],9.1119,0.00110953322996465,EC000360
357.29845,Ile-Arg-Leu,M-CO2+H[1+],8.9972,0.0011695332299837,EC000360
365.26483,Ile-Arg-Leu,M-H4O2+H[1+],9.3107,0.00105046676998199,EC000360
365.26933,Ile-Arg-Leu,M-H4O2+H[1+],9.0692,0.00344953323002528,EC000360
373.29108,Ile-Arg-Leu,M-CO+H[1+],9.2999,0.00100046676999455,EC000360
401.28571,Ile-Arg-Leu,M+H[1+],5.969,0.00137046677002672,EC000361
401.28808,Ile-Arg-Leu,M+H[1+],8.6926,0.000999533229958161,EC000360
401.28826,Ile-Arg-Leu,M+H[1+],8.8522,0.00117953322995845,EC000360
313.23581,Ile-Arg-Pro,M-C3H4O2+H[1+],7.8792,0.001129533229971,EC000362
313.23594,Ile-Arg-Pro,M-C3H4O2+H[1+],7.6796,0.00125953322998384,EC000362
339.24907,Ile-Arg-Pro,M-HCOOH+H[1+],8.0018,0.00131046677000768,EC000362
339.24939,Ile-Arg-Pro,M-HCOOH+H[1+],8.1721,0.000990466770019793,EC000362
339.25179,Ile-Arg-Pro,M-HCOOH+H[1+],7.7499,0.00140953323000303,EC000362
367.24396,Ile-Arg-Pro,M-H2O+H[1+],7.3559,0.00122046677000753,EC000362
367.24397,Ile-Arg-Pro,M-H2O+H[1+],7.4703,0.00121046677003278,EC000362
367.24418,Ile-Arg-Pro,M-H2O+H[1+],7.9991,0.00100046677005139,EC000362
367.24437,Ile-Arg-Pro,M-H2O+H[1+],7.6994,0.000810466770019502,EC000362
407.23732,Ile-Arg-Pro,M+Na[1+],4.3058,0.000460466769993673,EC000363
407.23886,Ile-Arg-Pro,M+Na[1+],7.709,0.00107953322998355,EC000362
407.23923,Ile-Arg-Pro,M+Na[1+],7.3809,0.00144953323001573,EC000362
357.2238,Ile-Arg-Ser,M-H2O+H[1+],9.073,0.000645466770038183,EC000364
375.23143,Ile-Arg-Ser,M+H[1+],9.7957,0.00361546677004299,EC000365
397.21661,Ile-Arg-Ser,M+Na[1+],0.6407,0.000435466770056792,EC000366
371.23918,Ile-Arg-Thr,M-H2O+H[1+],9.6753,0.00091546677003862,EC000367
474.28331,Ile-Arg-Trp,M+H[1+],7.5544,0.000980533229949287,EC000368
369.26136,Ile-Arg-Val,M-H2O+H[1+],6.6192,0.000529533230007928,EC000369
387.27484,Ile-Arg-Val,M+H[1+],10.0296,0.00340953322995574,EC000370
388.27294,Ile-Arg-Val,M(C13)+H[1+],10.0249,0.00189046677002125,EC000370
409.25443,Ile-Arg-Val,M+Na[1+],7.595,0.000999533229958161,EC000371
339.1616,Ile-Asn-Ala,M+Na[1+],9.621,0.00234746676994746,EC000229
383.15017,Ile-Asn-Asp,M+Na[1+],6.613,0.0036074667699495,EC000404
383.15436,Ile-Asn-Asp,M+Na[1+],5.7155,0.000582533230044646,EC000405
365.19029,Ile-Asn-His,M-H2O+H[1+],1.2217,0.00285546676997228,EC000411
365.19216,Ile-Asn-His,M-H2O+H[1+],6.296,0.000985466769975574,EC000412
383.20094,Ile-Asn-His,M+H[1+],0.6216,0.00280546676998483,EC000413
383.20267,Ile-Asn-His,M+H[1+],8.3496,0.00107546676997572,EC000414
359.22727,Ile-Asn-Ile,M+H[1+],4.8674,0.00162746677005998,EC000416
359.23186,Ile-Asn-Ile,M+H[1+],6.0591,0.00296253322994744,EC000417
359.23191,Ile-Asn-Ile,M+H[1+],6.1118,0.00301253322999173,EC000417
397.18762,Ile-Asn-Ile,M+K[1+],6.2072,0.00322253322991628,EC000417
359.22727,Ile-Asn-Leu,M+H[1+],4.8674,0.00162746677005998,EC000416
359.23186,Ile-Asn-Leu,M+H[1+],6.0591,0.00296253322994744,EC000417
359.23191,Ile-Asn-Leu,M+H[1+],6.1118,0.00301253322999173,EC000417
397.18762,Ile-Asn-Leu,M+K[1+],6.2072,0.00322253322991628,EC000417
333.17966,Ile-Asn-Ser,M+H[1+],7.1607,0.00279753323002296,EC000232
355.15655,Ile-Asn-Ser,M+Na[1+],8.2902,0.00231246676997898,EC000233
414.21365,Ile-Asn-Trp,M-H2O+H[1+],7.0331,0.00010353323000345,EC000339
327.19991,Ile-Asn-Val,M-H2O+H[1+],4.7899,0.00273746676998599,EC000418
403.23256,Ile-Asp-Arg,M+H[1+],8.7642,0.00259953322995443,EC000324
425.21302,Ile-Asp-Arg,M+Na[1+],8.7672,0.00105953322992036,EC000324
383.15017,Ile-Asp-Asn,M+Na[1+],6.613,0.0036074667699495,EC000404
383.15436,Ile-Asp-Asn,M+Na[1+],5.7155,0.000582533230044646,EC000405
358.16353,Ile-Asp-Glu,M-H2O+H[1+],8.4665,0.00268653322996215,EC000430
288.19049,Ile-Asp-Ile,M-C3H4O2+H[1+],4.0805,0.0013234667700317,EC000433
332.2165,Ile-Asp-Ile,M-CO+H[1+],4.0862,0.00141346677003185,EC000433
343.1884,Ile-Asp-Ile,M-NH3+H[1+],3.939,0.00198653322996734,EC000433
360.21139,Ile-Asp-Ile,M+H[1+],4.0278,0.00152346677003834,EC000433
288.19049,Ile-Asp-Leu,M-C3H4O2+H[1+],4.0805,0.0013234667700317,EC000433
332.2165,Ile-Asp-Leu,M-CO+H[1+],4.0862,0.00141346677003185,EC000433
343.1884,Ile-Asp-Leu,M-NH3+H[1+],3.939,0.00198653322996734,EC000433
360.21139,Ile-Asp-Leu,M+H[1+],4.0278,0.00152346677003834,EC000433
344.1803,Ile-Asp-Pro,M+H[1+],4.2046,0.0013134667700001,EC000434
344.18247,Ile-Asp-Pro,M+H[1+],4.0076,0.000856533230034984,EC000434
344.18433,Ile-Asp-Pro,M+H[1+],4.5858,0.0027165332300001,EC000434
433.20797,Ile-Asp-Trp,M+H[1+],9.3701,0.00019246677004503,EC000343
433.20813,Ile-Asp-Trp,M+H[1+],9.4959,3.24667700510872e-05,EC000343
328.18692,Ile-Asp-Val,M-H2O+H[1+],7.2246,0.000256533230015066,EC000435
329.17096,Ile-Asp-Val,M-NH3+H[1+],7.0883,0.000196533229996021,EC000435
373.20196,Ile-Cys-Arg,M-H2O+H[1+],9.0833,0.000357533229987439,EC000331
274.12354,Ile-Cys-Gly,M-H2O+H[1+],0.9536,0.00158453323001595,EC000212
345.19223,Ile-Cys-Lys,M-H2O+H[1+],9.7536,0.00322446677000698,EC000532
385.18837,Ile-Cys-Lys,M+Na[1+],5.7612,0.000315533229979792,EC000533
398.17202,Ile-Cys-Tyr,M+H[1+],6.2033,0.00240046677004102,EC000534
411.18288,Ile-Gln-Glu,M+Na[1+],9.0337,0.00219746677004196,EC000640
339.1616,Ile-Gln-Gly,M+Na[1+],9.621,0.00234746676994746,EC000229
397.21661,Ile-Gln-His,M+H[1+],0.6407,0.00278546676997848,EC000642
355.23527,Ile-Gln-Ile,M-H2O+H[1+],6.8361,0.00132253322999532,EC000645
355.23527,Ile-Gln-Leu,M-H2O+H[1+],6.8361,0.00132253322999532,EC000645
389.21765,Ile-Gln-Phe,M-H2O+H[1+],8.8,0.000647466770033134,EC000646
339.2013,Ile-Gln-Pro,M-H2O+H[1+],4.9846,0.00134746676997111,EC000647
379.19512,Ile-Gln-Pro,M+Na[1+],4.5325,0.000127466769981766,EC000648
359.22727,Ile-Gln-Val,M+H[1+],4.8674,0.00162746677005998,EC000416
359.23186,Ile-Gln-Val,M+H[1+],6.0591,0.00296253322994744,EC000417
359.23191,Ile-Gln-Val,M+H[1+],6.1118,0.00301253322999173,EC000417
397.18762,Ile-Gln-Val,M+K[1+],6.2072,0.00322253322991628,EC000417
286.17477,Ile-Glu-Ala,M-HCOOH+H[1+],4.1011,0.0014434667699561,EC000240
288.19049,Ile-Glu-Ala,M-CO2+H[1+],4.0805,0.00132346676997486,EC000240
314.17365,Ile-Glu-Ala,M-H2O+H[1+],4.1858,0.00263653323003155,EC000240
358.16353,Ile-Glu-Asp,M-H2O+H[1+],8.4665,0.00268653322996215,EC000430
411.18288,Ile-Glu-Gln,M+Na[1+],9.0337,0.00219746677004196,EC000640
398.20076,Ile-Glu-His,M+H[1+],1.0723,0.00265146677003258,EC000656
302.20577,Ile-Glu-Ile,M-C3H4O2+H[1+],4.8791,0.00169346677006388,EC000662
302.20596,Ile-Glu-Ile,M-C3H4O2+H[1+],4.814,0.00150346677003199,EC000662
302.20615,Ile-Glu-Ile,M-C3H4O2+H[1+],4.1172,0.00131346677005695,EC000662
328.22189,Ile-Glu-Ile,M-HCOOH+H[1+],4.3951,0.00127346677004425,EC000662
330.23725,Ile-Glu-Ile,M-CO2+H[1+],4.7337,0.00151346677000674,EC000662
374.22699,Ile-Glu-Ile,M+H[1+],4.6657,0.00157346677002579,EC000662
374.22752,Ile-Glu-Ile,M+H[1+],4.9761,0.00104346676999967,EC000662
302.20577,Ile-Glu-Leu,M-C3H4O2+H[1+],4.8791,0.00169346677006388,EC000662
302.20596,Ile-Glu-Leu,M-C3H4O2+H[1+],4.814,0.00150346677003199,EC000662
302.20615,Ile-Glu-Leu,M-C3H4O2+H[1+],4.1172,0.00131346677005695,EC000662
328.22189,Ile-Glu-Leu,M-HCOOH+H[1+],4.3951,0.00127346677004425,EC000662
330.23725,Ile-Glu-Leu,M-CO2+H[1+],4.7337,0.00151346677000674,EC000662
374.22699,Ile-Glu-Leu,M+H[1+],4.6657,0.00157346677002579,EC000662
374.22752,Ile-Glu-Leu,M+H[1+],4.9761,0.00104346676999967,EC000662
371.22617,Ile-Glu-Lys,M-H2O+H[1+],5.0513,0.00269246676998591,EC000663
371.23188,Ile-Glu-Lys,M-H2O+H[1+],9.365,0.00301753322997911,EC000664
411.21785,Ile-Glu-Lys,M+Na[1+],9.5603,0.00361246677005056,EC000664
286.17477,Ile-Glu-Pro,M-C3H4O2+H[1+],4.1011,0.00139346676996865,EC000665
330.2004,Ile-Glu-Pro,M-CO+H[1+],4.0271,0.00186346676997573,EC000665
340.18419,Ile-Glu-Pro,M-H2O+H[1+],9.9444,0.0024734667699704,EC000666
358.19605,Ile-Glu-Pro,M+H[1+],3.7882,0.00121346676996836,EC000665
318.20109,Ile-Glu-Thr,M-CO2+H[1+],4.026,0.00128846677000638,EC000667
344.1803,Ile-Glu-Thr,M-H2O+H[1+],4.2046,0.00127846677003163,EC000667
344.18247,Ile-Glu-Thr,M-H2O+H[1+],4.0076,0.000891533230003461,EC000667
344.18433,Ile-Glu-Thr,M-H2O+H[1+],4.5858,0.00275153322996857,EC000667
288.19049,Ile-Glu-Val,M-C3H4O2+H[1+],4.0805,0.0013234667700317,EC000433
332.2165,Ile-Glu-Val,M-CO+H[1+],4.0862,0.00141346677003185,EC000433
343.1884,Ile-Glu-Val,M-NH3+H[1+],3.939,0.00198653322996734,EC000433
360.21139,Ile-Glu-Val,M+H[1+],4.0278,0.00152346677003834,EC000433
243.13278,Ile-Gly-Ala,M-NH3+H[1+],1.6699,0.00120346677002203,EC000214
260.15902,Ile-Gly-Ala,M+H[1+],1.5209,0.00146346677001929,EC000214
367.20892,Ile-Gly-Arg,M+Na[1+],6.2712,0.00243953322996049,EC000227
367.20956,Ile-Gly-Arg,M+Na[1+],6.0373,0.0030795332299931,EC000228
274.12354,Ile-Gly-Cys,M-H2O+H[1+],0.9536,0.00158453323001595,EC000212
339.1616,Ile-Gly-Gln,M+Na[1+],9.621,0.00234746676994746,EC000229
246.14305,Ile-Gly-Gly,M+H[1+],1.4277,0.00178346677000718,EC000244
302.20577,Ile-Gly-Ile,M+H[1+],4.8791,0.00166346677002593,EC000254
302.20596,Ile-Gly-Ile,M+H[1+],4.814,0.00147346676999405,EC000254
302.20615,Ile-Gly-Ile,M+H[1+],4.1172,0.001283466770019,EC000255
302.20577,Ile-Gly-Leu,M+H[1+],4.8791,0.00166346677002593,EC000254
302.20596,Ile-Gly-Leu,M+H[1+],4.814,0.00147346676999405,EC000254
302.20615,Ile-Gly-Leu,M+H[1+],4.1172,0.001283466770019,EC000255
339.2013,Ile-Gly-Lys,M+Na[1+],4.9846,0.000967533230038953,EC000259
286.17477,Ile-Gly-Pro,M+H[1+],4.1011,0.00136346676998755,EC000265
357.19217,Ile-Gly-Trp,M-H2O+H[1+],8.8111,8.75332299870024e-05,EC000268
397.18762,Ile-Gly-Trp,M+Na[1+],6.2072,0.00293753322995371,EC000269
352.19012,Ile-Gly-Tyr,M+H[1+],8.9886,0.00342153322998229,EC000273
288.19049,Ile-Gly-Val,M+H[1+],4.0805,0.00129346676999376,EC000274
322.18586,Ile-His-Ala,M-H2O+H[1+],1.109,0.0014714667699991,EC000245
365.19029,Ile-His-Asn,M-H2O+H[1+],1.2217,0.00285546676997228,EC000411
365.19216,Ile-His-Asn,M-H2O+H[1+],6.296,0.000985466769975574,EC000412
383.20094,Ile-His-Asn,M+H[1+],0.6216,0.00280546676998483,EC000413
383.20267,Ile-His-Asn,M+H[1+],8.3496,0.00107546676997572,EC000414
397.21661,Ile-His-Gln,M+H[1+],0.6407,0.00278546676997848,EC000642
398.20076,Ile-His-Glu,M+H[1+],1.0723,0.00265146677003258,EC000656
404.22803,Ile-His-Ile,M+Na[1+],4.3319,0.00114853322997988,EC000705
404.22803,Ile-His-Leu,M+Na[1+],4.3319,0.00114853322997988,EC000705
414.21365,Ile-His-Tyr,M-H2O+H[1+],7.0331,0.00010353323000345,EC000339
332.2071,Ile-His-Val,M-H4O2+H[1+],7.1072,0.00093146676994138,EC000706
350.21774,Ile-His-Val,M-H2O+H[1+],6.9039,0.000891466769985527,EC000706
369.2354,Ile-His-Val,M(C13)+H[1+],7.0984,0.00276853323003934,EC000706
316.22323,Ile-Ile-Ala,M+H[1+],8.8961,0.000146533230008572,EC000247
316.22332,Ile-Ile-Ala,M+H[1+],8.0983,0.000236533230008718,EC000248
316.22336,Ile-Ile-Ala,M+H[1+],7.7057,0.000276533230021414,EC000249
316.22337,Ile-Ile-Ala,M+H[1+],8.0029,0.000286533229996166,EC000248
334.23322,Ile-Ile-Ala,M+H2O+H[1+],7.9842,0.000463466769986098,EC000248
329.2674,Ile-Ile-Arg,M-C3H4O2+H[1+],9.0835,0.00141953322997779,EC000360
355.28073,Ile-Ile-Arg,M-HCOOH+H[1+],8.9599,0.000950466770007097,EC000360
355.28181,Ile-Ile-Arg,M-HCOOH+H[1+],9.2616,0.000129533229994649,EC000360
355.28198,Ile-Ile-Arg,M-HCOOH+H[1+],8.8485,0.000299533229963345,EC000360
355.28243,Ile-Ile-Arg,M-HCOOH+H[1+],8.719,0.000749533229964072,EC000360
355.28268,Ile-Ile-Arg,M-HCOOH+H[1+],8.6129,0.000999533230015004,EC000360
357.29749,Ile-Ile-Arg,M-CO2+H[1+],8.7504,0.000209533229963199,EC000360
357.29829,Ile-Ile-Arg,M-CO2+H[1+],9.2205,0.00100953322998976,EC000360
357.29837,Ile-Ile-Arg,M-CO2+H[1+],8.8912,0.00108953322995831,EC000360
357.29839,Ile-Ile-Arg,M-CO2+H[1+],9.1119,0.00110953322996465,EC000360
357.29845,Ile-Ile-Arg,M-CO2+H[1+],8.9972,0.0011695332299837,EC000360
365.26483,Ile-Ile-Arg,M-H4O2+H[1+],9.3107,0.00105046676998199,EC000360
365.26933,Ile-Ile-Arg,M-H4O2+H[1+],9.0692,0.00344953323002528,EC000360
373.29108,Ile-Ile-Arg,M-CO+H[1+],9.2999,0.00100046676999455,EC000360
401.28571,Ile-Ile-Arg,M+H[1+],5.969,0.00137046677002672,EC000361
401.28808,Ile-Ile-Arg,M+H[1+],8.6926,0.000999533229958161,EC000360
401.28826,Ile-Ile-Arg,M+H[1+],8.8522,0.00117953322995845,EC000360
359.22727,Ile-Ile-Asn,M+H[1+],4.8674,0.00162746677005998,EC000416
359.23186,Ile-Ile-Asn,M+H[1+],6.0591,0.00296253322994744,EC000417
359.23191,Ile-Ile-Asn,M+H[1+],6.1118,0.00301253322999173,EC000417
397.18762,Ile-Ile-Asn,M+K[1+],6.2072,0.00322253322991628,EC000417
288.19049,Ile-Ile-Asp,M-C3H4O2+H[1+],4.0805,0.0013234667700317,EC000433
332.2165,Ile-Ile-Asp,M-CO+H[1+],4.0862,0.00141346677003185,EC000433
343.1884,Ile-Ile-Asp,M-NH3+H[1+],3.939,0.00198653322996734,EC000433
360.21139,Ile-Ile-Asp,M+H[1+],4.0278,0.00152346677003834,EC000433
355.23527,Ile-Ile-Gln,M-H2O+H[1+],6.8361,0.00132253322999532,EC000645
302.20577,Ile-Ile-Glu,M-C3H4O2+H[1+],4.8791,0.00169346677006388,EC000662
302.20596,Ile-Ile-Glu,M-C3H4O2+H[1+],4.814,0.00150346677003199,EC000662
302.20615,Ile-Ile-Glu,M-C3H4O2+H[1+],4.1172,0.00131346677005695,EC000662
328.22189,Ile-Ile-Glu,M-HCOOH+H[1+],4.3951,0.00127346677004425,EC000662
330.23725,Ile-Ile-Glu,M-CO2+H[1+],4.7337,0.00151346677000674,EC000662
374.22699,Ile-Ile-Glu,M+H[1+],4.6657,0.00157346677002579,EC000662
374.22752,Ile-Ile-Glu,M+H[1+],4.9761,0.00104346676999967,EC000662
302.20577,Ile-Ile-Gly,M+H[1+],4.8791,0.00166346677002593,EC000254
302.20596,Ile-Ile-Gly,M+H[1+],4.814,0.00147346676999405,EC000254
302.20615,Ile-Ile-Gly,M+H[1+],4.1172,0.001283466770019,EC000255
404.22803,Ile-Ile-His,M+Na[1+],4.3319,0.00114853322997988,EC000705
340.25843,Ile-Ile-Ile,M-H2O+H[1+],6.096,0.00100346677004381,EC000727
340.25856,Ile-Ile-Ile,M-H2O+H[1+],6.4317,0.000873466770030973,EC000728
340.26174,Ile-Ile-Ile,M-H2O+H[1+],10.0149,0.00230653322995522,EC000729
426.25993,Ile-Ile-Ile,M+HCOONa[1+],10.0485,0.00249653322998711,EC000729
340.25843,Ile-Ile-Leu,M-H2O+H[1+],6.096,0.00100346677004381,EC000727
340.25856,Ile-Ile-Leu,M-H2O+H[1+],6.4317,0.000873466770030973,EC000728
340.26174,Ile-Ile-Leu,M-H2O+H[1+],10.0149,0.00230653322995522,EC000729
426.25993,Ile-Ile-Leu,M+HCOONa[1+],10.0485,0.00249653322998711,EC000729
342.23741,Ile-Ile-Pro,M+H[1+],4.8873,0.00132346676997486,EC000730
364.22093,Ile-Ile-Pro,M+Na[1+],4.9615,0.000196533230052864,EC000730
332.2165,Ile-Ile-Ser,M+H[1+],4.0862,0.00149846676998777,EC000731
332.21815,Ile-Ile-Ser,M+H[1+],7.5378,0.000151533229995948,EC000732
332.21816,Ile-Ile-Ser,M+H[1+],7.6569,0.000161533230027544,EC000732
350.2287,Ile-Ile-Ser,M+H2O+H[1+],7.6064,0.000101533230008499,EC000732
350.22877,Ile-Ile-Ser,M+H2O+H[1+],7.3709,0.000171533230002296,EC000732
350.22882,Ile-Ile-Ser,M+H2O+H[1+],7.8421,0.000221533229989745,EC000732
328.22189,Ile-Ile-Thr,M-H2O+H[1+],4.3951,0.00115846677005038,EC000733
368.21516,Ile-Ile-Thr,M+Na[1+],6.0653,0.000488466770036666,EC000734
368.2161,Ile-Ile-Thr,M+Na[1+],6.1043,0.000451533229920642,EC000734
344.25264,Ile-Ile-Val,M+H[1+],5.1066,0.00174346677005133,EC000735
344.25454,Ile-Ile-Val,M+H[1+],8.8123,0.000156533229983324,EC000736
316.22323,Ile-Leu-Ala,M+H[1+],8.8961,0.000146533230008572,EC000247
316.22332,Ile-Leu-Ala,M+H[1+],8.0983,0.000236533230008718,EC000248
316.22336,Ile-Leu-Ala,M+H[1+],7.7057,0.000276533230021414,EC000249
316.22337,Ile-Leu-Ala,M+H[1+],8.0029,0.000286533229996166,EC000248
334.23322,Ile-Leu-Ala,M+H2O+H[1+],7.9842,0.000463466769986098,EC000248
329.2674,Ile-Leu-Arg,M-C3H4O2+H[1+],9.0835,0.00141953322997779,EC000360
355.28073,Ile-Leu-Arg,M-HCOOH+H[1+],8.9599,0.000950466770007097,EC000360
355.28181,Ile-Leu-Arg,M-HCOOH+H[1+],9.2616,0.000129533229994649,EC000360
355.28198,Ile-Leu-Arg,M-HCOOH+H[1+],8.8485,0.000299533229963345,EC000360
355.28243,Ile-Leu-Arg,M-HCOOH+H[1+],8.719,0.000749533229964072,EC000360
355.28268,Ile-Leu-Arg,M-HCOOH+H[1+],8.6129,0.000999533230015004,EC000360
357.29749,Ile-Leu-Arg,M-CO2+H[1+],8.7504,0.000209533229963199,EC000360
357.29829,Ile-Leu-Arg,M-CO2+H[1+],9.2205,0.00100953322998976,EC000360
357.29837,Ile-Leu-Arg,M-CO2+H[1+],8.8912,0.00108953322995831,EC000360
357.29839,Ile-Leu-Arg,M-CO2+H[1+],9.1119,0.00110953322996465,EC000360
357.29845,Ile-Leu-Arg,M-CO2+H[1+],8.9972,0.0011695332299837,EC000360
365.26483,Ile-Leu-Arg,M-H4O2+H[1+],9.3107,0.00105046676998199,EC000360
365.26933,Ile-Leu-Arg,M-H4O2+H[1+],9.0692,0.00344953323002528,EC000360
373.29108,Ile-Leu-Arg,M-CO+H[1+],9.2999,0.00100046676999455,EC000360
401.28571,Ile-Leu-Arg,M+H[1+],5.969,0.00137046677002672,EC000361
401.28808,Ile-Leu-Arg,M+H[1+],8.6926,0.000999533229958161,EC000360
401.28826,Ile-Leu-Arg,M+H[1+],8.8522,0.00117953322995845,EC000360
359.22727,Ile-Leu-Asn,M+H[1+],4.8674,0.00162746677005998,EC000416
359.23186,Ile-Leu-Asn,M+H[1+],6.0591,0.00296253322994744,EC000417
359.23191,Ile-Leu-Asn,M+H[1+],6.1118,0.00301253322999173,EC000417
397.18762,Ile-Leu-Asn,M+K[1+],6.2072,0.00322253322991628,EC000417
288.19049,Ile-Leu-Asp,M-C3H4O2+H[1+],4.0805,0.0013234667700317,EC000433
332.2165,Ile-Leu-Asp,M-CO+H[1+],4.0862,0.00141346677003185,EC000433
343.1884,Ile-Leu-Asp,M-NH3+H[1+],3.939,0.00198653322996734,EC000433
360.21139,Ile-Leu-Asp,M+H[1+],4.0278,0.00152346677003834,EC000433
355.23527,Ile-Leu-Gln,M-H2O+H[1+],6.8361,0.00132253322999532,EC000645
302.20577,Ile-Leu-Glu,M-C3H4O2+H[1+],4.8791,0.00169346677006388,EC000662
302.20596,Ile-Leu-Glu,M-C3H4O2+H[1+],4.814,0.00150346677003199,EC000662
302.20615,Ile-Leu-Glu,M-C3H4O2+H[1+],4.1172,0.00131346677005695,EC000662
328.22189,Ile-Leu-Glu,M-HCOOH+H[1+],4.3951,0.00127346677004425,EC000662
330.23725,Ile-Leu-Glu,M-CO2+H[1+],4.7337,0.00151346677000674,EC000662
374.22699,Ile-Leu-Glu,M+H[1+],4.6657,0.00157346677002579,EC000662
374.22752,Ile-Leu-Glu,M+H[1+],4.9761,0.00104346676999967,EC000662
302.20577,Ile-Leu-Gly,M+H[1+],4.8791,0.00166346677002593,EC000254
302.20596,Ile-Leu-Gly,M+H[1+],4.814,0.00147346676999405,EC000254
302.20615,Ile-Leu-Gly,M+H[1+],4.1172,0.001283466770019,EC000255
404.22803,Ile-Leu-His,M+Na[1+],4.3319,0.00114853322997988,EC000705
340.25843,Ile-Leu-Ile,M-H2O+H[1+],6.096,0.00100346677004381,EC000727
340.25856,Ile-Leu-Ile,M-H2O+H[1+],6.4317,0.000873466770030973,EC000728
340.26174,Ile-Leu-Ile,M-H2O+H[1+],10.0149,0.00230653322995522,EC000729
426.25993,Ile-Leu-Ile,M+HCOONa[1+],10.0485,0.00249653322998711,EC000729
340.25843,Ile-Leu-Leu,M-H2O+H[1+],6.096,0.00100346677004381,EC000727
340.25856,Ile-Leu-Leu,M-H2O+H[1+],6.4317,0.000873466770030973,EC000728
340.26174,Ile-Leu-Leu,M-H2O+H[1+],10.0149,0.00230653322995522,EC000729
426.25993,Ile-Leu-Leu,M+HCOONa[1+],10.0485,0.00249653322998711,EC000729
342.23741,Ile-Leu-Pro,M+H[1+],4.8873,0.00132346676997486,EC000730
364.22093,Ile-Leu-Pro,M+Na[1+],4.9615,0.000196533230052864,EC000730
332.2165,Ile-Leu-Ser,M+H[1+],4.0862,0.00149846676998777,EC000731
332.21815,Ile-Leu-Ser,M+H[1+],7.5378,0.000151533229995948,EC000732
332.21816,Ile-Leu-Ser,M+H[1+],7.6569,0.000161533230027544,EC000732
350.2287,Ile-Leu-Ser,M+H2O+H[1+],7.6064,0.000101533230008499,EC000732
350.22877,Ile-Leu-Ser,M+H2O+H[1+],7.3709,0.000171533230002296,EC000732
350.22882,Ile-Leu-Ser,M+H2O+H[1+],7.8421,0.000221533229989745,EC000732
328.22189,Ile-Leu-Thr,M-H2O+H[1+],4.3951,0.00115846677005038,EC000733
368.21516,Ile-Leu-Thr,M+Na[1+],6.0653,0.000488466770036666,EC000734
368.2161,Ile-Leu-Thr,M+Na[1+],6.1043,0.000451533229920642,EC000734
344.25264,Ile-Leu-Val,M+H[1+],5.1066,0.00174346677005133,EC000735
344.25454,Ile-Leu-Val,M+H[1+],8.8123,0.000156533229983324,EC000736
353.21537,Ile-Lys-Ala,M+Na[1+],7.8703,0.000612466770007813,EC000250
345.19223,Ile-Lys-Cys,M-H2O+H[1+],9.7536,0.00322446677000698,EC000532
385.18837,Ile-Lys-Cys,M+Na[1+],5.7612,0.000315533229979792,EC000533
371.22617,Ile-Lys-Glu,M-H2O+H[1+],5.0513,0.00269246676998591,EC000663
371.23188,Ile-Lys-Glu,M-H2O+H[1+],9.365,0.00301753322997911,EC000664
411.21785,Ile-Lys-Glu,M+Na[1+],9.5603,0.00361246677005056,EC000664
339.2013,Ile-Lys-Gly,M+Na[1+],4.9846,0.000967533230038953,EC000259
373.22346,Ile-Lys-Met,M-H2O+H[1+],10.5382,0.00329446677000078,EC000737
363.2731,Ile-Lys-Phe,M-CO2+H[1+],9.6709,0.00238246677002962,EC000738
407.26139,Ile-Lys-Phe,M+H[1+],4.8892,0.00389246677002575,EC000739
429.24842,Ile-Lys-Phe,M+Na[1+],9.524,0.00113753323000765,EC000738
428.2674,Ile-Lys-Trp,M-H2O+H[1+],4.927,0.00181853322999359,EC000740
405.25041,Ile-Lys-Tyr,M-H2O+H[1+],10.5407,0.000812533229975543,EC000741
423.25784,Ile-Lys-Tyr,M+H[1+],6.2018,0.0023574667700359,EC000742
341.25421,Ile-Lys-Val,M-H2O+H[1+],6.1074,0.000472466770020219,EC000743
373.22346,Ile-Met-Lys,M-H2O+H[1+],10.5382,0.00329446677000078,EC000737
431.20764,Ile-Met-Trp,M-H2O+H[1+],9.3715,0.00346446676996948,EC000744
384.19185,Ile-Met-Val,M+Na[1+],9.2729,0.000955466769994473,EC000745
333.17966,Ile-Phe-Ala,M-NH3+H[1+],7.1607,0.00127346676998741,EC000251
349.19714,Ile-Phe-Ala,M[1+],7.303,0.00301699999999983,EC000251
350.20726,Ile-Phe-Ala,M+H[1+],7.3157,0.000173466769979314,EC000251
351.21301,Ile-Phe-Ala,M(C13)+H[1+],7.2297,0.00217653322999922,EC000251
389.21765,Ile-Phe-Gln,M-H2O+H[1+],8.8,0.000647466770033134,EC000646
363.2731,Ile-Phe-Lys,M-CO2+H[1+],9.6709,0.00238246677002962,EC000738
407.26139,Ile-Phe-Lys,M+H[1+],4.8892,0.00389246677002575,EC000739
429.24842,Ile-Phe-Lys,M+Na[1+],9.524,0.00113753323000765,EC000738
378.23689,Ile-Phe-Val,M+H[1+],5.2771,0.00184346676996938,EC000746
211.14301,Ile-Pro,M-H2O+H[1+],5.1905,0.00105946676998769,EC000747
229.1535,Ile-Pro,M+H[1+],2.9007,0.00116946676999419,EC000748
229.15356,Ile-Pro,M+H[1+],2.5061,0.00110946677000356,EC000748
229.15357,Ile-Pro,M+H[1+],1.1719,0.00109946677000039,EC000749
313.23581,Ile-Pro-Arg,M-C3H4O2+H[1+],7.8792,0.001129533229971,EC000362
313.23594,Ile-Pro-Arg,M-C3H4O2+H[1+],7.6796,0.00125953322998384,EC000362
339.24907,Ile-Pro-Arg,M-HCOOH+H[1+],8.0018,0.00131046677000768,EC000362
339.24939,Ile-Pro-Arg,M-HCOOH+H[1+],8.1721,0.000990466770019793,EC000362
339.25179,Ile-Pro-Arg,M-HCOOH+H[1+],7.7499,0.00140953323000303,EC000362
367.24396,Ile-Pro-Arg,M-H2O+H[1+],7.3559,0.00122046677000753,EC000362
367.24397,Ile-Pro-Arg,M-H2O+H[1+],7.4703,0.00121046677003278,EC000362
367.24418,Ile-Pro-Arg,M-H2O+H[1+],7.9991,0.00100046677005139,EC000362
367.24437,Ile-Pro-Arg,M-H2O+H[1+],7.6994,0.000810466770019502,EC000362
407.23732,Ile-Pro-Arg,M+Na[1+],4.3058,0.000460466769993673,EC000363
407.23886,Ile-Pro-Arg,M+Na[1+],7.709,0.00107953322998355,EC000362
407.23923,Ile-Pro-Arg,M+Na[1+],7.3809,0.00144953323001573,EC000362
344.1803,Ile-Pro-Asp,M+H[1+],4.2046,0.0013134667700001,EC000434
344.18247,Ile-Pro-Asp,M+H[1+],4.0076,0.000856533230034984,EC000434
344.18433,Ile-Pro-Asp,M+H[1+],4.5858,0.0027165332300001,EC000434
339.2013,Ile-Pro-Gln,M-H2O+H[1+],4.9846,0.00134746676997111,EC000647
379.19512,Ile-Pro-Gln,M+Na[1+],4.5325,0.000127466769981766,EC000648
286.17477,Ile-Pro-Glu,M-C3H4O2+H[1+],4.1011,0.00139346676996865,EC000665
330.2004,Ile-Pro-Glu,M-CO+H[1+],4.0271,0.00186346676997573,EC000665
340.18419,Ile-Pro-Glu,M-H2O+H[1+],9.9444,0.0024734667699704,EC000666
358.19605,Ile-Pro-Glu,M+H[1+],3.7882,0.00121346676996836,EC000665
286.17477,Ile-Pro-Gly,M+H[1+],4.1011,0.00136346676998755,EC000265
342.23741,Ile-Pro-Ile,M+H[1+],4.8873,0.00132346676997486,EC000730
364.22093,Ile-Pro-Ile,M+Na[1+],4.9615,0.000196533230052864,EC000730
342.23741,Ile-Pro-Leu,M+H[1+],4.8873,0.00132346676997486,EC000730
364.22093,Ile-Pro-Leu,M+Na[1+],4.9615,0.000196533230052864,EC000730
326.20624,Ile-Pro-Pro,M+H[1+],3.4652,0.00119346677001886,EC000750
302.20615,Ile-Pro-Thr,M-CO+H[1+],4.1172,0.00119846677000623,EC000751
330.2004,Ile-Pro-Thr,M+H[1+],4.0271,0.0019484667699885,EC000751
330.2025,Ile-Pro-Thr,M+H[1+],7.5237,0.000151533229995948,EC000752
397.22509,Ile-Pro-Trp,M-H2O+H[1+],6.2071,0.00170753323004647,EC000753
415.23099,Ile-Pro-Trp,M+H[1+],6.8321,0.00299246676996745,EC000754
328.22189,Ile-Pro-Val,M+H[1+],4.3951,0.00119346677001886,EC000755
350.20726,Ile-Pro-Val,M+Na[1+],7.3157,0.00217653322999922,EC000483
357.2238,Ile-Ser-Arg,M-H2O+H[1+],9.073,0.000645466770038183,EC000364
375.23143,Ile-Ser-Arg,M+H[1+],9.7957,0.00361546677004299,EC000365
397.21661,Ile-Ser-Arg,M+Na[1+],0.6407,0.000435466770056792,EC000366
333.17966,Ile-Ser-Asn,M+H[1+],7.1607,0.00279753323002296,EC000232
355.15655,Ile-Ser-Asn,M+Na[1+],8.2902,0.00231246676997898,EC000233
332.2165,Ile-Ser-Ile,M+H[1+],4.0862,0.00149846676998777,EC000731
332.21815,Ile-Ser-Ile,M+H[1+],7.5378,0.000151533229995948,EC000732
332.21816,Ile-Ser-Ile,M+H[1+],7.6569,0.000161533230027544,EC000732
350.2287,Ile-Ser-Ile,M+H2O+H[1+],7.6064,0.000101533230008499,EC000732
350.22877,Ile-Ser-Ile,M+H2O+H[1+],7.3709,0.000171533230002296,EC000732
350.22882,Ile-Ser-Ile,M+H2O+H[1+],7.8421,0.000221533229989745,EC000732
332.2165,Ile-Ser-Leu,M+H[1+],4.0862,0.00149846676998777,EC000731
332.21815,Ile-Ser-Leu,M+H[1+],7.5378,0.000151533229995948,EC000732
332.21816,Ile-Ser-Leu,M+H[1+],7.6569,0.000161533230027544,EC000732
350.2287,Ile-Ser-Leu,M+H2O+H[1+],7.6064,0.000101533230008499,EC000732
350.22877,Ile-Ser-Leu,M+H2O+H[1+],7.3709,0.000171533230002296,EC000732
350.22882,Ile-Ser-Leu,M+H2O+H[1+],7.8421,0.000221533229989745,EC000732
387.20588,Ile-Ser-Trp,M-H2O+H[1+],8.8479,0.00323253323000472,EC000619
318.20109,Ile-Ser-Val,M+H[1+],4.026,0.00125846676996844,EC000756
340.18419,Ile-Ser-Val,M+Na[1+],9.9444,0.000158466769960341,EC000757
286.17477,Ile-Thr-Ala,M-H2O+H[1+],4.1011,0.00132846676996223,EC000252
371.23918,Ile-Thr-Arg,M-H2O+H[1+],9.6753,0.00091546677003862,EC000367
318.20109,Ile-Thr-Glu,M-CO2+H[1+],4.026,0.00128846677000638,EC000667
344.1803,Ile-Thr-Glu,M-H2O+H[1+],4.2046,0.00127846677003163,EC000667
344.18247,Ile-Thr-Glu,M-H2O+H[1+],4.0076,0.000891533230003461,EC000667
344.18433,Ile-Thr-Glu,M-H2O+H[1+],4.5858,0.00275153322996857,EC000667
328.22189,Ile-Thr-Ile,M-H2O+H[1+],4.3951,0.00115846677005038,EC000733
368.21516,Ile-Thr-Ile,M+Na[1+],6.0653,0.000488466770036666,EC000734
368.2161,Ile-Thr-Ile,M+Na[1+],6.1043,0.000451533229920642,EC000734
328.22189,Ile-Thr-Leu,M-H2O+H[1+],4.3951,0.00115846677005038,EC000733
368.21516,Ile-Thr-Leu,M+Na[1+],6.0653,0.000488466770036666,EC000734
368.2161,Ile-Thr-Leu,M+Na[1+],6.1043,0.000451533229920642,EC000734
302.20615,Ile-Thr-Pro,M-CO+H[1+],4.1172,0.00119846677000623,EC000751
330.2004,Ile-Thr-Pro,M+H[1+],4.0271,0.0019484667699885,EC000751
330.2025,Ile-Thr-Pro,M+H[1+],7.5237,0.000151533229995948,EC000752
441.20792,Ile-Thr-Trp,M+Na[1+],6.5814,0.00297746677000532,EC000758
332.2165,Ile-Thr-Val,M+H[1+],4.0862,0.00149846676998777,EC000731
332.21815,Ile-Thr-Val,M+H[1+],7.5378,0.000151533229995948,EC000732
332.21816,Ile-Thr-Val,M+H[1+],7.6569,0.000161533230027544,EC000732
350.2287,Ile-Thr-Val,M+H2O+H[1+],7.6064,0.000101533230008499,EC000732
350.22877,Ile-Thr-Val,M+H2O+H[1+],7.3709,0.000171533230002296,EC000732
350.22882,Ile-Thr-Val,M+H2O+H[1+],7.8421,0.000221533229989745,EC000732
389.21765,Ile-Trp-Ala,M+H[1+],8.8,0.000682466770001611,EC000253
474.28331,Ile-Trp-Arg,M+H[1+],7.5544,0.000980533229949287,EC000368
414.21365,Ile-Trp-Asn,M-H2O+H[1+],7.0331,0.00010353323000345,EC000339
433.20797,Ile-Trp-Asp,M+H[1+],9.3701,0.00019246677004503,EC000343
433.20813,Ile-Trp-Asp,M+H[1+],9.4959,3.24667700510872e-05,EC000343
357.19217,Ile-Trp-Gly,M-H2O+H[1+],8.8111,8.75332299870024e-05,EC000268
397.18762,Ile-Trp-Gly,M+Na[1+],6.2072,0.00293753322995371,EC000269
428.2674,Ile-Trp-Lys,M-H2O+H[1+],4.927,0.00181853322999359,EC000740
431.20764,Ile-Trp-Met,M-H2O+H[1+],9.3715,0.00346446676996948,EC000744
397.22509,Ile-Trp-Pro,M-H2O+H[1+],6.2071,0.00170753323004647,EC000753
415.23099,Ile-Trp-Pro,M+H[1+],6.8321,0.00299246676996745,EC000754
387.20588,Ile-Trp-Ser,M-H2O+H[1+],8.8479,0.00323253323000472,EC000619
441.20792,Ile-Trp-Thr,M+Na[1+],6.5814,0.00297746677000532,EC000758
398.17202,Ile-Tyr-Cys,M+H[1+],6.2033,0.00240046677004102,EC000534
352.19012,Ile-Tyr-Gly,M+H[1+],8.9886,0.00342153322998229,EC000273
414.21365,Ile-Tyr-His,M-H2O+H[1+],7.0331,0.00010353323000345,EC000339
405.25041,Ile-Tyr-Lys,M-H2O+H[1+],10.5407,0.000812533229975543,EC000741
423.25784,Ile-Tyr-Lys,M+H[1+],6.2018,0.0023574667700359,EC000742
302.20577,Ile-Val-Ala,M+H[1+],4.8791,0.00166346677002593,EC000254
302.20596,Ile-Val-Ala,M+H[1+],4.814,0.00147346676999405,EC000254
302.20615,Ile-Val-Ala,M+H[1+],4.1172,0.001283466770019,EC000255
369.26136,Ile-Val-Arg,M-H2O+H[1+],6.6192,0.000529533230007928,EC000369
387.27484,Ile-Val-Arg,M+H[1+],10.0296,0.00340953322995574,EC000370
388.27294,Ile-Val-Arg,M(C13)+H[1+],10.0249,0.00189046677002125,EC000370
409.25443,Ile-Val-Arg,M+Na[1+],7.595,0.000999533229958161,EC000371
327.19991,Ile-Val-Asn,M-H2O+H[1+],4.7899,0.00273746676998599,EC000418
328.18692,Ile-Val-Asp,M-H2O+H[1+],7.2246,0.000256533230015066,EC000435
329.17096,Ile-Val-Asp,M-NH3+H[1+],7.0883,0.000196533229996021,EC000435
359.22727,Ile-Val-Gln,M+H[1+],4.8674,0.00162746677005998,EC000416
359.23186,Ile-Val-Gln,M+H[1+],6.0591,0.00296253322994744,EC000417
359.23191,Ile-Val-Gln,M+H[1+],6.1118,0.00301253322999173,EC000417
397.18762,Ile-Val-Gln,M+K[1+],6.2072,0.00322253322991628,EC000417
288.19049,Ile-Val-Glu,M-C3H4O2+H[1+],4.0805,0.0013234667700317,EC000433
332.2165,Ile-Val-Glu,M-CO+H[1+],4.0862,0.00141346677003185,EC000433
343.1884,Ile-Val-Glu,M-NH3+H[1+],3.939,0.00198653322996734,EC000433
360.21139,Ile-Val-Glu,M+H[1+],4.0278,0.00152346677003834,EC000433
288.19049,Ile-Val-Gly,M+H[1+],4.0805,0.00129346676999376,EC000274
332.2071,Ile-Val-His,M-H4O2+H[1+],7.1072,0.00093146676994138,EC000706
350.21774,Ile-Val-His,M-H2O+H[1+],6.9039,0.000891466769985527,EC000706
369.2354,Ile-Val-His,M(C13)+H[1+],7.0984,0.00276853323003934,EC000706
344.25264,Ile-Val-Ile,M+H[1+],5.1066,0.00174346677005133,EC000735
344.25454,Ile-Val-Ile,M+H[1+],8.8123,0.000156533229983324,EC000736
344.25264,Ile-Val-Leu,M+H[1+],5.1066,0.00174346677005133,EC000735
344.25454,Ile-Val-Leu,M+H[1+],8.8123,0.000156533229983324,EC000736
341.25421,Ile-Val-Lys,M-H2O+H[1+],6.1074,0.000472466770020219,EC000743
384.19185,Ile-Val-Met,M+Na[1+],9.2729,0.000955466769994473,EC000745
378.23689,Ile-Val-Phe,M+H[1+],5.2771,0.00184346676996938,EC000746
328.22189,Ile-Val-Pro,M+H[1+],4.3951,0.00119346677001886,EC000755
350.20726,Ile-Val-Pro,M+Na[1+],7.3157,0.00217653322999922,EC000483
318.20109,Ile-Val-Ser,M+H[1+],4.026,0.00125846676996844,EC000756
340.18419,Ile-Val-Ser,M+Na[1+],9.9444,0.000158466769960341,EC000757
332.2165,Ile-Val-Thr,M+H[1+],4.0862,0.00149846676998777,EC000731
332.21815,Ile-Val-Thr,M+H[1+],7.5378,0.000151533229995948,EC000732
332.21816,Ile-Val-Thr,M+H[1+],7.6569,0.000161533230027544,EC000732
350.2287,Ile-Val-Thr,M+H2O+H[1+],7.6064,0.000101533230008499,EC000732
350.22877,Ile-Val-Thr,M+H2O+H[1+],7.3709,0.000171533230002296,EC000732
350.22882,Ile-Val-Thr,M+H2O+H[1+],7.8421,0.000221533229989745,EC000732
330.23725,Ile-Val-Val,M+H[1+],4.7337,0.0014834667699688,EC000759
352.22346,Ile-Val-Val,M+Na[1+],8.2116,0.00272653323003169,EC000760
203.02132,Imidazole acetol-phosphate,M-H2O+H[1+],2.2325,0.000264386769998737,EC000761
127.0493,Imidazoleacetic acid,M+H[1+],1.186,0.000903912769985027,EC000185
123.05431,Imidazolepropionic acid,M-H2O+H[1+],1.0098,0.000943976769988808,EC00029
124.03838,Imidazolepropionic acid,M-NH3+H[1+],0.9702,0.00097397676998412,EC00029
318.0937,Indican,M+Na[1+],0.7968,0.00116373776995715,EC000762
213.06259,Indole-3-acetaldoxime N-oxide,M+Na[1+],0.7741,0.000914466770012723,EC000763
190.08519,Indole-3-methyl acetate,M+H[1+],5.6781,0.00106506776998572,EC000159
190.08519,Indole-3-propionic acid,M+H[1+],5.6781,0.00106506776998572,EC000159
160.07471,Indoleacetaldehyde,M+H[1+],1.2777,0.000980381770006034,EC000184
176.0696,Indoleacetic acid,M+H[1+],5.1887,0.0010050037699898,EC000156
144.07976,Indoleacrylic acid,M-CO2+H[1+],3.6705,0.0010450007700058,EC000181
144.0798,Indoleacrylic acid,M-CO2+H[1+],2.3272,0.0010050007699931,EC000181
188.06958,Indoleacrylic acid,M+H[1+],2.2078,0.00102500076999945,EC000181
189.07291,Indoleacrylic acid,M(C13)+H[1+],2.1959,0.00109500076999325,EC000181
188.06958,Indolelactic acid,M-H2O+H[1+],2.2078,0.000989689769994584,EC000160
206.0801,Indolelactic acid,M+H[1+],4.8711,0.00106968977001998,EC000161
207.08331,Indolelactic acid,M(C13)+H[1+],4.8696,0.00125968976999502,EC000161
228.06203,Indolelactic acid,M+Na[1+],4.8713,0.00113968977001377,EC000161
189.01509,Inositol 4-phosphate,M-C3H4O2+H[1+],0.7561,0.000804992770042645,EC000461
261.03472,Inositol 4-phosphate,M+H[1+],1.0578,0.00227499277002607,EC000462
261.03557,Inositol 4-phosphate,M+H[1+],1.1737,0.00142499277001207,EC000462
261.03589,Inositol 4-phosphate,M+H[1+],0.7529,0.00110499277002418,EC000461
279.04661,Inositol 4-phosphate,M+H2O+H[1+],0.7428,0.000984992770042936,EC000461
189.01509,Inositol phosphate,M-C3H4O2+H[1+],0.7561,0.000804992770042645,EC000461
261.03472,Inositol phosphate,M+H[1+],1.0578,0.00227499277002607,EC000462
261.03557,Inositol phosphate,M+H[1+],1.1737,0.00142499277001207,EC000462
261.03589,Inositol phosphate,M+H[1+],0.7529,0.00110499277002418,EC000461
279.04661,Inositol phosphate,M+H2O+H[1+],0.7428,0.000984992770042936,EC000461
365.10374,Inulobiose,M+Na[1+],0.9283,0.00174801277000824,EC00092
381.07789,Inulobiose,M+K[1+],0.7446,0.00109801276994403,EC00092
379.84575,Iodoquinol,M-H2O+H[1+],9.5616,0.00301353322998921,EC000764
162.10153,Iproniazid,M-H2O+H[1+],2.0003,0.00100846677000277,EC000765
429.23862,Irbesartan,M+H[1+],10.6537,0.00111601476999112,EC000766
113.05656,Isobutene glycol,M+Na[1+],1.2082,0.000716466769986823,EC0007
343.19148,Isohumulinone A,M-H4O2+H[1+],9.7549,0.00116484123003602,EC000724
379.21421,Isohumulinone A,M+H[1+],9.7556,0.00269484122998165,EC000724
167.11688,Isoleucyl-Alanine,M-H4O2+H[1+],2.1518,0.000938918770003738,EC000275
203.13733,Isoleucyl-Alanine,M+H[1+],1.1447,0.00168891877001442,EC000276
203.1379,Isoleucyl-Alanine,M+H[1+],0.9523,0.00111891877000403,EC000276
225.12215,Isoleucyl-Alanine,M+Na[1+],3.2702,0.00113108122999961,EC000275
225.12228,Isoleucyl-Alanine,M+Na[1+],3.9722,0.00126108122998403,EC000275
288.20172,Isoleucyl-Arginine,M+H[1+],0.9316,0.00129615776995706,EC000372
246.14305,Isoleucyl-Asparagine,M+H[1+],1.4277,0.00178257777002955,EC000244
175.10684,Isoleucyl-Aspartate,M-C3H4O2+H[1+],0.7771,0.000908162770002718,EC00081
203.13733,Isoleucyl-Aspartate,M-CO2+H[1+],1.1447,0.00171816277000403,EC00081
203.1379,Isoleucyl-Aspartate,M-CO2+H[1+],0.9523,0.00114816276999363,EC00081
211.10664,Isoleucyl-Aspartate,M-H4O2+H[1+],2.0433,0.00100816277000604,EC00081
211.10667,Isoleucyl-Aspartate,M-H4O2+H[1+],2.7578,0.000978162769996516,EC00081
219.13286,Isoleucyl-Aspartate,M-CO+H[1+],1.4241,0.00098816276999969,EC00081
247.12755,Isoleucyl-Aspartate,M+H[1+],1.7436,0.0012981627699844,EC00081
247.1293,Isoleucyl-Aspartate,M+H[1+],5.037,0.000451837230002639,EC00082
269.11198,Isoleucyl-Aspartate,M+Na[1+],3.9531,0.00113183722999111,EC00081
189.12234,Isoleucyl-Glutamate,M-C3H4O2+H[1+],1.6174,0.00105821877002654,EC000674
215.13798,Isoleucyl-Glutamate,M-HCOOH+H[1+],1.3876,0.00111821877001717,EC000674
217.15307,Isoleucyl-Glutamate,M-CO2+H[1+],1.2601,0.00162821877000852,EC000674
225.12215,Isoleucyl-Glutamate,M-H4O2+H[1+],3.2702,0.00114821877002669,EC000675
225.12228,Isoleucyl-Glutamate,M-H4O2+H[1+],3.9722,0.00101821877004227,EC000675
233.14862,Isoleucyl-Glutamate,M-CO+H[1+],1.6244,0.000878218770026251,EC000674
243.13278,Isoleucyl-Glutamate,M-H2O+H[1+],1.6699,0.00111821877001717,EC000674
243.13281,Isoleucyl-Glutamate,M-H2O+H[1+],4.5528,0.00108821877000764,EC000675
261.14311,Isoleucyl-Glutamate,M+H[1+],4.4,0.00138821877004602,EC000675
261.14327,Isoleucyl-Glutamate,M+H[1+],1.6703,0.00122821877005208,EC000674
261.14495,Isoleucyl-Glutamate,M+H[1+],7.1139,0.000451781229969583,EC000676
261.14709,Isoleucyl-Glutamate,M+H[1+],10.6523,0.00259178122996673,EC000677
263.1377,Isoleucyl-Glutamate,M(S34)+H[1+],4.3272,0.00259821877000377,EC000675
279.15777,Isoleucyl-Glutamate,M+H2O+H[1+],10.6615,0.00267178122999212,EC000677
283.12516,Isoleucyl-Glutamate,M+Na[1+],4.3964,0.00133821877005857,EC000675
243.13278,Isoleucyl-Glutamine,M-NH3+H[1+],1.6699,0.00120264176999285,EC000214
260.15902,Isoleucyl-Glutamine,M+H[1+],1.5209,0.00146264176999011,EC000214
189.12234,Isoleucyl-Glycine,M+H[1+],1.6174,0.00102885476999859,EC000277
211.10664,Isoleucyl-Glycine,M+Na[1+],2.0433,0.0012711452299925,EC000277
211.10667,Isoleucyl-Glycine,M+Na[1+],2.7578,0.00130114523000202,EC000277
227.07812,Isoleucyl-Glycine,M+K[1+],2.2154,0.000748854769994978,EC000277
245.18471,Isoleucyl-Isoleucine,M+H[1+],4.0896,0.00125911077000751,EC000767
245.18481,Isoleucyl-Isoleucine,M+H[1+],4.318,0.00115911077000419,EC000767
245.18471,Isoleucyl-Leucine,M+H[1+],4.0896,0.00125911077000751,EC000767
245.18481,Isoleucyl-Leucine,M+H[1+],4.318,0.00115911077000419,EC000767
260.19548,Isoleucyl-Lysine,M+H[1+],0.9164,0.00138814777005791,EC000768
245.13183,Isoleucyl-Methionine,M-H2O+H[1+],5.4025,4.02632300335881e-05,EC000769
173.12745,Isoleucyl-Serine,M-HCOOH+H[1+],1.7161,0.00108354076999717,EC000550
183.11172,Isoleucyl-Serine,M-H4O2+H[1+],2.0948,0.0010135407700318,EC000550
219.13286,Isoleucyl-Serine,M+H[1+],1.4241,0.00107354077002242,EC000550
197.12742,Isoleucyl-Threonine,M-H4O2+H[1+],1.5579,0.00096360477002122,EC000770
215.13798,Isoleucyl-Threonine,M-H2O+H[1+],1.3876,0.0010036047700055,EC000770
216.12258,Isoleucyl-Threonine,M-NH3+H[1+],0.6339,0.000503604770017319,EC000771
233.14849,Isoleucyl-Threonine,M+H[1+],0.6259,0.00109360477000564,EC000771
233.14862,Isoleucyl-Threonine,M+H[1+],1.6244,0.00096360477002122,EC000770
233.15013,Isoleucyl-Threonine,M+H[1+],6.7319,0.000546395229974905,EC000772
233.15014,Isoleucyl-Threonine,M+H[1+],6.1543,0.000556395229978079,EC000773
235.14788,Isoleucyl-Threonine,M(Cl37)+H[1+],6.8753,0.00109639522997895,EC000772
251.15901,Isoleucyl-Threonine,M+H2O+H[1+],0.6216,0.00117360477003103,EC000771
295.16371,Isoleucyl-Tyrosine,M+H[1+],3.5851,0.00152366877000532,EC000774
231.16918,Isoleucyl-Valine,M+H[1+],2.6794,0.00113904676999255,EC000775
231.16924,Isoleucyl-Valine,M+H[1+],1.8752,0.00107904677000192,EC000775
231.16938,Isoleucyl-Valine,M+H[1+],2.1645,0.000939046770014329,EC000775
265.24997,Isolinderanolide,M-C3H4O2+H[1+],9.1182,0.00265148477001276,EC000776
265.25108,Isolinderanolide,M-C3H4O2+H[1+],9.2224,0.00154148477002991,EC000776
265.25129,Isolinderanolide,M-C3H4O2+H[1+],9.5603,0.00133148477004852,EC000776
265.25132,Isolinderanolide,M-C3H4O2+H[1+],8.8068,0.00130148477001057,EC000776
265.25143,Isolinderanolide,M-C3H4O2+H[1+],9.4204,0.00119148477000408,EC000776
265.25144,Isolinderanolide,M-C3H4O2+H[1+],9.9597,0.00118148477002933,EC000776
291.26712,Isolinderanolide,M-HCOOH+H[1+],9.6437,0.00120148477003568,EC000776
293.28283,Isolinderanolide,M-CO2+H[1+],10.0488,0.00109148477002918,EC000776
337.27196,Isolinderanolide,M+H[1+],8.9562,0.0017614847700429,EC000776
337.272,Isolinderanolide,M+H[1+],10.2272,0.0017214847700302,EC000776
337.27207,Isolinderanolide,M+H[1+],8.8467,0.0016514847700364,EC000776
337.27227,Isolinderanolide,M+H[1+],8.7215,0.00145148477002977,EC000776
337.27231,Isolinderanolide,M+H[1+],9.2603,0.00141148477001707,EC000776
337.27234,Isolinderanolide,M+H[1+],8.6615,0.00138148477003597,EC000776
337.27235,Isolinderanolide,M+H[1+],9.1614,0.00137148477000437,EC000776
355.28181,Isolinderanolide,M+H2O+H[1+],9.2616,0.00251148477002516,EC000776
355.28198,Isolinderanolide,M+H2O+H[1+],8.8485,0.00234148477005647,EC000776
355.28243,Isolinderanolide,M+H2O+H[1+],8.719,0.00189148477005574,EC000776
355.28268,Isolinderanolide,M+H2O+H[1+],8.6129,0.00164148477000481,EC000776
355.28271,Isolinderanolide,M+H2O+H[1+],10.2235,0.00161148477002371,EC000776
375.23143,Isolinderanolide,M+K[1+],9.7957,0.00220851522993826,EC000776
421.23104,Isolinderanolide,M+HCOOK[1+],8.4627,0.00398148477000859,EC000776
124.03838,Isonicotinic acid,M+H[1+],0.9702,0.000924875769996447,EC00052
261.07555,Isopropyl beta-D-thiogalactoside,M+Na[1+],1.7267,0.00122646676999238,EC000777
183.11172,Isoputreanine,M+Na[1+],2.0948,0.00126576722999516,EC000778
201.01492,Isosorbide Dinitrate,M-H4O2+H[1+],0.7324,0.000778291229977413,EC000779
219.02552,Isosorbide Dinitrate,M-H2O+H[1+],0.7397,0.000778291230005834,EC000779
146.11654,Isovalerylalanine,M-CO+H[1+],0.7882,0.000929817770014552,EC000701
146.11658,Isovalerylalanine,M-CO+H[1+],0.9695,0.000889817770001855,EC000701
173.10628,Isovalerylalanine,M[1+],3.6616,0.00108664900000122,EC000702
174.11123,Isovalerylalanine,M+H[1+],0.7765,0.00123981776999926,EC000701
196.09339,Isovalerylalanine,M+Na[1+],3.9295,0.00107981777000532,EC000702
196.09343,Isovalerylalanine,M+Na[1+],4.7462,0.00103981776999262,EC000703
132.10106,Isovalerylglycine,M-CO+H[1+],1.0714,0.000759753770012139,EC00065
182.08008,Isovalerylglycine,M+Na[1+],5.0202,0.00126024623000376,EC00066
182.08013,Isovalerylglycine,M+Na[1+],0.9628,0.00131024622999121,EC00065
146.11654,Isovalerylsarcosine,M-CO+H[1+],0.7882,0.000929817770014552,EC000701
146.11658,Isovalerylsarcosine,M-CO+H[1+],0.9695,0.000889817770001855,EC000701
173.10628,Isovalerylsarcosine,M[1+],3.6616,0.00108664900000122,EC000702
174.11123,Isovalerylsarcosine,M+H[1+],0.7765,0.00123981776999926,EC000701
196.09339,Isovalerylsarcosine,M+Na[1+],3.9295,0.00107981777000532,EC000702
196.09343,Isovalerylsarcosine,M+Na[1+],4.7462,0.00103981776999262,EC000703
341.23073,Kinetensin 1-3,M-H2O+H[1+],7.3086,0.00120006322998734,EC000217
359.24353,Kinetensin 1-3,M+H[1+],9.3734,0.00340006323000352,EC000218
223.16821,Kobusone,M+H[1+],9.2975,0.00104641477003042,EC000780
173.10628,"L-1,2,3,4-Tetrahydro-beta-carboline-3-carboxylic acid",M-CO2+H[1+],3.6616,0.00107410476999803,EC000781
217.09617,"L-1,2,3,4-Tetrahydro-beta-carboline-3-carboxylic acid",M+H[1+],3.2183,0.000984104769997884,EC000781
217.09659,"L-1,2,3,4-Tetrahydro-beta-carboline-3-carboxylic acid",M+H[1+],4.1798,0.000564104770006679,EC000781
116.06968,L-2-Amino-5-hydroxypentanoic acid,M-H2O+H[1+],0.7753,0.000889689769991264,EC000782
117.05366,L-2-Amino-5-hydroxypentanoic acid,M-NH3+H[1+],0.7674,0.00100968977000093,EC000782
218.0415,L-2-Amino-5-hydroxypentanoic acid,M+HCOOK[1+],0.6896,0.000969689769988236,EC000782
132.10106,L-Alloisoleucine,M+H[1+],1.0714,0.000845131770006446,EC000463
154.08526,L-Alloisoleucine,M+Na[1+],5.0085,0.00135486823000974,EC000464
101.02241,L-Aspartate-semialdehyde,M-NH3+H[1+],1.0092,0.000959561770002892,EC000200
136.06075,L-Aspartate-semialdehyde,M+H2O+H[1+],1.1146,0.000280438229992797,EC000200
136.0608,L-Aspartate-semialdehyde,M+H2O+H[1+],0.8554,0.000330438229980246,EC000200
140.03325,L-Aspartate-semialdehyde,M+Na[1+],0.9647,0.00138043823000089,EC000200
176.00979,L-Aspartate-semialdehyde,M+NaCl[1+],0.8418,0.00132043823001027,EC000200
199.09301,L-Cladinose,M+Na[1+],5.0114,0.00112546677002001,EC000783
215.06688,L-Cladinose,M+K[1+],5.0817,0.000755466770016255,EC000783
263.012,L-Cystine,M+Na[1+],1.0665,0.00112472876998027,EC000545
154.08526,L-Dopa,M-CO2+H[1+],5.0085,0.00102431177000994,EC000784
180.06445,L-Dopa,M-H2O+H[1+],5.0534,0.00103431177001312,EC000784
163.05936,L-Galactose,M-H2O+H[1+],0.7702,0.000704572769990364,EC000547
163.05949,L-Galactose,M-H2O+H[1+],6.3524,0.000574572769977522,EC000548
163.05952,L-Galactose,M-H2O+H[1+],6.1637,0.000544572769996421,EC000548
203.0516,L-Galactose,M+Na[1+],0.5212,0.00106457276999095,EC000547
189.12234,L-gamma-glutamyl-L-isoleucine,M-C3H4O2+H[1+],1.6174,0.00105821877002654,EC000674
215.13798,L-gamma-glutamyl-L-isoleucine,M-HCOOH+H[1+],1.3876,0.00111821877001717,EC000674
217.15307,L-gamma-glutamyl-L-isoleucine,M-CO2+H[1+],1.2601,0.00162821877000852,EC000674
225.12215,L-gamma-glutamyl-L-isoleucine,M-H4O2+H[1+],3.2702,0.00114821877002669,EC000675
225.12228,L-gamma-glutamyl-L-isoleucine,M-H4O2+H[1+],3.9722,0.00101821877004227,EC000675
233.14862,L-gamma-glutamyl-L-isoleucine,M-CO+H[1+],1.6244,0.000878218770026251,EC000674
243.13278,L-gamma-glutamyl-L-isoleucine,M-H2O+H[1+],1.6699,0.00111821877001717,EC000674
243.13281,L-gamma-glutamyl-L-isoleucine,M-H2O+H[1+],4.5528,0.00108821877000764,EC000675
261.14311,L-gamma-glutamyl-L-isoleucine,M+H[1+],4.4,0.00138821877004602,EC000675
261.14327,L-gamma-glutamyl-L-isoleucine,M+H[1+],1.6703,0.00122821877005208,EC000674
261.14495,L-gamma-glutamyl-L-isoleucine,M+H[1+],7.1139,0.000451781229969583,EC000676
261.14709,L-gamma-glutamyl-L-isoleucine,M+H[1+],10.6523,0.00259178122996673,EC000677
263.1377,L-gamma-glutamyl-L-isoleucine,M(S34)+H[1+],4.3272,0.00259821877000377,EC000675
279.15777,L-gamma-glutamyl-L-isoleucine,M+H2O+H[1+],10.6615,0.00267178122999212,EC000677
283.12516,L-gamma-glutamyl-L-isoleucine,M+Na[1+],4.3964,0.00133821877005857,EC000675
189.12234,L-gamma-glutamyl-L-leucine,M-C3H4O2+H[1+],1.6174,0.00105822676999878,EC000674
215.13798,L-gamma-glutamyl-L-leucine,M-HCOOH+H[1+],1.3876,0.00111822676998941,EC000674
217.15307,L-gamma-glutamyl-L-leucine,M-CO2+H[1+],1.2601,0.00162822676998076,EC000674
225.12215,L-gamma-glutamyl-L-leucine,M-H4O2+H[1+],3.2702,0.00114822676999893,EC000675
225.12228,L-gamma-glutamyl-L-leucine,M-H4O2+H[1+],3.9722,0.00101822677001451,EC000675
233.14862,L-gamma-glutamyl-L-leucine,M-CO+H[1+],1.6244,0.000878226769998491,EC000674
243.13278,L-gamma-glutamyl-L-leucine,M-H2O+H[1+],1.6699,0.00111822676998941,EC000674
243.13281,L-gamma-glutamyl-L-leucine,M-H2O+H[1+],4.5528,0.00108822676997988,EC000675
261.14311,L-gamma-glutamyl-L-leucine,M+H[1+],4.4,0.00138822677001826,EC000675
261.14327,L-gamma-glutamyl-L-leucine,M+H[1+],1.6703,0.00122822677002432,EC000674
261.14495,L-gamma-glutamyl-L-leucine,M+H[1+],7.1139,0.000451773229997343,EC000676
261.14709,L-gamma-glutamyl-L-leucine,M+H[1+],10.6523,0.00259177322999449,EC000677
263.1377,L-gamma-glutamyl-L-leucine,M(S34)+H[1+],4.3272,0.00259822676997601,EC000675
279.15777,L-gamma-glutamyl-L-leucine,M+H2O+H[1+],10.6615,0.00267177323001988,EC000677
283.12516,L-gamma-glutamyl-L-leucine,M+Na[1+],4.3964,0.00133822676997397,EC000675
175.10684,L-gamma-glutamyl-L-valine,M-C3H4O2+H[1+],0.7771,0.000908154769973635,EC00081
203.13733,L-gamma-glutamyl-L-valine,M-CO2+H[1+],1.1447,0.00171815477000337,EC00081
203.1379,L-gamma-glutamyl-L-valine,M-CO2+H[1+],0.9523,0.00114815476999297,EC00081
211.10664,L-gamma-glutamyl-L-valine,M-H4O2+H[1+],2.0433,0.00100815477000538,EC00081
211.10667,L-gamma-glutamyl-L-valine,M-H4O2+H[1+],2.7578,0.000978154769995854,EC00081
219.13286,L-gamma-glutamyl-L-valine,M-CO+H[1+],1.4241,0.000988154769999028,EC00081
247.12755,L-gamma-glutamyl-L-valine,M+H[1+],1.7436,0.00129815476998374,EC00081
247.1293,L-gamma-glutamyl-L-valine,M+H[1+],5.037,0.0004518452300033,EC00082
269.11198,L-gamma-glutamyl-L-valine,M+Na[1+],3.9531,0.00113184523002019,EC00081
130.04908,L-Glutamic acid,M-H2O+H[1+],0.9782,0.000754247770004213,EC000549
148.05956,L-Glutamic acid,M+H[1+],0.8487,0.000874247770013881,EC000549
150.05743,L-Glutamic acid,M(Cl37)+H[1+],0.9057,0.000204247770000165,EC000549
150.05743,L-Glutamic acid,M(S34)+H[1+],0.9057,0.00119575222998947,EC000549
169.05972,L-Glutamine,M+Na[1+],5.3335,0.00130133722998949,EC000278
291.04657,L-Homocystine,M+Na[1+],0.8042,0.00214514322999548,EC000785
291.04667,L-Homocystine,M+Na[1+],0.9193,0.00224514323002722,EC000785
275.00645,L-Iduronate 2-sulfate,M+H[1+],1.0173,0.000294466770014878,EC000786
132.10106,L-Isoleucine,M+H[1+],1.0714,0.000845131770006446,EC000463
154.08526,L-Isoleucine,M+Na[1+],5.0085,0.00135486823000974,EC000464
231.07598,L-Kynurenine,M+Na[1+],1.0444,0.00191127322997886,EC000620
247.04895,L-Kynurenine,M+K[1+],1.0522,0.00138127322998116,EC000620
132.10106,L-Leucine,M+H[1+],1.0714,0.000845131770006446,EC000463
154.08526,L-Leucine,M+Na[1+],5.0085,0.00135486823000974,EC000464
147.11186,L-Lysine,M+H[1+],0.6541,0.000944168769990483,EC000787
150.05743,L-Methionine,M+H[1+],0.9057,0.000895757769995953,EC000788
152.05568,L-Methionine,M(Cl37)+H[1+],0.8773,0.000154242229996271,EC000788
120.07984,L-Phenylalanine,M-HCOOH+H[1+],1.5093,0.00101506776996985,EC000455
166.08535,L-Phenylalanine,M+H[1+],1.5172,0.000905067769991774,EC000455
167.08849,L-Phenylalanine,M(C13)+H[1+],1.5208,0.00116506776998904,EC000455
188.06721,L-Phenylalanine,M+Na[1+],1.5207,0.00104506777000779,EC000455
188.06958,L-Phenylalanine,M+Na[1+],2.2078,0.00132493223000552,EC000455
116.06968,L-Proline,M+H[1+],0.7753,0.000925003769992827,EC000196
138.05389,L-Proline,M+Na[1+],0.8215,0.00128499622999811,EC000196
147.11186,L-Theanine,M-CO+H[1+],0.6541,0.000858790769996176,EC000689
175.10684,L-Theanine,M+H[1+],0.7771,0.000878790770002524,EC000689
213.06259,L-Theanine,M+K[1+],0.7741,0.000628790770008436,EC000689
282.2768,L-threo-Sphingosine,M-H2O+H[1+],8.9599,0.00230546676999666,EC000789
282.2778,L-threo-Sphingosine,M-H2O+H[1+],8.4567,0.00130546676996346,EC000790
282.27834,L-threo-Sphingosine,M-H2O+H[1+],9.4197,0.000765466769962586,EC000791
283.26216,L-threo-Sphingosine,M-NH3+H[1+],8.8062,0.00104546676999462,EC000789
283.26389,L-threo-Sphingosine,M-NH3+H[1+],9.189,0.000684533230014495,EC000792
300.28784,L-threo-Sphingosine,M+H[1+],7.6193,0.00186546676997068,EC000793
300.2883,L-threo-Sphingosine,M+H[1+],8.455,0.0014054667699952,EC000790
300.28845,L-threo-Sphingosine,M+H[1+],9.186,0.00125546676997601,EC000792
318.29896,L-threo-Sphingosine,M+H2O+H[1+],7.6169,0.00134546676997616,EC000793
161.10633,L-Tryptophan,M-CO2+H[1+],2.324,0.00102410476998216,EC000554
177.10122,L-Tryptophan,M-CO+H[1+],1.5773,0.000934104769982014,EC000554
177.10123,L-Tryptophan,M-CO+H[1+],1.279,0.000924104770007261,EC000554
188.06958,L-Tryptophan,M-NH3+H[1+],2.2078,0.00107410476999803,EC000554
205.09514,L-Tryptophan,M+H[1+],2.2058,0.00201410477001218,EC000554
206.09854,L-Tryptophan,M(C13)+H[1+],2.2085,0.00201410476998376,EC000554
223.10685,L-Tryptophan,M+H2O+H[1+],2.094,0.000904104770000913,EC000554
227.07812,L-Tryptophan,M+Na[1+],2.2154,0.00103410476998533,EC000554
136.07471,L-Tyrosine,M-HCOOH+H[1+],5.015,0.00105968976998838,EC00054
146.05906,L-Tyrosine,M-H4O2+H[1+],5.0643,0.000909689770026034,EC00054
154.08526,L-Tyrosine,M-CO+H[1+],5.0085,0.000909689769997613,EC00054
182.08008,L-Tyrosine,M+H[1+],5.0202,0.0010896897699979,EC00054
182.08013,L-Tyrosine,M+H[1+],0.9628,0.00103968977001045,EC00055
183.08447,L-Tyrosine,M(C13)+H[1+],0.9399,9.96897699963029e-05,EC00055
204.06208,L-Tyrosine,M+Na[1+],5.0184,0.0010896897699979,EC00054
118.08535,L-Valine,M+H[1+],0.7962,0.000905067769991774,EC000124
118.08542,L-Valine,M+H[1+],1.2533,0.000835067769997977,EC000125
345.13968,Lactitol,M+H[1+],2.6643,0.000541923230002794,EC000407
345.14049,Lactitol,M+H[1+],2.5726,0.0013519232300041,EC000407
365.10374,Lactose,M+Na[1+],0.9283,0.00174801277000824,EC00092
381.07789,Lactose,M+K[1+],0.7446,0.00109801276994403,EC00092
365.10374,Lactulose,M+Na[1+],0.9283,0.00174801277000824,EC00092
381.07789,Lactulose,M+K[1+],0.7446,0.00109801276994403,EC00092
352.06988,Lansoprazole,M-H2O+H[1+],0.7666,0.00267847877000804,EC000794
700.37741,Lasiodine A,M+H[1+],8.9972,0.00693453323003723,EC000795
701.36947,Lasiodine A,M(C13)+H[1+],8.6171,0.00440546677009479,EC000795
701.3696,Lasiodine A,M(C13)+H[1+],8.7215,0.00427546677008195,EC000795
701.37235,Lasiodine A,M(C13)+H[1+],8.9296,0.00152546677009013,EC000795
158.11659,Lentiginosine,M+H[1+],8.2266,0.000965466769997647,EC000796
230.18485,Leu-Ala-Ala,M-CO2+H[1+],1.0173,0.00148346676999722,EC000211
296.15855,Leu-Ala-Ala,M+Na[1+],1.1489,0.000416533230009009,EC000211
341.23073,Leu-Ala-Arg,M-H2O+H[1+],7.3086,0.00119953323002164,EC000217
359.24353,Leu-Ala-Arg,M+H[1+],9.3734,0.00339953323003783,EC000218
339.1616,Leu-Ala-Asn,M+Na[1+],9.621,0.00234746676994746,EC000229
286.17477,Leu-Ala-Glu,M-HCOOH+H[1+],4.1011,0.0014434667699561,EC000240
288.19049,Leu-Ala-Glu,M-CO2+H[1+],4.0805,0.00132346676997486,EC000240
314.17365,Leu-Ala-Glu,M-H2O+H[1+],4.1858,0.00263653323003155,EC000240
243.13278,Leu-Ala-Gly,M-NH3+H[1+],1.6699,0.00120346677002203,EC000214
260.15902,Leu-Ala-Gly,M+H[1+],1.5209,0.00146346677001929,EC000214
322.18586,Leu-Ala-His,M-H2O+H[1+],1.109,0.0014714667699991,EC000245
316.22323,Leu-Ala-Ile,M+H[1+],8.8961,0.000146533230008572,EC000247
316.22332,Leu-Ala-Ile,M+H[1+],8.0983,0.000236533230008718,EC000248
316.22336,Leu-Ala-Ile,M+H[1+],7.7057,0.000276533230021414,EC000249
316.22337,Leu-Ala-Ile,M+H[1+],8.0029,0.000286533229996166,EC000248
334.23322,Leu-Ala-Ile,M+H2O+H[1+],7.9842,0.000463466769986098,EC000248
316.22323,Leu-Ala-Leu,M+H[1+],8.8961,0.000146533230008572,EC000247
316.22332,Leu-Ala-Leu,M+H[1+],8.0983,0.000236533230008718,EC000248
316.22336,Leu-Ala-Leu,M+H[1+],7.7057,0.000276533230021414,EC000249
316.22337,Leu-Ala-Leu,M+H[1+],8.0029,0.000286533229996166,EC000248
334.23322,Leu-Ala-Leu,M+H2O+H[1+],7.9842,0.000463466769986098,EC000248
353.21537,Leu-Ala-Lys,M+Na[1+],7.8703,0.000612466770007813,EC000250
333.17966,Leu-Ala-Phe,M-NH3+H[1+],7.1607,0.00127346676998741,EC000251
349.19714,Leu-Ala-Phe,M[1+],7.303,0.00301699999999983,EC000251
350.20726,Leu-Ala-Phe,M+H[1+],7.3157,0.000173466769979314,EC000251
351.21301,Leu-Ala-Phe,M(C13)+H[1+],7.2297,0.00217653322999922,EC000251
286.17477,Leu-Ala-Thr,M-H2O+H[1+],4.1011,0.00132846676996223,EC000252
389.21765,Leu-Ala-Trp,M+H[1+],8.8,0.000682466770001611,EC000253
302.20577,Leu-Ala-Val,M+H[1+],4.8791,0.00166346677002593,EC000254
302.20596,Leu-Ala-Val,M+H[1+],4.814,0.00147346676999405,EC000254
302.20615,Leu-Ala-Val,M+H[1+],4.1172,0.001283466770019,EC000255
341.23073,Leu-Arg-Ala,M-H2O+H[1+],7.3086,0.00119953323002164,EC000217
359.24353,Leu-Arg-Ala,M+H[1+],9.3734,0.00339953323003783,EC000218
376.31716,Leu-Arg-Arg,M-HCOONa+H[1+],9.0557,0.000432533229968612,EC000306
466.29051,Leu-Arg-Arg,M+Na[1+],9.0331,0.00438253322994342,EC000306
403.23256,Leu-Arg-Asp,M+H[1+],8.7642,0.00259953322995443,EC000324
425.21302,Leu-Arg-Asp,M+Na[1+],8.7672,0.00105953322992036,EC000324
373.20196,Leu-Arg-Cys,M-H2O+H[1+],9.0833,0.000357533229987439,EC000331
367.20892,Leu-Arg-Gly,M+Na[1+],6.2712,0.00243953322996049,EC000227
367.20956,Leu-Arg-Gly,M+Na[1+],6.0373,0.0030795332299931,EC000228
329.2674,Leu-Arg-Ile,M-C3H4O2+H[1+],9.0835,0.00141953322997779,EC000360
355.28073,Leu-Arg-Ile,M-HCOOH+H[1+],8.9599,0.000950466770007097,EC000360
355.28181,Leu-Arg-Ile,M-HCOOH+H[1+],9.2616,0.000129533229994649,EC000360
355.28198,Leu-Arg-Ile,M-HCOOH+H[1+],8.8485,0.000299533229963345,EC000360
355.28243,Leu-Arg-Ile,M-HCOOH+H[1+],8.719,0.000749533229964072,EC000360
355.28268,Leu-Arg-Ile,M-HCOOH+H[1+],8.6129,0.000999533230015004,EC000360
357.29749,Leu-Arg-Ile,M-CO2+H[1+],8.7504,0.000209533229963199,EC000360
357.29829,Leu-Arg-Ile,M-CO2+H[1+],9.2205,0.00100953322998976,EC000360
357.29837,Leu-Arg-Ile,M-CO2+H[1+],8.8912,0.00108953322995831,EC000360
357.29839,Leu-Arg-Ile,M-CO2+H[1+],9.1119,0.00110953322996465,EC000360
357.29845,Leu-Arg-Ile,M-CO2+H[1+],8.9972,0.0011695332299837,EC000360
365.26483,Leu-Arg-Ile,M-H4O2+H[1+],9.3107,0.00105046676998199,EC000360
365.26933,Leu-Arg-Ile,M-H4O2+H[1+],9.0692,0.00344953323002528,EC000360
373.29108,Leu-Arg-Ile,M-CO+H[1+],9.2999,0.00100046676999455,EC000360
401.28571,Leu-Arg-Ile,M+H[1+],5.969,0.00137046677002672,EC000361
401.28808,Leu-Arg-Ile,M+H[1+],8.6926,0.000999533229958161,EC000360
401.28826,Leu-Arg-Ile,M+H[1+],8.8522,0.00117953322995845,EC000360
329.2674,Leu-Arg-Leu,M-C3H4O2+H[1+],9.0835,0.00141953322997779,EC000360
355.28073,Leu-Arg-Leu,M-HCOOH+H[1+],8.9599,0.000950466770007097,EC000360
355.28181,Leu-Arg-Leu,M-HCOOH+H[1+],9.2616,0.000129533229994649,EC000360
355.28198,Leu-Arg-Leu,M-HCOOH+H[1+],8.8485,0.000299533229963345,EC000360
355.28243,Leu-Arg-Leu,M-HCOOH+H[1+],8.719,0.000749533229964072,EC000360
355.28268,Leu-Arg-Leu,M-HCOOH+H[1+],8.6129,0.000999533230015004,EC000360
357.29749,Leu-Arg-Leu,M-CO2+H[1+],8.7504,0.000209533229963199,EC000360
357.29829,Leu-Arg-Leu,M-CO2+H[1+],9.2205,0.00100953322998976,EC000360
357.29837,Leu-Arg-Leu,M-CO2+H[1+],8.8912,0.00108953322995831,EC000360
357.29839,Leu-Arg-Leu,M-CO2+H[1+],9.1119,0.00110953322996465,EC000360
357.29845,Leu-Arg-Leu,M-CO2+H[1+],8.9972,0.0011695332299837,EC000360
365.26483,Leu-Arg-Leu,M-H4O2+H[1+],9.3107,0.00105046676998199,EC000360
365.26933,Leu-Arg-Leu,M-H4O2+H[1+],9.0692,0.00344953323002528,EC000360
373.29108,Leu-Arg-Leu,M-CO+H[1+],9.2999,0.00100046676999455,EC000360
401.28571,Leu-Arg-Leu,M+H[1+],5.969,0.00137046677002672,EC000361
401.28808,Leu-Arg-Leu,M+H[1+],8.6926,0.000999533229958161,EC000360
401.28826,Leu-Arg-Leu,M+H[1+],8.8522,0.00117953322995845,EC000360
313.23581,Leu-Arg-Pro,M-C3H4O2+H[1+],7.8792,0.001129533229971,EC000362
313.23594,Leu-Arg-Pro,M-C3H4O2+H[1+],7.6796,0.00125953322998384,EC000362
339.24907,Leu-Arg-Pro,M-HCOOH+H[1+],8.0018,0.00131046677000768,EC000362
339.24939,Leu-Arg-Pro,M-HCOOH+H[1+],8.1721,0.000990466770019793,EC000362
339.25179,Leu-Arg-Pro,M-HCOOH+H[1+],7.7499,0.00140953323000303,EC000362
367.24396,Leu-Arg-Pro,M-H2O+H[1+],7.3559,0.00122046677000753,EC000362
367.24397,Leu-Arg-Pro,M-H2O+H[1+],7.4703,0.00121046677003278,EC000362
367.24418,Leu-Arg-Pro,M-H2O+H[1+],7.9991,0.00100046677005139,EC000362
367.24437,Leu-Arg-Pro,M-H2O+H[1+],7.6994,0.000810466770019502,EC000362
407.23732,Leu-Arg-Pro,M+Na[1+],4.3058,0.000460466769993673,EC000363
407.23886,Leu-Arg-Pro,M+Na[1+],7.709,0.00107953322998355,EC000362
407.23923,Leu-Arg-Pro,M+Na[1+],7.3809,0.00144953323001573,EC000362
357.2238,Leu-Arg-Ser,M-H2O+H[1+],9.073,0.000645466770038183,EC000364
375.23143,Leu-Arg-Ser,M+H[1+],9.7957,0.00361546677004299,EC000365
397.21661,Leu-Arg-Ser,M+Na[1+],0.6407,0.000435466770056792,EC000366
371.23918,Leu-Arg-Thr,M-H2O+H[1+],9.6753,0.00091546677003862,EC000367
474.28331,Leu-Arg-Trp,M+H[1+],7.5544,0.000980533229949287,EC000368
369.26136,Leu-Arg-Val,M-H2O+H[1+],6.6192,0.000529533230007928,EC000369
387.27484,Leu-Arg-Val,M+H[1+],10.0296,0.00340953322995574,EC000370
388.27294,Leu-Arg-Val,M(C13)+H[1+],10.0249,0.00189046677002125,EC000370
409.25443,Leu-Arg-Val,M+Na[1+],7.595,0.000999533229958161,EC000371
339.1616,Leu-Asn-Ala,M+Na[1+],9.621,0.00234746676994746,EC000229
383.15017,Leu-Asn-Asp,M+Na[1+],6.613,0.0036074667699495,EC000404
383.15436,Leu-Asn-Asp,M+Na[1+],5.7155,0.000582533230044646,EC000405
365.19029,Leu-Asn-His,M-H2O+H[1+],1.2217,0.00285546676997228,EC000411
365.19216,Leu-Asn-His,M-H2O+H[1+],6.296,0.000985466769975574,EC000412
383.20094,Leu-Asn-His,M+H[1+],0.6216,0.00280546676998483,EC000413
383.20267,Leu-Asn-His,M+H[1+],8.3496,0.00107546676997572,EC000414
359.22727,Leu-Asn-Ile,M+H[1+],4.8674,0.00162746677005998,EC000416
359.23186,Leu-Asn-Ile,M+H[1+],6.0591,0.00296253322994744,EC000417
359.23191,Leu-Asn-Ile,M+H[1+],6.1118,0.00301253322999173,EC000417
397.18762,Leu-Asn-Ile,M+K[1+],6.2072,0.00322253322991628,EC000417
359.22727,Leu-Asn-Leu,M+H[1+],4.8674,0.00162746677005998,EC000416
359.23186,Leu-Asn-Leu,M+H[1+],6.0591,0.00296253322994744,EC000417
359.23191,Leu-Asn-Leu,M+H[1+],6.1118,0.00301253322999173,EC000417
397.18762,Leu-Asn-Leu,M+K[1+],6.2072,0.00322253322991628,EC000417
333.17966,Leu-Asn-Ser,M+H[1+],7.1607,0.00279753323002296,EC000232
355.15655,Leu-Asn-Ser,M+Na[1+],8.2902,0.00231246676997898,EC000233
414.21365,Leu-Asn-Trp,M-H2O+H[1+],7.0331,0.00010353323000345,EC000339
327.19991,Leu-Asn-Val,M-H2O+H[1+],4.7899,0.00273746676998599,EC000418
403.23256,Leu-Asp-Arg,M+H[1+],8.7642,0.00259953322995443,EC000324
425.21302,Leu-Asp-Arg,M+Na[1+],8.7672,0.00105953322992036,EC000324
383.15017,Leu-Asp-Asn,M+Na[1+],6.613,0.0036074667699495,EC000404
383.15436,Leu-Asp-Asn,M+Na[1+],5.7155,0.000582533230044646,EC000405
358.16353,Leu-Asp-Glu,M-H2O+H[1+],8.4665,0.00268653322996215,EC000430
288.19049,Leu-Asp-Ile,M-C3H4O2+H[1+],4.0805,0.0013234667700317,EC000433
332.2165,Leu-Asp-Ile,M-CO+H[1+],4.0862,0.00141346677003185,EC000433
343.1884,Leu-Asp-Ile,M-NH3+H[1+],3.939,0.00198653322996734,EC000433
360.21139,Leu-Asp-Ile,M+H[1+],4.0278,0.00152346677003834,EC000433
288.19049,Leu-Asp-Leu,M-C3H4O2+H[1+],4.0805,0.0013234667700317,EC000433
332.2165,Leu-Asp-Leu,M-CO+H[1+],4.0862,0.00141346677003185,EC000433
343.1884,Leu-Asp-Leu,M-NH3+H[1+],3.939,0.00198653322996734,EC000433
360.21139,Leu-Asp-Leu,M+H[1+],4.0278,0.00152346677003834,EC000433
344.1803,Leu-Asp-Pro,M+H[1+],4.2046,0.0013134667700001,EC000434
344.18247,Leu-Asp-Pro,M+H[1+],4.0076,0.000856533230034984,EC000434
344.18433,Leu-Asp-Pro,M+H[1+],4.5858,0.0027165332300001,EC000434
433.20797,Leu-Asp-Trp,M+H[1+],9.3701,0.00019246677004503,EC000343
433.20813,Leu-Asp-Trp,M+H[1+],9.4959,3.24667700510872e-05,EC000343
328.18692,Leu-Asp-Val,M-H2O+H[1+],7.2246,0.000256533230015066,EC000435
329.17096,Leu-Asp-Val,M-NH3+H[1+],7.0883,0.000196533229996021,EC000435
373.20196,Leu-Cys-Arg,M-H2O+H[1+],9.0833,0.000357533229987439,EC000331
274.12354,Leu-Cys-Gly,M-H2O+H[1+],0.9536,0.00158453323001595,EC000212
345.19223,Leu-Cys-Lys,M-H2O+H[1+],9.7536,0.00322446677000698,EC000532
385.18837,Leu-Cys-Lys,M+Na[1+],5.7612,0.000315533229979792,EC000533
398.17202,Leu-Cys-Tyr,M+H[1+],6.2033,0.00240046677004102,EC000534
243.13278,Leu-Gln,M-NH3+H[1+],1.6699,0.00120264176999285,EC000214
260.15902,Leu-Gln,M+H[1+],1.5209,0.00146264176999011,EC000214
411.18288,Leu-Gln-Glu,M+Na[1+],9.0337,0.00219746677004196,EC000640
339.1616,Leu-Gln-Gly,M+Na[1+],9.621,0.00234746676994746,EC000229
397.21661,Leu-Gln-His,M+H[1+],0.6407,0.00278546676997848,EC000642
355.23527,Leu-Gln-Ile,M-H2O+H[1+],6.8361,0.00132253322999532,EC000645
355.23527,Leu-Gln-Leu,M-H2O+H[1+],6.8361,0.00132253322999532,EC000645
389.21765,Leu-Gln-Phe,M-H2O+H[1+],8.8,0.000647466770033134,EC000646
339.2013,Leu-Gln-Pro,M-H2O+H[1+],4.9846,0.00134746676997111,EC000647
379.19512,Leu-Gln-Pro,M+Na[1+],4.5325,0.000127466769981766,EC000648
359.22727,Leu-Gln-Val,M+H[1+],4.8674,0.00162746677005998,EC000416
359.23186,Leu-Gln-Val,M+H[1+],6.0591,0.00296253322994744,EC000417
359.23191,Leu-Gln-Val,M+H[1+],6.1118,0.00301253322999173,EC000417
397.18762,Leu-Gln-Val,M+K[1+],6.2072,0.00322253322991628,EC000417
189.12234,Leu-Glu,M-C3H4O2+H[1+],1.6174,0.00105821877002654,EC000674
215.13798,Leu-Glu,M-HCOOH+H[1+],1.3876,0.00111821877001717,EC000674
217.15307,Leu-Glu,M-CO2+H[1+],1.2601,0.00162821877000852,EC000674
225.12215,Leu-Glu,M-H4O2+H[1+],3.2702,0.00114821877002669,EC000675
225.12228,Leu-Glu,M-H4O2+H[1+],3.9722,0.00101821877004227,EC000675
233.14862,Leu-Glu,M-CO+H[1+],1.6244,0.000878218770026251,EC000674
243.13278,Leu-Glu,M-H2O+H[1+],1.6699,0.00111821877001717,EC000674
243.13281,Leu-Glu,M-H2O+H[1+],4.5528,0.00108821877000764,EC000675
261.14311,Leu-Glu,M+H[1+],4.4,0.00138821877004602,EC000675
261.14327,Leu-Glu,M+H[1+],1.6703,0.00122821877005208,EC000674
261.14495,Leu-Glu,M+H[1+],7.1139,0.000451781229969583,EC000676
261.14709,Leu-Glu,M+H[1+],10.6523,0.00259178122996673,EC000677
263.1377,Leu-Glu,M(S34)+H[1+],4.3272,0.00259821877000377,EC000675
279.15777,Leu-Glu,M+H2O+H[1+],10.6615,0.00267178122999212,EC000677
283.12516,Leu-Glu,M+Na[1+],4.3964,0.00133821877005857,EC000675
286.17477,Leu-Glu-Ala,M-HCOOH+H[1+],4.1011,0.0014434667699561,EC000240
288.19049,Leu-Glu-Ala,M-CO2+H[1+],4.0805,0.00132346676997486,EC000240
314.17365,Leu-Glu-Ala,M-H2O+H[1+],4.1858,0.00263653323003155,EC000240
358.16353,Leu-Glu-Asp,M-H2O+H[1+],8.4665,0.00268653322996215,EC000430
411.18288,Leu-Glu-Gln,M+Na[1+],9.0337,0.00219746677004196,EC000640
398.20076,Leu-Glu-His,M+H[1+],1.0723,0.00265146677003258,EC000656
302.20577,Leu-Glu-Ile,M-C3H4O2+H[1+],4.8791,0.00169346677006388,EC000662
302.20596,Leu-Glu-Ile,M-C3H4O2+H[1+],4.814,0.00150346677003199,EC000662
302.20615,Leu-Glu-Ile,M-C3H4O2+H[1+],4.1172,0.00131346677005695,EC000662
328.22189,Leu-Glu-Ile,M-HCOOH+H[1+],4.3951,0.00127346677004425,EC000662
330.23725,Leu-Glu-Ile,M-CO2+H[1+],4.7337,0.00151346677000674,EC000662
374.22699,Leu-Glu-Ile,M+H[1+],4.6657,0.00157346677002579,EC000662
374.22752,Leu-Glu-Ile,M+H[1+],4.9761,0.00104346676999967,EC000662
302.20577,Leu-Glu-Leu,M-C3H4O2+H[1+],4.8791,0.00169346677006388,EC000662
302.20596,Leu-Glu-Leu,M-C3H4O2+H[1+],4.814,0.00150346677003199,EC000662
302.20615,Leu-Glu-Leu,M-C3H4O2+H[1+],4.1172,0.00131346677005695,EC000662
328.22189,Leu-Glu-Leu,M-HCOOH+H[1+],4.3951,0.00127346677004425,EC000662
330.23725,Leu-Glu-Leu,M-CO2+H[1+],4.7337,0.00151346677000674,EC000662
374.22699,Leu-Glu-Leu,M+H[1+],4.6657,0.00157346677002579,EC000662
374.22752,Leu-Glu-Leu,M+H[1+],4.9761,0.00104346676999967,EC000662
371.22617,Leu-Glu-Lys,M-H2O+H[1+],5.0513,0.00269246676998591,EC000663
371.23188,Leu-Glu-Lys,M-H2O+H[1+],9.365,0.00301753322997911,EC000664
411.21785,Leu-Glu-Lys,M+Na[1+],9.5603,0.00361246677005056,EC000664
286.17477,Leu-Glu-Pro,M-C3H4O2+H[1+],4.1011,0.00139346676996865,EC000665
330.2004,Leu-Glu-Pro,M-CO+H[1+],4.0271,0.00186346676997573,EC000665
340.18419,Leu-Glu-Pro,M-H2O+H[1+],9.9444,0.0024734667699704,EC000666
358.19605,Leu-Glu-Pro,M+H[1+],3.7882,0.00121346676996836,EC000665
318.20109,Leu-Glu-Thr,M-CO2+H[1+],4.026,0.00128846677000638,EC000667
344.1803,Leu-Glu-Thr,M-H2O+H[1+],4.2046,0.00127846677003163,EC000667
344.18247,Leu-Glu-Thr,M-H2O+H[1+],4.0076,0.000891533230003461,EC000667
344.18433,Leu-Glu-Thr,M-H2O+H[1+],4.5858,0.00275153322996857,EC000667
288.19049,Leu-Glu-Val,M-C3H4O2+H[1+],4.0805,0.0013234667700317,EC000433
332.2165,Leu-Glu-Val,M-CO+H[1+],4.0862,0.00141346677003185,EC000433
343.1884,Leu-Glu-Val,M-NH3+H[1+],3.939,0.00198653322996734,EC000433
360.21139,Leu-Glu-Val,M+H[1+],4.0278,0.00152346677003834,EC000433
189.12234,Leu-Gly,M+H[1+],1.6174,0.00102885476999859,EC000277
211.10664,Leu-Gly,M+Na[1+],2.0433,0.0012711452299925,EC000277
211.10667,Leu-Gly,M+Na[1+],2.7578,0.00130114523000202,EC000277
227.07812,Leu-Gly,M+K[1+],2.2154,0.000748854769994978,EC000277
243.13278,Leu-Gly-Ala,M-NH3+H[1+],1.6699,0.00120346677002203,EC000214
260.15902,Leu-Gly-Ala,M+H[1+],1.5209,0.00146346677001929,EC000214
367.20892,Leu-Gly-Arg,M+Na[1+],6.2712,0.00243953322996049,EC000227
367.20956,Leu-Gly-Arg,M+Na[1+],6.0373,0.0030795332299931,EC000228
274.12354,Leu-Gly-Cys,M-H2O+H[1+],0.9536,0.00158453323001595,EC000212
339.1616,Leu-Gly-Gln,M+Na[1+],9.621,0.00234746676994746,EC000229
246.14305,Leu-Gly-Gly,M+H[1+],1.4277,0.00178346677000718,EC000244
302.20577,Leu-Gly-Ile,M+H[1+],4.8791,0.00166346677002593,EC000254
302.20596,Leu-Gly-Ile,M+H[1+],4.814,0.00147346676999405,EC000254
302.20615,Leu-Gly-Ile,M+H[1+],4.1172,0.001283466770019,EC000255
302.20577,Leu-Gly-Leu,M+H[1+],4.8791,0.00166346677002593,EC000254
302.20596,Leu-Gly-Leu,M+H[1+],4.814,0.00147346676999405,EC000254
302.20615,Leu-Gly-Leu,M+H[1+],4.1172,0.001283466770019,EC000255
339.2013,Leu-Gly-Lys,M+Na[1+],4.9846,0.000967533230038953,EC000259
286.17477,Leu-Gly-Pro,M+H[1+],4.1011,0.00136346676998755,EC000265
357.19217,Leu-Gly-Trp,M-H2O+H[1+],8.8111,8.75332299870024e-05,EC000268
397.18762,Leu-Gly-Trp,M+Na[1+],6.2072,0.00293753322995371,EC000269
352.19012,Leu-Gly-Tyr,M+H[1+],8.9886,0.00342153322998229,EC000273
288.19049,Leu-Gly-Val,M+H[1+],4.0805,0.00129346676999376,EC000274
322.18586,Leu-His-Ala,M-H2O+H[1+],1.109,0.0014714667699991,EC000245
365.19029,Leu-His-Asn,M-H2O+H[1+],1.2217,0.00285546676997228,EC000411
365.19216,Leu-His-Asn,M-H2O+H[1+],6.296,0.000985466769975574,EC000412
383.20094,Leu-His-Asn,M+H[1+],0.6216,0.00280546676998483,EC000413
383.20267,Leu-His-Asn,M+H[1+],8.3496,0.00107546676997572,EC000414
397.21661,Leu-His-Gln,M+H[1+],0.6407,0.00278546676997848,EC000642
398.20076,Leu-His-Glu,M+H[1+],1.0723,0.00265146677003258,EC000656
404.22803,Leu-His-Ile,M+Na[1+],4.3319,0.00114853322997988,EC000705
404.22803,Leu-His-Leu,M+Na[1+],4.3319,0.00114853322997988,EC000705
414.21365,Leu-His-Tyr,M-H2O+H[1+],7.0331,0.00010353323000345,EC000339
332.2071,Leu-His-Val,M-H4O2+H[1+],7.1072,0.00093146676994138,EC000706
350.21774,Leu-His-Val,M-H2O+H[1+],6.9039,0.000891466769985527,EC000706
369.2354,Leu-His-Val,M(C13)+H[1+],7.0984,0.00276853323003934,EC000706
245.18471,Leu-Ile,M+H[1+],4.0896,0.00125911077000751,EC000767
245.18481,Leu-Ile,M+H[1+],4.318,0.00115911077000419,EC000767
316.22323,Leu-Ile-Ala,M+H[1+],8.8961,0.000146533230008572,EC000247
316.22332,Leu-Ile-Ala,M+H[1+],8.0983,0.000236533230008718,EC000248
316.22336,Leu-Ile-Ala,M+H[1+],7.7057,0.000276533230021414,EC000249
316.22337,Leu-Ile-Ala,M+H[1+],8.0029,0.000286533229996166,EC000248
334.23322,Leu-Ile-Ala,M+H2O+H[1+],7.9842,0.000463466769986098,EC000248
329.2674,Leu-Ile-Arg,M-C3H4O2+H[1+],9.0835,0.00141953322997779,EC000360
355.28073,Leu-Ile-Arg,M-HCOOH+H[1+],8.9599,0.000950466770007097,EC000360
355.28181,Leu-Ile-Arg,M-HCOOH+H[1+],9.2616,0.000129533229994649,EC000360
355.28198,Leu-Ile-Arg,M-HCOOH+H[1+],8.8485,0.000299533229963345,EC000360
355.28243,Leu-Ile-Arg,M-HCOOH+H[1+],8.719,0.000749533229964072,EC000360
355.28268,Leu-Ile-Arg,M-HCOOH+H[1+],8.6129,0.000999533230015004,EC000360
357.29749,Leu-Ile-Arg,M-CO2+H[1+],8.7504,0.000209533229963199,EC000360
357.29829,Leu-Ile-Arg,M-CO2+H[1+],9.2205,0.00100953322998976,EC000360
357.29837,Leu-Ile-Arg,M-CO2+H[1+],8.8912,0.00108953322995831,EC000360
357.29839,Leu-Ile-Arg,M-CO2+H[1+],9.1119,0.00110953322996465,EC000360
357.29845,Leu-Ile-Arg,M-CO2+H[1+],8.9972,0.0011695332299837,EC000360
365.26483,Leu-Ile-Arg,M-H4O2+H[1+],9.3107,0.00105046676998199,EC000360
365.26933,Leu-Ile-Arg,M-H4O2+H[1+],9.0692,0.00344953323002528,EC000360
373.29108,Leu-Ile-Arg,M-CO+H[1+],9.2999,0.00100046676999455,EC000360
401.28571,Leu-Ile-Arg,M+H[1+],5.969,0.00137046677002672,EC000361
401.28808,Leu-Ile-Arg,M+H[1+],8.6926,0.000999533229958161,EC000360
401.28826,Leu-Ile-Arg,M+H[1+],8.8522,0.00117953322995845,EC000360
359.22727,Leu-Ile-Asn,M+H[1+],4.8674,0.00162746677005998,EC000416
359.23186,Leu-Ile-Asn,M+H[1+],6.0591,0.00296253322994744,EC000417
359.23191,Leu-Ile-Asn,M+H[1+],6.1118,0.00301253322999173,EC000417
397.18762,Leu-Ile-Asn,M+K[1+],6.2072,0.00322253322991628,EC000417
288.19049,Leu-Ile-Asp,M-C3H4O2+H[1+],4.0805,0.0013234667700317,EC000433
332.2165,Leu-Ile-Asp,M-CO+H[1+],4.0862,0.00141346677003185,EC000433
343.1884,Leu-Ile-Asp,M-NH3+H[1+],3.939,0.00198653322996734,EC000433
360.21139,Leu-Ile-Asp,M+H[1+],4.0278,0.00152346677003834,EC000433
355.23527,Leu-Ile-Gln,M-H2O+H[1+],6.8361,0.00132253322999532,EC000645
302.20577,Leu-Ile-Glu,M-C3H4O2+H[1+],4.8791,0.00169346677006388,EC000662
302.20596,Leu-Ile-Glu,M-C3H4O2+H[1+],4.814,0.00150346677003199,EC000662
302.20615,Leu-Ile-Glu,M-C3H4O2+H[1+],4.1172,0.00131346677005695,EC000662
328.22189,Leu-Ile-Glu,M-HCOOH+H[1+],4.3951,0.00127346677004425,EC000662
330.23725,Leu-Ile-Glu,M-CO2+H[1+],4.7337,0.00151346677000674,EC000662
374.22699,Leu-Ile-Glu,M+H[1+],4.6657,0.00157346677002579,EC000662
374.22752,Leu-Ile-Glu,M+H[1+],4.9761,0.00104346676999967,EC000662
302.20577,Leu-Ile-Gly,M+H[1+],4.8791,0.00166346677002593,EC000254
302.20596,Leu-Ile-Gly,M+H[1+],4.814,0.00147346676999405,EC000254
302.20615,Leu-Ile-Gly,M+H[1+],4.1172,0.001283466770019,EC000255
404.22803,Leu-Ile-His,M+Na[1+],4.3319,0.00114853322997988,EC000705
340.25843,Leu-Ile-Ile,M-H2O+H[1+],6.096,0.00100346677004381,EC000727
340.25856,Leu-Ile-Ile,M-H2O+H[1+],6.4317,0.000873466770030973,EC000728
340.26174,Leu-Ile-Ile,M-H2O+H[1+],10.0149,0.00230653322995522,EC000729
426.25993,Leu-Ile-Ile,M+HCOONa[1+],10.0485,0.00249653322998711,EC000729
340.25843,Leu-Ile-Leu,M-H2O+H[1+],6.096,0.00100346677004381,EC000727
340.25856,Leu-Ile-Leu,M-H2O+H[1+],6.4317,0.000873466770030973,EC000728
340.26174,Leu-Ile-Leu,M-H2O+H[1+],10.0149,0.00230653322995522,EC000729
426.25993,Leu-Ile-Leu,M+HCOONa[1+],10.0485,0.00249653322998711,EC000729
342.23741,Leu-Ile-Pro,M+H[1+],4.8873,0.00132346676997486,EC000730
364.22093,Leu-Ile-Pro,M+Na[1+],4.9615,0.000196533230052864,EC000730
332.2165,Leu-Ile-Ser,M+H[1+],4.0862,0.00149846676998777,EC000731
332.21815,Leu-Ile-Ser,M+H[1+],7.5378,0.000151533229995948,EC000732
332.21816,Leu-Ile-Ser,M+H[1+],7.6569,0.000161533230027544,EC000732
350.2287,Leu-Ile-Ser,M+H2O+H[1+],7.6064,0.000101533230008499,EC000732
350.22877,Leu-Ile-Ser,M+H2O+H[1+],7.3709,0.000171533230002296,EC000732
350.22882,Leu-Ile-Ser,M+H2O+H[1+],7.8421,0.000221533229989745,EC000732
328.22189,Leu-Ile-Thr,M-H2O+H[1+],4.3951,0.00115846677005038,EC000733
368.21516,Leu-Ile-Thr,M+Na[1+],6.0653,0.000488466770036666,EC000734
368.2161,Leu-Ile-Thr,M+Na[1+],6.1043,0.000451533229920642,EC000734
344.25264,Leu-Ile-Val,M+H[1+],5.1066,0.00174346677005133,EC000735
344.25454,Leu-Ile-Val,M+H[1+],8.8123,0.000156533229983324,EC000736
245.18471,Leu-Leu,M+H[1+],4.0896,0.00125910777001081,EC000767
245.18481,Leu-Leu,M+H[1+],4.318,0.00115910777000749,EC000767
316.22323,Leu-Leu-Ala,M+H[1+],8.8961,0.000146533230008572,EC000247
316.22332,Leu-Leu-Ala,M+H[1+],8.0983,0.000236533230008718,EC000248
316.22336,Leu-Leu-Ala,M+H[1+],7.7057,0.000276533230021414,EC000249
316.22337,Leu-Leu-Ala,M+H[1+],8.0029,0.000286533229996166,EC000248
334.23322,Leu-Leu-Ala,M+H2O+H[1+],7.9842,0.000463466769986098,EC000248
329.2674,Leu-Leu-Arg,M-C3H4O2+H[1+],9.0835,0.00141953322997779,EC000360
355.28073,Leu-Leu-Arg,M-HCOOH+H[1+],8.9599,0.000950466770007097,EC000360
355.28181,Leu-Leu-Arg,M-HCOOH+H[1+],9.2616,0.000129533229994649,EC000360
355.28198,Leu-Leu-Arg,M-HCOOH+H[1+],8.8485,0.000299533229963345,EC000360
355.28243,Leu-Leu-Arg,M-HCOOH+H[1+],8.719,0.000749533229964072,EC000360
355.28268,Leu-Leu-Arg,M-HCOOH+H[1+],8.6129,0.000999533230015004,EC000360
357.29749,Leu-Leu-Arg,M-CO2+H[1+],8.7504,0.000209533229963199,EC000360
357.29829,Leu-Leu-Arg,M-CO2+H[1+],9.2205,0.00100953322998976,EC000360
357.29837,Leu-Leu-Arg,M-CO2+H[1+],8.8912,0.00108953322995831,EC000360
357.29839,Leu-Leu-Arg,M-CO2+H[1+],9.1119,0.00110953322996465,EC000360
357.29845,Leu-Leu-Arg,M-CO2+H[1+],8.9972,0.0011695332299837,EC000360
365.26483,Leu-Leu-Arg,M-H4O2+H[1+],9.3107,0.00105046676998199,EC000360
365.26933,Leu-Leu-Arg,M-H4O2+H[1+],9.0692,0.00344953323002528,EC000360
373.29108,Leu-Leu-Arg,M-CO+H[1+],9.2999,0.00100046676999455,EC000360
401.28571,Leu-Leu-Arg,M+H[1+],5.969,0.00137046677002672,EC000361
401.28808,Leu-Leu-Arg,M+H[1+],8.6926,0.000999533229958161,EC000360
401.28826,Leu-Leu-Arg,M+H[1+],8.8522,0.00117953322995845,EC000360
359.22727,Leu-Leu-Asn,M+H[1+],4.8674,0.00162746677005998,EC000416
359.23186,Leu-Leu-Asn,M+H[1+],6.0591,0.00296253322994744,EC000417
359.23191,Leu-Leu-Asn,M+H[1+],6.1118,0.00301253322999173,EC000417
397.18762,Leu-Leu-Asn,M+K[1+],6.2072,0.00322253322991628,EC000417
288.19049,Leu-Leu-Asp,M-C3H4O2+H[1+],4.0805,0.0013234667700317,EC000433
332.2165,Leu-Leu-Asp,M-CO+H[1+],4.0862,0.00141346677003185,EC000433
343.1884,Leu-Leu-Asp,M-NH3+H[1+],3.939,0.00198653322996734,EC000433
360.21139,Leu-Leu-Asp,M+H[1+],4.0278,0.00152346677003834,EC000433
355.23527,Leu-Leu-Gln,M-H2O+H[1+],6.8361,0.00132253322999532,EC000645
302.20577,Leu-Leu-Glu,M-C3H4O2+H[1+],4.8791,0.00169346677006388,EC000662
302.20596,Leu-Leu-Glu,M-C3H4O2+H[1+],4.814,0.00150346677003199,EC000662
302.20615,Leu-Leu-Glu,M-C3H4O2+H[1+],4.1172,0.00131346677005695,EC000662
328.22189,Leu-Leu-Glu,M-HCOOH+H[1+],4.3951,0.00127346677004425,EC000662
330.23725,Leu-Leu-Glu,M-CO2+H[1+],4.7337,0.00151346677000674,EC000662
374.22699,Leu-Leu-Glu,M+H[1+],4.6657,0.00157346677002579,EC000662
374.22752,Leu-Leu-Glu,M+H[1+],4.9761,0.00104346676999967,EC000662
302.20577,Leu-Leu-Gly,M+H[1+],4.8791,0.00166346677002593,EC000254
302.20596,Leu-Leu-Gly,M+H[1+],4.814,0.00147346676999405,EC000254
302.20615,Leu-Leu-Gly,M+H[1+],4.1172,0.001283466770019,EC000255
404.22803,Leu-Leu-His,M+Na[1+],4.3319,0.00114853322997988,EC000705
340.25843,Leu-Leu-Ile,M-H2O+H[1+],6.096,0.00100346677004381,EC000727
340.25856,Leu-Leu-Ile,M-H2O+H[1+],6.4317,0.000873466770030973,EC000728
340.26174,Leu-Leu-Ile,M-H2O+H[1+],10.0149,0.00230653322995522,EC000729
426.25993,Leu-Leu-Ile,M+HCOONa[1+],10.0485,0.00249653322998711,EC000729
340.25843,Leu-Leu-Leu,M-H2O+H[1+],6.096,0.00100308577003716,EC000727
340.25856,Leu-Leu-Leu,M-H2O+H[1+],6.4317,0.000873085770024318,EC000728
340.26174,Leu-Leu-Leu,M-H2O+H[1+],10.0149,0.00230691422996188,EC000729
426.25993,Leu-Leu-Leu,M+HCOONa[1+],10.0485,0.00249691422999376,EC000729
342.23741,Leu-Leu-Pro,M+H[1+],4.8873,0.00132346676997486,EC000730
364.22093,Leu-Leu-Pro,M+Na[1+],4.9615,0.000196533230052864,EC000730
332.2165,Leu-Leu-Ser,M+H[1+],4.0862,0.00149846676998777,EC000731
332.21815,Leu-Leu-Ser,M+H[1+],7.5378,0.000151533229995948,EC000732
332.21816,Leu-Leu-Ser,M+H[1+],7.6569,0.000161533230027544,EC000732
350.2287,Leu-Leu-Ser,M+H2O+H[1+],7.6064,0.000101533230008499,EC000732
350.22877,Leu-Leu-Ser,M+H2O+H[1+],7.3709,0.000171533230002296,EC000732
350.22882,Leu-Leu-Ser,M+H2O+H[1+],7.8421,0.000221533229989745,EC000732
328.22189,Leu-Leu-Thr,M-H2O+H[1+],4.3951,0.00115846677005038,EC000733
368.21516,Leu-Leu-Thr,M+Na[1+],6.0653,0.000488466770036666,EC000734
368.2161,Leu-Leu-Thr,M+Na[1+],6.1043,0.000451533229920642,EC000734
344.25264,Leu-Leu-Val,M+H[1+],5.1066,0.00174346677005133,EC000735
344.25454,Leu-Leu-Val,M+H[1+],8.8123,0.000156533229983324,EC000736
260.19548,Leu-Lys,M+H[1+],0.9164,0.00138814777005791,EC000768
353.21537,Leu-Lys-Ala,M+Na[1+],7.8703,0.000612466770007813,EC000250
345.19223,Leu-Lys-Cys,M-H2O+H[1+],9.7536,0.00322446677000698,EC000532
385.18837,Leu-Lys-Cys,M+Na[1+],5.7612,0.000315533229979792,EC000533
371.22617,Leu-Lys-Glu,M-H2O+H[1+],5.0513,0.00269246676998591,EC000663
371.23188,Leu-Lys-Glu,M-H2O+H[1+],9.365,0.00301753322997911,EC000664
411.21785,Leu-Lys-Glu,M+Na[1+],9.5603,0.00361246677005056,EC000664
339.2013,Leu-Lys-Gly,M+Na[1+],4.9846,0.000967533230038953,EC000259
373.22346,Leu-Lys-Met,M-H2O+H[1+],10.5382,0.00329446677000078,EC000737
363.2731,Leu-Lys-Phe,M-CO2+H[1+],9.6709,0.00238246677002962,EC000738
407.26139,Leu-Lys-Phe,M+H[1+],4.8892,0.00389246677002575,EC000739
429.24842,Leu-Lys-Phe,M+Na[1+],9.524,0.00113753323000765,EC000738
428.2674,Leu-Lys-Trp,M-H2O+H[1+],4.927,0.00181853322999359,EC000740
405.25041,Leu-Lys-Tyr,M-H2O+H[1+],10.5407,0.000812533229975543,EC000741
423.25784,Leu-Lys-Tyr,M+H[1+],6.2018,0.0023574667700359,EC000742
341.25421,Leu-Lys-Val,M-H2O+H[1+],6.1074,0.000472466770020219,EC000743
245.13183,Leu-Met,M-H2O+H[1+],5.4025,4.02632300335881e-05,EC000769
373.22346,Leu-Met-Lys,M-H2O+H[1+],10.5382,0.00329446677000078,EC000737
431.20764,Leu-Met-Trp,M-H2O+H[1+],9.3715,0.00346446676996948,EC000744
384.19185,Leu-Met-Val,M+Na[1+],9.2729,0.000955466769994473,EC000745
333.17966,Leu-Phe-Ala,M-NH3+H[1+],7.1607,0.00127346676998741,EC000251
349.19714,Leu-Phe-Ala,M[1+],7.303,0.00301699999999983,EC000251
350.20726,Leu-Phe-Ala,M+H[1+],7.3157,0.000173466769979314,EC000251
351.21301,Leu-Phe-Ala,M(C13)+H[1+],7.2297,0.00217653322999922,EC000251
389.21765,Leu-Phe-Gln,M-H2O+H[1+],8.8,0.000647466770033134,EC000646
363.2731,Leu-Phe-Lys,M-CO2+H[1+],9.6709,0.00238246677002962,EC000738
407.26139,Leu-Phe-Lys,M+H[1+],4.8892,0.00389246677002575,EC000739
429.24842,Leu-Phe-Lys,M+Na[1+],9.524,0.00113753323000765,EC000738
378.23689,Leu-Phe-Val,M+H[1+],5.2771,0.00184346676996938,EC000746
211.14301,Leu-Pro,M-H2O+H[1+],5.1905,0.00105946676998769,EC000747
229.1535,Leu-Pro,M+H[1+],2.9007,0.00116946676999419,EC000748
229.15356,Leu-Pro,M+H[1+],2.5061,0.00110946677000356,EC000748
229.15357,Leu-Pro,M+H[1+],1.1719,0.00109946677000039,EC000749
313.23581,Leu-Pro-Arg,M-C3H4O2+H[1+],7.8792,0.001129533229971,EC000362
313.23594,Leu-Pro-Arg,M-C3H4O2+H[1+],7.6796,0.00125953322998384,EC000362
339.24907,Leu-Pro-Arg,M-HCOOH+H[1+],8.0018,0.00131046677000768,EC000362
339.24939,Leu-Pro-Arg,M-HCOOH+H[1+],8.1721,0.000990466770019793,EC000362
339.25179,Leu-Pro-Arg,M-HCOOH+H[1+],7.7499,0.00140953323000303,EC000362
367.24396,Leu-Pro-Arg,M-H2O+H[1+],7.3559,0.00122046677000753,EC000362
367.24397,Leu-Pro-Arg,M-H2O+H[1+],7.4703,0.00121046677003278,EC000362
367.24418,Leu-Pro-Arg,M-H2O+H[1+],7.9991,0.00100046677005139,EC000362
367.24437,Leu-Pro-Arg,M-H2O+H[1+],7.6994,0.000810466770019502,EC000362
407.23732,Leu-Pro-Arg,M+Na[1+],4.3058,0.000460466769993673,EC000363
407.23886,Leu-Pro-Arg,M+Na[1+],7.709,0.00107953322998355,EC000362
407.23923,Leu-Pro-Arg,M+Na[1+],7.3809,0.00144953323001573,EC000362
344.1803,Leu-Pro-Asp,M+H[1+],4.2046,0.0013134667700001,EC000434
344.18247,Leu-Pro-Asp,M+H[1+],4.0076,0.000856533230034984,EC000434
344.18433,Leu-Pro-Asp,M+H[1+],4.5858,0.0027165332300001,EC000434
339.2013,Leu-Pro-Gln,M-H2O+H[1+],4.9846,0.00134746676997111,EC000647
379.19512,Leu-Pro-Gln,M+Na[1+],4.5325,0.000127466769981766,EC000648
286.17477,Leu-Pro-Glu,M-C3H4O2+H[1+],4.1011,0.00139346676996865,EC000665
330.2004,Leu-Pro-Glu,M-CO+H[1+],4.0271,0.00186346676997573,EC000665
340.18419,Leu-Pro-Glu,M-H2O+H[1+],9.9444,0.0024734667699704,EC000666
358.19605,Leu-Pro-Glu,M+H[1+],3.7882,0.00121346676996836,EC000665
286.17477,Leu-Pro-Gly,M+H[1+],4.1011,0.00136346676998755,EC000265
342.23741,Leu-Pro-Ile,M+H[1+],4.8873,0.00132346676997486,EC000730
364.22093,Leu-Pro-Ile,M+Na[1+],4.9615,0.000196533230052864,EC000730
342.23741,Leu-Pro-Leu,M+H[1+],4.8873,0.00132346676997486,EC000730
364.22093,Leu-Pro-Leu,M+Na[1+],4.9615,0.000196533230052864,EC000730
326.20624,Leu-Pro-Pro,M+H[1+],3.4652,0.00119346677001886,EC000750
302.20615,Leu-Pro-Thr,M-CO+H[1+],4.1172,0.00119846677000623,EC000751
330.2004,Leu-Pro-Thr,M+H[1+],4.0271,0.0019484667699885,EC000751
330.2025,Leu-Pro-Thr,M+H[1+],7.5237,0.000151533229995948,EC000752
397.22509,Leu-Pro-Trp,M-H2O+H[1+],6.2071,0.00170753323004647,EC000753
415.23099,Leu-Pro-Trp,M+H[1+],6.8321,0.00299246676996745,EC000754
328.22189,Leu-Pro-Val,M+H[1+],4.3951,0.00119346677001886,EC000755
350.20726,Leu-Pro-Val,M+Na[1+],7.3157,0.00217653322999922,EC000483
173.12745,Leu-Ser,M-HCOOH+H[1+],1.7161,0.00108354076999717,EC000550
183.11172,Leu-Ser,M-H4O2+H[1+],2.0948,0.0010135407700318,EC000550
219.13286,Leu-Ser,M+H[1+],1.4241,0.00107354077002242,EC000550
357.2238,Leu-Ser-Arg,M-H2O+H[1+],9.073,0.000645466770038183,EC000364
375.23143,Leu-Ser-Arg,M+H[1+],9.7957,0.00361546677004299,EC000365
397.21661,Leu-Ser-Arg,M+Na[1+],0.6407,0.000435466770056792,EC000366
333.17966,Leu-Ser-Asn,M+H[1+],7.1607,0.00279753323002296,EC000232
355.15655,Leu-Ser-Asn,M+Na[1+],8.2902,0.00231246676997898,EC000233
332.2165,Leu-Ser-Ile,M+H[1+],4.0862,0.00149846676998777,EC000731
332.21815,Leu-Ser-Ile,M+H[1+],7.5378,0.000151533229995948,EC000732
332.21816,Leu-Ser-Ile,M+H[1+],7.6569,0.000161533230027544,EC000732
350.2287,Leu-Ser-Ile,M+H2O+H[1+],7.6064,0.000101533230008499,EC000732
350.22877,Leu-Ser-Ile,M+H2O+H[1+],7.3709,0.000171533230002296,EC000732
350.22882,Leu-Ser-Ile,M+H2O+H[1+],7.8421,0.000221533229989745,EC000732
332.2165,Leu-Ser-Leu,M+H[1+],4.0862,0.00149846676998777,EC000731
332.21815,Leu-Ser-Leu,M+H[1+],7.5378,0.000151533229995948,EC000732
332.21816,Leu-Ser-Leu,M+H[1+],7.6569,0.000161533230027544,EC000732
350.2287,Leu-Ser-Leu,M+H2O+H[1+],7.6064,0.000101533230008499,EC000732
350.22877,Leu-Ser-Leu,M+H2O+H[1+],7.3709,0.000171533230002296,EC000732
350.22882,Leu-Ser-Leu,M+H2O+H[1+],7.8421,0.000221533229989745,EC000732
387.20588,Leu-Ser-Trp,M-H2O+H[1+],8.8479,0.00323253323000472,EC000619
318.20109,Leu-Ser-Val,M+H[1+],4.026,0.00125846676996844,EC000756
340.18419,Leu-Ser-Val,M+Na[1+],9.9444,0.000158466769960341,EC000757
197.12742,Leu-Thr,M-H4O2+H[1+],1.5579,0.00096360477002122,EC000770
215.13798,Leu-Thr,M-H2O+H[1+],1.3876,0.0010036047700055,EC000770
216.12258,Leu-Thr,M-NH3+H[1+],0.6339,0.000503604770017319,EC000771
233.14849,Leu-Thr,M+H[1+],0.6259,0.00109360477000564,EC000771
233.14862,Leu-Thr,M+H[1+],1.6244,0.00096360477002122,EC000770
233.15013,Leu-Thr,M+H[1+],6.7319,0.000546395229974905,EC000772
233.15014,Leu-Thr,M+H[1+],6.1543,0.000556395229978079,EC000773
235.14788,Leu-Thr,M(Cl37)+H[1+],6.8753,0.00109639522997895,EC000772
251.15901,Leu-Thr,M+H2O+H[1+],0.6216,0.00117360477003103,EC000771
286.17477,Leu-Thr-Ala,M-H2O+H[1+],4.1011,0.00132846676996223,EC000252
371.23918,Leu-Thr-Arg,M-H2O+H[1+],9.6753,0.00091546677003862,EC000367
318.20109,Leu-Thr-Glu,M-CO2+H[1+],4.026,0.00128846677000638,EC000667
344.1803,Leu-Thr-Glu,M-H2O+H[1+],4.2046,0.00127846677003163,EC000667
344.18247,Leu-Thr-Glu,M-H2O+H[1+],4.0076,0.000891533230003461,EC000667
344.18433,Leu-Thr-Glu,M-H2O+H[1+],4.5858,0.00275153322996857,EC000667
328.22189,Leu-Thr-Ile,M-H2O+H[1+],4.3951,0.00115846677005038,EC000733
368.21516,Leu-Thr-Ile,M+Na[1+],6.0653,0.000488466770036666,EC000734
368.2161,Leu-Thr-Ile,M+Na[1+],6.1043,0.000451533229920642,EC000734
328.22189,Leu-Thr-Leu,M-H2O+H[1+],4.3951,0.00115846677005038,EC000733
368.21516,Leu-Thr-Leu,M+Na[1+],6.0653,0.000488466770036666,EC000734
368.2161,Leu-Thr-Leu,M+Na[1+],6.1043,0.000451533229920642,EC000734
302.20615,Leu-Thr-Pro,M-CO+H[1+],4.1172,0.00119846677000623,EC000751
330.2004,Leu-Thr-Pro,M+H[1+],4.0271,0.0019484667699885,EC000751
330.2025,Leu-Thr-Pro,M+H[1+],7.5237,0.000151533229995948,EC000752
441.20792,Leu-Thr-Trp,M+Na[1+],6.5814,0.00297746677000532,EC000758
332.2165,Leu-Thr-Val,M+H[1+],4.0862,0.00149846676998777,EC000731
332.21815,Leu-Thr-Val,M+H[1+],7.5378,0.000151533229995948,EC000732
332.21816,Leu-Thr-Val,M+H[1+],7.6569,0.000161533230027544,EC000732
350.2287,Leu-Thr-Val,M+H2O+H[1+],7.6064,0.000101533230008499,EC000732
350.22877,Leu-Thr-Val,M+H2O+H[1+],7.3709,0.000171533230002296,EC000732
350.22882,Leu-Thr-Val,M+H2O+H[1+],7.8421,0.000221533229989745,EC000732
389.21765,Leu-Trp-Ala,M+H[1+],8.8,0.000682466770001611,EC000253
474.28331,Leu-Trp-Arg,M+H[1+],7.5544,0.000980533229949287,EC000368
414.21365,Leu-Trp-Asn,M-H2O+H[1+],7.0331,0.00010353323000345,EC000339
433.20797,Leu-Trp-Asp,M+H[1+],9.3701,0.00019246677004503,EC000343
433.20813,Leu-Trp-Asp,M+H[1+],9.4959,3.24667700510872e-05,EC000343
357.19217,Leu-Trp-Gly,M-H2O+H[1+],8.8111,8.75332299870024e-05,EC000268
397.18762,Leu-Trp-Gly,M+Na[1+],6.2072,0.00293753322995371,EC000269
428.2674,Leu-Trp-Lys,M-H2O+H[1+],4.927,0.00181853322999359,EC000740
431.20764,Leu-Trp-Met,M-H2O+H[1+],9.3715,0.00346446676996948,EC000744
397.22509,Leu-Trp-Pro,M-H2O+H[1+],6.2071,0.00170753323004647,EC000753
415.23099,Leu-Trp-Pro,M+H[1+],6.8321,0.00299246676996745,EC000754
387.20588,Leu-Trp-Ser,M-H2O+H[1+],8.8479,0.00323253323000472,EC000619
441.20792,Leu-Trp-Thr,M+Na[1+],6.5814,0.00297746677000532,EC000758
295.16371,Leu-Tyr,M+H[1+],3.5851,0.00152366877000532,EC000774
398.17202,Leu-Tyr-Cys,M+H[1+],6.2033,0.00240046677004102,EC000534
352.19012,Leu-Tyr-Gly,M+H[1+],8.9886,0.00342153322998229,EC000273
414.21365,Leu-Tyr-His,M-H2O+H[1+],7.0331,0.00010353323000345,EC000339
405.25041,Leu-Tyr-Lys,M-H2O+H[1+],10.5407,0.000812533229975543,EC000741
423.25784,Leu-Tyr-Lys,M+H[1+],6.2018,0.0023574667700359,EC000742
231.16918,Leu-Val,M+H[1+],2.6794,0.00113904676999255,EC000775
231.16924,Leu-Val,M+H[1+],1.8752,0.00107904677000192,EC000775
231.16938,Leu-Val,M+H[1+],2.1645,0.000939046770014329,EC000775
302.20577,Leu-Val-Ala,M+H[1+],4.8791,0.00166346677002593,EC000254
302.20596,Leu-Val-Ala,M+H[1+],4.814,0.00147346676999405,EC000254
302.20615,Leu-Val-Ala,M+H[1+],4.1172,0.001283466770019,EC000255
369.26136,Leu-Val-Arg,M-H2O+H[1+],6.6192,0.000529533230007928,EC000369
387.27484,Leu-Val-Arg,M+H[1+],10.0296,0.00340953322995574,EC000370
388.27294,Leu-Val-Arg,M(C13)+H[1+],10.0249,0.00189046677002125,EC000370
409.25443,Leu-Val-Arg,M+Na[1+],7.595,0.000999533229958161,EC000371
327.19991,Leu-Val-Asn,M-H2O+H[1+],4.7899,0.00273746676998599,EC000418
328.18692,Leu-Val-Asp,M-H2O+H[1+],7.2246,0.000256533230015066,EC000435
329.17096,Leu-Val-Asp,M-NH3+H[1+],7.0883,0.000196533229996021,EC000435
359.22727,Leu-Val-Gln,M+H[1+],4.8674,0.00162746677005998,EC000416
359.23186,Leu-Val-Gln,M+H[1+],6.0591,0.00296253322994744,EC000417
359.23191,Leu-Val-Gln,M+H[1+],6.1118,0.00301253322999173,EC000417
397.18762,Leu-Val-Gln,M+K[1+],6.2072,0.00322253322991628,EC000417
288.19049,Leu-Val-Glu,M-C3H4O2+H[1+],4.0805,0.0013234667700317,EC000433
332.2165,Leu-Val-Glu,M-CO+H[1+],4.0862,0.00141346677003185,EC000433
343.1884,Leu-Val-Glu,M-NH3+H[1+],3.939,0.00198653322996734,EC000433
360.21139,Leu-Val-Glu,M+H[1+],4.0278,0.00152346677003834,EC000433
288.19049,Leu-Val-Gly,M+H[1+],4.0805,0.00129346676999376,EC000274
332.2071,Leu-Val-His,M-H4O2+H[1+],7.1072,0.00093146676994138,EC000706
350.21774,Leu-Val-His,M-H2O+H[1+],6.9039,0.000891466769985527,EC000706
369.2354,Leu-Val-His,M(C13)+H[1+],7.0984,0.00276853323003934,EC000706
344.25264,Leu-Val-Ile,M+H[1+],5.1066,0.00174346677005133,EC000735
344.25454,Leu-Val-Ile,M+H[1+],8.8123,0.000156533229983324,EC000736
344.25264,Leu-Val-Leu,M+H[1+],5.1066,0.00174346677005133,EC000735
344.25454,Leu-Val-Leu,M+H[1+],8.8123,0.000156533229983324,EC000736
341.25421,Leu-Val-Lys,M-H2O+H[1+],6.1074,0.000472466770020219,EC000743
384.19185,Leu-Val-Met,M+Na[1+],9.2729,0.000955466769994473,EC000745
378.23689,Leu-Val-Phe,M+H[1+],5.2771,0.00184346676996938,EC000746
328.22189,Leu-Val-Pro,M+H[1+],4.3951,0.00119346677001886,EC000755
350.20726,Leu-Val-Pro,M+Na[1+],7.3157,0.00217653322999922,EC000483
318.20109,Leu-Val-Ser,M+H[1+],4.026,0.00125846676996844,EC000756
340.18419,Leu-Val-Ser,M+Na[1+],9.9444,0.000158466769960341,EC000757
332.2165,Leu-Val-Thr,M+H[1+],4.0862,0.00149846676998777,EC000731
332.21815,Leu-Val-Thr,M+H[1+],7.5378,0.000151533229995948,EC000732
332.21816,Leu-Val-Thr,M+H[1+],7.6569,0.000161533230027544,EC000732
350.2287,Leu-Val-Thr,M+H2O+H[1+],7.6064,0.000101533230008499,EC000732
350.22877,Leu-Val-Thr,M+H2O+H[1+],7.3709,0.000171533230002296,EC000732
350.22882,Leu-Val-Thr,M+H2O+H[1+],7.8421,0.000221533229989745,EC000732
330.23725,Leu-Val-Val,M+H[1+],4.7337,0.0014834667699688,EC000759
352.22346,Leu-Val-Val,M+Na[1+],8.2116,0.00272653323003169,EC000760
132.10106,Leucine/Isoleucine,M+H[1+],1.0714,0.000816466770032775,EC000463
154.08526,Leucine/Isoleucine,M+Na[1+],5.0085,0.00138353322998341,EC000464
218.0415,Leucodopachrome,M+Na[1+],0.6896,0.000934247770004504,EC00095
365.10374,Leucrose,M+Na[1+],0.9283,0.00173646677001216,EC00092
381.07789,Leucrose,M+K[1+],0.7446,0.00108646676994795,EC00092
167.11688,Leucyl-Alanine,M-H4O2+H[1+],2.1518,0.000938914770017618,EC000275
203.13733,Leucyl-Alanine,M+H[1+],1.1447,0.0016889147700283,EC000276
203.1379,Leucyl-Alanine,M+H[1+],0.9523,0.00111891477001791,EC000276
225.12215,Leucyl-Alanine,M+Na[1+],3.2702,0.00113108522998573,EC000275
225.12228,Leucyl-Alanine,M+Na[1+],3.9722,0.00126108522997015,EC000275
288.20172,Leucyl-Arginine,M+H[1+],0.9316,0.00129615776995706,EC000372
246.14305,Leucyl-Asparagine,M+H[1+],1.4277,0.00178257777002955,EC000244
175.10684,Leucyl-Aspartate,M-C3H4O2+H[1+],0.7771,0.000908162770002718,EC00081
203.13733,Leucyl-Aspartate,M-CO2+H[1+],1.1447,0.00171816277000403,EC00081
203.1379,Leucyl-Aspartate,M-CO2+H[1+],0.9523,0.00114816276999363,EC00081
211.10664,Leucyl-Aspartate,M-H4O2+H[1+],2.0433,0.00100816277000604,EC00081
211.10667,Leucyl-Aspartate,M-H4O2+H[1+],2.7578,0.000978162769996516,EC00081
219.13286,Leucyl-Aspartate,M-CO+H[1+],1.4241,0.00098816276999969,EC00081
247.12755,Leucyl-Aspartate,M+H[1+],1.7436,0.0012981627699844,EC00081
247.1293,Leucyl-Aspartate,M+H[1+],5.037,0.000451837230002639,EC00082
269.11198,Leucyl-Aspartate,M+Na[1+],3.9531,0.00113183722999111,EC00081
399.30664,Leupeptin,M-CO2+H[1+],9.2599,0.00123646676996714,EC000797
407.2754,Leupeptin,M-H4O2+H[1+],8.722,0.00107646676997319,EC000798
425.28558,Leupeptin,M-H2O+H[1+],9.2969,0.00149646676999282,EC000797
425.28814,Leupeptin,M-H2O+H[1+],8.7348,0.00106353323002395,EC000798
465.27731,Leupeptin,M+Na[1+],9.244,0.00236646676995633,EC000797
193.09609,Levetiracetam,M+Na[1+],0.9966,0.00128583123000681,EC000799
421.23104,Levocabastine,M+H[1+],8.4627,0.00245714622997184,EC000704
145.04857,Levoglucosan,M-H2O+H[1+],1.364,0.000929896769974903,EC00026
163.05936,Levoglucosan,M+H[1+],0.7702,0.000739896769999859,EC0001
163.05949,Levoglucosan,M+H[1+],6.3524,0.000609896769987017,EC0002
163.05952,Levoglucosan,M+H[1+],6.1637,0.000579896770005917,EC0002
185.04103,Levoglucosan,M+Na[1+],1.9353,0.00106989676999092,EC00026
185.04105,Levoglucosan,M+Na[1+],1.578,0.00104989676998457,EC00026
201.01492,Levoglucosan,M+K[1+],0.7324,0.000679896770009236,EC0001
163.05936,Levoinositol,M-H2O+H[1+],0.7702,0.000704582769998296,EC000547
163.05949,Levoinositol,M-H2O+H[1+],6.3524,0.000574582769985454,EC000548
163.05952,Levoinositol,M-H2O+H[1+],6.1637,0.000544582770004354,EC000548
203.0516,Levoinositol,M+Na[1+],0.5212,0.00106458276999888,EC000547
336.2318,Levomethadyl Acetate,M-H2O+H[1+],7.8367,0.000355707769983837,EC000800
354.24,Levomethadyl Acetate,M+H[1+],6.9732,0.00275570777000667,EC000801
166.08535,Levonordefrin,M-H2O+H[1+],1.5172,0.000869753769990211,EC000593
206.0801,Levonordefrin,M+Na[1+],4.8711,0.00128024622998169,EC000594
145.04857,Lichenin,M-H2O+H[1+],1.364,0.000906466769976078,EC00026
163.05936,Lichenin,M+H[1+],0.7702,0.000716466770001034,EC0001
163.05949,Lichenin,M+H[1+],6.3524,0.000586466769988192,EC0002
163.05952,Lichenin,M+H[1+],6.1637,0.000556466770007091,EC0002
185.04103,Lichenin,M+Na[1+],1.9353,0.00104646676999209,EC00026
185.04105,Lichenin,M+Na[1+],1.578,0.00102646676998575,EC00026
201.01492,Lichenin,M+K[1+],0.7324,0.000656466770010411,EC0001
248.11174,Linamarin,M+H[1+],0.7703,0.00112374777000923,EC000802
266.12221,Linamarin,M+H2O+H[1+],0.7697,0.00125374777002207,EC000802
374.16249,Linopirdine,M-H2O+H[1+],2.9627,0.00264846676998332,EC000314
262.12728,Lotaustralin,M+H[1+],0.9014,0.00123381177002102,EC000699
280.13697,Lotaustralin,M+H2O+H[1+],0.902,0.00214381176999723,EC000699
333.24302,Lovastatin,M-C3H4O2+H[1+],9.0712,0.000569271230006052,EC000803
369.23873,Lovastatin,M-H4O2+H[1+],9.3781,0.00362072876998809,EC000803
377.26482,Lovastatin,M-CO+H[1+],9.2715,0.00373072876999458,EC000803
405.26559,Lovastatin,M+H[1+],9.533,0.00203927122998948,EC000803
427.24735,Lovastatin,M+Na[1+],9.5292,0.00179927122997015,EC000803
397.27002,Lupulone,M-H2O+H[1+],10.0149,0.00366617077003184,EC000204
437.26465,Lupulone,M+Na[1+],10.7249,0.00163617077004119,EC000205
425.18224,Lusitanicoside,M-H2O+H[1+],4.2567,0.00166635323000719,EC000421
210.10902,Lycomarasmine,M-HCOONa+H[1+],4.9043,0.00185646677005025,EC000431
260.08825,Lycomarasmine,M-H2O+H[1+],5.2287,0.000573533230010526,EC000431
288.20172,Lys-Ala-Asn,M-CO2+H[1+],0.9316,0.00132646676996728,EC000230
331.18662,Lys-Ala-Asn,M[1+],7.7817,0.00105000000002065,EC000231
332.19079,Lys-Ala-Asn,M+H[1+],7.7829,0.00205646677000004,EC000231
354.17436,Lys-Ala-Asn,M+Na[1+],1.0729,0.000486466769984872,EC000230
333.17966,Lys-Ala-Asp,M+H[1+],7.1607,0.00279753323002296,EC000232
355.15655,Lys-Ala-Asp,M+Na[1+],8.2902,0.00231246676997898,EC000233
303.1459,Lys-Ala-Cys,M-H2O+H[1+],8.3488,0.00260446677003756,EC000235
337.20053,Lys-Ala-His,M-H2O+H[1+],9.0344,0.00229953323002974,EC000246
353.21537,Lys-Ala-Ile,M+Na[1+],7.8703,0.000612466770007813,EC000250
353.21537,Lys-Ala-Leu,M+Na[1+],7.8703,0.000612466770007813,EC000250
387.19852,Lys-Ala-Phe,M+Na[1+],4.009,0.00181246676999081,EC000256
341.17733,Lys-Ala-Thr,M+Na[1+],9.9418,0.00226746677003575,EC000257
404.22803,Lys-Ala-Trp,M+H[1+],4.3319,0.00120146676999866,EC000258
339.2013,Lys-Ala-Val,M+Na[1+],4.9846,0.000967533230038953,EC000259
399.24907,Lys-Arg-Asn,M-H2O+H[1+],8.4627,0.00282653323000659,EC000279
413.26459,Lys-Arg-Gln,M-H2O+H[1+],10.6597,0.00269653322999375,EC000340
471.27962,Lys-Arg-Trp,M-H2O+H[1+],6.0518,0.0030084667699839,EC000374
466.27689,Lys-Arg-Tyr,M+H[1+],9.2459,0.000354466770033923,EC000375
488.25578,Lys-Arg-Tyr,M+Na[1+],8.3575,0.00346446677002632,EC000376
288.20172,Lys-Asn-Ala,M-CO2+H[1+],0.9316,0.00132646676996728,EC000230
331.18662,Lys-Asn-Ala,M[1+],7.7817,0.00105000000002065,EC000231
332.19079,Lys-Asn-Ala,M+H[1+],7.7829,0.00205646677000004,EC000231
354.17436,Lys-Asn-Ala,M+Na[1+],1.0729,0.000486466769984872,EC000230
399.24907,Lys-Asn-Arg,M-H2O+H[1+],8.4627,0.00282653323000659,EC000279
398.16727,Lys-Asn-Asp,M+Na[1+],7.0248,0.00259353322991274,EC000406
389.21765,Lys-Asn-Gln,M+H[1+],8.8,0.00333953322996194,EC000253
371.23918,Lys-Asn-Lys,M-H2O+H[1+],9.6753,0.00091546677003862,EC000367
382.20266,Lys-Asn-Val,M+Na[1+],9.474,0.00348646676997078,EC000419
333.17966,Lys-Asp-Ala,M+H[1+],7.1607,0.00279753323002296,EC000232
355.15655,Lys-Asp-Ala,M+Na[1+],8.2902,0.00231246676997898,EC000233
398.16727,Lys-Asp-Asn,M+Na[1+],7.0248,0.00259353322991274,EC000406
415.16243,Lys-Asp-Met,M+Na[1+],5.6297,0.000195533229998546,EC000423
303.1459,Lys-Cys-Ala,M-H2O+H[1+],8.3488,0.00260446677003756,EC000235
375.11511,Lys-Cys-Cys,M+Na[1+],0.7771,0.00193353322998746,EC000528
345.19223,Lys-Cys-Ile,M-H2O+H[1+],9.7536,0.00322446677000698,EC000532
385.18837,Lys-Cys-Ile,M+Na[1+],5.7612,0.000315533229979792,EC000533
345.19223,Lys-Cys-Leu,M-H2O+H[1+],9.7536,0.00322446677000698,EC000532
385.18837,Lys-Cys-Leu,M+Na[1+],5.7612,0.000315533229979792,EC000533
360.20772,Lys-Cys-Lys,M-H2O+H[1+],4.484,0.00136653322999791,EC000535
381.16357,Lys-Cys-Met,M+H[1+],1.6023,0.00109353323000505,EC000536
397.18762,Lys-Cys-Phe,M+H[1+],6.2072,0.00278446677003785,EC000537
369.15351,Lys-Cys-Pro,M+Na[1+],8.7074,0.00324446677007018,EC000213
369.15866,Lys-Cys-Pro,M+Na[1+],7.8561,0.00190553322994447,EC000538
413.26459,Lys-Gln-Arg,M-H2O+H[1+],10.6597,0.00269653322999375,EC000340
389.21765,Lys-Gln-Asn,M+H[1+],8.8,0.00333953322996194,EC000253
403.23256,Lys-Gln-Gln,M+H[1+],8.7642,0.00259953322995443,EC000324
425.21302,Lys-Gln-Gln,M+Na[1+],8.7672,0.00105953322992036,EC000324
288.20172,Lys-Gln-Gly,M-CO2+H[1+],0.9316,0.00132646676996728,EC000230
331.18662,Lys-Gln-Gly,M[1+],7.7817,0.00105000000002065,EC000231
332.19079,Lys-Gln-Gly,M+H[1+],7.7829,0.00205646677000004,EC000231
354.17436,Lys-Gln-Gly,M+Na[1+],1.0729,0.000486466769984872,EC000230
394.21693,Lys-Gln-His,M-H2O+H[1+],4.6569,0.0027644667700315,EC000643
394.22275,Lys-Gln-His,M-H2O+H[1+],4.9556,0.00305553322999685,EC000643
425.24893,Lys-Gln-Lys,M+Na[1+],6.6699,0.00058453322992591,EC000649
425.24979,Lys-Gln-Lys,M+Na[1+],6.484,0.00144453322997151,EC000649
404.22803,Lys-Gln-Phe,M-H2O+H[1+],4.3319,0.00116646677003018,EC000650
398.20076,Lys-Gln-Thr,M+Na[1+],1.0723,0.000301466770054049,EC000651
438.23613,Lys-Gln-Tyr,M+H[1+],5.0022,0.00141853322998031,EC000652
333.17966,Lys-Glu-Gly,M+H[1+],7.1607,0.00279753323002296,EC000232
355.15655,Lys-Glu-Gly,M+Na[1+],8.2902,0.00231246676997898,EC000233
413.21139,Lys-Glu-His,M+H[1+],0.9775,0.00292046677003555,EC000657
413.21146,Lys-Glu-His,M+H[1+],0.6068,0.00285046677004175,EC000658
413.21305,Lys-Glu-His,M+H[1+],5.2216,0.00126046677002023,EC000659
451.16729,Lys-Glu-His,M+K[1+],0.6691,0.00252046677007911,EC000658
371.22617,Lys-Glu-Ile,M-H2O+H[1+],5.0513,0.00269246676998591,EC000663
371.23188,Lys-Glu-Ile,M-H2O+H[1+],9.365,0.00301753322997911,EC000664
411.21785,Lys-Glu-Ile,M+Na[1+],9.5603,0.00361246677005056,EC000664
371.22617,Lys-Glu-Leu,M-H2O+H[1+],5.0513,0.00269246676998591,EC000663
371.23188,Lys-Glu-Leu,M-H2O+H[1+],9.365,0.00301753322997911,EC000664
411.21785,Lys-Glu-Leu,M+Na[1+],9.5603,0.00361246677005056,EC000664
395.18677,Lys-Glu-Pro,M+Na[1+],10.6841,0.00339246677003757,EC00010
288.20172,Lys-Gly-Gln,M-CO2+H[1+],0.9316,0.00132646676996728,EC000230
331.18662,Lys-Gly-Gln,M[1+],7.7817,0.00105000000002065,EC000231
332.19079,Lys-Gly-Gln,M+H[1+],7.7829,0.00205646677000004,EC000231
354.17436,Lys-Gly-Gln,M+Na[1+],1.0729,0.000486466769984872,EC000230
333.17966,Lys-Gly-Glu,M+H[1+],7.1607,0.00279753323002296,EC000232
355.15655,Lys-Gly-Glu,M+Na[1+],8.2902,0.00231246676997898,EC000233
323.17997,Lys-Gly-His,M-H2O+H[1+],0.6438,0.00261046676996557,EC000678
339.2013,Lys-Gly-Ile,M+Na[1+],4.9846,0.000967533230038953,EC000259
339.2013,Lys-Gly-Leu,M+Na[1+],4.9846,0.000967533230038953,EC000259
333.19469,Lys-Gly-Phe,M-H2O+H[1+],7.0798,0.00260753322999108,EC000681
291.16519,Lys-Gly-Ser,M+H[1+],6.7089,0.00110746677000861,EC000682
349.12826,Lys-Gly-Ser,M+NaCl[1+],6.6089,0.00336253323001756,EC000682
337.20053,Lys-His-Ala,M-H2O+H[1+],9.0344,0.00229953323002974,EC000246
394.21693,Lys-His-Gln,M-H2O+H[1+],4.6569,0.0027644667700315,EC000643
394.22275,Lys-His-Gln,M-H2O+H[1+],4.9556,0.00305553322999685,EC000643
413.21139,Lys-His-Glu,M+H[1+],0.9775,0.00292046677003555,EC000657
413.21146,Lys-His-Glu,M+H[1+],0.6068,0.00285046677004175,EC000658
413.21305,Lys-His-Glu,M+H[1+],5.2216,0.00126046677002023,EC000659
451.16729,Lys-His-Glu,M+K[1+],0.6691,0.00252046677007911,EC000658
323.17997,Lys-His-Gly,M-H2O+H[1+],0.6438,0.00261046676996557,EC000678
421.23104,Lys-His-His,M+H[1+],8.4627,0.000411533230021632,EC000704
394.25965,Lys-His-Lys,M-H2O+H[1+],10.8853,0.003570533230004,EC000707
415.20939,Lys-His-Met,M+H[1+],7.8221,0.002812466770024,EC000708
415.20991,Lys-His-Met,M+H[1+],7.5546,0.00229246677002948,EC000709
437.19185,Lys-His-Met,M+Na[1+],7.5541,0.00235246676999168,EC000709
437.19186,Lys-His-Met,M+Na[1+],7.9457,0.00234246676996008,EC000708
437.19193,Lys-His-Met,M+Na[1+],7.8241,0.00227246676996629,EC000708
453.16595,Lys-His-Met,M+K[1+],7.5506,0.0017524667700286,EC000709
431.2424,Lys-His-Phe,M+H[1+],9.6133,0.00226953322999179,EC000710
381.22774,Lys-His-Pro,M+H[1+],9.0254,0.00325953322999339,EC000711
367.20892,Lys-His-Thr,M-H2O+H[1+],6.2712,0.000124533230007273,EC000712
367.20956,Lys-His-Thr,M-H2O+H[1+],6.0373,0.000764533230039888,EC000712
367.2106,Lys-His-Thr,M-H2O+H[1+],6.0997,0.00180453323002894,EC000712
311.21979,Lys-His-Val,M-C3H4O2+H[1+],7.3482,0.000759533229995668,EC000713
311.22017,Lys-His-Val,M-C3H4O2+H[1+],6.8628,0.0011395332300026,EC000713
311.22019,Lys-His-Val,M-C3H4O2+H[1+],6.9492,0.00115953323000895,EC000713
315.25185,Lys-His-Val,M-HCOONa+H[1+],7.8792,0.0008804667700133,EC000714
337.23331,Lys-His-Val,M-HCOOH+H[1+],7.866,0.00142046676995733,EC000714
337.23672,Lys-His-Val,M-HCOOH+H[1+],7.7226,0.0019895332300166,EC000714
339.24907,Lys-His-Val,M-CO2+H[1+],8.0018,0.00126046676996339,EC000714
339.24939,Lys-His-Val,M-CO2+H[1+],8.1721,0.000940466769975501,EC000714
339.25179,Lys-His-Val,M-CO2+H[1+],7.7499,0.00145953323004733,EC000714
365.22851,Lys-His-Val,M-H2O+H[1+],7.9797,0.00102046676994405,EC000714
365.22855,Lys-His-Val,M-H2O+H[1+],8.0528,0.000980466769988197,EC000714
365.22879,Lys-His-Val,M-H2O+H[1+],7.2294,0.000740466769968862,EC000713
383.24218,Lys-His-Val,M+H[1+],7.0924,0.00204953323003565,EC000713
383.24292,Lys-His-Val,M+H[1+],9.214,0.00278953323004316,EC000715
383.24298,Lys-His-Val,M+H[1+],9.2538,0.00284953323000536,EC000715
353.21537,Lys-Ile-Ala,M+Na[1+],7.8703,0.000612466770007813,EC000250
345.19223,Lys-Ile-Cys,M-H2O+H[1+],9.7536,0.00322446677000698,EC000532
385.18837,Lys-Ile-Cys,M+Na[1+],5.7612,0.000315533229979792,EC000533
371.22617,Lys-Ile-Glu,M-H2O+H[1+],5.0513,0.00269246676998591,EC000663
371.23188,Lys-Ile-Glu,M-H2O+H[1+],9.365,0.00301753322997911,EC000664
411.21785,Lys-Ile-Glu,M+Na[1+],9.5603,0.00361246677005056,EC000664
339.2013,Lys-Ile-Gly,M+Na[1+],4.9846,0.000967533230038953,EC000259
373.22346,Lys-Ile-Met,M-H2O+H[1+],10.5382,0.00329446677000078,EC000737
363.2731,Lys-Ile-Phe,M-CO2+H[1+],9.6709,0.00238246677002962,EC000738
407.26139,Lys-Ile-Phe,M+H[1+],4.8892,0.00389246677002575,EC000739
429.24842,Lys-Ile-Phe,M+Na[1+],9.524,0.00113753323000765,EC000738
428.2674,Lys-Ile-Trp,M-H2O+H[1+],4.927,0.00181853322999359,EC000740
405.25041,Lys-Ile-Tyr,M-H2O+H[1+],10.5407,0.000812533229975543,EC000741
423.25784,Lys-Ile-Tyr,M+H[1+],6.2018,0.0023574667700359,EC000742
341.25421,Lys-Ile-Val,M-H2O+H[1+],6.1074,0.000472466770020219,EC000743
353.21537,Lys-Leu-Ala,M+Na[1+],7.8703,0.000612466770007813,EC000250
345.19223,Lys-Leu-Cys,M-H2O+H[1+],9.7536,0.00322446677000698,EC000532
385.18837,Lys-Leu-Cys,M+Na[1+],5.7612,0.000315533229979792,EC000533
371.22617,Lys-Leu-Glu,M-H2O+H[1+],5.0513,0.00269246676998591,EC000663
371.23188,Lys-Leu-Glu,M-H2O+H[1+],9.365,0.00301753322997911,EC000664
411.21785,Lys-Leu-Glu,M+Na[1+],9.5603,0.00361246677005056,EC000664
339.2013,Lys-Leu-Gly,M+Na[1+],4.9846,0.000967533230038953,EC000259
373.22346,Lys-Leu-Met,M-H2O+H[1+],10.5382,0.00329446677000078,EC000737
363.2731,Lys-Leu-Phe,M-CO2+H[1+],9.6709,0.00238246677002962,EC000738
407.26139,Lys-Leu-Phe,M+H[1+],4.8892,0.00389246677002575,EC000739
429.24842,Lys-Leu-Phe,M+Na[1+],9.524,0.00113753323000765,EC000738
428.2674,Lys-Leu-Trp,M-H2O+H[1+],4.927,0.00181853322999359,EC000740
405.25041,Lys-Leu-Tyr,M-H2O+H[1+],10.5407,0.000812533229975543,EC000741
423.25784,Lys-Leu-Tyr,M+H[1+],6.2018,0.0023574667700359,EC000742
341.25421,Lys-Leu-Val,M-H2O+H[1+],6.1074,0.000472466770020219,EC000743
371.23918,Lys-Lys-Asn,M-H2O+H[1+],9.6753,0.00091546677003862,EC000367
360.20772,Lys-Lys-Cys,M-H2O+H[1+],4.484,0.00136653322999791,EC000535
425.24893,Lys-Lys-Gln,M+Na[1+],6.6699,0.00058453322992591,EC000649
425.24979,Lys-Lys-Gln,M+Na[1+],6.484,0.00144453322997151,EC000649
394.25965,Lys-Lys-His,M-H2O+H[1+],10.8853,0.003570533230004,EC000707
331.28287,Lys-Lys-Lys,M-C3H4O2+H[1+],8.8586,0.0012395332299775,EC000804
331.28294,Lys-Lys-Lys,M-C3H4O2+H[1+],9.3741,0.00130953322997129,EC000804
357.29705,Lys-Lys-Lys,M-HCOOH+H[1+],9.9087,0.000280466769993382,EC000804
357.29749,Lys-Lys-Lys,M-HCOOH+H[1+],8.7504,0.00015953322997575,EC000804
357.29829,Lys-Lys-Lys,M-HCOOH+H[1+],9.2205,0.000959533230002307,EC000804
357.29837,Lys-Lys-Lys,M-HCOOH+H[1+],8.8912,0.00103953322997086,EC000804
357.29839,Lys-Lys-Lys,M-HCOOH+H[1+],9.1119,0.00105953322997721,EC000804
357.29845,Lys-Lys-Lys,M-HCOOH+H[1+],8.9972,0.00111953322999625,EC000804
357.29854,Lys-Lys-Lys,M-HCOOH+H[1+],9.5643,0.0012095332299964,EC000804
359.31429,Lys-Lys-Lys,M-CO2+H[1+],9.8556,0.00135953323001559,EC000804
359.3143,Lys-Lys-Lys,M-CO2+H[1+],10.0142,0.00136953322999034,EC000804
367.28054,Lys-Lys-Lys,M-H4O2+H[1+],9.6782,0.000990466770019793,EC000804
385.291,Lys-Lys-Lys,M-H2O+H[1+],9.0864,0.00113046677000739,EC000804
385.29102,Lys-Lys-Lys,M-H2O+H[1+],9.0501,0.00111046677000104,EC000804
386.27403,Lys-Lys-Lys,M-NH3+H[1+],10.0362,0.00220046677003438,EC000804
421.30936,Lys-Lys-Lys,M+H2O+H[1+],9.1985,0.00397046676999935,EC000804
425.28558,Lys-Lys-Lys,M+Na[1+],9.2969,0.00084953322993897,EC000804
425.28814,Lys-Lys-Lys,M+Na[1+],8.7348,0.00340953322995574,EC000804
354.24967,Lys-Lys-Pro,M-H2O+H[1+],7.183,0.000261466770041352,EC000805
362.24023,Lys-Lys-Ser,M+H[1+],6.062,0.000433533229966088,EC000806
362.24038,Lys-Lys-Ser,M+H[1+],6.1163,0.000583533229985278,EC000806
384.2212,Lys-Lys-Ser,M+Na[1+],1.0804,0.000596466769991366,EC000807
358.24291,Lys-Lys-Thr,M-H2O+H[1+],9.3694,0.0019364667700188,EC000808
376.25795,Lys-Lys-Thr,M+H[1+],7.029,0.00250353322996943,EC000809
398.23988,Lys-Lys-Thr,M+Na[1+],7.0314,0.00243353322997564,EC000809
414.21365,Lys-Lys-Thr,M+K[1+],7.0331,0.00270353322997607,EC000809
415.16243,Lys-Met-Asp,M+Na[1+],5.6297,0.000195533229998546,EC000423
381.16357,Lys-Met-Cys,M+H[1+],1.6023,0.00109353323000505,EC000536
415.20939,Lys-Met-His,M+H[1+],7.8221,0.002812466770024,EC000708
415.20991,Lys-Met-His,M+H[1+],7.5546,0.00229246677002948,EC000709
437.19185,Lys-Met-His,M+Na[1+],7.5541,0.00235246676999168,EC000709
437.19186,Lys-Met-His,M+Na[1+],7.9457,0.00234246676996008,EC000708
437.19193,Lys-Met-His,M+Na[1+],7.8241,0.00227246676996629,EC000708
453.16595,Lys-Met-His,M+K[1+],7.5506,0.0017524667700286,EC000709
373.22346,Lys-Met-Ile,M-H2O+H[1+],10.5382,0.00329446677000078,EC000737
373.22346,Lys-Met-Leu,M-H2O+H[1+],10.5382,0.00329446677000078,EC000737
357.19217,Lys-Met-Pro,M-H2O+H[1+],8.8111,0.00328446677002603,EC000268
397.18762,Lys-Met-Pro,M+Na[1+],6.2072,0.000434466770059316,EC000269
367.18188,Lys-Met-Ser,M(Cl37)+H[1+],6.628,0.000639466770053332,EC000238
367.18188,Lys-Met-Ser,M(S34)+H[1+],6.628,0.000760533229993143,EC000238
387.16647,Lys-Met-Ser,M+Na[1+],6.8382,0.00084946676997788,EC000238
387.1686,Lys-Met-Ser,M+Na[1+],6.9283,0.00128053323004451,EC000238
377.21845,Lys-Met-Val,M+H[1+],9.7549,0.00325446676998808,EC000811
379.21421,Lys-Met-Val,M(S34)+H[1+],9.7556,0.00329446677000078,EC000811
387.19852,Lys-Phe-Ala,M+Na[1+],4.009,0.00181246676999081,EC000256
397.18762,Lys-Phe-Cys,M+H[1+],6.2072,0.00278446677003785,EC000537
404.22803,Lys-Phe-Gln,M-H2O+H[1+],4.3319,0.00116646677003018,EC000650
333.19469,Lys-Phe-Gly,M-H2O+H[1+],7.0798,0.00260753322999108,EC000681
431.2424,Lys-Phe-His,M+H[1+],9.6133,0.00226953322999179,EC000710
363.2731,Lys-Phe-Ile,M-CO2+H[1+],9.6709,0.00238246677002962,EC000738
407.26139,Lys-Phe-Ile,M+H[1+],4.8892,0.00389246677002575,EC000739
429.24842,Lys-Phe-Ile,M+Na[1+],9.524,0.00113753323000765,EC000738
363.2731,Lys-Phe-Leu,M-CO2+H[1+],9.6709,0.00238246677002962,EC000738
407.26139,Lys-Phe-Leu,M+H[1+],4.8892,0.00389246677002575,EC000739
429.24842,Lys-Phe-Leu,M+Na[1+],9.524,0.00113753323000765,EC000738
373.22006,Lys-Phe-Pro,M-H2O+H[1+],10.5602,0.00332246676998693,EC000737
373.22346,Lys-Phe-Pro,M-H2O+H[1+],10.5382,7.753323001225e-05,EC000737
413.21305,Lys-Phe-Pro,M+Na[1+],5.2216,0.00293246677000525,EC000813
377.21845,Lys-Phe-Thr,M-H2O+H[1+],9.7549,0.000152533229993423,EC000814
415.23099,Lys-Phe-Val,M+Na[1+],6.8321,0.000642466769932071,EC000815
369.15351,Lys-Pro-Cys,M+Na[1+],8.7074,0.00324446677007018,EC000213
369.15866,Lys-Pro-Cys,M+Na[1+],7.8561,0.00190553322994447,EC000538
395.18677,Lys-Pro-Glu,M+Na[1+],10.6841,0.00339246677003757,EC00010
381.22774,Lys-Pro-His,M+H[1+],9.0254,0.00325953322999339,EC000711
354.24967,Lys-Pro-Lys,M-H2O+H[1+],7.183,0.000261466770041352,EC000805
357.19217,Lys-Pro-Met,M-H2O+H[1+],8.8111,0.00328446677002603,EC000268
397.18762,Lys-Pro-Met,M+Na[1+],6.2072,0.000434466770059316,EC000269
373.22006,Lys-Pro-Phe,M-H2O+H[1+],10.5602,0.00332246676998693,EC000737
373.22346,Lys-Pro-Phe,M-H2O+H[1+],10.5382,7.753323001225e-05,EC000737
413.21305,Lys-Pro-Phe,M+Na[1+],5.2216,0.00293246677000525,EC000813
327.19991,Lys-Pro-Thr,M-H2O+H[1+],4.7899,0.00273746676998599,EC000418
389.21765,Lys-Pro-Tyr,M-H2O+H[1+],8.8,0.000647466770033134,EC000646
365.21236,Lys-Pro-Val,M+Na[1+],10.788,0.00362246677002531,EC000816
291.16519,Lys-Ser-Gly,M+H[1+],6.7089,0.00110746677000861,EC000682
349.12826,Lys-Ser-Gly,M+NaCl[1+],6.6089,0.00336253323001756,EC000682
362.24023,Lys-Ser-Lys,M+H[1+],6.062,0.000433533229966088,EC000806
362.24038,Lys-Ser-Lys,M+H[1+],6.1163,0.000583533229985278,EC000806
384.2212,Lys-Ser-Lys,M+Na[1+],1.0804,0.000596466769991366,EC000807
367.18188,Lys-Ser-Met,M(Cl37)+H[1+],6.628,0.000639466770053332,EC000238
367.18188,Lys-Ser-Met,M(S34)+H[1+],6.628,0.000760533229993143,EC000238
387.16647,Lys-Ser-Met,M+Na[1+],6.8382,0.00084946676997788,EC000238
387.1686,Lys-Ser-Met,M+Na[1+],6.9283,0.00128053323004451,EC000238
335.19568,Lys-Ser-Thr,M+H[1+],8.3215,0.0031675332299983,EC000817
335.19579,Lys-Ser-Thr,M+H[1+],8.6186,0.00327753323000479,EC000817
357.17218,Lys-Ser-Thr,M+Na[1+],8.5361,0.00233246676998533,EC000817
379.19512,Lys-Ser-Tyr,M-H2O+H[1+],4.5325,0.00244246677004867,EC000818
419.1873,Lys-Ser-Tyr,M+Na[1+],5.1987,0.00286246677006829,EC000819
341.17733,Lys-Thr-Ala,M+Na[1+],9.9418,0.00226746677003575,EC000257
398.20076,Lys-Thr-Gln,M+Na[1+],1.0723,0.000301466770054049,EC000651
367.20892,Lys-Thr-His,M-H2O+H[1+],6.2712,0.000124533230007273,EC000712
367.20956,Lys-Thr-His,M-H2O+H[1+],6.0373,0.000764533230039888,EC000712
367.2106,Lys-Thr-His,M-H2O+H[1+],6.0997,0.00180453323002894,EC000712
358.24291,Lys-Thr-Lys,M-H2O+H[1+],9.3694,0.0019364667700188,EC000808
376.25795,Lys-Thr-Lys,M+H[1+],7.029,0.00250353322996943,EC000809
398.23988,Lys-Thr-Lys,M+Na[1+],7.0314,0.00243353322997564,EC000809
414.21365,Lys-Thr-Lys,M+K[1+],7.0331,0.00270353322997607,EC000809
377.21845,Lys-Thr-Phe,M-H2O+H[1+],9.7549,0.000152533229993423,EC000814
327.19991,Lys-Thr-Pro,M-H2O+H[1+],4.7899,0.00273746676998599,EC000418
335.19568,Lys-Thr-Ser,M+H[1+],8.3215,0.0031675332299983,EC000817
335.19579,Lys-Thr-Ser,M+H[1+],8.6186,0.00327753323000479,EC000817
357.17218,Lys-Thr-Ser,M+Na[1+],8.5361,0.00233246676998533,EC000817
433.20797,Lys-Thr-Tyr,M+Na[1+],9.3701,0.00215753322999035,EC000820
433.20813,Lys-Thr-Tyr,M+Na[1+],9.4959,0.00231753322998429,EC000820
404.22803,Lys-Trp-Ala,M+H[1+],4.3319,0.00120146676999866,EC000258
471.27962,Lys-Trp-Arg,M-H2O+H[1+],6.0518,0.0030084667699839,EC000374
428.2674,Lys-Trp-Ile,M-H2O+H[1+],4.927,0.00181853322999359,EC000740
428.2674,Lys-Trp-Leu,M-H2O+H[1+],4.927,0.00181853322999359,EC000740
496.2592,Lys-Trp-Tyr,M+H[1+],9.7722,0.00375353322999672,EC000821
466.27689,Lys-Tyr-Arg,M+H[1+],9.2459,0.000354466770033923,EC000375
488.25578,Lys-Tyr-Arg,M+Na[1+],8.3575,0.00346446677002632,EC000376
438.23613,Lys-Tyr-Gln,M+H[1+],5.0022,0.00141853322998031,EC000652
405.25041,Lys-Tyr-Ile,M-H2O+H[1+],10.5407,0.000812533229975543,EC000741
423.25784,Lys-Tyr-Ile,M+H[1+],6.2018,0.0023574667700359,EC000742
405.25041,Lys-Tyr-Leu,M-H2O+H[1+],10.5407,0.000812533229975543,EC000741
423.25784,Lys-Tyr-Leu,M+H[1+],6.2018,0.0023574667700359,EC000742
389.21765,Lys-Tyr-Pro,M-H2O+H[1+],8.8,0.000647466770033134,EC000646
379.19512,Lys-Tyr-Ser,M-H2O+H[1+],4.5325,0.00244246677004867,EC000818
419.1873,Lys-Tyr-Ser,M+Na[1+],5.1987,0.00286246677006829,EC000819
433.20797,Lys-Tyr-Thr,M+Na[1+],9.3701,0.00215753322999035,EC000820
433.20813,Lys-Tyr-Thr,M+Na[1+],9.4959,0.00231753322998429,EC000820
496.2592,Lys-Tyr-Trp,M+H[1+],9.7722,0.00375353322999672,EC000821
339.2013,Lys-Val-Ala,M+Na[1+],4.9846,0.000967533230038953,EC000259
382.20266,Lys-Val-Asn,M+Na[1+],9.474,0.00348646676997078,EC000419
311.21979,Lys-Val-His,M-C3H4O2+H[1+],7.3482,0.000759533229995668,EC000713
311.22017,Lys-Val-His,M-C3H4O2+H[1+],6.8628,0.0011395332300026,EC000713
311.22019,Lys-Val-His,M-C3H4O2+H[1+],6.9492,0.00115953323000895,EC000713
315.25185,Lys-Val-His,M-HCOONa+H[1+],7.8792,0.0008804667700133,EC000714
337.23331,Lys-Val-His,M-HCOOH+H[1+],7.866,0.00142046676995733,EC000714
337.23672,Lys-Val-His,M-HCOOH+H[1+],7.7226,0.0019895332300166,EC000714
339.24907,Lys-Val-His,M-CO2+H[1+],8.0018,0.00126046676996339,EC000714
339.24939,Lys-Val-His,M-CO2+H[1+],8.1721,0.000940466769975501,EC000714
339.25179,Lys-Val-His,M-CO2+H[1+],7.7499,0.00145953323004733,EC000714
365.22851,Lys-Val-His,M-H2O+H[1+],7.9797,0.00102046676994405,EC000714
365.22855,Lys-Val-His,M-H2O+H[1+],8.0528,0.000980466769988197,EC000714
365.22879,Lys-Val-His,M-H2O+H[1+],7.2294,0.000740466769968862,EC000713
383.24218,Lys-Val-His,M+H[1+],7.0924,0.00204953323003565,EC000713
383.24292,Lys-Val-His,M+H[1+],9.214,0.00278953323004316,EC000715
383.24298,Lys-Val-His,M+H[1+],9.2538,0.00284953323000536,EC000715
341.25421,Lys-Val-Ile,M-H2O+H[1+],6.1074,0.000472466770020219,EC000743
341.25421,Lys-Val-Leu,M-H2O+H[1+],6.1074,0.000472466770020219,EC000743
377.21845,Lys-Val-Met,M+H[1+],9.7549,0.00325446676998808,EC000811
379.21421,Lys-Val-Met,M(S34)+H[1+],9.7556,0.00329446677000078,EC000811
415.23099,Lys-Val-Phe,M+Na[1+],6.8321,0.000642466769932071,EC000815
365.21236,Lys-Val-Pro,M+Na[1+],10.788,0.00362246677002531,EC000816
303.21575,Lysyl-Arginine,M+H[1+],8.7656,0.00183481223001536,EC000373
260.19548,Lysyl-Isoleucine,M+H[1+],0.9164,0.00138814377004337,EC000768
260.19548,Lysyl-Leucine,M+H[1+],0.9164,0.00138814377004337,EC000768
333.19469,Lysyl-Tryptophan,M+H[1+],7.0798,0.00257288422994861,EC000822
355.17637,Lysyl-Tryptophan,M+Na[1+],8.5379,0.00225288422996073,EC000823
120.07984,m-Tyramine,M-H2O+H[1+],1.5093,0.000900445770000147,EC00059
160.07471,m-Tyramine,M+Na[1+],1.2777,0.00136955422999563,EC00059
415.20939,Magnoshinin,M+H[1+],7.8221,0.00212546676999636,EC000708
415.20991,Magnoshinin,M+H[1+],7.5546,0.00160546677000184,EC000709
437.19185,Magnoshinin,M+Na[1+],7.5541,0.00166546677002088,EC000709
437.19186,Magnoshinin,M+Na[1+],7.9457,0.00165546676998929,EC000708
437.19193,Magnoshinin,M+Na[1+],7.8241,0.00158546676999549,EC000708
453.16595,Magnoshinin,M+K[1+],7.5506,0.00106546676994412,EC000709
341.17733,Malabaricone C,M-H2O+H[1+],9.9418,0.00262959123000428,EC000824
381.16357,Malabaricone C,M+Na[1+],1.6023,0.00373040876996811,EC000825
345.13968,Maltitol,M+H[1+],2.6643,0.000541923230002794,EC000407
345.14049,Maltitol,M+H[1+],2.5726,0.0013519232300041,EC000407
365.10374,Maltose,M+Na[1+],0.9283,0.00173646677001216,EC00092
381.07789,Maltose,M+K[1+],0.7446,0.00108646676994795,EC00092
365.10374,Maltulose,M+Na[1+],0.9283,0.00174801277000824,EC00092
381.07789,Maltulose,M+K[1+],0.7446,0.00109801276994403,EC00092
351.0676,Mangiferin,M-C3H4O2+H[1+],0.7635,0.00348788476998152,EC000826
423.08851,Mangiferin,M+H[1+],0.7764,0.00367788477001341,EC000826
147.06427,Mannitol,M-H4O2+H[1+],0.9256,0.000844646770019608,EC000632
165.07459,Mannitol,M-H2O+H[1+],0.7944,0.0011246467699948,EC000632
263.05191,Mannitol 1-phosphate,M+H[1+],0.7936,0.0007350567699973,EC000827
189.01509,Mannose 6-phosphate,M-C3H4O2+H[1+],0.7561,0.000804992770042645,EC000461
261.03472,Mannose 6-phosphate,M+H[1+],1.0578,0.00227499277002607,EC000462
261.03557,Mannose 6-phosphate,M+H[1+],1.1737,0.00142499277001207,EC000462
261.03589,Mannose 6-phosphate,M+H[1+],0.7529,0.00110499277002418,EC000461
279.04661,Mannose 6-phosphate,M+H2O+H[1+],0.7428,0.000984992770042936,EC000461
256.2624,Margaroylglycine,M-C3H4O2+H[1+],9.2551,0.00112052177001942,EC000828
282.2768,Margaroylglycine,M-HCOOH+H[1+],8.9599,0.00242052177003416,EC000828
282.27834,Margaroylglycine,M-HCOOH+H[1+],9.4197,0.000880521770000087,EC000828
284.29352,Margaroylglycine,M-CO2+H[1+],7.8245,0.00130052177001971,EC000829
284.29357,Margaroylglycine,M-CO2+H[1+],7.2287,0.00125052177003226,EC000830
300.28784,Margaroylglycine,M-CO+H[1+],7.6193,0.00178052177000154,EC000829
300.28845,Margaroylglycine,M-CO+H[1+],9.186,0.00117052177000687,EC000828
310.27267,Margaroylglycine,M-H2O+H[1+],7.2031,0.00135052177000716,EC000830
311.25617,Margaroylglycine,M-NH3+H[1+],9.3347,0.00195052177002708,EC000828
311.25644,Margaroylglycine,M-NH3+H[1+],9.0817,0.00168052177002664,EC000828
328.28301,Margaroylglycine,M+H[1+],7.809,0.00161052177003285,EC000829
328.28327,Margaroylglycine,M+H[1+],8.952,0.00135052177000716,EC000828
328.28328,Margaroylglycine,M+H[1+],8.1912,0.00134052177003241,EC000831
350.26322,Margaroylglycine,M+Na[1+],9.3648,0.003400521770061,EC000828
350.26518,Margaroylglycine,M+Na[1+],8.9409,0.00144052177006415,EC000828
350.26522,Margaroylglycine,M+Na[1+],8.1849,0.00140052177005145,EC000831
311.18368,MCOCH,M-H2O+H[1+],7.1358,0.00158646676999297,EC000351
328.18692,MCOCH,M[1+],7.2246,0.00166999999999007,EC000351
161.10633,Melatonin,M-C3H4O2+H[1+],2.324,0.00102423276996433,EC000832
233.12734,Melatonin,M+H[1+],2.559,0.0011142327699929,EC000832
173.12745,Meprobamate,M-HCOOH+H[1+],1.7161,0.00108354076999717,EC000550
183.11172,Meprobamate,M-H4O2+H[1+],2.0948,0.0010135407700318,EC000550
219.13286,Meprobamate,M+H[1+],1.4241,0.00107354077002242,EC000550
274.12354,Met-Ala-Ala,M-H2O+H[1+],0.9536,0.00158453323001595,EC000212
367.15743,Met-Ala-Phe,M[1+],8.7154,0.000850999999954638,EC000260
368.16514,Met-Ala-Phe,M+H[1+],8.9529,0.00128453322997757,EC000260
368.16518,Met-Ala-Phe,M+H[1+],8.9905,0.00132453322999027,EC000260
391.15581,Met-Arg-Cys,M-H2O+H[1+],4.462,0.00221446676999904,EC000332
431.14675,Met-Arg-Cys,M+Na[1+],5.6036,0.00387446676995751,EC000333
385.16534,Met-Arg-Gly,M+Na[1+],6.837,0.00243753323002238,EC000350
393.20818,Met-Arg-Met,M-CO2+H[1+],5.0507,0.0019444667699986,EC000377
419.1873,Met-Arg-Met,M-H2O+H[1+],5.1987,0.00202446677002399,EC000377
427.20575,Met-Arg-Val,M+Na[1+],3.9472,0.00410246677000714,EC000378
383.15017,Met-Asn-His,M-H2O+H[1+],6.613,0.000602533229994151,EC000415
415.16243,Met-Asp-Lys,M+Na[1+],5.6297,0.000195533229998546,EC000423
451.16729,Met-Asp-Trp,M+H[1+],0.6691,0.00270553322997102,EC000436
391.15581,Met-Cys-Arg,M-H2O+H[1+],4.462,0.00221446676999904,EC000332
431.14675,Met-Cys-Arg,M+Na[1+],5.6036,0.00387446676995751,EC000333
381.16357,Met-Cys-Lys,M+H[1+],1.6023,0.00109353323000505,EC000536
332.1092,Met-Cys-Pro,M-H2O+H[1+],1.0954,0.000477466770007595,EC000295
350.11987,Met-Cys-Pro,M+H[1+],1.6778,0.000407466770013798,EC000296
398.12173,Met-Cys-Tyr,M-H2O+H[1+],6.2087,0.00148753323003348,EC000539
425.18224,Met-Gln-Phe,M+H[1+],4.2567,0.00307946677003201,EC000653
385.16534,Met-Gly-Arg,M+Na[1+],6.837,0.00243753323002238,EC000350
383.15017,Met-His-Asn,M-H2O+H[1+],6.613,0.000602533229994151,EC000415
415.20939,Met-His-Lys,M+H[1+],7.8221,0.002812466770024,EC000708
415.20991,Met-His-Lys,M+H[1+],7.5546,0.00229246677002948,EC000709
437.19185,Met-His-Lys,M+Na[1+],7.5541,0.00235246676999168,EC000709
437.19186,Met-His-Lys,M+Na[1+],7.9457,0.00234246676996008,EC000708
437.19193,Met-His-Lys,M+Na[1+],7.8241,0.00227246676996629,EC000708
453.16595,Met-His-Lys,M+K[1+],7.5506,0.0017524667700286,EC000709
434.18749,Met-His-Phe,M+H[1+],1.3204,0.00183653323000499,EC000716
245.13183,Met-Ile,M-H2O+H[1+],5.4025,4.02632300335881e-05,EC000769
373.22346,Met-Ile-Lys,M-H2O+H[1+],10.5382,0.00329446677000078,EC000737
431.20764,Met-Ile-Trp,M-H2O+H[1+],9.3715,0.00346446676996948,EC000744
384.19185,Met-Ile-Val,M+Na[1+],9.2729,0.000955466769994473,EC000745
245.13183,Met-Leu,M-H2O+H[1+],5.4025,4.02632300335881e-05,EC000769
373.22346,Met-Leu-Lys,M-H2O+H[1+],10.5382,0.00329446677000078,EC000737
431.20764,Met-Leu-Trp,M-H2O+H[1+],9.3715,0.00346446676996948,EC000744
384.19185,Met-Leu-Val,M+Na[1+],9.2729,0.000955466769994473,EC000745
415.16243,Met-Lys-Asp,M+Na[1+],5.6297,0.000195533229998546,EC000423
381.16357,Met-Lys-Cys,M+H[1+],1.6023,0.00109353323000505,EC000536
415.20939,Met-Lys-His,M+H[1+],7.8221,0.002812466770024,EC000708
415.20991,Met-Lys-His,M+H[1+],7.5546,0.00229246677002948,EC000709
437.19185,Met-Lys-His,M+Na[1+],7.5541,0.00235246676999168,EC000709
437.19186,Met-Lys-His,M+Na[1+],7.9457,0.00234246676996008,EC000708
437.19193,Met-Lys-His,M+Na[1+],7.8241,0.00227246676996629,EC000708
453.16595,Met-Lys-His,M+K[1+],7.5506,0.0017524667700286,EC000709
373.22346,Met-Lys-Ile,M-H2O+H[1+],10.5382,0.00329446677000078,EC000737
373.22346,Met-Lys-Leu,M-H2O+H[1+],10.5382,0.00329446677000078,EC000737
357.19217,Met-Lys-Pro,M-H2O+H[1+],8.8111,0.00328446677002603,EC000268
397.18762,Met-Lys-Pro,M+Na[1+],6.2072,0.000434466770059316,EC000269
367.18188,Met-Lys-Ser,M(Cl37)+H[1+],6.628,0.000639466770053332,EC000238
367.18188,Met-Lys-Ser,M(S34)+H[1+],6.628,0.000760533229993143,EC000238
387.16647,Met-Lys-Ser,M+Na[1+],6.8382,0.00084946676997788,EC000238
387.1686,Met-Lys-Ser,M+Na[1+],6.9283,0.00128053323004451,EC000238
377.21845,Met-Lys-Val,M+H[1+],9.7549,0.00325446676998808,EC000811
379.21421,Met-Lys-Val,M(S34)+H[1+],9.7556,0.00329446677000078,EC000811
393.20818,Met-Met-Arg,M-CO2+H[1+],5.0507,0.0019444667699986,EC000377
419.1873,Met-Met-Arg,M-H2O+H[1+],5.1987,0.00202446677002399,EC000377
350.11987,Met-Met-Ser,M-H2O+H[1+],1.6778,0.000372466769988478,EC000833
367.15743,Met-Phe-Ala,M[1+],8.7154,0.000850999999954638,EC000260
368.16514,Met-Phe-Ala,M+H[1+],8.9529,0.00128453322997757,EC000260
368.16518,Met-Phe-Ala,M+H[1+],8.9905,0.00132453322999027,EC000260
425.18224,Met-Phe-Gln,M+H[1+],4.2567,0.00307946677003201,EC000653
434.18749,Met-Phe-His,M+H[1+],1.3204,0.00183653323000499,EC000716
398.17202,Met-Phe-Thr,M+H[1+],6.2033,0.00240046677004102,EC000534
332.1092,Met-Pro-Cys,M-H2O+H[1+],1.0954,0.000477466770007595,EC000295
350.11987,Met-Pro-Cys,M+H[1+],1.6778,0.000407466770013798,EC000296
357.19217,Met-Pro-Lys,M-H2O+H[1+],8.8111,0.00328446677002603,EC000268
397.18762,Met-Pro-Lys,M+Na[1+],6.2072,0.000434466770059316,EC000269
316.13541,Met-Pro-Ser,M-H2O+H[1+],1.1238,0.00288953322996122,EC000834
455.17367,Met-Pro-Trp,M+Na[1+],6.3364,0.00126553323002554,EC000835
368.16514,Met-Pro-Val,M+Na[1+],8.9529,0.00363453323001295,EC000315
368.16518,Met-Pro-Val,M+Na[1+],8.9905,0.00367453323002565,EC000315
367.18188,Met-Ser-Lys,M(Cl37)+H[1+],6.628,0.000639466770053332,EC000238
367.18188,Met-Ser-Lys,M(S34)+H[1+],6.628,0.000760533229993143,EC000238
387.16647,Met-Ser-Lys,M+Na[1+],6.8382,0.00084946676997788,EC000238
387.1686,Met-Ser-Lys,M+Na[1+],6.9283,0.00128053323004451,EC000238
350.11987,Met-Ser-Met,M-H2O+H[1+],1.6778,0.000372466769988478,EC000833
316.13541,Met-Ser-Pro,M-H2O+H[1+],1.1238,0.00288953322996122,EC000834
398.17202,Met-Thr-Phe,M+H[1+],6.2033,0.00240046677004102,EC000534
451.16729,Met-Trp-Asp,M+H[1+],0.6691,0.00270553322997102,EC000436
431.20764,Met-Trp-Ile,M-H2O+H[1+],9.3715,0.00346446676996948,EC000744
431.20764,Met-Trp-Leu,M-H2O+H[1+],9.3715,0.00346446676996948,EC000744
455.17367,Met-Trp-Pro,M+Na[1+],6.3364,0.00126553323002554,EC000835
398.12173,Met-Tyr-Cys,M-H2O+H[1+],6.2087,0.00148753323003348,EC000539
271.10792,Met-Val,M+Na[1+],5.0281,0.00081967277003514,EC000836
427.20575,Met-Val-Arg,M+Na[1+],3.9472,0.00410246677000714,EC000378
384.19185,Met-Val-Ile,M+Na[1+],9.2729,0.000955466769994473,EC000745
384.19185,Met-Val-Leu,M+Na[1+],9.2729,0.000955466769994473,EC000745
377.21845,Met-Val-Lys,M+H[1+],9.7549,0.00325446676998808,EC000811
379.21421,Met-Val-Lys,M(S34)+H[1+],9.7556,0.00329446677000078,EC000811
368.16514,Met-Val-Pro,M+Na[1+],8.9529,0.00363453323001295,EC000315
368.16518,Met-Val-Pro,M+Na[1+],8.9905,0.00367453323002565,EC000315
136.07471,meta-Tyrosine,M-HCOOH+H[1+],5.015,0.00105968976998838,EC00054
146.05906,meta-Tyrosine,M-H4O2+H[1+],5.0643,0.000909689770026034,EC00054
154.08526,meta-Tyrosine,M-CO+H[1+],5.0085,0.000909689769997613,EC00054
182.08008,meta-Tyrosine,M+H[1+],5.0202,0.0010896897699979,EC00054
182.08013,meta-Tyrosine,M+H[1+],0.9628,0.00103968977001045,EC00055
183.08447,meta-Tyrosine,M(C13)+H[1+],0.9399,9.96897699963029e-05,EC00055
204.06208,meta-Tyrosine,M+Na[1+],5.0184,0.0010896897699979,EC00054
189.12234,Methaphenilene,M-C3H4O2+H[1+],1.6174,0.00146353322998038,EC000674
215.13798,Methaphenilene,M-HCOOH+H[1+],1.3876,0.00140353322998976,EC000674
217.15307,Methaphenilene,M-CO2+H[1+],1.2601,0.000893533229998411,EC000674
225.12215,Methaphenilene,M-H4O2+H[1+],3.2702,0.00137353322998024,EC000675
225.12228,Methaphenilene,M-H4O2+H[1+],3.9722,0.00150353322996466,EC000675
233.14862,Methaphenilene,M-CO+H[1+],1.6244,0.00164353322998068,EC000674
243.13278,Methaphenilene,M-H2O+H[1+],1.6699,0.00140353322998976,EC000674
243.13281,Methaphenilene,M-H2O+H[1+],4.5528,0.00143353322999928,EC000675
261.14311,Methaphenilene,M+H[1+],4.4,0.0011335332299609,EC000675
261.14327,Methaphenilene,M+H[1+],1.6703,0.00129353322995485,EC000674
263.1377,Methaphenilene,M(S34)+H[1+],4.3272,7.64667699968413e-05,EC000675
283.12516,Methaphenilene,M+Na[1+],4.3964,0.00118353322994835,EC000675
181.09598,Metharbital,M-H2O+H[1+],4.7587,0.00113879076999979,EC000837
182.08008,Metharbital,M-NH3+H[1+],5.0202,0.00113879076999979,EC000837
221.09028,Metharbital,M+Na[1+],1.6403,0.000561209229999804,EC000838
221.09072,Metharbital,M+Na[1+],1.1952,0.00100120922999736,EC000838
225.12215,Methdilazine,M-C3H4O2+H[1+],3.2702,0.00125419322998255,EC000839
225.12228,Methdilazine,M-C3H4O2+H[1+],3.9722,0.00138419322996697,EC000839
229.1535,Methdilazine,M-HCOONa+H[1+],2.9007,0.00109580677002441,EC000839
229.15356,Methdilazine,M-HCOONa+H[1+],2.5061,0.00103580677003379,EC000839
279.12997,Methdilazine,M-H2O+H[1+],4.7269,0.00142580676998705,EC000840
279.13372,Methdilazine,M-H2O+H[1+],1.7687,0.00232419322998112,EC000839
302.97109,Methidathion,M+H[1+],0.6135,0.00195853322998119,EC000841
188.03659,Methionine sulfoxide,M+Na[1+],1.8548,0.00134914122997998,EC000601
163.05304,Methionine sulfoximine,M-H2O+H[1+],8.3205,0.000499416769997651,EC0008
263.1377,Methohexital,M+H[1+],4.3272,0.00131891877003909,EC000842
163.05304,Methomyl,M+H[1+],8.3205,0.000534730769999214,EC000843
187.13173,Methyl 2-diazoacetamidohexonate,M-CO+H[1+],5.7468,0.000253533229994218,EC000154
215.12662,Methyl 2-diazoacetamidohexonate,M+H[1+],5.8592,0.000143533229987725,EC000154
237.11111,"Methyl 3-(2,3-dihydroxy-3-methylbutyl)-4-hydroxybenzoate",M-H2O+H[1+],10.47,0.000990152770015129,EC000844
237.11266,"Methyl 3-(2,3-dihydroxy-3-methylbutyl)-4-hydroxybenzoate",M-H2O+H[1+],4.593,0.000559847229993693,EC000845
277.10339,"Methyl 3-(2,3-dihydroxy-3-methylbutyl)-4-hydroxybenzoate",M+Na[1+],4.5936,0.00131015277003144,EC000845
277.10342,"Methyl 3-(2,3-dihydroxy-3-methylbutyl)-4-hydroxybenzoate",M+Na[1+],4.737,0.00128015276999349,EC000845
197.07985,"Methyl 3,4-dimethoxybenzoate",M+H[1+],7.7826,0.00102646677001417,EC000199
118.08535,Methyl 4-aminobutanoate,M+H[1+],0.7962,0.000905466769992813,EC000124
118.08542,Methyl 4-aminobutanoate,M+H[1+],1.2533,0.000835466769999016,EC000125
147.06427,Methyl D-lyxofuranoside,M-H2O+H[1+],0.9256,0.000881466770010775,EC00034
165.07459,Methyl D-lyxofuranoside,M+H[1+],0.7944,0.00116146677001439,EC00034
195.08545,Methyl glucose,M+H[1+],6.4443,0.000826466770007528,EC0005
176.0696,Methyl hippurate,M-H2O+H[1+],5.1887,0.000969689769988236,EC00068
194.08015,Methyl hippurate,M+H[1+],4.2694,0.00101968977000411,EC00069
176.0696,Methyl n-acetylanthranilate,M-H2O+H[1+],5.1887,0.000969689769988236,EC00068
194.08015,Methyl n-acetylanthranilate,M+H[1+],4.2694,0.00101968977000411,EC00069
136.07471,Methyl n-formylanthranilate,M-CO2+H[1+],5.015,0.00100962576999564,EC000105
180.06445,Methyl n-formylanthranilate,M+H[1+],5.0534,0.00106962577001468,EC000105
248.05176,Methyl n-formylanthranilate,M+HCOONa[1+],5.0545,0.00115962577001483,EC000105
120.07984,Methyl N-methylanthranilate,M-HCOOH+H[1+],1.5093,0.00101506776996985,EC000455
166.08535,Methyl N-methylanthranilate,M+H[1+],1.5172,0.000905067769991774,EC000455
167.08849,Methyl N-methylanthranilate,M(C13)+H[1+],1.5208,0.00116506776998904,EC000455
188.06721,Methyl N-methylanthranilate,M+Na[1+],1.5207,0.00104506777000779,EC000455
188.06958,Methyl N-methylanthranilate,M+Na[1+],2.2078,0.00132493223000552,EC000455
165.05352,Methyl vanillate,M-H2O+H[1+],7.0768,0.0010652747700135,EC00097
165.05361,Methyl vanillate,M-H2O+H[1+],7.7817,0.000975274770013357,EC00098
205.04789,Methyl vanillate,M+Na[1+],0.8951,0.000704725229979886,EC00099
117.05366,Methylacetoacetic acid,M+H[1+],0.7674,0.000960588769999049,EC000846
201.01492,Methylacetoacetic acid,M+HCOOK[1+],0.7324,0.00100058877001175,EC000846
194.08015,Methyldopa,M-H2O+H[1+],4.2694,0.000984375770002544,EC000591
212.09229,Methyldopa,M+H[1+],5.6329,0.000555624229974683,EC000592
234.07259,Methyldopa,M+Na[1+],4.2742,0.00114437577002491,EC000591
250.04847,Methyldopa,M+K[1+],4.4009,0.00123562422999157,EC000591
161.09499,Methyleugenol,M-H2O+H[1+],7.8768,0.00106615877001559,EC000171
147.06427,Methylglutaric acid,M+H[1+],0.9256,0.000915274770022734,EC00048
165.07459,Methylglutaric acid,M+H2O+H[1+],0.7944,0.00119527477002634,EC00048
176.0696,Methylhippuric acid,M-H2O+H[1+],5.1887,0.000970466769985023,EC00068
194.08015,Methylhippuric acid,M+H[1+],4.2694,0.00102046677000089,EC00069
123.05431,Methylimidazoleacetic acid,M-H2O+H[1+],1.0098,0.000943976769988808,EC00029
124.03838,Methylimidazoleacetic acid,M-NH3+H[1+],0.9702,0.00097397676998412,EC00029
156.13741,Methylisopelletierine,M+H[1+],8.6014,0.000880637770023895,EC000847
178.12162,Methylisopelletierine,M+Na[1+],3.7972,0.00132936222999547,EC000848
101.02241,Methylmalonic acid,M-H2O+H[1+],1.0092,0.000875146769999446,EC000600
137.04484,Methylmalonic acid,M+H2O+H[1+],0.9517,0.000354853229993068,EC000600
141.01523,Methylmalonic acid,M+Na[1+],1.0142,0.000655146770014881,EC000600
115.03805,Methylsuccinic acid,M-H2O+H[1+],1.0027,0.000885204769986103,EC000578
115.03806,Methylsuccinic acid,M-H2O+H[1+],1.9129,0.000875204769982929,EC000579
115.03808,Methylsuccinic acid,M-H2O+H[1+],1.4169,0.000855204769990792,EC000579
155.03046,Methylsuccinic acid,M+Na[1+],1.9156,0.00107520476998957,EC000579
376.19837,Methysergide,M+Na[1+],7.0361,0.00123358977003818,EC000720
177.10122,Metiamide,M-HCOONa+H[1+],1.5773,0.000294378769979176,EC000448
177.10123,Metiamide,M-HCOONa+H[1+],1.279,0.000284378770004423,EC000448
227.07812,Metiamide,M-H2O+H[1+],2.2154,0.000194378769975856,EC000448
343.12853,Metofluthrin,M-H2O+H[1+],4.8462,0.00300346676999652,EC000849
120.07984,Metronidazole-OH,M-HCOONa+H[1+],1.5093,0.000656533230014134,EC000850
188.06721,Metronidazole-OH,M+H[1+],1.5207,0.0006265332299904,EC000850
337.20053,MHNCH,M+Na[1+],9.0344,0.00192853323000008,EC00078
478.29104,Mibefradil,M-H2O+H[1+],8.8093,0.00464353323002342,EC000851
147.06427,Mitobronitol,M-H4O2+H[1+],0.9256,0.000844646770019608,EC000632
165.07459,Mitobronitol,M-H2O+H[1+],0.7944,0.0011246467699948,EC000632
467.18663,Mitoxantrone,M+Na[1+],4.1231,0.00353111477005541,EC000852
307.18897,ML 236A,M+H[1+],7.0789,0.0014154667700268,EC000853
329.16943,ML 236A,M+Na[1+],2.1864,0.00295546677006087,EC000854
329.17096,ML 236A,M+Na[1+],7.0883,0.00142546677005839,EC000853
345.14861,ML 236A,M+K[1+],2.4745,0.00272453323003674,EC000854
273.18356,ML 236C,M-H2O+H[1+],8.7683,0.00131146677000515,EC000855
291.19348,ML 236C,M+H[1+],7.2899,0.00199146676999362,EC000856
291.19412,ML 236C,M+H[1+],7.0165,0.00135146677001785,EC000856
291.19413,ML 236C,M+H[1+],7.7811,0.0013414667700431,EC000857
309.20305,ML 236C,M+H2O+H[1+],8.611,0.00302146677000792,EC000855
309.20347,ML 236C,M+H2O+H[1+],7.193,0.00260146677004514,EC000856
309.20386,ML 236C,M+H2O+H[1+],7.263,0.00221146677000661,EC000856
309.20462,ML 236C,M+H2O+H[1+],7.0234,0.00145146677004959,EC000856
309.2053,ML 236C,M+H2O+H[1+],7.7945,0.000771466770004281,EC000857
291.08522,Moclobemide,M+Na[1+],1.3816,0.00191197176997093,EC000858
353.06948,Moclobemide,M+HCOOK[1+],1.3221,0.00304802823001182,EC000858
261.14709,Mono-(2-ethylhexyl) terephthalate,M-H2O+H[1+],10.6523,0.00139646677001792,EC000859
279.15777,Mono-(2-ethylhexyl) terephthalate,M+H[1+],10.6615,0.00131646676999253,EC000859
279.15783,Mono-(2-ethylhexyl) terephthalate,M+H[1+],8.351,0.00125646677003033,EC000860
301.13977,Mono-(2-ethylhexyl) terephthalate,M+Na[1+],8.3517,0.00131646677004937,EC000860
317.11383,Mono-(2-ethylhexyl) terephthalate,M+K[1+],8.3551,0.000756466769985309,EC000860
235.06148,Mono-(3-carboxypropyl) phthalate,M-H2O+H[1+],1.2115,0.00141542723000043,EC000861
337.16596,Mono-(7-carboxy-2-methyloctyl) phthalate,M+H[1+],9.623,0.00139353322998659,EC000862
339.1616,Mono-(7-carboxy-2-methyloctyl) phthalate,M(Cl37)+H[1+],9.621,0.000166466769996987,EC000862
339.1616,Mono-(7-carboxy-2-methyloctyl) phthalate,M(S34)+H[1+],9.621,0.00123353323004949,EC000862
265.14216,Mono-2-heptyl phthalate,M+H[1+],4.775,0.00127646677003668,EC000863
337.16596,Mono-carboxy isononyl phthalate,M+H[1+],9.623,0.00139353322998659,EC000862
339.1616,Mono-carboxy isononyl phthalate,M(Cl37)+H[1+],9.621,0.000166466769996987,EC000862
339.1616,Mono-carboxy isononyl phthalate,M(S34)+H[1+],9.621,0.00123353323004949,EC000862
261.14709,Mono-n-octyl phthalate,M-H2O+H[1+],10.6523,0.00139646677001792,EC000859
279.15777,Mono-n-octyl phthalate,M+H[1+],10.6615,0.00131646676999253,EC000859
279.15783,Mono-n-octyl phthalate,M+H[1+],8.351,0.00125646677003033,EC000860
301.13977,Mono-n-octyl phthalate,M+Na[1+],8.3517,0.00131646677004937,EC000860
317.11383,Mono-n-octyl phthalate,M+K[1+],8.3551,0.000756466769985309,EC000860
205.08484,Monobutylphthalate,M-H2O+H[1+],8.3502,0.00104540276998932,EC000178
223.0952,Monobutylphthalate,M+H[1+],6.7617,0.00128540277000866,EC000179
245.07873,Monobutylphthalate,M+Na[1+],6.756,0.000244597229993815,EC000179
177.05362,Monoethyl phthalate,M-H2O+H[1+],6.758,0.000965274770010183,EC000864
217.04607,Monoethyl phthalate,M+Na[1+],5.9639,0.00111527477002937,EC000865
261.14709,Monoethylhexyl phthalic acid,M-H2O+H[1+],10.6523,0.00139565876997949,EC000859
279.15777,Monoethylhexyl phthalic acid,M+H[1+],10.6615,0.0013156587699541,EC000859
279.15783,Monoethylhexyl phthalic acid,M+H[1+],8.351,0.0012556587699919,EC000860
301.13977,Monoethylhexyl phthalic acid,M+Na[1+],8.3517,0.0013156587699541,EC000860
317.11383,Monoethylhexyl phthalic acid,M+K[1+],8.3551,0.00075565877000372,EC000860
205.08484,Monoisobutyl phthalic acid,M-H2O+H[1+],8.3502,0.00104540276998932,EC000178
223.0952,Monoisobutyl phthalic acid,M+H[1+],6.7617,0.00128540277000866,EC000179
245.07873,Monoisobutyl phthalic acid,M+Na[1+],6.756,0.000244597229993815,EC000179
307.18897,Monoisodecyl phthalate,M+H[1+],7.0789,0.00141646677002427,EC000853
329.16943,Monoisodecyl phthalate,M+Na[1+],2.1864,0.00295646677005834,EC000854
329.17096,Monoisodecyl phthalate,M+Na[1+],7.0883,0.00142646677005587,EC000853
345.14861,Monoisodecyl phthalate,M+K[1+],2.4745,0.00272353323003927,EC000854
231.06217,Monoisopropyl phthalate,M+Na[1+],3.9072,0.000666466769985163,EC000152
163.03788,Monomethyl phthalate,M-H2O+H[1+],10.6547,0.00105521077000503,EC000144
181.04833,Monomethyl phthalate,M+H[1+],8.3514,0.00120521077002422,EC000145
237.11111,Monopentyl phthalate,M+H[1+],10.47,0.00102646677001417,EC000866
237.11266,Monopentyl phthalate,M+H[1+],4.593,0.000523533229994655,EC000867
539.22154,Morfamquat,M+H[1+],8.9532,0.00290253322998524,EC000868
493.27957,Mucronine B,M+H[1+],4.9786,0.00136246677004692,EC000869
494.28148,Mucronine B,M(C13)+H[1+],4.9762,0.0028524667700367,EC000869
252.10797,Muramic acid,M+H[1+],1.1195,0.000191630229977591,EC000104
253.1121,Muramic acid,M(C13)+H[1+],1.1199,0.000921630229981929,EC000104
265.15296,Muscaaurin VII,M-HCOOK+H[1+],3.8905,1.64667700346399e-05,EC000870
349.11569,Muscaaurin VII,M+H[1+],4.4033,0.00141353322993609,EC000870
349.11705,Muscaaurin VII,M+H[1+],6.1191,0.00277353322996987,EC000871
262.12728,Mycosporine,M+H[1+],0.9014,0.00123346677003155,EC000699
280.13697,Mycosporine,M+H2O+H[1+],0.902,0.00214346677000776,EC000699
163.05936,myo-Inositol,M-H2O+H[1+],0.7702,0.000704582769998296,EC000547
163.05949,myo-Inositol,M-H2O+H[1+],6.3524,0.000574582769985454,EC000548
163.05952,myo-Inositol,M-H2O+H[1+],6.1637,0.000544582770004354,EC000548
203.0516,myo-Inositol,M+Na[1+],0.5212,0.00106458276999888,EC000547
189.01509,Myo-inositol 1-phosphate,M-C3H4O2+H[1+],0.7561,0.000805463770007009,EC000461
261.03472,Myo-inositol 1-phosphate,M+H[1+],1.0578,0.00227546376999044,EC000462
261.03557,Myo-inositol 1-phosphate,M+H[1+],1.1737,0.00142546376997643,EC000462
261.03589,Myo-inositol 1-phosphate,M+H[1+],0.7529,0.00110546376998855,EC000461
279.04661,Myo-inositol 1-phosphate,M+H2O+H[1+],0.7428,0.0009854637700073,EC000461
195.08545,Mytilitol,M+H[1+],6.4443,0.000864646769997535,EC0005
381.16357,N-(1-Deoxy-1-fructosyl)tryptophan,M+H[1+],1.6023,0.00205759877002265,EC000536
139.12204,N-(3-acetamidopropyl)pyrrolidin-2-one,M-HCOOH+H[1+],2.1129,0.00101423276998958,EC000872
167.11688,N-(3-acetamidopropyl)pyrrolidin-2-one,M-H2O+H[1+],2.1518,0.000974232769976879,EC000872
253.11729,N-(3-acetamidopropyl)pyrrolidin-2-one,M+HCOONa[1+],1.9539,0.00143576722999228,EC000872
291.15704,N-(p-Hydroxyphenethyl)actinidine,M+Na[1+],6.6982,0.00237579776995744,EC000873
226.06991,N-Acetyl-2-aminoadipic acid,M+Na[1+],5.0528,0.00126053322998132,EC000874
234.08619,N-Acetyl-3-methylhistidine,M+Na[1+],2.602,0.0012215332299661,EC000875
190.08519,N-Acetyl-L-phenylalanine,M-H2O+H[1+],5.6781,0.00102975376998415,EC000493
180.06445,N-Acetyl-proline,M+Na[1+],5.0534,0.00127953322999019,EC000102
226.06991,N-Acetyl-proline,M+HCOONa[1+],5.0528,0.00133953323000924,EC000102
190.05456,N-Acetyl-S- (2-hydroxyethyl)-cysteine,M-H2O+H[1+],4.7671,0.00135253323000484,EC00064
136.07471,N-Acetylarylamine,M+H[1+],5.015,0.000980381770006034,EC00074
154.08526,N-Acetylarylamine,M+H2O+H[1+],5.0085,0.0010303817700219,EC00074
204.06208,N-Acetylarylamine,M+HCOONa[1+],5.0184,0.00101038176998713,EC00074
167.11688,N-Acetylcadaverine,M+Na[1+],2.1518,0.0013403892299948,EC000876
146.11654,N-Acetylleucine,M-CO+H[1+],0.7882,0.000929817770014552,EC000701
146.11658,N-Acetylleucine,M-CO+H[1+],0.9695,0.000889817770001855,EC000701
173.10628,N-Acetylleucine,M[1+],3.6616,0.00108664900000122,EC000702
174.11123,N-Acetylleucine,M+H[1+],0.7765,0.00123981776999926,EC000701
196.09339,N-Acetylleucine,M+Na[1+],3.9295,0.00107981777000532,EC000702
196.09343,N-Acetylleucine,M+Na[1+],4.7462,0.00103981776999262,EC000703
190.05456,N-Acetylmethionine sulfoxide,M-H2O+H[1+],4.7671,0.00135253323000484,EC00064
147.11186,N-Acetylornithine,M-CO+H[1+],0.6541,0.000858790769996176,EC000689
175.10684,N-Acetylornithine,M+H[1+],0.7771,0.000878790770002524,EC000689
213.06259,N-Acetylornithine,M+K[1+],0.7741,0.000628790770008436,EC000689
130.04908,N-Acetylserine,M-H2O+H[1+],0.9782,0.000754247770004213,EC000549
148.05956,N-Acetylserine,M+H[1+],0.8487,0.000874247770013881,EC000549
150.05743,N-Acetylserine,M(Cl37)+H[1+],0.9057,0.000204247770000165,EC000549
150.05743,N-Acetylserine,M(S34)+H[1+],0.9057,0.00119575222998947,EC000549
132.10106,N-Acetylvaline,M-CO+H[1+],1.0714,0.000759749770026019,EC00065
182.08008,N-Acetylvaline,M+Na[1+],5.0202,0.00126025022998988,EC00066
182.08013,N-Acetylvaline,M+Na[1+],0.9628,0.00131025022997733,EC00065
130.04908,N-Acryloylglycine,M+H[1+],0.9782,0.000789561770005776,EC00025
148.05956,N-Acryloylglycine,M+H2O+H[1+],0.8487,0.000909561770015443,EC00025
264.14295,N-Allyladenosine,M-CO2+H[1+],1.1836,0.00258146677003879,EC000877
308.13266,N-Allyladenosine,M+H[1+],1.1664,0.00267146677003893,EC000877
279.14428,N-Benzoyl-D-arginine,M+H[1+],4.6629,0.000886466770054994,EC000878
347.12962,N-Benzoyl-D-arginine,M+HCOONa[1+],4.2568,0.00294646677002675,EC000878
381.16357,N-Benzoyl-D-arginine-4-nitroanilide,M-H2O+H[1+],1.6023,0.0033594667700072,EC000679
154.09654,N-Carbamoylputrescine,M+Na[1+],0.7729,0.00140148022998687,EC000879
132.10106,N-Carboxyethyl-g-aminobutyric acid,M-CO2+H[1+],1.0714,0.000874375770024471,EC000489
176.09169,N-Carboxyethyl-g-aminobutyric acid,M+H[1+],1.0624,4.43757700168135e-05,EC000489
238.10619,N-D-Glucosylarylamine,M-H2O+H[1+],5.2358,0.00118646677000811,EC000880
306.20502,N-Dodecanoyl-homoserine lactone,M+Na[1+],7.2264,0.000999533230015004,EC000881
274.06771,N-Feruloylglycine,M+Na[1+],0.7429,0.000938997769992511,EC000882
249.10851,N-Glycosyl-asparagine,M-HCOOH+H[1+],4.8626,0.000317533230003164,EC000883
277.10339,N-Glycosyl-asparagine,M-H2O+H[1+],4.5936,0.000397533230000136,EC000883
277.10342,N-Glycosyl-asparagine,M-H2O+H[1+],4.737,0.00042753323003808,EC000883
170.11655,N-Heptanoylglycine,M-H2O+H[1+],4.9067,0.000969881770004122,EC00045
171.10052,N-Heptanoylglycine,M-NH3+H[1+],5.0379,0.00109988177001696,EC00045
188.12712,N-Heptanoylglycine,M+H[1+],4.9041,0.000999881770013644,EC00045
210.10902,N-Heptanoylglycine,M+Na[1+],4.9043,0.00109988177001696,EC00045
160.07471,N-Hydroxy-tryptamine,M-NH3+H[1+],1.2777,0.00102946677000659,EC000521
177.10122,N-Hydroxy-tryptamine,M+H[1+],1.5773,0.00101946677000342,EC000521
177.10123,N-Hydroxy-tryptamine,M+H[1+],1.279,0.00100946677002867,EC000521
235.06148,N-Hydroxy-tryptamine,M+NaCl[1+],1.2115,0.000640533229983475,EC000521
154.08526,N-Hydroxy-tyrosine,M-CO2+H[1+],5.0085,0.0010244667699908,EC000784
180.06445,N-Hydroxy-tyrosine,M-H2O+H[1+],5.0534,0.00103446676999397,EC000784
116.06968,N-Hydroxy-valine,M-H2O+H[1+],0.7753,0.000889466769990577,EC000782
117.05366,N-Hydroxy-valine,M-NH3+H[1+],0.7674,0.00100946677000024,EC000782
218.0415,N-Hydroxy-valine,M+HCOOK[1+],0.6896,0.000969466769987548,EC000782
132.10106,N-Isobutylglycine,M+H[1+],1.0714,0.000816466770032775,EC000463
154.08526,N-Isobutylglycine,M+Na[1+],5.0085,0.00138353322998341,EC000464
118.08535,N-Methyl-alpha-aminoisobutyric acid,M+H[1+],0.7962,0.000905067769991774,EC000124
118.08542,N-Methyl-alpha-aminoisobutyric acid,M+H[1+],1.2533,0.000835067769997977,EC000125
130.04908,N-Methyl-D-aspartic acid,M-H2O+H[1+],0.9782,0.000754247770004213,EC000549
148.05956,N-Methyl-D-aspartic acid,M+H[1+],0.8487,0.000874247770013881,EC000549
150.05743,N-Methyl-D-aspartic acid,M(Cl37)+H[1+],0.9057,0.000204247770000165,EC000549
150.05743,N-Methyl-D-aspartic acid,M(S34)+H[1+],0.9057,0.00119575222998947,EC000549
173.10628,N-Methylserotonin,M-H2O+H[1+],3.6616,0.00100954677000686,EC000162
213.10126,N-Methylserotonin,M+Na[1+],4.8311,0.00137045322998119,EC000163
132.10106,N-methylvaline,M+H[1+],1.0714,0.000845131770006446,EC000463
154.08526,N-methylvaline,M+Na[1+],5.0085,0.00135486823000974,EC000464
226.17908,N-Undecanoylglycine,M-H2O+H[1+],6.6681,0.00104013776999068,EC000884
227.16234,N-Undecanoylglycine,M-NH3+H[1+],6.8512,0.00188013777000151,EC000884
227.16311,N-Undecanoylglycine,M-NH3+H[1+],6.6101,0.0011101377700129,EC000884
244.18958,N-Undecanoylglycine,M+H[1+],6.67,0.001140137769994,EC000884
266.17148,N-Undecanoylglycine,M+Na[1+],6.673,0.00124013777002574,EC000884
335.1654,N-Undecylbenzenesulfonic acid,M+Na[1+],9.6223,0.000208081229970958,EC000885
137.10638,"N,N-Dimethyl-1,4-phenylenediamine",M+H[1+],4.979,0.000896466770001325,EC00079
144.07976,"N,N-Dimethylaniline",M+Na[1+],3.6705,0.00133417622998877,EC00083
144.0798,"N,N-Dimethylaniline",M+Na[1+],2.3272,0.00137417623000147,EC00083
206.09139,"N,N-Dimethylhistidine",M+Na[1+],1.9952,0.00131353322998962,EC000886
116.06968,"N,N'-Diacetyl-lysine",M+2H[2+],0.7753,0.000925466769984951,EC000887
203.13733,"N,N'-Diacetyl-lysine",M-CO+H[1+],1.1447,0.00160446677000436,EC000887
203.1379,"N,N'-Diacetyl-lysine",M-CO+H[1+],0.9523,0.00103446676999397,EC000887
213.12236,"N,N'-Diacetyl-lysine",M-H2O+H[1+],1.0284,0.000974466770003346,EC000887
231.13422,"N,N'-Diacetyl-lysine",M+H[1+],6.1334,0.000285533229998691,EC000888
253.11729,"N,N'-Diacetyl-lysine",M+Na[1+],1.9539,0.00135553322999726,EC000889
425.17359,"N,N'-diacetylchitobiose",M+H[1+],7.0552,0.00299619677002738,EC000890
189.12234,N(2)-Acetyllysine,M+H[1+],1.6174,0.00103646676998892,EC000277
211.10664,N(2)-Acetyllysine,M+Na[1+],2.0433,0.00126353323000217,EC000277
211.10667,N(2)-Acetyllysine,M+Na[1+],2.7578,0.00129353323001169,EC000277
227.07812,N(2)-Acetyllysine,M+K[1+],2.2154,0.000756466769985309,EC000277
183.11172,N(2)-Methyl-lysine,M+Na[1+],2.0948,0.00124353322999582,EC000778
147.11186,N(5)-Acetyl-ornithine,M-CO+H[1+],0.6541,0.000858466769983579,EC000689
175.10684,N(5)-Acetyl-ornithine,M+H[1+],0.7771,0.000878466769989927,EC000689
213.06259,N(5)-Acetyl-ornithine,M+K[1+],0.7741,0.000628466769995839,EC000689
187.10673,N(6)-Acetyl-N(6)-hydroxy-lysine,M-H2O+H[1+],0.81,0.000953466769999523,EC000891
187.10673,N(6)-Carboxymethyl-lysine,M-H2O+H[1+],0.81,0.000953466769999523,EC000891
336.16851,N(6)-Isopentenyladenosine,M+H[1+],9.6279,0.00187953323001011,EC000892
183.11172,N(6)-Methyllysine,M+Na[1+],2.0948,0.00126576722999516,EC000778
139.12204,"N(6),N(6)-Dimethyl-lysine",M-H4O2+H[1+],2.1129,0.000864466770025274,EC000893
197.12742,"N(6),N(6)-Dimethyl-lysine",M+Na[1+],1.5579,0.00131553322998457,EC000893
243.13278,"N(6),N(6)-Dimethyl-lysine",M+HCOONa[1+],1.6699,0.00127553322997187,EC000893
233.12734,"N1-(alpha-D-ribosyl)-5,6-dimethyl-benzimidazole",M-HCOOH+H[1+],2.559,0.00119354076997524,EC000894
279.13372,"N1-(alpha-D-ribosyl)-5,6-dimethyl-benzimidazole",M+H[1+],1.7687,0.000213540770005238,EC000894
230.18485,"N1,N8-Diacetylspermidine",M+H[1+],1.0173,0.00145345977000488,EC000895
255.09641,N2-Succinyl-L-ornithine,M+Na[1+],2.8474,0.00121190122999337,EC000123
189.12234,N6-Acetyl-L-lysine,M+H[1+],1.6174,0.00102885476999859,EC000277
211.10664,N6-Acetyl-L-lysine,M+Na[1+],2.0433,0.0012711452299925,EC000277
211.10667,N6-Acetyl-L-lysine,M+Na[1+],2.7578,0.00130114523000202,EC000277
227.07812,N6-Acetyl-L-lysine,M+K[1+],2.2154,0.000748854769994978,EC000277
248.11174,N6-Methyl-2'-deoxyadenosine,M-H2O+H[1+],0.7703,0.0024254667699779,EC000896
266.12221,N6-Methyl-2'-deoxyadenosine,M+H[1+],0.7697,0.00255546676999074,EC000896
304.07806,N6-Methyl-2'-deoxyadenosine,M+K[1+],0.7465,0.00220546677002176,EC000896
172.13219,"N6,N6,N6-Trimethyl-L-lysine",M-NH3+H[1+],5.0299,0.00106436076998762,EC000897
211.14301,"N6,N6,N6-Trimethyl-L-lysine",M+Na[1+],5.1905,0.00125563923000982,EC000897
373.27009,Nabilone,M+H[1+],9.9304,0.00363148477003961,EC000898
373.2702,Nabilone,M+H[1+],9.3449,0.00352148477003311,EC000899
395.25424,Nabilone,M+Na[1+],9.5657,0.00148148477001087,EC000900
415.13457,Nafcillin,M+H[1+],5.3134,0.00235101922999092,EC000901
415.13486,Nafcillin,M+H[1+],4.6436,0.00264101922999771,EC000902
324.16194,Naltrexone,M-H2O+H[1+],2.5611,0.00255530423004302,EC00015
342.16854,Naltrexone,M+H[1+],4.8874,0.00144469576997608,EC00016
177.05362,"Naphthalene-1,3,8-triol",M+H[1+],6.758,0.00095646677002037,EC000903
275.07296,Nebularine,M+Na[1+],0.9467,0.00217135876999919,EC000564
291.04657,Nebularine,M+K[1+],0.8042,0.00206135876999269,EC000564
291.04667,Nebularine,M+K[1+],0.9193,0.00196135876996095,EC000564
275.07296,Neburon,M+H[1+],0.9467,0.00171453323002879,EC000904
123.05431,Niacinamide,M+H[1+],1.0098,0.000979290769990371,EC00036
173.12745,Nicotinate D-ribonucleoside,M-HCOOK+H[1+],1.7161,0.000638651770032084,EC000905
279.07086,Nicotinate D-ribonucleoside,M+Na[1+],1.2135,0.00052865177002559,EC000905
161.10633,Nicotine-N-oxide,M-H2O+H[1+],2.324,0.000959466769984374,EC000906
197.12742,Nicotine-N-oxide,M+H2O+H[1+],1.5579,0.00106946677001929,EC000906
124.03838,Nicotinic acid,M+H[1+],0.9702,0.000924875769996447,EC00052
203.0437,Nicotinuric acid,M+Na[1+],0.741,0.000931401229991025,EC000907
349.12826,Nitidine,M+H[1+],6.6089,0.00259946676999334,EC000908
349.13413,Nitidine,M+H[1+],0.7765,0.00327053323002247,EC000408
343.12853,Nitrendipine,M-H2O+H[1+],4.8462,0.000282848769984412,EC000849
139.11076,"Nonane-4,6-dione",M-H2O+H[1+],5.7743,0.000916466770007673,EC00012
157.12126,"Nonane-4,6-dione",M+H[1+],5.7766,0.00101646677001099,EC00012
639.40751,Nonoxynol-9,M+Na[1+],9.1765,0.000414606769936654,EC000909
245.11366,Nopalinic acid,M-H2O+H[1+],6.5615,0.000497215230012671,EC000910
245.11368,Nopalinic acid,M-H2O+H[1+],7.5189,0.000517215229990597,EC000911
259.08408,Norchlorpromazine,M-HCOOH+H[1+],5.6303,0.00210658222999882,EC000912
287.07776,Norchlorpromazine,M-H2O+H[1+],5.2494,0.000986582230041222,EC000912
187.1036,Nordiazepam,M-HCOOK+H[1+],0.9121,0.00163284223000915,EC000913
293.04442,Nordiazepam,M+Na[1+],0.9978,0.000847157770010654,EC000913
115.03805,Norfuraneol,M+H[1+],1.0027,0.000920524769995268,EC000914
115.03806,Norfuraneol,M+H[1+],1.9129,0.000910524769992094,EC000915
115.03808,Norfuraneol,M+H[1+],1.4169,0.000890524769999956,EC000915
166.08535,Normetanephrine,M-H2O+H[1+],1.5172,0.000869753769990211,EC000593
206.0801,Normetanephrine,M+Na[1+],4.8711,0.00128024622998169,EC000594
318.07473,Norsanguinarine,M+H[1+],4.3994,0.001354311770001,EC000916
319.08151,Norsanguinarine,M(C13)+H[1+],4.3979,0.00202568822999183,EC000916
118.08535,Norvaline,M+H[1+],0.7962,0.000905067769991774,EC000124
118.08542,Norvaline,M+H[1+],1.2533,0.000835067769997977,EC000125
136.07471,NSC697380,M-H4O2+H[1+],5.015,0.000909466769996925,EC000917
154.08526,NSC697380,M-H2O+H[1+],5.0085,0.000959466769984374,EC000917
194.08015,NSC697380,M+Na[1+],4.2694,0.00133053323000354,EC000918
130.04908,O-Acetylserine,M-H2O+H[1+],0.9782,0.000754247770004213,EC000549
148.05956,O-Acetylserine,M+H[1+],0.8487,0.000874247770013881,EC000549
150.05743,O-Acetylserine,M(Cl37)+H[1+],0.9057,0.000204247770000165,EC000549
150.05743,O-Acetylserine,M(S34)+H[1+],0.9057,0.00119575222998947,EC000549
142.02552,O-Phosphoethanolamine,M+H[1+],0.7132,0.000850727770000503,EC000919
179.98131,O-Phosphoethanolamine,M+K[1+],0.7078,0.000560727769993719,EC000919
136.07471,o-Tyrosine,M-HCOOH+H[1+],5.015,0.00105968976998838,EC00054
146.05906,o-Tyrosine,M-H4O2+H[1+],5.0643,0.000909689770026034,EC00054
154.08526,o-Tyrosine,M-CO+H[1+],5.0085,0.000909689769997613,EC00054
182.08008,o-Tyrosine,M+H[1+],5.0202,0.0010896897699979,EC00054
182.08013,o-Tyrosine,M+H[1+],0.9628,0.00103968977001045,EC00055
183.08447,o-Tyrosine,M(C13)+H[1+],0.9399,9.96897699963029e-05,EC00055
204.06208,o-Tyrosine,M+Na[1+],5.0184,0.0010896897699979,EC00054
461.26494,Ochrolifuanine A,M+Na[1+],10.5275,0.00268346677000864,EC000920
353.21537,Octaethylene glycol,M-H2O+H[1+],7.8703,0.00158915277000915,EC000921
371.22617,Octaethylene glycol,M+H[1+],5.0513,0.00138915277000251,EC000922
393.20818,Octaethylene glycol,M+Na[1+],5.0507,0.00137915276997091,EC000922
409.1818,Octaethylene glycol,M+K[1+],5.058,0.00125915277004651,EC000922
384.19185,Octocrylene,M+Na[1+],9.2729,0.00162646677000566,EC000745
318.29042,Ormosanine,M+H[1+],7.4184,4.55332299793554e-05,EC000923
245.22513,Oseltamivir,M-HCOONa+H[1+],8.8442,0.000346139230003928,EC000924
245.22516,Oseltamivir,M-HCOONa+H[1+],8.9562,0.000376139229985029,EC000924
245.22518,Oseltamivir,M-HCOONa+H[1+],9.2623,0.000396139229991377,EC000924
245.22519,Oseltamivir,M-HCOONa+H[1+],8.2305,0.000406139229994551,EC000924
245.2252,Oseltamivir,M-HCOONa+H[1+],8.5347,0.000416139229997725,EC000924
245.22521,Oseltamivir,M-HCOONa+H[1+],9.1411,0.000426139230000899,EC000924
245.22522,Oseltamivir,M-HCOONa+H[1+],8.6746,0.000436139230004073,EC000924
331.22163,Oseltamivir,M+H2O+H[1+],8.7391,0.00115386076998902,EC000924
335.19568,Oseltamivir,M+Na[1+],8.3215,0.00149613923002789,EC000924
335.19579,Oseltamivir,M+Na[1+],8.6186,0.00160613923003439,EC000924
261.14709,Ovalicin,M-H4O2+H[1+],10.6523,0.00136034476997793,EC000925
279.15777,Ovalicin,M-H2O+H[1+],10.6615,0.00128034476995253,EC000925
279.15783,Ovalicin,M-H2O+H[1+],8.351,0.00122034476999033,EC000926
263.1377,Oxamniquine,M-NH3+H[1+],4.3272,0.00136801977004097,EC000927
302.14873,Oxamniquine,M+Na[1+],4.5958,0.0011619802299947,EC000927
595.14272,Oxidized glutathione,M-H2O+H[1+],7.6862,0.00591836476996832,EC000928
177.10122,Oxitriptan,M-CO2+H[1+],1.5773,0.00105646676999527,EC000929
177.10123,Oxitriptan,M-CO2+H[1+],1.279,0.00104646677002052,EC000929
193.09609,Oxitriptan,M-CO+H[1+],0.9966,0.000986466770001471,EC000929
221.09028,Oxitriptan,M+H[1+],1.6403,0.00179646677000278,EC000929
221.09072,Oxitriptan,M+H[1+],1.1952,0.00135646677000523,EC000929
193.09609,Oxoamide,M+H[1+],0.9966,0.00106410476999486,EC000193
115.03805,Oxolinicacid,M+H[1+],1.0027,0.000926466769996637,EC000914
115.03806,Oxolinicacid,M+H[1+],1.9129,0.000916466769993463,EC000915
115.03808,Oxolinicacid,M+H[1+],1.4169,0.000896466770001325,EC000915
135.03132,Oxypurinol,M-H2O+H[1+],0.6099,0.00121814122999808,EC000186
153.03969,Oxypurinol,M+H[1+],0.9957,0.00101185876999921,EC000187
138.05389,p-Aminobenzoic acid,M+H[1+],0.8215,0.00106493977000355,EC00041
176.00979,p-Aminobenzoic acid,M+K[1+],0.8418,0.000664939769990269,EC00041
211.10664,p-Hydroxyfelbamate,M-CO2+H[1+],2.0433,0.00110803476999877,EC00056
211.10667,p-Hydroxyfelbamate,M-CO2+H[1+],2.7578,0.00107803476998924,EC00056
255.09641,p-Hydroxyfelbamate,M+H[1+],2.8474,0.00113803477000829,EC00056
217.09617,p-Hydroxyprimidone,M-H2O+H[1+],3.2183,0.000906466770004499,EC000164
217.09659,p-Hydroxyprimidone,M-H2O+H[1+],4.1798,0.000486466770013294,EC000164
253.11729,p-Hydroxyprimidone,M+H2O+H[1+],1.9539,0.000986466770029892,EC000164
176.0696,p-Methylhippuric acid,M-H2O+H[1+],5.1887,0.000969689769988236,EC00068
194.08015,p-Methylhippuric acid,M+H[1+],4.2694,0.00101968977000411,EC00069
136.07471,p-Octopamine,M-H2O+H[1+],5.015,0.000945067769976049,EC000582
154.08526,p-Octopamine,M+H[1+],5.0085,0.00099506776999192,EC000582
176.0696,p-Octopamine,M+Na[1+],5.1887,0.00134493223001186,EC000582
190.08519,p-Synephrine,M+Na[1+],5.6781,0.00128486823001595,EC000100
365.10374,Palatinose,M+Na[1+],0.9283,0.00173646677001216,EC00092
381.07789,Palatinose,M+K[1+],0.7446,0.00108646676994795,EC00092
409.2017,Paliperidone,M-H2O+H[1+],9.1891,0.00169542176996629,EC000930
409.20197,Paliperidone,M-H2O+H[1+],9.2505,0.00142542176996585,EC000930
449.19157,Paliperidone,M+Na[1+],8.8558,0.0044254217700086,EC000931
401.28808,Palmitoyl glucuronide,M-H2O+H[1+],8.6926,0.00165016477001245,EC000932
401.28826,Palmitoyl glucuronide,M-H2O+H[1+],8.8522,0.00147016477001216,EC000932
441.28125,Palmitoyl glucuronide,M+Na[1+],9.1467,0.00108016476997363,EC000932
441.28569,Palmitoyl glucuronide,M+Na[1+],10.1737,0.0033598352300146,EC000933
441.28671,Palmitoyl glucuronide,M+Na[1+],9.0687,0.00437983523005414,EC000932
487.28633,Palmitoyl glucuronide,M+HCOONa[1+],8.5688,0.00140016476996152,EC000932
298.26497,Panamine,M-H2O+H[1+],8.6787,0.000845533230005913,EC000934
338.2536,Panamine,M+Na[1+],8.2167,0.00312446677003209,EC000935
338.25996,Panamine,M+Na[1+],7.7974,0.0032355332299403,EC000936
163.03788,para-Trifluoromethylphenol,M+H[1+],10.6547,0.00135413622999181,EC000937
155.06689,Paraldehyde,M+Na[1+],4.4012,0.00103071677000344,EC000938
546.31091,PD173074,M+Na[1+],9.2186,0.00545446676994743,EC000939
546.31467,PD173074,M+Na[1+],9.0411,0.00169446677000451,EC000939
150.05743,Penicillamine,M+H[1+],0.9057,0.000895757769995953,EC000788
152.05568,Penicillamine,M(Cl37)+H[1+],0.8773,0.000154242229996271,EC000788
261.12939,Pentaethylene glycol,M+Na[1+],3.774,0.00148646677001807,EC000940
315.1917,Pergolide,M+H[1+],8.2287,0.00275400123001646,EC000941
315.19171,Pergolide,M+H[1+],8.5911,0.00276400122999121,EC000942
333.19821,Pergolide,M+H2O+H[1+],8.091,0.00133599877000279,EC000941
333.20219,Pergolide,M+H2O+H[1+],7.8998,0.00264400122995312,EC000941
369.2354,Perindopril,M+H[1+],7.0984,0.00299861076996422,EC000943
369.23873,Perindopril,M+H[1+],9.3781,0.000331389229984325,EC000944
371.23188,Perindopril,M(S34)+H[1+],9.365,0.00231861076997575,EC000944
391.22285,Perindopril,M+Na[1+],9.0267,0.00245138923003196,EC000945
195.08545,Perseitol,M-H2O+H[1+],6.4443,0.000829332769995972,EC000946
365.22851,Phe-Ala-Arg,M-CO+H[1+],7.9797,0.000970466769956602,EC000219
365.22855,Phe-Ala-Arg,M-CO+H[1+],8.0528,0.000930466770000749,EC000219
365.22879,Phe-Ala-Arg,M-CO+H[1+],7.2294,0.000690466769981413,EC000220
375.21044,Phe-Ala-Arg,M-H2O+H[1+],6.8294,0.00344046676997323,EC000220
376.19837,Phe-Ala-Arg,M-NH3+H[1+],7.0361,0.000389533230020334,EC000220
415.20939,Phe-Ala-Arg,M+Na[1+],7.8221,0.00290953322996756,EC000219
415.20991,Phe-Ala-Arg,M+Na[1+],7.5546,0.00342953322996209,EC000221
367.18188,Phe-Ala-Gln,M(Cl37)+H[1+],6.628,0.0027325332299597,EC000238
387.16647,Phe-Ala-Gln,M+Na[1+],6.8382,0.00252253323003515,EC000238
333.17966,Phe-Ala-Ile,M-NH3+H[1+],7.1607,0.00127346676998741,EC000251
349.19714,Phe-Ala-Ile,M[1+],7.303,0.00301699999999983,EC000251
350.20726,Phe-Ala-Ile,M+H[1+],7.3157,0.000173466769979314,EC000251
351.21301,Phe-Ala-Ile,M(C13)+H[1+],7.2297,0.00217653322999922,EC000251
333.17966,Phe-Ala-Leu,M-NH3+H[1+],7.1607,0.00127346676998741,EC000251
349.19714,Phe-Ala-Leu,M[1+],7.303,0.00301699999999983,EC000251
350.20726,Phe-Ala-Leu,M+H[1+],7.3157,0.000173466769979314,EC000251
351.21301,Phe-Ala-Leu,M(C13)+H[1+],7.2297,0.00217653322999922,EC000251
387.19852,Phe-Ala-Lys,M+Na[1+],4.009,0.00181246676999081,EC000256
367.15743,Phe-Ala-Met,M[1+],8.7154,0.000850999999954638,EC000260
368.16514,Phe-Ala-Met,M+H[1+],8.9529,0.00128453322997757,EC000260
368.16518,Phe-Ala-Met,M+H[1+],8.9905,0.00132453322999027,EC000260
384.19185,Phe-Ala-Phe,M+H[1+],9.2729,6.65332299831789e-05,EC000261
365.22851,Phe-Arg-Ala,M-CO+H[1+],7.9797,0.000970466769956602,EC000219
365.22855,Phe-Arg-Ala,M-CO+H[1+],8.0528,0.000930466770000749,EC000219
365.22879,Phe-Arg-Ala,M-CO+H[1+],7.2294,0.000690466769981413,EC000220
375.21044,Phe-Arg-Ala,M-H2O+H[1+],6.8294,0.00344046676997323,EC000220
376.19837,Phe-Arg-Ala,M-NH3+H[1+],7.0361,0.000389533230020334,EC000220
415.20939,Phe-Arg-Ala,M+Na[1+],7.8221,0.00290953322996756,EC000219
415.20991,Phe-Arg-Ala,M+Na[1+],7.5546,0.00342953322996209,EC000221
461.26494,Phe-Arg-Arg,M-NH3+H[1+],10.5275,0.00296253323000428,EC000307
478.29104,Phe-Arg-Arg,M+H[1+],8.8093,0.002562533229991,EC000308
478.29119,Phe-Arg-Arg,M+H[1+],8.944,0.00271253322995335,EC000308
478.29132,Phe-Arg-Arg,M+H[1+],10.4157,0.00284253322996619,EC000307
500.27265,Phe-Arg-Arg,M+Na[1+],8.8028,0.00217253323000932,EC000308
500.27306,Phe-Arg-Arg,M+Na[1+],8.9398,0.00258253322999735,EC000308
500.27311,Phe-Arg-Arg,M+Na[1+],10.4193,0.0026325332299848,EC000307
213.10126,Phe-Arg-Cys,M+2H[2+],4.8311,0.00065446677001546,EC000334
407.18621,Phe-Arg-Cys,M-H2O+H[1+],9.0255,0.000257533230012541,EC000335
407.18738,Phe-Arg-Cys,M-H2O+H[1+],4.9988,0.00142753323001443,EC000334
432.23655,Phe-Arg-Gln,M-H2O+H[1+],7.5532,0.00120553323000649,EC000341
415.25242,Phe-Arg-His,M-CO2+H[1+],5.2451,0.00405846677006139,EC000354
459.24654,Phe-Arg-His,M+H[1+],10.7288,0.000261533229945599,EC000355
481.22558,Phe-Arg-His,M+Na[1+],5.1402,0.00269846677002761,EC000354
391.20593,Phe-Arg-Ser,M-H2O+H[1+],3.5639,0.00286546676994703,EC000226
351.21275,Phe-Arg-Thr,M-C3H4O2+H[1+],6.8753,0.00119546677001381,EC000380
351.21301,Phe-Arg-Thr,M-C3H4O2+H[1+],7.2297,0.000935466770044968,EC000380
395.2418,Phe-Arg-Thr,M-CO+H[1+],7.0773,0.00175453322998465,EC000380
395.24385,Phe-Arg-Thr,M-CO+H[1+],7.2316,0.00380453322998164,EC000380
423.23375,Phe-Arg-Thr,M+H[1+],7.0904,0.00129546677004555,EC000380
403.24889,Phe-Arg-Val,M-H2O+H[1+],10.5425,0.00370953322999412,EC000381
409.18689,Phe-Asn-Phe,M-H2O+H[1+],9.0306,0.000107466769975417,EC000420
359.17094,Phe-Asn-Pro,M-H2O+H[1+],8.7172,0.000407466770013798,EC000267
359.17096,Phe-Asn-Pro,M-H2O+H[1+],8.6636,0.00038746677000745,EC000267
425.18224,Phe-Asn-Tyr,M-H2O+H[1+],4.2567,0.000327533230006338,EC000421
379.19512,Phe-Asn-Val,M+H[1+],4.5325,0.00247746677001714,EC000422
417.15054,Phe-Asn-Val,M+K[1+],4.335,0.00255746676998569,EC000422
417.15068,Phe-Asn-Val,M+K[1+],4.1721,0.00241746676994126,EC000422
463.15557,Phe-Asn-Val,M+HCOOK[1+],4.1215,0.00332746676997431,EC000422
213.10126,Phe-Cys-Arg,M+2H[2+],4.8311,0.00065446677001546,EC000334
407.18621,Phe-Cys-Arg,M-H2O+H[1+],9.0255,0.000257533230012541,EC000335
407.18738,Phe-Cys-Arg,M-H2O+H[1+],4.9988,0.00142753323001443,EC000334
397.18762,Phe-Cys-Lys,M+H[1+],6.2072,0.00278446677003785,EC000537
455.17367,Phe-Cys-Trp,M+H[1+],6.3364,0.00108446677000984,EC000540
367.15743,Phe-Cys-Val,M[1+],8.7154,0.000850999999954638,EC000260
368.16514,Phe-Cys-Val,M+H[1+],8.9529,0.00128453322997757,EC000260
368.16518,Phe-Cys-Val,M+H[1+],8.9905,0.00132453322999027,EC000260
367.18188,Phe-Gln-Ala,M(Cl37)+H[1+],6.628,0.0027325332299597,EC000238
387.16647,Phe-Gln-Ala,M+Na[1+],6.8382,0.00252253323003515,EC000238
432.23655,Phe-Gln-Arg,M-H2O+H[1+],7.5532,0.00120553323000649,EC000341
431.20764,Phe-Gln-His,M+H[1+],9.3715,0.00389453323003863,EC000644
389.21765,Phe-Gln-Ile,M-H2O+H[1+],8.8,0.000647466770033134,EC000646
389.21765,Phe-Gln-Leu,M-H2O+H[1+],8.8,0.000647466770033134,EC000646
404.22803,Phe-Gln-Lys,M-H2O+H[1+],4.3319,0.00116646677003018,EC000650
425.18224,Phe-Gln-Met,M+H[1+],4.2567,0.00307946677003201,EC000653
454.16802,Phe-Glu-His,M+Na[1+],6.3352,0.00174146676994269,EC000660
333.19469,Phe-Gly-Lys,M-H2O+H[1+],7.0798,0.00260753322999108,EC000681
302.14873,Phe-Gly-Pro,M-H2O+H[1+],4.5958,0.00115346677000616,EC000684
409.18689,Phe-Gly-Trp,M+H[1+],9.0306,0.000142466770000738,EC000685
411.18288,Phe-Gly-Trp,M(Cl37)+H[1+],9.0337,0.00135246677001533,EC000685
411.18288,Phe-Gly-Trp,M(S34)+H[1+],9.0337,4.75332300311493e-05,EC000685
368.15758,Phe-Gly-Tyr,M-H2O+H[1+],8.7214,0.0028684667699963,EC000661
304.16443,Phe-Gly-Val,M-H2O+H[1+],4.0944,0.00110346677001871,EC000686
415.25242,Phe-His-Arg,M-CO2+H[1+],5.2451,0.00405846677006139,EC000354
459.24654,Phe-His-Arg,M+H[1+],10.7288,0.000261533229945599,EC000355
481.22558,Phe-His-Arg,M+Na[1+],5.1402,0.00269846677002761,EC000354
431.20764,Phe-His-Gln,M+H[1+],9.3715,0.00389453323003863,EC000644
454.16802,Phe-His-Glu,M+Na[1+],6.3352,0.00174146676994269,EC000660
431.2424,Phe-His-Lys,M+H[1+],9.6133,0.00226953322999179,EC000710
434.18749,Phe-His-Met,M+H[1+],1.3204,0.00183653323000499,EC000716
333.17966,Phe-Ile-Ala,M-NH3+H[1+],7.1607,0.00127346676998741,EC000251
349.19714,Phe-Ile-Ala,M[1+],7.303,0.00301699999999983,EC000251
350.20726,Phe-Ile-Ala,M+H[1+],7.3157,0.000173466769979314,EC000251
351.21301,Phe-Ile-Ala,M(C13)+H[1+],7.2297,0.00217653322999922,EC000251
389.21765,Phe-Ile-Gln,M-H2O+H[1+],8.8,0.000647466770033134,EC000646
363.2731,Phe-Ile-Lys,M-CO2+H[1+],9.6709,0.00238246677002962,EC000738
407.26139,Phe-Ile-Lys,M+H[1+],4.8892,0.00389246677002575,EC000739
429.24842,Phe-Ile-Lys,M+Na[1+],9.524,0.00113753323000765,EC000738
378.23689,Phe-Ile-Val,M+H[1+],5.2771,0.00184346676996938,EC000746
333.17966,Phe-Leu-Ala,M-NH3+H[1+],7.1607,0.00127346676998741,EC000251
349.19714,Phe-Leu-Ala,M[1+],7.303,0.00301699999999983,EC000251
350.20726,Phe-Leu-Ala,M+H[1+],7.3157,0.000173466769979314,EC000251
351.21301,Phe-Leu-Ala,M(C13)+H[1+],7.2297,0.00217653322999922,EC000251
389.21765,Phe-Leu-Gln,M-H2O+H[1+],8.8,0.000647466770033134,EC000646
363.2731,Phe-Leu-Lys,M-CO2+H[1+],9.6709,0.00238246677002962,EC000738
407.26139,Phe-Leu-Lys,M+H[1+],4.8892,0.00389246677002575,EC000739
429.24842,Phe-Leu-Lys,M+Na[1+],9.524,0.00113753323000765,EC000738
378.23689,Phe-Leu-Val,M+H[1+],5.2771,0.00184346676996938,EC000746
387.19852,Phe-Lys-Ala,M+Na[1+],4.009,0.00181246676999081,EC000256
397.18762,Phe-Lys-Cys,M+H[1+],6.2072,0.00278446677003785,EC000537
404.22803,Phe-Lys-Gln,M-H2O+H[1+],4.3319,0.00116646677003018,EC000650
333.19469,Phe-Lys-Gly,M-H2O+H[1+],7.0798,0.00260753322999108,EC000681
431.2424,Phe-Lys-His,M+H[1+],9.6133,0.00226953322999179,EC000710
363.2731,Phe-Lys-Ile,M-CO2+H[1+],9.6709,0.00238246677002962,EC000738
407.26139,Phe-Lys-Ile,M+H[1+],4.8892,0.00389246677002575,EC000739
429.24842,Phe-Lys-Ile,M+Na[1+],9.524,0.00113753323000765,EC000738
363.2731,Phe-Lys-Leu,M-CO2+H[1+],9.6709,0.00238246677002962,EC000738
407.26139,Phe-Lys-Leu,M+H[1+],4.8892,0.00389246677002575,EC000739
429.24842,Phe-Lys-Leu,M+Na[1+],9.524,0.00113753323000765,EC000738
373.22006,Phe-Lys-Pro,M-H2O+H[1+],10.5602,0.00332246676998693,EC000737
373.22346,Phe-Lys-Pro,M-H2O+H[1+],10.5382,7.753323001225e-05,EC000737
413.21305,Phe-Lys-Pro,M+Na[1+],5.2216,0.00293246677000525,EC000813
377.21845,Phe-Lys-Thr,M-H2O+H[1+],9.7549,0.000152533229993423,EC000814
415.23099,Phe-Lys-Val,M+Na[1+],6.8321,0.000642466769932071,EC000815
367.15743,Phe-Met-Ala,M[1+],8.7154,0.000850999999954638,EC000260
368.16514,Phe-Met-Ala,M+H[1+],8.9529,0.00128453322997757,EC000260
368.16518,Phe-Met-Ala,M+H[1+],8.9905,0.00132453322999027,EC000260
425.18224,Phe-Met-Gln,M+H[1+],4.2567,0.00307946677003201,EC000653
434.18749,Phe-Met-His,M+H[1+],1.3204,0.00183653323000499,EC000716
398.17202,Phe-Met-Thr,M+H[1+],6.2033,0.00240046677004102,EC000534
384.19185,Phe-Phe-Ala,M+H[1+],9.2729,6.65332299831789e-05,EC000261
409.18689,Phe-Phe-Asn,M-H2O+H[1+],9.0306,0.000107466769975417,EC000420
481.22558,Phe-Phe-Trp,M-H2O+H[1+],5.1402,0.00219753323000305,EC000947
263.1377,Phe-Pro,M+H[1+],4.3272,0.00131946676998496,EC000842
359.17094,Phe-Pro-Asn,M-H2O+H[1+],8.7172,0.000407466770013798,EC000267
359.17096,Phe-Pro-Asn,M-H2O+H[1+],8.6636,0.00038746677000745,EC000267
302.14873,Phe-Pro-Gly,M-H2O+H[1+],4.5958,0.00115346677000616,EC000684
373.22006,Phe-Pro-Lys,M-H2O+H[1+],10.5602,0.00332246676998693,EC000737
373.22346,Phe-Pro-Lys,M-H2O+H[1+],10.5382,7.753323001225e-05,EC000737
413.21305,Phe-Pro-Lys,M+Na[1+],5.2216,0.00293246677000525,EC000813
431.20764,Phe-Pro-Trp,M-H2O+H[1+],9.3715,9.24667699564452e-05,EC000744
384.19185,Phe-Pro-Val,M+Na[1+],9.2729,0.00241653323001856,EC000745
181.09598,Phe-Ser,M-C3H4O2+H[1+],4.7587,0.00120346977001873,EC000270
217.09617,Phe-Ser,M-H4O2+H[1+],3.2183,0.000913469770011943,EC000270
217.09659,Phe-Ser,M-H4O2+H[1+],4.1798,0.000493469770020738,EC000270
225.12215,Phe-Ser,M-CO+H[1+],3.2702,0.00113346976999651,EC000270
225.12228,Phe-Ser,M-CO+H[1+],3.9722,0.00100346977001209,EC000270
253.11729,Phe-Ser,M+H[1+],1.9539,0.000993469770008915,EC000270
391.20593,Phe-Ser-Arg,M-H2O+H[1+],3.5639,0.00286546676994703,EC000226
398.16727,Phe-Ser-Tyr,M-H2O+H[1+],7.0248,0.00374346677000403,EC000271
398.17202,Phe-Ser-Tyr,M-H2O+H[1+],6.2033,0.00100653322999733,EC000272
352.19012,Phe-Ser-Val,M+H[1+],8.9886,0.00342153322998229,EC000273
231.11175,Phe-Thr,M-H4O2+H[1+],3.7458,0.00098353477000046,EC000948
267.13284,Phe-Thr,M+H[1+],2.3158,0.00109353477000695,EC000948
289.11476,Phe-Thr,M+Na[1+],0.6643,0.0011735347699755,EC000949
351.21275,Phe-Thr-Arg,M-C3H4O2+H[1+],6.8753,0.00119546677001381,EC000380
351.21301,Phe-Thr-Arg,M-C3H4O2+H[1+],7.2297,0.000935466770044968,EC000380
395.2418,Phe-Thr-Arg,M-CO+H[1+],7.0773,0.00175453322998465,EC000380
395.24385,Phe-Thr-Arg,M-CO+H[1+],7.2316,0.00380453322998164,EC000380
423.23375,Phe-Thr-Arg,M+H[1+],7.0904,0.00129546677004555,EC000380
377.21845,Phe-Thr-Lys,M-H2O+H[1+],9.7549,0.000152533229993423,EC000814
398.17202,Phe-Thr-Met,M+H[1+],6.2033,0.00240046677004102,EC000534
455.17367,Phe-Trp-Cys,M+H[1+],6.3364,0.00108446677000984,EC000540
409.18689,Phe-Trp-Gly,M+H[1+],9.0306,0.000142466770000738,EC000685
411.18288,Phe-Trp-Gly,M(Cl37)+H[1+],9.0337,0.00135246677001533,EC000685
411.18288,Phe-Trp-Gly,M(S34)+H[1+],9.0337,4.75332300311493e-05,EC000685
481.22558,Phe-Trp-Phe,M-H2O+H[1+],5.1402,0.00219753323000305,EC000947
431.20764,Phe-Trp-Pro,M-H2O+H[1+],9.3715,9.24667699564452e-05,EC000744
425.18224,Phe-Tyr-Asn,M-H2O+H[1+],4.2567,0.000327533230006338,EC000421
368.15758,Phe-Tyr-Gly,M-H2O+H[1+],8.7214,0.0028684667699963,EC000661
398.16727,Phe-Tyr-Ser,M-H2O+H[1+],7.0248,0.00374346677000403,EC000271
398.17202,Phe-Tyr-Ser,M-H2O+H[1+],6.2033,0.00100653322999733,EC000272
265.15296,Phe-Val,M+H[1+],3.8905,0.00170897877001153,EC000950
349.11569,Phe-Val,M+HCOOK[1+],4.4033,0.000278978770040794,EC000950
403.24889,Phe-Val-Arg,M-H2O+H[1+],10.5425,0.00370953322999412,EC000381
379.19512,Phe-Val-Asn,M+H[1+],4.5325,0.00247746677001714,EC000422
417.15054,Phe-Val-Asn,M+K[1+],4.335,0.00255746676998569,EC000422
417.15068,Phe-Val-Asn,M+K[1+],4.1721,0.00241746676994126,EC000422
463.15557,Phe-Val-Asn,M+HCOOK[1+],4.1215,0.00332746676997431,EC000422
367.15743,Phe-Val-Cys,M[1+],8.7154,0.000850999999954638,EC000260
368.16514,Phe-Val-Cys,M+H[1+],8.9529,0.00128453322997757,EC000260
368.16518,Phe-Val-Cys,M+H[1+],8.9905,0.00132453322999027,EC000260
304.16443,Phe-Val-Gly,M-H2O+H[1+],4.0944,0.00110346677001871,EC000686
378.23689,Phe-Val-Ile,M+H[1+],5.2771,0.00184346676996938,EC000746
378.23689,Phe-Val-Leu,M+H[1+],5.2771,0.00184346676996938,EC000746
415.23099,Phe-Val-Lys,M+Na[1+],6.8321,0.000642466769932071,EC000815
384.19185,Phe-Val-Pro,M+Na[1+],9.2729,0.00241653323001856,EC000745
352.19012,Phe-Val-Ser,M+H[1+],8.9886,0.00342153322998229,EC000273
364.22093,Phe-Val-Val,M+H[1+],4.9615,0.00215346676998251,EC000951
178.12162,Phenmetrazine,M+H[1+],3.7972,0.00102057377000619,EC000952
293.0621,Phenyl glucuronide,M+Na[1+],0.7494,0.00112926877000064,EC000953
176.0696,Phenylacetylglycine,M-H2O+H[1+],5.1887,0.000969689769988236,EC00068
194.08015,Phenylacetylglycine,M+H[1+],4.2694,0.00101968977000411,EC00069
322.18586,Phenylalanyl-Arginine,M+H[1+],1.109,0.00150608776999661,EC000379
211.16825,Phenylalanyl-Glutamate,M-HCOOK+H[1+],8.5266,0.000701845229968967,EC000442
317.11383,Phenylalanyl-Glutamate,M+Na[1+],8.3551,0.00298184523001055,EC000442
177.10122,Phenylalanyl-Glycine,M-HCOOH+H[1+],1.5773,0.00109878576998312,EC000683
177.10123,Phenylalanyl-Glycine,M-HCOOH+H[1+],1.279,0.00108878577000837,EC000683
205.09514,Phenylalanyl-Glycine,M-H2O+H[1+],2.2058,0.00197878577000665,EC000683
223.10685,Phenylalanyl-Glycine,M+H[1+],2.094,0.000868785769995384,EC000683
281.06684,Phenylalanyl-Glycine,M+NaCl[1+],1.1975,0.000521214229991074,EC000683
163.06821,Phenylalanyl-Histidine,M+H+Na[2+],8.2986,0.000988305229981279,EC000954
303.1459,Phenylalanyl-Histidine,M+H[1+],8.3488,0.00073307722999516,EC000954
265.15296,Phenylbutyrylglutamine,M-CO+H[1+],3.8905,0.00162360476997492,EC000955
293.14832,Phenylbutyrylglutamine,M+H[1+],2.775,0.00126360476997434,EC000955
293.14836,Phenylbutyrylglutamine,M+H[1+],2.4513,0.00122360476996164,EC000955
190.08519,Phenylephrine,M+Na[1+],5.6781,0.00128486823001595,EC000100
144.07976,Phenylethylamine,M+Na[1+],3.6705,0.00133417622998877,EC00083
144.0798,Phenylethylamine,M+Na[1+],2.3272,0.00137417623000147,EC00083
190.08519,Phenylpropionylglycine,M-H2O+H[1+],5.6781,0.00102975376998415,EC000493
165.05352,Phenylpyruvic acid,M+H[1+],7.0768,0.00110058877001507,EC000487
165.05361,Phenylpyruvic acid,M+H[1+],7.7817,0.00101058877001492,EC000488
311.07265,Phlorin,M+Na[1+],5.1592,0.00114395477004336,EC000956
149.02201,Phthalic acid,M-H2O+H[1+],8.3532,0.00127514677001273,EC000113
189.01509,Phthalic acid,M+Na[1+],0.7561,0.000795146770030897,EC000114
353.22282,Phthalylsulfathiazole,M+H[1+],7.2743,0.000465383229993677,EC000957
123.05431,Picolinamide,M+H[1+],1.0098,0.000979466769990722,EC00036
124.03838,Picolinic acid,M+H[1+],0.9702,0.000924875769996447,EC00052
293.10481,Picrotin,M-H2O+H[1+],6.5655,0.00288061322999056,EC000958
173.10628,Pilocarpine,M-H4O2+H[1+],3.6616,0.000974232770005301,EC000959
181.13253,Pilocarpine,M-CO+H[1+],3.9074,0.00092423276998943,EC000959
231.11175,Pilocarpine,M+Na[1+],3.7458,0.00129576723000469,EC000959
183.06294,Pimelic acid,M+Na[1+],4.0587,0.000104661229983094,EC000101
195.08545,Pinitol,M+H[1+],6.4443,0.000864646769997535,EC0005
339.1816,Pinolidoxin,M+H[1+],10.1066,0.00138453323000931,EC000960
339.18168,Pinolidoxin,M+H[1+],9.9469,0.00146453322997786,EC000960
340.18419,Pinolidoxin,M(C13)+H[1+],9.9444,0.000574533230008001,EC000960
341.17733,Pinolidoxin,M(Cl37)+H[1+],9.9418,8.54667700309619e-05,EC000960
341.17733,Pinolidoxin,M(S34)+H[1+],9.9418,0.00131453323001551,EC000960
170.11655,Piperidione,M+H[1+],4.9067,0.00100546677001034,EC000195
188.12712,Piperidione,M+H2O+H[1+],4.9041,0.00103546677001987,EC000195
238.10619,Piperidione,M+HCOONa[1+],5.2358,0.00123453323001854,EC000195
374.16249,Pirenzepine,M+Na[1+],2.9627,0.00368859222993478,EC000961
422.21156,Pivmecillinam,M-H2O+H[1+],1.6351,0.000791662230028578,EC000962
331.15275,Podolide,M+H[1+],5.7049,0.00125046676998863,EC000963
565.42824,Polidocanol,M-H2O+H[1+],10.0203,0.00273446677010725,EC000964
605.42155,Polidocanol,M+Na[1+],9.196,0.00202446676996715,EC000965
375.11511,Portulacaxanthin II,M+H[1+],0.7771,0.00356740677000289,EC000966
269.07426,Portulacaxanthin III,M+H[1+],4.7692,0.00255246677005516,EC000967
203.10558,Precocene II,M-H2O+H[1+],7.7841,0.000996466770004645,EC00061
203.10561,Precocene II,M-H2O+H[1+],7.8747,0.000966466769995122,EC00061
221.1161,Precocene II,M+H[1+],7.8604,0.00107646677003004,EC00061
365.19029,Pro-Ala-Arg,M+Na[1+],1.2217,0.000540466769962222,EC000222
365.19216,Pro-Ala-Arg,M+Na[1+],6.296,0.00132953323003449,EC000223
381.16357,Pro-Ala-Arg,M+K[1+],1.6023,0.000760466770032053,EC000222
337.14592,Pro-Ala-Gln,M+Na[1+],9.3231,0.00237746677004225,EC000239
274.13847,Pro-Ala-Ser,M+H[1+],0.637,0.00127846677003163,EC000263
312.09434,Pro-Ala-Ser,M+K[1+],0.6921,0.000908466770056293,EC000263
355.17637,Pro-Ala-Trp,M-H2O+H[1+],8.5379,6.24667699753445e-05,EC000264
286.17477,Pro-Ala-Val,M+H[1+],4.1011,0.00136346676998755,EC000265
365.19029,Pro-Arg-Ala,M+Na[1+],1.2217,0.000540466769962222,EC000222
365.19216,Pro-Arg-Ala,M+Na[1+],6.296,0.00132953323003449,EC000223
381.16357,Pro-Arg-Ala,M+K[1+],1.6023,0.000760466770032053,EC000222
410.26097,Pro-Arg-Arg,M-H2O+H[1+],4.9166,0.0012574667700278,EC000309
387.19852,Pro-Arg-Asp,M+H[1+],4.009,0.000140466770062631,EC000325
409.1818,Pro-Arg-Asp,M+Na[1+],5.058,0.00113953322994576,EC000326
409.18182,Pro-Arg-Asp,M+Na[1+],4.7103,0.0011595332299521,EC000327
357.17218,Pro-Arg-Cys,M-H2O+H[1+],8.5361,0.00187753323001516,EC000336
422.21156,Pro-Arg-Gln,M+Na[1+],1.6351,0.00073446676998401,EC000342
383.20094,Pro-Arg-Glu,M-H2O+H[1+],0.6216,0.00277046677001636,EC000344
383.20267,Pro-Arg-Glu,M-H2O+H[1+],8.3496,0.00104046677000724,EC000345
311.18368,Pro-Arg-Gly,M-H2O+H[1+],7.1358,0.0010995332299899,EC000351
328.18692,Pro-Arg-Gly,M[1+],7.2246,0.0010159999999928,EC000351
337.21116,Pro-Arg-His,M-C3H4O2+H[1+],8.846,0.00163153323001097,EC000356
391.22285,Pro-Arg-His,M-H2O+H[1+],9.0267,0.00282153323001921,EC000356
313.23581,Pro-Arg-Ile,M-C3H4O2+H[1+],7.8792,0.001129533229971,EC000362
313.23594,Pro-Arg-Ile,M-C3H4O2+H[1+],7.6796,0.00125953322998384,EC000362
339.24907,Pro-Arg-Ile,M-HCOOH+H[1+],8.0018,0.00131046677000768,EC000362
339.24939,Pro-Arg-Ile,M-HCOOH+H[1+],8.1721,0.000990466770019793,EC000362
339.25179,Pro-Arg-Ile,M-HCOOH+H[1+],7.7499,0.00140953323000303,EC000362
367.24396,Pro-Arg-Ile,M-H2O+H[1+],7.3559,0.00122046677000753,EC000362
367.24397,Pro-Arg-Ile,M-H2O+H[1+],7.4703,0.00121046677003278,EC000362
367.24418,Pro-Arg-Ile,M-H2O+H[1+],7.9991,0.00100046677005139,EC000362
367.24437,Pro-Arg-Ile,M-H2O+H[1+],7.6994,0.000810466770019502,EC000362
407.23732,Pro-Arg-Ile,M+Na[1+],4.3058,0.000460466769993673,EC000363
407.23886,Pro-Arg-Ile,M+Na[1+],7.709,0.00107953322998355,EC000362
407.23923,Pro-Arg-Ile,M+Na[1+],7.3809,0.00144953323001573,EC000362
313.23581,Pro-Arg-Leu,M-C3H4O2+H[1+],7.8792,0.001129533229971,EC000362
313.23594,Pro-Arg-Leu,M-C3H4O2+H[1+],7.6796,0.00125953322998384,EC000362
339.24907,Pro-Arg-Leu,M-HCOOH+H[1+],8.0018,0.00131046677000768,EC000362
339.24939,Pro-Arg-Leu,M-HCOOH+H[1+],8.1721,0.000990466770019793,EC000362
339.25179,Pro-Arg-Leu,M-HCOOH+H[1+],7.7499,0.00140953323000303,EC000362
367.24396,Pro-Arg-Leu,M-H2O+H[1+],7.3559,0.00122046677000753,EC000362
367.24397,Pro-Arg-Leu,M-H2O+H[1+],7.4703,0.00121046677003278,EC000362
367.24418,Pro-Arg-Leu,M-H2O+H[1+],7.9991,0.00100046677005139,EC000362
367.24437,Pro-Arg-Leu,M-H2O+H[1+],7.6994,0.000810466770019502,EC000362
407.23732,Pro-Arg-Leu,M+Na[1+],4.3058,0.000460466769993673,EC000363
407.23886,Pro-Arg-Leu,M+Na[1+],7.709,0.00107953322998355,EC000362
407.23923,Pro-Arg-Leu,M+Na[1+],7.3809,0.00144953323001573,EC000362
333.2006,Pro-Arg-Pro,M-H4O2+H[1+],7.3633,0.00268046676995937,EC000383
341.23073,Pro-Arg-Pro,M-CO+H[1+],7.3086,0.00124953323000909,EC000383
351.21268,Pro-Arg-Pro,M-H2O+H[1+],6.6378,0.00120046677000119,EC000384
351.21275,Pro-Arg-Pro,M-H2O+H[1+],6.8753,0.00113046676995054,EC000385
351.21301,Pro-Arg-Pro,M-H2O+H[1+],7.2297,0.000870466769981704,EC000383
391.20593,Pro-Arg-Pro,M+Na[1+],3.5639,0.000550466769993818,EC000386
373.22006,Pro-Arg-Thr,M+H[1+],10.5602,0.000664533230008146,EC000387
375.21911,Pro-Arg-Thr,M(Cl37)+H[1+],10.5394,0.00251453322999851,EC000387
435.23376,Pro-Arg-Tyr,M+H[1+],6.8234,0.00128546677001395,EC000388
353.22838,Pro-Arg-Val,M-H2O+H[1+],6.8321,0.00115046676995689,EC000389
353.22866,Pro-Arg-Val,M-H2O+H[1+],7.1081,0.000870466769981704,EC000390
371.23918,Pro-Arg-Val,M+H[1+],9.6753,0.000950466770007097,EC000391
345.13968,Pro-Asn-Asp,M+H[1+],2.6643,0.000797466769995481,EC000407
345.14049,Pro-Asn-Asp,M+H[1+],2.5726,1.2533230005829e-05,EC000407
359.17094,Pro-Asn-Phe,M-H2O+H[1+],8.7172,0.000407466770013798,EC000267
359.17096,Pro-Asn-Phe,M-H2O+H[1+],8.6636,0.00038746677000745,EC000267
415.16243,Pro-Asn-Tyr,M+Na[1+],5.6297,0.00356753323001158,EC000423
387.19852,Pro-Asp-Arg,M+H[1+],4.009,0.000140466770062631,EC000325
409.1818,Pro-Asp-Arg,M+Na[1+],5.058,0.00113953322994576,EC000326
409.18182,Pro-Asp-Arg,M+Na[1+],4.7103,0.0011595332299521,EC000327
345.13968,Pro-Asp-Asn,M+H[1+],2.6643,0.000797466769995481,EC000407
345.14049,Pro-Asp-Asn,M+H[1+],2.5726,1.2533230005829e-05,EC000407
368.15758,Pro-Asp-His,M+H[1+],8.7214,0.00111853322999877,EC000432
344.1803,Pro-Asp-Ile,M+H[1+],4.2046,0.0013134667700001,EC000434
344.18247,Pro-Asp-Ile,M+H[1+],4.0076,0.000856533230034984,EC000434
344.18433,Pro-Asp-Ile,M+H[1+],4.5858,0.0027165332300001,EC000434
344.1803,Pro-Asp-Leu,M+H[1+],4.2046,0.0013134667700001,EC000434
344.18247,Pro-Asp-Leu,M+H[1+],4.0076,0.000856533230034984,EC000434
344.18433,Pro-Asp-Leu,M+H[1+],4.5858,0.0027165332300001,EC000434
328.15311,Pro-Asp-Pro,M+H[1+],4.6327,0.00279653323002549,EC000437
439.15607,Pro-Asp-Trp,M+Na[1+],4.3486,0.00279246676996081,EC000438
357.17218,Pro-Cys-Arg,M-H2O+H[1+],8.5361,0.00187753323001516,EC000336
304.07806,Pro-Cys-Cys,M-H2O+H[1+],0.7465,0.000317466770013652,EC000529
369.15351,Pro-Cys-Lys,M+Na[1+],8.7074,0.00324446677007018,EC000213
369.15866,Pro-Cys-Lys,M+Na[1+],7.8561,0.00190553322994447,EC000538
332.1092,Pro-Cys-Met,M-H2O+H[1+],1.0954,0.000477466770007595,EC000295
350.11987,Pro-Cys-Met,M+H[1+],1.6778,0.000407466770013798,EC000296
316.13541,Pro-Cys-Pro,M+H[1+],1.1238,0.00285453322999274,EC000541
337.14592,Pro-Gln-Ala,M+Na[1+],9.3231,0.00237746677004225,EC000239
422.21156,Pro-Gln-Arg,M+Na[1+],1.6351,0.00073446676998401,EC000342
354.17436,Pro-Gln-Gln,M-H2O+H[1+],1.0729,0.00280146676999493,EC000639
339.2013,Pro-Gln-Ile,M-H2O+H[1+],4.9846,0.00134746676997111,EC000647
379.19512,Pro-Gln-Ile,M+Na[1+],4.5325,0.000127466769981766,EC000648
339.2013,Pro-Gln-Leu,M-H2O+H[1+],4.9846,0.00134746676997111,EC000647
379.19512,Pro-Gln-Leu,M+Na[1+],4.5325,0.000127466769981766,EC000648
367.15743,Pro-Gln-Thr,M+Na[1+],8.7154,0.00143246676998388,EC000654
383.20094,Pro-Glu-Arg,M-H2O+H[1+],0.6216,0.00277046677001636,EC000344
383.20267,Pro-Glu-Arg,M-H2O+H[1+],8.3496,0.00104046677000724,EC000345
286.17477,Pro-Glu-Ile,M-C3H4O2+H[1+],4.1011,0.00139346676996865,EC000665
330.2004,Pro-Glu-Ile,M-CO+H[1+],4.0271,0.00186346676997573,EC000665
340.18419,Pro-Glu-Ile,M-H2O+H[1+],9.9444,0.0024734667699704,EC000666
358.19605,Pro-Glu-Ile,M+H[1+],3.7882,0.00121346676996836,EC000665
286.17477,Pro-Glu-Leu,M-C3H4O2+H[1+],4.1011,0.00139346676996865,EC000665
330.2004,Pro-Glu-Leu,M-CO+H[1+],4.0271,0.00186346676997573,EC000665
340.18419,Pro-Glu-Leu,M-H2O+H[1+],9.9444,0.0024734667699704,EC000666
358.19605,Pro-Glu-Leu,M+H[1+],3.7882,0.00121346676996836,EC000665
395.18677,Pro-Glu-Lys,M+Na[1+],10.6841,0.00339246677003757,EC00010
342.16854,Pro-Glu-Pro,M+H[1+],4.8874,0.0025765332300125,EC00016
328.15311,Pro-Glu-Thr,M-H2O+H[1+],4.6327,0.00283153323005081,EC000209
344.1803,Pro-Glu-Val,M+H[1+],4.2046,0.0013134667700001,EC000434
344.18247,Pro-Glu-Val,M+H[1+],4.0076,0.000856533230034984,EC000434
344.18433,Pro-Glu-Val,M+H[1+],4.5858,0.0027165332300001,EC000434
311.18368,Pro-Gly-Arg,M-H2O+H[1+],7.1358,0.0010995332299899,EC000351
328.18692,Pro-Gly-Arg,M[1+],7.2246,0.0010159999999928,EC000351
286.17477,Pro-Gly-Ile,M+H[1+],4.1011,0.00136346676998755,EC000265
286.17477,Pro-Gly-Leu,M+H[1+],4.1011,0.00136346676998755,EC000265
302.14873,Pro-Gly-Phe,M-H2O+H[1+],4.5958,0.00115346677000616,EC000684
274.13847,Pro-Gly-Thr,M+H[1+],0.637,0.00127846677003163,EC000263
312.09434,Pro-Gly-Thr,M+K[1+],0.6921,0.000908466770056293,EC000263
358.16353,Pro-Gly-Trp,M[1+],8.4665,0.000576000000023669,EC000688
359.17094,Pro-Gly-Trp,M+H[1+],8.7172,0.000442466770039118,EC000688
359.17096,Pro-Gly-Trp,M+H[1+],8.6636,0.00042246677003277,EC000688
337.21116,Pro-His-Arg,M-C3H4O2+H[1+],8.846,0.00163153323001097,EC000356
391.22285,Pro-His-Arg,M-H2O+H[1+],9.0267,0.00282153323001921,EC000356
368.15758,Pro-His-Asp,M+H[1+],8.7214,0.00111853322999877,EC000432
381.22774,Pro-His-Lys,M+H[1+],9.0254,0.00325953322999339,EC000711
336.16851,Pro-His-Thr,M-H2O+H[1+],9.6279,0.00191353323003796,EC000717
354.17436,Pro-His-Thr,M+H[1+],1.0729,0.00283646677002025,EC000718
183.11172,Pro-hydroxyPro,M-HCOOH+H[1+],2.0948,0.00115646676999859,EC00013
211.10664,Pro-hydroxyPro,M-H2O+H[1+],2.0433,0.00103646676998892,EC00013
211.10667,Pro-hydroxyPro,M-H2O+H[1+],2.7578,0.0010064667699794,EC00013
247.12755,Pro-hydroxyPro,M+H2O+H[1+],1.7436,0.0013264667699957,EC00013
211.14301,Pro-Ile,M-H2O+H[1+],5.1905,0.00105946676998769,EC000747
229.1535,Pro-Ile,M+H[1+],2.9007,0.00116946676999419,EC000748
229.15356,Pro-Ile,M+H[1+],2.5061,0.00110946677000356,EC000748
229.15357,Pro-Ile,M+H[1+],1.1719,0.00109946677000039,EC000749
313.23581,Pro-Ile-Arg,M-C3H4O2+H[1+],7.8792,0.001129533229971,EC000362
313.23594,Pro-Ile-Arg,M-C3H4O2+H[1+],7.6796,0.00125953322998384,EC000362
339.24907,Pro-Ile-Arg,M-HCOOH+H[1+],8.0018,0.00131046677000768,EC000362
339.24939,Pro-Ile-Arg,M-HCOOH+H[1+],8.1721,0.000990466770019793,EC000362
339.25179,Pro-Ile-Arg,M-HCOOH+H[1+],7.7499,0.00140953323000303,EC000362
367.24396,Pro-Ile-Arg,M-H2O+H[1+],7.3559,0.00122046677000753,EC000362
367.24397,Pro-Ile-Arg,M-H2O+H[1+],7.4703,0.00121046677003278,EC000362
367.24418,Pro-Ile-Arg,M-H2O+H[1+],7.9991,0.00100046677005139,EC000362
367.24437,Pro-Ile-Arg,M-H2O+H[1+],7.6994,0.000810466770019502,EC000362
407.23732,Pro-Ile-Arg,M+Na[1+],4.3058,0.000460466769993673,EC000363
407.23886,Pro-Ile-Arg,M+Na[1+],7.709,0.00107953322998355,EC000362
407.23923,Pro-Ile-Arg,M+Na[1+],7.3809,0.00144953323001573,EC000362
344.1803,Pro-Ile-Asp,M+H[1+],4.2046,0.0013134667700001,EC000434
344.18247,Pro-Ile-Asp,M+H[1+],4.0076,0.000856533230034984,EC000434
344.18433,Pro-Ile-Asp,M+H[1+],4.5858,0.0027165332300001,EC000434
339.2013,Pro-Ile-Gln,M-H2O+H[1+],4.9846,0.00134746676997111,EC000647
379.19512,Pro-Ile-Gln,M+Na[1+],4.5325,0.000127466769981766,EC000648
286.17477,Pro-Ile-Glu,M-C3H4O2+H[1+],4.1011,0.00139346676996865,EC000665
330.2004,Pro-Ile-Glu,M-CO+H[1+],4.0271,0.00186346676997573,EC000665
340.18419,Pro-Ile-Glu,M-H2O+H[1+],9.9444,0.0024734667699704,EC000666
358.19605,Pro-Ile-Glu,M+H[1+],3.7882,0.00121346676996836,EC000665
286.17477,Pro-Ile-Gly,M+H[1+],4.1011,0.00136346676998755,EC000265
342.23741,Pro-Ile-Ile,M+H[1+],4.8873,0.00132346676997486,EC000730
364.22093,Pro-Ile-Ile,M+Na[1+],4.9615,0.000196533230052864,EC000730
342.23741,Pro-Ile-Leu,M+H[1+],4.8873,0.00132346676997486,EC000730
364.22093,Pro-Ile-Leu,M+Na[1+],4.9615,0.000196533230052864,EC000730
326.20624,Pro-Ile-Pro,M+H[1+],3.4652,0.00119346677001886,EC000750
302.20615,Pro-Ile-Thr,M-CO+H[1+],4.1172,0.00119846677000623,EC000751
330.2004,Pro-Ile-Thr,M+H[1+],4.0271,0.0019484667699885,EC000751
330.2025,Pro-Ile-Thr,M+H[1+],7.5237,0.000151533229995948,EC000752
397.22509,Pro-Ile-Trp,M-H2O+H[1+],6.2071,0.00170753323004647,EC000753
415.23099,Pro-Ile-Trp,M+H[1+],6.8321,0.00299246676996745,EC000754
328.22189,Pro-Ile-Val,M+H[1+],4.3951,0.00119346677001886,EC000755
350.20726,Pro-Ile-Val,M+Na[1+],7.3157,0.00217653322999922,EC000483
211.14301,Pro-Leu,M-H2O+H[1+],5.1905,0.00105946676998769,EC000747
229.1535,Pro-Leu,M+H[1+],2.9007,0.00116946676999419,EC000748
229.15356,Pro-Leu,M+H[1+],2.5061,0.00110946677000356,EC000748
229.15357,Pro-Leu,M+H[1+],1.1719,0.00109946677000039,EC000749
313.23581,Pro-Leu-Arg,M-C3H4O2+H[1+],7.8792,0.001129533229971,EC000362
313.23594,Pro-Leu-Arg,M-C3H4O2+H[1+],7.6796,0.00125953322998384,EC000362
339.24907,Pro-Leu-Arg,M-HCOOH+H[1+],8.0018,0.00131046677000768,EC000362
339.24939,Pro-Leu-Arg,M-HCOOH+H[1+],8.1721,0.000990466770019793,EC000362
339.25179,Pro-Leu-Arg,M-HCOOH+H[1+],7.7499,0.00140953323000303,EC000362
367.24396,Pro-Leu-Arg,M-H2O+H[1+],7.3559,0.00122046677000753,EC000362
367.24397,Pro-Leu-Arg,M-H2O+H[1+],7.4703,0.00121046677003278,EC000362
367.24418,Pro-Leu-Arg,M-H2O+H[1+],7.9991,0.00100046677005139,EC000362
367.24437,Pro-Leu-Arg,M-H2O+H[1+],7.6994,0.000810466770019502,EC000362
407.23732,Pro-Leu-Arg,M+Na[1+],4.3058,0.000460466769993673,EC000363
407.23886,Pro-Leu-Arg,M+Na[1+],7.709,0.00107953322998355,EC000362
407.23923,Pro-Leu-Arg,M+Na[1+],7.3809,0.00144953323001573,EC000362
344.1803,Pro-Leu-Asp,M+H[1+],4.2046,0.0013134667700001,EC000434
344.18247,Pro-Leu-Asp,M+H[1+],4.0076,0.000856533230034984,EC000434
344.18433,Pro-Leu-Asp,M+H[1+],4.5858,0.0027165332300001,EC000434
339.2013,Pro-Leu-Gln,M-H2O+H[1+],4.9846,0.00134746676997111,EC000647
379.19512,Pro-Leu-Gln,M+Na[1+],4.5325,0.000127466769981766,EC000648
286.17477,Pro-Leu-Glu,M-C3H4O2+H[1+],4.1011,0.00139346676996865,EC000665
330.2004,Pro-Leu-Glu,M-CO+H[1+],4.0271,0.00186346676997573,EC000665
340.18419,Pro-Leu-Glu,M-H2O+H[1+],9.9444,0.0024734667699704,EC000666
358.19605,Pro-Leu-Glu,M+H[1+],3.7882,0.00121346676996836,EC000665
286.17477,Pro-Leu-Gly,M+H[1+],4.1011,0.00136346676998755,EC000265
342.23741,Pro-Leu-Ile,M+H[1+],4.8873,0.00132346676997486,EC000730
364.22093,Pro-Leu-Ile,M+Na[1+],4.9615,0.000196533230052864,EC000730
342.23741,Pro-Leu-Leu,M+H[1+],4.8873,0.00132346676997486,EC000730
364.22093,Pro-Leu-Leu,M+Na[1+],4.9615,0.000196533230052864,EC000730
326.20624,Pro-Leu-Pro,M+H[1+],3.4652,0.00119346677001886,EC000750
302.20615,Pro-Leu-Thr,M-CO+H[1+],4.1172,0.00119846677000623,EC000751
330.2004,Pro-Leu-Thr,M+H[1+],4.0271,0.0019484667699885,EC000751
330.2025,Pro-Leu-Thr,M+H[1+],7.5237,0.000151533229995948,EC000752
397.22509,Pro-Leu-Trp,M-H2O+H[1+],6.2071,0.00170753323004647,EC000753
415.23099,Pro-Leu-Trp,M+H[1+],6.8321,0.00299246676996745,EC000754
328.22189,Pro-Leu-Val,M+H[1+],4.3951,0.00119346677001886,EC000755
350.20726,Pro-Leu-Val,M+Na[1+],7.3157,0.00217653322999922,EC000483
369.15351,Pro-Lys-Cys,M+Na[1+],8.7074,0.00324446677007018,EC000213
369.15866,Pro-Lys-Cys,M+Na[1+],7.8561,0.00190553322994447,EC000538
395.18677,Pro-Lys-Glu,M+Na[1+],10.6841,0.00339246677003757,EC00010
381.22774,Pro-Lys-His,M+H[1+],9.0254,0.00325953322999339,EC000711
354.24967,Pro-Lys-Lys,M-H2O+H[1+],7.183,0.000261466770041352,EC000805
357.19217,Pro-Lys-Met,M-H2O+H[1+],8.8111,0.00328446677002603,EC000268
397.18762,Pro-Lys-Met,M+Na[1+],6.2072,0.000434466770059316,EC000269
373.22006,Pro-Lys-Phe,M-H2O+H[1+],10.5602,0.00332246676998693,EC000737
373.22346,Pro-Lys-Phe,M-H2O+H[1+],10.5382,7.753323001225e-05,EC000737
413.21305,Pro-Lys-Phe,M+Na[1+],5.2216,0.00293246677000525,EC000813
327.19991,Pro-Lys-Thr,M-H2O+H[1+],4.7899,0.00273746676998599,EC000418
389.21765,Pro-Lys-Tyr,M-H2O+H[1+],8.8,0.000647466770033134,EC000646
365.21236,Pro-Lys-Val,M+Na[1+],10.788,0.00362246677002531,EC000816
332.1092,Pro-Met-Cys,M-H2O+H[1+],1.0954,0.000477466770007595,EC000295
350.11987,Pro-Met-Cys,M+H[1+],1.6778,0.000407466770013798,EC000296
357.19217,Pro-Met-Lys,M-H2O+H[1+],8.8111,0.00328446677002603,EC000268
397.18762,Pro-Met-Lys,M+Na[1+],6.2072,0.000434466770059316,EC000269
316.13541,Pro-Met-Ser,M-H2O+H[1+],1.1238,0.00288953322996122,EC000834
455.17367,Pro-Met-Trp,M+Na[1+],6.3364,0.00126553323002554,EC000835
368.16514,Pro-Met-Val,M+Na[1+],8.9529,0.00363453323001295,EC000315
368.16518,Pro-Met-Val,M+Na[1+],8.9905,0.00367453323002565,EC000315
263.1377,Pro-Phe,M+H[1+],4.3272,0.00131946676998496,EC000842
359.17094,Pro-Phe-Asn,M-H2O+H[1+],8.7172,0.000407466770013798,EC000267
359.17096,Pro-Phe-Asn,M-H2O+H[1+],8.6636,0.00038746677000745,EC000267
302.14873,Pro-Phe-Gly,M-H2O+H[1+],4.5958,0.00115346677000616,EC000684
373.22006,Pro-Phe-Lys,M-H2O+H[1+],10.5602,0.00332246676998693,EC000737
373.22346,Pro-Phe-Lys,M-H2O+H[1+],10.5382,7.753323001225e-05,EC000737
413.21305,Pro-Phe-Lys,M+Na[1+],5.2216,0.00293246677000525,EC000813
431.20764,Pro-Phe-Trp,M-H2O+H[1+],9.3715,9.24667699564452e-05,EC000744
384.19185,Pro-Phe-Val,M+Na[1+],9.2729,0.00241653323001856,EC000745
167.11688,Pro-Pro,M-HCOOH+H[1+],2.1518,0.00108946676999722,EC000481
177.10122,Pro-Pro,M-H4O2+H[1+],1.5773,0.000949466770009622,EC000481
177.10123,Pro-Pro,M-H4O2+H[1+],1.279,0.000939466770034869,EC000481
213.12236,Pro-Pro,M+H[1+],1.0284,0.00100946677002867,EC000481
333.2006,Pro-Pro-Arg,M-H4O2+H[1+],7.3633,0.00268046676995937,EC000383
341.23073,Pro-Pro-Arg,M-CO+H[1+],7.3086,0.00124953323000909,EC000383
351.21268,Pro-Pro-Arg,M-H2O+H[1+],6.6378,0.00120046677000119,EC000384
351.21275,Pro-Pro-Arg,M-H2O+H[1+],6.8753,0.00113046676995054,EC000385
351.21301,Pro-Pro-Arg,M-H2O+H[1+],7.2297,0.000870466769981704,EC000383
391.20593,Pro-Pro-Arg,M+Na[1+],3.5639,0.000550466769993818,EC000386
328.15311,Pro-Pro-Asp,M+H[1+],4.6327,0.00279653323002549,EC000437
316.13541,Pro-Pro-Cys,M+H[1+],1.1238,0.00285453322999274,EC000541
342.16854,Pro-Pro-Glu,M+H[1+],4.8874,0.0025765332300125,EC00016
326.20624,Pro-Pro-Ile,M+H[1+],3.4652,0.00119346677001886,EC000750
326.20624,Pro-Pro-Leu,M+H[1+],3.4652,0.00119346677001886,EC000750
286.17477,Pro-Pro-Thr,M-CO+H[1+],4.1011,0.00127846676997478,EC000968
296.15855,Pro-Pro-Thr,M-H2O+H[1+],1.1489,0.00189846677000105,EC000969
314.17365,Pro-Pro-Thr,M+H[1+],4.1858,0.00260153323000623,EC000968
398.16727,Pro-Pro-Tyr,M+Na[1+],7.0248,0.00142846677005082,EC000406
398.17202,Pro-Pro-Tyr,M+Na[1+],6.2033,0.00332153322995055,EC000317
274.13847,Pro-Ser-Ala,M+H[1+],0.637,0.00127846677003163,EC000263
312.09434,Pro-Ser-Ala,M+K[1+],0.6921,0.000908466770056293,EC000263
316.13541,Pro-Ser-Met,M-H2O+H[1+],1.1238,0.00288953322996122,EC000834
217.11862,Pro-Thr,M+H[1+],6.2645,0.000336523229975683,EC000970
373.22006,Pro-Thr-Arg,M+H[1+],10.5602,0.000664533230008146,EC000387
375.21911,Pro-Thr-Arg,M(Cl37)+H[1+],10.5394,0.00251453322999851,EC000387
367.15743,Pro-Thr-Gln,M+Na[1+],8.7154,0.00143246676998388,EC000654
328.15311,Pro-Thr-Glu,M-H2O+H[1+],4.6327,0.00283153323005081,EC000209
274.13847,Pro-Thr-Gly,M+H[1+],0.637,0.00127846677003163,EC000263
312.09434,Pro-Thr-Gly,M+K[1+],0.6921,0.000908466770056293,EC000263
336.16851,Pro-Thr-His,M-H2O+H[1+],9.6279,0.00191353323003796,EC000717
354.17436,Pro-Thr-His,M+H[1+],1.0729,0.00283646677002025,EC000718
302.20615,Pro-Thr-Ile,M-CO+H[1+],4.1172,0.00119846677000623,EC000751
330.2004,Pro-Thr-Ile,M+H[1+],4.0271,0.0019484667699885,EC000751
330.2025,Pro-Thr-Ile,M+H[1+],7.5237,0.000151533229995948,EC000752
302.20615,Pro-Thr-Leu,M-CO+H[1+],4.1172,0.00119846677000623,EC000751
330.2004,Pro-Thr-Leu,M+H[1+],4.0271,0.0019484667699885,EC000751
330.2025,Pro-Thr-Leu,M+H[1+],7.5237,0.000151533229995948,EC000752
327.19991,Pro-Thr-Lys,M-H2O+H[1+],4.7899,0.00273746676998599,EC000418
286.17477,Pro-Thr-Pro,M-CO+H[1+],4.1011,0.00127846676997478,EC000968
296.15855,Pro-Thr-Pro,M-H2O+H[1+],1.1489,0.00189846677000105,EC000969
314.17365,Pro-Thr-Pro,M+H[1+],4.1858,0.00260153323000623,EC000968
385.18837,Pro-Thr-Trp,M-H2O+H[1+],5.7612,0.00137253323003961,EC000971
425.18224,Pro-Thr-Trp,M+Na[1+],4.2567,0.00264253322995955,EC000972
302.14873,Pro-Trp,M+H[1+],4.5958,0.00118795577003539,EC000614
355.17637,Pro-Trp-Ala,M-H2O+H[1+],8.5379,6.24667699753445e-05,EC000264
439.15607,Pro-Trp-Asp,M+Na[1+],4.3486,0.00279246676996081,EC000438
358.16353,Pro-Trp-Gly,M[1+],8.4665,0.000576000000023669,EC000688
359.17094,Pro-Trp-Gly,M+H[1+],8.7172,0.000442466770039118,EC000688
359.17096,Pro-Trp-Gly,M+H[1+],8.6636,0.00042246677003277,EC000688
397.22509,Pro-Trp-Ile,M-H2O+H[1+],6.2071,0.00170753323004647,EC000753
415.23099,Pro-Trp-Ile,M+H[1+],6.8321,0.00299246676996745,EC000754
397.22509,Pro-Trp-Leu,M-H2O+H[1+],6.2071,0.00170753323004647,EC000753
415.23099,Pro-Trp-Leu,M+H[1+],6.8321,0.00299246676996745,EC000754
455.17367,Pro-Trp-Met,M+Na[1+],6.3364,0.00126553323002554,EC000835
431.20764,Pro-Trp-Phe,M-H2O+H[1+],9.3715,9.24667699564452e-05,EC000744
385.18837,Pro-Trp-Thr,M-H2O+H[1+],5.7612,0.00137253323003961,EC000971
425.18224,Pro-Trp-Thr,M+Na[1+],4.2567,0.00264253322995955,EC000972
233.12734,Pro-Tyr,M-HCOOH+H[1+],2.559,0.00119354076997524,EC000894
279.13372,Pro-Tyr,M+H[1+],1.7687,0.000213540770005238,EC000894
435.23376,Pro-Tyr-Arg,M+H[1+],6.8234,0.00128546677001395,EC000388
415.16243,Pro-Tyr-Asn,M+Na[1+],5.6297,0.00356753323001158,EC000423
389.21765,Pro-Tyr-Lys,M-H2O+H[1+],8.8,0.000647466770033134,EC000646
398.16727,Pro-Tyr-Pro,M+Na[1+],7.0248,0.00142846677005082,EC000406
398.17202,Pro-Tyr-Pro,M+Na[1+],6.2033,0.00332153322995055,EC000317
197.12742,Pro-Val,M-H2O+H[1+],1.5579,0.000998918769994361,EC000973
215.13798,Pro-Val,M+H[1+],1.3876,0.00103891877000706,EC000973
233.14862,Pro-Val,M+H2O+H[1+],1.6244,0.000998918770022783,EC000973
286.17477,Pro-Val-Ala,M+H[1+],4.1011,0.00136346676998755,EC000265
353.22838,Pro-Val-Arg,M-H2O+H[1+],6.8321,0.00115046676995689,EC000389
353.22866,Pro-Val-Arg,M-H2O+H[1+],7.1081,0.000870466769981704,EC000390
371.23918,Pro-Val-Arg,M+H[1+],9.6753,0.000950466770007097,EC000391
344.1803,Pro-Val-Glu,M+H[1+],4.2046,0.0013134667700001,EC000434
344.18247,Pro-Val-Glu,M+H[1+],4.0076,0.000856533230034984,EC000434
344.18433,Pro-Val-Glu,M+H[1+],4.5858,0.0027165332300001,EC000434
328.22189,Pro-Val-Ile,M+H[1+],4.3951,0.00119346677001886,EC000755
350.20726,Pro-Val-Ile,M+Na[1+],7.3157,0.00217653322999922,EC000483
328.22189,Pro-Val-Leu,M+H[1+],4.3951,0.00119346677001886,EC000755
350.20726,Pro-Val-Leu,M+Na[1+],7.3157,0.00217653322999922,EC000483
365.21236,Pro-Val-Lys,M+Na[1+],10.788,0.00362246677002531,EC000816
368.16514,Pro-Val-Met,M+Na[1+],8.9529,0.00363453323001295,EC000315
368.16518,Pro-Val-Met,M+Na[1+],8.9905,0.00367453323002565,EC000315
384.19185,Pro-Val-Phe,M+Na[1+],9.2729,0.00241653323001856,EC000745
268.10283,Probenecid,M-H2O+H[1+],1.0277,0.00267474222999908,EC000304
344.94532,Profenofos,M-CO+H[1+],0.6303,0.00209846677000769,EC000975
354.932,Profenofos,M-H2O+H[1+],0.6203,0.000181533230033892,EC000975
187.10673,Prolyl-Alanine,M+H[1+],0.81,0.000988790770009018,EC000262
294.1534,Prolyl-Arginine,M+Na[1+],1.1566,0.000316029769976467,EC000382
245.11366,Prolyl-Glutamate,M+H[1+],6.5615,0.000461910230001195,EC000174
245.11368,Prolyl-Glutamate,M+H[1+],7.5189,0.000481910229979121,EC000175
275.10894,Prolyl-Histidine,M+Na[1+],1.415,0.00257686476999197,EC000722
291.08522,Prolyl-Histidine,M+K[1+],1.3816,0.000203135229980944,EC000722
155.08205,Prolylglycine,M-H2O+H[1+],1.2028,0.000581273230011448,EC000687
267.13284,Promazine,M-H2O+H[1+],2.3158,0.00144419322998601,EC000976
333.14981,Propargite,M-H2O+H[1+],9.3257,0.00204646676996845,EC000977
333.14987,Propargite,M-H2O+H[1+],8.3861,0.0019864667699494,EC000978
351.1598,Propargite,M+H[1+],8.2968,0.00265646676996312,EC000978
295.16371,Propiomazine,M-HCOOH+H[1+],3.5851,0.000899443229968711,EC000979
323.15582,Propiomazine,M-H2O+H[1+],5.5516,0.00179055677000406,EC000980
323.15884,Propiomazine,M-H2O+H[1+],2.5876,0.00122944322998819,EC000979
242.2467,Prosopinine,M-C3H4O2+H[1+],8.9251,0.00117646677003336,EC000981
268.26225,Prosopinine,M-HCOOH+H[1+],9.357,0.00132646677002413,EC000981
268.26226,Prosopinine,M-HCOOH+H[1+],9.1709,0.00131646676999253,EC000981
270.27798,Prosopinine,M-CO2+H[1+],9.5066,0.00119646677001128,EC000981
278.24656,Prosopinine,M-H4O2+H[1+],8.8772,0.00121646677001763,EC000981
278.24657,Prosopinine,M-H4O2+H[1+],7.1564,0.00120646676998604,EC000982
296.25693,Prosopinine,M-H2O+H[1+],7.7072,0.00144646677000537,EC000983
296.25702,Prosopinine,M-H2O+H[1+],7.1436,0.00135646677000523,EC000982
296.25709,Prosopinine,M-H2O+H[1+],8.3009,0.00128646677001143,EC000984
297.23952,Prosopinine,M-NH3+H[1+],9.0495,0.0029564667700015,EC000981
297.24087,Prosopinine,M-NH3+H[1+],7.8972,0.00160646677005616,EC000983
297.24103,Prosopinine,M-NH3+H[1+],8.6214,0.00144646677000537,EC000981
297.24505,Prosopinine,M-NH3+H[1+],8.7395,0.00257353322996323,EC000981
314.2677,Prosopinine,M+H[1+],7.7024,0.00127646677003668,EC000983
314.26772,Prosopinine,M+H[1+],7.8325,0.00125646677003033,EC000983
336.24859,Prosopinine,M+Na[1+],7.4298,0.00238646677001952,EC000982
336.2492,Prosopinine,M+Na[1+],9.6317,0.00177646677002485,EC000981
336.24926,Prosopinine,M+Na[1+],7.7112,0.00171646677000581,EC000983
336.24929,Prosopinine,M+Na[1+],7.2479,0.00168646677002471,EC000982
336.24951,Prosopinine,M+Na[1+],8.2149,0.00146646677001172,EC000984
336.24958,Prosopinine,M+Na[1+],6.9947,0.00139646677001792,EC000982
352.22346,Prosopinine,M+K[1+],8.2116,0.00101646677006784,EC000984
165.05352,Protocatechuic acid ethyl ester,M-H2O+H[1+],7.0768,0.00106646676999844,EC00097
165.05361,Protocatechuic acid ethyl ester,M-H2O+H[1+],7.7817,0.000976466769998297,EC00098
205.04789,Protocatechuic acid ethyl ester,M+Na[1+],0.8951,0.000703533229994946,EC00099
569.3123,Protoporphyrinogen IX,M+H[1+],5.6832,6.7745230012406e-05,EC000985
318.0937,Prunasin,M+Na[1+],0.7968,0.00116374776996508,EC000762
161.10633,Pseudooxynicotine,M-H2O+H[1+],2.324,0.000959546769990993,EC000906
197.12742,Pseudooxynicotine,M+H2O+H[1+],1.5579,0.00106954677002591,EC000906
245.07873,Pseudouridine,M+H[1+],6.756,0.00191740722999612,EC00094
411.18288,psi-Rhodomyrtoxin,M-H2O+H[1+],9.0337,0.00270353323003292,EC000986
163.05936,Psicose,M-H2O+H[1+],0.7702,0.000716466770001034,EC000547
163.05949,Psicose,M-H2O+H[1+],6.3524,0.000586466769988192,EC000548
163.05952,Psicose,M-H2O+H[1+],6.1637,0.000556466770007091,EC000548
203.0516,Psicose,M+Na[1+],0.5212,0.00107646677000162,EC000547
465.27731,Psychotrine,M+H[1+],9.244,0.00252553322997073,EC000987
466.27689,Psychotrine,M(C13)+H[1+],9.2459,0.00129446677004807,EC000987
273.07447,Ptaeroglycol,M-H2O+H[1+],6.0138,0.00120646676998604,EC000988
291.08522,Ptaeroglycol,M+H[1+],1.3816,0.00105646677002369,EC000989
229.1535,Pulcherriminic acid,M-CO+H[1+],2.9007,0.00107646676997319,EC000990
229.15356,Pulcherriminic acid,M-CO+H[1+],2.5061,0.00101646676998257,EC000990
279.12997,Pulcherriminic acid,M+Na[1+],4.7269,0.00160646676994247,EC000991
279.13372,Pulcherriminic acid,M+Na[1+],1.7687,0.0021435332300257,EC000990
240.08339,Pymetrozine,M+Na[1+],1.2756,0.00228646676998778,EC000992
249.06349,Pyridoxamine 5'-phosphate,M+H[1+],4.4102,5.48522999110901e-06,EC000993
250.04847,Pyridoxine 5'-phosphate,M+H[1+],4.4009,0.000969900229989662,EC000994
190.99902,Pyrocatechol sulfate,M+H[1+],1.2325,0.00185045877000789,EC000110
183.11172,PyroGlu-Val,M-HCOOH+H[1+],2.0948,0.00116346977000603,EC00013
211.10664,PyroGlu-Val,M-H2O+H[1+],2.0433,0.00104346976999636,EC00013
211.10667,PyroGlu-Val,M-H2O+H[1+],2.7578,0.00101346976998684,EC00013
247.12755,PyroGlu-Val,M+H2O+H[1+],1.7436,0.00133346977000315,EC00013
130.04908,Pyroglutamic acid,M+H[1+],0.9782,0.000789561770005776,EC00025
148.05956,Pyroglutamic acid,M+H2O+H[1+],0.8487,0.000909561770015443,EC00025
130.04908,Pyrroline hydroxycarboxylic acid,M+H[1+],0.9782,0.000789561770005776,EC00025
148.05956,Pyrroline hydroxycarboxylic acid,M+H2O+H[1+],0.8487,0.000909561770015443,EC00025
144.07976,Quinaldine,M+H[1+],3.6705,0.00101575977001289,EC00044
144.0798,Quinaldine,M+H[1+],2.3272,0.000975759770000195,EC00044
145.08321,Quinaldine,M(C13)+H[1+],2.3225,0.000965759769997021,EC00044
145.08481,Quinaldine,M(C13)+H[1+],3.7186,0.00063424022999925,EC00044
190.99902,Quinol sulfate,M+H[1+],1.2325,0.00185093377001522,EC000110
146.05906,Quinolin-8-ol,M+H[1+],5.0643,0.00101646677001099,EC00060
124.03838,Quinolinic acid,M-CO2+H[1+],0.9702,0.000954119770000261,EC00086
140.03325,Quinolinic acid,M-CO+H[1+],0.9647,0.000884119770006464,EC00086
190.01172,Quinolinic acid,M+Na[1+],0.8036,0.000585880229976965,EC00086
256.98125,Quinomethionate,M+Na[1+],0.7246,0.000226466770016032,EC000995
302.9864,Quinomethionate,M+HCOONa[1+],0.7186,0.00047646677001012,EC000995
147.06427,Quinovose,M-H2O+H[1+],0.9256,0.000906466770004499,EC00034
165.07459,Quinovose,M+H[1+],0.7944,0.00118646677000811,EC00034
150.05743,Racemethionine,M+H[1+],0.9057,0.000895757769995953,EC000788
152.05568,Racemethionine,M(Cl37)+H[1+],0.8773,0.000154242229996271,EC000788
417.23857,Ramipril,M+H[1+],10.3248,0.000171389229990382,EC000996
435.24936,Ramipril,M+H2O+H[1+],10.3261,0.000361389230022269,EC000996
177.05362,Repandiol,M-H2O+H[1+],6.758,0.000965274770010183,EC000864
217.04607,Repandiol,M+Na[1+],5.9639,0.00111527477002937,EC000865
147.06427,Rhamnose,M-H2O+H[1+],0.9256,0.000879960769992749,EC00034
165.07459,Rhamnose,M+H[1+],0.7944,0.00115996076999636,EC00034
190.08519,Rhexifoline,M-H2O+H[1+],5.6781,0.00102946676997817,EC000493
223.16821,Rishitin,M+H[1+],9.2975,0.00104641477003042,EC000780
393.20818,Risperidone,M-H2O+H[1+],5.0507,0.00030079976994557,EC000997
411.21785,Risperidone,M+H[1+],9.5603,0.00123079976998497,EC000998
413.21305,Risperidone,M(Cl37)+H[1+],5.2216,0.00323079976999452,EC000997
413.21305,Risperidone,M(S34)+H[1+],5.2216,0.00183079976994804,EC000997
307.21116,Ruscopine,M+H[1+],8.3952,0.00171646677000581,EC000999
217.09617,S-4-Hydroxymephenytoin,M-H2O+H[1+],3.2183,0.000948790769996322,EC000164
217.09659,S-4-Hydroxymephenytoin,M-H2O+H[1+],4.1798,0.000528790770005116,EC000164
253.11729,S-4-Hydroxymephenytoin,M+H2O+H[1+],1.9539,0.00102879077002171,EC000164
318.07473,S-Formylglutathione,M-H2O+H[1+],4.3994,0.000667069770031503,EC0001000
184.00446,Saccharin,M+H[1+],3.0405,0.0018301877700253,EC0001001
209.15244,Saccharopine,M-HCOONa+H[1+],7.344,0.000427151229985157,EC0001002
249.14498,Saccharopine,M-CO+H[1+],7.3428,0.000567151230001173,EC0001002
259.12919,Saccharopine,M-H2O+H[1+],7.2875,0.000377151229997708,EC0001002
365.10374,Sakebiose,M+Na[1+],0.9283,0.00174801277000824,EC00092
381.07789,Sakebiose,M+K[1+],0.7446,0.00109801276994403,EC00092
138.05389,Salicylamide,M+H[1+],0.8215,0.00106493977000355,EC00041
176.00979,Salicylamide,M+K[1+],0.8418,0.000664939769990269,EC00041
218.0415,Salicyluric acid,M+Na[1+],0.6896,0.000934247770004504,EC00095
328.22189,Samandarine,M+Na[1+],4.3951,0.00286546677006072,EC0001003
374.22699,Samandarine,M+HCOONa[1+],4.6657,0.00316546676998541,EC0001003
374.22752,Samandarine,M+HCOONa[1+],4.9761,0.00263546676995929,EC0001003
318.0937,Sambunigrin,M+Na[1+],0.7968,0.00116374776996508,EC000762
265.09599,Saphenic acid methyl ester,M-H2O+H[1+],5.253,0.00108646677000479,EC0001004
163.05936,scyllo-Inositol,M-H2O+H[1+],0.7702,0.000704582769998296,EC000547
163.05949,scyllo-Inositol,M-H2O+H[1+],6.3524,0.000574582769985454,EC000548
163.05952,scyllo-Inositol,M-H2O+H[1+],6.1637,0.000544582770004354,EC000548
203.0516,scyllo-Inositol,M+Na[1+],0.5212,0.00106458276999888,EC000547
177.05362,Scytalone,M-H2O+H[1+],6.758,0.000965466769997647,EC000864
217.04607,Scytalone,M+Na[1+],5.9639,0.00111546677001684,EC000865
157.12126,Sebacic acid,M-HCOOH+H[1+],5.7766,0.00112553076999689,EC0001005
203.12672,Sebacic acid,M+H[1+],5.6347,0.00106553077000626,EC0001005
203.12677,Sebacic acid,M+H[1+],5.0391,0.00101553077001881,EC0001006
225.1087,Sebacic acid,M+Na[1+],6.3205,0.00108553077001261,EC0001007
225.10874,Sebacic acid,M+Na[1+],6.08,0.00104553076999991,EC0001008
271.11375,Sebacic acid,M+HCOONa[1+],5.005,0.00143553077003844,EC0001006
385.16534,Secoisolariciresinol,M+Na[1+],6.837,0.00312496923004346,EC000350
219.02552,Sedoheptulose 7-phosphate(2-),M-C3H4O2+H[1+],0.7397,0.00095646677002037,EC000553
263.05191,Sedoheptulose 7-phosphate(2-),M-CO+H[1+],0.7936,0.000666466769985163,EC000553
291.04657,Sedoheptulose 7-phosphate(2-),M+H[1+],0.8042,0.00100646677003624,EC000553
291.04667,Sedoheptulose 7-phosphate(2-),M+H[1+],0.9193,0.000906466770004499,EC000553
293.04442,Sedoheptulose 7-phosphate(2-),M(Cl37)+H[1+],0.9978,0.000356466770028874,EC000553
293.04442,Sedoheptulose 7-phosphate(2-),M(S34)+H[1+],0.9978,0.0010435332300176,EC000553
195.08545,Sequoyitol,M+H[1+],6.4443,0.000864646769997535,EC0005
274.13847,Ser-Ala-Pro,M+H[1+],0.637,0.00127846677003163,EC000263
312.09434,Ser-Ala-Pro,M+K[1+],0.6921,0.000908466770056293,EC000263
398.17202,Ser-Arg-Asn,M+Na[1+],6.2033,0.00388946677003332,EC000317
387.13851,Ser-Arg-Cys,M+Na[1+],3.5745,0.00365746677005063,EC000337
433.14543,Ser-Arg-Cys,M+HCOONa[1+],2.8663,0.00213746677002291,EC000337
301.16116,Ser-Arg-Gly,M-H2O+H[1+],5.6055,0.000685466769994036,EC000352
357.2238,Ser-Arg-Ile,M-H2O+H[1+],9.073,0.000645466770038183,EC000364
375.23143,Ser-Arg-Ile,M+H[1+],9.7957,0.00361546677004299,EC000365
397.21661,Ser-Arg-Ile,M+Na[1+],0.6407,0.000435466770056792,EC000366
357.2238,Ser-Arg-Leu,M-H2O+H[1+],9.073,0.000645466770038183,EC000364
375.23143,Ser-Arg-Leu,M+H[1+],9.7957,0.00361546677004299,EC000365
397.21661,Ser-Arg-Leu,M+Na[1+],0.6407,0.000435466770056792,EC000366
391.20593,Ser-Arg-Phe,M-H2O+H[1+],3.5639,0.00286546676994703,EC000226
349.18189,Ser-Arg-Ser,M+H[1+],4.7941,0.00112046676997579,EC000392
425.21302,Ser-Arg-Tyr,M+H[1+],8.7672,0.00129046677005817,EC000393
426.21982,Ser-Arg-Tyr,M(C13)+H[1+],8.7684,0.00210953322999785,EC000393
383.20094,Ser-Arg-Val,M+Na[1+],0.6216,0.000455466770006296,EC000394
383.20267,Ser-Arg-Val,M+Na[1+],8.3496,0.00127453323000282,EC000395
398.17202,Ser-Asn-Arg,M+Na[1+],6.2033,0.00388946677003332,EC000317
349.13413,Ser-Asn-Glu,M+H[1+],0.7765,0.00126246676995834,EC000408
333.17966,Ser-Asn-Ile,M+H[1+],7.1607,0.00279753323002296,EC000232
355.15655,Ser-Asn-Ile,M+Na[1+],8.2902,0.00231246676997898,EC000233
333.17966,Ser-Asn-Leu,M+H[1+],7.1607,0.00279753323002296,EC000232
355.15655,Ser-Asn-Leu,M+Na[1+],8.2902,0.00231246676997898,EC000233
289.11476,Ser-Asn-Ser,M-H2O+H[1+],0.6643,0.000532533230000354,EC000424
365.0832,Ser-Asn-Ser,M+NaCl[1+],0.7513,0.000227466770013507,EC000424
375.11511,Ser-Asn-Ser,M+HCOONa[1+],0.7771,0.00288253323003573,EC000424
383.15436,Ser-Asn-Tyr,M+H[1+],5.7155,0.00176746676999073,EC000425
318.0937,Ser-Asp-Asp,M-H2O+H[1+],0.7968,0.000541533230034474,EC000428
349.13413,Ser-Asp-Gln,M+H[1+],0.7765,0.00126246676995834,EC000408
332.1092,Ser-Asp-Glu,M-H2O+H[1+],1.0954,0.000391533230015284,EC000295
350.11987,Ser-Asp-Glu,M+H[1+],1.6778,0.000461533230009081,EC000296
210.10902,Ser-Asp-Gly,M-HCOONa+H[1+],4.9043,0.0018584667700452,EC000431
260.08825,Ser-Asp-Gly,M-H2O+H[1+],5.2287,0.000571533230015575,EC000431
387.13851,Ser-Cys-Arg,M+Na[1+],3.5745,0.00365746677005063,EC000337
433.14543,Ser-Cys-Arg,M+HCOONa[1+],2.8663,0.00213746677002291,EC000337
318.07473,Ser-Cys-Ser,M+Na[1+],4.3994,0.00164453323003499,EC000542
349.13413,Ser-Gln-Asp,M+H[1+],0.7765,0.00126246676995834,EC000408
295.16371,Ser-Gln-Glu,M-HCOONa+H[1+],3.5851,6.75332299238107e-05,EC000409
345.13968,Ser-Gln-Glu,M-H2O+H[1+],2.6643,0.000762466770027004,EC000409
345.14049,Ser-Gln-Glu,M-H2O+H[1+],2.5726,4.75332299743059e-05,EC000409
333.17966,Ser-Gln-Val,M+H[1+],7.1607,0.00279753323002296,EC000232
355.15655,Ser-Gln-Val,M+Na[1+],8.2902,0.00231246676997898,EC000233
349.13413,Ser-Glu-Asn,M+H[1+],0.7765,0.00126246676995834,EC000408
332.1092,Ser-Glu-Asp,M-H2O+H[1+],1.0954,0.000391533230015284,EC000295
350.11987,Ser-Glu-Asp,M+H[1+],1.6778,0.000461533230009081,EC000296
295.16371,Ser-Glu-Gln,M-HCOONa+H[1+],3.5851,6.75332299238107e-05,EC000409
345.13968,Ser-Glu-Gln,M-H2O+H[1+],2.6643,0.000762466770027004,EC000409
345.14049,Ser-Glu-Gln,M-H2O+H[1+],2.5726,4.75332299743059e-05,EC000409
301.16116,Ser-Gly-Arg,M-H2O+H[1+],5.6055,0.000685466769994036,EC000352
210.10902,Ser-Gly-Asp,M-HCOONa+H[1+],4.9043,0.0018584667700452,EC000431
260.08825,Ser-Gly-Asp,M-H2O+H[1+],5.2287,0.000571533230015575,EC000431
291.16519,Ser-Gly-Lys,M+H[1+],6.7089,0.00110746677000861,EC000682
349.12826,Ser-Gly-Lys,M+NaCl[1+],6.6089,0.00336253323001756,EC000682
451.16729,Ser-His-Trp,M+Na[1+],0.6691,0.00280546677004168,EC000719
357.2238,Ser-Ile-Arg,M-H2O+H[1+],9.073,0.000645466770038183,EC000364
375.23143,Ser-Ile-Arg,M+H[1+],9.7957,0.00361546677004299,EC000365
397.21661,Ser-Ile-Arg,M+Na[1+],0.6407,0.000435466770056792,EC000366
333.17966,Ser-Ile-Asn,M+H[1+],7.1607,0.00279753323002296,EC000232
355.15655,Ser-Ile-Asn,M+Na[1+],8.2902,0.00231246676997898,EC000233
332.2165,Ser-Ile-Ile,M+H[1+],4.0862,0.00149846676998777,EC000731
332.21815,Ser-Ile-Ile,M+H[1+],7.5378,0.000151533229995948,EC000732
332.21816,Ser-Ile-Ile,M+H[1+],7.6569,0.000161533230027544,EC000732
350.2287,Ser-Ile-Ile,M+H2O+H[1+],7.6064,0.000101533230008499,EC000732
350.22877,Ser-Ile-Ile,M+H2O+H[1+],7.3709,0.000171533230002296,EC000732
350.22882,Ser-Ile-Ile,M+H2O+H[1+],7.8421,0.000221533229989745,EC000732
332.2165,Ser-Ile-Leu,M+H[1+],4.0862,0.00149846676998777,EC000731
332.21815,Ser-Ile-Leu,M+H[1+],7.5378,0.000151533229995948,EC000732
332.21816,Ser-Ile-Leu,M+H[1+],7.6569,0.000161533230027544,EC000732
350.2287,Ser-Ile-Leu,M+H2O+H[1+],7.6064,0.000101533230008499,EC000732
350.22877,Ser-Ile-Leu,M+H2O+H[1+],7.3709,0.000171533230002296,EC000732
350.22882,Ser-Ile-Leu,M+H2O+H[1+],7.8421,0.000221533229989745,EC000732
387.20588,Ser-Ile-Trp,M-H2O+H[1+],8.8479,0.00323253323000472,EC000619
318.20109,Ser-Ile-Val,M+H[1+],4.026,0.00125846676996844,EC000756
340.18419,Ser-Ile-Val,M+Na[1+],9.9444,0.000158466769960341,EC000757
357.2238,Ser-Leu-Arg,M-H2O+H[1+],9.073,0.000645466770038183,EC000364
375.23143,Ser-Leu-Arg,M+H[1+],9.7957,0.00361546677004299,EC000365
397.21661,Ser-Leu-Arg,M+Na[1+],0.6407,0.000435466770056792,EC000366
333.17966,Ser-Leu-Asn,M+H[1+],7.1607,0.00279753323002296,EC000232
355.15655,Ser-Leu-Asn,M+Na[1+],8.2902,0.00231246676997898,EC000233
332.2165,Ser-Leu-Ile,M+H[1+],4.0862,0.00149846676998777,EC000731
332.21815,Ser-Leu-Ile,M+H[1+],7.5378,0.000151533229995948,EC000732
332.21816,Ser-Leu-Ile,M+H[1+],7.6569,0.000161533230027544,EC000732
350.2287,Ser-Leu-Ile,M+H2O+H[1+],7.6064,0.000101533230008499,EC000732
350.22877,Ser-Leu-Ile,M+H2O+H[1+],7.3709,0.000171533230002296,EC000732
350.22882,Ser-Leu-Ile,M+H2O+H[1+],7.8421,0.000221533229989745,EC000732
332.2165,Ser-Leu-Leu,M+H[1+],4.0862,0.00149846676998777,EC000731
332.21815,Ser-Leu-Leu,M+H[1+],7.5378,0.000151533229995948,EC000732
332.21816,Ser-Leu-Leu,M+H[1+],7.6569,0.000161533230027544,EC000732
350.2287,Ser-Leu-Leu,M+H2O+H[1+],7.6064,0.000101533230008499,EC000732
350.22877,Ser-Leu-Leu,M+H2O+H[1+],7.3709,0.000171533230002296,EC000732
350.22882,Ser-Leu-Leu,M+H2O+H[1+],7.8421,0.000221533229989745,EC000732
387.20588,Ser-Leu-Trp,M-H2O+H[1+],8.8479,0.00323253323000472,EC000619
318.20109,Ser-Leu-Val,M+H[1+],4.026,0.00125846676996844,EC000756
340.18419,Ser-Leu-Val,M+Na[1+],9.9444,0.000158466769960341,EC000757
291.16519,Ser-Lys-Gly,M+H[1+],6.7089,0.00110746677000861,EC000682
349.12826,Ser-Lys-Gly,M+NaCl[1+],6.6089,0.00336253323001756,EC000682
362.24023,Ser-Lys-Lys,M+H[1+],6.062,0.000433533229966088,EC000806
362.24038,Ser-Lys-Lys,M+H[1+],6.1163,0.000583533229985278,EC000806
384.2212,Ser-Lys-Lys,M+Na[1+],1.0804,0.000596466769991366,EC000807
367.18188,Ser-Lys-Met,M(Cl37)+H[1+],6.628,0.000639466770053332,EC000238
367.18188,Ser-Lys-Met,M(S34)+H[1+],6.628,0.000760533229993143,EC000238
387.16647,Ser-Lys-Met,M+Na[1+],6.8382,0.00084946676997788,EC000238
387.1686,Ser-Lys-Met,M+Na[1+],6.9283,0.00128053323004451,EC000238
335.19568,Ser-Lys-Thr,M+H[1+],8.3215,0.0031675332299983,EC000817
335.19579,Ser-Lys-Thr,M+H[1+],8.6186,0.00327753323000479,EC000817
357.17218,Ser-Lys-Thr,M+Na[1+],8.5361,0.00233246676998533,EC000817
379.19512,Ser-Lys-Tyr,M-H2O+H[1+],4.5325,0.00244246677004867,EC000818
419.1873,Ser-Lys-Tyr,M+Na[1+],5.1987,0.00286246677006829,EC000819
367.18188,Ser-Met-Lys,M(Cl37)+H[1+],6.628,0.000639466770053332,EC000238
367.18188,Ser-Met-Lys,M(S34)+H[1+],6.628,0.000760533229993143,EC000238
387.16647,Ser-Met-Lys,M+Na[1+],6.8382,0.00084946676997788,EC000238
387.1686,Ser-Met-Lys,M+Na[1+],6.9283,0.00128053323004451,EC000238
350.11987,Ser-Met-Met,M-H2O+H[1+],1.6778,0.000372466769988478,EC000833
316.13541,Ser-Met-Pro,M-H2O+H[1+],1.1238,0.00288953322996122,EC000834
391.20593,Ser-Phe-Arg,M-H2O+H[1+],3.5639,0.00286546676994703,EC000226
398.16727,Ser-Phe-Tyr,M-H2O+H[1+],7.0248,0.00374346677000403,EC000271
398.17202,Ser-Phe-Tyr,M-H2O+H[1+],6.2033,0.00100653322999733,EC000272
352.19012,Ser-Phe-Val,M+H[1+],8.9886,0.00342153322998229,EC000273
274.13847,Ser-Pro-Ala,M+H[1+],0.637,0.00127846677003163,EC000263
312.09434,Ser-Pro-Ala,M+K[1+],0.6921,0.000908466770056293,EC000263
316.13541,Ser-Pro-Met,M-H2O+H[1+],1.1238,0.00288953322996122,EC000834
349.18189,Ser-Ser-Arg,M+H[1+],4.7941,0.00112046676997579,EC000392
289.11476,Ser-Ser-Asn,M-H2O+H[1+],0.6643,0.000532533230000354,EC000424
365.0832,Ser-Ser-Asn,M+NaCl[1+],0.7513,0.000227466770013507,EC000424
375.11511,Ser-Ser-Asn,M+HCOONa[1+],0.7771,0.00288253323003573,EC000424
318.07473,Ser-Ser-Cys,M+Na[1+],4.3994,0.00164453323003499,EC000542
274.13847,Ser-Ser-Val,M-H2O+H[1+],0.637,0.00124346677000631,EC000266
335.19568,Ser-Thr-Lys,M+H[1+],8.3215,0.0031675332299983,EC000817
335.19579,Ser-Thr-Lys,M+H[1+],8.6186,0.00327753323000479,EC000817
357.17218,Ser-Thr-Lys,M+Na[1+],8.5361,0.00233246676998533,EC000817
415.16243,Ser-Thr-Trp,M+Na[1+],5.6297,0.00356753323001158,EC000423
451.16729,Ser-Trp-His,M+Na[1+],0.6691,0.00280546677004168,EC000719
387.20588,Ser-Trp-Ile,M-H2O+H[1+],8.8479,0.00323253323000472,EC000619
387.20588,Ser-Trp-Leu,M-H2O+H[1+],8.8479,0.00323253323000472,EC000619
415.16243,Ser-Trp-Thr,M+Na[1+],5.6297,0.00356753323001158,EC000423
460.20096,Ser-Trp-Trp,M-H2O+H[1+],0.7853,0.0030635332300335,EC0001009
425.21302,Ser-Tyr-Arg,M+H[1+],8.7672,0.00129046677005817,EC000393
426.21982,Ser-Tyr-Arg,M(C13)+H[1+],8.7684,0.00210953322999785,EC000393
383.15436,Ser-Tyr-Asn,M+H[1+],5.7155,0.00176746676999073,EC000425
379.19512,Ser-Tyr-Lys,M-H2O+H[1+],4.5325,0.00244246677004867,EC000818
419.1873,Ser-Tyr-Lys,M+Na[1+],5.1987,0.00286246677006829,EC000819
398.16727,Ser-Tyr-Phe,M-H2O+H[1+],7.0248,0.00374346677000403,EC000271
398.17202,Ser-Tyr-Phe,M-H2O+H[1+],6.2033,0.00100653322999733,EC000272
383.20094,Ser-Val-Arg,M+Na[1+],0.6216,0.000455466770006296,EC000394
383.20267,Ser-Val-Arg,M+Na[1+],8.3496,0.00127453323000282,EC000395
333.17966,Ser-Val-Gln,M+H[1+],7.1607,0.00279753323002296,EC000232
355.15655,Ser-Val-Gln,M+Na[1+],8.2902,0.00231246676997898,EC000233
318.20109,Ser-Val-Ile,M+H[1+],4.026,0.00125846676996844,EC000756
340.18419,Ser-Val-Ile,M+Na[1+],9.9444,0.000158466769960341,EC000757
318.20109,Ser-Val-Leu,M+H[1+],4.026,0.00125846676996844,EC000756
340.18419,Ser-Val-Leu,M+Na[1+],9.9444,0.000158466769960341,EC000757
352.19012,Ser-Val-Phe,M+H[1+],8.9886,0.00342153322998229,EC000273
274.13847,Ser-Val-Ser,M-H2O+H[1+],0.637,0.00124346677000631,EC000266
286.17477,Ser-Val-Val,M-H2O+H[1+],4.1011,0.00132846676996223,EC000252
160.07471,Serotonin,M-NH3+H[1+],1.2777,0.00102948277000792,EC000521
177.10122,Serotonin,M+H[1+],1.5773,0.00101948277000474,EC000521
177.10123,Serotonin,M+H[1+],1.279,0.00100948277002999,EC000521
235.06148,Serotonin,M+NaCl[1+],1.2115,0.000640517229982152,EC000521
203.06589,Serylaspartic acid,M-H2O+H[1+],1.204,0.000322580769989145,EC000439
173.12745,Serylisoleucine,M-HCOOH+H[1+],1.7161,0.00108353476997536,EC000550
183.11172,Serylisoleucine,M-H4O2+H[1+],2.0948,0.00101353477000998,EC000550
219.13286,Serylisoleucine,M+H[1+],1.4241,0.00107353477000061,EC000550
173.12745,Serylleucine,M-HCOOH+H[1+],1.7161,0.00108353476997536,EC000550
183.11172,Serylleucine,M-H4O2+H[1+],2.0948,0.00101353477000998,EC000550
219.13286,Serylleucine,M+H[1+],1.4241,0.00107353477000061,EC000550
181.09598,Serylphenylalanine,M-C3H4O2+H[1+],4.7587,0.00120346977001873,EC000270
217.09617,Serylphenylalanine,M-H4O2+H[1+],3.2183,0.000913469770011943,EC000270
217.09659,Serylphenylalanine,M-H4O2+H[1+],4.1798,0.000493469770020738,EC000270
225.12215,Serylphenylalanine,M-CO+H[1+],3.2702,0.00113346976999651,EC000270
225.12228,Serylphenylalanine,M-CO+H[1+],3.9722,0.00100346977001209,EC000270
253.11729,Serylphenylalanine,M+H[1+],1.9539,0.000993469770008915,EC000270
223.10685,Seryltyrosine,M-HCOOH+H[1+],2.094,0.00094808976996319,EC0001010
225.12215,Seryltyrosine,M-CO2+H[1+],3.2702,0.00124808976997315,EC0001010
225.12228,Seryltyrosine,M-CO2+H[1+],3.9722,0.00111808976998873,EC0001010
269.11198,Seryltyrosine,M+H[1+],3.9531,0.00121808976996363,EC0001010
187.10673,Serylvaline,M-H2O+H[1+],0.81,0.000953469769996218,EC000891
117.05366,Sevoflurane,M-HCOOK+H[1+],0.7674,0.000471380229981833,EC000546
201.01492,Sevoflurane,M+H[1+],0.7324,0.000431380229969136,EC000546
219.02552,Sevoflurane,M+H2O+H[1+],0.7397,0.000431380229969136,EC000546
497.19611,Sildenafil,M+Na[1+],1.0194,0.00190936522994889,EC0001011
483.12458,Silibinin,M+H[1+],7.0855,0.00399339077000604,EC0001012
567.09512,Silibinin,M+HCOOK[1+],7.061,0.005246609229971,EC0001012
197.12742,Simeton,M[1+],1.5579,0.000239999999990914,EC0001013
220.11627,Simeton,M+Na[1+],1.8067,0.000666466770013585,EC0001013
419.27535,Simvastatin,M+H[1+],8.9998,0.00385079276998113,EC0001014
342.03386,Sinigrin,M-H2O+H[1+],0.7144,0.0027110062300153,EC0001015
260.05213,sn-Glycero-3-phosphoserine,M+H[1+],0.76,0.000846466770042298,EC000671
453.34174,Solanocapsine,M+Na[1+],5.7042,0.0034654667700238,EC0001016
453.34223,Solanocapsine,M+Na[1+],6.3978,0.00297546677006721,EC0001017
453.34227,Solanocapsine,M+Na[1+],6.3451,0.00293546677005452,EC0001017
453.34249,Solanocapsine,M+Na[1+],5.8761,0.00271546677004153,EC0001016
365.10374,Sophorose,M+Na[1+],0.9283,0.00173646677001216,EC00092
381.07789,Sophorose,M+K[1+],0.7446,0.00108646676994795,EC00092
147.06427,Sorbitol,M-H4O2+H[1+],0.9256,0.000844646770019608,EC000632
165.07459,Sorbitol,M-H2O+H[1+],0.7944,0.0011246467699948,EC000632
273.1261,Sotalol,M+H[1+],4.9518,0.000639672769978006,EC0001018
166.08535,Stachydrine,M+Na[1+],1.5172,0.00144486823000989,EC00017
537.28214,Stigmatellin a,M+Na[1+],5.7503,0.000236466769933941,EC0001019
413.26459,Stigmatellin Y,M-C3H4O2+H[1+],10.6597,0.00408646677004754,EC0001020
449.26452,Stigmatellin Y,M-H4O2+H[1+],10.8103,0.00405646677000959,EC0001020
467.27516,Stigmatellin Y,M-H2O+H[1+],10.8052,0.0040164667699969,EC0001020
485.28813,Stigmatellin Y,M+H[1+],9.0488,0.00164646677001201,EC0001021
507.26748,Stigmatellin Y,M+Na[1+],10.8124,0.00429646677002893,EC0001020
507.26997,Stigmatellin Y,M+Na[1+],9.0457,0.00180646677000595,EC0001021
523.24374,Stigmatellin Y,M+K[1+],9.047,0.00153646677006236,EC0001021
217.14234,Streptidine,M-HCOOH+H[1+],5.6326,0.00146353322998038,EC0001022
227.12429,Streptidine,M-H4O2+H[1+],5.7456,0.000786466770023253,EC0001022
227.12629,Streptidine,M-H4O2+H[1+],5.5212,0.0012135332299863,EC0001022
245.13708,Streptidine,M-H2O+H[1+],5.5118,0.00140353322998976,EC0001022
285.1294,Streptidine,M+Na[1+],5.3728,0.00112353322998615,EC0001022
285.12953,Streptidine,M+Na[1+],5.5103,0.00125353322999899,EC0001022
197.07739,Suberic acid,M+Na[1+],5.042,0.00109540277000519,EC00075
197.07985,Suberic acid,M+Na[1+],7.7826,0.00136459722997984,EC00076
101.02241,Succinic acid,M-H2O+H[1+],1.0092,0.000875146769999446,EC000600
137.04484,Succinic acid,M+H2O+H[1+],0.9517,0.000354853229993068,EC000600
141.01523,Succinic acid,M+Na[1+],1.0142,0.000655146770014881,EC000600
101.02241,Succinic anhydride,M+H[1+],1.0092,0.000910460770001009,EC0001023
181.04833,Succinylacetone,M+Na[1+],8.3514,0.00114472522997744,EC0001024
365.10374,Sucrose,M+Na[1+],0.9283,0.00174801277000824,EC00092
381.07789,Sucrose,M+K[1+],0.7446,0.00109801276994403,EC00092
369.19605,Sufentanil,M-H2O+H[1+],6.8264,0.00342537077000316,EC0001025
109.10025,Sulcatone,M-H2O+H[1+],9.2969,0.000891536769998424,EC00071
215.04862,Sulfacetamide,M+H[1+],5.0736,0.000130647229980241,EC0001026
165.05352,SYRINGALDEHYDE,M-H2O+H[1+],7.0768,0.00106546677000097,EC00097
165.05361,SYRINGALDEHYDE,M-H2O+H[1+],7.7817,0.000975466770000821,EC00098
205.04789,SYRINGALDEHYDE,M+Na[1+],0.8951,0.000704533229992421,EC00099
181.04833,Syringic acid,M-H2O+H[1+],8.3514,0.00116988876999358,EC0001027
221.04108,Syringic acid,M+Na[1+],0.7379,0.00101988877000281,EC0001028
163.05936,Talose,M-H2O+H[1+],0.7702,0.000716466770001034,EC000547
163.05949,Talose,M-H2O+H[1+],6.3524,0.000586466769988192,EC000548
163.05952,Talose,M-H2O+H[1+],6.1637,0.000556466770007091,EC000548
203.0516,Talose,M+Na[1+],0.5212,0.00107646677000162,EC000547
312.10987,Taxiphyllin,M+H[1+],0.948,0.00209163022998382,EC0001029
283.04893,Tazobactam,M-H2O+H[1+],9.4211,0.000586670770019282,EC0001030
323.04108,Tazobactam,M+Na[1+],1.4212,0.00103667077002001,EC0001031
339.01774,Tazobactam,M+K[1+],1.7364,0.00212332923001668,EC0001031
353.22282,Tebufenozide,M+H[1+],7.2743,0.000465533229998982,EC000957
397.22509,Tentoxin,M-H2O+H[1+],6.2071,0.00171353323003132,EC000753
415.23099,Tentoxin,M+H[1+],6.8321,0.0029864667699826,EC000754
149.02201,Terephthalic acid,M-H2O+H[1+],8.3532,0.00127514677001273,EC000113
189.01509,Terephthalic acid,M+Na[1+],0.7561,0.000795146770030897,EC000114
183.11172,Tetraacetylethylenediamine,M-HCOOH+H[1+],2.0948,0.00116347677001727,EC00013
211.10664,Tetraacetylethylenediamine,M-H2O+H[1+],2.0433,0.0010434767700076,EC00013
211.10667,Tetraacetylethylenediamine,M-H2O+H[1+],2.7578,0.00101347676999808,EC00013
247.12755,Tetraacetylethylenediamine,M+H2O+H[1+],1.7436,0.00133347677001439,EC00013
194.11651,Tetraethylene glycol,M[1+],3.5896,0.00108631399999126,EC0001032
217.10353,Tetraethylene glycol,M+Na[1+],2.1791,0.00117015277001542,EC0001032
187.13173,Tetraglyme,M-H4O2+H[1+],5.7468,0.00107046677001676,EC0001033
245.13708,Tetraglyme,M+Na[1+],5.5118,0.00107953322998355,EC0001033
307.11394,Tetraglyme,M+HCOOK[1+],5.0985,0.00136046676999513,EC0001033
307.11395,Tetraglyme,M+HCOOK[1+],5.0238,0.00135046677002038,EC0001033
323.15884,Tetrahydropentoxyline,M-CO2+H[1+],2.5876,0.00133753477001619,EC000282
339.15374,Tetrahydropentoxyline,M-CO+H[1+],1.6144,0.00123753476998445,EC000282
367.14857,Tetrahydropentoxyline,M+H[1+],2.324,0.00140753477000999,EC000282
368.15171,Tetrahydropentoxyline,M(C13)+H[1+],2.3287,0.00166753477003567,EC000282
299.10894,Thalassemine,M+H[1+],6.1384,0.00253646676998187,EC0001034
266.12221,Thiamine,M+H[1+],0.7697,0.002626657229996,EC000896
304.07806,Thiamine,M+K[1+],0.7465,0.00297665723002183,EC000896
286.17477,Thr-Ala-Ile,M-H2O+H[1+],4.1011,0.00132846676996223,EC000252
286.17477,Thr-Ala-Leu,M-H2O+H[1+],4.1011,0.00132846676996223,EC000252
341.17733,Thr-Ala-Lys,M+Na[1+],9.9418,0.00226746677003575,EC000257
274.13847,Thr-Ala-Thr,M-H2O+H[1+],0.637,0.00124346677000631,EC000266
359.17094,Thr-Ala-Trp,M-H2O+H[1+],8.7172,0.000407466770013798,EC000267
359.17096,Thr-Ala-Trp,M-H2O+H[1+],8.6636,0.00038746677000745,EC000267
401.15552,Thr-Arg-Cys,M+Na[1+],5.3215,0.00229746676996001,EC000338
404.22803,Thr-Arg-Gln,M+H[1+],4.3319,0.00282053322996489,EC000258
387.19852,Thr-Arg-Glu,M-H2O+H[1+],4.009,0.00010546677003731,EC000346
371.23918,Thr-Arg-Ile,M-H2O+H[1+],9.6753,0.00091546677003862,EC000367
371.23918,Thr-Arg-Leu,M-H2O+H[1+],9.6753,0.00091546677003862,EC000367
351.21275,Thr-Arg-Phe,M-C3H4O2+H[1+],6.8753,0.00119546677001381,EC000380
351.21301,Thr-Arg-Phe,M-C3H4O2+H[1+],7.2297,0.000935466770044968,EC000380
395.2418,Thr-Arg-Phe,M-CO+H[1+],7.0773,0.00175453322998465,EC000380
395.24385,Thr-Arg-Phe,M-CO+H[1+],7.2316,0.00380453322998164,EC000380
423.23375,Thr-Arg-Phe,M+H[1+],7.0904,0.00129546677004555,EC000380
373.22006,Thr-Arg-Pro,M+H[1+],10.5602,0.000664533230008146,EC000387
375.21911,Thr-Arg-Pro,M(Cl37)+H[1+],10.5394,0.00251453322999851,EC000387
399.19287,Thr-Arg-Thr,M+Na[1+],9.1504,0.00344046676997323,EC000396
357.2238,Thr-Arg-Val,M-H2O+H[1+],9.073,0.000645466770038183,EC000364
375.23143,Thr-Arg-Val,M+H[1+],9.7957,0.00361546677004299,EC000365
397.21661,Thr-Arg-Val,M+Na[1+],0.6407,0.000435466770056792,EC000366
349.13413,Thr-Asn-Asp,M+H[1+],0.7765,0.00126246676995834,EC000408
295.16371,Thr-Asn-Glu,M-HCOONa+H[1+],3.5851,6.75332299238107e-05,EC000409
345.13968,Thr-Asn-Glu,M-H2O+H[1+],2.6643,0.000762466770027004,EC000409
345.14049,Thr-Asn-Glu,M-H2O+H[1+],2.5726,4.75332299743059e-05,EC000409
333.17966,Thr-Asn-Val,M+H[1+],7.1607,0.00279753323002296,EC000232
355.15655,Thr-Asn-Val,M+Na[1+],8.2902,0.00231246676997898,EC000233
349.13413,Thr-Asp-Asn,M+H[1+],0.7765,0.00126246676995834,EC000408
332.1092,Thr-Asp-Asp,M-H2O+H[1+],1.0954,0.000391533230015284,EC000295
350.11987,Thr-Asp-Asp,M+H[1+],1.6778,0.000461533230009081,EC000296
295.16371,Thr-Asp-Gln,M-HCOONa+H[1+],3.5851,6.75332299238107e-05,EC000409
345.13968,Thr-Asp-Gln,M-H2O+H[1+],2.6643,0.000762466770027004,EC000409
345.14049,Thr-Asp-Gln,M-H2O+H[1+],2.5726,4.75332299743059e-05,EC000409
401.15552,Thr-Cys-Arg,M+Na[1+],5.3215,0.00229746676996001,EC000338
404.22803,Thr-Gln-Arg,M+H[1+],4.3319,0.00282053322996489,EC000258
295.16371,Thr-Gln-Asp,M-HCOONa+H[1+],3.5851,6.75332299238107e-05,EC000409
345.13968,Thr-Gln-Asp,M-H2O+H[1+],2.6643,0.000762466770027004,EC000409
345.14049,Thr-Gln-Asp,M-H2O+H[1+],2.5726,4.75332299743059e-05,EC000409
398.16727,Thr-Gln-Gln,M+Na[1+],7.0248,0.00259353322991274,EC000406
398.20076,Thr-Gln-Lys,M+Na[1+],1.0723,0.000301466770054049,EC000651
367.15743,Thr-Gln-Pro,M+Na[1+],8.7154,0.00143246676998388,EC000654
249.10851,Thr-Glu,M+H[1+],4.8626,0.000397290229983582,EC000668
249.10854,Thr-Glu,M+H[1+],5.9773,0.000427290229993105,EC000669
387.19852,Thr-Glu-Arg,M-H2O+H[1+],4.009,0.00010546677003731,EC000346
295.16371,Thr-Glu-Asn,M-HCOONa+H[1+],3.5851,6.75332299238107e-05,EC000409
345.13968,Thr-Glu-Asn,M-H2O+H[1+],2.6643,0.000762466770027004,EC000409
345.14049,Thr-Glu-Asn,M-H2O+H[1+],2.5726,4.75332299743059e-05,EC000409
368.15758,Thr-Glu-His,M-H2O+H[1+],8.7214,0.0011535332300241,EC000661
318.20109,Thr-Glu-Ile,M-CO2+H[1+],4.026,0.00128846677000638,EC000667
344.1803,Thr-Glu-Ile,M-H2O+H[1+],4.2046,0.00127846677003163,EC000667
344.18247,Thr-Glu-Ile,M-H2O+H[1+],4.0076,0.000891533230003461,EC000667
344.18433,Thr-Glu-Ile,M-H2O+H[1+],4.5858,0.00275153322996857,EC000667
318.20109,Thr-Glu-Leu,M-CO2+H[1+],4.026,0.00128846677000638,EC000667
344.1803,Thr-Glu-Leu,M-H2O+H[1+],4.2046,0.00127846677003163,EC000667
344.18247,Thr-Glu-Leu,M-H2O+H[1+],4.0076,0.000891533230003461,EC000667
344.18433,Thr-Glu-Leu,M-H2O+H[1+],4.5858,0.00275153322996857,EC000667
328.15311,Thr-Glu-Pro,M-H2O+H[1+],4.6327,0.00283153323005081,EC000209
274.13847,Thr-Gly-Pro,M+H[1+],0.637,0.00127846677003163,EC000263
312.09434,Thr-Gly-Pro,M+K[1+],0.6921,0.000908466770056293,EC000263
368.15758,Thr-His-Glu,M-H2O+H[1+],8.7214,0.0011535332300241,EC000661
367.20892,Thr-His-Lys,M-H2O+H[1+],6.2712,0.000124533230007273,EC000712
367.20956,Thr-His-Lys,M-H2O+H[1+],6.0373,0.000764533230039888,EC000712
367.2106,Thr-His-Lys,M-H2O+H[1+],6.0997,0.00180453323002894,EC000712
336.16851,Thr-His-Pro,M-H2O+H[1+],9.6279,0.00191353323003796,EC000717
354.17436,Thr-His-Pro,M+H[1+],1.0729,0.00283646677002025,EC000718
197.12742,Thr-Ile,M-H4O2+H[1+],1.5579,0.000963598770027829,EC000770
215.13798,Thr-Ile,M-H2O+H[1+],1.3876,0.0010035987700121,EC000770
216.12258,Thr-Ile,M-NH3+H[1+],0.6339,0.000503598770023928,EC000771
233.14849,Thr-Ile,M+H[1+],0.6259,0.00109359877001225,EC000771
233.14862,Thr-Ile,M+H[1+],1.6244,0.000963598770027829,EC000770
233.15013,Thr-Ile,M+H[1+],6.7319,0.000546401229968296,EC000772
233.15014,Thr-Ile,M+H[1+],6.1543,0.00055640122997147,EC000773
235.14788,Thr-Ile,M(Cl37)+H[1+],6.8753,0.00109640122997234,EC000772
251.15901,Thr-Ile,M+H2O+H[1+],0.6216,0.00117359877003764,EC000771
286.17477,Thr-Ile-Ala,M-H2O+H[1+],4.1011,0.00132846676996223,EC000252
371.23918,Thr-Ile-Arg,M-H2O+H[1+],9.6753,0.00091546677003862,EC000367
318.20109,Thr-Ile-Glu,M-CO2+H[1+],4.026,0.00128846677000638,EC000667
344.1803,Thr-Ile-Glu,M-H2O+H[1+],4.2046,0.00127846677003163,EC000667
344.18247,Thr-Ile-Glu,M-H2O+H[1+],4.0076,0.000891533230003461,EC000667
344.18433,Thr-Ile-Glu,M-H2O+H[1+],4.5858,0.00275153322996857,EC000667
328.22189,Thr-Ile-Ile,M-H2O+H[1+],4.3951,0.00115846677005038,EC000733
368.21516,Thr-Ile-Ile,M+Na[1+],6.0653,0.000488466770036666,EC000734
368.2161,Thr-Ile-Ile,M+Na[1+],6.1043,0.000451533229920642,EC000734
328.22189,Thr-Ile-Leu,M-H2O+H[1+],4.3951,0.00115846677005038,EC000733
368.21516,Thr-Ile-Leu,M+Na[1+],6.0653,0.000488466770036666,EC000734
368.2161,Thr-Ile-Leu,M+Na[1+],6.1043,0.000451533229920642,EC000734
302.20615,Thr-Ile-Pro,M-CO+H[1+],4.1172,0.00119846677000623,EC000751
330.2004,Thr-Ile-Pro,M+H[1+],4.0271,0.0019484667699885,EC000751
330.2025,Thr-Ile-Pro,M+H[1+],7.5237,0.000151533229995948,EC000752
441.20792,Thr-Ile-Trp,M+Na[1+],6.5814,0.00297746677000532,EC000758
332.2165,Thr-Ile-Val,M+H[1+],4.0862,0.00149846676998777,EC000731
332.21815,Thr-Ile-Val,M+H[1+],7.5378,0.000151533229995948,EC000732
332.21816,Thr-Ile-Val,M+H[1+],7.6569,0.000161533230027544,EC000732
350.2287,Thr-Ile-Val,M+H2O+H[1+],7.6064,0.000101533230008499,EC000732
350.22877,Thr-Ile-Val,M+H2O+H[1+],7.3709,0.000171533230002296,EC000732
350.22882,Thr-Ile-Val,M+H2O+H[1+],7.8421,0.000221533229989745,EC000732
197.12742,Thr-Leu,M-H4O2+H[1+],1.5579,0.000963598770027829,EC000770
215.13798,Thr-Leu,M-H2O+H[1+],1.3876,0.0010035987700121,EC000770
216.12258,Thr-Leu,M-NH3+H[1+],0.6339,0.000503598770023928,EC000771
233.14849,Thr-Leu,M+H[1+],0.6259,0.00109359877001225,EC000771
233.14862,Thr-Leu,M+H[1+],1.6244,0.000963598770027829,EC000770
233.15013,Thr-Leu,M+H[1+],6.7319,0.000546401229968296,EC000772
233.15014,Thr-Leu,M+H[1+],6.1543,0.00055640122997147,EC000773
235.14788,Thr-Leu,M(Cl37)+H[1+],6.8753,0.00109640122997234,EC000772
251.15901,Thr-Leu,M+H2O+H[1+],0.6216,0.00117359877003764,EC000771
286.17477,Thr-Leu-Ala,M-H2O+H[1+],4.1011,0.00132846676996223,EC000252
371.23918,Thr-Leu-Arg,M-H2O+H[1+],9.6753,0.00091546677003862,EC000367
318.20109,Thr-Leu-Glu,M-CO2+H[1+],4.026,0.00128846677000638,EC000667
344.1803,Thr-Leu-Glu,M-H2O+H[1+],4.2046,0.00127846677003163,EC000667
344.18247,Thr-Leu-Glu,M-H2O+H[1+],4.0076,0.000891533230003461,EC000667
344.18433,Thr-Leu-Glu,M-H2O+H[1+],4.5858,0.00275153322996857,EC000667
328.22189,Thr-Leu-Ile,M-H2O+H[1+],4.3951,0.00115846677005038,EC000733
368.21516,Thr-Leu-Ile,M+Na[1+],6.0653,0.000488466770036666,EC000734
368.2161,Thr-Leu-Ile,M+Na[1+],6.1043,0.000451533229920642,EC000734
328.22189,Thr-Leu-Leu,M-H2O+H[1+],4.3951,0.00115846677005038,EC000733
368.21516,Thr-Leu-Leu,M+Na[1+],6.0653,0.000488466770036666,EC000734
368.2161,Thr-Leu-Leu,M+Na[1+],6.1043,0.000451533229920642,EC000734
302.20615,Thr-Leu-Pro,M-CO+H[1+],4.1172,0.00119846677000623,EC000751
330.2004,Thr-Leu-Pro,M+H[1+],4.0271,0.0019484667699885,EC000751
330.2025,Thr-Leu-Pro,M+H[1+],7.5237,0.000151533229995948,EC000752
441.20792,Thr-Leu-Trp,M+Na[1+],6.5814,0.00297746677000532,EC000758
332.2165,Thr-Leu-Val,M+H[1+],4.0862,0.00149846676998777,EC000731
332.21815,Thr-Leu-Val,M+H[1+],7.5378,0.000151533229995948,EC000732
332.21816,Thr-Leu-Val,M+H[1+],7.6569,0.000161533230027544,EC000732
350.2287,Thr-Leu-Val,M+H2O+H[1+],7.6064,0.000101533230008499,EC000732
350.22877,Thr-Leu-Val,M+H2O+H[1+],7.3709,0.000171533230002296,EC000732
350.22882,Thr-Leu-Val,M+H2O+H[1+],7.8421,0.000221533229989745,EC000732
341.17733,Thr-Lys-Ala,M+Na[1+],9.9418,0.00226746677003575,EC000257
398.20076,Thr-Lys-Gln,M+Na[1+],1.0723,0.000301466770054049,EC000651
367.20892,Thr-Lys-His,M-H2O+H[1+],6.2712,0.000124533230007273,EC000712
367.20956,Thr-Lys-His,M-H2O+H[1+],6.0373,0.000764533230039888,EC000712
367.2106,Thr-Lys-His,M-H2O+H[1+],6.0997,0.00180453323002894,EC000712
358.24291,Thr-Lys-Lys,M-H2O+H[1+],9.3694,0.0019364667700188,EC000808
376.25795,Thr-Lys-Lys,M+H[1+],7.029,0.00250353322996943,EC000809
398.23988,Thr-Lys-Lys,M+Na[1+],7.0314,0.00243353322997564,EC000809
414.21365,Thr-Lys-Lys,M+K[1+],7.0331,0.00270353322997607,EC000809
377.21845,Thr-Lys-Phe,M-H2O+H[1+],9.7549,0.000152533229993423,EC000814
327.19991,Thr-Lys-Pro,M-H2O+H[1+],4.7899,0.00273746676998599,EC000418
335.19568,Thr-Lys-Ser,M+H[1+],8.3215,0.0031675332299983,EC000817
335.19579,Thr-Lys-Ser,M+H[1+],8.6186,0.00327753323000479,EC000817
357.17218,Thr-Lys-Ser,M+Na[1+],8.5361,0.00233246676998533,EC000817
433.20797,Thr-Lys-Tyr,M+Na[1+],9.3701,0.00215753322999035,EC000820
433.20813,Thr-Lys-Tyr,M+Na[1+],9.4959,0.00231753322998429,EC000820
398.17202,Thr-Met-Phe,M+H[1+],6.2033,0.00240046677004102,EC000534
231.11175,Thr-Phe,M-H4O2+H[1+],3.7458,0.00098353477000046,EC000948
267.13284,Thr-Phe,M+H[1+],2.3158,0.00109353477000695,EC000948
289.11476,Thr-Phe,M+Na[1+],0.6643,0.0011735347699755,EC000949
351.21275,Thr-Phe-Arg,M-C3H4O2+H[1+],6.8753,0.00119546677001381,EC000380
351.21301,Thr-Phe-Arg,M-C3H4O2+H[1+],7.2297,0.000935466770044968,EC000380
395.2418,Thr-Phe-Arg,M-CO+H[1+],7.0773,0.00175453322998465,EC000380
395.24385,Thr-Phe-Arg,M-CO+H[1+],7.2316,0.00380453322998164,EC000380
423.23375,Thr-Phe-Arg,M+H[1+],7.0904,0.00129546677004555,EC000380
377.21845,Thr-Phe-Lys,M-H2O+H[1+],9.7549,0.000152533229993423,EC000814
398.17202,Thr-Phe-Met,M+H[1+],6.2033,0.00240046677004102,EC000534
217.11862,Thr-Pro,M+H[1+],6.2645,0.00033653022998692,EC000970
373.22006,Thr-Pro-Arg,M+H[1+],10.5602,0.000664533230008146,EC000387
375.21911,Thr-Pro-Arg,M(Cl37)+H[1+],10.5394,0.00251453322999851,EC000387
367.15743,Thr-Pro-Gln,M+Na[1+],8.7154,0.00143246676998388,EC000654
328.15311,Thr-Pro-Glu,M-H2O+H[1+],4.6327,0.00283153323005081,EC000209
274.13847,Thr-Pro-Gly,M+H[1+],0.637,0.00127846677003163,EC000263
312.09434,Thr-Pro-Gly,M+K[1+],0.6921,0.000908466770056293,EC000263
336.16851,Thr-Pro-His,M-H2O+H[1+],9.6279,0.00191353323003796,EC000717
354.17436,Thr-Pro-His,M+H[1+],1.0729,0.00283646677002025,EC000718
302.20615,Thr-Pro-Ile,M-CO+H[1+],4.1172,0.00119846677000623,EC000751
330.2004,Thr-Pro-Ile,M+H[1+],4.0271,0.0019484667699885,EC000751
330.2025,Thr-Pro-Ile,M+H[1+],7.5237,0.000151533229995948,EC000752
302.20615,Thr-Pro-Leu,M-CO+H[1+],4.1172,0.00119846677000623,EC000751
330.2004,Thr-Pro-Leu,M+H[1+],4.0271,0.0019484667699885,EC000751
330.2025,Thr-Pro-Leu,M+H[1+],7.5237,0.000151533229995948,EC000752
327.19991,Thr-Pro-Lys,M-H2O+H[1+],4.7899,0.00273746676998599,EC000418
286.17477,Thr-Pro-Pro,M-CO+H[1+],4.1011,0.00127846676997478,EC000968
296.15855,Thr-Pro-Pro,M-H2O+H[1+],1.1489,0.00189846677000105,EC000969
314.17365,Thr-Pro-Pro,M+H[1+],4.1858,0.00260153323000623,EC000968
385.18837,Thr-Pro-Trp,M-H2O+H[1+],5.7612,0.00137253323003961,EC000971
425.18224,Thr-Pro-Trp,M+Na[1+],4.2567,0.00264253322995955,EC000972
335.19568,Thr-Ser-Lys,M+H[1+],8.3215,0.0031675332299983,EC000817
335.19579,Thr-Ser-Lys,M+H[1+],8.6186,0.00327753323000479,EC000817
357.17218,Thr-Ser-Lys,M+Na[1+],8.5361,0.00233246676998533,EC000817
415.16243,Thr-Ser-Trp,M+Na[1+],5.6297,0.00356753323001158,EC000423
274.13847,Thr-Thr-Ala,M-H2O+H[1+],0.637,0.00124346677000631,EC000266
399.19287,Thr-Thr-Arg,M+Na[1+],9.1504,0.00344046676997323,EC000396
359.17094,Thr-Trp-Ala,M-H2O+H[1+],8.7172,0.000407466770013798,EC000267
359.17096,Thr-Trp-Ala,M-H2O+H[1+],8.6636,0.00038746677000745,EC000267
441.20792,Thr-Trp-Ile,M+Na[1+],6.5814,0.00297746677000532,EC000758
441.20792,Thr-Trp-Leu,M+Na[1+],6.5814,0.00297746677000532,EC000758
385.18837,Thr-Trp-Pro,M-H2O+H[1+],5.7612,0.00137253323003961,EC000971
425.18224,Thr-Trp-Pro,M+Na[1+],4.2567,0.00264253322995955,EC000972
415.16243,Thr-Trp-Ser,M+Na[1+],5.6297,0.00356753323001158,EC000423
456.20595,Thr-Trp-Trp,M-H4O2+H[1+],1.1357,0.00300353323001445,EC0001036
474.21636,Thr-Trp-Trp,M-H2O+H[1+],1.0477,0.00281353323003941,EC0001036
387.20588,Thr-Trp-Val,M-H2O+H[1+],8.8479,0.00323253323000472,EC000619
433.20797,Thr-Tyr-Lys,M+Na[1+],9.3701,0.00215753322999035,EC000820
433.20813,Thr-Tyr-Lys,M+Na[1+],9.4959,0.00231753322998429,EC000820
173.12745,Thr-Val,M-HCOOH+H[1+],1.7161,0.00108353476997536,EC000550
183.11172,Thr-Val,M-H4O2+H[1+],2.0948,0.00101353477000998,EC000550
219.13286,Thr-Val,M+H[1+],1.4241,0.00107353477000061,EC000550
357.2238,Thr-Val-Arg,M-H2O+H[1+],9.073,0.000645466770038183,EC000364
375.23143,Thr-Val-Arg,M+H[1+],9.7957,0.00361546677004299,EC000365
397.21661,Thr-Val-Arg,M+Na[1+],0.6407,0.000435466770056792,EC000366
333.17966,Thr-Val-Asn,M+H[1+],7.1607,0.00279753323002296,EC000232
355.15655,Thr-Val-Asn,M+Na[1+],8.2902,0.00231246676997898,EC000233
332.2165,Thr-Val-Ile,M+H[1+],4.0862,0.00149846676998777,EC000731
332.21815,Thr-Val-Ile,M+H[1+],7.5378,0.000151533229995948,EC000732
332.21816,Thr-Val-Ile,M+H[1+],7.6569,0.000161533230027544,EC000732
350.2287,Thr-Val-Ile,M+H2O+H[1+],7.6064,0.000101533230008499,EC000732
350.22877,Thr-Val-Ile,M+H2O+H[1+],7.3709,0.000171533230002296,EC000732
350.22882,Thr-Val-Ile,M+H2O+H[1+],7.8421,0.000221533229989745,EC000732
332.2165,Thr-Val-Leu,M+H[1+],4.0862,0.00149846676998777,EC000731
332.21815,Thr-Val-Leu,M+H[1+],7.5378,0.000151533229995948,EC000732
332.21816,Thr-Val-Leu,M+H[1+],7.6569,0.000161533230027544,EC000732
350.2287,Thr-Val-Leu,M+H2O+H[1+],7.6064,0.000101533230008499,EC000732
350.22877,Thr-Val-Leu,M+H2O+H[1+],7.3709,0.000171533230002296,EC000732
350.22882,Thr-Val-Leu,M+H2O+H[1+],7.8421,0.000221533229989745,EC000732
387.20588,Thr-Val-Trp,M-H2O+H[1+],8.8479,0.00323253323000472,EC000619
318.20109,Thr-Val-Val,M+H[1+],4.026,0.00125846676996844,EC000756
340.18419,Thr-Val-Val,M+Na[1+],9.9444,0.000158466769960341,EC000757
145.04857,Threitol,M+Na[1+],1.364,0.00138472522999677,EC000599
137.04484,Threonic acid,M+H[1+],0.9517,0.000390167229994631,EC000281
127.0493,Thymine,M+H[1+],1.186,0.000903912769985027,EC000185
345.16426,Thyrotropin releasing hormone,M-H2O+H[1+],2.1802,0.00266968876996998,EC0001037
398.12173,Tiagabine,M+Na[1+],6.2087,0.000216895769938219,EC0001038
180.06445,Tiglylglycine,M+Na[1+],5.0534,0.00128031022998698,EC000102
226.06991,Tiglylglycine,M+HCOONa[1+],5.0528,0.0013403102299776,EC000102
423.23375,Tirofiban,M-H2O+H[1+],7.0904,0.00258057122999844,EC0001039
441.24446,Tirofiban,M+H[1+],5.8622,0.00269057123000493,EC0001040
137.10638,TMP,M+H[1+],4.979,0.000944860770005107,EC00079
271.11375,Tolbutamide,M+H[1+],5.005,0.00266039122999473,EC0001041
158.11659,Tranexamic acid,M+H[1+],8.2266,0.000965466769997647,EC000796
158.11659,Tranexamic Acid,M+H[1+],8.2266,0.000965195769992988,EC000796
132.95724,"trans-1,3-Dichloropropene",M+Na[1+],0.5347,0.00104200877001404,EC0001042
193.09609,trans-3-Hydroxycotinine,M+H[1+],0.9966,0.00106410476999486,EC000193
161.09499,trans-isomethyleugenol,M-H2O+H[1+],7.8768,0.00106615877001559,EC000171
353.01481,Transfluthrin,M-H2O+H[1+],0.9647,0.0031335332300273,EC0001043
365.10374,Trehalose,M+Na[1+],0.9283,0.00174801277000824,EC00092
381.07789,Trehalose,M+K[1+],0.7446,0.00109801276994403,EC00092
351.0676,Trehalose 6-phosphate,M-C3H4O2+H[1+],0.7635,0.00111842276999141,EC000826
423.08851,Trehalose 6-phosphate,M+H[1+],0.7764,0.0013084227700233,EC000826
203.10558,Tremetone,M+H[1+],7.7841,0.00109646677000796,EC0001044
203.10561,Tremetone,M+H[1+],7.8747,0.00106646676999844,EC0001044
221.1161,Tremetone,M+H2O+H[1+],7.8604,0.00117646677003336,EC0001044
145.04857,Triacetic acid,M+H[1+],1.364,0.000965466769997647,EC000577
186.22062,Tributylamine,M+H[1+],6.8348,0.00100646677000782,EC0001045
132.10106,Triethanolamine,M-H2O+H[1+],1.0714,0.000809817770004884,EC0001046
138.05389,Trigonelline,M+H[1+],0.8215,0.00106493977000355,EC00041
176.00979,Trigonelline,M+K[1+],0.8418,0.000664939769990269,EC00041
277.20578,Trimipramine,M-H2O+H[1+],7.481,0.000495308769984604,EC0001047
369.15351,Trp-Ala-Ala,M+Na[1+],8.7074,0.000127533229942856,EC000213
364.24449,Trp-Ala-Arg,M-HCOONa+H[1+],7.6102,0.00348946677002004,EC000224
364.24455,Trp-Ala-Arg,M-HCOONa+H[1+],7.536,0.003429466770001,EC000224
415.20939,Trp-Ala-Arg,M-NH3+H[1+],7.8221,0.000510533229999055,EC000224
415.20991,Trp-Ala-Arg,M-NH3+H[1+],7.5546,0.00103053322999358,EC000224
432.23655,Trp-Ala-Arg,M+H[1+],7.5532,0.00117053323003802,EC000224
454.21746,Trp-Ala-Arg,M+Na[1+],6.3382,8.05332300046757e-05,EC000225
387.16647,Trp-Ala-Glu,M-H2O+H[1+],6.8382,0.000207533230025092,EC000241
387.1686,Trp-Ala-Glu,M-H2O+H[1+],6.9283,0.00233753323004748,EC000241
427.15563,Trp-Ala-Glu,M+Na[1+],5.3059,0.00323246676998679,EC000242
389.21765,Trp-Ala-Ile,M+H[1+],8.8,0.000682466770001611,EC000253
389.21765,Trp-Ala-Leu,M+H[1+],8.8,0.000682466770001611,EC000253
404.22803,Trp-Ala-Lys,M+H[1+],4.3319,0.00120146676999866,EC000258
355.17637,Trp-Ala-Pro,M-H2O+H[1+],8.5379,6.24667699753445e-05,EC000264
359.17094,Trp-Ala-Thr,M-H2O+H[1+],8.7172,0.000407466770013798,EC000267
359.17096,Trp-Ala-Thr,M-H2O+H[1+],8.6636,0.00038746677000745,EC000267
357.19217,Trp-Ala-Val,M-H2O+H[1+],8.8111,8.75332299870024e-05,EC000268
397.18762,Trp-Ala-Val,M+Na[1+],6.2072,0.00293753322995371,EC000269
364.24449,Trp-Arg-Ala,M-HCOONa+H[1+],7.6102,0.00348946677002004,EC000224
364.24455,Trp-Arg-Ala,M-HCOONa+H[1+],7.536,0.003429466770001,EC000224
415.20939,Trp-Arg-Ala,M-NH3+H[1+],7.8221,0.000510533229999055,EC000224
415.20991,Trp-Arg-Ala,M-NH3+H[1+],7.5546,0.00103053322999358,EC000224
432.23655,Trp-Arg-Ala,M+H[1+],7.5532,0.00117053323003802,EC000224
454.21746,Trp-Arg-Ala,M+Na[1+],6.3382,8.05332300046757e-05,EC000225
457.23115,Trp-Arg-Asn,M-H2O+H[1+],10.3255,0.000556533229996603,EC000318
440.19733,Trp-Arg-Gly,M+Na[1+],8.5706,0.00439946676993941,EC000353
498.25728,Trp-Arg-His,M+H[1+],8.6767,0.000102533229949131,EC000357
474.28331,Trp-Arg-Ile,M+H[1+],7.5544,0.000980533229949287,EC000368
474.28331,Trp-Arg-Leu,M+H[1+],7.5544,0.000980533229949287,EC000368
471.27962,Trp-Arg-Lys,M-H2O+H[1+],6.0518,0.0030084667699839,EC000374
460.26765,Trp-Arg-Val,M+H[1+],7.5538,0.000970533229974535,EC000398
457.23115,Trp-Asn-Arg,M-H2O+H[1+],10.3255,0.000556533229996603,EC000318
414.21365,Trp-Asn-Ile,M-H2O+H[1+],7.0331,0.00010353323000345,EC000339
414.21365,Trp-Asn-Leu,M-H2O+H[1+],7.0331,0.00010353323000345,EC000339
433.20797,Trp-Asp-Ile,M+H[1+],9.3701,0.00019246677004503,EC000343
433.20813,Trp-Asp-Ile,M+H[1+],9.4959,3.24667700510872e-05,EC000343
433.20797,Trp-Asp-Leu,M+H[1+],9.3701,0.00019246677004503,EC000343
433.20813,Trp-Asp-Leu,M+H[1+],9.4959,3.24667700510872e-05,EC000343
451.16729,Trp-Asp-Met,M+H[1+],0.6691,0.00270553322997102,EC000436
439.15607,Trp-Asp-Pro,M+Na[1+],4.3486,0.00279246676996081,EC000438
427.15563,Trp-Cys-His,M-H2O+H[1+],5.3059,0.000977533229956862,EC000531
455.17367,Trp-Cys-Phe,M+H[1+],6.3364,0.00108446677000984,EC000540
496.22229,Trp-Gln-Tyr,M+H[1+],7.9552,0.00322853322995797,EC000655
414.21365,Trp-Gln-Val,M-H2O+H[1+],7.0331,0.00010353323000345,EC000339
387.16647,Trp-Glu-Ala,M-H2O+H[1+],6.8382,0.000207533230025092,EC000241
387.1686,Trp-Glu-Ala,M-H2O+H[1+],6.9283,0.00233753323004748,EC000241
427.15563,Trp-Glu-Ala,M+Na[1+],5.3059,0.00323246676998679,EC000242
519.18194,Trp-Glu-Tyr,M+Na[1+],4.8733,0.00313746676999926,EC000670
433.20797,Trp-Glu-Val,M+H[1+],9.3701,0.00019246677004503,EC000343
433.20813,Trp-Glu-Val,M+H[1+],9.4959,3.24667700510872e-05,EC000343
440.19733,Trp-Gly-Arg,M+Na[1+],8.5706,0.00439946676993941,EC000353
341.12353,Trp-Gly-Gly,M+Na[1+],6.1139,0.00144753322996394,EC000441
381.16357,Trp-Gly-His,M-H2O+H[1+],1.6023,0.00336046677000468,EC000679
357.19217,Trp-Gly-Ile,M-H2O+H[1+],8.8111,8.75332299870024e-05,EC000268
397.18762,Trp-Gly-Ile,M+Na[1+],6.2072,0.00293753322995371,EC000269
357.19217,Trp-Gly-Leu,M-H2O+H[1+],8.8111,8.75332299870024e-05,EC000268
397.18762,Trp-Gly-Leu,M+Na[1+],6.2072,0.00293753322995371,EC000269
409.18689,Trp-Gly-Phe,M+H[1+],9.0306,0.000142466770000738,EC000685
411.18288,Trp-Gly-Phe,M(Cl37)+H[1+],9.0337,0.00135246677001533,EC000685
411.18288,Trp-Gly-Phe,M(S34)+H[1+],9.0337,4.75332300311493e-05,EC000685
358.16353,Trp-Gly-Pro,M[1+],8.4665,0.000576000000023669,EC000688
359.17094,Trp-Gly-Pro,M+H[1+],8.7172,0.000442466770039118,EC000688
359.17096,Trp-Gly-Pro,M+H[1+],8.6636,0.00042246677003277,EC000688
425.18224,Trp-Gly-Tyr,M+H[1+],4.2567,0.000292533229981018,EC000653
498.25728,Trp-His-Arg,M+H[1+],8.6767,0.000102533229949131,EC000357
427.15563,Trp-His-Cys,M-H2O+H[1+],5.3059,0.000977533229956862,EC000531
381.16357,Trp-His-Gly,M-H2O+H[1+],1.6023,0.00336046677000468,EC000679
451.16729,Trp-His-Ser,M+Na[1+],0.6691,0.00280546677004168,EC000719
389.21765,Trp-Ile-Ala,M+H[1+],8.8,0.000682466770001611,EC000253
474.28331,Trp-Ile-Arg,M+H[1+],7.5544,0.000980533229949287,EC000368
414.21365,Trp-Ile-Asn,M-H2O+H[1+],7.0331,0.00010353323000345,EC000339
433.20797,Trp-Ile-Asp,M+H[1+],9.3701,0.00019246677004503,EC000343
433.20813,Trp-Ile-Asp,M+H[1+],9.4959,3.24667700510872e-05,EC000343
357.19217,Trp-Ile-Gly,M-H2O+H[1+],8.8111,8.75332299870024e-05,EC000268
397.18762,Trp-Ile-Gly,M+Na[1+],6.2072,0.00293753322995371,EC000269
428.2674,Trp-Ile-Lys,M-H2O+H[1+],4.927,0.00181853322999359,EC000740
431.20764,Trp-Ile-Met,M-H2O+H[1+],9.3715,0.00346446676996948,EC000744
397.22509,Trp-Ile-Pro,M-H2O+H[1+],6.2071,0.00170753323004647,EC000753
415.23099,Trp-Ile-Pro,M+H[1+],6.8321,0.00299246676996745,EC000754
387.20588,Trp-Ile-Ser,M-H2O+H[1+],8.8479,0.00323253323000472,EC000619
441.20792,Trp-Ile-Thr,M+Na[1+],6.5814,0.00297746677000532,EC000758
389.21765,Trp-Leu-Ala,M+H[1+],8.8,0.000682466770001611,EC000253
474.28331,Trp-Leu-Arg,M+H[1+],7.5544,0.000980533229949287,EC000368
414.21365,Trp-Leu-Asn,M-H2O+H[1+],7.0331,0.00010353323000345,EC000339
433.20797,Trp-Leu-Asp,M+H[1+],9.3701,0.00019246677004503,EC000343
433.20813,Trp-Leu-Asp,M+H[1+],9.4959,3.24667700510872e-05,EC000343
357.19217,Trp-Leu-Gly,M-H2O+H[1+],8.8111,8.75332299870024e-05,EC000268
397.18762,Trp-Leu-Gly,M+Na[1+],6.2072,0.00293753322995371,EC000269
428.2674,Trp-Leu-Lys,M-H2O+H[1+],4.927,0.00181853322999359,EC000740
431.20764,Trp-Leu-Met,M-H2O+H[1+],9.3715,0.00346446676996948,EC000744
397.22509,Trp-Leu-Pro,M-H2O+H[1+],6.2071,0.00170753323004647,EC000753
415.23099,Trp-Leu-Pro,M+H[1+],6.8321,0.00299246676996745,EC000754
387.20588,Trp-Leu-Ser,M-H2O+H[1+],8.8479,0.00323253323000472,EC000619
441.20792,Trp-Leu-Thr,M+Na[1+],6.5814,0.00297746677000532,EC000758
404.22803,Trp-Lys-Ala,M+H[1+],4.3319,0.00120146676999866,EC000258
471.27962,Trp-Lys-Arg,M-H2O+H[1+],6.0518,0.0030084667699839,EC000374
428.2674,Trp-Lys-Ile,M-H2O+H[1+],4.927,0.00181853322999359,EC000740
428.2674,Trp-Lys-Leu,M-H2O+H[1+],4.927,0.00181853322999359,EC000740
496.2592,Trp-Lys-Tyr,M+H[1+],9.7722,0.00375353322999672,EC000821
451.16729,Trp-Met-Asp,M+H[1+],0.6691,0.00270553322997102,EC000436
431.20764,Trp-Met-Ile,M-H2O+H[1+],9.3715,0.00346446676996948,EC000744
431.20764,Trp-Met-Leu,M-H2O+H[1+],9.3715,0.00346446676996948,EC000744
455.17367,Trp-Met-Pro,M+Na[1+],6.3364,0.00126553323002554,EC000835
455.17367,Trp-Phe-Cys,M+H[1+],6.3364,0.00108446677000984,EC000540
409.18689,Trp-Phe-Gly,M+H[1+],9.0306,0.000142466770000738,EC000685
411.18288,Trp-Phe-Gly,M(Cl37)+H[1+],9.0337,0.00135246677001533,EC000685
411.18288,Trp-Phe-Gly,M(S34)+H[1+],9.0337,4.75332300311493e-05,EC000685
481.22558,Trp-Phe-Phe,M-H2O+H[1+],5.1402,0.00219753323000305,EC000947
431.20764,Trp-Phe-Pro,M-H2O+H[1+],9.3715,9.24667699564452e-05,EC000744
355.17637,Trp-Pro-Ala,M-H2O+H[1+],8.5379,6.24667699753445e-05,EC000264
439.15607,Trp-Pro-Asp,M+Na[1+],4.3486,0.00279246676996081,EC000438
358.16353,Trp-Pro-Gly,M[1+],8.4665,0.000576000000023669,EC000688
359.17094,Trp-Pro-Gly,M+H[1+],8.7172,0.000442466770039118,EC000688
359.17096,Trp-Pro-Gly,M+H[1+],8.6636,0.00042246677003277,EC000688
397.22509,Trp-Pro-Ile,M-H2O+H[1+],6.2071,0.00170753323004647,EC000753
415.23099,Trp-Pro-Ile,M+H[1+],6.8321,0.00299246676996745,EC000754
397.22509,Trp-Pro-Leu,M-H2O+H[1+],6.2071,0.00170753323004647,EC000753
415.23099,Trp-Pro-Leu,M+H[1+],6.8321,0.00299246676996745,EC000754
455.17367,Trp-Pro-Met,M+Na[1+],6.3364,0.00126553323002554,EC000835
431.20764,Trp-Pro-Phe,M-H2O+H[1+],9.3715,9.24667699564452e-05,EC000744
385.18837,Trp-Pro-Thr,M-H2O+H[1+],5.7612,0.00137253323003961,EC000971
425.18224,Trp-Pro-Thr,M+Na[1+],4.2567,0.00264253322995955,EC000972
451.16729,Trp-Ser-His,M+Na[1+],0.6691,0.00280546677004168,EC000719
387.20588,Trp-Ser-Ile,M-H2O+H[1+],8.8479,0.00323253323000472,EC000619
387.20588,Trp-Ser-Leu,M-H2O+H[1+],8.8479,0.00323253323000472,EC000619
415.16243,Trp-Ser-Thr,M+Na[1+],5.6297,0.00356753323001158,EC000423
460.20096,Trp-Ser-Trp,M-H2O+H[1+],0.7853,0.0030635332300335,EC0001009
359.17094,Trp-Thr-Ala,M-H2O+H[1+],8.7172,0.000407466770013798,EC000267
359.17096,Trp-Thr-Ala,M-H2O+H[1+],8.6636,0.00038746677000745,EC000267
441.20792,Trp-Thr-Ile,M+Na[1+],6.5814,0.00297746677000532,EC000758
441.20792,Trp-Thr-Leu,M+Na[1+],6.5814,0.00297746677000532,EC000758
385.18837,Trp-Thr-Pro,M-H2O+H[1+],5.7612,0.00137253323003961,EC000971
425.18224,Trp-Thr-Pro,M+Na[1+],4.2567,0.00264253322995955,EC000972
415.16243,Trp-Thr-Ser,M+Na[1+],5.6297,0.00356753323001158,EC000423
456.20595,Trp-Thr-Trp,M-H4O2+H[1+],1.1357,0.00300353323001445,EC0001036
474.21636,Trp-Thr-Trp,M-H2O+H[1+],1.0477,0.00281353323003941,EC0001036
387.20588,Trp-Thr-Val,M-H2O+H[1+],8.8479,0.00323253323000472,EC000619
460.20096,Trp-Trp-Ser,M-H2O+H[1+],0.7853,0.0030635332300335,EC0001009
456.20595,Trp-Trp-Thr,M-H4O2+H[1+],1.1357,0.00300353323001445,EC0001036
474.21636,Trp-Trp-Thr,M-H2O+H[1+],1.0477,0.00281353323003941,EC0001036
496.22229,Trp-Tyr-Gln,M+H[1+],7.9552,0.00322853322995797,EC000655
519.18194,Trp-Tyr-Glu,M+Na[1+],4.8733,0.00313746676999926,EC000670
425.18224,Trp-Tyr-Gly,M+H[1+],4.2567,0.000292533229981018,EC000653
496.2592,Trp-Tyr-Lys,M+H[1+],9.7722,0.00375353322999672,EC000821
357.19217,Trp-Val-Ala,M-H2O+H[1+],8.8111,8.75332299870024e-05,EC000268
397.18762,Trp-Val-Ala,M+Na[1+],6.2072,0.00293753322995371,EC000269
460.26765,Trp-Val-Arg,M+H[1+],7.5538,0.000970533229974535,EC000398
414.21365,Trp-Val-Gln,M-H2O+H[1+],7.0331,0.00010353323000345,EC000339
433.20797,Trp-Val-Glu,M+H[1+],9.3701,0.00019246677004503,EC000343
433.20813,Trp-Val-Glu,M+H[1+],9.4959,3.24667700510872e-05,EC000343
387.20588,Trp-Val-Thr,M-H2O+H[1+],8.8479,0.00323253323000472,EC000619
403.23256,Trp-Val-Val,M+H[1+],8.7642,0.00142246677000912,EC000324
425.21302,Trp-Val-Val,M+Na[1+],8.7672,0.00296246677004319,EC000324
144.07976,Tryptamine,M-NH3+H[1+],3.6705,0.00106486077001477,EC000299
144.0798,Tryptamine,M-NH3+H[1+],2.3272,0.00102486077000208,EC000299
161.10633,Tryptamine,M+H[1+],2.324,0.000994860769992556,EC000299
162.10936,Tryptamine,M(C13)+H[1+],2.3314,0.00136486076999631,EC000299
144.07976,Tryptophanol,M-H2O+H[1+],3.6705,0.000980445770011329,EC00011
144.0798,Tryptophanol,M-H2O+H[1+],2.3272,0.000940445769998632,EC00011
343.1884,Tryptophyl-Arginine,M-H2O+H[1+],3.939,0.000734869230029744,EC000397
341.12353,Tryptophyl-Asparagine,M+Na[1+],6.1139,0.00144844923005394,EC000441
333.19469,Tryptophyl-Lysine,M+H[1+],7.0798,0.00257287922994465,EC000822
355.17637,Tryptophyl-Lysine,M+Na[1+],8.5379,0.0022528792300136,EC000823
302.14873,Tryptophyl-Proline,M+H[1+],4.5958,0.00118795577003539,EC000614
368.15758,Tryptophyl-Tyrosine,M+H[1+],8.7214,0.00290264176999244,EC000432
304.16443,Tryptophyl-Valine,M+H[1+],4.0944,0.00113801977005323,EC000401
391.20593,Tyr-Ala-Arg,M-H2O+H[1+],3.5639,0.00286546676994703,EC000226
398.16727,Tyr-Ala-Tyr,M-H2O+H[1+],7.0248,0.00374346677000403,EC000271
398.17202,Tyr-Ala-Tyr,M-H2O+H[1+],6.2033,0.00100653322999733,EC000272
352.19012,Tyr-Ala-Val,M+H[1+],8.9886,0.00342153322998229,EC000273
391.20593,Tyr-Arg-Ala,M-H2O+H[1+],3.5639,0.00286546676994703,EC000226
466.29051,Tyr-Arg-Arg,M-CO+H[1+],9.0331,0.00211753322997765,EC000310
476.27315,Tyr-Arg-Arg,M-H2O+H[1+],9.0755,0.000357533229987439,EC000310
476.27547,Tyr-Arg-Arg,M-H2O+H[1+],8.6776,0.00267753322998487,EC000311
476.27552,Tyr-Arg-Arg,M-H2O+H[1+],8.544,0.00272753322997232,EC000311
476.27553,Tyr-Arg-Arg,M-H2O+H[1+],9.7217,0.00273753323000392,EC000312
493.27957,Tyr-Arg-Arg,M[1+],4.9786,0.00345399999997653,EC000313
494.28148,Tyr-Arg-Arg,M+H[1+],4.9762,0.00191246677002255,EC000313
457.23115,Tyr-Arg-His,M-H2O+H[1+],10.3255,0.000556533229996603,EC000318
466.27689,Tyr-Arg-Lys,M+H[1+],9.2459,0.000354466770033923,EC000375
488.25578,Tyr-Arg-Lys,M+Na[1+],8.3575,0.00346446677002632,EC000376
435.23376,Tyr-Arg-Pro,M+H[1+],6.8234,0.00128546677001395,EC000388
425.21302,Tyr-Arg-Ser,M+H[1+],8.7672,0.00129046677005817,EC000393
426.21982,Tyr-Arg-Ser,M(C13)+H[1+],8.7684,0.00210953322999785,EC000393
425.1649,Tyr-Asn-Glu,M+H[1+],4.5277,0.0017924667700413,EC000410
425.18224,Tyr-Asn-Phe,M-H2O+H[1+],4.2567,0.000327533230006338,EC000421
415.16243,Tyr-Asn-Pro,M+Na[1+],5.6297,0.00356753323001158,EC000423
383.15436,Tyr-Asn-Ser,M+H[1+],5.7155,0.00176746676999073,EC000425
425.1649,Tyr-Asp-Gln,M+H[1+],4.5277,0.0017924667700413,EC000410
398.17202,Tyr-Cys-Ile,M+H[1+],6.2033,0.00240046677004102,EC000534
398.17202,Tyr-Cys-Leu,M+H[1+],6.2033,0.00240046677004102,EC000534
398.12173,Tyr-Cys-Met,M-H2O+H[1+],6.2087,0.00148753323003348,EC000539
425.1649,Tyr-Gln-Asp,M+H[1+],4.5277,0.0017924667700413,EC000410
438.23613,Tyr-Gln-Lys,M+H[1+],5.0022,0.00141853322998031,EC000652
496.22229,Tyr-Gln-Trp,M+H[1+],7.9552,0.00322853322995797,EC000655
425.1649,Tyr-Glu-Asn,M+H[1+],4.5277,0.0017924667700413,EC000410
519.18194,Tyr-Glu-Trp,M+Na[1+],4.8733,0.00313746676999926,EC000670
352.19012,Tyr-Gly-Ile,M+H[1+],8.9886,0.00342153322998229,EC000273
352.19012,Tyr-Gly-Leu,M+H[1+],8.9886,0.00342153322998229,EC000273
368.15758,Tyr-Gly-Phe,M-H2O+H[1+],8.7214,0.0028684667699963,EC000661
425.18224,Tyr-Gly-Trp,M+H[1+],4.2567,0.000292533229981018,EC000653
457.23115,Tyr-His-Arg,M-H2O+H[1+],10.3255,0.000556533229996603,EC000318
414.21365,Tyr-His-Ile,M-H2O+H[1+],7.0331,0.00010353323000345,EC000339
414.21365,Tyr-His-Leu,M-H2O+H[1+],7.0331,0.00010353323000345,EC000339
398.17202,Tyr-Ile-Cys,M+H[1+],6.2033,0.00240046677004102,EC000534
352.19012,Tyr-Ile-Gly,M+H[1+],8.9886,0.00342153322998229,EC000273
414.21365,Tyr-Ile-His,M-H2O+H[1+],7.0331,0.00010353323000345,EC000339
405.25041,Tyr-Ile-Lys,M-H2O+H[1+],10.5407,0.000812533229975543,EC000741
423.25784,Tyr-Ile-Lys,M+H[1+],6.2018,0.0023574667700359,EC000742
398.17202,Tyr-Leu-Cys,M+H[1+],6.2033,0.00240046677004102,EC000534
352.19012,Tyr-Leu-Gly,M+H[1+],8.9886,0.00342153322998229,EC000273
414.21365,Tyr-Leu-His,M-H2O+H[1+],7.0331,0.00010353323000345,EC000339
405.25041,Tyr-Leu-Lys,M-H2O+H[1+],10.5407,0.000812533229975543,EC000741
423.25784,Tyr-Leu-Lys,M+H[1+],6.2018,0.0023574667700359,EC000742
466.27689,Tyr-Lys-Arg,M+H[1+],9.2459,0.000354466770033923,EC000375
488.25578,Tyr-Lys-Arg,M+Na[1+],8.3575,0.00346446677002632,EC000376
438.23613,Tyr-Lys-Gln,M+H[1+],5.0022,0.00141853322998031,EC000652
405.25041,Tyr-Lys-Ile,M-H2O+H[1+],10.5407,0.000812533229975543,EC000741
423.25784,Tyr-Lys-Ile,M+H[1+],6.2018,0.0023574667700359,EC000742
405.25041,Tyr-Lys-Leu,M-H2O+H[1+],10.5407,0.000812533229975543,EC000741
423.25784,Tyr-Lys-Leu,M+H[1+],6.2018,0.0023574667700359,EC000742
389.21765,Tyr-Lys-Pro,M-H2O+H[1+],8.8,0.000647466770033134,EC000646
379.19512,Tyr-Lys-Ser,M-H2O+H[1+],4.5325,0.00244246677004867,EC000818
419.1873,Tyr-Lys-Ser,M+Na[1+],5.1987,0.00286246677006829,EC000819
433.20797,Tyr-Lys-Thr,M+Na[1+],9.3701,0.00215753322999035,EC000820
433.20813,Tyr-Lys-Thr,M+Na[1+],9.4959,0.00231753322998429,EC000820
496.2592,Tyr-Lys-Trp,M+H[1+],9.7722,0.00375353322999672,EC000821
398.12173,Tyr-Met-Cys,M-H2O+H[1+],6.2087,0.00148753323003348,EC000539
425.18224,Tyr-Phe-Asn,M-H2O+H[1+],4.2567,0.000327533230006338,EC000421
368.15758,Tyr-Phe-Gly,M-H2O+H[1+],8.7214,0.0028684667699963,EC000661
398.16727,Tyr-Phe-Ser,M-H2O+H[1+],7.0248,0.00374346677000403,EC000271
398.17202,Tyr-Phe-Ser,M-H2O+H[1+],6.2033,0.00100653322999733,EC000272
233.12734,Tyr-Pro,M-HCOOH+H[1+],2.559,0.00119354076997524,EC000894
279.13372,Tyr-Pro,M+H[1+],1.7687,0.000213540770005238,EC000894
435.23376,Tyr-Pro-Arg,M+H[1+],6.8234,0.00128546677001395,EC000388
415.16243,Tyr-Pro-Asn,M+Na[1+],5.6297,0.00356753323001158,EC000423
389.21765,Tyr-Pro-Lys,M-H2O+H[1+],8.8,0.000647466770033134,EC000646
398.16727,Tyr-Pro-Pro,M+Na[1+],7.0248,0.00142846677005082,EC000406
398.17202,Tyr-Pro-Pro,M+Na[1+],6.2033,0.00332153322995055,EC000317
223.10685,Tyr-Ser,M-HCOOH+H[1+],2.094,0.000948098769981698,EC0001010
225.12215,Tyr-Ser,M-CO2+H[1+],3.2702,0.00124809876999166,EC0001010
225.12228,Tyr-Ser,M-CO2+H[1+],3.9722,0.00111809877000724,EC0001010
269.11198,Tyr-Ser,M+H[1+],3.9531,0.00121809876998213,EC0001010
425.21302,Tyr-Ser-Arg,M+H[1+],8.7672,0.00129046677005817,EC000393
426.21982,Tyr-Ser-Arg,M(C13)+H[1+],8.7684,0.00210953322999785,EC000393
383.15436,Tyr-Ser-Asn,M+H[1+],5.7155,0.00176746676999073,EC000425
379.19512,Tyr-Ser-Lys,M-H2O+H[1+],4.5325,0.00244246677004867,EC000818
419.1873,Tyr-Ser-Lys,M+Na[1+],5.1987,0.00286246677006829,EC000819
398.16727,Tyr-Ser-Phe,M-H2O+H[1+],7.0248,0.00374346677000403,EC000271
398.17202,Tyr-Ser-Phe,M-H2O+H[1+],6.2033,0.00100653322999733,EC000272
433.20797,Tyr-Thr-Lys,M+Na[1+],9.3701,0.00215753322999035,EC000820
433.20813,Tyr-Thr-Lys,M+Na[1+],9.4959,0.00231753322998429,EC000820
368.15758,Tyr-Trp,M+H[1+],8.7214,0.00290264176999244,EC000432
496.22229,Tyr-Trp-Gln,M+H[1+],7.9552,0.00322853322995797,EC000655
519.18194,Tyr-Trp-Glu,M+Na[1+],4.8733,0.00313746676999926,EC000670
425.18224,Tyr-Trp-Gly,M+H[1+],4.2567,0.000292533229981018,EC000653
496.2592,Tyr-Trp-Lys,M+H[1+],9.7722,0.00375353322999672,EC000821
398.16727,Tyr-Tyr-Ala,M-H2O+H[1+],7.0248,0.00374346677000403,EC000271
398.17202,Tyr-Tyr-Ala,M-H2O+H[1+],6.2033,0.00100653322999733,EC000272
263.1377,Tyr-Val,M-H2O+H[1+],4.3272,0.00128360476998068,EC0001048
352.19012,Tyr-Val-Ala,M+H[1+],8.9886,0.00342153322998229,EC000273
120.07984,Tyramine,M-H2O+H[1+],1.5093,0.000900445770000147,EC00059
160.07471,Tyramine,M+Na[1+],1.2777,0.00136955422999563,EC00059
218.07769,Tyrosine methylester,M+Na[1+],5.5198,0.0011297537700159,EC000556
181.09598,Tyrosyl-Alanine,M-C3H4O2+H[1+],4.7587,0.00120347677000154,EC000270
217.09617,Tyrosyl-Alanine,M-H4O2+H[1+],3.2183,0.000913476770023181,EC000270
217.09659,Tyrosyl-Alanine,M-H4O2+H[1+],4.1798,0.000493476770031975,EC000270
225.12215,Tyrosyl-Alanine,M-CO+H[1+],3.2702,0.00113347677000775,EC000270
225.12228,Tyrosyl-Alanine,M-CO+H[1+],3.9722,0.00100347677002333,EC000270
253.11729,Tyrosyl-Alanine,M+H[1+],1.9539,0.000993476770020152,EC000270
167.08058,Tyrosyl-Glycine,M-C3H4O2+H[1+],4.0328,0.000953405770019344,EC000615
193.09609,Tyrosyl-Glycine,M-HCOOH+H[1+],0.9966,0.00114340576999439,EC000615
211.10664,Tyrosyl-Glycine,M-CO+H[1+],2.0433,0.000993405770003619,EC000615
211.10667,Tyrosyl-Glycine,M-CO+H[1+],2.7578,0.000963405769994097,EC000615
221.09028,Tyrosyl-Glycine,M-H2O+H[1+],1.6403,0.00175340576998906,EC000615
221.09072,Tyrosyl-Glycine,M-H2O+H[1+],1.1952,0.0013134057699915,EC000615
222.0747,Tyrosyl-Glycine,M-NH3+H[1+],1.8833,0.00143340577000117,EC000615
222.07478,Tyrosyl-Glycine,M-NH3+H[1+],3.7713,0.0013534057700042,EC000615
222.07496,Tyrosyl-Glycine,M-NH3+H[1+],4.4479,0.00117340577000391,EC000615
341.12353,Tyrosyl-Histidine,M+Na[1+],6.1139,0.00144844923005394,EC000441
295.16371,Tyrosyl-Isoleucine,M+H[1+],3.5851,0.00152366877000532,EC000774
295.16371,Tyrosyl-Leucine,M+H[1+],3.5851,0.00152366877000532,EC000774
573.09839,"UDP-2-acetamido-4-amino-2,4,6-trideoxy-alpha-glucose",M-H2O+H[1+],7.7344,0.000925466770013372,EC0001049
113.03369,Uracil,M+H[1+],0.9005,0.000863848769981246,EC00084
113.03369,Ureidoacrylic acid,M-H2O+H[1+],0.9005,0.000786466769994831,EC0001050
169.05972,Ureidoisobutyric acid,M+Na[1+],5.3335,0.00130133722998949,EC000278
245.07873,Uridine,M+H[1+],6.756,0.00191740722999612,EC00094
243.13278,Val-Ala-Ala,M-NH3+H[1+],1.6699,0.00120346677002203,EC000214
260.15902,Val-Ala-Ala,M+H[1+],1.5209,0.00146346677001929,EC000214
367.20892,Val-Ala-Arg,M+Na[1+],6.2712,0.00243953322996049,EC000227
367.20956,Val-Ala-Arg,M+Na[1+],6.0373,0.0030795332299931,EC000228
274.12354,Val-Ala-Cys,M-H2O+H[1+],0.9536,0.00158453323001595,EC000212
339.1616,Val-Ala-Gln,M+Na[1+],9.621,0.00234746676994746,EC000229
246.14305,Val-Ala-Gly,M+H[1+],1.4277,0.00178346677000718,EC000244
302.20577,Val-Ala-Ile,M+H[1+],4.8791,0.00166346677002593,EC000254
302.20596,Val-Ala-Ile,M+H[1+],4.814,0.00147346676999405,EC000254
302.20615,Val-Ala-Ile,M+H[1+],4.1172,0.001283466770019,EC000255
302.20577,Val-Ala-Leu,M+H[1+],4.8791,0.00166346677002593,EC000254
302.20596,Val-Ala-Leu,M+H[1+],4.814,0.00147346676999405,EC000254
302.20615,Val-Ala-Leu,M+H[1+],4.1172,0.001283466770019,EC000255
339.2013,Val-Ala-Lys,M+Na[1+],4.9846,0.000967533230038953,EC000259
286.17477,Val-Ala-Pro,M+H[1+],4.1011,0.00136346676998755,EC000265
357.19217,Val-Ala-Trp,M-H2O+H[1+],8.8111,8.75332299870024e-05,EC000268
397.18762,Val-Ala-Trp,M+Na[1+],6.2072,0.00293753322995371,EC000269
352.19012,Val-Ala-Tyr,M+H[1+],8.9886,0.00342153322998229,EC000273
288.19049,Val-Ala-Val,M+H[1+],4.0805,0.00129346676999376,EC000274
367.20892,Val-Arg-Ala,M+Na[1+],6.2712,0.00243953322996049,EC000227
367.20956,Val-Arg-Ala,M+Na[1+],6.0373,0.0030795332299931,EC000228
389.21765,Val-Arg-Asp,M+H[1+],8.8,0.00333953322996194,EC000253
403.23256,Val-Arg-Glu,M+H[1+],8.7642,0.00259953322995443,EC000324
425.21302,Val-Arg-Glu,M+Na[1+],8.7672,0.00105953322992036,EC000324
393.23867,Val-Arg-His,M-H2O+H[1+],9.2703,0.00299153322998791,EC000358
393.23871,Val-Arg-His,M-H2O+H[1+],10.6801,0.0030315332300006,EC000359
393.23881,Val-Arg-His,M-H2O+H[1+],9.1966,0.0031315332299755,EC000358
433.23109,Val-Arg-His,M+Na[1+],10.6764,0.00281153322998762,EC000359
369.26136,Val-Arg-Ile,M-H2O+H[1+],6.6192,0.000529533230007928,EC000369
387.27484,Val-Arg-Ile,M+H[1+],10.0296,0.00340953322995574,EC000370
388.27294,Val-Arg-Ile,M(C13)+H[1+],10.0249,0.00189046677002125,EC000370
409.25443,Val-Arg-Ile,M+Na[1+],7.595,0.000999533229958161,EC000371
369.26136,Val-Arg-Leu,M-H2O+H[1+],6.6192,0.000529533230007928,EC000369
387.27484,Val-Arg-Leu,M+H[1+],10.0296,0.00340953322995574,EC000370
388.27294,Val-Arg-Leu,M(C13)+H[1+],10.0249,0.00189046677002125,EC000370
409.25443,Val-Arg-Leu,M+Na[1+],7.595,0.000999533229958161,EC000371
427.20575,Val-Arg-Met,M+Na[1+],3.9472,0.00410246677000714,EC000378
403.24889,Val-Arg-Phe,M-H2O+H[1+],10.5425,0.00370953322999412,EC000381
353.22838,Val-Arg-Pro,M-H2O+H[1+],6.8321,0.00115046676995689,EC000389
353.22866,Val-Arg-Pro,M-H2O+H[1+],7.1081,0.000870466769981704,EC000390
371.23918,Val-Arg-Pro,M+H[1+],9.6753,0.000950466770007097,EC000391
383.20094,Val-Arg-Ser,M+Na[1+],0.6216,0.000455466770006296,EC000394
383.20267,Val-Arg-Ser,M+Na[1+],8.3496,0.00127453323000282,EC000395
357.2238,Val-Arg-Thr,M-H2O+H[1+],9.073,0.000645466770038183,EC000364
375.23143,Val-Arg-Thr,M+H[1+],9.7957,0.00361546677004299,EC000365
397.21661,Val-Arg-Thr,M+Na[1+],0.6407,0.000435466770056792,EC000366
460.26765,Val-Arg-Trp,M+H[1+],7.5538,0.000970533229974535,EC000398
345.16426,Val-Asn-Asn,M[1+],2.1802,0.00057499999996935,EC000236
368.15171,Val-Asn-Asn,M+Na[1+],2.3287,0.0024014667700385,EC000236
368.15758,Val-Asn-Asn,M+Na[1+],8.7214,0.00346853322997731,EC000237
383.15017,Val-Asn-Glu,M+Na[1+],6.613,0.0036074667699495,EC000404
383.15436,Val-Asn-Glu,M+Na[1+],5.7155,0.000582533230044646,EC000405
327.19991,Val-Asn-Ile,M-H2O+H[1+],4.7899,0.00273746676998599,EC000418
327.19991,Val-Asn-Leu,M-H2O+H[1+],4.7899,0.00273746676998599,EC000418
382.20266,Val-Asn-Lys,M+Na[1+],9.474,0.00348646676997078,EC000419
379.19512,Val-Asn-Phe,M+H[1+],4.5325,0.00247746677001714,EC000422
417.15054,Val-Asn-Phe,M+K[1+],4.335,0.00255746676998569,EC000422
417.15068,Val-Asn-Phe,M+K[1+],4.1721,0.00241746676994126,EC000422
463.15557,Val-Asn-Phe,M+HCOOK[1+],4.1215,0.00332746676997431,EC000422
333.17966,Val-Asn-Thr,M+H[1+],7.1607,0.00279753323002296,EC000232
355.15655,Val-Asn-Thr,M+Na[1+],8.2902,0.00231246676997898,EC000233
389.21765,Val-Asp-Arg,M+H[1+],8.8,0.00333953322996194,EC000253
383.15017,Val-Asp-Gln,M+Na[1+],6.613,0.0036074667699495,EC000404
383.15436,Val-Asp-Gln,M+Na[1+],5.7155,0.000582533230044646,EC000405
328.18692,Val-Asp-Ile,M-H2O+H[1+],7.2246,0.000256533230015066,EC000435
329.17096,Val-Asp-Ile,M-NH3+H[1+],7.0883,0.000196533229996021,EC000435
328.18692,Val-Asp-Leu,M-H2O+H[1+],7.2246,0.000256533230015066,EC000435
329.17096,Val-Asp-Leu,M-NH3+H[1+],7.0883,0.000196533229996021,EC000435
286.17477,Val-Asp-Val,M-HCOOH+H[1+],4.1011,0.0014434667699561,EC000240
288.19049,Val-Asp-Val,M-CO2+H[1+],4.0805,0.00132346676997486,EC000240
314.17365,Val-Asp-Val,M-H2O+H[1+],4.1858,0.00263653323003155,EC000240
274.12354,Val-Cys-Ala,M-H2O+H[1+],0.9536,0.00158453323001595,EC000212
367.15743,Val-Cys-Phe,M[1+],8.7154,0.000850999999954638,EC000260
368.16514,Val-Cys-Phe,M+H[1+],8.9529,0.00128453322997757,EC000260
368.16518,Val-Cys-Phe,M+H[1+],8.9905,0.00132453322999027,EC000260
339.1616,Val-Gln-Ala,M+Na[1+],9.621,0.00234746676994746,EC000229
383.15017,Val-Gln-Asp,M+Na[1+],6.613,0.0036074667699495,EC000404
383.15436,Val-Gln-Asp,M+Na[1+],5.7155,0.000582533230044646,EC000405
365.19029,Val-Gln-His,M-H2O+H[1+],1.2217,0.00285546676997228,EC000411
365.19216,Val-Gln-His,M-H2O+H[1+],6.296,0.000985466769975574,EC000412
383.20094,Val-Gln-His,M+H[1+],0.6216,0.00280546676998483,EC000413
383.20267,Val-Gln-His,M+H[1+],8.3496,0.00107546676997572,EC000414
359.22727,Val-Gln-Ile,M+H[1+],4.8674,0.00162746677005998,EC000416
359.23186,Val-Gln-Ile,M+H[1+],6.0591,0.00296253322994744,EC000417
359.23191,Val-Gln-Ile,M+H[1+],6.1118,0.00301253322999173,EC000417
397.18762,Val-Gln-Ile,M+K[1+],6.2072,0.00322253322991628,EC000417
359.22727,Val-Gln-Leu,M+H[1+],4.8674,0.00162746677005998,EC000416
359.23186,Val-Gln-Leu,M+H[1+],6.0591,0.00296253322994744,EC000417
359.23191,Val-Gln-Leu,M+H[1+],6.1118,0.00301253322999173,EC000417
397.18762,Val-Gln-Leu,M+K[1+],6.2072,0.00322253322991628,EC000417
333.17966,Val-Gln-Ser,M+H[1+],7.1607,0.00279753323002296,EC000232
355.15655,Val-Gln-Ser,M+Na[1+],8.2902,0.00231246676997898,EC000233
414.21365,Val-Gln-Trp,M-H2O+H[1+],7.0331,0.00010353323000345,EC000339
327.19991,Val-Gln-Val,M-H2O+H[1+],4.7899,0.00273746676998599,EC000418
403.23256,Val-Glu-Arg,M+H[1+],8.7642,0.00259953322995443,EC000324
425.21302,Val-Glu-Arg,M+Na[1+],8.7672,0.00105953322992036,EC000324
383.15017,Val-Glu-Asn,M+Na[1+],6.613,0.0036074667699495,EC000404
383.15436,Val-Glu-Asn,M+Na[1+],5.7155,0.000582533230044646,EC000405
358.16353,Val-Glu-Glu,M-H2O+H[1+],8.4665,0.00268653322996215,EC000430
288.19049,Val-Glu-Ile,M-C3H4O2+H[1+],4.0805,0.0013234667700317,EC000433
332.2165,Val-Glu-Ile,M-CO+H[1+],4.0862,0.00141346677003185,EC000433
343.1884,Val-Glu-Ile,M-NH3+H[1+],3.939,0.00198653322996734,EC000433
360.21139,Val-Glu-Ile,M+H[1+],4.0278,0.00152346677003834,EC000433
288.19049,Val-Glu-Leu,M-C3H4O2+H[1+],4.0805,0.0013234667700317,EC000433
332.2165,Val-Glu-Leu,M-CO+H[1+],4.0862,0.00141346677003185,EC000433
343.1884,Val-Glu-Leu,M-NH3+H[1+],3.939,0.00198653322996734,EC000433
360.21139,Val-Glu-Leu,M+H[1+],4.0278,0.00152346677003834,EC000433
344.1803,Val-Glu-Pro,M+H[1+],4.2046,0.0013134667700001,EC000434
344.18247,Val-Glu-Pro,M+H[1+],4.0076,0.000856533230034984,EC000434
344.18433,Val-Glu-Pro,M+H[1+],4.5858,0.0027165332300001,EC000434
433.20797,Val-Glu-Trp,M+H[1+],9.3701,0.00019246677004503,EC000343
433.20813,Val-Glu-Trp,M+H[1+],9.4959,3.24667700510872e-05,EC000343
328.18692,Val-Glu-Val,M-H2O+H[1+],7.2246,0.000256533230015066,EC000435
329.17096,Val-Glu-Val,M-NH3+H[1+],7.0883,0.000196533229996021,EC000435
246.14305,Val-Gly-Ala,M+H[1+],1.4277,0.00178346677000718,EC000244
276.14268,Val-Gly-His,M-H4O2+H[1+],1.1526,0.00275146677000748,EC000680
294.1534,Val-Gly-His,M-H2O+H[1+],1.1566,0.00263146677002624,EC000680
288.19049,Val-Gly-Ile,M+H[1+],4.0805,0.00129346676999376,EC000274
288.19049,Val-Gly-Leu,M+H[1+],4.0805,0.00129346676999376,EC000274
304.16443,Val-Gly-Phe,M-H2O+H[1+],4.0944,0.00110346677001871,EC000686
230.18485,Val-Gly-Val,M-CO2+H[1+],1.0173,0.00148346676999722,EC000211
296.15855,Val-Gly-Val,M+Na[1+],1.1489,0.000416533230009009,EC000211
393.23867,Val-His-Arg,M-H2O+H[1+],9.2703,0.00299153322998791,EC000358
393.23871,Val-His-Arg,M-H2O+H[1+],10.6801,0.0030315332300006,EC000359
393.23881,Val-His-Arg,M-H2O+H[1+],9.1966,0.0031315332299755,EC000358
433.23109,Val-His-Arg,M+Na[1+],10.6764,0.00281153322998762,EC000359
365.19029,Val-His-Gln,M-H2O+H[1+],1.2217,0.00285546676997228,EC000411
365.19216,Val-His-Gln,M-H2O+H[1+],6.296,0.000985466769975574,EC000412
383.20094,Val-His-Gln,M+H[1+],0.6216,0.00280546676998483,EC000413
383.20267,Val-His-Gln,M+H[1+],8.3496,0.00107546676997572,EC000414
276.14268,Val-His-Gly,M-H4O2+H[1+],1.1526,0.00275146677000748,EC000680
294.1534,Val-His-Gly,M-H2O+H[1+],1.1566,0.00263146677002624,EC000680
332.2071,Val-His-Ile,M-H4O2+H[1+],7.1072,0.00093146676994138,EC000706
350.21774,Val-His-Ile,M-H2O+H[1+],6.9039,0.000891466769985527,EC000706
369.2354,Val-His-Ile,M(C13)+H[1+],7.0984,0.00276853323003934,EC000706
332.2071,Val-His-Leu,M-H4O2+H[1+],7.1072,0.00093146676994138,EC000706
350.21774,Val-His-Leu,M-H2O+H[1+],6.9039,0.000891466769985527,EC000706
369.2354,Val-His-Leu,M(C13)+H[1+],7.0984,0.00276853323003934,EC000706
311.21979,Val-His-Lys,M-C3H4O2+H[1+],7.3482,0.000759533229995668,EC000713
311.22017,Val-His-Lys,M-C3H4O2+H[1+],6.8628,0.0011395332300026,EC000713
311.22019,Val-His-Lys,M-C3H4O2+H[1+],6.9492,0.00115953323000895,EC000713
315.25185,Val-His-Lys,M-HCOONa+H[1+],7.8792,0.0008804667700133,EC000714
337.23331,Val-His-Lys,M-HCOOH+H[1+],7.866,0.00142046676995733,EC000714
337.23672,Val-His-Lys,M-HCOOH+H[1+],7.7226,0.0019895332300166,EC000714
339.24907,Val-His-Lys,M-CO2+H[1+],8.0018,0.00126046676996339,EC000714
339.24939,Val-His-Lys,M-CO2+H[1+],8.1721,0.000940466769975501,EC000714
339.25179,Val-His-Lys,M-CO2+H[1+],7.7499,0.00145953323004733,EC000714
365.22851,Val-His-Lys,M-H2O+H[1+],7.9797,0.00102046676994405,EC000714
365.22855,Val-His-Lys,M-H2O+H[1+],8.0528,0.000980466769988197,EC000714
365.22879,Val-His-Lys,M-H2O+H[1+],7.2294,0.000740466769968862,EC000713
383.24218,Val-His-Lys,M+H[1+],7.0924,0.00204953323003565,EC000713
383.24292,Val-His-Lys,M+H[1+],9.214,0.00278953323004316,EC000715
383.24298,Val-His-Lys,M+H[1+],9.2538,0.00284953323000536,EC000715
376.19837,Val-His-Val,M+Na[1+],7.0361,0.00278853322998884,EC000720
302.20577,Val-Ile-Ala,M+H[1+],4.8791,0.00166346677002593,EC000254
302.20596,Val-Ile-Ala,M+H[1+],4.814,0.00147346676999405,EC000254
302.20615,Val-Ile-Ala,M+H[1+],4.1172,0.001283466770019,EC000255
369.26136,Val-Ile-Arg,M-H2O+H[1+],6.6192,0.000529533230007928,EC000369
387.27484,Val-Ile-Arg,M+H[1+],10.0296,0.00340953322995574,EC000370
388.27294,Val-Ile-Arg,M(C13)+H[1+],10.0249,0.00189046677002125,EC000370
409.25443,Val-Ile-Arg,M+Na[1+],7.595,0.000999533229958161,EC000371
327.19991,Val-Ile-Asn,M-H2O+H[1+],4.7899,0.00273746676998599,EC000418
328.18692,Val-Ile-Asp,M-H2O+H[1+],7.2246,0.000256533230015066,EC000435
329.17096,Val-Ile-Asp,M-NH3+H[1+],7.0883,0.000196533229996021,EC000435
359.22727,Val-Ile-Gln,M+H[1+],4.8674,0.00162746677005998,EC000416
359.23186,Val-Ile-Gln,M+H[1+],6.0591,0.00296253322994744,EC000417
359.23191,Val-Ile-Gln,M+H[1+],6.1118,0.00301253322999173,EC000417
397.18762,Val-Ile-Gln,M+K[1+],6.2072,0.00322253322991628,EC000417
288.19049,Val-Ile-Glu,M-C3H4O2+H[1+],4.0805,0.0013234667700317,EC000433
332.2165,Val-Ile-Glu,M-CO+H[1+],4.0862,0.00141346677003185,EC000433
343.1884,Val-Ile-Glu,M-NH3+H[1+],3.939,0.00198653322996734,EC000433
360.21139,Val-Ile-Glu,M+H[1+],4.0278,0.00152346677003834,EC000433
288.19049,Val-Ile-Gly,M+H[1+],4.0805,0.00129346676999376,EC000274
332.2071,Val-Ile-His,M-H4O2+H[1+],7.1072,0.00093146676994138,EC000706
350.21774,Val-Ile-His,M-H2O+H[1+],6.9039,0.000891466769985527,EC000706
369.2354,Val-Ile-His,M(C13)+H[1+],7.0984,0.00276853323003934,EC000706
344.25264,Val-Ile-Ile,M+H[1+],5.1066,0.00174346677005133,EC000735
344.25454,Val-Ile-Ile,M+H[1+],8.8123,0.000156533229983324,EC000736
344.25264,Val-Ile-Leu,M+H[1+],5.1066,0.00174346677005133,EC000735
344.25454,Val-Ile-Leu,M+H[1+],8.8123,0.000156533229983324,EC000736
341.25421,Val-Ile-Lys,M-H2O+H[1+],6.1074,0.000472466770020219,EC000743
384.19185,Val-Ile-Met,M+Na[1+],9.2729,0.000955466769994473,EC000745
378.23689,Val-Ile-Phe,M+H[1+],5.2771,0.00184346676996938,EC000746
328.22189,Val-Ile-Pro,M+H[1+],4.3951,0.00119346677001886,EC000755
350.20726,Val-Ile-Pro,M+Na[1+],7.3157,0.00217653322999922,EC000483
318.20109,Val-Ile-Ser,M+H[1+],4.026,0.00125846676996844,EC000756
340.18419,Val-Ile-Ser,M+Na[1+],9.9444,0.000158466769960341,EC000757
332.2165,Val-Ile-Thr,M+H[1+],4.0862,0.00149846676998777,EC000731
332.21815,Val-Ile-Thr,M+H[1+],7.5378,0.000151533229995948,EC000732
332.21816,Val-Ile-Thr,M+H[1+],7.6569,0.000161533230027544,EC000732
350.2287,Val-Ile-Thr,M+H2O+H[1+],7.6064,0.000101533230008499,EC000732
350.22877,Val-Ile-Thr,M+H2O+H[1+],7.3709,0.000171533230002296,EC000732
350.22882,Val-Ile-Thr,M+H2O+H[1+],7.8421,0.000221533229989745,EC000732
330.23725,Val-Ile-Val,M+H[1+],4.7337,0.0014834667699688,EC000759
352.22346,Val-Ile-Val,M+Na[1+],8.2116,0.00272653323003169,EC000760
302.20577,Val-Leu-Ala,M+H[1+],4.8791,0.00166346677002593,EC000254
302.20596,Val-Leu-Ala,M+H[1+],4.814,0.00147346676999405,EC000254
302.20615,Val-Leu-Ala,M+H[1+],4.1172,0.001283466770019,EC000255
369.26136,Val-Leu-Arg,M-H2O+H[1+],6.6192,0.000529533230007928,EC000369
387.27484,Val-Leu-Arg,M+H[1+],10.0296,0.00340953322995574,EC000370
388.27294,Val-Leu-Arg,M(C13)+H[1+],10.0249,0.00189046677002125,EC000370
409.25443,Val-Leu-Arg,M+Na[1+],7.595,0.000999533229958161,EC000371
327.19991,Val-Leu-Asn,M-H2O+H[1+],4.7899,0.00273746676998599,EC000418
328.18692,Val-Leu-Asp,M-H2O+H[1+],7.2246,0.000256533230015066,EC000435
329.17096,Val-Leu-Asp,M-NH3+H[1+],7.0883,0.000196533229996021,EC000435
359.22727,Val-Leu-Gln,M+H[1+],4.8674,0.00162746677005998,EC000416
359.23186,Val-Leu-Gln,M+H[1+],6.0591,0.00296253322994744,EC000417
359.23191,Val-Leu-Gln,M+H[1+],6.1118,0.00301253322999173,EC000417
397.18762,Val-Leu-Gln,M+K[1+],6.2072,0.00322253322991628,EC000417
288.19049,Val-Leu-Glu,M-C3H4O2+H[1+],4.0805,0.0013234667700317,EC000433
332.2165,Val-Leu-Glu,M-CO+H[1+],4.0862,0.00141346677003185,EC000433
343.1884,Val-Leu-Glu,M-NH3+H[1+],3.939,0.00198653322996734,EC000433
360.21139,Val-Leu-Glu,M+H[1+],4.0278,0.00152346677003834,EC000433
288.19049,Val-Leu-Gly,M+H[1+],4.0805,0.00129346676999376,EC000274
332.2071,Val-Leu-His,M-H4O2+H[1+],7.1072,0.00093146676994138,EC000706
350.21774,Val-Leu-His,M-H2O+H[1+],6.9039,0.000891466769985527,EC000706
369.2354,Val-Leu-His,M(C13)+H[1+],7.0984,0.00276853323003934,EC000706
344.25264,Val-Leu-Ile,M+H[1+],5.1066,0.00174346677005133,EC000735
344.25454,Val-Leu-Ile,M+H[1+],8.8123,0.000156533229983324,EC000736
344.25264,Val-Leu-Leu,M+H[1+],5.1066,0.00174346677005133,EC000735
344.25454,Val-Leu-Leu,M+H[1+],8.8123,0.000156533229983324,EC000736
341.25421,Val-Leu-Lys,M-H2O+H[1+],6.1074,0.000472466770020219,EC000743
384.19185,Val-Leu-Met,M+Na[1+],9.2729,0.000955466769994473,EC000745
378.23689,Val-Leu-Phe,M+H[1+],5.2771,0.00184346676996938,EC000746
328.22189,Val-Leu-Pro,M+H[1+],4.3951,0.00119346677001886,EC000755
350.20726,Val-Leu-Pro,M+Na[1+],7.3157,0.00217653322999922,EC000483
318.20109,Val-Leu-Ser,M+H[1+],4.026,0.00125846676996844,EC000756
340.18419,Val-Leu-Ser,M+Na[1+],9.9444,0.000158466769960341,EC000757
332.2165,Val-Leu-Thr,M+H[1+],4.0862,0.00149846676998777,EC000731
332.21815,Val-Leu-Thr,M+H[1+],7.5378,0.000151533229995948,EC000732
332.21816,Val-Leu-Thr,M+H[1+],7.6569,0.000161533230027544,EC000732
350.2287,Val-Leu-Thr,M+H2O+H[1+],7.6064,0.000101533230008499,EC000732
350.22877,Val-Leu-Thr,M+H2O+H[1+],7.3709,0.000171533230002296,EC000732
350.22882,Val-Leu-Thr,M+H2O+H[1+],7.8421,0.000221533229989745,EC000732
330.23725,Val-Leu-Val,M+H[1+],4.7337,0.0014834667699688,EC000759
352.22346,Val-Leu-Val,M+Na[1+],8.2116,0.00272653323003169,EC000760
339.2013,Val-Lys-Ala,M+Na[1+],4.9846,0.000967533230038953,EC000259
382.20266,Val-Lys-Asn,M+Na[1+],9.474,0.00348646676997078,EC000419
311.21979,Val-Lys-His,M-C3H4O2+H[1+],7.3482,0.000759533229995668,EC000713
311.22017,Val-Lys-His,M-C3H4O2+H[1+],6.8628,0.0011395332300026,EC000713
311.22019,Val-Lys-His,M-C3H4O2+H[1+],6.9492,0.00115953323000895,EC000713
315.25185,Val-Lys-His,M-HCOONa+H[1+],7.8792,0.0008804667700133,EC000714
337.23331,Val-Lys-His,M-HCOOH+H[1+],7.866,0.00142046676995733,EC000714
337.23672,Val-Lys-His,M-HCOOH+H[1+],7.7226,0.0019895332300166,EC000714
339.24907,Val-Lys-His,M-CO2+H[1+],8.0018,0.00126046676996339,EC000714
339.24939,Val-Lys-His,M-CO2+H[1+],8.1721,0.000940466769975501,EC000714
339.25179,Val-Lys-His,M-CO2+H[1+],7.7499,0.00145953323004733,EC000714
365.22851,Val-Lys-His,M-H2O+H[1+],7.9797,0.00102046676994405,EC000714
365.22855,Val-Lys-His,M-H2O+H[1+],8.0528,0.000980466769988197,EC000714
365.22879,Val-Lys-His,M-H2O+H[1+],7.2294,0.000740466769968862,EC000713
383.24218,Val-Lys-His,M+H[1+],7.0924,0.00204953323003565,EC000713
383.24292,Val-Lys-His,M+H[1+],9.214,0.00278953323004316,EC000715
383.24298,Val-Lys-His,M+H[1+],9.2538,0.00284953323000536,EC000715
341.25421,Val-Lys-Ile,M-H2O+H[1+],6.1074,0.000472466770020219,EC000743
341.25421,Val-Lys-Leu,M-H2O+H[1+],6.1074,0.000472466770020219,EC000743
377.21845,Val-Lys-Met,M+H[1+],9.7549,0.00325446676998808,EC000811
379.21421,Val-Lys-Met,M(S34)+H[1+],9.7556,0.00329446677000078,EC000811
415.23099,Val-Lys-Phe,M+Na[1+],6.8321,0.000642466769932071,EC000815
365.21236,Val-Lys-Pro,M+Na[1+],10.788,0.00362246677002531,EC000816
427.20575,Val-Met-Arg,M+Na[1+],3.9472,0.00410246677000714,EC000378
384.19185,Val-Met-Ile,M+Na[1+],9.2729,0.000955466769994473,EC000745
384.19185,Val-Met-Leu,M+Na[1+],9.2729,0.000955466769994473,EC000745
377.21845,Val-Met-Lys,M+H[1+],9.7549,0.00325446676998808,EC000811
379.21421,Val-Met-Lys,M(S34)+H[1+],9.7556,0.00329446677000078,EC000811
368.16514,Val-Met-Pro,M+Na[1+],8.9529,0.00363453323001295,EC000315
368.16518,Val-Met-Pro,M+Na[1+],8.9905,0.00367453323002565,EC000315
403.24889,Val-Phe-Arg,M-H2O+H[1+],10.5425,0.00370953322999412,EC000381
379.19512,Val-Phe-Asn,M+H[1+],4.5325,0.00247746677001714,EC000422
417.15054,Val-Phe-Asn,M+K[1+],4.335,0.00255746676998569,EC000422
417.15068,Val-Phe-Asn,M+K[1+],4.1721,0.00241746676994126,EC000422
463.15557,Val-Phe-Asn,M+HCOOK[1+],4.1215,0.00332746676997431,EC000422
367.15743,Val-Phe-Cys,M[1+],8.7154,0.000850999999954638,EC000260
368.16514,Val-Phe-Cys,M+H[1+],8.9529,0.00128453322997757,EC000260
368.16518,Val-Phe-Cys,M+H[1+],8.9905,0.00132453322999027,EC000260
304.16443,Val-Phe-Gly,M-H2O+H[1+],4.0944,0.00110346677001871,EC000686
378.23689,Val-Phe-Ile,M+H[1+],5.2771,0.00184346676996938,EC000746
378.23689,Val-Phe-Leu,M+H[1+],5.2771,0.00184346676996938,EC000746
415.23099,Val-Phe-Lys,M+Na[1+],6.8321,0.000642466769932071,EC000815
384.19185,Val-Phe-Pro,M+Na[1+],9.2729,0.00241653323001856,EC000745
352.19012,Val-Phe-Ser,M+H[1+],8.9886,0.00342153322998229,EC000273
364.22093,Val-Phe-Val,M+H[1+],4.9615,0.00215346676998251,EC000951
286.17477,Val-Pro-Ala,M+H[1+],4.1011,0.00136346676998755,EC000265
353.22838,Val-Pro-Arg,M-H2O+H[1+],6.8321,0.00115046676995689,EC000389
353.22866,Val-Pro-Arg,M-H2O+H[1+],7.1081,0.000870466769981704,EC000390
371.23918,Val-Pro-Arg,M+H[1+],9.6753,0.000950466770007097,EC000391
344.1803,Val-Pro-Glu,M+H[1+],4.2046,0.0013134667700001,EC000434
344.18247,Val-Pro-Glu,M+H[1+],4.0076,0.000856533230034984,EC000434
344.18433,Val-Pro-Glu,M+H[1+],4.5858,0.0027165332300001,EC000434
328.22189,Val-Pro-Ile,M+H[1+],4.3951,0.00119346677001886,EC000755
350.20726,Val-Pro-Ile,M+Na[1+],7.3157,0.00217653322999922,EC000483
328.22189,Val-Pro-Leu,M+H[1+],4.3951,0.00119346677001886,EC000755
350.20726,Val-Pro-Leu,M+Na[1+],7.3157,0.00217653322999922,EC000483
365.21236,Val-Pro-Lys,M+Na[1+],10.788,0.00362246677002531,EC000816
368.16514,Val-Pro-Met,M+Na[1+],8.9529,0.00363453323001295,EC000315
368.16518,Val-Pro-Met,M+Na[1+],8.9905,0.00367453323002565,EC000315
384.19185,Val-Pro-Phe,M+Na[1+],9.2729,0.00241653323001856,EC000745
383.20094,Val-Ser-Arg,M+Na[1+],0.6216,0.000455466770006296,EC000394
383.20267,Val-Ser-Arg,M+Na[1+],8.3496,0.00127453323000282,EC000395
333.17966,Val-Ser-Gln,M+H[1+],7.1607,0.00279753323002296,EC000232
355.15655,Val-Ser-Gln,M+Na[1+],8.2902,0.00231246676997898,EC000233
318.20109,Val-Ser-Ile,M+H[1+],4.026,0.00125846676996844,EC000756
340.18419,Val-Ser-Ile,M+Na[1+],9.9444,0.000158466769960341,EC000757
318.20109,Val-Ser-Leu,M+H[1+],4.026,0.00125846676996844,EC000756
340.18419,Val-Ser-Leu,M+Na[1+],9.9444,0.000158466769960341,EC000757
352.19012,Val-Ser-Phe,M+H[1+],8.9886,0.00342153322998229,EC000273
274.13847,Val-Ser-Ser,M-H2O+H[1+],0.637,0.00124346677000631,EC000266
286.17477,Val-Ser-Val,M-H2O+H[1+],4.1011,0.00132846676996223,EC000252
357.2238,Val-Thr-Arg,M-H2O+H[1+],9.073,0.000645466770038183,EC000364
375.23143,Val-Thr-Arg,M+H[1+],9.7957,0.00361546677004299,EC000365
397.21661,Val-Thr-Arg,M+Na[1+],0.6407,0.000435466770056792,EC000366
333.17966,Val-Thr-Asn,M+H[1+],7.1607,0.00279753323002296,EC000232
355.15655,Val-Thr-Asn,M+Na[1+],8.2902,0.00231246676997898,EC000233
332.2165,Val-Thr-Ile,M+H[1+],4.0862,0.00149846676998777,EC000731
332.21815,Val-Thr-Ile,M+H[1+],7.5378,0.000151533229995948,EC000732
332.21816,Val-Thr-Ile,M+H[1+],7.6569,0.000161533230027544,EC000732
350.2287,Val-Thr-Ile,M+H2O+H[1+],7.6064,0.000101533230008499,EC000732
350.22877,Val-Thr-Ile,M+H2O+H[1+],7.3709,0.000171533230002296,EC000732
350.22882,Val-Thr-Ile,M+H2O+H[1+],7.8421,0.000221533229989745,EC000732
332.2165,Val-Thr-Leu,M+H[1+],4.0862,0.00149846676998777,EC000731
332.21815,Val-Thr-Leu,M+H[1+],7.5378,0.000151533229995948,EC000732
332.21816,Val-Thr-Leu,M+H[1+],7.6569,0.000161533230027544,EC000732
350.2287,Val-Thr-Leu,M+H2O+H[1+],7.6064,0.000101533230008499,EC000732
350.22877,Val-Thr-Leu,M+H2O+H[1+],7.3709,0.000171533230002296,EC000732
350.22882,Val-Thr-Leu,M+H2O+H[1+],7.8421,0.000221533229989745,EC000732
387.20588,Val-Thr-Trp,M-H2O+H[1+],8.8479,0.00323253323000472,EC000619
318.20109,Val-Thr-Val,M+H[1+],4.026,0.00125846676996844,EC000756
340.18419,Val-Thr-Val,M+Na[1+],9.9444,0.000158466769960341,EC000757
357.19217,Val-Trp-Ala,M-H2O+H[1+],8.8111,8.75332299870024e-05,EC000268
397.18762,Val-Trp-Ala,M+Na[1+],6.2072,0.00293753322995371,EC000269
460.26765,Val-Trp-Arg,M+H[1+],7.5538,0.000970533229974535,EC000398
414.21365,Val-Trp-Gln,M-H2O+H[1+],7.0331,0.00010353323000345,EC000339
433.20797,Val-Trp-Glu,M+H[1+],9.3701,0.00019246677004503,EC000343
433.20813,Val-Trp-Glu,M+H[1+],9.4959,3.24667700510872e-05,EC000343
387.20588,Val-Trp-Thr,M-H2O+H[1+],8.8479,0.00323253323000472,EC000619
403.23256,Val-Trp-Val,M+H[1+],8.7642,0.00142246677000912,EC000324
425.21302,Val-Trp-Val,M+Na[1+],8.7672,0.00296246677004319,EC000324
352.19012,Val-Tyr-Ala,M+H[1+],8.9886,0.00342153322998229,EC000273
288.19049,Val-Val-Ala,M+H[1+],4.0805,0.00129346676999376,EC000274
286.17477,Val-Val-Asp,M-HCOOH+H[1+],4.1011,0.0014434667699561,EC000240
288.19049,Val-Val-Asp,M-CO2+H[1+],4.0805,0.00132346676997486,EC000240
314.17365,Val-Val-Asp,M-H2O+H[1+],4.1858,0.00263653323003155,EC000240
327.19991,Val-Val-Gln,M-H2O+H[1+],4.7899,0.00273746676998599,EC000418
328.18692,Val-Val-Glu,M-H2O+H[1+],7.2246,0.000256533230015066,EC000435
329.17096,Val-Val-Glu,M-NH3+H[1+],7.0883,0.000196533229996021,EC000435
230.18485,Val-Val-Gly,M-CO2+H[1+],1.0173,0.00148346676999722,EC000211
296.15855,Val-Val-Gly,M+Na[1+],1.1489,0.000416533230009009,EC000211
376.19837,Val-Val-His,M+Na[1+],7.0361,0.00278853322998884,EC000720
330.23725,Val-Val-Ile,M+H[1+],4.7337,0.0014834667699688,EC000759
352.22346,Val-Val-Ile,M+Na[1+],8.2116,0.00272653323003169,EC000760
330.23725,Val-Val-Leu,M+H[1+],4.7337,0.0014834667699688,EC000759
352.22346,Val-Val-Leu,M+Na[1+],8.2116,0.00272653323003169,EC000760
364.22093,Val-Val-Phe,M+H[1+],4.9615,0.00215346676998251,EC000951
286.17477,Val-Val-Ser,M-H2O+H[1+],4.1011,0.00132846676996223,EC000252
318.20109,Val-Val-Thr,M+H[1+],4.026,0.00125846676996844,EC000756
340.18419,Val-Val-Thr,M+Na[1+],9.9444,0.000158466769960341,EC000757
403.23256,Val-Val-Trp,M+H[1+],8.7642,0.00142246677000912,EC000324
425.21302,Val-Val-Trp,M+Na[1+],8.7672,0.00296246677004319,EC000324
316.22323,Val-Val-Val,M+H[1+],8.8961,0.000147107230020538,EC000247
316.22332,Val-Val-Val,M+H[1+],8.0983,0.000237107230020683,EC000248
316.22336,Val-Val-Val,M+H[1+],7.7057,0.00027710723003338,EC000249
316.22337,Val-Val-Val,M+H[1+],8.0029,0.000287107230008132,EC000248
334.23322,Val-Val-Val,M+H2O+H[1+],7.9842,0.000462892769974133,EC000248
257.17331,Valaciclovir,M-HCOONa+H[1+],6.6123,0.00116962477000015,EC000633
325.16078,Valaciclovir,M+H[1+],6.4135,0.00109962477000636,EC000633
132.10106,Valerylglycine,M-CO+H[1+],1.0714,0.000759753770012139,EC00065
182.08008,Valerylglycine,M+Na[1+],5.0202,0.00126024623000376,EC00066
182.08013,Valerylglycine,M+Na[1+],0.9628,0.00131024622999121,EC00065
189.12234,Valyl-Alanine,M+H[1+],1.6174,0.00102884976999462,EC000277
211.10664,Valyl-Alanine,M+Na[1+],2.0433,0.00127115022999646,EC000277
211.10667,Valyl-Alanine,M+Na[1+],2.7578,0.00130115023000599,EC000277
227.07812,Valyl-Alanine,M+K[1+],2.2154,0.000748849769991011,EC000277
255.09641,Valyl-Aspartate,M+Na[1+],2.8474,0.00121191022998346,EC000123
175.10684,Valyl-Glutamate,M-C3H4O2+H[1+],0.7771,0.000908154769973635,EC00081
203.13733,Valyl-Glutamate,M-CO2+H[1+],1.1447,0.00171815477000337,EC00081
203.1379,Valyl-Glutamate,M-CO2+H[1+],0.9523,0.00114815476999297,EC00081
211.10664,Valyl-Glutamate,M-H4O2+H[1+],2.0433,0.00100815477000538,EC00081
211.10667,Valyl-Glutamate,M-H4O2+H[1+],2.7578,0.000978154769995854,EC00081
219.13286,Valyl-Glutamate,M-CO+H[1+],1.4241,0.000988154769999028,EC00081
247.12755,Valyl-Glutamate,M+H[1+],1.7436,0.00129815476998374,EC00081
247.1293,Valyl-Glutamate,M+H[1+],5.037,0.0004518452300033,EC00082
269.11198,Valyl-Glutamate,M+Na[1+],3.9531,0.00113184523002019,EC00081
246.14305,Valyl-Glutamine,M+H[1+],1.4277,0.00178257077001831,EC000244
147.11186,Valyl-Glycine,M-CO+H[1+],0.6541,0.00085878576999221,EC000689
175.10684,Valyl-Glycine,M+H[1+],0.7771,0.000878785769998558,EC000689
213.06259,Valyl-Glycine,M+K[1+],0.7741,0.00062878577000447,EC000689
231.16918,Valyl-Isoleucine,M+H[1+],2.6794,0.00113904277000643,EC000775
231.16924,Valyl-Isoleucine,M+H[1+],1.8752,0.0010790427700158,EC000775
231.16938,Valyl-Isoleucine,M+H[1+],2.1645,0.000939042770028209,EC000775
231.16918,Valyl-Leucine,M+H[1+],2.6794,0.00113904277000643,EC000775
231.16924,Valyl-Leucine,M+H[1+],1.8752,0.0010790427700158,EC000775
231.16938,Valyl-Leucine,M+H[1+],2.1645,0.000939042770028209,EC000775
271.10792,Valyl-Methionine,M+Na[1+],5.0281,0.000820152770018012,EC000836
265.15296,Valyl-Phenylalanine,M+H[1+],3.8905,0.00170897877001153,EC000950
349.11569,Valyl-Phenylalanine,M+HCOOK[1+],4.4033,0.000278978770040794,EC000950
197.12742,Valyl-Proline,M-H2O+H[1+],1.5579,0.000998914770008241,EC000973
215.13798,Valyl-Proline,M+H[1+],1.3876,0.00103891477002094,EC000973
233.14862,Valyl-Proline,M+H2O+H[1+],1.6244,0.000998914770036663,EC000973
187.10673,Valyl-Serine,M-H2O+H[1+],0.81,0.000953469769996218,EC000891
173.12745,Valyl-Threonine,M-HCOOH+H[1+],1.7161,0.00108353476997536,EC000550
183.11172,Valyl-Threonine,M-H4O2+H[1+],2.0948,0.00101353477000998,EC000550
219.13286,Valyl-Threonine,M+H[1+],1.4241,0.00107353477000061,EC000550
304.16443,Valyl-Tryptophan,M+H[1+],4.0944,0.00113801477004927,EC000401
263.1377,Valyl-Tyrosine,M-H2O+H[1+],4.3272,0.00128359876998729,EC0001048
217.15307,Valyl-Valine,M+H[1+],1.2601,0.00159897877000503,EC0001051
136.07471,Vanillylamine,M-H2O+H[1+],5.015,0.000945067769976049,EC000582
154.08526,Vanillylamine,M+H[1+],5.0085,0.00099506776999192,EC000582
176.0696,Vanillylamine,M+Na[1+],5.1887,0.00134493223001186,EC000582
193.04846,Vanilpyruvic acid,M-H2O+H[1+],6.6495,0.0010398967699814,EC0001052
515.12314,Verlukast,M+H[1+],0.7752,0.000701533229971574,EC0001053
701.29153,Verteporfin,M-H2O+H[1+],6.0733,0.00541080677010086,EC0001054
702.28604,Verteporfin,M-NH3+H[1+],6.0437,0.00499919322987807,EC0001054
147.06427,Viburnitol,M-H2O+H[1+],0.9256,0.000879466770015824,EC00034
165.07459,Viburnitol,M+H[1+],0.7944,0.00115946677001943,EC00034
701.36947,Vobtusine,M-H2O+H[1+],8.6171,0.000241466770035004,EC0001055
701.3696,Vobtusine,M-H2O+H[1+],8.7215,0.000111466770022162,EC0001055
701.37235,Vobtusine,M-H2O+H[1+],8.9296,0.00263853322996965,EC0001055
332.1092,Voriconazole,M-H2O+H[1+],1.0954,0.00252117677001706,EC000295
350.11987,Voriconazole,M+H[1+],1.6778,0.00245117677002327,EC000296
339.1816,Xamoterol,M[1+],10.1066,0.00217900000001237,EC0001056
339.18168,Xamoterol,M[1+],9.9469,0.00225899999998092,EC0001056
340.18419,Xamoterol,M+H[1+],9.9444,0.00250746676999825,EC0001056
135.03132,Xanthine,M-H2O+H[1+],0.6099,0.00121814122999808,EC000186
153.03969,Xanthine,M+H[1+],0.9957,0.00101185876999921,EC000187
529.14753,Xanthoaphin,M-H2O+H[1+],6.0189,0.00174346677010817,EC0001057
197.07985,Xanthoxylin,M+H[1+],7.7826,0.000985338770021826,EC000199
383.14507,Yatein,M-H2O+H[1+],5.6977,0.00380946677000793,EC0001058
383.15017,Yatein,M-H2O+H[1+],6.613,0.00129053323001926,EC000415
401.15552,Yatein,M+H[1+],5.3215,0.00395946676997028,EC0001058
402.15915,Yatein,M(C13)+H[1+],5.3013,0.00372946676998254,EC0001058
234.08619,Zalcitabine,M+Na[1+],2.602,0.00122223622997808,EC000875
190.99902,Zoxazolamine,M+Na[1+],1.2325,0.000743533230007642,EC0001059
