formulaRank	molecularFormula	adduct	precursorFormula	NPC#pathway	NPC#pathway Probability	NPC#superclass	NPC#superclass Probability	NPC#class	NPC#class Probability	ClassyFire#superclass	ClassyFire#superclass probability	ClassyFire#class	ClassyFire#class Probability	ClassyFire#subclass	ClassyFire#subclass Probability	ClassyFire#level 5	ClassyFire#level 5 Probability	ClassyFire#most specific class	ClassyFire#most specific class Probability	ClassyFire#all classifications	ionMass	retentionTimeInSeconds	retentionTimeInMinutes	formulaId	alignedFeatureId	compoundId	mappingFeatureId	overallFeatureQuality
1	C6H6FO3PS	[M + K]+	C6H6FKO3PS+	Fatty acids	0.075	Pseudoalkaloids (transamidation)	0.061	Halogenated fatty acids	0.030	Organic acids and derivatives	0.905	Organic phosphonic acids and derivatives	0.948	Organic phosphonic acids	0.815			Organic phosphonic acids	0.815	Organic compounds; Organic acids and derivatives; Organohalogen compounds; Organophosphorus compounds; Organic phosphonic acids and derivatives; Organic phosphonic acids; Organofluorides; Organic oxides; Hydrocarbon derivatives; Alkylphosphonofluoridic acids and esters; Organic oxygen compounds; Chemical entities	246.937	36	0.593	816964643019809945	816964165406012804	816964165376652675	6	
1	C16H32N2O10	[M + H]+	C16H33N2O10+	Carbohydrates	0.990	Aminosugars and aminoglycosides	0.765	Amino cyclitols	0.730	Organic oxygen compounds	1.000	Organooxygen compounds	1.000	Carbohydrates and carbohydrate conjugates	0.962	Aminosaccharides	0.885	2-deoxystreptamine aminoglycosides	0.528	Organic compounds; Organoheterocyclic compounds; Carbohydrates and carbohydrate conjugates; Lipids and lipid-like molecules; Amino acids, peptides, and analogues; Alcohols and polyols; Ethers; Fatty acids and conjugates; Organic acids and derivatives; Carboxylic acids and derivatives; Organonitrogen compounds; Aminoglycosides; Primary alcohols; Organooxygen compounds; Hydroxy fatty acids; Amino acids and derivatives; Monoalkylamines; Monocarboxylic acids and derivatives; Carboxylic acids; Monosaccharides; Acetals; Secondary alcohols; Carbonyl compounds; 1,2-aminoalcohols; Oxanes; Glycosyl compounds; Polyols; Amines; Primary amines; Alkanolamines; Aminocyclitols and derivatives; Cyclohexylamines; Aminosaccharides; 2-deoxystreptamine aminoglycosides; Fatty Acyls; Organic oxides; Oxacyclic compounds; Hydrocarbon derivatives; Amino acids; Organopnictogen compounds; Organic oxygen compounds; Organic nitrogen compounds; Chemical entities	413.211	36	0.606	816964648262691053	816964165577979273	816964165573784968	7	
1	C6H11O5P	[M + K]+	C6H11KO5P+	Fatty acids	0.831	Fatty Acids and Conjugates	0.710	Halogenated fatty acids	0.028	Lipids and lipid-like molecules	0.725	Fatty Acyls	0.633					Fatty Acyls	0.633	Organic compounds; Lipids and lipid-like molecules; Organic acids and derivatives; Carboxylic acids and derivatives; Organooxygen compounds; Organophosphorus compounds; Organic phosphonic acids and derivatives; Carboxylic acid derivatives; Monocarboxylic acids and derivatives; Carboxylic acids; Carboxylic acid esters; Carbonyl compounds; Methyl esters; Fatty Acyls; Organic oxides; Hydrocarbon derivatives; Organic oxygen compounds; Chemical entities	232.998	37	0.620	816964725454676182	816964165703808398	816964165703808397	26	
1	C11H24N2O5	[M + H]+	C11H25N2O5+	Amino acids and Peptides	0.833	Small peptides	0.614	Dipeptides	0.461	Organic acids and derivatives	0.999	Carboxylic acids and derivatives	0.997	Amino acids, peptides, and analogues	0.721	Amino acids and derivatives	0.717	Alpha amino acids and derivatives	0.591	Organic compounds; Lipids and lipid-like molecules; Amino acids, peptides, and analogues; Alpha amino acids and derivatives; Alcohols and polyols; Fatty acids and conjugates; Organic acids and derivatives; Carboxylic acids and derivatives; Organonitrogen compounds; Organooxygen compounds; Fatty amides; Branched fatty acids; Amino acids and derivatives; Carboxylic acid amides; Amino fatty acids; Carboxylic acid derivatives; N-acyl amines; Monocarboxylic acids and derivatives; Carboxylic acids; Secondary carboxylic acid amides; Carbonyl compounds; Medium-chain fatty acids; Fatty Acyls; Organic oxides; Hydrocarbon derivatives; Organopnictogen compounds; Organic oxygen compounds; Organic nitrogen compounds; Chemical entities	265.175	37	0.621	816964648371742993	816964165812860307	816964165812860306	27	
1	C7H13O5P	[M + K]+	C7H13KO5P+	Fatty acids	0.888	Fatty Acids and Conjugates	0.719	Halogenated fatty acids	0.014	Lipids and lipid-like molecules	0.525							Lipids and lipid-like molecules	0.525	Organic compounds; Lipids and lipid-like molecules; Organic acids and derivatives; Carboxylic acids and derivatives; Organooxygen compounds; Organophosphorus compounds; Organic phosphonic acids and derivatives; Monocarboxylic acids and derivatives; Carboxylic acids; Carbonyl compounds; Organic oxides; Hydrocarbon derivatives; Organic oxygen compounds; Chemical entities	247.014	37	0.623	816964672669350467	816964166160987554	816964166160987553	40	
1	C9H20N2O4	[M + H]+	C9H21N2O4+	Amino acids and Peptides	0.989	Small peptides	0.989	Dipeptides	0.786	Organic acids and derivatives	0.999	Carboxylic acids and derivatives	0.999	Amino acids, peptides, and analogues	0.941	Amino acids and derivatives	0.938	Alpha amino acids and derivatives	0.707	Organic compounds; Lipids and lipid-like molecules; Amino acids, peptides, and analogues; Alpha amino acids and derivatives; Alcohols and polyols; Fatty acids and conjugates; Organic acids and derivatives; Carboxylic acids and derivatives; Organonitrogen compounds; Organooxygen compounds; Fatty amides; Branched fatty acids; Hydroxy fatty acids; Amino acids and derivatives; Monoalkylamines; Carboxylic acid amides; Amino fatty acids; Carboxylic acid derivatives; N-acyl amines; Monocarboxylic acids and derivatives; Carboxylic acids; Secondary carboxylic acid amides; Carbonyl compounds; Amines; Primary amines; Fatty Acyls; Organic oxides; Hydrocarbon derivatives; Amino acids; Organopnictogen compounds; Organic oxygen compounds; Organic nitrogen compounds; Chemical entities	221.148	38	0.631	816964714373321977	816964166609778102	816964166609778101	61	
2	C13H20FN4O7PS	[M + K]+	C13H20FKN4O7PS+	Carbohydrates	0.993	Nucleosides	0.990	Purine nucleotides	0.366	Organic acids and derivatives	0.970	Carboxylic acids and derivatives	0.743	Amino acids, peptides, and analogues	0.811	Amino acids and derivatives	0.810	Alpha amino acids and derivatives	0.561	Organic compounds; Organoheterocyclic compounds; Organosulfur compounds; Carbohydrates and carbohydrate conjugates; Amino acids, peptides, and analogues; Alpha amino acids and derivatives; Pyrimidines and pyrimidine derivatives; Imidazoles; Alcohols and polyols; Purines and purine derivatives; Organic acids and derivatives; Carboxylic acids and derivatives; Organohalogen compounds; Organonitrogen compounds; Nucleosides, nucleotides, and analogues; Organooxygen compounds; Amino acids and derivatives; Organic phosphoric acids and derivatives; Phosphate esters; Azoles; Aryl fluorides; Monocarboxylic acids and derivatives; Aminopyrimidines and derivatives; Diazines; Pentoses; Organofluorides; Monosaccharides; Secondary alcohols; Imidazopyrimidines; Carbonyl compounds; Halopyrimidines; Oxolanes; Glycosyl compounds; Glycosylamines; Substituted imidazoles; N-substituted imidazoles; Amines; Primary amines; 1,2-diols; Aryl halides; 6-aminopurines; Alkyl phosphates; Monoalkyl phosphates; Imidolactams; Organic oxides; Azacyclic compounds; Oxacyclic compounds; Heteroaromatic compounds; Hydrocarbon derivatives; 5'-deoxyribonucleosides; Organopnictogen compounds; Organic oxygen compounds; Organic nitrogen compounds; Chemical entities	465.039	45	0.742	816964693531822164	816964169419961907	816964169419961906	210	
1	C9H10O5	[M + Na]+	C9H10NaO5+	Polyketides	0.355	Phenolic acids (C6-C1)	0.425	Simple phenolic acids	0.539	Organic acids and derivatives	0.920	Carboxylic acids and derivatives	0.877	Carboxylic acids	0.749			Carboxylic acids	0.749	Organic compounds; Organic acids and derivatives; Carboxylic acids and derivatives; Organooxygen compounds; Monocarboxylic acids and derivatives; Carboxylic acids; Carbonyl compounds; Organic oxides; Hydrocarbon derivatives; Organic oxygen compounds; Chemical entities	221.041	45	0.750	816964689761142237	816964169524819512	816964169524819511	213	
6	C15H18O10	[M + Na]+	C15H18NaO10+	Shikimates and Phenylpropanoids	0.431	Saccharides	0.193	Iridoids monoterpenoids	0.115	Organic oxygen compounds	1.000	Organooxygen compounds	1.000	Carbohydrates and carbohydrate conjugates	0.978	Sugar acids and derivatives	0.770	O-glucuronides	0.741	Organic compounds; Organoheterocyclic compounds; Carbohydrates and carbohydrate conjugates; Pyrans; Alcohols and polyols; Sugar acids and derivatives; Ethers; Organic acids and derivatives; Carboxylic acids and derivatives; Organooxygen compounds; Glucuronides; Hydroxy acids and derivatives; Monocarboxylic acids and derivatives; Carboxylic acids; Monosaccharides; Acetals; Secondary alcohols; Beta hydroxy acids and derivatives; Carbonyl compounds; Oxanes; Glucuronic acid derivatives; Glycosyl compounds; O-glycosyl compounds; Polyols; O-glucuronides; Organic oxides; Oxacyclic compounds; Hydrocarbon derivatives; Organic oxygen compounds; Chemical entities	381.078	46	0.770	816964723013590679	816964170208491094	816964170208491093	232	
2	C23H8Cl8N4O2	[M + Na]+	C23H8Cl8N4NaO2+	Alkaloids	0.944	Tryptophan alkaloids	0.241	Pyrrole alkaloids	0.193	Benzenoids	0.995	Benzene and substituted derivatives	0.819	Halobenzenes	0.739	Chlorobenzenes	0.717	Dichlorobenzenes	0.805	Organic compounds; Organoheterocyclic compounds; Halobenzenes; Lactams; Organohalogen compounds; Organonitrogen compounds; Organooxygen compounds; Aryl chlorides; Chlorobenzenes; Diazines; Organochlorides; Benzene and substituted derivatives; Benzenoids; Dichlorobenzenes; Aryl halides; Organic oxides; Azacyclic compounds; Heteroaromatic compounds; Hydrocarbon derivatives; Organopnictogen compounds; Organic oxygen compounds; Organic nitrogen compounds; Chemical entities	674.808	49	0.820	816964659310489615	816964170816665204	816964170816665203	253	
3	C4H13NP2	[M + H]+	C4H14NP2+	Fatty acids	0.650	Fatty acyls	0.808	Pyridine alkaloids	0.023	Organophosphorus compounds	0.782							Organophosphorus compounds	0.782	Organic compounds; Organophosphorus compounds; Hydrocarbon derivatives; Chemical entities	138.059	51	0.846	816964636849987508	816964171512919703	816964171512919702	271	
1	C8H11NO3	[M + H]+	C8H12NO3+	Alkaloids	0.999	Nicotinic acid alkaloids	0.999	Pyridine alkaloids	0.999	Organoheterocyclic compounds	0.999	Pyridines and derivatives	0.984	Pyridoxines	0.918			Pyridoxines	0.918	Organic compounds; Organoheterocyclic compounds; Pyridines and derivatives; Alcohols and polyols; Organonitrogen compounds; Primary alcohols; Organooxygen compounds; Pyridoxines; Aromatic alcohols; Azacyclic compounds; Heteroaromatic compounds; Hydrocarbon derivatives; Hydroxypyridines; Methylpyridines; Organopnictogen compounds; Organic oxygen compounds; Organic nitrogen compounds; Chemical entities	170.080	54	0.899	816964667845900037	816964171793938086	816964171793938085	282	
2	C5H5N5O	[M + H]+	C5H6N5O+	Alkaloids	0.979	Pseudoalkaloids (transamidation)	0.872	Purine alkaloids	0.958	Organoheterocyclic compounds	0.999	Imidazopyrimidines	0.875	Purines and purine derivatives	0.649			Purines and purine derivatives	0.649	Organic compounds; Organoheterocyclic compounds; Pyrimidines and pyrimidine derivatives; Imidazoles; Purines and purine derivatives; Organic acids and derivatives; Organonitrogen compounds; Pyrimidones; Organooxygen compounds; Azoles; Aminopyrimidines and derivatives; Diazines; Imidazopyrimidines; Amines; Primary amines; Vinylogous amides; Organic oxides; Azacyclic compounds; Heteroaromatic compounds; Hydrocarbon derivatives; Organopnictogen compounds; Organic oxygen compounds; Organic nitrogen compounds; Chemical entities	152.056	54	0.905	816964697281530441	816964172007847600	816964172007847599	286	
2	C11H21NO7	[M + H]+	C11H22NO7+	Amino acids and Peptides	0.546	Small peptides	0.646	Aminoacids	0.718	Organic acids and derivatives	0.999	Carboxylic acids and derivatives	0.999	Amino acids, peptides, and analogues	0.998	Amino acids and derivatives	0.998	Alpha amino acids	0.985	Organic compounds; Lipids and lipid-like molecules; Amino acids, peptides, and analogues; Alpha amino acids and derivatives; Alcohols and polyols; Fatty acids and conjugates; Organic acids and derivatives; Carboxylic acids and derivatives; Organonitrogen compounds; Organooxygen compounds; Branched fatty acids; Hydroxy fatty acids; Dicarboxylic acids and derivatives; Amino acids and derivatives; Hydroxy acids and derivatives; Amino fatty acids; Carboxylic acids; Secondary alcohols; Beta hydroxy acids and derivatives; Carbonyl compounds; Dialkylamines; Alpha amino acids; Amines; Secondary amines; Alkanolamines; Fatty Acyls; Organic oxides; Hydrocarbon derivatives; Amino acids; Organopnictogen compounds; Organic oxygen compounds; Organic nitrogen compounds; Chemical entities	280.138	55	0.910	816964643581846822	816964172267894458	816964172267894457	290	
1	C5H4N4O	[M + H]+	C5H5N4O+	Alkaloids	0.954	Pseudoalkaloids (transamidation)	0.868	Purine alkaloids	0.961	Organoheterocyclic compounds	1.000	Imidazopyrimidines	0.935	Purines and purine derivatives	0.923	Purinones	0.887	6-oxopurines	0.768	Organic compounds; Organoheterocyclic compounds; Pyrimidines and pyrimidine derivatives; Imidazoles; Purines and purine derivatives; Hypoxanthines; Organic acids and derivatives; Organonitrogen compounds; Pyrimidones; Organooxygen compounds; Azoles; Purinones; Diazines; 6-oxopurines; Imidazopyrimidines; Vinylogous amides; Organic oxides; Azacyclic compounds; Heteroaromatic compounds; Hydrocarbon derivatives; Organopnictogen compounds; Organic oxygen compounds; Organic nitrogen compounds; Chemical entities	137.045	58	0.961	816964640444506849	816964172645381838	816964172645381837	314	
1	C9H11NO3	[M + H]+	C9H12NO3+	Amino acids and Peptides	1.000	Small peptides	1.000	Aminoacids	1.000	Organic acids and derivatives	1.000	Carboxylic acids and derivatives	1.000	Amino acids, peptides, and analogues	0.999	Amino acids and derivatives	0.999	Tyrosine and derivatives	0.790	Organic compounds; Amino acids, peptides, and analogues; Alpha amino acids and derivatives; Phenols; Phenethylamines; Amphetamines and derivatives; Phenylpropanoids and polyketides; Organic acids and derivatives; Carboxylic acids and derivatives; Organonitrogen compounds; Organooxygen compounds; Amino acids and derivatives; Monoalkylamines; Monocarboxylic acids and derivatives; Carboxylic acids; Carbonyl compounds; Benzene and substituted derivatives; Alpha amino acids; Benzenoids; Amines; Primary amines; Phenylpropanoic acids; Aralkylamines; Organic oxides; Hydrocarbon derivatives; Amino acids; Tyrosine and derivatives; Phenylalanine and derivatives; Organopnictogen compounds; Organic oxygen compounds; 1-hydroxy-2-unsubstituted benzenoids; Organic nitrogen compounds; Chemical entities	182.080	58	0.961	816964700465007748	816964172746045139	816964172746045138	315	
9	C10H24N2O8S2	[M + H]+	C10H25N2O8S2+	Amino acids and Peptides	0.349	Amino acid glycosides	0.517	Fatty alcohols	0.435	Organic acids and derivatives	0.768	Organic sulfuric acids and derivatives	0.515					Organic sulfuric acids and derivatives	0.515	Organic compounds; Organosulfur compounds; Alcohols and polyols; Organic acids and derivatives; Organonitrogen compounds; Primary alcohols; Organooxygen compounds; Organic sulfuric acids and derivatives; Sulfenyl compounds; Organic oxides; Hydrocarbon derivatives; Organic oxygen compounds; Organic nitrogen compounds; Chemical entities	365.104	58	0.966	816964674200271743	816964172850902744	816964172850902743	320	
1	C14H21NO6	[M + H]+	C14H22NO6+	Alkaloids	0.423	Tyrosine alkaloids	0.518	Phenylethylamines	0.384	Organic oxygen compounds	1.000	Organooxygen compounds	0.999	Carbohydrates and carbohydrate conjugates	0.972	Monosaccharides	0.907	Hexoses	0.645	Organic compounds; Organoheterocyclic compounds; Carbohydrates and carbohydrate conjugates; Alcohols and polyols; Phenols; Phenethylamines; Ethers; Organonitrogen compounds; Primary alcohols; Organooxygen compounds; Monoalkylamines; Hexoses; Monosaccharides; Acetals; Secondary alcohols; 1,2-aminoalcohols; Oxanes; Glycosyl compounds; O-glycosyl compounds; Benzene and substituted derivatives; Polyols; Benzenoids; Amines; Primary amines; Alkanolamines; Aralkylamines; Oxacyclic compounds; Hydrocarbon derivatives; Organopnictogen compounds; Organic oxygen compounds; 1-hydroxy-2-unsubstituted benzenoids; Organic nitrogen compounds; Chemical entities	300.143	58	0.972	816964640037659253	816964172918011613	816964172918011612	317	
2	C8H15N2O9P	[M + K]+	C8H15KN2O9P+	Carbohydrates	0.978	Aminosugars and aminoglycosides	0.511	Aminosugars	0.228	Organic acids and derivatives	0.998	Carboxylic acids and derivatives	0.957	Amino acids, peptides, and analogues	0.793	Amino acids and derivatives	0.792	Alpha amino acids and derivatives	0.698	Organic compounds; Organoheterocyclic compounds; Carbohydrates and carbohydrate conjugates; Amino acids, peptides, and analogues; Alpha amino acids and derivatives; Alcohols and polyols; Organic acids and derivatives; Carboxylic acids and derivatives; Organonitrogen compounds; Organooxygen compounds; Amino acids and derivatives; Organic phosphoric acids and derivatives; Phosphate esters; Monocarboxylic acids and derivatives; Carboxylic acids; Pentoses; Monosaccharides; Monosaccharide phosphates; Secondary alcohols; Carbonyl compounds; Glycosyl compounds; Glycosylamines; Pentose phosphates; Polyols; Tetrahydrofurans; Alkyl phosphates; Monoalkyl phosphates; Organic oxides; Oxacyclic compounds; Hydrocarbon derivatives; Organopnictogen compounds; Organic oxygen compounds; Organic nitrogen compounds; Chemical entities	353.015	59	0.976	816964727673463604	816964173123532519	816964173123532518	313	
2	C15H18O8	[M + H3N + H]+	C15H22NO8+	Shikimates and Phenylpropanoids	0.751	Phloroglucinols	0.383	Acyl phloroglucinols	0.508	Organic oxygen compounds	1.000	Organooxygen compounds	1.000	Carbohydrates and carbohydrate conjugates	0.997	Glycosyl compounds	0.969	Phenolic glycosides	0.886	Organic compounds; Organoheterocyclic compounds; Carbohydrates and carbohydrate conjugates; Alcohols and polyols; Phenols; Ethers; Organic acids and derivatives; Primary alcohols; Organooxygen compounds; Carboxylic acids; Hexoses; Monosaccharides; Acetals; Secondary alcohols; Carbonyl compounds; Oxanes; Glycosyl compounds; O-glycosyl compounds; Benzene and substituted derivatives; Polyols; Phenol ethers; Benzenoids; Organic oxides; Oxacyclic compounds; Hydrocarbon derivatives; Phenolic glycosides; Organic oxygen compounds; 1-hydroxy-2-unsubstituted benzenoids; Phenoxy compounds; Chemical entities	344.133	59	0.982	816964700402093146	816964173215807212	816964173215807211	321	
3	C8H16N2O6S	[M + Na]+	C8H16N2NaO6S+	Amino acids and Peptides	0.893	Small peptides	0.922	Aminoacids	0.721	Organic acids and derivatives	0.978	Carboxylic acids and derivatives	0.557	Amino acids, peptides, and analogues	0.599	Amino acids and derivatives	0.599	Alpha amino acids	0.803	Organic compounds; Organosulfur compounds; Lipids and lipid-like molecules; Amino acids, peptides, and analogues; Alpha amino acids and derivatives; Alcohols and polyols; Fatty acids and conjugates; Organic acids and derivatives; Carboxylic acids and derivatives; Organonitrogen compounds; Organooxygen compounds; Amino acids and derivatives; Monoalkylamines; Carboxylic acids; Carbonyl compounds; Alpha amino acids; Amines; Primary amines; Fatty Acyls; Organic oxides; Hydrocarbon derivatives; Amino acids; Organopnictogen compounds; Organic oxygen compounds; Organic nitrogen compounds; Chemical entities	291.063	59	0.986	816964676922375675	816964173404550902	816964173404550901	301	
1	C5H4N4O2	[M + H]+	C5H5N4O2+	Alkaloids	0.998	Pseudoalkaloids (transamidation)	0.999	Purine alkaloids	1.000	Organoheterocyclic compounds	1.000	Imidazopyrimidines	0.957	Purines and purine derivatives	0.954	Xanthines	0.954	Xanthines	0.954	Organic compounds; Organoheterocyclic compounds; Pyrimidines and pyrimidine derivatives; Imidazoles; Lactams; Purines and purine derivatives; Xanthines; Organic acids and derivatives; Organonitrogen compounds; Alkaloids and derivatives; Pyrimidones; Organooxygen compounds; Organic carbonic acids and derivatives; Azoles; Ureas; Purinones; Diazines; 6-oxopurines; Imidazopyrimidines; Vinylogous amides; Organic oxides; Azacyclic compounds; Heteroaromatic compounds; Hydrocarbon derivatives; Organopnictogen compounds; Organic oxygen compounds; Organic nitrogen compounds; Chemical entities	153.040	59	0.991	816964659444707381	816964173501019899	816964173501019898	325	
3	C7H8O9S	[M + Na]+	C7H8NaO9S+	Fatty acids	0.303	Fatty Acids and Conjugates	0.263	Simple phenolic acids	0.214	Organic acids and derivatives	0.998	Organic sulfuric acids and derivatives	0.741	Sulfuric acid esters	0.577			Sulfuric acid esters	0.577	Organic compounds; Organosulfur compounds; Organic acids and derivatives; Carboxylic acids and derivatives; Organosulfonic acids and derivatives; Organooxygen compounds; Organic sulfuric acids and derivatives; Sulfonyls; Carboxylic acids; Carbonyl compounds; Sulfuric acid esters; Organic oxides; Hydrocarbon derivatives; Organic sulfonic acids and derivatives; Organic oxygen compounds; Chemical entities	290.978	60	1.006	816964663827755881	816964173605877504	816964173601683199	335	
10	C11H9FN2OS	[M + K]+	C11H9FKN2OS+	Alkaloids	0.852	Histidine alkaloids	0.039	Imidazole alkaloids	0.040	Benzenoids	0.999	Phenol ethers	0.944	Anisoles	0.867			Anisoles	0.867	Organic compounds; Organoheterocyclic compounds; Organosulfur compounds; Halobenzenes; Alkyl aryl ethers; Anisoles; Ethers; Organohalogen compounds; Organonitrogen compounds; Organooxygen compounds; Aryl fluorides; Fluorobenzenes; Thioethers; Organofluorides; Benzene and substituted derivatives; Phenol ethers; Benzenoids; Aryl halides; Alkylarylthioethers; Methoxybenzenes; Azacyclic compounds; Heteroaromatic compounds; Hydrocarbon derivatives; Organopnictogen compounds; Organic oxygen compounds; Organic nitrogen compounds; Phenoxy compounds; Chemical entities	275.006	61	1.013	816964716269147780	816964173706540805	816964173706540804	339	
6	C8H24O4Si3	[M + H]+	C8H25O4Si3+	Fatty acids	0.978	Fatty acyls	0.896	Fatty alcohols	0.970	Organic oxygen compounds	0.997	Organooxygen compounds	0.984	Alcohols and polyols	0.833	Secondary alcohols	0.544	Secondary alcohols	0.544	Organic compounds; Alcohols and polyols; Primary alcohols; Organooxygen compounds; Secondary alcohols; Hydrocarbon derivatives; Organic oxygen compounds; Chemical entities	269.106	62	1.041	816964719159024190	816964173899478799	816964173899478798	347	
2	C10H13N5O4	[M + H]+	C10H14N5O4+	Carbohydrates	1.000	Nucleosides	1.000	Purine nucleosides	0.999	Nucleosides, nucleotides, and analogues	0.994	Purine nucleosides	0.980					Purine nucleosides	0.980	Organic compounds; Organoheterocyclic compounds; Carbohydrates and carbohydrate conjugates; Pyrimidines and pyrimidine derivatives; Imidazoles; Alcohols and polyols; Purines and purine derivatives; Organonitrogen compounds; Primary alcohols; Nucleosides, nucleotides, and analogues; Organooxygen compounds; Azoles; Purine nucleosides; Aminopyrimidines and derivatives; Diazines; Pentoses; Monosaccharides; Secondary alcohols; Imidazopyrimidines; Glycosyl compounds; Glycosylamines; Substituted imidazoles; N-substituted imidazoles; Amines; Primary amines; Tetrahydrofurans; 6-aminopurines; Imidolactams; Azacyclic compounds; Oxacyclic compounds; Heteroaromatic compounds; Hydrocarbon derivatives; Organopnictogen compounds; Organic oxygen compounds; Organic nitrogen compounds; Chemical entities	268.103	63	1.042	816964649361598946	816964173995947796	816964173995947795	344	
1	C14H15NO9	[M + K]+	C14H15KNO9+	Amino acids and Peptides	0.619	Amino acid glycosides	0.827	Cyanogenic glycosides	0.737	Organic oxygen compounds	1.000	Organooxygen compounds	0.996	Carbohydrates and carbohydrate conjugates	0.935	Sugar acids and derivatives	0.766	O-glucuronides	0.635	Organic compounds; Organoheterocyclic compounds; Carbohydrates and carbohydrate conjugates; Pyrans; Alcohols and polyols; Sugar acids and derivatives; Ethers; Organic acids and derivatives; Carboxylic acids and derivatives; Organonitrogen compounds; Organooxygen compounds; Glucuronides; Hydroxy acids and derivatives; Carboxylic acid derivatives; Monocarboxylic acids and derivatives; Monosaccharides; Acetals; Secondary alcohols; Beta hydroxy acids and derivatives; Carbonyl compounds; Oxanes; Glucuronic acid derivatives; Glycosyl compounds; O-glycosyl compounds; Benzene and substituted derivatives; Polyols; Benzenoids; O-glucuronides; Organic oxides; Oxacyclic compounds; Hydrocarbon derivatives; Organopnictogen compounds; Organic oxygen compounds; Organic nitrogen compounds; Chemical entities	380.039	64	1.059	816964661080486201	816964174306326307	816964174306326306	349	
1	C10H13N5O5	[M + H]+	C10H14N5O5+	Carbohydrates	1.000	Nucleosides	1.000	Purine nucleosides	0.999	Nucleosides, nucleotides, and analogues	0.980	Purine nucleosides	0.952					Purine nucleosides	0.952	Organic compounds; Organoheterocyclic compounds; Carbohydrates and carbohydrate conjugates; Pyrimidines and pyrimidine derivatives; Imidazoles; Alcohols and polyols; Purines and purine derivatives; Hypoxanthines; Organic acids and derivatives; Organonitrogen compounds; Primary alcohols; Nucleosides, nucleotides, and analogues; Pyrimidones; Organooxygen compounds; Azoles; Purine nucleosides; Purinones; Aminopyrimidines and derivatives; Diazines; Pentoses; 6-oxopurines; Monosaccharides; Secondary alcohols; Imidazopyrimidines; Glycosyl compounds; Glycosylamines; Substituted imidazoles; N-substituted imidazoles; Amines; Primary amines; Tetrahydrofurans; Vinylogous amides; Organic oxides; Azacyclic compounds; Oxacyclic compounds; Heteroaromatic compounds; Hydrocarbon derivatives; Organopnictogen compounds; Organic oxygen compounds; Organic nitrogen compounds; Chemical entities	284.098	64	1.063	816964653249719469	816964174440544040	816964174415378215	351	
2	C29H33N9O	[M + Na]+	C29H33N9NaO+	Alkaloids	0.875	Pseudoalkaloids (transamidation)	0.119	Pyrrole alkaloids	0.048	Organoheterocyclic compounds	0.990	Diazines	0.608	Pyrimidines and pyrimidine derivatives	0.527	Aminopyrimidines and derivatives	0.524	Aminopyrimidines and derivatives	0.524	Organic compounds; Organoheterocyclic compounds; Pyrimidines and pyrimidine derivatives; Organonitrogen compounds; Organooxygen compounds; Aminopyrimidines and derivatives; Diazines; Trialkylamines; Benzene and substituted derivatives; Benzenoids; Amines; Tertiary amines; Organic oxides; Azacyclic compounds; Heteroaromatic compounds; Hydrocarbon derivatives; Organopnictogen compounds; Organic oxygen compounds; Organic nitrogen compounds; Chemical entities	546.274	66	1.098	816964656907153092	816964174650259250	816964174650259249	359	
15	C22H31NO6S	[M + H]+	C22H32NO6S+	Amino acids and Peptides	0.905	Macrolides	0.745	3-Spirotetramic acids	0.052	Organoheterocyclic compounds	0.921	Lactams	0.532					Lactams	0.532	Organic compounds; Organoheterocyclic compounds; Organosulfur compounds; Ketones; Lactams; Organic acids and derivatives; Carboxylic acids and derivatives; Organonitrogen compounds; Organooxygen compounds; Carboxylic acid amides; Carboxylic acid derivatives; Monocarboxylic acids and derivatives; Carboxylic acid esters; Carbonyl compounds; Organic oxides; Azacyclic compounds; Oxacyclic compounds; Hydrocarbon derivatives; Organopnictogen compounds; Organic oxygen compounds; Organic nitrogen compounds; Chemical entities	438.196	67	1.114	816964707196866739	816964174763505463	816964174763505462	346	
5	C18H33NO12	[M + H]+	C18H34NO12+	Carbohydrates	0.972	Saccharides	0.523	Amino cyclitols	0.358	Organic acids and derivatives	0.355	Carboxylic acids and derivatives	0.556	Amino acids, peptides, and analogues	0.699	Amino acids and derivatives	0.700	Alpha amino acids	0.593	Organic compounds; Organoheterocyclic compounds; Carbohydrates and carbohydrate conjugates; Amino acids, peptides, and analogues; Alcohols and polyols; Ethers; Carboxylic acids and derivatives; Organonitrogen compounds; Primary alcohols; Organooxygen compounds; Amino acids and derivatives; Monocarboxylic acids and derivatives; Carboxylic acids; Disaccharides; Acetals; Secondary alcohols; Carbonyl compounds; 1,2-aminoalcohols; Oxanes; Glycosyl compounds; O-glycosyl compounds; Dialkylamines; Polyols; Alpha amino acids; Amines; Secondary amines; Alkanolamines; Oxacyclic compounds; Hydrocarbon derivatives; Amino acids; Organopnictogen compounds; Organic oxygen compounds; Organic nitrogen compounds; Chemical entities	456.206	69	1.143	816964730856941406	816964175073883974	816964175073883973	366	
1	C12H23NO7	[M + H]+	C12H24NO7+	Amino acids and Peptides	0.391	Small peptides	0.261	Aminosugars	0.318	Organic acids and derivatives	0.991	Carboxylic acids and derivatives	0.992	Amino acids, peptides, and analogues	0.966	Amino acids and derivatives	0.966	Alpha amino acids	0.844	Organic compounds; Organoheterocyclic compounds; Carbohydrates and carbohydrate conjugates; Lipids and lipid-like molecules; Amino acids, peptides, and analogues; Alpha amino acids and derivatives; Alcohols and polyols; Fatty acids and conjugates; Organic acids and derivatives; Carboxylic acids and derivatives; Organonitrogen compounds; Primary alcohols; Organooxygen compounds; Branched fatty acids; Hydroxy fatty acids; Amino acids and derivatives; Monocarboxylic acids and derivatives; Carboxylic acids; Monosaccharides; Secondary alcohols; Carbonyl compounds; Heterocyclic fatty acids; Dialkylamines; Polyols; Alpha amino acids; Amines; Secondary amines; Alkanolamines; Methyl-branched fatty acids; Fatty Acyls; Organic oxides; Oxacyclic compounds; Hydrocarbon derivatives; Amino acids; Organopnictogen compounds; Organic oxygen compounds; Organic nitrogen compounds; Chemical entities	294.153	69	1.143	816964692999145460	816964175174547275	816964175174547274	367	
2	C12H23NO7	[M - H2O + H]+	C12H22NO6+	Amino acids and Peptides	0.542	Small peptides	0.611	Aminoacids	0.683	Organic acids and derivatives	1.000	Carboxylic acids and derivatives	0.999	Amino acids, peptides, and analogues	0.995	Amino acids and derivatives	0.995	Alpha amino acids	0.965	Organic compounds; Carbohydrates and carbohydrate conjugates; Lipids and lipid-like molecules; Amino acids, peptides, and analogues; Alpha amino acids and derivatives; Alcohols and polyols; Fatty acids and conjugates; Organic acids and derivatives; Carboxylic acids and derivatives; Organonitrogen compounds; Primary alcohols; Medium-chain hydroxy acids and derivatives; Organooxygen compounds; Branched fatty acids; Hydroxy fatty acids; Amino acids and derivatives; Hydroxy acids and derivatives; Amino fatty acids; Monocarboxylic acids and derivatives; Carboxylic acids; Monosaccharides; Secondary alcohols; Beta hydroxy acids and derivatives; Carbonyl compounds; Dialkylamines; Alpha amino acids; Amines; Secondary amines; Alkanolamines; Medium-chain fatty acids; Methyl-branched fatty acids; Fatty Acyls; Organic oxides; Hydrocarbon derivatives; Amino acids; Organopnictogen compounds; Organic oxygen compounds; Organic nitrogen compounds; Chemical entities	276.143	69	1.146	816964675328539825	816964175279404880	816964175279404879	369	
4	C14H14N6O3	[M + K]+	C14H14KN6O3+	Alkaloids	0.368	Small peptides	0.250	Purine nucleosides	0.117	Benzenoids	0.941	Benzene and substituted derivatives	0.869	Benzoyl derivatives	0.506			Benzoyl derivatives	0.506	Organic compounds; Organoheterocyclic compounds; Organic acids and derivatives; Carboxylic acids and derivatives; Organonitrogen compounds; Benzoyl derivatives; Organooxygen compounds; Benzene and substituted derivatives; Benzenoids; Amines; Primary amines; Organic oxides; Azacyclic compounds; Heteroaromatic compounds; Hydrocarbon derivatives; Organopnictogen compounds; Organic oxygen compounds; Organic nitrogen compounds; Chemical entities	353.077	70	1.163	816964702637657601	816964175346513749	816964175346513748	371	
2	C14H19NO6S	[M + Na]+	C14H19NNaO6S+	Amino acids and Peptides	0.999	Amino acid glycosides	1.000	Glucosinolates	0.986	Organic oxygen compounds	1.000	Organooxygen compounds	0.999	Carbohydrates and carbohydrate conjugates	0.985	Monosaccharides	0.985	Hexoses	0.946	Organic compounds; Organoheterocyclic compounds; Organosulfur compounds; Carbohydrates and carbohydrate conjugates; Alcohols and polyols; Organic acids and derivatives; Organonitrogen compounds; Primary alcohols; Organooxygen compounds; Organic sulfuric acids and derivatives; Thioacetals; Hexoses; Monosaccharides; Secondary alcohols; Oxanes; Glycosyl compounds; Monothioacetals; Thioglycosides; Benzene and substituted derivatives; Polyols; Benzenoids; Sulfenyl compounds; Organic oxides; Oxacyclic compounds; Hydrocarbon derivatives; Organopnictogen compounds; Organic oxygen compounds; Organic nitrogen compounds; Chemical entities	352.080	70	1.170	816964707171700885	816964175552034655	816964175552034654	373	
4	C13H17N5O4	[M + H]+	C13H18N5O4+	Carbohydrates	0.914	Nucleosides	0.941	Purine nucleosides	0.932	Nucleosides, nucleotides, and analogues	0.918	Purine nucleosides	0.744					Purine nucleosides	0.744	Organic compounds; Organoheterocyclic compounds; Carbohydrates and carbohydrate conjugates; Amino acids, peptides, and analogues; Pyrimidines and pyrimidine derivatives; Imidazoles; Alcohols and polyols; Purines and purine derivatives; Organic acids and derivatives; Carboxylic acids and derivatives; Organonitrogen compounds; Nucleosides, nucleotides, and analogues; Organooxygen compounds; Amino acids and derivatives; Azoles; Purine nucleosides; Carboxylic acids; Aminopyrimidines and derivatives; Diazines; Pentoses; Monosaccharides; Secondary alcohols; Imidazopyrimidines; Carbonyl compounds; Glycosyl compounds; Glycosylamines; Polyols; Substituted imidazoles; N-substituted imidazoles; Alpha amino acids; Amines; Primary amines; 1,2-diols; Tetrahydrofurans; 6-aminopurines; 6-alkylaminopurines; Imidolactams; Organic oxides; Azacyclic compounds; Oxacyclic compounds; Heteroaromatic compounds; Hydrocarbon derivatives; Amino acids; Organopnictogen compounds; Organic oxygen compounds; Organic nitrogen compounds; Chemical entities	308.132	71	1.180	816964719851084578	816964175644309348	816964175644309347	374	
1	C11H20N2O3	[M + H]+	C11H21N2O3+	Alkaloids	0.238	Small peptides	0.189	Aminoacids	0.034	Organic acids and derivatives	0.843	Carboxylic acids and derivatives	0.835	Amino acids, peptides, and analogues	0.546	Amino acids and derivatives	0.542	Amino acids and derivatives	0.542	Organic compounds; Organoheterocyclic compounds; Amino acids, peptides, and analogues; Oxazinanes; Ethers; Organic acids and derivatives; Carboxylic acids and derivatives; Organonitrogen compounds; Organooxygen compounds; Amino acids and derivatives; Morpholines; Carboxylic acid amides; Carboxylic acid derivatives; Dialkyl ethers; Tertiary carboxylic acid amides; Carbonyl compounds; Trialkylamines; Amines; Tertiary amines; Organic oxides; Azacyclic compounds; Oxacyclic compounds; Hydrocarbon derivatives; Organopnictogen compounds; Organic oxygen compounds; Organic nitrogen compounds; Chemical entities	229.154	71	1.183	816964695524116836	816964175744972649	816964175744972648	375	
3	C3H8N2O2	[M + Na]+	C3H8N2NaO2+	Fatty acids	0.839	Fatty Acids and Conjugates	0.691	Amino fatty acids	0.874	Organic acids and derivatives	0.993	Carboxylic acids and derivatives	0.986	Amino acids, peptides, and analogues	0.892	Amino acids and derivatives	0.892	Alpha amino acids and derivatives	0.617	Organic compounds; Amino acids, peptides, and analogues; Alpha amino acids and derivatives; Organic acids and derivatives; Carboxylic acids and derivatives; Organonitrogen compounds; Organooxygen compounds; Amino acids and derivatives; Monoalkylamines; Monocarboxylic acids and derivatives; Carboxylic acids; Carbonyl compounds; Amines; Primary amines; Organic oxides; Hydrocarbon derivatives; Amino acids; Organopnictogen compounds; Organic oxygen compounds; Organic nitrogen compounds; Chemical entities	127.049	72	1.193	816964677824151264	816964175845635950	816964175816275821	376	
1	C11H21NO6	[M + H]+	C11H22NO6+	Amino acids and Peptides	0.651	Small peptides	0.649	Aminoacids	0.479	Organic acids and derivatives	0.996	Carboxylic acids and derivatives	0.994	Amino acids, peptides, and analogues	0.888	Amino acids and derivatives	0.888	Alpha amino acids and derivatives	0.769	Organic compounds; Lipids and lipid-like molecules; Amino acids, peptides, and analogues; Alpha amino acids and derivatives; Alcohols and polyols; Fatty acids and conjugates; Organic acids and derivatives; Carboxylic acids and derivatives; Organonitrogen compounds; Organooxygen compounds; Branched fatty acids; Hydroxy fatty acids; Amino acids and derivatives; Hydroxy acids and derivatives; Amino fatty acids; Carboxylic acid derivatives; Monocarboxylic acids and derivatives; Carboxylic acids; Secondary alcohols; Carbonyl compounds; Amines; Fatty Acyls; Organic oxides; Hydrocarbon derivatives; Amino acids; Organopnictogen compounds; Organic oxygen compounds; Organic nitrogen compounds; Chemical entities	264.142	73	1.223	816964680256848027	816964175916939123	816964175916939122	379	
5	C9H14N4O3S	[M + Na]+	C9H14N4NaO3S+	Alkaloids	0.544	Histidine alkaloids	0.684	Imidazole alkaloids	0.683	Organoheterocyclic compounds	0.985	Azoles	0.731					Azoles	0.731	Organic compounds; Organoheterocyclic compounds; Organosulfur compounds; Organonitrogen compounds; Organooxygen compounds; Azoles; Thioethers; Sulfenyl compounds; Dialkylthioethers; Organic oxides; Azacyclic compounds; Heteroaromatic compounds; Hydrocarbon derivatives; Organopnictogen compounds; Organic oxygen compounds; Organic nitrogen compounds; Chemical entities	281.067	74	1.227	816964725819580765	816964176013408120	816964176013408119	381	
4	C11H18N2O3	[M + K]+	C11H18KN2O3+	Amino acids and Peptides	0.757	Small peptides	0.730	Aminoacids	0.573	Organic acids and derivatives	0.901	Carboxylic acids and derivatives	0.865	Amino acids, peptides, and analogues	0.617	Amino acids and derivatives	0.618	Amino acids and derivatives	0.618	Organic compounds; Lipids and lipid-like molecules; Amino acids, peptides, and analogues; Organic acids and derivatives; Carboxylic acids and derivatives; Organonitrogen compounds; Organooxygen compounds; Amino acids and derivatives; Monoalkylamines; Monocarboxylic acids and derivatives; Carbonyl compounds; Amines; Primary amines; Fatty Acyls; Organic oxides; Hydrocarbon derivatives; Organopnictogen compounds; Organic oxygen compounds; Organic nitrogen compounds; Chemical entities	265.095	75	1.246	816964699944913837	816964176231511938	816964176231511937	389	
4	C10H16BClN2O2	[M + K]+	C10H16BClKN2O2+	Amino acids and Peptides	0.363	Small peptides	0.529	Aminoacids	0.449	Organoheterocyclic compounds	0.742	Azacyclic compounds	0.597					Azacyclic compounds	0.597	Organic compounds; Organoheterocyclic compounds; Organic acids and derivatives; Organonitrogen compounds; Organooxygen compounds; Organometallic compounds; Organometalloid compounds; Organoboron compounds; Organic salts; Organic oxides; Organic metalloid salts; Organic metal salts; Azacyclic compounds; Hydrocarbon derivatives; Alkylboranes; Organic oxygen compounds; Organic nitrogen compounds; Chemical entities	280.064	75	1.251	816964717946869991	816964176323786631	816964176323786630	386	
1	C12H20N2O3	[M + H]+	C12H21N2O3+	Amino acids and Peptides	0.946	Small peptides	0.813	Dipeptides	0.295	Organic acids and derivatives	0.999	Carboxylic acids and derivatives	0.997	Amino acids, peptides, and analogues	0.774	Amino acids and derivatives	0.769	Alpha amino acids and derivatives	0.573	Organic compounds; Organoheterocyclic compounds; Lipids and lipid-like molecules; Amino acids, peptides, and analogues; Alpha amino acids and derivatives; Organic acids and derivatives; Carboxylic acids and derivatives; Organonitrogen compounds; Organooxygen compounds; Amino acids and derivatives; Carboxylic acid amides; Carboxylic acid derivatives; Monocarboxylic acids and derivatives; Carboxylic acids; Secondary carboxylic acid amides; Tertiary carboxylic acid amides; Carbonyl compounds; Fatty Acyls; Organic oxides; Azacyclic compounds; Hydrocarbon derivatives; Organopnictogen compounds; Organic oxygen compounds; Organic nitrogen compounds; Chemical entities	241.153	82	1.361	816964696635607537	816964176822908832	816964176822908831	406	
3	C11H10N6O4	[M + H]+	C11H11N6O4+	Alkaloids	0.781	Pseudoalkaloids (transamidation)	0.584	Purine alkaloids	0.791	Organoheterocyclic compounds	0.985	Diazines	0.613	Pyrimidines and pyrimidine derivatives	0.578	Pyrimidones	0.577	Pyrimidones	0.577	Organic compounds; Organoheterocyclic compounds; Pyrimidines and pyrimidine derivatives; Organic acids and derivatives; Carboxylic acids and derivatives; Organonitrogen compounds; Pyrimidones; Organooxygen compounds; Azoles; Carboxylic acid amides; Carboxylic acid derivatives; Diazines; Carbonyl compounds; Vinylogous amides; Organic oxides; Azacyclic compounds; Heteroaromatic compounds; Hydrocarbon derivatives; Organopnictogen compounds; Organic oxygen compounds; Organic nitrogen compounds; Chemical entities	291.082	83	1.380	816964729854502435	816964176910989221	816964176910989220	411	
3	C21H18F3N5	[M + H]+	C21H19F3N5+	Alkaloids	0.914	Tryptophan alkaloids	0.296	Carboline alkaloids	0.161	Organoheterocyclic compounds	0.999	Diazines	0.655	Pyrimidines and pyrimidine derivatives	0.568	Aminopyrimidines and derivatives	0.593	Aminopyrimidines and derivatives	0.593	Organic compounds; Organoheterocyclic compounds; Halobenzenes; Pyrimidines and pyrimidine derivatives; Pyridines and derivatives; Organohalogen compounds; Organonitrogen compounds; Aryl fluorides; Fluorobenzenes; Aminopyrimidines and derivatives; Diazines; Organofluorides; Benzene and substituted derivatives; Benzenoids; Amines; Secondary amines; Aryl halides; Imidolactams; Aralkylamines; Azacyclic compounds; Heteroaromatic compounds; Hydrocarbon derivatives; Organopnictogen compounds; Organic nitrogen compounds; Chemical entities	398.161	84	1.406	816964741070073989	816964177414305726	816964177414305725	426	
4	C7H13N2O4P	[M + K]+	C7H13KN2O4P+	Alkaloids	0.193	Monoterpenoids	0.059	Imidazole alkaloids	0.044	Organoheterocyclic compounds	0.785	Heteroaromatic compounds	0.557					Heteroaromatic compounds	0.557	Organic compounds; Organoheterocyclic compounds; Organonitrogen compounds; Organooxygen compounds; Organophosphorus compounds; Organic oxides; Azacyclic compounds; Heteroaromatic compounds; Hydrocarbon derivatives; Organopnictogen compounds; Organic oxygen compounds; Organic nitrogen compounds; Chemical entities	259.025	84	1.406	816964718328551764	816964177120704431	816964177120704430	420	
3	C12H18N4O2S2	[M + K]+	C12H18KN4O2S2+	Amino acids and Peptides	0.646	Oligopeptides	0.295	Cyclamides	0.409	Organoheterocyclic compounds	0.893	Azoles	0.731					Azoles	0.731	Organic compounds; Organoheterocyclic compounds; Organosulfur compounds; Organonitrogen compounds; Azoles; Thioethers; Dialkylthioethers; Organic oxides; Azacyclic compounds; Heteroaromatic compounds; Hydrocarbon derivatives; Organopnictogen compounds; Organic oxygen compounds; Organic nitrogen compounds; Chemical entities	353.052	84	1.407	816964740944244831	816964177519163331	816964177485608898	423	
6	C31H25N3O6	[M + Na]+	C31H25N3NaO6+	Alkaloids	0.996	Anthranilic acid alkaloids	0.702	Acridone alkaloids	0.340	Benzenoids	1.000	Benzene and substituted derivatives	0.935	Anilides	0.544	Aromatic anilides	0.502	Aromatic anilides	0.502	Organic compounds; Organoheterocyclic compounds; Pyridines and derivatives; Alkyl aryl ethers; Anisoles; Ethers; Organic acids and derivatives; Carboxylic acids and derivatives; Organonitrogen compounds; Anilides; Benzoyl derivatives; Organooxygen compounds; Carboxylic acid amides; Carboxylic acid derivatives; Secondary carboxylic acid amides; Benzene and substituted derivatives; Phenol ethers; Benzenoids; Vinylogous amides; Organic oxides; Methoxybenzenes; Azacyclic compounds; Heteroaromatic compounds; Hydrocarbon derivatives; Organopnictogen compounds; Organic oxygen compounds; Organic nitrogen compounds; Aromatic anilides; Phenoxy compounds; Chemical entities	558.158	84	1.407	816964743330804346	816964177586272200	816964177586272199	421	
4	C21H28N8O8	[M + K]+	C21H28KN8O8+	Carbohydrates	0.867	Nucleosides	0.738	Purine alkaloids	0.846	Nucleosides, nucleotides, and analogues	0.868	Purine nucleosides	0.864					Purine nucleosides	0.864	Organic compounds; Organoheterocyclic compounds; Carbohydrates and carbohydrate conjugates; Pyrimidines and pyrimidine derivatives; Imidazoles; Alcohols and polyols; Purines and purine derivatives; Organonitrogen compounds; Primary alcohols; Nucleosides, nucleotides, and analogues; Organooxygen compounds; Azoles; Purine nucleosides; Aminopyrimidines and derivatives; Diazines; Pentoses; Monosaccharides; Secondary alcohols; Imidazopyrimidines; Glycosyl compounds; Glycosylamines; Benzene and substituted derivatives; Substituted imidazoles; N-substituted imidazoles; Benzenoids; Amines; Primary amines; 6-aminopurines; 6-alkylaminopurines; Imidolactams; Azacyclic compounds; Oxacyclic compounds; Heteroaromatic compounds; Hydrocarbon derivatives; Organopnictogen compounds; Organic oxygen compounds; Organic nitrogen compounds; Chemical entities	559.165	85	1.410	816964732236867967	816964177691129805	816964177691129804	427	
7	C15H29NO9	[M + K]+	C15H29KNO9+	Carbohydrates	0.980	Aminosugars and aminoglycosides	0.739	Cyanogenic glycosides	0.532	Organic oxygen compounds	1.000	Organooxygen compounds	1.000	Carbohydrates and carbohydrate conjugates	0.977	Glycosyl compounds	0.897	O-glycosyl compounds	0.861	Organic compounds; Organoheterocyclic compounds; Carbohydrates and carbohydrate conjugates; Alcohols and polyols; Ethers; Organonitrogen compounds; Primary alcohols; Organooxygen compounds; Monosaccharides; Acetals; Secondary alcohols; Oxanes; Glycosyl compounds; O-glycosyl compounds; Polyols; Oxacyclic compounds; Hydrocarbon derivatives; Organopnictogen compounds; Organic oxygen compounds; Organic nitrogen compounds; Chemical entities	406.147	85	1.410	816964729888056901	816964177800181714	816964177800181713	425	
2	C20H18N2O6	[M + K]+	C20H18KN2O6+	Alkaloids	0.998	Tryptophan alkaloids	0.982	Carboline alkaloids	0.673	Organoheterocyclic compounds	1.000	Indoles and derivatives	0.818	Pyridoindoles	0.820	Beta carbolines	0.822	Beta carbolines	0.822	Organic compounds; Organoheterocyclic compounds; Carbohydrates and carbohydrate conjugates; Pyridines and derivatives; Pyrroles; Alcohols and polyols; Lactams; Indoles and derivatives; Ethers; Organic acids and derivatives; Carboxylic acids and derivatives; Organonitrogen compounds; Primary alcohols; Organooxygen compounds; Pyridoindoles; Hexoses; Monosaccharides; Acetals; Secondary alcohols; Carbonyl compounds; Beta carbolines; Oxanes; Glycosyl compounds; O-glycosyl compounds; Polyols; Benzenoids; Indoles; Vinylogous esters; Organic oxides; Azacyclic compounds; Oxacyclic compounds; Heteroaromatic compounds; Hydrocarbon derivatives; Organopnictogen compounds; Organic oxygen compounds; Organic nitrogen compounds; Chemical entities	421.077	85	1.413	816964722761932377	816964177900845015	816964177900845014	433	
4	C17H33NO9	[M + Na]+	C17H33NNaO9+	Carbohydrates	0.402	Ornithine alkaloids	0.369	Pyrrolizidine alkaloids	0.151	Organic acids and derivatives	0.936	Carboxylic acids and derivatives	0.938	Amino acids, peptides, and analogues	0.755	Amino acids and derivatives	0.755	Amino acids and derivatives	0.755	Organic compounds; Carbohydrates and carbohydrate conjugates; Lipids and lipid-like molecules; Amino acids, peptides, and analogues; Alcohols and polyols; Organic acids and derivatives; Carboxylic acids and derivatives; Organonitrogen compounds; Organooxygen compounds; Fatty acid esters; Amino acids and derivatives; Hydroxy acids and derivatives; Carboxylic acid derivatives; Carboxylic acid esters; Monosaccharides; Secondary alcohols; Tertiary alcohols; Carbonyl compounds; Polyols; Amines; Fatty Acyls; Organic oxides; Hydrocarbon derivatives; Organopnictogen compounds; Organic oxygen compounds; Organic nitrogen compounds; Chemical entities	418.206	88	1.459	816964730789832502	816964178366412779	816964178366412778	442	
1	C9H11NO2	[M + H]+	C9H12NO2+	Amino acids and Peptides	1.000	Small peptides	1.000	Aminoacids	1.000	Organic acids and derivatives	1.000	Carboxylic acids and derivatives	1.000	Amino acids, peptides, and analogues	0.997	Amino acids and derivatives	0.997	Phenylalanine and derivatives	0.943	Organic compounds; Amino acids, peptides, and analogues; Alpha amino acids and derivatives; Phenethylamines; Amphetamines and derivatives; Phenylpropanoids and polyketides; Organic acids and derivatives; Carboxylic acids and derivatives; Organonitrogen compounds; Organooxygen compounds; Amino acids and derivatives; Monoalkylamines; Monocarboxylic acids and derivatives; Carboxylic acids; Carbonyl compounds; Benzene and substituted derivatives; Alpha amino acids; Benzenoids; Amines; Primary amines; Phenylpropanoic acids; Aralkylamines; Organic oxides; Hydrocarbon derivatives; Amino acids; Phenylalanine and derivatives; Organopnictogen compounds; Organic oxygen compounds; Organic nitrogen compounds; Chemical entities	166.085	91	1.521	816964726301925843	816964178819397626	816964178819397625	451	
1	C8H9N	[M + H]+	C8H10N+	Alkaloids	0.960	Pseudoalkaloids (transamidation)	0.315	Phenylalanine-derived alkaloids	0.656	Benzenoids	0.991	Benzene and substituted derivatives	0.949	Phenethylamines	0.631			Phenethylamines	0.631	Organic compounds; Phenethylamines; Organonitrogen compounds; Monoalkylamines; Benzene and substituted derivatives; Benzenoids; Amines; Primary amines; Aralkylamines; Hydrocarbon derivatives; Organopnictogen compounds; Organic nitrogen compounds; Chemical entities	120.080	91	1.523	816964733088311897	816964178970392575	816964178970392574	453	
1	C8H19N2	[M + Na]+	C8H19N2Na+	Alkaloids	0.942	Pseudoalkaloids (transamidation)	0.832	Acetate-derived alkaloids	0.917	Organic nitrogen compounds	1.000	Organonitrogen compounds	1.000	Amines	0.919	Secondary amines	0.437	Dialkylamines	0.508	Organic compounds; Organonitrogen compounds; Dialkylamines; Amines; Primary amines; Hydrocarbon derivatives; Organopnictogen compounds; Organic nitrogen compounds; Chemical entities	166.143	92	1.527	816964733704874747	816964179142359049	816964179142359048	455	
3	C21H24N6O5	[M + H]+	C21H25N6O5+	Amino acids and Peptides	0.836	Nucleosides	0.539	Purine nucleosides	0.370	Organic acids and derivatives	0.948	Carboxylic acids and derivatives	0.822	Amino acids, peptides, and analogues	0.740	Amino acids and derivatives	0.730	Amino acids and derivatives	0.730	Organic compounds; Organoheterocyclic compounds; Amino acids, peptides, and analogues; Pyrimidines and pyrimidine derivatives; Imidazoles; Organic acids and derivatives; Carboxylic acids and derivatives; Organonitrogen compounds; Organooxygen compounds; Amino acids and derivatives; Azoles; Carboxylic acid amides; Carboxylic acid derivatives; Diazines; Secondary carboxylic acid amides; Carbonyl compounds; Benzene and substituted derivatives; Substituted imidazoles; N-substituted imidazoles; Benzenoids; Amines; Tertiary amines; Tertiary alkylarylamines; Dialkylarylamines; Organic oxides; Azacyclic compounds; Oxacyclic compounds; Heteroaromatic compounds; Hydrocarbon derivatives; Organopnictogen compounds; Organic oxygen compounds; Organic nitrogen compounds; Chemical entities	441.185	92	1.540	816964732115233076	816964179251410958	816964179251410957	460	
2	C25H24O7	[M + H]+	C25H25O7+	Shikimates and Phenylpropanoids	0.877	Isoflavonoids	0.314	Furocoumarins	0.361	Organoheterocyclic compounds	0.968	Benzopyrans	0.893	1-benzopyrans	0.898	Chromones	0.664	Chromones	0.664	Organic compounds; Organoheterocyclic compounds; Pyrans; Benzopyrans; Alkyl aryl ethers; Alcohols and polyols; Anisoles; Chromones; Ethers; Phenylpropanoids and polyketides; Organic acids and derivatives; Organooxygen compounds; Pyranones and derivatives; Phenol ethers; Benzenoids; 1-benzopyrans; Organic oxides; Oxacyclic compounds; Heteroaromatic compounds; Hydrocarbon derivatives; Organic oxygen compounds; Chemical entities	437.161	95	1.583	816964737567829537	816964179356268563	816964179356268562	465	
8	C14H19N5O5	[M + Na]+	C14H19N5NaO5+	Carbohydrates	0.968	Nucleosides	0.929	Purine nucleosides	0.873	Nucleosides, nucleotides, and analogues	0.857	Purine nucleosides	0.544					Purine nucleosides	0.544	Organic compounds; Organoheterocyclic compounds; Carbohydrates and carbohydrate conjugates; Pyrimidines and pyrimidine derivatives; Imidazoles; Alcohols and polyols; Purines and purine derivatives; Organic acids and derivatives; Organonitrogen compounds; Nucleosides, nucleotides, and analogues; Organooxygen compounds; Azoles; Purine nucleosides; Aminopyrimidines and derivatives; Diazines; Monosaccharides; Secondary alcohols; Imidazopyrimidines; Glycosyl compounds; Glycosylamines; Polyols; Substituted imidazoles; N-substituted imidazoles; Amines; Primary amines; 6-aminopurines; 6-alkylaminopurines; Imidolactams; Organic oxides; Azacyclic compounds; Oxacyclic compounds; Heteroaromatic compounds; Hydrocarbon derivatives; Organopnictogen compounds; Organic oxygen compounds; Organic nitrogen compounds; Chemical entities	360.128	97	1.621	816964737278422495	816964179524040733	816964179524040732	470	
1	C14H12N4	[M + H]+	C14H13N4+	Alkaloids	0.811	Tryptophan alkaloids	0.075	Quinazoline alkaloids	0.049	Benzenoids	0.998	Benzene and substituted derivatives	0.951					Benzene and substituted derivatives	0.951	Organic compounds; Organoheterocyclic compounds; Organonitrogen compounds; Azoles; Benzene and substituted derivatives; Benzenoids; Amines; Azacyclic compounds; Heteroaromatic compounds; Hydrocarbon derivatives; Organopnictogen compounds; Organic nitrogen compounds; Chemical entities	237.114	98	1.637	816964732190730587	816964179716978727	816964179716978726	477	
4	C19H26O11	[M + C2H3N + H]+	C21H30NO11+	Shikimates and Phenylpropanoids	0.571	Monoterpenoids	0.309	Secoiridoid monoterpenoids	0.276	Organic oxygen compounds	1.000	Organooxygen compounds	1.000	Carbohydrates and carbohydrate conjugates	0.986	Disaccharides	0.762	Disaccharides	0.762	Organic compounds; Organoheterocyclic compounds; Carbohydrates and carbohydrate conjugates; Alcohols and polyols; Ethers; Primary alcohols; Organooxygen compounds; Disaccharides; Acetals; Secondary alcohols; Oxanes; Glycosyl compounds; O-glycosyl compounds; Benzene and substituted derivatives; Polyols; Benzenoids; Organic oxides; Oxacyclic compounds; Hydrocarbon derivatives; Organic oxygen compounds; Chemical entities	472.180	99	1.642	816964735697169541	816964179914111025	816964179914111024	474	
2	C19H33NO12	[M + Na]+	C19H33NNaO12+	Carbohydrates	0.811	Amino acid glycosides	0.598	Cyanogenic glycosides	0.705	Organic oxygen compounds	1.000	Organooxygen compounds	1.000	Carbohydrates and carbohydrate conjugates	0.999	Disaccharides	0.875	Disaccharides	0.875	Organic compounds; Organoheterocyclic compounds; Carbohydrates and carbohydrate conjugates; Alcohols and polyols; Ethers; Organonitrogen compounds; Primary alcohols; Organooxygen compounds; Disaccharides; Acetals; Secondary alcohols; Oxanes; Glycosyl compounds; O-glycosyl compounds; Dialkylamines; Polyols; Amines; Secondary amines; Cyclitols and derivatives; Oxacyclic compounds; Hydrocarbon derivatives; Organopnictogen compounds; Organic oxygen compounds; Organic nitrogen compounds; Chemical entities	490.190	99	1.647	816964782224589544	816964179981219894	816964179981219893	475	
3	C15H21NO7	[M - H2O + H]+	C15H20NO6+	Alkaloids	0.169	Pseudoalkaloids (transamidation)	0.046	Aminosugars	0.014	Organic acids and derivatives	0.999	Carboxylic acids and derivatives	0.999	Amino acids, peptides, and analogues	0.995	Amino acids and derivatives	0.995	Phenylalanine and derivatives	0.902	Organic compounds; Organoheterocyclic compounds; Carbohydrates and carbohydrate conjugates; Amino acids, peptides, and analogues; Alpha amino acids and derivatives; Alcohols and polyols; Phenethylamines; Amphetamines and derivatives; Phenylpropanoids and polyketides; Organic acids and derivatives; Carboxylic acids and derivatives; Organonitrogen compounds; Primary alcohols; Organooxygen compounds; Amino acids and derivatives; Monocarboxylic acids and derivatives; Carboxylic acids; Monosaccharides; Secondary alcohols; Carbonyl compounds; Glycosyl compounds; C-glycosyl compounds; Dialkylamines; Benzene and substituted derivatives; Polyols; Alpha amino acids; Benzenoids; Amines; Secondary amines; Phenylpropanoic acids; Aralkylamines; Organic oxides; Oxacyclic compounds; L-alpha-amino acids; Hydrocarbon derivatives; Amino acids; Phenylalanine and derivatives; Organopnictogen compounds; Organic oxygen compounds; Organic nitrogen compounds; Chemical entities	310.127	100	1.660	816964743230141007	816964180186740800	816964180186740799	479	
1	C15H21NO7	[M + H]+	C15H22NO7+	Carbohydrates	0.198	Small peptides	0.046	Aminosugars	0.030	Organic acids and derivatives	0.999	Carboxylic acids and derivatives	0.999	Amino acids, peptides, and analogues	0.995	Amino acids and derivatives	0.995	Phenylalanine and derivatives	0.921	Organic compounds; Organoheterocyclic compounds; Carbohydrates and carbohydrate conjugates; Amino acids, peptides, and analogues; Alpha amino acids and derivatives; Alcohols and polyols; Phenethylamines; Amphetamines and derivatives; Phenylpropanoids and polyketides; Organic acids and derivatives; Carboxylic acids and derivatives; Organonitrogen compounds; Primary alcohols; Organooxygen compounds; Amino acids and derivatives; Monocarboxylic acids and derivatives; Carboxylic acids; Pentoses; Monosaccharides; Secondary alcohols; Carbonyl compounds; Glycosyl compounds; C-glycosyl compounds; Dialkylamines; Benzene and substituted derivatives; Polyols; Alpha amino acids; Benzenoids; Amines; Secondary amines; Phenylpropanoic acids; Aralkylamines; Organic oxides; Oxacyclic compounds; L-alpha-amino acids; Hydrocarbon derivatives; Amino acids; Phenylalanine and derivatives; Organopnictogen compounds; Organic oxygen compounds; Organic nitrogen compounds; Chemical entities	328.138	100	1.665	816964748296861205	816964180325152837	816964180308375620	480	
1	C8H11N	[M + H]+	C8H12N+	Alkaloids	0.989	Pseudoalkaloids (transamidation)	0.159	Phenylalanine-derived alkaloids	0.635	Organic nitrogen compounds	1.000	Organonitrogen compounds	1.000	Amines	0.997	Aralkylamines	0.945	Aralkylamines	0.945	Organic compounds; Organonitrogen compounds; Monoalkylamines; Benzene and substituted derivatives; Benzenoids; Amines; Primary amines; Aralkylamines; Hydrocarbon derivatives; Organopnictogen compounds; Organic nitrogen compounds; Chemical entities	122.095	103	1.719	816964737685270086	816964180392261706	816964180392261705	486	
1	C17H34N6O4	[M + H]+	C17H35N6O4+	Amino acids and Peptides	0.999	Small peptides	0.998	Tripeptides	0.979	Organic acids and derivatives	1.000	Carboxylic acids and derivatives	1.000	Amino acids, peptides, and analogues	0.998	Peptides	0.997	Oligopeptides	0.926	Organic compounds; Lipids and lipid-like molecules; Amino acids, peptides, and analogues; Alpha amino acids and derivatives; Fatty acids and conjugates; Organic acids and derivatives; Carboxylic acids and derivatives; Organonitrogen compounds; Organooxygen compounds; Fatty amides; Branched fatty acids; Amino acids and derivatives; Peptides; Guanidines; Monoalkylamines; Carboxylic acid amides; Carboxylic acid derivatives; N-acyl amines; Monocarboxylic acids and derivatives; N-acyl-alpha amino acids and derivatives; Carboxylic acids; Secondary carboxylic acid amides; Carbonyl compounds; Alpha amino acid amides; N-acyl-alpha amino acids; Amines; Primary amines; Carboximidamides; Methyl-branched fatty acids; Fatty Acyls; Organic oxides; Hydrocarbon derivatives; Amino acids; Leucine and derivatives; Isoleucine and derivatives; Organopnictogen compounds; Organic oxygen compounds; Organic nitrogen compounds; Oligopeptides; Chemical entities	387.270	106	1.760	816964742491943293	816964180492925007	816964180492925006	493	
1	C12H21NO6	[M + Na]+	C12H21NNaO6+	Alkaloids	0.258	Small peptides	0.323	Aminoacids	0.246	Organic acids and derivatives	0.998	Carboxylic acids and derivatives	0.998	Amino acids, peptides, and analogues	0.996	Amino acids and derivatives	0.996	Alpha amino acids	0.980	Organic compounds; Lipids and lipid-like molecules; Amino acids, peptides, and analogues; Alpha amino acids and derivatives; Alcohols and polyols; Fatty acids and conjugates; Organic acids and derivatives; Carboxylic acids and derivatives; Organonitrogen compounds; Organooxygen compounds; Branched fatty acids; Hydroxy fatty acids; Dicarboxylic acids and derivatives; Amino acids and derivatives; Hydroxy acids and derivatives; Amino fatty acids; Carboxylic acids; Secondary alcohols; Beta hydroxy acids and derivatives; Carbonyl compounds; Dialkylamines; Alpha amino acids; Amines; Secondary amines; Fatty Acyls; Organic oxides; Hydrocarbon derivatives; Amino acids; Organopnictogen compounds; Organic oxygen compounds; Organic nitrogen compounds; Chemical entities	298.127	110	1.827	816964754164693435	816964180597782612	816964180597782611	503	
1	C8H14F2N4O	[M + H]+	C8H15F2N4O+	Alkaloids	0.655	Pseudoalkaloids (transamidation)	0.102	Purine alkaloids	0.028	Organohalogen compounds	0.997	Aryl halides	0.641	Aryl fluorides	0.678			Aryl fluorides	0.678	Organic compounds; Organoheterocyclic compounds; Organohalogen compounds; Organonitrogen compounds; Organooxygen compounds; Azoles; Aryl fluorides; Organofluorides; Aryl halides; Azacyclic compounds; Heteroaromatic compounds; Hydrocarbon derivatives; Organopnictogen compounds; Organic oxygen compounds; Organic nitrogen compounds; Chemical entities	221.120	110	1.831	816964747629966677	816964180803303518	816964180769749085	501	
2	C9H17NO5	[M + H]+	C9H18NO5+	Fatty acids	0.776	Fatty amides	0.760	N-acyl amines	0.694	Lipids and lipid-like molecules	0.887	Fatty Acyls	0.879	Fatty amides	0.824	N-acyl amines	0.801	N-acyl amines	0.801	Organic compounds; Carbohydrates and carbohydrate conjugates; Lipids and lipid-like molecules; Alcohols and polyols; Organic acids and derivatives; Carboxylic acids and derivatives; Organonitrogen compounds; Primary alcohols; Organooxygen compounds; Fatty amides; Carboxylic acid amides; Carboxylic acid derivatives; N-acyl amines; Monocarboxylic acids and derivatives; Monosaccharides; Secondary alcohols; Secondary carboxylic acid amides; Carbonyl compounds; Fatty Acyls; Organic oxides; Hydrocarbon derivatives; Organopnictogen compounds; Organic oxygen compounds; Organic nitrogen compounds; Chemical entities	220.117	110	1.838	816964760145771643	816964180882995299	816964180882995298	504	
1	C12H23N3O5	[M + H]+	C12H24N3O5+	Amino acids and Peptides	0.999	Small peptides	0.998	Tripeptides	0.998	Organic acids and derivatives	1.000	Carboxylic acids and derivatives	1.000	Amino acids, peptides, and analogues	0.998	Peptides	0.998	Oligopeptides	0.986	Organic compounds; Lipids and lipid-like molecules; Amino acids, peptides, and analogues; Alpha amino acids and derivatives; Fatty acids and conjugates; Organic acids and derivatives; Carboxylic acids and derivatives; Organonitrogen compounds; Organooxygen compounds; Fatty amides; Branched fatty acids; Amino acids and derivatives; Peptides; Monoalkylamines; Carboxylic acid amides; Carboxylic acid derivatives; N-acyl amines; Monocarboxylic acids and derivatives; N-acyl-alpha amino acids and derivatives; Carboxylic acids; Secondary carboxylic acid amides; Carbonyl compounds; Alpha amino acid amides; N-acyl-alpha amino acids; Amines; Primary amines; Methyl-branched fatty acids; Fatty Acyls; Organic oxides; Hydrocarbon derivatives; Amino acids; Leucine and derivatives; Organopnictogen compounds; Organic oxygen compounds; Organic nitrogen compounds; Oligopeptides; Chemical entities	290.170	117	1.955	816964751178348688	816964181147236466	816964181147236465	514	
8	C22H17N3O3	[M + K]+	C22H17KN3O3+	Alkaloids	0.885	Tryptophan alkaloids	0.515	Carboline alkaloids	0.058	Organoheterocyclic compounds	0.988	Indoles and derivatives	0.561	Indoles	0.544			Indoles	0.544	Organic compounds; Organoheterocyclic compounds; Pyrroles; Indoles and derivatives; Organic acids and derivatives; Carboxylic acids and derivatives; Organonitrogen compounds; Organooxygen compounds; Carboxylic acid derivatives; Benzene and substituted derivatives; Benzenoids; Indoles; Organic oxides; Azacyclic compounds; Heteroaromatic compounds; Hydrocarbon derivatives; Organopnictogen compounds; Organic oxygen compounds; Organic nitrogen compounds; Chemical entities	410.088	123	2.049	816964755649477247	816964181348563068	816964181348563067	518	
3	C6H16BNOS	[M + Na]+	C6H16BNNaOS+	Amino acids and Peptides	0.205	Monoterpenoids	0.214	Pinane monoterpenoids	0.162	Organic acids and derivatives	0.579	Borinic acid derivatives	0.527					Borinic acid derivatives	0.527	Organic compounds; Organosulfur compounds; Organic acids and derivatives; Organonitrogen compounds; Organometallic compounds; Organometalloid compounds; Organoboron compounds; Borinic acid derivatives; Organic salts; Organic metalloid salts; Organic metal salts; Hydrocarbon derivatives; Alkylboranes; Dialkylboranes; Organic oxygen compounds; Organic nitrogen compounds; Chemical entities	183.098	124	2.062	816964749072807588	816964181616998539	816964181616998538	529	
1	C18H26N10O3	[M + H]+	C18H27N10O3+	Amino acids and Peptides	0.653	Oligopeptides	0.371	Purine nucleosides	0.159	Organic acids and derivatives	0.819	Carboxylic acids and derivatives	0.636	Amino acids, peptides, and analogues	0.611	Amino acids and derivatives	0.600	Amino acids and derivatives	0.600	Organic compounds; Organoheterocyclic compounds; Amino acids, peptides, and analogues; Organic acids and derivatives; Carboxylic acids and derivatives; Organonitrogen compounds; Organooxygen compounds; Amino acids and derivatives; Azoles; Carbonyl compounds; Amines; Primary amines; Organic oxides; Azacyclic compounds; Heteroaromatic compounds; Hydrocarbon derivatives; Organopnictogen compounds; Organic oxygen compounds; Organic nitrogen compounds; Chemical entities	431.223	124	2.075	816964765992632359	816964181793159317	816964181793159316	523	
1	C15H26N4O5	[M + H]+	C15H27N4O5+	Amino acids and Peptides	1.000	Small peptides	1.000	Dipeptides	0.973	Organic acids and derivatives	1.000	Carboxylic acids and derivatives	1.000	Amino acids, peptides, and analogues	1.000	Peptides	0.987	Dipeptides	0.850	Organic compounds; Organoheterocyclic compounds; Amino acids, peptides, and analogues; Alpha amino acids and derivatives; Pyrrolidines; Organic acids and derivatives; Carboxylic acids and derivatives; Organonitrogen compounds; Organooxygen compounds; Amino acids and derivatives; Peptides; Monoalkylamines; Carboxylic acid amides; Carboxylic acid derivatives; Monocarboxylic acids and derivatives; N-acyl-alpha amino acids and derivatives; Carboxylic acids; Tertiary carboxylic acid amides; Carbonyl compounds; Pyrrolidine carboxylic acids and derivatives; Alpha amino acid amides; N-acyl-alpha amino acids; Pyrrolidine carboxylic acids; Amines; Primary amines; N-acylpyrrolidines; Organic oxides; Azacyclic compounds; N-acyl-L-alpha-amino acids; Hydrocarbon derivatives; Amino acids; Proline and derivatives; Organopnictogen compounds; Organic oxygen compounds; Organic nitrogen compounds; Dipeptides; Chemical entities	343.196	127	2.116	816964760531647674	816964182053206180	816964182053206179	533	
2	C9H16O9S	[M + Na]+	C9H16NaO9S+	Fatty acids	0.994	Fatty Acids and Conjugates	0.670	Dicarboxylic acids	0.659	Organic acids and derivatives	1.000	Carboxylic acids and derivatives	1.000	Dicarboxylic acids and derivatives	0.892	Thiodiacetic acid derivatives	0.549	Thiodiacetic acid derivatives	0.549	Organic compounds; Organosulfur compounds; Lipids and lipid-like molecules; Fatty acids and conjugates; Organic acids and derivatives; Carboxylic acids and derivatives; Organooxygen compounds; Fatty acid esters; Dicarboxylic acids and derivatives; Carboxylic acid derivatives; Carboxylic acids; Carboxylic acid esters; Thiodiacetic acid derivatives; Carbonyl compounds; Fatty Acyls; Organic oxides; Hydrocarbon derivatives; Organic oxygen compounds; Chemical entities	323.041	131	2.190	816964775442399785	816964182254532782	816964182254532781	536	
10	C21H28O8	[M + H]+	C21H29O8+	Terpenoids	0.348	Diterpenoids	0.222	Quassinoids	0.102	Lipids and lipid-like molecules	0.655							Lipids and lipid-like molecules	0.655	Organic compounds; Organoheterocyclic compounds; Lipids and lipid-like molecules; Alcohols and polyols; Ethers; Organic acids and derivatives; Carboxylic acids and derivatives; Organooxygen compounds; Carboxylic acid derivatives; Carboxylic acid esters; Secondary alcohols; Carbonyl compounds; Organic oxides; Oxacyclic compounds; Hydrocarbon derivatives; Organic oxygen compounds; Chemical entities	409.185	132	2.201	816964762737852132	816964182527162557	816964182527162556	543	
1	C4H8N6O3	[M + H3N + H]+	C4H12N7O3+	Alkaloids	0.927	Pseudoalkaloids (transamidation)	0.940	Purine alkaloids	0.980	Organoheterocyclic compounds	0.967	Heteroaromatic compounds	0.898					Heteroaromatic compounds	0.898	Organic compounds; Organoheterocyclic compounds; Organic acids and derivatives; Organonitrogen compounds; Organooxygen compounds; Organic oxides; Azacyclic compounds; Heteroaromatic compounds; Hydrocarbon derivatives; Organopnictogen compounds; Organic oxygen compounds; Organic nitrogen compounds; Chemical entities	206.099	132	2.202	816964763383775072	816964182355196083	816964182355196082	538	
1	C11H12N2O2	[M + H]+	C11H13N2O2+	Amino acids and Peptides	1.000	Small peptides	1.000	Aminoacids	1.000	Organic acids and derivatives	1.000	Carboxylic acids and derivatives	1.000	Amino acids, peptides, and analogues	0.999	Amino acids and derivatives	0.999	Alpha amino acids	0.966	Organic compounds; Organoheterocyclic compounds; Amino acids, peptides, and analogues; Alpha amino acids and derivatives; Pyrroles; Indoles and derivatives; Organic acids and derivatives; Carboxylic acids and derivatives; Organonitrogen compounds; Organooxygen compounds; Amino acids and derivatives; Monoalkylamines; Monocarboxylic acids and derivatives; Carboxylic acids; Indolyl carboxylic acids and derivatives; Carbonyl compounds; Substituted pyrroles; Alpha amino acids; Benzenoids; Amines; Primary amines; Indoles; Aralkylamines; Organic oxides; Azacyclic compounds; Heteroaromatic compounds; Hydrocarbon derivatives; Amino acids; 3-alkylindoles; Organopnictogen compounds; Organic oxygen compounds; Organic nitrogen compounds; Chemical entities	205.096	132	2.203	816964763329249108	816964182455859384	816964182455859383	539	
1	C11H9NO2	[M + H]+	C11H10NO2+	Alkaloids	0.988	Tryptophan alkaloids	0.963	Simple indole alkaloids	0.624	Organoheterocyclic compounds	0.986	Indoles and derivatives	0.908	Indoles	0.893			Indoles	0.893	Organic compounds; Organoheterocyclic compounds; Pyrroles; Indoles and derivatives; Organic acids and derivatives; Carboxylic acids and derivatives; Organonitrogen compounds; Organooxygen compounds; Monocarboxylic acids and derivatives; Carboxylic acids; Carbonyl compounds; Substituted pyrroles; Benzenoids; Indoles; Organic oxides; Azacyclic compounds; Heteroaromatic compounds; Hydrocarbon derivatives; Organopnictogen compounds; Organic oxygen compounds; Organic nitrogen compounds; Chemical entities	188.070	133	2.209	816964766462394459	816964182640408770	816964182640408769	542	
1	C4H8N6O3	[M + H]+	C4H9N6O3+	Alkaloids	0.758	Pseudoalkaloids (transamidation)	0.927	Purine alkaloids	0.973	Organoheterocyclic compounds	0.973	Heteroaromatic compounds	0.945					Heteroaromatic compounds	0.945	Organic compounds; Organoheterocyclic compounds; Organic acids and derivatives; Organonitrogen compounds; Organooxygen compounds; Amines; Primary amines; Organic oxides; Azacyclic compounds; Heteroaromatic compounds; Hydrocarbon derivatives; Organopnictogen compounds; Organic oxygen compounds; Organic nitrogen compounds; Chemical entities	189.073	133	2.211	816964769109000459	816964182728489159	816964182728489158	544	
1	C9H7NO	[M + H]+	C9H8NO+	Alkaloids	0.997	Tryptophan alkaloids	0.942	Simple indole alkaloids	0.948	Organoheterocyclic compounds	0.999	Indoles and derivatives	0.974	Indoles	0.971			Indoles	0.971	Organic compounds; Organoheterocyclic compounds; Pyrroles; Aldehydes; Indoles and derivatives; Organic acids and derivatives; Organonitrogen compounds; Organooxygen compounds; Carbonyl compounds; Substituted pyrroles; Benzenoids; Indoles; Aryl-aldehydes; Vinylogous amides; Organic oxides; Azacyclic compounds; Heteroaromatic compounds; Hydrocarbon derivatives; Organopnictogen compounds; Organic oxygen compounds; Organic nitrogen compounds; Chemical entities	146.059	133	2.212	816964770467955035	816964182799792332	816964182799792331	545	
1	C18H32N2O8	[M + Na]+	C18H32N2NaO8+	Amino acids and Peptides	0.787	Small peptides	0.752	Dipeptides	0.774	Organic acids and derivatives	0.999	Carboxylic acids and derivatives	0.998	Amino acids, peptides, and analogues	0.980	Amino acids and derivatives	0.979	N-acyl-alpha amino acids	0.500	Organic compounds; Lipids and lipid-like molecules; Amino acids, peptides, and analogues; Alpha amino acids and derivatives; Alcohols and polyols; Organic acids and derivatives; Carboxylic acids and derivatives; Organonitrogen compounds; Organooxygen compounds; Fatty acid esters; Fatty amides; Dicarboxylic acids and derivatives; Amino acids and derivatives; Hydroxy acids and derivatives; Carboxylic acid amides; Carboxylic acid derivatives; N-acyl-alpha amino acids and derivatives; Carboxylic acids; Carboxylic acid esters; Secondary alcohols; Secondary carboxylic acid amides; Beta hydroxy acids and derivatives; Carbonyl compounds; Benzene and substituted derivatives; Polyols; N-acyl-alpha amino acids; Alpha amino acids; Benzenoids; Amines; Fatty Acyls; Organic oxides; Hydrocarbon derivatives; Amino acids; Organopnictogen compounds; Organic oxygen compounds; Organic nitrogen compounds; Chemical entities	427.206	133	2.217	816964783432549226	816964182917232849	816964182917232848	537	
1	C20H29NO11	[M + K]+	C20H29KNO11+	Amino acids and Peptides	0.708	Amino acid glycosides	0.671	Cyanogenic glycosides	0.812	Organic oxygen compounds	1.000	Organooxygen compounds	1.000	Carbohydrates and carbohydrate conjugates	0.959	Glycosyl compounds	0.884	O-glycosyl compounds	0.908	Organic compounds; Organoheterocyclic compounds; Carbohydrates and carbohydrate conjugates; Alcohols and polyols; Ethers; Organic acids and derivatives; Carboxylic acids and derivatives; Organonitrogen compounds; Organooxygen compounds; Monosaccharides; Acetals; Secondary alcohols; Carbonyl compounds; Oxanes; Glycosyl compounds; O-glycosyl compounds; Benzene and substituted derivatives; Polyols; Benzenoids; Organic oxides; Oxacyclic compounds; Hydrocarbon derivatives; Organopnictogen compounds; Organic oxygen compounds; Organic nitrogen compounds; Chemical entities	498.138	133	2.217	816964787677185091	816964183017896150	816964183017896149	547	
1	C22H26O13	[M + H]+	C22H27O13+	Terpenoids	0.623	Monoterpenoids	0.902	Secoiridoid monoterpenoids	0.714	Organic oxygen compounds	1.000	Organooxygen compounds	1.000	Carbohydrates and carbohydrate conjugates	0.996	Disaccharides	0.578	Disaccharides	0.578	Organic compounds; Organoheterocyclic compounds; Carbohydrates and carbohydrate conjugates; Lipids and lipid-like molecules; Alcohols and polyols; Phenols; Ethers; Organic acids and derivatives; Carboxylic acids and derivatives; Primary alcohols; Organooxygen compounds; Carboxylic acid derivatives; Carboxylic acid esters; Monosaccharides; Disaccharides; Acetals; Secondary alcohols; Carbonyl compounds; Oxanes; Glycosyl compounds; O-glycosyl compounds; Benzene and substituted derivatives; Polyols; Benzenoids; Enoate esters; Alpha,beta-unsaturated carboxylic esters; Vinylogous esters; Organic oxides; Oxacyclic compounds; Hydrocarbon derivatives; Organic oxygen compounds; Chemical entities	499.144	134	2.237	816964802097202641	816964183223417056	816964183223417055	552	
4	C10H20N6O8	[M + H]+	C10H21N6O8+	Carbohydrates	0.992	Nucleosides	0.969	Pyrimidine nucleosides	0.715	Organic oxygen compounds	1.000	Organooxygen compounds	0.995	Carbohydrates and carbohydrate conjugates	0.957	Glycosyl compounds	0.882	Glycosylamines	0.938	Organic compounds; Organoheterocyclic compounds; Carbohydrates and carbohydrate conjugates; Alcohols and polyols; Organic acids and derivatives; Organonitrogen compounds; Primary alcohols; Nucleosides, nucleotides, and analogues; Organooxygen compounds; Pentoses; Monosaccharides; Secondary alcohols; Glycosyl compounds; Glycosylamines; Amines; Primary amines; Organic 1,3-dipolar compounds; Organic oxides; Oxacyclic compounds; Hydrocarbon derivatives; Organopnictogen compounds; Organic oxygen compounds; Organic nitrogen compounds; Chemical entities	353.145	134	2.240	816964816475277896	816964183290525925	816964183290525924	554	
4	C21H13NO6	[M + H3N + H]+	C21H17N2O6+	Alkaloids	0.903	Tryptophan alkaloids	0.272	Simple coumarins	0.228	Benzenoids	0.989							Benzenoids	0.989	Organic compounds; Organoheterocyclic compounds; Organic acids and derivatives; Carboxylic acids and derivatives; Organonitrogen compounds; Organooxygen compounds; Carboxylic acid derivatives; Monocarboxylic acids and derivatives; Benzenoids; Organic oxides; Azacyclic compounds; Heteroaromatic compounds; Hydrocarbon derivatives; Organopnictogen compounds; Organic oxygen compounds; Organic nitrogen compounds; Chemical entities	393.105	135	2.243	816964823534291986	816964183676401913	816964183676401912	558	
1	C18H16O11	[M + H]+	C18H17O11+	Shikimates and Phenylpropanoids	0.979	Flavonoids	0.875	Flavones	0.651	Phenylpropanoids and polyketides	0.794	Flavonoids	0.555	Flavones	0.592			Flavones	0.592	Organic compounds; Organoheterocyclic compounds; Carbohydrates and carbohydrate conjugates; Pyrans; Benzopyrans; Alcohols and polyols; Phenols; Chromones; Ethers; Phenylpropanoids and polyketides; Organic acids and derivatives; Carboxylic acids and derivatives; Organooxygen compounds; Flavonoids; Pyranones and derivatives; Carboxylic acid derivatives; Carboxylic acid esters; Monosaccharides; Flavones; Acetals; Secondary alcohols; Carbonyl compounds; Oxanes; Glycosyl compounds; O-glycosyl compounds; Benzene and substituted derivatives; Polyols; Benzenoids; 1-benzopyrans; Organic oxides; Oxacyclic compounds; Heteroaromatic compounds; Hydrocarbon derivatives; Phenolic glycosides; Organic oxygen compounds; 1-hydroxy-2-unsubstituted benzenoids; 1-hydroxy-4-unsubstituted benzenoids; Chemical entities	409.078	135	2.244	816964825832771557	816964183575738612	816964183575738611	553	
4	C12H20N6O8	[M + Na]+	C12H20N6NaO8+	Carbohydrates	0.992	Nucleosides	0.941	Purine nucleosides	0.797	Organic oxygen compounds	1.000	Organooxygen compounds	0.999	Carbohydrates and carbohydrate conjugates	0.989	Glycosyl compounds	0.927	Glycosylamines	0.883	Organic compounds; Organoheterocyclic compounds; Carbohydrates and carbohydrate conjugates; Pyrimidines and pyrimidine derivatives; Imidazoles; Alcohols and polyols; Purines and purine derivatives; Organonitrogen compounds; Primary alcohols; Nucleosides, nucleotides, and analogues; Organooxygen compounds; Azoles; Aminopyrimidines and derivatives; Diazines; Monosaccharides; Acetals; Secondary alcohols; Imidazopyrimidines; Oxanes; Glycosyl compounds; Glycosylamines; Polyols; Substituted imidazoles; N-substituted imidazoles; Amines; Primary amines; Azacyclic compounds; Oxacyclic compounds; Heteroaromatic compounds; Hydrocarbon derivatives; Organopnictogen compounds; Organic oxygen compounds; Organic nitrogen compounds; Chemical entities	399.122	135	2.248	816964830777858031	816964183772870910	816964183772870909	559	
5	C17H15N5O5	[M + K]+	C17H15KN5O5+	Alkaloids	0.765	Pseudoalkaloids (transamidation)	0.121	Purine alkaloids	0.153	Organoheterocyclic compounds	0.960	Imidazopyrimidines	0.320	Purines and purine derivatives	0.429	Purinones	0.484	6-oxopurines	0.537	Organic compounds; Organoheterocyclic compounds; Pyrimidines and pyrimidine derivatives; Benzoic acids and derivatives; Organic acids and derivatives; Carboxylic acids and derivatives; Organonitrogen compounds; Pyrimidones; Benzoyl derivatives; Organooxygen compounds; Azoles; Carboxylic acid derivatives; Diazines; 6-oxopurines; Carbonyl compounds; Benzene and substituted derivatives; Benzenoids; Vinylogous amides; Organic oxides; Azacyclic compounds; Heteroaromatic compounds; Hydrocarbon derivatives; Organopnictogen compounds; Organic oxygen compounds; Organic nitrogen compounds; Chemical entities	408.070	135	2.254	816964827011371571	816964184024529165	816964184024529164	562	
1	C15H27N3O6	[M + H]+	C15H28N3O6+	Amino acids and Peptides	0.972	Small peptides	0.985	Tripeptides	0.824	Organic acids and derivatives	0.999	Carboxylic acids and derivatives	0.999	Amino acids, peptides, and analogues	0.974	Peptides	0.898	Peptides	0.898	Organic compounds; Lipids and lipid-like molecules; Amino acids, peptides, and analogues; Alpha amino acids and derivatives; Fatty acids and conjugates; Organic acids and derivatives; Carboxylic acids and derivatives; Organonitrogen compounds; Organooxygen compounds; Fatty amides; Branched fatty acids; Amino acids and derivatives; Peptides; Carboxylic acid amides; Carboxylic acid derivatives; N-acyl amines; Monocarboxylic acids and derivatives; N-acyl-alpha amino acids and derivatives; Carboxylic acids; Secondary carboxylic acid amides; Carbonyl compounds; Alpha amino acid amides; N-acyl-alpha amino acids; Methyl-branched fatty acids; Fatty Acyls; Organic oxides; Hydrocarbon derivatives; Valine and derivatives; Organopnictogen compounds; Organic oxygen compounds; Organic nitrogen compounds; Chemical entities	346.196	137	2.276	816964827967673314	816964184120998162	816964184120998161	566	
1	C10H9N	[M + H]+	C10H10N+	Alkaloids	0.984	Tryptophan alkaloids	0.929	Simple indole alkaloids	0.468	Benzenoids	0.997	Naphthalenes	0.858					Naphthalenes	0.858	Organic compounds; Organoheterocyclic compounds; Naphthalenes; Organonitrogen compounds; Dialkylamines; Benzenoids; Amines; Secondary amines; Aralkylamines; Azacyclic compounds; Hydrocarbon derivatives; Organopnictogen compounds; Organic nitrogen compounds; Chemical entities	144.080	139	2.314	816964826264785161	816964184221661463	816964184221661462	577	
3	C17H22N2O7	[M + H]+	C17H23N2O7+	Alkaloids	0.681	Tryptophan alkaloids	0.940	Simple indole alkaloids	0.882	Nucleosides, nucleotides, and analogues	0.543	Nucleoside and nucleotide analogues	0.256	1-pyranosylindoles	0.784			1-pyranosylindoles	0.784	Organic compounds; Organoheterocyclic compounds; Carbohydrates and carbohydrate conjugates; Amino acids, peptides, and analogues; Alpha amino acids and derivatives; Pyrroles; Alcohols and polyols; Indoles and derivatives; Organic acids and derivatives; Carboxylic acids and derivatives; Organonitrogen compounds; Primary alcohols; Nucleosides, nucleotides, and analogues; Organooxygen compounds; Amino acids and derivatives; Carboxylic acid amides; Carboxylic acid derivatives; Monocarboxylic acids and derivatives; N-acyl-alpha amino acids and derivatives; Carboxylic acids; Indolyl carboxylic acids and derivatives; Hexoses; Monosaccharides; Secondary alcohols; Carbonyl compounds; Oxanes; Glycosyl compounds; Glycosylamines; Substituted pyrroles; Polyols; N-acyl-alpha amino acids; Alpha amino acids; Benzenoids; Amines; Indoles; 1-pyranosylindoles; Organic oxides; Azacyclic compounds; Oxacyclic compounds; Heteroaromatic compounds; Hydrocarbon derivatives; Amino acids; 3-alkylindoles; Organopnictogen compounds; Organic oxygen compounds; Organic nitrogen compounds; Chemical entities	367.149	139	2.323	816964833042783318	816964184288770332	816964184288770331	574	
2	C9H8O7S	[M + Na]+	C9H8NaO7S+	Shikimates and Phenylpropanoids	0.938	Phenolic acids (C6-C1)	0.913	Simple phenolic acids	0.952	Phenylpropanoids and polyketides	0.293	Phenylpropanoic acids	0.524					Phenylpropanoic acids	0.524	Organic compounds; Organic acids and derivatives; Carboxylic acids and derivatives; Organooxygen compounds; Organic sulfuric acids and derivatives; Sulfuric acid monoesters; Carboxylic acids; Carbonyl compounds; Benzene and substituted derivatives; Benzenoids; Phenylpropanoic acids; Phenylsulfates; Sulfuric acid esters; Organic oxides; Hydrocarbon derivatives; Arylsulfates; Organic oxygen compounds; Chemical entities	282.989	144	2.405	816964832652712811	816964184498485542	816964184498485541	579	
1	C17H32N4O5	[M + H]+	C17H33N4O5+	Amino acids and Peptides	1.000	Small peptides	1.000	Tripeptides	0.810	Organic acids and derivatives	1.000	Carboxylic acids and derivatives	1.000	Amino acids, peptides, and analogues	0.999	Peptides	0.999	Oligopeptides	0.925	Organic compounds; Lipids and lipid-like molecules; Amino acids, peptides, and analogues; Alpha amino acids and derivatives; Fatty acids and conjugates; Organic acids and derivatives; Carboxylic acids and derivatives; Organonitrogen compounds; Organooxygen compounds; Fatty amides; Branched fatty acids; Amino acids and derivatives; Peptides; Monoalkylamines; Carboxylic acid amides; Carboxylic acid derivatives; N-acyl amines; Monocarboxylic acids and derivatives; N-acyl-alpha amino acids and derivatives; Carboxylic acids; Primary carboxylic acid amides; Secondary carboxylic acid amides; Carbonyl compounds; Alpha amino acid amides; N-acyl-alpha amino acids; Amines; Primary amines; Fatty Acyls; Organic oxides; Hydrocarbon derivatives; Amino acids; N-acyl-L-glutamines; Glutamine and derivatives; Organopnictogen compounds; Organic oxygen compounds; Organic nitrogen compounds; Oligopeptides; Chemical entities	373.243	151	2.520	816964830312290091	816964184938887487	816964184938887486	593	
1	C11H11N3O3	[M + H]+	C11H12N3O3+	Alkaloids	0.798	Small peptides	0.522	Quinazoline alkaloids	0.153	Organic acids and derivatives	0.993	Carboxylic acids and derivatives	0.986	Amino acids, peptides, and analogues	0.734	Amino acids and derivatives	0.732	Alpha amino acids and derivatives	0.697	Organic compounds; Organoheterocyclic compounds; Amino acids, peptides, and analogues; Alpha amino acids and derivatives; Organic acids and derivatives; Carboxylic acids and derivatives; Organonitrogen compounds; Organooxygen compounds; Amino acids and derivatives; Monocarboxylic acids and derivatives; Carboxylic acids; Carbonyl compounds; Benzenoids; Organic oxides; Azacyclic compounds; Heteroaromatic compounds; Hydrocarbon derivatives; Organopnictogen compounds; Organic oxygen compounds; Organic nitrogen compounds; Chemical entities	234.086	156	2.604	816964832354917072	816964185102465353	816964185102465352	597	
4	C14H19N5O5	[M + Na]+	C14H19N5NaO5+	Carbohydrates	0.967	Nucleosides	0.932	Purine nucleosides	0.872	Nucleosides, nucleotides, and analogues	0.857	Purine nucleosides	0.559					Purine nucleosides	0.559	Organic compounds; Organoheterocyclic compounds; Carbohydrates and carbohydrate conjugates; Pyrimidines and pyrimidine derivatives; Imidazoles; Alcohols and polyols; Purines and purine derivatives; Organic acids and derivatives; Organonitrogen compounds; Nucleosides, nucleotides, and analogues; Organooxygen compounds; Azoles; Purine nucleosides; Aminopyrimidines and derivatives; Diazines; Pentoses; Monosaccharides; Secondary alcohols; Imidazopyrimidines; Glycosyl compounds; Glycosylamines; Polyols; Substituted imidazoles; N-substituted imidazoles; Amines; Primary amines; 6-aminopurines; 6-alkylaminopurines; Imidolactams; Organic oxides; Azacyclic compounds; Oxacyclic compounds; Heteroaromatic compounds; Hydrocarbon derivatives; Organopnictogen compounds; Organic oxygen compounds; Organic nitrogen compounds; Chemical entities	360.128	162	2.708	816964834603065451	816964185383483736	816964185383483735	602	
1	C10H14N2O3	[M + H]+	C10H15N2O3+	Amino acids and Peptides	0.970	Small peptides	0.954	Aminoacids	0.915	Organic acids and derivatives	0.947	Carboxylic acids and derivatives	0.864	Amino acids, peptides, and analogues	0.757	Amino acids and derivatives	0.758	Amino acids	0.685	Organic compounds; Organoheterocyclic compounds; Amino acids, peptides, and analogues; Alcohols and polyols; Organic acids and derivatives; Carboxylic acids and derivatives; Organonitrogen compounds; Organooxygen compounds; Amino acids and derivatives; Monoalkylamines; Monocarboxylic acids and derivatives; Carboxylic acids; Carbonyl compounds; Amines; Primary amines; Aralkylamines; Organic oxides; Azacyclic compounds; Heteroaromatic compounds; Hydrocarbon derivatives; Amino acids; Organopnictogen compounds; Organic oxygen compounds; Organic nitrogen compounds; Chemical entities	211.107	166	2.759	816964834384961332	816964185484147037	816964185484147036	603	
1	C12H15NO4	[M + H]+	C12H16NO4+	Alkaloids	0.637	Small peptides	0.485	Aminoacids	0.163	Organic acids and derivatives	0.999	Carboxylic acids and derivatives	0.998	Amino acids, peptides, and analogues	0.978	Amino acids and derivatives	0.978	Alpha amino acids	0.776	Organic compounds; Amino acids, peptides, and analogues; Alpha amino acids and derivatives; Organic acids and derivatives; Carboxylic acids and derivatives; Organonitrogen compounds; Organooxygen compounds; Dicarboxylic acids and derivatives; Amino acids and derivatives; Carboxylic acids; Carbonyl compounds; Benzene and substituted derivatives; Alpha amino acids; Benzenoids; Amines; Phenylpropanoic acids; Organic oxides; Hydrocarbon derivatives; Amino acids; Organopnictogen compounds; Organic oxygen compounds; Organic nitrogen compounds; Chemical entities	238.106	182	3.039	816964835370623675	816964185819691377	816964185819691376	624	
1	C8H11N	[M + H]+	C8H12N+	Alkaloids	0.852	Nicotinic acid alkaloids	0.071	Phenylalanine-derived alkaloids	0.492	Benzenoids	0.997	Benzene and substituted derivatives	0.988	Aniline and substituted anilines	0.920			Aniline and substituted anilines	0.920	Organic compounds; Organonitrogen compounds; Aniline and substituted anilines; Toluenes; Benzene and substituted derivatives; Benzenoids; Amines; Primary amines; Hydrocarbon derivatives; Organopnictogen compounds; Organic nitrogen compounds; Chemical entities	122.095	190	3.163	816964832724016022	816964185924548982	816964185924548981	626	
2	C12H12N2O2	[M + H]+	C12H13N2O2+	Alkaloids	1.000	Tryptophan alkaloids	0.999	Carboline alkaloids	0.997	Organic acids and derivatives	1.000	Carboxylic acids and derivatives	1.000	Amino acids, peptides, and analogues	0.995	Amino acids and derivatives	0.995	L-alpha-amino acids	0.615	Organic compounds; Organoheterocyclic compounds; Amino acids, peptides, and analogues; Alpha amino acids and derivatives; Pyrroles; Indoles and derivatives; Organic acids and derivatives; Carboxylic acids and derivatives; Organonitrogen compounds; Alkaloids and derivatives; Organooxygen compounds; Amino acids and derivatives; Monocarboxylic acids and derivatives; Harmala alkaloids; Carboxylic acids; Pyridoindoles; Carbonyl compounds; Beta carbolines; Dialkylamines; Alpha amino acids; Benzenoids; Amines; Secondary amines; Indoles; Aralkylamines; Organic oxides; Azacyclic compounds; Heteroaromatic compounds; L-alpha-amino acids; Hydrocarbon derivatives; Amino acids; 3-alkylindoles; Organopnictogen compounds; Organic oxygen compounds; Organic nitrogen compounds; Chemical entities	217.096	193	3.222	816964834355601171	816964186021017979	816964186021017978	628	
3	C20H26O3	[M + Na]+	C20H26NaO3+	Terpenoids	0.393	Diarylheptanoids	0.249	Linear diarylheptanoids	0.406	Benzenoids	0.911	Phenols	0.624	Methoxyphenols	0.661			Methoxyphenols	0.661	Organic compounds; Ketones; Alkyl aryl ethers; Phenols; Anisoles; Methoxyphenols; Ethers; Organooxygen compounds; Carbonyl compounds; Benzene and substituted derivatives; Phenol ethers; Benzenoids; Alpha,beta-unsaturated carbonyl compounds; Alpha,beta-unsaturated ketones; Organic oxides; Methoxybenzenes; Hydrocarbon derivatives; Organic oxygen compounds; 1-hydroxy-2-unsubstituted benzenoids; Phenoxy compounds; Chemical entities	337.174	196	3.268	816964837597800350	816964186213955973	816964186213955972	630	
1	C14H20N2O3	[M + H]+	C14H21N2O3+	Amino acids and Peptides	1.000	Small peptides	1.000	Dipeptides	0.999	Organic acids and derivatives	1.000	Carboxylic acids and derivatives	1.000	Amino acids, peptides, and analogues	1.000	Peptides	0.974	Dipeptides	0.940	Organic compounds; Lipids and lipid-like molecules; Amino acids, peptides, and analogues; Alpha amino acids and derivatives; Phenethylamines; Amphetamines and derivatives; Organic acids and derivatives; Carboxylic acids and derivatives; Organonitrogen compounds; Organooxygen compounds; Fatty amides; Amino acids and derivatives; Peptides; Monoalkylamines; Carboxylic acid amides; Carboxylic acid derivatives; Monocarboxylic acids and derivatives; N-acyl-alpha amino acids and derivatives; Carboxylic acids; Secondary carboxylic acid amides; Carbonyl compounds; Benzene and substituted derivatives; Alpha amino acid amides; N-acyl-alpha amino acids; Benzenoids; Amines; Primary amines; Aralkylamines; Fatty Acyls; Organic oxides; Hydrocarbon derivatives; Amino acids; Valine and derivatives; Phenylalanine and derivatives; Organopnictogen compounds; Organic oxygen compounds; Organic nitrogen compounds; Dipeptides; Chemical entities	265.153	211	3.519	816964836935099860	816964186474002836	816964186474002835	638	
1	C14H18N2O5	[M + H]+	C14H19N2O5+	Amino acids and Peptides	1.000	Small peptides	1.000	Dipeptides	0.995	Organic acids and derivatives	1.000	Carboxylic acids and derivatives	1.000	Amino acids, peptides, and analogues	1.000	Peptides	0.998	Dipeptides	0.857	Organic compounds; Lipids and lipid-like molecules; Amino acids, peptides, and analogues; Alpha amino acids and derivatives; Phenols; Phenethylamines; Amphetamines and derivatives; Phenylpropanoids and polyketides; Organic acids and derivatives; Carboxylic acids and derivatives; Organonitrogen compounds; Organooxygen compounds; Fatty amides; Dicarboxylic acids and derivatives; Amino acids and derivatives; Peptides; Monoalkylamines; Carboxylic acid amides; Carboxylic acid derivatives; N-acyl amines; Monocarboxylic acids and derivatives; N-acyl-alpha amino acids and derivatives; Carboxylic acids; Secondary carboxylic acid amides; Carbonyl compounds; Benzene and substituted derivatives; Alpha amino acid amides; N-acyl-alpha amino acids; Benzenoids; Amines; Primary amines; Phenylpropanoic acids; Aralkylamines; Fatty Acyls; Organic oxides; Hydrocarbon derivatives; Amino acids; Tyrosine and derivatives; Phenylalanine and derivatives; Organopnictogen compounds; Organic oxygen compounds; 1-hydroxy-2-unsubstituted benzenoids; Organic nitrogen compounds; Dipeptides; Chemical entities	295.129	219	3.651	816964838784789018	816964186574666137	816964186574666136	645	
3	C8H18N2O	[M + Na]+	C8H18N2NaO+	Fatty acids	0.666	Fatty amides	0.688	Primary amides	0.627	Organic acids and derivatives	0.958	Carboxylic acids and derivatives	0.880	Carboxylic acid derivatives	0.801	Carboxylic acid amides	0.779	Carboxylic acid amides	0.779	Organic compounds; Organic acids and derivatives; Carboxylic acids and derivatives; Organonitrogen compounds; Organooxygen compounds; Carboxylic acid amides; Carboxylic acid derivatives; Carbonyl compounds; Organic oxides; Hydrocarbon derivatives; Organopnictogen compounds; Organic oxygen compounds; Organic nitrogen compounds; Chemical entities	181.132	222	3.696	816964837149009495	816964186641775006	816964186641775005	655	
3	C23H28N2O3	[M + H]+	C23H29N2O3+	Alkaloids	0.757	Ornithine alkaloids	0.956	Polyamines	0.972	Phenylpropanoids and polyketides	0.977	Cinnamic acids and derivatives	0.986	Hydroxycinnamic acids and derivatives	0.895			Hydroxycinnamic acids and derivatives	0.895	Organic compounds; Styrenes; Alkyl aryl ethers; Phenols; Anisoles; Methoxyphenols; Ethers; Phenylpropanoids and polyketides; Organic acids and derivatives; Carboxylic acids and derivatives; Organonitrogen compounds; Organooxygen compounds; Carboxylic acid amides; Cinnamic acids and derivatives; Carboxylic acid derivatives; Hydroxycinnamic acids and derivatives; Secondary carboxylic acid amides; Carbonyl compounds; Benzene and substituted derivatives; Phenol ethers; Benzenoids; Cinnamic acid amides; Organic oxides; Methoxybenzenes; Hydrocarbon derivatives; Organopnictogen compounds; Organic oxygen compounds; 1-hydroxy-2-unsubstituted benzenoids; Organic nitrogen compounds; Phenoxy compounds; Chemical entities	381.213	228	3.792	816964838617016758	816964186847295912	816964186847295911	668	
7	C19H25N7O6	[M + H]+	C19H26N7O6+	Amino acids and Peptides	0.891	Small peptides	0.430	Dipeptides	0.326	Organic acids and derivatives	0.975	Carboxylic acids and derivatives	0.940	Amino acids, peptides, and analogues	0.852	Amino acids and derivatives	0.846	N-acyl-alpha amino acids	0.787	Organic compounds; Organoheterocyclic compounds; Amino acids, peptides, and analogues; Alpha amino acids and derivatives; Hippuric acids and derivatives; Organic acids and derivatives; Carboxylic acids and derivatives; Organonitrogen compounds; Organooxygen compounds; Amino acids and derivatives; Guanidines; Carboxylic acid amides; Carboxylic acid derivatives; N-acyl-alpha amino acids and derivatives; Carboxylic acids; Diazines; Secondary carboxylic acid amides; Carbonyl compounds; Benzene and substituted derivatives; N-acyl-alpha amino acids; Benzenoids; Amines; Primary amines; Carboximidamides; Organic 1,3-dipolar compounds; Propargyl-type 1,3-dipolar organic compounds; Organic oxides; Azacyclic compounds; Heteroaromatic compounds; Hydrocarbon derivatives; Amino acids; Organopnictogen compounds; Organic oxygen compounds; Organic nitrogen compounds; Chemical entities	448.192	228	3.792	816964844103169272	816964186914404781	816964186914404780	669	
1	C15H22N4O3	[M + H]+	C15H23N4O3+	Amino acids and Peptides	0.871	Phenylpropanoids (C6-C3)	0.959	Cinnamic acid amides	0.973	Phenylpropanoids and polyketides	0.972	Cinnamic acids and derivatives	0.983	Hydroxycinnamic acids and derivatives	0.935			Hydroxycinnamic acids and derivatives	0.935	Organic compounds; Styrenes; Alkyl aryl ethers; Phenols; Anisoles; Methoxyphenols; Ethers; Phenylpropanoids and polyketides; Organic acids and derivatives; Carboxylic acids and derivatives; Organonitrogen compounds; Organooxygen compounds; Guanidines; Carboxylic acid amides; Cinnamic acids and derivatives; Carboxylic acid derivatives; Hydroxycinnamic acids and derivatives; Secondary carboxylic acid amides; Carbonyl compounds; Benzene and substituted derivatives; Phenol ethers; Benzenoids; Cinnamic acid amides; Carboximidamides; Organic oxides; Methoxybenzenes; Hydrocarbon derivatives; Organopnictogen compounds; Organic oxygen compounds; 1-hydroxy-2-unsubstituted benzenoids; Organic nitrogen compounds; Phenoxy compounds; Chemical entities	307.175	229	3.818	816964841389453381	816964187124119991	816964187119925686	667	
3	C17H31N3O5	[M + Na]+	C17H31N3NaO5+	Amino acids and Peptides	0.924	Small peptides	0.873	Tripeptides	0.514	Organic acids and derivatives	0.999	Carboxylic acids and derivatives	0.998	Amino acids, peptides, and analogues	0.946	Peptides	0.785	Peptides	0.785	Organic compounds; Lipids and lipid-like molecules; Amino acids, peptides, and analogues; Alpha amino acids and derivatives; Fatty acids and conjugates; Organic acids and derivatives; Carboxylic acids and derivatives; Organonitrogen compounds; Organooxygen compounds; Fatty amides; Branched fatty acids; Amino acids and derivatives; Peptides; Monoalkylamines; Carboxylic acid amides; Carboxylic acid derivatives; N-acyl amines; Monocarboxylic acids and derivatives; N-acyl-alpha amino acids and derivatives; Carboxylic acids; Secondary carboxylic acid amides; Carbonyl compounds; Alpha amino acid amides; N-acyl-alpha amino acids; Amines; Primary amines; Fatty Acyls; Organic oxides; Hydrocarbon derivatives; Amino acids; Organopnictogen compounds; Organic oxygen compounds; Organic nitrogen compounds; Chemical entities	380.216	230	3.825	816964841171349502	816964187191228860	816964187191228859	671	
2	C18H33NO6	[M + H]+	C18H34NO6+	Fatty acids	0.982	Eicosanoids	0.625	Prostaglandins	0.665	Lipids and lipid-like molecules	0.846	Fatty Acyls	0.790	Fatty amides	0.568	N-acyl amines	0.649	N-acyl amines	0.649	Organic compounds; Lipids and lipid-like molecules; Alcohols and polyols; Organic acids and derivatives; Carboxylic acids and derivatives; Organonitrogen compounds; Primary alcohols; Organooxygen compounds; Fatty amides; Carboxylic acid amides; Carboxylic acid derivatives; N-acyl amines; Cyclic alcohols and derivatives; Secondary alcohols; Carbonyl compounds; Cyclopentanols; Fatty Acyls; Organic oxides; Hydrocarbon derivatives; Organopnictogen compounds; Organic oxygen compounds; Organic nitrogen compounds; Chemical entities	360.233	230	3.841	816964840756112563	816964187463858635	816964187463858634	675	
10	C24H46N4O17	[M + K]+	C24H46KN4O17+	Carbohydrates	0.993	Aminosugars and aminoglycosides	0.985	Aminosugars	0.962	Organic acids and derivatives	0.994	Carboxylic acids and derivatives	0.978	Amino acids, peptides, and analogues	0.571	Amino acids and derivatives	0.568	Amino acids and derivatives	0.568	Organic compounds; Organoheterocyclic compounds; Carbohydrates and carbohydrate conjugates; Lipids and lipid-like molecules; Amino acids, peptides, and analogues; Alcohols and polyols; Ethers; Organic acids and derivatives; Carboxylic acids and derivatives; Organonitrogen compounds; Primary alcohols; Organooxygen compounds; Amino acids and derivatives; Carboxylic acid amides; Carboxylic acid derivatives; Carboxylic acids; Monosaccharides; Secondary alcohols; Secondary carboxylic acid amides; Carbonyl compounds; Oxanes; Glycosyl compounds; N-acyl-alpha-hexosamines; Aminosaccharides; Acetamides; Organic oxides; Oxacyclic compounds; Hydrocarbon derivatives; Organopnictogen compounds; Organic oxygen compounds; Organic nitrogen compounds; Chemical entities	701.246	231	3.843	816964859777286106	816964187564521936	816964187564521935	678	
1	C27H42N4O16	[M + H]+	C27H43N4O16+	Carbohydrates	1.000	Aminosugars and aminoglycosides	0.939	Aminosugars	0.938	Organic oxygen compounds	1.000	Organooxygen compounds	1.000	Carbohydrates and carbohydrate conjugates	0.998	Aminosaccharides	0.989	N-acyl-alpha-hexosamines	0.988	Organic compounds; Organoheterocyclic compounds; Carbohydrates and carbohydrate conjugates; Pyrimidines and pyrimidine derivatives; Alcohols and polyols; Ethers; Organic acids and derivatives; Carboxylic acids and derivatives; Organonitrogen compounds; Primary alcohols; Pyrimidones; Organooxygen compounds; Carboxylic acid amides; Ureas; Carboxylic acid derivatives; Diazines; Acetals; Secondary alcohols; Secondary carboxylic acid amides; Carbonyl compounds; Oxanes; Glycosyl compounds; Hydropyrimidines; Glycosylamines; O-glycosyl compounds; N-acyl-alpha-hexosamines; Aminosaccharides; Acetamides; Organic oxides; Oxacyclic compounds; Heteroaromatic compounds; Hydrocarbon derivatives; Organopnictogen compounds; Organic oxygen compounds; Organic nitrogen compounds; Chemical entities	679.265	231	3.845	816964852248509411	816964187631630805	816964187631630804	679	
1	C14H25N3O4	[M + H]+	C14H26N3O4+	Amino acids and Peptides	1.000	Small peptides	1.000	Dipeptides	0.987	Organic acids and derivatives	1.000	Carboxylic acids and derivatives	1.000	Amino acids, peptides, and analogues	1.000	Peptides	0.991	Dipeptides	0.910	Organic compounds; Organoheterocyclic compounds; Amino acids, peptides, and analogues; Alpha amino acids and derivatives; Pyrrolidines; Organic acids and derivatives; Carboxylic acids and derivatives; Organonitrogen compounds; Organooxygen compounds; Amino acids and derivatives; Peptides; Monoalkylamines; Carboxylic acid amides; Carboxylic acid derivatives; Monocarboxylic acids and derivatives; N-acyl-alpha amino acids and derivatives; Carboxylic acids; Tertiary carboxylic acid amides; Carbonyl compounds; Pyrrolidine carboxylic acids and derivatives; Alpha amino acid amides; N-acyl-alpha amino acids; Pyrrolidine carboxylic acids; Amines; Primary amines; N-acylpyrrolidines; Organic oxides; Azacyclic compounds; N-acyl-L-alpha-amino acids; Hydrocarbon derivatives; Amino acids; Proline and derivatives; Organopnictogen compounds; Organic oxygen compounds; Organic nitrogen compounds; Dipeptides; Chemical entities	300.190	231	3.851	816964842484167199	816964187736488410	816964187736488409	680	
4	C12H17F3N6O	[M + H]+	C12H18F3N6O+	Alkaloids	0.557	Guanidine alkaloids	0.120	Tropane alkaloids	0.012	Benzenoids	0.785	Benzene and substituted derivatives	0.778					Benzene and substituted derivatives	0.778	Organic compounds; Organoheterocyclic compounds; Pyrimidines and pyrimidine derivatives; Organohalogen compounds; Organonitrogen compounds; Organooxygen compounds; Guanidines; Alkyl fluorides; Diazines; Organofluorides; Benzene and substituted derivatives; Benzenoids; Alkyl halides; Carboximidamides; Organic 1,3-dipolar compounds; Propargyl-type 1,3-dipolar organic compounds; Azacyclic compounds; Heteroaromatic compounds; Hydrocarbon derivatives; Organopnictogen compounds; Organic oxygen compounds; Organic nitrogen compounds; Chemical entities	319.150	233	3.875	816964844459685224	816964188009118185	816964188009118184	689	
1	C14H20N2O3	[M + H]+	C14H21N2O3+	Amino acids and Peptides	0.967	Phenylpropanoids (C6-C3)	0.854	Dipeptides	0.493	Organic acids and derivatives	0.999	Carboxylic acids and derivatives	0.998	Amino acids, peptides, and analogues	0.946	Amino acids and derivatives	0.943	N-acyl-alpha amino acids and derivatives	0.675	Organic compounds; Lipids and lipid-like molecules; Amino acids, peptides, and analogues; Styrenes; Alpha amino acids and derivatives; Alkyl aryl ethers; Phenols; Anisoles; Methoxyphenols; Ethers; Phenylpropanoids and polyketides; Organic acids and derivatives; Carboxylic acids and derivatives; Organonitrogen compounds; Organooxygen compounds; Amino acids and derivatives; Monoalkylamines; Carboxylic acid amides; Cinnamic acids and derivatives; Carboxylic acid derivatives; N-acyl-alpha amino acids and derivatives; Hydroxycinnamic acids and derivatives; Secondary carboxylic acid amides; Carbonyl compounds; Benzene and substituted derivatives; Alpha amino acid amides; Phenol ethers; Benzenoids; Amines; Primary amines; Cinnamic acid amides; Fatty Acyls; Organic oxides; Methoxybenzenes; Hydrocarbon derivatives; Organopnictogen compounds; Organic oxygen compounds; 1-hydroxy-2-unsubstituted benzenoids; Organic nitrogen compounds; Phenoxy compounds; Chemical entities	265.153	233	3.882	816964843461440492	816964188076227054	816964188076227053	692	
7	C20H25F3N4O3	[M + H]+	C20H26F3N4O3+	Alkaloids	0.699	Ornithine alkaloids	0.120	Tropane alkaloids	0.078	Organic acids and derivatives	0.904	Carboxylic acids and derivatives	0.800	Amino acids, peptides, and analogues	0.550	Amino acids and derivatives	0.548	Amino acids and derivatives	0.548	Organic compounds; Organoheterocyclic compounds; Amino acids, peptides, and analogues; Organic acids and derivatives; Carboxylic acids and derivatives; Organohalogen compounds; Organonitrogen compounds; Organooxygen compounds; Amino acids and derivatives; Carboxylic acid amides; Alkyl fluorides; Carboxylic acid derivatives; Diazines; Organofluorides; Carbonyl compounds; Benzene and substituted derivatives; Benzenoids; Amines; Tertiary amines; Alkyl halides; Organic oxides; Azacyclic compounds; Heteroaromatic compounds; Hydrocarbon derivatives; Organopnictogen compounds; Organic oxygen compounds; Organic nitrogen compounds; Chemical entities	427.199	235	3.917	816964847655745293	816964188487268866	816964188487268865	701	
10	C23H17N3O3	[M + K]+	C23H17KN3O3+	Alkaloids	0.910	Anthranilic acid alkaloids	0.297	Carboline alkaloids	0.031	Benzenoids	0.999	Benzene and substituted derivatives	0.927	Benzoic acids and derivatives	0.669			Benzoic acids and derivatives	0.669	Organic compounds; Organoheterocyclic compounds; Imidazoles; Benzoic acids and derivatives; Organic acids and derivatives; Carboxylic acids and derivatives; Organonitrogen compounds; Benzoyl derivatives; Organooxygen compounds; Azoles; Carboxylic acid amides; Carboxylic acid derivatives; Benzene and substituted derivatives; Benzenoids; Organic oxides; Azacyclic compounds; Heteroaromatic compounds; Hydrocarbon derivatives; Organopnictogen compounds; Organic oxygen compounds; Organic nitrogen compounds; Chemical entities	422.089	237	3.949	816964851300596409	816964188978002464	816964188978002463	711	
2	C17H30N4O6	[M + Na]+	C17H30N4NaO6+	Amino acids and Peptides	0.615	Oligopeptides	0.620	Cyclic peptides	0.526	Organic acids and derivatives	0.999	Carboxylic acids and derivatives	0.997	Amino acids, peptides, and analogues	0.685	Amino acids and derivatives	0.658	Amino acids and derivatives	0.658	Organic compounds; Lipids and lipid-like molecules; Amino acids, peptides, and analogues; Alcohols and polyols; Organic acids and derivatives; Carboxylic acids and derivatives; Organonitrogen compounds; Organooxygen compounds; Fatty amides; Amino acids and derivatives; Hydroxamic acids; Carboxylic acid amides; Carboxylic acid derivatives; N-acyl amines; Primary carboxylic acid amides; Secondary carboxylic acid amides; Carbonyl compounds; Acetohydroxamic acids; Fatty Acyls; Acetamides; Organic oxides; Hydrocarbon derivatives; Organopnictogen compounds; Organic oxygen compounds; Organic nitrogen compounds; Chemical entities	409.207	238	3.959	816964848930814102	816964189078665765	816964189078665764	713	
3	C16H27F2N3O	[M + H]+	C16H28F2N3O+	Alkaloids	0.575	Ornithine alkaloids	0.285	Tropane alkaloids	0.136	Organic acids and derivatives	0.822	Carboxylic acids and derivatives	0.494	Amino acids, peptides, and analogues	0.579	Amino acids and derivatives	0.578	Amino acids and derivatives	0.578	Organic compounds; Organoheterocyclic compounds; Amino acids, peptides, and analogues; Halobenzenes; Organic acids and derivatives; Organohalogen compounds; Organonitrogen compounds; Organooxygen compounds; Amino acids and derivatives; Alkyl fluorides; Aryl fluorides; Fluorobenzenes; Organofluorides; Carbonyl compounds; Trialkylamines; Benzene and substituted derivatives; Benzenoids; Amines; Tertiary amines; Alkyl halides; Organic oxides; Azacyclic compounds; Hydrocarbon derivatives; Organopnictogen compounds; Organic oxygen compounds; Organic nitrogen compounds; Chemical entities	316.220	238	3.972	816964851363510992	816964189313546804	816964189313546803	719	
3	C15H28N4O5	[M + H]+	C15H29N4O5+	Amino acids and Peptides	0.997	Small peptides	0.995	Tripeptides	0.991	Organic acids and derivatives	1.000	Carboxylic acids and derivatives	0.999	Amino acids, peptides, and analogues	0.992	Peptides	0.991	Oligopeptides	0.970	Organic compounds; Lipids and lipid-like molecules; Amino acids, peptides, and analogues; Alpha amino acids and derivatives; Fatty acids and conjugates; Organic acids and derivatives; Carboxylic acids and derivatives; Organonitrogen compounds; Organooxygen compounds; Fatty amides; Branched fatty acids; Amino acids and derivatives; Peptides; Monoalkylamines; Carboxylic acid amides; Carboxylic acid derivatives; N-acyl amines; Monocarboxylic acids and derivatives; N-acyl-alpha amino acids and derivatives; Carboxylic acids; Secondary carboxylic acid amides; Carbonyl compounds; Alpha amino acid amides; N-acyl-alpha amino acids; Amines; Primary amines; Methyl-branched fatty acids; Fatty Acyls; Organic oxides; Hydrocarbon derivatives; Amino acids; Leucine and derivatives; Organopnictogen compounds; Organic oxygen compounds; Organic nitrogen compounds; Oligopeptides; Chemical entities	345.212	240	3.995	816964854899309980	816964189561010755	816964189561010754	726	
1	C14H25N3O4	[M + H]+	C14H26N3O4+	Amino acids and Peptides	1.000	Small peptides	1.000	Dipeptides	0.987	Organic acids and derivatives	1.000	Carboxylic acids and derivatives	1.000	Amino acids, peptides, and analogues	1.000	Peptides	0.991	Dipeptides	0.909	Organic compounds; Organoheterocyclic compounds; Amino acids, peptides, and analogues; Alpha amino acids and derivatives; Pyrrolidines; Organic acids and derivatives; Carboxylic acids and derivatives; Organonitrogen compounds; Organooxygen compounds; Amino acids and derivatives; Peptides; Monoalkylamines; Carboxylic acid amides; Carboxylic acid derivatives; Monocarboxylic acids and derivatives; N-acyl-alpha amino acids and derivatives; Carboxylic acids; Tertiary carboxylic acid amides; Carbonyl compounds; Pyrrolidine carboxylic acids and derivatives; Alpha amino acid amides; N-acyl-alpha amino acids; Pyrrolidine carboxylic acids; Amines; Primary amines; N-acylpyrrolidines; Organic oxides; Azacyclic compounds; N-acyl-L-alpha-amino acids; Hydrocarbon derivatives; Amino acids; Proline and derivatives; Organopnictogen compounds; Organic oxygen compounds; Organic nitrogen compounds; Dipeptides; Chemical entities	300.190	242	4.028	816964853859122331	816964189732977229	816964189732977228	729	
6	C22H32F3N3O3	[M + Na]+	C22H32F3N3NaO3+	Amino acids and Peptides	0.493	Small peptides	0.346	Aminoacids	0.043	Organic acids and derivatives	0.758	Carboxylic acids and derivatives	0.775	Amino acids, peptides, and analogues	0.766	Amino acids and derivatives	0.765	Amino acids and derivatives	0.765	Organic compounds; Organoheterocyclic compounds; Amino acids, peptides, and analogues; Organic acids and derivatives; Carboxylic acids and derivatives; Organohalogen compounds; Organonitrogen compounds; Organooxygen compounds; Amino acids and derivatives; Alkyl fluorides; Carboxylic acid derivatives; Organofluorides; Carbonyl compounds; Trialkylamines; Benzene and substituted derivatives; Benzenoids; Amines; Tertiary amines; Alkyl halides; Aralkylamines; Organic oxides; Azacyclic compounds; Hydrocarbon derivatives; Trifluoromethylbenzenes; Organopnictogen compounds; Organic oxygen compounds; Organic nitrogen compounds; Chemical entities	466.228	242	4.034	816964855419403819	816964189833640530	816964189800086097	728	
1	C16H29N3O6	[M + H]+	C16H30N3O6+	Amino acids and Peptides	0.996	Small peptides	0.997	Tripeptides	0.978	Organic acids and derivatives	1.000	Carboxylic acids and derivatives	1.000	Amino acids, peptides, and analogues	0.994	Peptides	0.989	Oligopeptides	0.902	Organic compounds; Lipids and lipid-like molecules; Amino acids, peptides, and analogues; Alpha amino acids and derivatives; Fatty acids and conjugates; Organic acids and derivatives; Carboxylic acids and derivatives; Organonitrogen compounds; Organooxygen compounds; Fatty amides; Branched fatty acids; Amino acids and derivatives; Peptides; Monoalkylamines; Carboxylic acid amides; Carboxylic acid derivatives; N-acyl amines; Monocarboxylic acids and derivatives; N-acyl-alpha amino acids and derivatives; Carboxylic acids; Secondary carboxylic acid amides; Carbonyl compounds; Alpha amino acid amides; N-acyl-alpha amino acids; Amines; Primary amines; Methyl-branched fatty acids; Fatty Acyls; Organic oxides; Hydrocarbon derivatives; Amino acids; Valine and derivatives; Leucine and derivatives; Organopnictogen compounds; Organic oxygen compounds; Organic nitrogen compounds; Oligopeptides; Chemical entities	360.211	242	4.039	816964859190083445	816964189917526615	816964189917526614	732	
7	C15H23N7O	[M + H]+	C15H24N7O+	Alkaloids	0.825	Pseudoalkaloids (transamidation)	0.364	Purine alkaloids	0.469	Organoheterocyclic compounds	0.983	Diazines	0.672	Pyrimidines and pyrimidine derivatives	0.595	Aminopyrimidines and derivatives	0.610	Aminopyrimidines and derivatives	0.610	Organic compounds; Organoheterocyclic compounds; Pyrimidines and pyrimidine derivatives; Organonitrogen compounds; Organooxygen compounds; Azoles; Aminopyrimidines and derivatives; Diazines; Amines; Primary amines; Tertiary amines; Imidolactams; Organic oxides; Azacyclic compounds; Heteroaromatic compounds; Hydrocarbon derivatives; Organopnictogen compounds; Organic oxygen compounds; Organic nitrogen compounds; Chemical entities	318.201	242	4.039	816964860532260880	816964190018189916	816964190018189915	730	
1	C16H21N3O3	[M + H]+	C16H22N3O3+	Amino acids and Peptides	0.996	Small peptides	0.988	Dipeptides	0.984	Organic acids and derivatives	1.000	Carboxylic acids and derivatives	1.000	Amino acids, peptides, and analogues	0.999	Peptides	0.939	Dipeptides	0.897	Organic compounds; Organoheterocyclic compounds; Lipids and lipid-like molecules; Amino acids, peptides, and analogues; Alpha amino acids and derivatives; Pyrroles; Indoles and derivatives; Organic acids and derivatives; Carboxylic acids and derivatives; Organonitrogen compounds; Organooxygen compounds; Fatty amides; Amino acids and derivatives; Peptides; Monoalkylamines; Carboxylic acid amides; Carboxylic acid derivatives; N-acyl amines; Monocarboxylic acids and derivatives; N-acyl-alpha amino acids and derivatives; Carboxylic acids; Indolyl carboxylic acids and derivatives; Secondary carboxylic acid amides; Carbonyl compounds; Substituted pyrroles; Alpha amino acid amides; N-acyl-alpha amino acids; Benzenoids; Amines; Primary amines; Indoles; Fatty Acyls; Organic oxides; Azacyclic compounds; Heteroaromatic compounds; Hydrocarbon derivatives; Amino acids; 3-alkylindoles; Organopnictogen compounds; Organic oxygen compounds; Organic nitrogen compounds; Dipeptides; Chemical entities	304.164	244	4.061	816964869457741635	816964190257265259	816964190257265258	741	
1	C29H47N5O9	[M + Na]+	C29H47N5NaO9+	Amino acids and Peptides	0.945	Oligopeptides	0.910	Cyclic peptides	0.666	Organic acids and derivatives	1.000	Carboxylic acids and derivatives	0.997	Amino acids, peptides, and analogues	0.937	Peptides	0.700	Peptides	0.700	Organic compounds; Organoheterocyclic compounds; Lipids and lipid-like molecules; Amino acids, peptides, and analogues; Alpha amino acids and derivatives; Fatty acids and conjugates; Organic acids and derivatives; Carboxylic acids and derivatives; Organonitrogen compounds; Organooxygen compounds; Fatty amides; Amino acids and derivatives; Peptides; Carboxylic acid amides; Carboxylic acid derivatives; N-acyl amines; Monocarboxylic acids and derivatives; N-acyl-alpha amino acids and derivatives; Carboxylic acids; Secondary carboxylic acid amides; Carbonyl compounds; Alpha amino acid amides; N-acyl-alpha amino acids; Fatty Acyls; Organic oxides; Hydrocarbon derivatives; Organopnictogen compounds; Organic oxygen compounds; Organic nitrogen compounds; Chemical entities	632.323	244	4.071	816964887501639505	816964190433426037	816964190429231732	747	
2	C16H28O16	[M + Na]+	C16H28NaO16+	Carbohydrates	0.976	Saccharides	0.980	Disaccharides	0.838	Organic oxygen compounds	1.000	Organooxygen compounds	1.000	Carbohydrates and carbohydrate conjugates	0.984	Glycosyl compounds	0.797	O-glycosyl compounds	0.786	Organic compounds; Organoheterocyclic compounds; Carbohydrates and carbohydrate conjugates; Alcohols and polyols; Ethers; Organic acids and derivatives; Carboxylic acids and derivatives; Primary alcohols; Organooxygen compounds; Carboxylic acids; Acetals; Secondary alcohols; Carbonyl compounds; Oxanes; Glycosyl compounds; O-glycosyl compounds; Polyols; Organic oxides; Oxacyclic compounds; Hydrocarbon derivatives; Organic oxygen compounds; Chemical entities	499.125	244	4.073	816964875673700479	816964190496340602	816964190496340601	748	
10	C25H24N4O5	[M + Na]+	C25H24N4NaO5+	Alkaloids	0.948	Tryptophan alkaloids	0.960	Carboline alkaloids	0.252	Organoheterocyclic compounds	0.940	Indoles and derivatives	0.727	Indoles	0.736			Indoles	0.736	Organic compounds; Organoheterocyclic compounds; Pyrroles; Alcohols and polyols; Indoles and derivatives; Organic acids and derivatives; Carboxylic acids and derivatives; Organonitrogen compounds; Organooxygen compounds; Carboxylic acid derivatives; Carbonyl compounds; Benzenoids; Indoles; Methyl esters; Organic oxides; Azacyclic compounds; Heteroaromatic compounds; Hydrocarbon derivatives; Organopnictogen compounds; Organic oxygen compounds; Organic nitrogen compounds; Chemical entities	483.159	245	4.078	816964879884782178	816964190601198207	816964190601198206	750	
1	C15H20O4	[M + H]+	C15H21O4+	Terpenoids	0.990	Sesquiterpenoids	0.956	Eremophilane sesquiterpenoids	0.097	Lipids and lipid-like molecules	0.714	Prenol lipids	0.667	Sesquiterpenoids	0.695			Sesquiterpenoids	0.695	Organic compounds; Organoheterocyclic compounds; Lipids and lipid-like molecules; Ketones; Alcohols and polyols; Prenol lipids; Organic acids and derivatives; Carboxylic acids and derivatives; Organooxygen compounds; Carboxylic acid derivatives; Carboxylic acid esters; Sesquiterpenoids; Carbonyl compounds; Organic oxides; Oxacyclic compounds; Hydrocarbon derivatives; Organic oxygen compounds; Chemical entities	265.143	245	4.079	816964881734470724	816964190773164681	816964190756387464	752	
1	C21H32O10	[M + Na]+	C21H32NaO10+	Terpenoids	0.869	Apocarotenoids	0.399	Megastigmanes	0.242	Organic oxygen compounds	1.000	Organooxygen compounds	1.000	Carbohydrates and carbohydrate conjugates	0.992	Monosaccharides	0.976	Hexoses	0.902	Organic compounds; Organoheterocyclic compounds; Carbohydrates and carbohydrate conjugates; Lipids and lipid-like molecules; Alcohols and polyols; Ethers; Primary alcohols; Organooxygen compounds; Hexoses; Monosaccharides; Acetals; Secondary alcohols; Carbonyl compounds; Oxanes; Glycosyl compounds; O-glycosyl compounds; Polyols; Organic oxides; Oxacyclic compounds; Hydrocarbon derivatives; Organic oxygen compounds; Chemical entities	467.187	245	4.079	816964881604447264	816964190844467854	816964190844467853	753	
1	C15H29N3O5	[M + H]+	C15H30N3O5+	Amino acids and Peptides	1.000	Small peptides	0.999	Tripeptides	0.997	Organic acids and derivatives	1.000	Carboxylic acids and derivatives	1.000	Amino acids, peptides, and analogues	0.999	Peptides	1.000	Oligopeptides	0.997	Organic compounds; Lipids and lipid-like molecules; Amino acids, peptides, and analogues; Alpha amino acids and derivatives; Alcohols and polyols; Fatty acids and conjugates; Organic acids and derivatives; Carboxylic acids and derivatives; Organonitrogen compounds; Organooxygen compounds; Fatty amides; Branched fatty acids; Hydroxy fatty acids; Amino acids and derivatives; Peptides; Monoalkylamines; Carboxylic acid amides; Carboxylic acid derivatives; N-acyl amines; Monocarboxylic acids and derivatives; N-acyl-alpha amino acids and derivatives; Carboxylic acids; Secondary alcohols; Secondary carboxylic acid amides; Carbonyl compounds; Alpha amino acid amides; N-acyl-alpha amino acids; Amines; Primary amines; Methyl-branched fatty acids; Fatty Acyls; Organic oxides; Hydrocarbon derivatives; Amino acids; Valine and derivatives; Leucine and derivatives; Isoleucine and derivatives; Organopnictogen compounds; Organic oxygen compounds; Organic nitrogen compounds; Oligopeptides; Chemical entities	332.216	245	4.082	816964882367810828	816964190936742547	816964190907382418	754	
5	C25H32N4O4	[M + C2H3N + H]+	C27H36N5O4+	Amino acids and Peptides	0.951	Small peptides	0.563	Dipeptides	0.262	Organic acids and derivatives	0.995	Carboxylic acids and derivatives	0.986	Amino acids, peptides, and analogues	0.919	Amino acids and derivatives	0.913	Alpha amino acids and derivatives	0.861	Organic compounds; Organoheterocyclic compounds; Amino acids, peptides, and analogues; Alpha amino acids and derivatives; Organic acids and derivatives; Carboxylic acids and derivatives; Organonitrogen compounds; Organooxygen compounds; Amino acids and derivatives; Carboxylic acid amides; Carboxylic acid derivatives; Secondary carboxylic acid amides; Tertiary carboxylic acid amides; Carbonyl compounds; Benzene and substituted derivatives; Benzenoids; Organic oxides; Azacyclic compounds; Heteroaromatic compounds; Hydrocarbon derivatives; Organopnictogen compounds; Organic oxygen compounds; Organic nitrogen compounds; Chemical entities	494.274	248	4.137	816964887782657954	816964191473613489	816964191456836272	769	
1	C20H28N4O5	[M + H]+	C20H29N4O5+	Amino acids and Peptides	1.000	Small peptides	0.987	Tripeptides	0.755	Organic acids and derivatives	1.000	Carboxylic acids and derivatives	1.000	Amino acids, peptides, and analogues	0.996	Peptides	0.981	Oligopeptides	0.867	Organic compounds; Lipids and lipid-like molecules; Amino acids, peptides, and analogues; Alpha amino acids and derivatives; Phenethylamines; Amphetamines and derivatives; Indoles and derivatives; Organic acids and derivatives; Carboxylic acids and derivatives; Organonitrogen compounds; Organooxygen compounds; Fatty amides; Amino acids and derivatives; Peptides; Monoalkylamines; Carboxylic acid amides; Carboxylic acid derivatives; N-acyl amines; Monocarboxylic acids and derivatives; N-acyl-alpha amino acids and derivatives; Carboxylic acids; Secondary carboxylic acid amides; Carbonyl compounds; Benzene and substituted derivatives; Alpha amino acid amides; N-acyl-alpha amino acids; Benzenoids; Indoles; Fatty Acyls; Organic oxides; Azacyclic compounds; Hydrocarbon derivatives; Amino acids; 3-alkylindoles; Organopnictogen compounds; Organic oxygen compounds; Organic nitrogen compounds; Oligopeptides; Chemical entities	405.211	249	4.154	816964892492865302	816964191553305270	816964191553305269	776	
1	C17H25N3O5	[M + H]+	C17H26N3O5+	Amino acids and Peptides	1.000	Small peptides	0.999	Tripeptides	1.000	Organic acids and derivatives	1.000	Carboxylic acids and derivatives	1.000	Amino acids, peptides, and analogues	1.000	Peptides	1.000	Oligopeptides	0.999	Organic compounds; Lipids and lipid-like molecules; Amino acids, peptides, and analogues; Alpha amino acids and derivatives; Phenols; Phenethylamines; Amphetamines and derivatives; Organic acids and derivatives; Carboxylic acids and derivatives; Organonitrogen compounds; Organooxygen compounds; Fatty amides; Amino acids and derivatives; Peptides; Monoalkylamines; Carboxylic acid amides; Carboxylic acid derivatives; Monocarboxylic acids and derivatives; N-acyl-alpha amino acids and derivatives; Carboxylic acids; Secondary carboxylic acid amides; Carbonyl compounds; Benzene and substituted derivatives; Alpha amino acid amides; N-acyl-alpha amino acids; Benzenoids; Amines; Primary amines; Aralkylamines; Fatty Acyls; Organic oxides; Hydrocarbon derivatives; Amino acids; Tyrosine and derivatives; Phenylalanine and derivatives; Organopnictogen compounds; Organic oxygen compounds; 1-hydroxy-2-unsubstituted benzenoids; Organic nitrogen compounds; Oligopeptides; Chemical entities	352.185	250	4.169	816964892979404710	816964191624608443	816964191624608442	775	
5	C24H27N5O	[M + H]+	C24H28N5O+	Alkaloids	0.950	Pseudoalkaloids (transamidation)	0.394	Purine alkaloids	0.173	Benzenoids	0.743							Benzenoids	0.743	Organic compounds; Organoheterocyclic compounds; Pyrimidines and pyrimidine derivatives; Pyridines and derivatives; Organonitrogen compounds; Organooxygen compounds; Azoles; Diazines; Benzenoids; Amines; Imidolactams; Organic oxides; Azacyclic compounds; Heteroaromatic compounds; Hydrocarbon derivatives; Organopnictogen compounds; Organic oxygen compounds; Organic nitrogen compounds; Chemical entities	402.226	251	4.183	816964893109428211	816964191725271744	816964191725271743	779	
2	C28H40N4O7	[M + Na]+	C28H40N4NaO7+	Amino acids and Peptides	0.990	Oligopeptides	0.860	Tripeptides	0.468	Organic acids and derivatives	0.999	Carboxylic acids and derivatives	0.997	Amino acids, peptides, and analogues	0.996	Peptides	0.945	Oligopeptides	0.846	Organic compounds; Lipids and lipid-like molecules; Amino acids, peptides, and analogues; Alpha amino acids and derivatives; Alcohols and polyols; Phenethylamines; Amphetamines and derivatives; Phenylpropanoids and polyketides; Organic acids and derivatives; Carboxylic acids and derivatives; Organonitrogen compounds; Organooxygen compounds; Fatty amides; Amino acids and derivatives; Peptides; Monoalkylamines; Carboxylic acid amides; Carboxylic acid derivatives; N-acyl amines; Monocarboxylic acids and derivatives; N-acyl-alpha amino acids and derivatives; Carboxylic acids; Secondary carboxylic acid amides; Carbonyl compounds; Benzene and substituted derivatives; Alpha amino acid amides; N-acyl-alpha amino acids; Benzenoids; Primary amines; Fatty Acyls; Organic oxides; Hydrocarbon derivatives; Phenylalanine and derivatives; Organopnictogen compounds; Organic oxygen compounds; Organic nitrogen compounds; Oligopeptides; Chemical entities	567.275	251	4.183	816964896485844801	816964191792380613	816964191792380612	781	
1	C19H23NO3	[M + H]+	C19H24NO3+	Alkaloids	0.999	Tyrosine alkaloids	1.000	Isoquinoline alkaloids	0.991	Organoheterocyclic compounds	0.988	Isoquinolines and derivatives	0.984	Benzylisoquinolines	0.995			Benzylisoquinolines	0.995	Organic compounds; Organoheterocyclic compounds; Benzylisoquinolines; Alkyl aryl ethers; Phenols; Anisoles; Ethers; Organonitrogen compounds; Organooxygen compounds; Trialkylamines; Benzene and substituted derivatives; Phenol ethers; Benzenoids; Amines; Tertiary amines; Isoquinolines and derivatives; Tetrahydroisoquinolines; Aralkylamines; Methoxybenzenes; Azacyclic compounds; Hydrocarbon derivatives; Organopnictogen compounds; Organic oxygen compounds; 1-hydroxy-2-unsubstituted benzenoids; Organic nitrogen compounds; Phenoxy compounds; Chemical entities	314.173	251	4.185	816964898905958586	816964191897238218	816964191897238217	782	
1	C20H23NO5	[M + H]+	C20H24NO5+	Shikimates and Phenylpropanoids	0.603	Coumarins	0.498	Simple coumarins	0.204	Organoheterocyclic compounds	0.619	Benzopyrans	0.608	1-benzopyrans	0.567			1-benzopyrans	0.567	Organic compounds; Organoheterocyclic compounds; Benzopyrans; Alkyl aryl ethers; Anisoles; Ethers; Phenylpropanoids and polyketides; Organic acids and derivatives; Carboxylic acids and derivatives; Organonitrogen compounds; Organooxygen compounds; Carboxylic acid amides; Carboxylic acid derivatives; Carbonyl compounds; Benzene and substituted derivatives; Phenol ethers; Benzenoids; 1-benzopyrans; Organic oxides; Methoxybenzenes; Hydrocarbon derivatives; Organopnictogen compounds; Organic oxygen compounds; Organic nitrogen compounds; Phenoxy compounds; Chemical entities	358.163	253	4.225	816964902034909737	816964192241171166	816964192211811037	791	
1	C19H35N5O6	[M + H]+	C19H36N5O6+	Amino acids and Peptides	1.000	Small peptides	1.000	Tripeptides	0.995	Organic acids and derivatives	1.000	Carboxylic acids and derivatives	1.000	Amino acids, peptides, and analogues	0.999	Peptides	1.000	Oligopeptides	0.991	Organic compounds; Lipids and lipid-like molecules; Amino acids, peptides, and analogues; Alpha amino acids and derivatives; Fatty acids and conjugates; Organic acids and derivatives; Carboxylic acids and derivatives; Organonitrogen compounds; Organooxygen compounds; Fatty amides; Branched fatty acids; Amino acids and derivatives; Peptides; Monoalkylamines; Carboxylic acid amides; Carboxylic acid derivatives; N-acyl amines; Monocarboxylic acids and derivatives; N-acyl-alpha amino acids and derivatives; Carboxylic acids; Primary carboxylic acid amides; Secondary carboxylic acid amides; Carbonyl compounds; Alpha amino acid amides; N-acyl-alpha amino acids; Amines; Primary amines; Fatty Acyls; Organic oxides; Hydrocarbon derivatives; Amino acids; Glutamine and derivatives; Leucine and derivatives; Isoleucine and derivatives; Organopnictogen compounds; Organic oxygen compounds; Organic nitrogen compounds; Oligopeptides; Chemical entities	430.264	254	4.229	816964902462728797	816964192316668643	816964192316668642	794	
1	C19H35N5O6	[M + Na]+	C19H35N5NaO6+	Amino acids and Peptides	0.998	Small peptides	0.994	Tripeptides	0.977	Organic acids and derivatives	1.000	Carboxylic acids and derivatives	1.000	Amino acids, peptides, and analogues	0.994	Peptides	0.996	Oligopeptides	0.972	Organic compounds; Lipids and lipid-like molecules; Amino acids, peptides, and analogues; Alpha amino acids and derivatives; Fatty acids and conjugates; Organic acids and derivatives; Carboxylic acids and derivatives; Organonitrogen compounds; Organooxygen compounds; Fatty amides; Amino acids and derivatives; Peptides; Monoalkylamines; Carboxylic acid amides; Carboxylic acid derivatives; N-acyl amines; Monocarboxylic acids and derivatives; N-acyl-alpha amino acids and derivatives; Carboxylic acids; Primary carboxylic acid amides; Secondary carboxylic acid amides; Carbonyl compounds; Alpha amino acid amides; N-acyl-alpha amino acids; Amines; Primary amines; Fatty Acyls; Organic oxides; Hydrocarbon derivatives; Amino acids; Glutamine and derivatives; Organopnictogen compounds; Organic oxygen compounds; Organic nitrogen compounds; Oligopeptides; Chemical entities	452.246	254	4.232	816964905126111955	816964192501218029	816964192501218028	799	
1	C18H21NO3	[M + H]+	C18H22NO3+	Alkaloids	0.993	Tyrosine alkaloids	0.999	Isoquinoline alkaloids	0.778	Organoheterocyclic compounds	0.356	Isoquinolines and derivatives	0.654	Benzylisoquinolines	0.709			Benzylisoquinolines	0.709	Organic compounds; Benzylisoquinolines; Phenols; Phenethylamines; Organonitrogen compounds; Organooxygen compounds; Dialkylamines; Benzene and substituted derivatives; Benzenoids; Amines; Secondary amines; Isoquinolines and derivatives; Aralkylamines; Hydrocarbon derivatives; Organopnictogen compounds; Organic oxygen compounds; 1-hydroxy-2-unsubstituted benzenoids; Organic nitrogen compounds; Chemical entities	300.158	254	4.235	816964914500384101	816964192547355378	816964192547355377	797	
1	C31H37N5O5	[M + H]+	C31H38N5O5+	Amino acids and Peptides	0.986	Small peptides	0.653	Dipeptides	0.469	Organic acids and derivatives	1.000	Carboxylic acids and derivatives	1.000	Amino acids, peptides, and analogues	0.999	Peptides	0.963	Oligopeptides	0.649	Organic compounds; Lipids and lipid-like molecules; Amino acids, peptides, and analogues; Alpha amino acids and derivatives; Phenethylamines; Amphetamines and derivatives; Organic acids and derivatives; Carboxylic acids and derivatives; Organonitrogen compounds; Organooxygen compounds; Fatty amides; Amino acids and derivatives; Peptides; Carboxylic acid amides; Carboxylic acid derivatives; N-acyl amines; Monocarboxylic acids and derivatives; N-acyl-alpha amino acids and derivatives; Carboxylic acids; Primary carboxylic acid amides; Secondary carboxylic acid amides; Carbonyl compounds; Benzene and substituted derivatives; Alpha amino acid amides; N-acyl-alpha amino acids; Benzenoids; Fatty Acyls; Organic oxides; Hydrocarbon derivatives; N-acyl-L-glutamines; Glutamine and derivatives; Phenylalanine and derivatives; Organopnictogen compounds; Organic oxygen compounds; Organic nitrogen compounds; Oligopeptides; Chemical entities	560.287	255	4.247	816964916526233202	816964192857733894	816964192857733893	806	
1	C19H21NO4	[M + H]+	C19H22NO4+	Alkaloids	0.999	Tyrosine alkaloids	0.999	Aporphine alkaloids	0.662	Alkaloids and derivatives	0.875	Aporphines	0.908					Aporphines	0.908	Organic compounds; Organoheterocyclic compounds; Naphthalenes; Phenanthrenes and derivatives; Alkyl aryl ethers; Phenols; Anisoles; Ethers; Organonitrogen compounds; Alkaloids and derivatives; Organooxygen compounds; Aporphines; Quinolines and derivatives; Benzoquinolines; Trialkylamines; Phenol ethers; Naphthols and derivatives; Benzenoids; Amines; Tertiary amines; Tetrahydroisoquinolines; Aralkylamines; Azacyclic compounds; Hydrocarbon derivatives; Organopnictogen compounds; Organic oxygen compounds; 1-hydroxy-2-unsubstituted benzenoids; Organic nitrogen compounds; Chemical entities	328.153	255	4.251	816964919613241235	816964192941619979	816964192941619978	807	
1	C24H44O11	[M + Na]+	C24H44NaO11+	Fatty acids	0.967	Fatty acyl glycosides	0.945	Fatty acyl glycosides of mono- and disaccharides	0.815	Lipids and lipid-like molecules	0.944	Fatty Acyls	0.934	Fatty acyl glycosides	0.585	Fatty acyl glycosides of mono- and disaccharides	0.533	Fatty acyl glycosides of mono- and disaccharides	0.533	Organic compounds; Organoheterocyclic compounds; Carbohydrates and carbohydrate conjugates; Lipids and lipid-like molecules; Alcohols and polyols; Ethers; Organic acids and derivatives; Carboxylic acids and derivatives; Primary alcohols; Organooxygen compounds; Fatty acid esters; Carboxylic acid derivatives; Carboxylic acid esters; Disaccharides; Acetals; Secondary alcohols; Fatty acyl glycosides; Carbonyl compounds; Oxanes; Glycosyl compounds; O-glycosyl compounds; Polyols; Fatty acyl glycosides of mono- and disaccharides; Fatty Acyls; Organic oxides; Oxacyclic compounds; Hydrocarbon derivatives; Organic oxygen compounds; Chemical entities	531.276	255	4.254	816964919424497509	816964193029700368	816964193012923151	809	
1	C10H13NO4	[M - H2O + H]+	C10H12NO3+	Amino acids and Peptides	0.659	Small peptides	0.733	Phenylethylamines	0.788	Organic acids and derivatives	1.000	Carboxylic acids and derivatives	1.000	Amino acids, peptides, and analogues	0.984	Amino acids and derivatives	0.984	Tyrosine and derivatives	0.970	Organic compounds; Amino acids, peptides, and analogues; Alpha amino acids and derivatives; Phenols; Catechols; Phenethylamines; Amphetamines and derivatives; Phenylpropanoids and polyketides; Organic acids and derivatives; Carboxylic acids and derivatives; Organonitrogen compounds; Organooxygen compounds; Amino acids and derivatives; Monoalkylamines; Carboxylic acid amides; Carboxylic acid derivatives; Monocarboxylic acids and derivatives; N-acyl-alpha amino acids and derivatives; Carboxylic acids; Benzenediols; Secondary carboxylic acid amides; Carbonyl compounds; Benzene and substituted derivatives; N-acyl-alpha amino acids; Benzenoids; Primary amines; Phenylpropanoic acids; Organic oxides; Hydrocarbon derivatives; Tyrosine and derivatives; Phenylalanine and derivatives; Organopnictogen compounds; Organic oxygen compounds; 1-hydroxy-2-unsubstituted benzenoids; 1-hydroxy-4-unsubstituted benzenoids; Organic nitrogen compounds; Chemical entities	194.080	256	4.272	816964923039988862	816964193335884580	816964193335884579	822	
8	C25H45NO8S	[M + Na]+	C25H45NNaO8S+	Amino acids and Peptides	0.896	Macrolides	0.517	Erythromycins	0.247	Organic acids and derivatives	0.992	Carboxylic acids and derivatives	0.972	Amino acids, peptides, and analogues	0.727	Amino acids and derivatives	0.714	Alpha amino acids and derivatives	0.639	Organic compounds; Organoheterocyclic compounds; Organosulfur compounds; Lipids and lipid-like molecules; Amino acids, peptides, and analogues; Lactones; Alpha amino acids and derivatives; Alcohols and polyols; Organic acids and derivatives; Carboxylic acids and derivatives; Organonitrogen compounds; Organooxygen compounds; Amino acids and derivatives; Carboxylic acid amides; Carboxylic acid derivatives; Carboxylic acid esters; Secondary alcohols; Carbonyl compounds; Fatty Acyls; Organic oxides; Oxacyclic compounds; Hydrocarbon derivatives; Organopnictogen compounds; Organic oxygen compounds; Organic nitrogen compounds; Chemical entities	542.272	258	4.302	816964926529650834	816964193671428920	816964193671428919	836	
1	C20H41N5O9	[M + Na]+	C20H41N5NaO9+	Amino acids and Peptides	0.615	Oligopeptides	0.357	Linear peptides	0.572	Organic acids and derivatives	0.999	Carboxylic acids and derivatives	0.997	Amino acids, peptides, and analogues	0.854	Amino acids and derivatives	0.836	N-acyl-alpha amino acids and derivatives	0.762	Organic compounds; Lipids and lipid-like molecules; Amino acids, peptides, and analogues; Alpha amino acids and derivatives; Alcohols and polyols; Fatty acids and conjugates; Organic acids and derivatives; Carboxylic acids and derivatives; Organonitrogen compounds; Organooxygen compounds; Fatty amides; Branched fatty acids; Amino acids and derivatives; Hydroxamic acids; Monoalkylamines; Hydroxy acids and derivatives; Carboxylic acid amides; Carboxylic acid derivatives; N-acyl amines; Monocarboxylic acids and derivatives; N-acyl-alpha amino acids and derivatives; Carboxylic acids; Primary carboxylic acid amides; Secondary carboxylic acid amides; Carbonyl compounds; Alpha amino acid amides; Amines; Primary amines; Acetohydroxamic acids; Fatty Acyls; Acetamides; Organic oxides; Hydrocarbon derivatives; Organopnictogen compounds; Organic oxygen compounds; Organic nitrogen compounds; Chemical entities	518.280	258	4.304	816964925351051171	816964193755315005	816964193721760572	838	
2	C26H45NO10	[M + Na]+	C26H45NNaO10+	Amino acids and Peptides	0.542	Macrolides	0.914	Open-chain polyketides	0.229	Organic acids and derivatives	0.995	Carboxylic acids and derivatives	0.989	Amino acids, peptides, and analogues	0.838	Amino acids and derivatives	0.836	Alpha amino acids and derivatives	0.735	Organic compounds; Organoheterocyclic compounds; Lipids and lipid-like molecules; Amino acids, peptides, and analogues; Alpha amino acids and derivatives; Alcohols and polyols; Macrolides and analogues; Ethers; Organic acids and derivatives; Carboxylic acids and derivatives; Organonitrogen compounds; Organooxygen compounds; Amino acids and derivatives; Hydroxy acids and derivatives; Carboxylic acid amides; Carboxylic acid derivatives; Carboxylic acids; Carboxylic acid esters; Secondary alcohols; Carbonyl compounds; Fatty Acyls; Organic oxides; Oxacyclic compounds; Hydrocarbon derivatives; Organopnictogen compounds; Organic oxygen compounds; Organic nitrogen compounds; Chemical entities	554.291	259	4.315	816964927674696046	816964193923087175	816964193923087174	844	
1	C32H38N6O3	[M + H]+	C32H39N6O3+	Alkaloids	0.569	Tryptophan alkaloids	0.224	Pyrroloindole alkaloids	0.052	Organic acids and derivatives	0.904	Carboxylic acids and derivatives	0.857	Amino acids, peptides, and analogues	0.813	Amino acids and derivatives	0.807	Amino acids and derivatives	0.807	Organic compounds; Organoheterocyclic compounds; Amino acids, peptides, and analogues; Pyridines and derivatives; Organic acids and derivatives; Carboxylic acids and derivatives; Organonitrogen compounds; Organooxygen compounds; Amino acids and derivatives; Carboxylic acid amides; Carboxylic acid derivatives; Secondary carboxylic acid amides; Carbonyl compounds; Benzenoids; Amines; Primary amines; Organic oxides; Azacyclic compounds; Heteroaromatic compounds; Hydrocarbon derivatives; Organopnictogen compounds; Organic oxygen compounds; Organic nitrogen compounds; Chemical entities	555.310	260	4.329	816964944833594176	816964194120219473	816964194120219472	850	
1	C16H29N3O4	[M + H]+	C16H30N3O4+	Amino acids and Peptides	0.992	Small peptides	0.992	Dipeptides	0.894	Organic acids and derivatives	1.000	Carboxylic acids and derivatives	0.999	Amino acids, peptides, and analogues	0.994	Peptides	0.883	Dipeptides	0.588	Organic compounds; Lipids and lipid-like molecules; Amino acids, peptides, and analogues; Alpha amino acids and derivatives; Organic acids and derivatives; Carboxylic acids and derivatives; Organonitrogen compounds; Organooxygen compounds; Amino acids and derivatives; Peptides; Monoalkylamines; Carboxylic acid amides; Carboxylic acid derivatives; Monocarboxylic acids and derivatives; N-acyl-alpha amino acids and derivatives; Carboxylic acids; Secondary carboxylic acid amides; Tertiary carboxylic acid amides; Carbonyl compounds; Alpha amino acid amides; N-acyl-alpha amino acids; Amines; Primary amines; N-acylpyrrolidines; Fatty Acyls; Organic oxides; Hydrocarbon derivatives; Amino acids; Proline and derivatives; Organopnictogen compounds; Organic oxygen compounds; Organic nitrogen compounds; Dipeptides; Chemical entities	328.222	260	4.338	816964930518434371	816964194384460640	816964194346711903	818	
1	C14H18N2O3	[M + H]+	C14H19N2O3+	Amino acids and Peptides	1.000	Small peptides	1.000	Dipeptides	0.999	Organic acids and derivatives	1.000	Carboxylic acids and derivatives	1.000	Amino acids, peptides, and analogues	1.000	Peptides	0.963	Dipeptides	0.950	Organic compounds; Organoheterocyclic compounds; Amino acids, peptides, and analogues; Alpha amino acids and derivatives; Phenethylamines; Amphetamines and derivatives; Pyrrolidines; Organic acids and derivatives; Carboxylic acids and derivatives; Organonitrogen compounds; Organooxygen compounds; Amino acids and derivatives; Peptides; Monoalkylamines; Carboxylic acid amides; Carboxylic acid derivatives; Monocarboxylic acids and derivatives; N-acyl-alpha amino acids and derivatives; Carboxylic acids; Tertiary carboxylic acid amides; Carbonyl compounds; Pyrrolidine carboxylic acids and derivatives; Benzene and substituted derivatives; Alpha amino acid amides; N-acyl-alpha amino acids; Pyrrolidine carboxylic acids; Benzenoids; Amines; Primary amines; N-acylpyrrolidines; Aralkylamines; Organic oxides; Azacyclic compounds; N-acyl-L-alpha-amino acids; Hydrocarbon derivatives; Amino acids; Proline and derivatives; Organopnictogen compounds; Organic oxygen compounds; Organic nitrogen compounds; Dipeptides; Chemical entities	263.138	261	4.349	816964956208546813	816964194451569509	816964194451569508	865	
2	C18H28BClN2O2	[M + H]+	C18H29BClN2O2+	Amino acids and Peptides	0.226	Small peptides	0.278	Aminoacids	0.088	Organic acids and derivatives	0.880	Carboxylic acids and derivatives	0.409	Amino acids, peptides, and analogues	0.513	Amino acids and derivatives	0.515	Amino acids and derivatives	0.515	Organic compounds; Organoheterocyclic compounds; Amino acids, peptides, and analogues; Halobenzenes; Organic acids and derivatives; Organohalogen compounds; Organonitrogen compounds; Organooxygen compounds; Amino acids and derivatives; Organometallic compounds; Boronic acid derivatives; Aryl chlorides; Chlorobenzenes; Organometalloid compounds; Organochlorides; Benzene and substituted derivatives; Benzenoids; Amines; Organoboron compounds; Aryl halides; Organic salts; Organic metalloid salts; Organic metal salts; Azacyclic compounds; Hydrocarbon derivatives; Alkylboranes; Organic oxygen compounds; Organic nitrogen compounds; Chemical entities	350.204	262	4.359	816964989737813606	816964194627730287	816964194627730286	872	
1	C22H27NO8	[M + H]+	C22H28NO8+	Alkaloids	0.608	Tyrosine alkaloids	0.486	Cyanogenic glycosides	0.275	Organic oxygen compounds	1.000	Organooxygen compounds	1.000	Carbohydrates and carbohydrate conjugates	0.999	Glycosyl compounds	0.991	Phenolic glycosides	0.855	Organic compounds; Organoheterocyclic compounds; Carbohydrates and carbohydrate conjugates; Alcohols and polyols; Ethers; Organonitrogen compounds; Primary alcohols; Organooxygen compounds; Hexoses; Monosaccharides; Acetals; Secondary alcohols; Oxanes; Glycosyl compounds; O-glycosyl compounds; Benzene and substituted derivatives; Polyols; Phenol ethers; Benzenoids; Oxacyclic compounds; Hydrocarbon derivatives; Phenolic glycosides; Organopnictogen compounds; Organic oxygen compounds; 1-hydroxy-2-unsubstituted benzenoids; Organic nitrogen compounds; Chemical entities	434.179	262	4.362	816964998197724901	816964194703227764	816964194703227763	873	
1	C18H32O13	[M + Na]+	C18H32NaO13+	Fatty acids	0.272	Monoterpenoids	0.394	Fatty acyl glycosides of mono- and disaccharides	0.311	Organic oxygen compounds	1.000	Organooxygen compounds	1.000	Carbohydrates and carbohydrate conjugates	0.994	Disaccharides	0.869	Disaccharides	0.869	Organic compounds; Organoheterocyclic compounds; Carbohydrates and carbohydrate conjugates; Lipids and lipid-like molecules; Alcohols and polyols; Ethers; Primary alcohols; Organooxygen compounds; Disaccharides; Acetals; Secondary alcohols; Oxanes; Glycosyl compounds; O-glycosyl compounds; Polyols; Fatty Acyls; Oxacyclic compounds; Hydrocarbon derivatives; Organic oxygen compounds; Chemical entities	479.172	262	4.373	816965013754411574	816964194791308153	816964194791308152	876	
1	C15H27N3O6	[M + H]+	C15H28N3O6+	Amino acids and Peptides	0.994	Small peptides	0.993	Tripeptides	0.889	Organic acids and derivatives	1.000	Carboxylic acids and derivatives	1.000	Amino acids, peptides, and analogues	0.994	Peptides	0.974	Oligopeptides	0.793	Organic compounds; Lipids and lipid-like molecules; Amino acids, peptides, and analogues; Alpha amino acids and derivatives; Fatty acids and conjugates; Organic acids and derivatives; Carboxylic acids and derivatives; Organonitrogen compounds; Organooxygen compounds; Fatty amides; Branched fatty acids; Amino acids and derivatives; Peptides; Monoalkylamines; Carboxylic acid amides; Carboxylic acid derivatives; N-acyl amines; Monocarboxylic acids and derivatives; N-acyl-alpha amino acids and derivatives; Carboxylic acids; Secondary carboxylic acid amides; Carbonyl compounds; Alpha amino acid amides; N-acyl-alpha amino acids; Amines; Primary amines; Methyl-branched fatty acids; Fatty Acyls; Organic oxides; Hydrocarbon derivatives; Amino acids; Valine and derivatives; Organopnictogen compounds; Organic oxygen compounds; Organic nitrogen compounds; Oligopeptides; Chemical entities	346.196	263	4.384	816965010868718949	816964194954886019	816964194946497410	881	
1	C16H29N3O4	[M + H]+	C16H30N3O4+	Amino acids and Peptides	1.000	Small peptides	0.999	Dipeptides	0.702	Organic acids and derivatives	1.000	Carboxylic acids and derivatives	1.000	Amino acids, peptides, and analogues	1.000	Peptides	0.998	Oligopeptides	0.963	Organic compounds; Organoheterocyclic compounds; Lipids and lipid-like molecules; Amino acids, peptides, and analogues; Alpha amino acids and derivatives; Pyrrolidines; Fatty acids and conjugates; Organic acids and derivatives; Carboxylic acids and derivatives; Organonitrogen compounds; Organooxygen compounds; Branched fatty acids; Amino acids and derivatives; Peptides; Monoalkylamines; Carboxylic acid amides; Carboxylic acid derivatives; Monocarboxylic acids and derivatives; N-acyl-alpha amino acids and derivatives; Carboxylic acids; Secondary carboxylic acid amides; Tertiary carboxylic acid amides; Carbonyl compounds; Pyrrolidine carboxylic acids and derivatives; Heterocyclic fatty acids; Pyrrolidinecarboxamides; Alpha amino acid amides; N-acyl-alpha amino acids; Amines; Primary amines; N-acylpyrrolidines; Methyl-branched fatty acids; Fatty Acyls; Organic oxides; Azacyclic compounds; Hydrocarbon derivatives; Amino acids; Proline and derivatives; Isoleucine and derivatives; Organopnictogen compounds; Organic oxygen compounds; Organic nitrogen compounds; Oligopeptides; Chemical entities	328.222	263	4.387	816965016522652287	816964195034577800	816964195034577799	882	
1	C16H23N3O4	[M + H]+	C16H24N3O4+	Amino acids and Peptides	0.999	Small peptides	0.995	Tripeptides	0.913	Organic acids and derivatives	0.999	Carboxylic acids and derivatives	0.999	Amino acids, peptides, and analogues	0.997	Peptides	0.979	Oligopeptides	0.820	Organic compounds; Lipids and lipid-like molecules; Amino acids, peptides, and analogues; Alpha amino acids and derivatives; Phenethylamines; Amphetamines and derivatives; Organic acids and derivatives; Carboxylic acids and derivatives; Organonitrogen compounds; Organooxygen compounds; Fatty amides; Amino acids and derivatives; Peptides; Monoalkylamines; Carboxylic acid amides; Carboxylic acid derivatives; N-acyl amines; Monocarboxylic acids and derivatives; N-acyl-alpha amino acids and derivatives; Carboxylic acids; Secondary carboxylic acid amides; Carbonyl compounds; Benzene and substituted derivatives; Alpha amino acid amides; N-acyl-alpha amino acids; Benzenoids; Amines; Primary amines; Fatty Acyls; Organic oxides; Hydrocarbon derivatives; Amino acids; Phenylalanine and derivatives; Organopnictogen compounds; Organic oxygen compounds; Organic nitrogen compounds; Oligopeptides; Chemical entities	322.175	264	4.397	816965023850102736	816964195189767058	816964195189767057	886	
1	C16H14O7	[M + H]+	C16H15O7+	Shikimates and Phenylpropanoids	0.793	Styrylpyrones	0.412	Kavalactones and derivatives	0.414	Organoheterocyclic compounds	0.826	Benzopyrans	0.543	1-benzopyrans	0.540			1-benzopyrans	0.540	Organic compounds; Organoheterocyclic compounds; Pyrans; Benzopyrans; Alkyl aryl ethers; Phenols; Ethers; Phenylpropanoids and polyketides; Organic acids and derivatives; Carboxylic acids and derivatives; Organooxygen compounds; Pyranones and derivatives; Carbonyl compounds; Benzene and substituted derivatives; Benzenoids; 1-benzopyrans; Vinylogous acids; Organic oxides; Oxacyclic compounds; Heteroaromatic compounds; Hydrocarbon derivatives; Organic oxygen compounds; 1-hydroxy-2-unsubstituted benzenoids; 1-hydroxy-4-unsubstituted benzenoids; Chemical entities	319.081	264	4.402	816965020654042351	816964195374316444	816964195374316443	890	
1	C20H16N2O4	[M + H]+	C20H17N2O4+	Alkaloids	0.938	Anthranilic acid alkaloids	0.397	Pyridine alkaloids	0.161	Benzenoids	0.990	Benzene and substituted derivatives	0.566					Benzene and substituted derivatives	0.566	Organic compounds; Organoheterocyclic compounds; Organic acids and derivatives; Carboxylic acids and derivatives; Organonitrogen compounds; Organooxygen compounds; Carboxylic acid amides; Carboxylic acid derivatives; Carbonyl compounds; Benzene and substituted derivatives; Benzenoids; Organic oxides; Azacyclic compounds; Heteroaromatic compounds; Hydrocarbon derivatives; Organopnictogen compounds; Organic oxygen compounds; Organic nitrogen compounds; Chemical entities	349.116	265	4.410	816965024072400887	816964195613391787	816964195613391786	902	
10	C10H8N4O4	[M + H]+	C10H9N4O4+	Alkaloids	0.972	Anthranilic acid alkaloids	0.563	Phenazine alkaloids	0.342	Organic 1,3-dipolar compounds	0.659	Allyl-type 1,3-dipolar organic compounds	0.591	Organic nitro compounds	0.618	C-nitro compounds	0.598	Nitroaromatic compounds	0.623	Organic compounds; Organoheterocyclic compounds; Organic acids and derivatives; Carboxylic acids and derivatives; Organonitrogen compounds; Organooxygen compounds; Organic nitro compounds; Organic oxoazanium compounds; Benzenoids; Organic 1,3-dipolar compounds; Allyl-type 1,3-dipolar organic compounds; Propargyl-type 1,3-dipolar organic compounds; Organic oxides; C-nitro compounds; Azacyclic compounds; Heteroaromatic compounds; Hydrocarbon derivatives; Organopnictogen compounds; Organic oxygen compounds; Nitroaromatic compounds; Organic nitrogen compounds; Chemical entities	249.064	265	4.416	816965023275483000	816964195680500656	816964195680500655	904	
1	C14H27N3O5	[M + H]+	C14H28N3O5+	Amino acids and Peptides	1.000	Small peptides	0.999	Tripeptides	0.991	Organic acids and derivatives	1.000	Carboxylic acids and derivatives	1.000	Amino acids, peptides, and analogues	0.999	Peptides	0.999	Oligopeptides	0.988	Organic compounds; Lipids and lipid-like molecules; Amino acids, peptides, and analogues; Alpha amino acids and derivatives; Alcohols and polyols; Fatty acids and conjugates; Organic acids and derivatives; Carboxylic acids and derivatives; Organonitrogen compounds; Primary alcohols; Organooxygen compounds; Fatty amides; Branched fatty acids; Hydroxy fatty acids; Amino acids and derivatives; Peptides; Monoalkylamines; Carboxylic acid amides; Carboxylic acid derivatives; N-acyl amines; Monocarboxylic acids and derivatives; N-acyl-alpha amino acids and derivatives; Carboxylic acids; Secondary carboxylic acid amides; Carbonyl compounds; Alpha amino acid amides; N-acyl-alpha amino acids; Amines; Primary amines; Methyl-branched fatty acids; Fatty Acyls; Organic oxides; Hydrocarbon derivatives; Amino acids; Valine and derivatives; Leucine and derivatives; Isoleucine and derivatives; Organopnictogen compounds; Organic oxygen compounds; Organic nitrogen compounds; Oligopeptides; Chemical entities	318.201	265	4.418	816965025091616887	816964195755998133	816964195755998132	907	
1	C8H13NO3S	[M + Na]+	C8H13NNaO3S+	Amino acids and Peptides	0.902	β-lactams	0.289	Pyrrolidine alkaloids	0.059	Organic acids and derivatives	0.659	Carboxylic acids and derivatives	0.661	Carboxylic acid derivatives	0.449	Carboxylic acid amides	0.528	Carboxylic acid amides	0.528	Organic compounds; Organoheterocyclic compounds; Organosulfur compounds; Alcohols and polyols; Organic acids and derivatives; Carboxylic acids and derivatives; Organonitrogen compounds; Primary alcohols; Organooxygen compounds; Carboxylic acid amides; Thioethers; Carbonyl compounds; Dialkylthioethers; Organic oxides; Azacyclic compounds; Hydrocarbon derivatives; Organopnictogen compounds; Organic oxygen compounds; Organic nitrogen compounds; Chemical entities	226.052	268	4.472	816965029873123984	816964195990879172	816964195990879171	919	
5	C24H39N9O5	[M + K]+	C24H39KN9O5+	Amino acids and Peptides	0.990	Oligopeptides	0.933	Cyclic peptides	0.497	Organic acids and derivatives	0.988	Carboxylic acids and derivatives	0.965	Amino acids, peptides, and analogues	0.946	Peptides	0.739	Peptides	0.739	Organic compounds; Organoheterocyclic compounds; Amino acids, peptides, and analogues; Alpha amino acids and derivatives; Organic acids and derivatives; Carboxylic acids and derivatives; Organonitrogen compounds; Organooxygen compounds; Fatty amides; Amino acids and derivatives; Peptides; Carboxylic acid amides; Carboxylic acid derivatives; N-acyl-alpha amino acids and derivatives; Secondary carboxylic acid amides; Tertiary carboxylic acid amides; Carbonyl compounds; Benzene and substituted derivatives; Alpha amino acid amides; Benzenoids; Amines; Organic oxides; Azacyclic compounds; Hydrocarbon derivatives; Organopnictogen compounds; Organic oxygen compounds; Organic nitrogen compounds; Chemical entities	572.266	269	4.481	816965038970569962	816964196095736777	816964196062182344	922	
1	C16H29N3O6	[M + H]+	C16H30N3O6+	Amino acids and Peptides	1.000	Small peptides	0.999	Tripeptides	0.999	Organic acids and derivatives	1.000	Carboxylic acids and derivatives	1.000	Amino acids, peptides, and analogues	0.998	Peptides	0.999	Oligopeptides	0.989	Organic compounds; Lipids and lipid-like molecules; Amino acids, peptides, and analogues; Alpha amino acids and derivatives; Fatty acids and conjugates; Organic acids and derivatives; Carboxylic acids and derivatives; Organonitrogen compounds; Organooxygen compounds; Fatty amides; Branched fatty acids; Dicarboxylic acids and derivatives; Amino acids and derivatives; Peptides; Monoalkylamines; Carboxylic acid amides; Carboxylic acid derivatives; N-acyl amines; N-acyl-alpha amino acids and derivatives; Carboxylic acids; Secondary carboxylic acid amides; Carbonyl compounds; Alpha amino acid amides; N-acyl-alpha amino acids; Amines; Primary amines; Methyl-branched fatty acids; Fatty Acyls; Organic oxides; Hydrocarbon derivatives; Amino acids; Valine and derivatives; Leucine and derivatives; Organopnictogen compounds; Organic oxygen compounds; Organic nitrogen compounds; Oligopeptides; Chemical entities	360.211	269	4.485	816965040765732172	816964196167039950	816964196167039949	923	
1	C15H29N3O5	[M + H]+	C15H30N3O5+	Amino acids and Peptides	1.000	Small peptides	1.000	Tripeptides	0.999	Organic acids and derivatives	1.000	Carboxylic acids and derivatives	1.000	Amino acids, peptides, and analogues	1.000	Peptides	1.000	Oligopeptides	0.998	Organic compounds; Lipids and lipid-like molecules; Amino acids, peptides, and analogues; Alpha amino acids and derivatives; Alcohols and polyols; Fatty acids and conjugates; Organic acids and derivatives; Carboxylic acids and derivatives; Organonitrogen compounds; Organooxygen compounds; Fatty amides; Branched fatty acids; Hydroxy fatty acids; Amino acids and derivatives; Peptides; Monoalkylamines; Carboxylic acid amides; Carboxylic acid derivatives; N-acyl amines; Monocarboxylic acids and derivatives; N-acyl-alpha amino acids and derivatives; Carboxylic acids; Secondary alcohols; Secondary carboxylic acid amides; Carbonyl compounds; Alpha amino acid amides; N-acyl-alpha amino acids; Amines; Primary amines; Methyl-branched fatty acids; Fatty Acyls; Organic oxides; Hydrocarbon derivatives; Amino acids; Valine and derivatives; Leucine and derivatives; Organopnictogen compounds; Organic oxygen compounds; Organic nitrogen compounds; Oligopeptides; Chemical entities	332.217	270	4.493	816965042573477316	816964196229954515	816964196229954514	926	
2	C13H25NO10	[M + K]+	C13H25KNO10+	Amino acids and Peptides	0.976	Amino acid glycosides	0.980	Cyanogenic glycosides	0.980	Organic oxygen compounds	1.000	Organooxygen compounds	1.000	Carbohydrates and carbohydrate conjugates	0.995	Glycosyl compounds	0.939	Cyanogenic glycosides	0.506	Organic compounds; Organoheterocyclic compounds; Carbohydrates and carbohydrate conjugates; Lipids and lipid-like molecules; Alcohols and polyols; Ethers; Organic acids and derivatives; Carboxylic acids and derivatives; Organonitrogen compounds; Primary alcohols; Organooxygen compounds; Monocarboxylic acids and derivatives; Carboxylic acids; Hexoses; Monosaccharides; Acetals; Secondary alcohols; Fatty acyl glycosides; Carbonyl compounds; Oxanes; Glycosyl compounds; O-glycosyl compounds; Polyols; Cyanogenic glycosides; Fatty acyl glycosides of mono- and disaccharides; Fatty Acyls; Organic oxides; Oxacyclic compounds; Hydrocarbon derivatives; Organopnictogen compounds; Organic oxygen compounds; Organic nitrogen compounds; Chemical entities	394.109	270	4.499	816965059921122065	816964196334812120	816964196334812119	930	
2	C34H51N5O6	[M + K]+	C34H51KN5O6+	Amino acids and Peptides	0.984	Oligopeptides	0.982	Cyclic peptides	0.305	Organic acids and derivatives	0.999	Carboxylic acids and derivatives	0.996	Amino acids, peptides, and analogues	0.981	Peptides	0.532	Peptides	0.532	Organic compounds; Organoheterocyclic compounds; Lipids and lipid-like molecules; Amino acids, peptides, and analogues; Alpha amino acids and derivatives; Phenethylamines; Amphetamines and derivatives; Pyrrolidines; Organic acids and derivatives; Carboxylic acids and derivatives; Organonitrogen compounds; Organooxygen compounds; Fatty amides; Amino acids and derivatives; Peptides; Carboxylic acid amides; Carboxylic acid derivatives; N-acyl amines; N-acyl-alpha amino acids and derivatives; Secondary carboxylic acid amides; Tertiary carboxylic acid amides; Carbonyl compounds; Benzene and substituted derivatives; Alpha amino acid amides; Benzenoids; Fatty Acyls; Organic oxides; Azacyclic compounds; Hydrocarbon derivatives; Valine and derivatives; Organopnictogen compounds; Organic oxygen compounds; Organic nitrogen compounds; Chemical entities	664.350	271	4.524	816965072776665142	816964196716493809	816964196716493808	936	
1	C15H22N2O3	[M + H]+	C15H23N2O3+	Amino acids and Peptides	1.000	Small peptides	1.000	Dipeptides	1.000	Organic acids and derivatives	1.000	Carboxylic acids and derivatives	1.000	Amino acids, peptides, and analogues	1.000	Peptides	0.991	Dipeptides	0.975	Organic compounds; Lipids and lipid-like molecules; Amino acids, peptides, and analogues; Alpha amino acids and derivatives; Phenethylamines; Amphetamines and derivatives; Organic acids and derivatives; Carboxylic acids and derivatives; Organonitrogen compounds; Organooxygen compounds; Fatty amides; Amino acids and derivatives; Peptides; Monoalkylamines; Carboxylic acid amides; Carboxylic acid derivatives; Monocarboxylic acids and derivatives; N-acyl-alpha amino acids and derivatives; Carboxylic acids; Secondary carboxylic acid amides; Carbonyl compounds; Benzene and substituted derivatives; Alpha amino acid amides; N-acyl-alpha amino acids; Benzenoids; Amines; Primary amines; Aralkylamines; Fatty Acyls; Organic oxides; N-acyl-L-alpha-amino acids; Hydrocarbon derivatives; Amino acids; Phenylalanine and derivatives; Leucine and derivatives; Organopnictogen compounds; Organic oxygen compounds; Organic nitrogen compounds; Dipeptides; Chemical entities	279.169	272	4.531	816965065323385731	816964196913626107	816964196913626106	940	
8	C26H31N7O	[M + Na]+	C26H31N7NaO+	Alkaloids	0.823	Pseudoalkaloids (transamidation)	0.099	Pyrroloindole alkaloids	0.029	Organoheterocyclic compounds	0.990	Diazines	0.660	Pyrimidines and pyrimidine derivatives	0.643	Aminopyrimidines and derivatives	0.691	Aminopyrimidines and derivatives	0.691	Organic compounds; Organoheterocyclic compounds; Pyrimidines and pyrimidine derivatives; Piperazines; Organonitrogen compounds; Organooxygen compounds; Aminopyrimidines and derivatives; Diazines; Trialkylamines; Benzene and substituted derivatives; Diazinanes; Benzenoids; Amines; Tertiary amines; N-alkylpiperazines; Imidolactams; Azacyclic compounds; Heteroaromatic compounds; Hydrocarbon derivatives; Organopnictogen compounds; Organic oxygen compounds; Organic nitrogen compounds; Chemical entities	480.245	272	4.532	816965057840746453	816964197014289408	816964197014289407	945	
6	C25H44N6O10	[M + H]+	C25H45N6O10+	Amino acids and Peptides	0.877	Oligopeptides	0.845	Linear peptides	0.605	Organic acids and derivatives	1.000	Carboxylic acids and derivatives	0.997	Amino acids, peptides, and analogues	0.917	Peptides	0.768	Peptides	0.768	Organic compounds; Lipids and lipid-like molecules; Amino acids, peptides, and analogues; Alpha amino acids and derivatives; Organic acids and derivatives; Carboxylic acids and derivatives; Organonitrogen compounds; Organooxygen compounds; Fatty amides; Amino acids and derivatives; Peptides; Hydroxamic acids; Monoalkylamines; Carboxylic acid amides; Carboxylic acid derivatives; N-acyl amines; Monocarboxylic acids and derivatives; N-acyl-alpha amino acids and derivatives; Carboxylic acids; Primary carboxylic acid amides; Secondary carboxylic acid amides; Carbonyl compounds; Alpha amino acid amides; Acetohydroxamic acids; Fatty Acyls; Acetamides; Organic oxides; Hydrocarbon derivatives; Alanine and derivatives; Organopnictogen compounds; Organic oxygen compounds; Organic nitrogen compounds; Chemical entities	589.317	273	4.557	816965059732378274	816964197177867274	816964197177867273	951	
4	C24H40O12	[M + Na]+	C24H40NaO12+	Polyketides	0.472	Triterpenoids	0.154	Open-chain polyketides	0.166	Organic oxygen compounds	1.000	Organooxygen compounds	1.000	Carbohydrates and carbohydrate conjugates	0.668	Glycosyl compounds	0.635	O-glycosyl compounds	0.593	Organic compounds; Organoheterocyclic compounds; Carbohydrates and carbohydrate conjugates; Lipids and lipid-like molecules; Alcohols and polyols; Ethers; Organic acids and derivatives; Carboxylic acids and derivatives; Organooxygen compounds; Acetals; Secondary alcohols; Tertiary alcohols; Carbonyl compounds; Oxanes; Glycosyl compounds; O-glycosyl compounds; Polyols; Organic oxides; Oxacyclic compounds; Hydrocarbon derivatives; Organic oxygen compounds; Chemical entities	543.238	275	4.576	816965074009790620	816964197324667924	816964197324667923	953	
1	C20H25NO4	[M + H]+	C20H26NO4+	Alkaloids	0.999	Tyrosine alkaloids	1.000	Isoquinoline alkaloids	0.976	Organoheterocyclic compounds	0.992	Isoquinolines and derivatives	0.969	Benzylisoquinolines	0.991			Benzylisoquinolines	0.991	Organic compounds; Organoheterocyclic compounds; Benzylisoquinolines; Alkyl aryl ethers; Phenols; Anisoles; Methoxyphenols; Ethers; Organonitrogen compounds; Organooxygen compounds; Trialkylamines; Benzene and substituted derivatives; Phenol ethers; Benzenoids; Amines; Tertiary amines; Isoquinolines and derivatives; Tetrahydroisoquinolines; Aralkylamines; Methoxybenzenes; Azacyclic compounds; Hydrocarbon derivatives; Organopnictogen compounds; Organic oxygen compounds; 1-hydroxy-2-unsubstituted benzenoids; 1-hydroxy-4-unsubstituted benzenoids; Organic nitrogen compounds; Phenoxy compounds; Chemical entities	344.184	275	4.577	816965085321830743	816964197429525529	816964197429525528	954	
3	C22H17NO3	[M + H]+	C22H18NO3+	Alkaloids	0.966	Tyrosine alkaloids	0.973	Isoquinoline alkaloids	0.871	Organoheterocyclic compounds	0.960	Isoquinolines and derivatives	0.681	Benzylisoquinolines	0.644			Benzylisoquinolines	0.644	Organic compounds; Organoheterocyclic compounds; Benzylisoquinolines; Alkyl aryl ethers; Phenols; Anisoles; Ethers; Organonitrogen compounds; Organooxygen compounds; Benzene and substituted derivatives; Phenol ethers; Benzenoids; Isoquinolines and derivatives; Tetrahydroisoquinolines; Methoxybenzenes; Azacyclic compounds; Hydrocarbon derivatives; Organopnictogen compounds; Organic oxygen compounds; 1-hydroxy-2-unsubstituted benzenoids; Organic nitrogen compounds; Phenoxy compounds; Chemical entities	344.127	275	4.584	816965087314125346	816964197530188830	816964197530188829	957	
2	C17H23N3O3	[M + H]+	C17H24N3O3+	Amino acids and Peptides	0.998	Small peptides	0.989	Dipeptides	0.941	Organic acids and derivatives	1.000	Carboxylic acids and derivatives	0.999	Amino acids, peptides, and analogues	0.998	Peptides	0.916	Dipeptides	0.716	Organic compounds; Organoheterocyclic compounds; Lipids and lipid-like molecules; Amino acids, peptides, and analogues; Alpha amino acids and derivatives; Pyrroles; Indoles and derivatives; Organic acids and derivatives; Carboxylic acids and derivatives; Organonitrogen compounds; Organooxygen compounds; Fatty amides; Amino acids and derivatives; Peptides; Monoalkylamines; Carboxylic acid amides; Carboxylic acid derivatives; N-acyl amines; Monocarboxylic acids and derivatives; N-acyl-alpha amino acids and derivatives; Carboxylic acids; Indolyl carboxylic acids and derivatives; Secondary carboxylic acid amides; Carbonyl compounds; Substituted pyrroles; Alpha amino acid amides; N-acyl-alpha amino acids; Benzenoids; Amines; Primary amines; Indoles; Fatty Acyls; Organic oxides; Azacyclic compounds; Heteroaromatic compounds; Hydrocarbon derivatives; Amino acids; 3-alkylindoles; Organopnictogen compounds; Organic oxygen compounds; Organic nitrogen compounds; Dipeptides; Chemical entities	318.180	275	4.585	816965071220578213	816964197597297699	816964197597297698	956	
1	C26H43N9O6	[M + Na]+	C26H43N9NaO6+	Amino acids and Peptides	0.952	Oligopeptides	0.966	Cyclic peptides	0.554	Organic acids and derivatives	0.988	Carboxylic acids and derivatives	0.939	Amino acids, peptides, and analogues	0.823	Peptides	0.516	Peptides	0.516	Organic compounds; Organoheterocyclic compounds; Amino acids, peptides, and analogues; Alpha amino acids and derivatives; Imidazoles; Organic acids and derivatives; Carboxylic acids and derivatives; Organonitrogen compounds; Organooxygen compounds; Amino acids and derivatives; Peptides; Azoles; Carboxylic acid amides; Carboxylic acid derivatives; Secondary carboxylic acid amides; Carbonyl compounds; Substituted imidazoles; Organic oxides; Azacyclic compounds; Heteroaromatic compounds; Hydrocarbon derivatives; Organopnictogen compounds; Organic oxygen compounds; Organic nitrogen compounds; Chemical entities	600.321	275	4.585	816965077574949485	816964197685378088	816964197685378087	955	
1	C20H28N4O5	[M + H]+	C20H29N4O5+	Amino acids and Peptides	1.000	Small peptides	1.000	Dipeptides	0.992	Organic acids and derivatives	1.000	Carboxylic acids and derivatives	1.000	Amino acids, peptides, and analogues	1.000	Peptides	0.999	Dipeptides	0.976	Organic compounds; Organoheterocyclic compounds; Lipids and lipid-like molecules; Amino acids, peptides, and analogues; Alpha amino acids and derivatives; Pyrroles; Indoles and derivatives; Organic acids and derivatives; Carboxylic acids and derivatives; Organonitrogen compounds; Organooxygen compounds; Fatty amides; Amino acids and derivatives; Peptides; Monoalkylamines; Carboxylic acid amides; Carboxylic acid derivatives; N-acyl amines; Monocarboxylic acids and derivatives; N-acyl-alpha amino acids and derivatives; Carboxylic acids; Indolyl carboxylic acids and derivatives; Secondary carboxylic acid amides; Carbonyl compounds; Substituted pyrroles; Alpha amino acid amides; N-acyl-alpha amino acids; Benzenoids; Amines; Primary amines; Indoles; Fatty Acyls; Organic oxides; Azacyclic compounds; Heteroaromatic compounds; Hydrocarbon derivatives; Amino acids; 3-alkylindoles; Organopnictogen compounds; Organic oxygen compounds; Organic nitrogen compounds; Dipeptides; Chemical entities	405.212	277	4.615	816965069513496253	816964197769264173	816964197769264172	964	
5	C13H21N7O2	[M + Na]+	C13H21N7NaO2+	Alkaloids	0.793	Proline alkaloids	0.069	Pyrrole alkaloids	0.070	Benzenoids	0.979	Phenol ethers	0.983	Anisoles	0.975			Anisoles	0.975	Organic compounds; Organoheterocyclic compounds; Alkyl aryl ethers; Anisoles; Ethers; Organonitrogen compounds; Organooxygen compounds; Guanidines; Aminotriazines; Benzene and substituted derivatives; Phenol ethers; Benzenoids; Amines; Primary amines; Methoxybenzenes; Azacyclic compounds; Heteroaromatic compounds; Hydrocarbon derivatives; Organopnictogen compounds; Organic oxygen compounds; Organic nitrogen compounds; Phenoxy compounds; Chemical entities	330.165	277	4.624	816965081316269504	816964198079642679	816964198041893942	966	
2	C19H21NO4	[M + H]+	C19H22NO4+	Alkaloids	0.999	Tyrosine alkaloids	0.998	Aporphine alkaloids	0.581	Alkaloids and derivatives	0.855	Aporphines	0.819					Aporphines	0.819	Organic compounds; Organoheterocyclic compounds; Naphthalenes; Phenanthrenes and derivatives; Alkyl aryl ethers; Anisoles; Ethers; Organonitrogen compounds; Alkaloids and derivatives; Organooxygen compounds; Aporphines; Quinolines and derivatives; Benzoquinolines; Phenol ethers; Benzenoids; Amines; Tertiary amines; Tetrahydroisoquinolines; Aralkylamines; Azacyclic compounds; Hydrocarbon derivatives; Organopnictogen compounds; Organic oxygen compounds; Organic nitrogen compounds; Chemical entities	328.153	278	4.633	816965087695807062	816964198150945852	816964198150945851	971	
5	C23H20O2	[M + H]+	C23H21O2+	Terpenoids	0.497	Diterpenoids	0.314	Naphthoquinones	0.177	Benzenoids	0.998	Phenanthrenes and derivatives	0.600					Phenanthrenes and derivatives	0.600	Organic compounds; Naphthalenes; Phenanthrenes and derivatives; Alkyl aryl ethers; Anisoles; Ethers; Organooxygen compounds; Phenol ethers; Benzenoids; Hydrocarbon derivatives; Organic oxygen compounds; Chemical entities	329.156	278	4.636	816965082104798789	816964198356466763	816964198356466762	975	
1	C19H33NO2	[M + Na]+	C19H33NNaO2+	Alkaloids	0.751	Pseudoalkaloids (transamidation)	0.827	Phenylalanine-derived alkaloids	0.166	Organic nitrogen compounds	1.000	Organonitrogen compounds	1.000	Amines	0.900	Aralkylamines	0.576	Aralkylamines	0.576	Organic compounds; Prenol lipids; Organonitrogen compounds; Organooxygen compounds; Benzene and substituted derivatives; Benzenoids; Amines; Aralkylamines; Hydrocarbon derivatives; Organopnictogen compounds; Organic oxygen compounds; Organic nitrogen compounds; Chemical entities	330.237	280	4.660	816965084306808998	816964198528433237	816964198528433236	968	
3	C18H36N4O6	[M + Na]+	C18H36N4NaO6+	Amino acids and Peptides	0.709	Small peptides	0.524	Dipeptides	0.253	Organic acids and derivatives	0.998	Carboxylic acids and derivatives	0.991	Amino acids, peptides, and analogues	0.862	Amino acids and derivatives	0.852	N-acyl-alpha amino acids and derivatives	0.713	Organic compounds; Lipids and lipid-like molecules; Amino acids, peptides, and analogues; Alpha amino acids and derivatives; Fatty acids and conjugates; Organic acids and derivatives; Carboxylic acids and derivatives; Organonitrogen compounds; Organooxygen compounds; Fatty amides; Amino acids and derivatives; Carboxylic acid amides; Carboxylic acid derivatives; N-acyl amines; Monocarboxylic acids and derivatives; N-acyl-alpha amino acids and derivatives; Carboxylic acids; Secondary carboxylic acid amides; Carbonyl compounds; Fatty Acyls; Organic oxides; Hydrocarbon derivatives; Organopnictogen compounds; Organic oxygen compounds; Organic nitrogen compounds; Chemical entities	427.251	280	4.664	816965085065978173	816964198624902234	816964198591347801	980	
2	C20H30N8O2	[M + H]+	C20H31N8O2+	Amino acids and Peptides	0.854	Small peptides	0.707	Dipeptides	0.157	Organic acids and derivatives	0.931	Carboxylic acids and derivatives	0.861	Amino acids, peptides, and analogues	0.830	Amino acids and derivatives	0.826	Alpha amino acids and derivatives	0.597	Organic compounds; Organoheterocyclic compounds; Amino acids, peptides, and analogues; Alpha amino acids and derivatives; Imidazoles; Organic acids and derivatives; Carboxylic acids and derivatives; Organonitrogen compounds; Organooxygen compounds; Amino acids and derivatives; Azoles; Monoalkylamines; Carboxylic acid amides; Carboxylic acid derivatives; Aminopyrimidines and derivatives; Diazines; Carbonyl compounds; Substituted imidazoles; Benzenoids; Amines; Primary amines; Imidolactams; Organic oxides; Azacyclic compounds; Heteroaromatic compounds; Hydrocarbon derivatives; Organopnictogen compounds; Organic oxygen compounds; Organic nitrogen compounds; Chemical entities	415.253	280	4.672	816965087687418441	816964199006583923	816964199006583922	990	
1	C17H31N3O4	[M + H]+	C17H32N3O4+	Amino acids and Peptides	1.000	Small peptides	1.000	Dipeptides	0.968	Organic acids and derivatives	1.000	Carboxylic acids and derivatives	1.000	Amino acids, peptides, and analogues	1.000	Peptides	0.991	Dipeptides	0.823	Organic compounds; Organoheterocyclic compounds; Amino acids, peptides, and analogues; Alpha amino acids and derivatives; Pyrrolidines; Organic acids and derivatives; Carboxylic acids and derivatives; Organonitrogen compounds; Organooxygen compounds; Amino acids and derivatives; Peptides; Monoalkylamines; Carboxylic acid amides; Carboxylic acid derivatives; Monocarboxylic acids and derivatives; N-acyl-alpha amino acids and derivatives; Carboxylic acids; Tertiary carboxylic acid amides; Carbonyl compounds; Pyrrolidine carboxylic acids and derivatives; Alpha amino acid amides; N-acyl-alpha amino acids; Pyrrolidine carboxylic acids; Amines; Primary amines; N-acylpyrrolidines; Organic oxides; Azacyclic compounds; N-acyl-L-alpha-amino acids; Hydrocarbon derivatives; Amino acids; Proline and derivatives; Organopnictogen compounds; Organic oxygen compounds; Organic nitrogen compounds; Dipeptides; Chemical entities	342.237	281	4.685	816965093848851483	816964199249853570	816964199249853569	1027	
3	C23H31N7O5	[M + Na]+	C23H31N7NaO5+	Amino acids and Peptides	0.993	Small peptides	0.874	Cyclic peptides	0.440	Organic acids and derivatives	0.998	Carboxylic acids and derivatives	0.993	Amino acids, peptides, and analogues	0.975	Peptides	0.915	Oligopeptides	0.767	Organic compounds; Organoheterocyclic compounds; Lipids and lipid-like molecules; Amino acids, peptides, and analogues; Alpha amino acids and derivatives; Organic acids and derivatives; Carboxylic acids and derivatives; Organonitrogen compounds; Organooxygen compounds; Fatty amides; Amino acids and derivatives; Peptides; Monoalkylamines; Carboxylic acid amides; Carboxylic acid derivatives; N-acyl amines; Monocarboxylic acids and derivatives; N-acyl-alpha amino acids and derivatives; Carboxylic acids; Secondary carboxylic acid amides; Carbonyl compounds; Benzene and substituted derivatives; Alpha amino acid amides; N-acyl-alpha amino acids; Benzenoids; Amines; Primary amines; Fatty Acyls; Organic oxides; Azacyclic compounds; Heteroaromatic compounds; Hydrocarbon derivatives; Amino acids; Organopnictogen compounds; Organic oxygen compounds; Organic nitrogen compounds; Oligopeptides; Chemical entities	508.230	282	4.703	816965099653768758	816964199325351047	816964199325351046	1002	
5	C11H17N3O9	[M + H]+	C11H18N3O9+	Carbohydrates	0.977	Nucleosides	0.923	Pyrimidine nucleosides	0.856	Organic oxygen compounds	1.000	Organooxygen compounds	0.994	Carbohydrates and carbohydrate conjugates	0.950	Glycosyl compounds	0.892	Glycosylamines	0.852	Organic compounds; Organoheterocyclic compounds; Carbohydrates and carbohydrate conjugates; Alcohols and polyols; Organic acids and derivatives; Organonitrogen compounds; Primary alcohols; Nucleosides, nucleotides, and analogues; Organooxygen compounds; Pentoses; Monosaccharides; Secondary alcohols; Glycosyl compounds; Glycosylamines; Polyols; Organic oxides; Azacyclic compounds; Oxacyclic compounds; Heteroaromatic compounds; Hydrocarbon derivatives; Organopnictogen compounds; Organic oxygen compounds; Organic nitrogen compounds; Chemical entities	336.100	282	4.704	816965108096903446	816964199392459916	816964199392459915	1004	
6	C19H37N5O8	[M + Na]+	C19H37N5NaO8+	Carbohydrates	0.528	Oligopeptides	0.464	Linear peptides	0.455	Organic acids and derivatives	0.856	Carboxylic acids and derivatives	0.766	Amino acids, peptides, and analogues	0.623	Amino acids and derivatives	0.602	Amino acids and derivatives	0.602	Organic compounds; Lipids and lipid-like molecules; Amino acids, peptides, and analogues; Alcohols and polyols; Organic acids and derivatives; Carboxylic acids and derivatives; Organonitrogen compounds; Primary alcohols; Organooxygen compounds; Fatty amides; Amino acids and derivatives; Hydroxamic acids; Monoalkylamines; Carboxylic acid amides; Carboxylic acid derivatives; N-acyl amines; Secondary alcohols; Primary carboxylic acid amides; Secondary carboxylic acid amides; Carbonyl compounds; Amines; Primary amines; Aminocyclitols and derivatives; Cyclohexylamines; Acetohydroxamic acids; Fatty Acyls; Organic oxides; Hydrocarbon derivatives; Organopnictogen compounds; Organic oxygen compounds; Organic nitrogen compounds; Chemical entities	486.250	283	4.719	816965104397527093	816964199476346001	816964199467957392	1001	
2	C16H25N7	[M + H]+	C16H26N7+	Alkaloids	0.824	Pseudoalkaloids (transamidation)	0.023	Tricyclic guanidine alkaloids	0.009	Organic nitrogen compounds	1.000	Organonitrogen compounds	1.000	Amines	0.930	Tertiary amines	0.806	Dialkylarylamines	0.733	Organic compounds; Organoheterocyclic compounds; Triazines; Organonitrogen compounds; Aminotriazines; Amines; Tertiary amines; Tertiary alkylarylamines; N-aliphatic s-triazines; Dialkylarylamines; 1,3,5-triazines; Azacyclic compounds; Heteroaromatic compounds; Hydrocarbon derivatives; Organopnictogen compounds; Organic nitrogen compounds; 1,3,5-triazine-2,4-diamines; Chemical entities	316.222	284	4.741	816965122474979196	816964199547649174	816964199547649173	1019	
7	C27H32N8	[M + Na]+	C27H32N8Na+	Alkaloids	0.889	Pseudoalkaloids (transamidation)	0.181	Simple indole alkaloids	0.103	Benzenoids	0.932	Benzene and substituted derivatives	0.689					Benzene and substituted derivatives	0.689	Organic compounds; Organoheterocyclic compounds; Organonitrogen compounds; Benzene and substituted derivatives; Benzenoids; Amines; Azacyclic compounds; Heteroaromatic compounds; Hydrocarbon derivatives; Organopnictogen compounds; Organic nitrogen compounds; Chemical entities	491.262	285	4.747	816965115562764990	816964199702838432	816964199702838431	1024	
1	C17H23N3O3	[M + H]+	C17H24N3O3+	Amino acids and Peptides	1.000	Small peptides	1.000	Dipeptides	1.000	Organic acids and derivatives	1.000	Carboxylic acids and derivatives	1.000	Amino acids, peptides, and analogues	1.000	Peptides	0.997	Dipeptides	0.994	Organic compounds; Organoheterocyclic compounds; Lipids and lipid-like molecules; Amino acids, peptides, and analogues; Alpha amino acids and derivatives; Pyrroles; Indoles and derivatives; Organic acids and derivatives; Carboxylic acids and derivatives; Organonitrogen compounds; Organooxygen compounds; Fatty amides; Amino acids and derivatives; Peptides; Monoalkylamines; Carboxylic acid amides; Carboxylic acid derivatives; N-acyl amines; Monocarboxylic acids and derivatives; N-acyl-alpha amino acids and derivatives; Carboxylic acids; Indolyl carboxylic acids and derivatives; Secondary carboxylic acid amides; Carbonyl compounds; Substituted pyrroles; Alpha amino acid amides; N-acyl-alpha amino acids; Benzenoids; Amines; Primary amines; Indoles; Fatty Acyls; Organic oxides; Azacyclic compounds; Heteroaromatic compounds; Hydrocarbon derivatives; Amino acids; 3-alkylindoles; Organopnictogen compounds; Organic oxygen compounds; Organic nitrogen compounds; Dipeptides; Chemical entities	318.180	286	4.763	816965118842711167	816964199841250474	816964199841250473	1029	
1	C12H19N5O4S	[M + Na]+	C12H19N5NaO4S+	Amino acids and Peptides	0.681	Histidine alkaloids	0.363	Imidazole alkaloids	0.359	Organoheterocyclic compounds	0.947	Azoles	0.798					Azoles	0.798	Organic compounds; Organoheterocyclic compounds; Organosulfur compounds; Organic acids and derivatives; Carboxylic acids and derivatives; Organonitrogen compounds; Organooxygen compounds; Azoles; Monocarboxylic acids and derivatives; Thioethers; Carboxylic acids; Carbonyl compounds; Sulfenyl compounds; Dialkylthioethers; Organic oxides; Azacyclic compounds; Heteroaromatic compounds; Hydrocarbon derivatives; Organopnictogen compounds; Organic oxygen compounds; Organic nitrogen compounds; Chemical entities	352.106	286	4.767	816965135263416797	816964199988051124	816964199988051123	1032	
6	C9H8O6S	[M + Na]+	C9H8NaO6S+	Shikimates and Phenylpropanoids	0.889	Phenolic acids (C6-C1)	0.975	Simple phenolic acids	0.960	Benzenoids	0.574	Benzene and substituted derivatives	0.608					Benzene and substituted derivatives	0.608	Organic compounds; Organic acids and derivatives; Carboxylic acids and derivatives; Organooxygen compounds; Carboxylic acids; Carbonyl compounds; Benzene and substituted derivatives; Benzenoids; Organic oxides; Hydrocarbon derivatives; Organic oxygen compounds; Chemical entities	266.994	286	4.768	816965126329548380	816964200055159993	816964200055159992	1033	
4	C23H12N2O2	[M + K]+	C23H12KN2O2+	Alkaloids	0.772	Anthranilic acid alkaloids	0.455	Anthraquinones and anthrones	0.137	Benzenoids	0.998	Naphthalenes	0.575					Naphthalenes	0.575	Organic compounds; Organoheterocyclic compounds; Naphthalenes; Organic acids and derivatives; Carboxylic acids and derivatives; Organonitrogen compounds; Organooxygen compounds; Azoles; Benzene and substituted derivatives; Benzenoids; Organic oxides; Azacyclic compounds; Heteroaromatic compounds; Hydrocarbon derivatives; Organopnictogen compounds; Organic oxygen compounds; Organic nitrogen compounds; Chemical entities	387.050	286	4.769	816965133703135616	816964200147434686	816964200147434685	1035	
1	C15H22O5	[M - H2O + H]+	C15H21O4+	Terpenoids	0.946	Sesquiterpenoids	0.937	Bisabolane sesquiterpenoids	0.213	Lipids and lipid-like molecules	0.626							Lipids and lipid-like molecules	0.626	Organic compounds; Lipids and lipid-like molecules; Alcohols and polyols; Organic acids and derivatives; Carboxylic acids and derivatives; Organooxygen compounds; Monocarboxylic acids and derivatives; Secondary alcohols; Tertiary alcohols; Carbonyl compounds; Organic oxides; Hydrocarbon derivatives; Organic oxygen compounds; Chemical entities	265.142	286	4.772	816965126530875031	816964200210349251	816964200210349250	1047	
1	C15H12N2OS	[M + H]+	C15H13N2OS+	Alkaloids	0.872	Nicotinic acid alkaloids	0.231	Pyridine alkaloids	0.230	Benzenoids	0.985	Benzene and substituted derivatives	0.774					Benzene and substituted derivatives	0.774	Organic compounds; Organoheterocyclic compounds; Organosulfur compounds; Organic acids and derivatives; Carboxylic acids and derivatives; Organonitrogen compounds; Organooxygen compounds; Carboxylic acid derivatives; Benzene and substituted derivatives; Benzenoids; Organic oxides; Azacyclic compounds; Heteroaromatic compounds; Hydrocarbon derivatives; Organopnictogen compounds; Organic oxygen compounds; Organic nitrogen compounds; Chemical entities	269.074	286	4.773	816965130209280132	816964200281652424	816964200281652423	1041	
1	C24H38O15	[M + Na]+	C24H38NaO15+	Carbohydrates	0.475	Saccharides	0.672	Secoiridoid monoterpenoids	0.531	Organic oxygen compounds	1.000	Organooxygen compounds	1.000	Carbohydrates and carbohydrate conjugates	0.998	Disaccharides	0.736	Disaccharides	0.736	Organic compounds; Organoheterocyclic compounds; Carbohydrates and carbohydrate conjugates; Lipids and lipid-like molecules; Alcohols and polyols; Ethers; Organic acids and derivatives; Carboxylic acids and derivatives; Primary alcohols; Organooxygen compounds; Carboxylic acid derivatives; Carboxylic acid esters; Disaccharides; Acetals; Secondary alcohols; Carbonyl compounds; Oxanes; Glycosyl compounds; O-glycosyl compounds; Polyols; Fatty Acyls; Organic oxides; Oxacyclic compounds; Hydrocarbon derivatives; Organic oxygen compounds; Chemical entities	589.208	287	4.775	816965132470010150	816964200415870162	816964200415870161	1040	
7	C14H20O8S	[M + Na]+	C14H20NaO8S+	Fatty acids	0.420	Macrolides	0.737	Macrolide lactones	0.556	Organic acids and derivatives	0.995	Carboxylic acids and derivatives	0.981	Dicarboxylic acids and derivatives	0.601			Dicarboxylic acids and derivatives	0.601	Organic compounds; Organosulfur compounds; Lipids and lipid-like molecules; Organic acids and derivatives; Carboxylic acids and derivatives; Organooxygen compounds; Dicarboxylic acids and derivatives; Carboxylic acid derivatives; Carboxylic acids; Carboxylic acid esters; Carbonyl compounds; Sulfenyl compounds; Organic oxides; Hydrocarbon derivatives; Organic oxygen compounds; Chemical entities	371.079	287	4.786	816965137217962526	816964200487173335	816964200487173334	1054	
2	C20H35N5O6	[M + H]+	C20H36N5O6+	Amino acids and Peptides	0.972	Small peptides	0.688	Cyclic peptides	0.733	Organic acids and derivatives	0.999	Carboxylic acids and derivatives	0.997	Amino acids, peptides, and analogues	0.910	Peptides	0.778	Oligopeptides	0.560	Organic compounds; Lipids and lipid-like molecules; Amino acids, peptides, and analogues; Alpha amino acids and derivatives; Organic acids and derivatives; Carboxylic acids and derivatives; Organonitrogen compounds; Organooxygen compounds; Fatty amides; Amino acids and derivatives; Peptides; Hydroxamic acids; Carboxylic acid amides; Carboxylic acid derivatives; N-acyl amines; Monocarboxylic acids and derivatives; N-acyl-alpha amino acids and derivatives; Carboxylic acids; Primary carboxylic acid amides; Secondary carboxylic acid amides; Carbonyl compounds; Alpha amino acid amides; Acetohydroxamic acids; Fatty Acyls; Acetamides; Organic oxides; Hydrocarbon derivatives; Organopnictogen compounds; Organic oxygen compounds; Organic nitrogen compounds; Oligopeptides; Chemical entities	442.265	288	4.793	816965139906511494	816964200554282204	816964200554282203	1056	
2	C24H44N6O9	[M + Na]+	C24H44N6NaO9+	Amino acids and Peptides	0.990	Small peptides	0.975	Tripeptides	0.968	Organic acids and derivatives	1.000	Carboxylic acids and derivatives	0.999	Amino acids, peptides, and analogues	0.995	Peptides	0.994	Gamma-glutamyl peptides	0.594	Organic compounds; Lipids and lipid-like molecules; Amino acids, peptides, and analogues; Alpha amino acids and derivatives; Fatty acids and conjugates; Organic acids and derivatives; Carboxylic acids and derivatives; Organonitrogen compounds; Organooxygen compounds; Fatty amides; Dicarboxylic acids and derivatives; Amino acids and derivatives; Peptides; Monoalkylamines; Carboxylic acid amides; Carboxylic acid derivatives; N-acyl amines; N-acyl-alpha amino acids and derivatives; Carboxylic acids; Secondary carboxylic acid amides; Carbonyl compounds; Alpha amino acid amides; N-acyl-alpha amino acids; Amines; Primary amines; Gamma-glutamyl peptides; Fatty Acyls; Organic oxides; Hydrocarbon derivatives; Amino acids; Glutamine and derivatives; Organopnictogen compounds; Organic oxygen compounds; Organic nitrogen compounds; Oligopeptides; Chemical entities	583.307	289	4.809	816965168847215029	816964200797551851	816964200797551850	1062	
1	C17H31N3O6	[M + H]+	C17H32N3O6+	Amino acids and Peptides	0.998	Small peptides	0.996	Tripeptides	0.992	Organic acids and derivatives	1.000	Carboxylic acids and derivatives	1.000	Amino acids, peptides, and analogues	0.995	Peptides	0.993	Oligopeptides	0.947	Organic compounds; Lipids and lipid-like molecules; Amino acids, peptides, and analogues; Alpha amino acids and derivatives; Fatty acids and conjugates; Organic acids and derivatives; Carboxylic acids and derivatives; Organonitrogen compounds; Organooxygen compounds; Fatty amides; Branched fatty acids; Amino acids and derivatives; Peptides; Monoalkylamines; Carboxylic acid amides; Carboxylic acid derivatives; N-acyl amines; Monocarboxylic acids and derivatives; N-acyl-alpha amino acids and derivatives; Carboxylic acids; Secondary carboxylic acid amides; Carbonyl compounds; Alpha amino acid amides; N-acyl-alpha amino acids; Amines; Primary amines; Methyl-branched fatty acids; Fatty Acyls; Organic oxides; Hydrocarbon derivatives; Amino acids; Valine and derivatives; Leucine and derivatives; Isoleucine and derivatives; Organopnictogen compounds; Organic oxygen compounds; Organic nitrogen compounds; Oligopeptides; Chemical entities	374.227	289	4.815	816965157786834641	816964200952741109	816964200919186676	1065	
1	C15H22N2O3	[M + H]+	C15H23N2O3+	Amino acids and Peptides	1.000	Small peptides	1.000	Dipeptides	1.000	Organic acids and derivatives	1.000	Carboxylic acids and derivatives	1.000	Amino acids, peptides, and analogues	1.000	Peptides	0.991	Dipeptides	0.975	Organic compounds; Lipids and lipid-like molecules; Amino acids, peptides, and analogues; Alpha amino acids and derivatives; Phenethylamines; Amphetamines and derivatives; Organic acids and derivatives; Carboxylic acids and derivatives; Organonitrogen compounds; Organooxygen compounds; Fatty amides; Amino acids and derivatives; Peptides; Monoalkylamines; Carboxylic acid amides; Carboxylic acid derivatives; Monocarboxylic acids and derivatives; N-acyl-alpha amino acids and derivatives; Carboxylic acids; Secondary carboxylic acid amides; Carbonyl compounds; Benzene and substituted derivatives; Alpha amino acid amides; N-acyl-alpha amino acids; Benzenoids; Amines; Primary amines; Aralkylamines; Fatty Acyls; Organic oxides; N-acyl-L-alpha-amino acids; Hydrocarbon derivatives; Amino acids; Phenylalanine and derivatives; Leucine and derivatives; Organopnictogen compounds; Organic oxygen compounds; Organic nitrogen compounds; Dipeptides; Chemical entities	279.167	290	4.828	816965161423296581	816964201124707583	816964201124707582	1068	
2	C9H9NO2S	[M + H]+	C9H10NO2S+	Amino acids and Peptides	0.381	Small peptides	0.123	Aminoacids	0.070	Benzenoids	0.798							Benzenoids	0.798	Organic compounds; Organoheterocyclic compounds; Organosulfur compounds; Thiophenes; Organic acids and derivatives; Carboxylic acids and derivatives; Organonitrogen compounds; Organooxygen compounds; Carboxylic acid derivatives; Monocarboxylic acids and derivatives; Benzenoids; Methyl esters; Organic oxides; Heteroaromatic compounds; Hydrocarbon derivatives; Organopnictogen compounds; Organic oxygen compounds; Organic nitrogen compounds; Chemical entities	196.042	291	4.847	816965164787128654	816964201191816452	816964201191816451	1073	
4	C27H48N2O3	[M + Na]+	C27H48N2NaO3+	Amino acids and Peptides	0.260	Linear polyketides	0.258	Open-chain polyketides	0.318	Organic acids and derivatives	0.987	Carboxylic acids and derivatives	0.969	Amino acids, peptides, and analogues	0.513	Amino acids and derivatives	0.508	Amino acids and derivatives	0.508	Organic compounds; Lipids and lipid-like molecules; Amino acids, peptides, and analogues; Organic acids and derivatives; Carboxylic acids and derivatives; Organonitrogen compounds; Organooxygen compounds; Fatty amides; Amino acids and derivatives; Carboxylic acid amides; Carboxylic acid derivatives; N-acyl amines; Secondary carboxylic acid amides; Carbonyl compounds; Fatty Acyls; Organic oxides; Hydrocarbon derivatives; Organopnictogen compounds; Organic oxygen compounds; Organic nitrogen compounds; Chemical entities	471.353	291	4.848	816965173112822626	816964201263119625	816964201263119624	1075	
1	C15H20N2O6	[M + H]+	C15H21N2O6+	Alkaloids	0.508	Nucleosides	0.401	Pyrimidine nucleosides	0.545	Organoheterocyclic compounds	0.991	Pteridines and derivatives	0.749	Alloxazines and isoalloxazines	0.857	Flavins	0.782	Flavins	0.782	Organic compounds; Organoheterocyclic compounds; Carbohydrates and carbohydrate conjugates; Pyrimidines and pyrimidine derivatives; Pteridines and derivatives; Alcohols and polyols; Lactams; Organic acids and derivatives; Organonitrogen compounds; Primary alcohols; Pyrimidones; Organooxygen compounds; Alloxazines and isoalloxazines; Flavins; Diazines; Monosaccharides; Secondary alcohols; Glycosyl compounds; Glycosylamines; Polyols; Vinylogous amides; Organic oxides; Azacyclic compounds; Heteroaromatic compounds; Hydrocarbon derivatives; Organopnictogen compounds; Organic oxygen compounds; Organic nitrogen compounds; Chemical entities	325.137	291	4.853	816965180075368307	816964201510583576	816964201510583575	1078	
1	C30H50N6O11	[M + Na]+	C30H50N6NaO11+	Amino acids and Peptides	0.937	Oligopeptides	0.996	Lipopeptides	0.689	Organic acids and derivatives	0.998	Carboxylic acids and derivatives	0.991	Amino acids, peptides, and analogues	0.981	Peptides	0.762	Peptides	0.762	Organic compounds; Organoheterocyclic compounds; Lipids and lipid-like molecules; Amino acids, peptides, and analogues; Alpha amino acids and derivatives; Alcohols and polyols; Fatty acids and conjugates; Organic acids and derivatives; Carboxylic acids and derivatives; Organonitrogen compounds; Primary alcohols; Organooxygen compounds; Fatty amides; Hydroxy fatty acids; Amino acids and derivatives; Peptides; Monoalkylamines; Carboxylic acid amides; Carboxylic acid derivatives; N-acyl amines; Monocarboxylic acids and derivatives; N-acyl-alpha amino acids and derivatives; Carboxylic acids; Secondary alcohols; Secondary carboxylic acid amides; Carbonyl compounds; Alpha amino acid amides; Amines; Primary amines; Fatty Acyls; Organic oxides; Azacyclic compounds; Hydrocarbon derivatives; Amino acids; Organopnictogen compounds; Organic oxygen compounds; Organic nitrogen compounds; Chemical entities	693.342	291	4.856	816965195858553681	816964201640607010	816964201640607009	1079	
1	C11H11NO3	[M + H]+	C11H12NO3+	Alkaloids	0.998	Tryptophan alkaloids	0.996	Simple indole alkaloids	0.994	Organoheterocyclic compounds	1.000	Indoles and derivatives	0.996	Indolyl carboxylic acids and derivatives	0.780			Indolyl carboxylic acids and derivatives	0.780	Organic compounds; Organoheterocyclic compounds; Pyrroles; Alcohols and polyols; Indoles and derivatives; Organic acids and derivatives; Carboxylic acids and derivatives; Organonitrogen compounds; Organooxygen compounds; Hydroxy acids and derivatives; Monocarboxylic acids and derivatives; Carboxylic acids; Indolyl carboxylic acids and derivatives; Alpha hydroxy acids and derivatives; Secondary alcohols; Carbonyl compounds; Substituted pyrroles; Benzenoids; Indoles; Organic oxides; Azacyclic compounds; Heteroaromatic compounds; Hydrocarbon derivatives; 3-alkylindoles; Organopnictogen compounds; Organic oxygen compounds; Organic nitrogen compounds; Chemical entities	206.080	292	4.873	816965192318560217	816964201711910183	816964201711910182	1088	
1	C10H12N2O2	[M + H]+	C10H13N2O2+	Amino acids and Peptides	0.601	Small peptides	0.506	Aminoacids	0.247	Organic acids and derivatives	0.974	Carboxylic acids and derivatives	0.967	Amino acids, peptides, and analogues	0.603	Amino acids and derivatives	0.601	Alpha amino acids and derivatives	0.519	Organic compounds; Organoheterocyclic compounds; Amino acids, peptides, and analogues; Alpha amino acids and derivatives; Organic acids and derivatives; Carboxylic acids and derivatives; Organonitrogen compounds; Organooxygen compounds; Amino acids and derivatives; Monocarboxylic acids and derivatives; Carboxylic acids; Carbonyl compounds; Benzenoids; Organic oxides; Azacyclic compounds; Heteroaromatic compounds; Hydrocarbon derivatives; Organopnictogen compounds; Organic oxygen compounds; Organic nitrogen compounds; Chemical entities	193.096	292	4.873	816965194407324271	816964201783213356	816964201783213355	1090	
3	C16H30N4O5	[M + H]+	C16H31N4O5+	Amino acids and Peptides	1.000	Small peptides	1.000	Dipeptides	0.962	Organic acids and derivatives	1.000	Carboxylic acids and derivatives	1.000	Amino acids, peptides, and analogues	1.000	Peptides	0.998	Dipeptides	0.887	Organic compounds; Lipids and lipid-like molecules; Amino acids, peptides, and analogues; Alpha amino acids and derivatives; Fatty acids and conjugates; Organic acids and derivatives; Carboxylic acids and derivatives; Organonitrogen compounds; Organooxygen compounds; Fatty amides; Branched fatty acids; Amino acids and derivatives; Peptides; Monoalkylamines; Carboxylic acid amides; Carboxylic acid derivatives; N-acyl amines; Monocarboxylic acids and derivatives; N-acyl-alpha amino acids and derivatives; Carboxylic acids; Secondary carboxylic acid amides; Carbonyl compounds; Alpha amino acid amides; N-acyl-alpha amino acids; Amines; Primary amines; Methyl-branched fatty acids; Fatty Acyls; Organic oxides; Hydrocarbon derivatives; Amino acids; Leucine and derivatives; Isoleucine and derivatives; Organopnictogen compounds; Organic oxygen compounds; Organic nitrogen compounds; Dipeptides; Chemical entities	359.227	293	4.878	816965197225896926	816964201850322225	816964201850322224	1091	
1	C22H35N5O5	[M + Na]+	C22H35N5NaO5+	Amino acids and Peptides	0.984	Oligopeptides	0.718	Cyclic peptides	0.787	Organic acids and derivatives	0.998	Carboxylic acids and derivatives	0.991	Amino acids, peptides, and analogues	0.895	Peptides	0.678	Peptides	0.678	Organic compounds; Organoheterocyclic compounds; Lipids and lipid-like molecules; Amino acids, peptides, and analogues; Alpha amino acids and derivatives; Organic acids and derivatives; Carboxylic acids and derivatives; Organonitrogen compounds; Organooxygen compounds; Fatty amides; Amino acids and derivatives; Peptides; Hydroxamic acids; Carboxylic acid amides; Carboxylic acid derivatives; N-acyl amines; N-acyl-alpha amino acids and derivatives; Primary carboxylic acid amides; Secondary carboxylic acid amides; Carbonyl compounds; Alpha amino acid amides; Fatty Acyls; Organic oxides; Azacyclic compounds; Hydrocarbon derivatives; Organopnictogen compounds; Organic oxygen compounds; Organic nitrogen compounds; Chemical entities	472.254	293	4.882	816965201185320662	816964202022288704	816964202022288703	1095	
4	C17H31N3O4	[M + H]+	C17H32N3O4+	Amino acids and Peptides	0.466	Small peptides	0.164	Dipeptides	0.071	Organic acids and derivatives	0.889	Carboxylic acids and derivatives	0.849	Amino acids, peptides, and analogues	0.529	Amino acids and derivatives	0.524	Amino acids and derivatives	0.524	Organic compounds; Amino acids, peptides, and analogues; Organic acids and derivatives; Carboxylic acids and derivatives; Organonitrogen compounds; Organooxygen compounds; Amino acids and derivatives; Carboxylic acid amides; Carboxylic acid derivatives; Carbonyl compounds; Benzenoids; Amines; Organic oxides; Hydrocarbon derivatives; Organopnictogen compounds; Organic oxygen compounds; Organic nitrogen compounds; Chemical entities	342.237	293	4.884	816965225185137540	816964202093591877	816964202093591876	1136	
3	C16H24N4O3	[M + Na]+	C16H24N4NaO3+	Alkaloids	0.908	Anthranilic acid alkaloids	0.090	Imidazole alkaloids	0.034	Benzenoids	0.721	Phenol ethers	0.722	Anisoles	0.719			Anisoles	0.719	Organic compounds; Organoheterocyclic compounds; Alkyl aryl ethers; Anisoles; Ethers; Organonitrogen compounds; Organooxygen compounds; Phenol ethers; Benzenoids; Amines; Tertiary amines; Organic oxides; Azacyclic compounds; Heteroaromatic compounds; Hydrocarbon derivatives; Organopnictogen compounds; Organic oxygen compounds; Organic nitrogen compounds; Chemical entities	343.172	293	4.891	816965201789300497	816964202160700746	816964202160700745	1100	
4	C17H20N4O6	[M + H]+	C17H21N4O6+	Alkaloids	0.993	Anthranilic acid alkaloids	0.999	Phenazine alkaloids	0.560	Organoheterocyclic compounds	1.000	Pteridines and derivatives	1.000	Alloxazines and isoalloxazines	1.000	Flavins	0.999	Flavins	0.999	Organic compounds; Organoheterocyclic compounds; Pyrazines; Pyrimidines and pyrimidine derivatives; Pteridines and derivatives; Alcohols and polyols; Lactams; Organic acids and derivatives; Organonitrogen compounds; Primary alcohols; Pyrimidones; Organooxygen compounds; Alloxazines and isoalloxazines; Quinoxalines; Flavins; Diazines; Secondary alcohols; Polyols; Benzenoids; Vinylogous amides; Organic oxides; Azacyclic compounds; Heteroaromatic compounds; Hydrocarbon derivatives; Organopnictogen compounds; Organic oxygen compounds; Organic nitrogen compounds; Diazanaphthalenes; Benzodiazines; Chemical entities	377.144	293	4.891	816965200178687550	816964202227809615	816964202227809614	1099	
1	C20H36N4O5	[M + H]+	C20H37N4O5+	Amino acids and Peptides	1.000	Small peptides	0.997	Tripeptides	0.851	Organic acids and derivatives	1.000	Carboxylic acids and derivatives	1.000	Amino acids, peptides, and analogues	1.000	Peptides	0.996	Oligopeptides	0.916	Organic compounds; Organoheterocyclic compounds; Lipids and lipid-like molecules; Amino acids, peptides, and analogues; Alpha amino acids and derivatives; Pyrrolidines; Organic acids and derivatives; Carboxylic acids and derivatives; Organonitrogen compounds; Organooxygen compounds; Fatty amides; Amino acids and derivatives; Peptides; Monoalkylamines; Carboxylic acid amides; Carboxylic acid derivatives; Monocarboxylic acids and derivatives; N-acyl-alpha amino acids and derivatives; Carboxylic acids; Secondary carboxylic acid amides; Tertiary carboxylic acid amides; Carbonyl compounds; Pyrrolidine carboxylic acids and derivatives; Alpha amino acid amides; N-acyl-alpha amino acids; Pyrrolidine carboxylic acids; Amines; Primary amines; N-acylpyrrolidines; Fatty Acyls; Organic oxides; Azacyclic compounds; Hydrocarbon derivatives; Amino acids; Valine and derivatives; Proline and derivatives; Organopnictogen compounds; Organic oxygen compounds; Organic nitrogen compounds; Oligopeptides; Chemical entities	413.274	293	4.891	816965196068268909	816964202399776089	816964202399776088	1098	
2	C20H23NO4	[M + H]+	C20H24NO4+	Alkaloids	1.000	Tyrosine alkaloids	1.000	Aporphine alkaloids	0.975	Alkaloids and derivatives	0.983	Aporphines	0.997					Aporphines	0.997	Organic compounds; Organoheterocyclic compounds; Naphthalenes; Phenanthrenes and derivatives; Alkyl aryl ethers; Phenols; Anisoles; Ethers; Organonitrogen compounds; Alkaloids and derivatives; Organooxygen compounds; Aporphines; Quinolines and derivatives; Benzoquinolines; Trialkylamines; Phenol ethers; Naphthols and derivatives; Benzenoids; Amines; Tertiary amines; Tetrahydroisoquinolines; Aralkylamines; Azacyclic compounds; Hydrocarbon derivatives; Organopnictogen compounds; Organic oxygen compounds; Organic nitrogen compounds; Chemical entities	342.169	294	4.892	816965209175471870	816964202332667220	816964202332667219	1097	
1	C9H17NO3	[M + H]+	C9H18NO3+	Amino acids and Peptides	0.714	Small peptides	0.795	Aminoacids	0.765	Organic acids and derivatives	0.997	Carboxylic acids and derivatives	0.996	Amino acids, peptides, and analogues	0.773	Amino acids and derivatives	0.772	Amino acids	0.833	Organic compounds; Lipids and lipid-like molecules; Amino acids, peptides, and analogues; Fatty acids and conjugates; Organic acids and derivatives; Carboxylic acids and derivatives; Organonitrogen compounds; Organooxygen compounds; Amino acids and derivatives; Monoalkylamines; Amino fatty acids; Monocarboxylic acids and derivatives; Carboxylic acids; Carbonyl compounds; Amines; Primary amines; Fatty Acyls; Organic oxides; Hydrocarbon derivatives; Amino acids; Organopnictogen compounds; Organic oxygen compounds; Organic nitrogen compounds; Chemical entities	188.127	294	4.905	816965200593923707	816964202500439390	816964202500439389	1102	
1	C16H29N3O6	[M + H]+	C16H30N3O6+	Amino acids and Peptides	0.999	Small peptides	0.998	Tripeptides	0.995	Organic acids and derivatives	1.000	Carboxylic acids and derivatives	1.000	Amino acids, peptides, and analogues	0.998	Peptides	0.997	Oligopeptides	0.967	Organic compounds; Lipids and lipid-like molecules; Amino acids, peptides, and analogues; Alpha amino acids and derivatives; Fatty acids and conjugates; Organic acids and derivatives; Carboxylic acids and derivatives; Organonitrogen compounds; Organooxygen compounds; Fatty amides; Branched fatty acids; Amino acids and derivatives; Peptides; Monoalkylamines; Carboxylic acid amides; Carboxylic acid derivatives; N-acyl amines; Monocarboxylic acids and derivatives; N-acyl-alpha amino acids and derivatives; Carboxylic acids; Secondary carboxylic acid amides; Carbonyl compounds; Alpha amino acid amides; N-acyl-alpha amino acids; Amines; Primary amines; Methyl-branched fatty acids; Fatty Acyls; Organic oxides; Hydrocarbon derivatives; Amino acids; Valine and derivatives; Leucine and derivatives; Organopnictogen compounds; Organic oxygen compounds; Organic nitrogen compounds; Oligopeptides; Chemical entities	360.211	296	4.927	816965204825977062	816964202567548259	816964202567548258	1107	
5	C16H32N6O7	[M + H]+	C16H33N6O7+	Amino acids and Peptides	0.971	Small peptides	0.769	Dipeptides	0.562	Organic acids and derivatives	0.995	Carboxylic acids and derivatives	0.989	Amino acids, peptides, and analogues	0.897	Amino acids and derivatives	0.891	Alpha amino acids and derivatives	0.890	Organic compounds; Organoheterocyclic compounds; Amino acids, peptides, and analogues; Alpha amino acids and derivatives; Organic acids and derivatives; Carboxylic acids and derivatives; Organonitrogen compounds; Organooxygen compounds; Amino acids and derivatives; Carboxylic acid amides; Carboxylic acid derivatives; Monocarboxylic acids and derivatives; Carboxylic acids; Secondary carboxylic acid amides; Dioxopiperazines; Carbonyl compounds; Organic oxides; Azacyclic compounds; Hydrocarbon derivatives; Organopnictogen compounds; Organic oxygen compounds; Organic nitrogen compounds; Chemical entities	421.241	297	4.949	816965195120356056	816964202638851432	816964202638851431	1119	
2	C24H38O15	[M + Na]+	C24H38NaO15+	Carbohydrates	0.391	Saccharides	0.595	Secoiridoid monoterpenoids	0.552	Organic oxygen compounds	1.000	Organooxygen compounds	1.000	Carbohydrates and carbohydrate conjugates	0.997	Disaccharides	0.741	Disaccharides	0.741	Organic compounds; Organoheterocyclic compounds; Carbohydrates and carbohydrate conjugates; Lipids and lipid-like molecules; Alcohols and polyols; Ethers; Organic acids and derivatives; Carboxylic acids and derivatives; Primary alcohols; Organooxygen compounds; Carboxylic acid derivatives; Disaccharides; Acetals; Secondary alcohols; Carbonyl compounds; Oxanes; Glycosyl compounds; O-glycosyl compounds; Polyols; Fatty Acyls; Organic oxides; Oxacyclic compounds; Hydrocarbon derivatives; Organic oxygen compounds; Chemical entities	589.208	298	4.969	816965224316916302	816964202911481212	816964202911481211	1126	
1	C22H32N4O7	[M + H]+	C22H33N4O7+	Amino acids and Peptides	0.999	Small peptides	0.989	Tripeptides	1.000	Organic acids and derivatives	1.000	Carboxylic acids and derivatives	1.000	Amino acids, peptides, and analogues	0.999	Peptides	0.998	Oligopeptides	0.994	Organic compounds; Lipids and lipid-like molecules; Amino acids, peptides, and analogues; Alpha amino acids and derivatives; Phenethylamines; Amphetamines and derivatives; Organic acids and derivatives; Carboxylic acids and derivatives; Organonitrogen compounds; Organooxygen compounds; Fatty amides; Amino acids and derivatives; Peptides; Monoalkylamines; Carboxylic acid amides; Carboxylic acid derivatives; N-acyl amines; Monocarboxylic acids and derivatives; N-acyl-alpha amino acids and derivatives; Carboxylic acids; Secondary carboxylic acid amides; Carbonyl compounds; Benzene and substituted derivatives; Alpha amino acid amides; N-acyl-alpha amino acids; Benzenoids; Amines; Primary amines; Fatty Acyls; Organic oxides; Hydrocarbon derivatives; Amino acids; Phenylalanine and derivatives; Leucine and derivatives; Organopnictogen compounds; Organic oxygen compounds; Organic nitrogen compounds; Oligopeptides; Chemical entities	465.233	299	4.979	816965227252929835	816964203037310342	816964203037310341	1129	
1	C17H31N3O6	[M + H]+	C17H32N3O6+	Amino acids and Peptides	1.000	Small peptides	0.999	Tripeptides	1.000	Organic acids and derivatives	1.000	Carboxylic acids and derivatives	1.000	Amino acids, peptides, and analogues	0.998	Peptides	1.000	Oligopeptides	0.997	Organic compounds; Lipids and lipid-like molecules; Amino acids, peptides, and analogues; Alpha amino acids and derivatives; Fatty acids and conjugates; Organic acids and derivatives; Carboxylic acids and derivatives; Organonitrogen compounds; Organooxygen compounds; Fatty amides; Branched fatty acids; Amino acids and derivatives; Peptides; Monoalkylamines; Carboxylic acid amides; Carboxylic acid derivatives; N-acyl amines; Monocarboxylic acids and derivatives; N-acyl-alpha amino acids and derivatives; Carboxylic acids; Secondary carboxylic acid amides; Carbonyl compounds; Alpha amino acid amides; N-acyl-alpha amino acids; Amines; Primary amines; Methyl-branched fatty acids; Fatty Acyls; Organic oxides; Hydrocarbon derivatives; Amino acids; Valine and derivatives; Leucine and derivatives; Isoleucine and derivatives; Organopnictogen compounds; Organic oxygen compounds; Organic nitrogen compounds; Oligopeptides; Chemical entities	374.227	299	4.981	816965207862653831	816964203104419211	816964203104419210	1131	
1	C16H31N3O5	[M + H]+	C16H32N3O5+	Amino acids and Peptides	0.974	Small peptides	0.945	Tripeptides	0.727	Organic acids and derivatives	0.999	Carboxylic acids and derivatives	0.999	Amino acids, peptides, and analogues	0.965	Peptides	0.842	Peptides	0.842	Organic compounds; Lipids and lipid-like molecules; Amino acids, peptides, and analogues; Alpha amino acids and derivatives; Alcohols and polyols; Fatty acids and conjugates; Organic acids and derivatives; Carboxylic acids and derivatives; Organonitrogen compounds; Organooxygen compounds; Fatty amides; Branched fatty acids; Hydroxy fatty acids; Amino acids and derivatives; Peptides; Monoalkylamines; Carboxylic acid amides; Carboxylic acid derivatives; N-acyl amines; Monocarboxylic acids and derivatives; N-acyl-alpha amino acids and derivatives; Carboxylic acids; Secondary carboxylic acid amides; Carbonyl compounds; Alpha amino acid amides; N-acyl-alpha amino acids; Amines; Primary amines; Methyl-branched fatty acids; Fatty Acyls; Organic oxides; Hydrocarbon derivatives; Amino acids; Valine and derivatives; Organopnictogen compounds; Organic oxygen compounds; Organic nitrogen compounds; Chemical entities	346.232	300	4.995	816965217983515989	816964203309940122	816964203309940121	1141	
1	C18H20N2O3	[M + H]+	C18H21N2O3+	Amino acids and Peptides	1.000	Small peptides	0.999	Dipeptides	0.975	Organic acids and derivatives	1.000	Carboxylic acids and derivatives	1.000	Amino acids, peptides, and analogues	0.999	Peptides	0.977	Dipeptides	0.905	Organic compounds; Lipids and lipid-like molecules; Amino acids, peptides, and analogues; Alpha amino acids and derivatives; Phenethylamines; Amphetamines and derivatives; Phenylpropanoids and polyketides; Organic acids and derivatives; Carboxylic acids and derivatives; Organonitrogen compounds; Organooxygen compounds; Fatty amides; Amino acids and derivatives; Peptides; Monoalkylamines; Carboxylic acid amides; Carboxylic acid derivatives; Monocarboxylic acids and derivatives; N-acyl-alpha amino acids and derivatives; Carboxylic acids; Secondary carboxylic acid amides; Carbonyl compounds; Benzene and substituted derivatives; Alpha amino acid amides; N-acyl-alpha amino acids; Benzenoids; Amines; Primary amines; Phenylpropanoic acids; Fatty Acyls; Organic oxides; Hydrocarbon derivatives; Amino acids; Phenylalanine and derivatives; Organopnictogen compounds; Organic oxygen compounds; Organic nitrogen compounds; Dipeptides; Chemical entities	313.153	300	4.996	816965225310966693	816964203377048991	816964203377048990	1140	
1	C11H13NO3	[M + H]+	C11H14NO3+	Amino acids and Peptides	0.972	Small peptides	0.999	Dipeptides	0.948	Organic acids and derivatives	1.000	Carboxylic acids and derivatives	1.000	Amino acids, peptides, and analogues	0.999	Amino acids and derivatives	0.999	Phenylalanine and derivatives	0.985	Organic compounds; Amino acids, peptides, and analogues; Alpha amino acids and derivatives; Phenethylamines; Amphetamines and derivatives; Phenylpropanoids and polyketides; Organic acids and derivatives; Carboxylic acids and derivatives; Organonitrogen compounds; Organooxygen compounds; Amino acids and derivatives; Carboxylic acid amides; Carboxylic acid derivatives; Monocarboxylic acids and derivatives; Carboxylic acid salts; N-acyl-alpha amino acids and derivatives; Carboxylic acids; Secondary carboxylic acid amides; Carbonyl compounds; Benzene and substituted derivatives; N-acyl-alpha amino acids; Benzenoids; Phenylpropanoic acids; Organic anions; Acetamides; Organic oxides; Hydrocarbon derivatives; Phenylalanine and derivatives; Organopnictogen compounds; Organic oxygen compounds; Organic nitrogen compounds; Chemical entities	208.096	300	4.999	816965221867442254	816964203452546468	816964203452546467	1143	
1	C7H13NO2	[M + Na]+	C7H13NNaO2+	Amino acids and Peptides	1.000	Small peptides	1.000	Aminoacids	1.000	Organic acids and derivatives	1.000	Carboxylic acids and derivatives	1.000	Amino acids, peptides, and analogues	0.999	Amino acids and derivatives	0.999	Alpha amino acids	0.954	Organic compounds; Amino acids, peptides, and analogues; Alpha amino acids and derivatives; Organic acids and derivatives; Carboxylic acids and derivatives; Organonitrogen compounds; Organooxygen compounds; Amino acids and derivatives; Monoalkylamines; Monocarboxylic acids and derivatives; Carboxylic acids; Carbonyl compounds; Alpha amino acids; Amines; Primary amines; Organic oxides; Hydrocarbon derivatives; Amino acids; Organopnictogen compounds; Organic oxygen compounds; Organic nitrogen compounds; Chemical entities	166.085	300	5.002	816965227236152598	816964203515461033	816964203515461032	1144	
1	C9H11NO3	[M + H]+	C9H12NO3+	Amino acids and Peptides	0.997	Small peptides	0.999	Aminoacids	0.997	Organic acids and derivatives	1.000	Carboxylic acids and derivatives	0.999	Amino acids, peptides, and analogues	0.994	Amino acids and derivatives	0.993	Tyrosine and derivatives	0.689	Organic compounds; Amino acids, peptides, and analogues; Alpha amino acids and derivatives; Phenols; Phenethylamines; Amphetamines and derivatives; Phenylpropanoids and polyketides; Organic acids and derivatives; Carboxylic acids and derivatives; Organonitrogen compounds; Organooxygen compounds; Amino acids and derivatives; Monoalkylamines; Monocarboxylic acids and derivatives; Carboxylic acids; Carbonyl compounds; Benzene and substituted derivatives; Alpha amino acids; Benzenoids; Amines; Primary amines; Phenylpropanoic acids; Aralkylamines; Organic oxides; Hydrocarbon derivatives; Amino acids; Tyrosine and derivatives; Phenylalanine and derivatives; Organopnictogen compounds; Organic oxygen compounds; 1-hydroxy-2-unsubstituted benzenoids; Organic nitrogen compounds; Chemical entities	182.080	301	5.018	816965216842665156	816964203653873075	816964203653873074	1149	
7	C35H58N4O16	[M + H]+	C35H59N4O16+	Amino acids and Peptides	0.912	Oligopeptides	0.827	Cyclic peptides	0.335	Organic acids and derivatives	1.000	Carboxylic acids and derivatives	0.998	Amino acids, peptides, and analogues	0.956	Peptides	0.677	Peptides	0.677	Organic compounds; Lipids and lipid-like molecules; Amino acids, peptides, and analogues; Alpha amino acids and derivatives; Alcohols and polyols; Organic acids and derivatives; Carboxylic acids and derivatives; Organonitrogen compounds; Organooxygen compounds; Fatty amides; Amino acids and derivatives; Peptides; Carboxylic acid amides; Carboxylic acid derivatives; N-acyl amines; N-acyl-alpha amino acids and derivatives; Carboxylic acids; Secondary alcohols; Primary carboxylic acid amides; Secondary carboxylic acid amides; Carbonyl compounds; Fatty Acyls; Acetamides; Organic oxides; Hydrocarbon derivatives; Organopnictogen compounds; Organic oxygen compounds; Organic nitrogen compounds; Chemical entities	791.395	302	5.026	816965292486946307	816964203788090813	816964203788090812	1154	
1	C9H17NO2	[M + Na]+	C9H17NNaO2+	Amino acids and Peptides	0.958	Small peptides	0.975	Aminoacids	0.944	Organic acids and derivatives	0.994	Carboxylic acids and derivatives	0.991	Amino acids, peptides, and analogues	0.859	Amino acids and derivatives	0.859	Alpha amino acids and derivatives	0.567	Organic compounds; Lipids and lipid-like molecules; Amino acids, peptides, and analogues; Alpha amino acids and derivatives; Organic acids and derivatives; Carboxylic acids and derivatives; Organonitrogen compounds; Organooxygen compounds; Amino acids and derivatives; Quaternary ammonium salts; Carboxylic acid derivatives; Monocarboxylic acids and derivatives; Carboxylic acids; Carbonyl compounds; Amines; Fatty Acyls; Organic oxides; Hydrocarbon derivatives; Tetraalkylammonium salts; Organopnictogen compounds; Organic oxygen compounds; Organic nitrogen compounds; Chemical entities	194.114	302	5.033	816965230922946542	816964203859393986	816964203859393985	1158	
9	C28H33FN4O5	[M + K]+	C28H33FKN4O5+	Alkaloids	0.765	Tryptophan alkaloids	0.582	Carboline alkaloids	0.046	Organic oxygen compounds	1.000	Organooxygen compounds	0.999	Carbohydrates and carbohydrate conjugates	0.926	Monosaccharides	0.824	Hexoses	0.725	Organic compounds; Organoheterocyclic compounds; Carbohydrates and carbohydrate conjugates; Halobenzenes; Imidazoles; Alcohols and polyols; Ethers; Carboxylic acids and derivatives; Organohalogen compounds; Organonitrogen compounds; Primary alcohols; Organooxygen compounds; Azoles; Aryl fluorides; Fluorobenzenes; Hexoses; Organofluorides; Monosaccharides; Secondary alcohols; Carbonyl compounds; Oxanes; Glycosyl compounds; Glycosylamines; Benzene and substituted derivatives; Polyols; Benzenoids; Aryl halides; Organic oxides; Azacyclic compounds; Oxacyclic compounds; Heteroaromatic compounds; Hydrocarbon derivatives; Organopnictogen compounds; Organic oxygen compounds; Organic nitrogen compounds; Chemical entities	563.208	302	5.033	816965233603107326	816964203939085767	816964203939085766	1159	
2	C20H34N4O7	[M + H]+	C20H35N4O7+	Amino acids and Peptides	1.000	Small peptides	0.995	Tripeptides	0.980	Organic acids and derivatives	1.000	Carboxylic acids and derivatives	1.000	Amino acids, peptides, and analogues	0.999	Peptides	0.997	Oligopeptides	0.975	Organic compounds; Organoheterocyclic compounds; Lipids and lipid-like molecules; Amino acids, peptides, and analogues; Alpha amino acids and derivatives; Pyrrolidines; Organic acids and derivatives; Carboxylic acids and derivatives; Organonitrogen compounds; Organooxygen compounds; Fatty amides; Amino acids and derivatives; Peptides; Monoalkylamines; Carboxylic acid amides; Carboxylic acid derivatives; N-acyl amines; Monocarboxylic acids and derivatives; N-acyl-alpha amino acids and derivatives; Carboxylic acids; Secondary carboxylic acid amides; Tertiary carboxylic acid amides; Carbonyl compounds; Pyrrolidine carboxylic acids and derivatives; Alpha amino acid amides; N-acyl-alpha amino acids; Pyrrolidine carboxylic acids; Amines; Primary amines; N-acylpyrrolidines; Fatty Acyls; Organic oxides; Azacyclic compounds; Hydrocarbon derivatives; Amino acids; Proline and derivatives; Organopnictogen compounds; Organic oxygen compounds; Organic nitrogen compounds; Oligopeptides; Chemical entities	443.248	302	5.036	816965224530825891	816964204069109201	816964204069109200	1160	
1	C16H29N3O6	[M + H]+	C16H30N3O6+	Amino acids and Peptides	1.000	Small peptides	0.999	Tripeptides	0.996	Organic acids and derivatives	1.000	Carboxylic acids and derivatives	1.000	Amino acids, peptides, and analogues	0.998	Peptides	0.999	Oligopeptides	0.978	Organic compounds; Lipids and lipid-like molecules; Amino acids, peptides, and analogues; Alpha amino acids and derivatives; Fatty acids and conjugates; Organic acids and derivatives; Carboxylic acids and derivatives; Organonitrogen compounds; Organooxygen compounds; Fatty amides; Branched fatty acids; Amino acids and derivatives; Peptides; Monoalkylamines; Carboxylic acid amides; Carboxylic acid derivatives; N-acyl amines; Monocarboxylic acids and derivatives; N-acyl-alpha amino acids and derivatives; Carboxylic acids; Secondary carboxylic acid amides; Carbonyl compounds; Alpha amino acid amides; N-acyl-alpha amino acids; Amines; Primary amines; Methyl-branched fatty acids; Fatty Acyls; Organic oxides; Hydrocarbon derivatives; Amino acids; Valine and derivatives; Leucine and derivatives; Organopnictogen compounds; Organic oxygen compounds; Organic nitrogen compounds; Oligopeptides; Chemical entities	360.211	303	5.048	816965225076085590	816964204278824416	816964204278824415	1165	
2	C18H27N3O5	[M + H]+	C18H28N3O5+	Amino acids and Peptides	1.000	Small peptides	1.000	Tripeptides	1.000	Organic acids and derivatives	1.000	Carboxylic acids and derivatives	1.000	Amino acids, peptides, and analogues	1.000	Peptides	0.999	Oligopeptides	0.997	Organic compounds; Lipids and lipid-like molecules; Amino acids, peptides, and analogues; Alpha amino acids and derivatives; Alcohols and polyols; Phenethylamines; Amphetamines and derivatives; Phenylpropanoids and polyketides; Organic acids and derivatives; Carboxylic acids and derivatives; Organonitrogen compounds; Primary alcohols; Organooxygen compounds; Fatty amides; Amino acids and derivatives; Peptides; Monoalkylamines; Carboxylic acid amides; Carboxylic acid derivatives; N-acyl amines; Monocarboxylic acids and derivatives; N-acyl-alpha amino acids and derivatives; Carboxylic acids; Secondary carboxylic acid amides; Carbonyl compounds; Benzene and substituted derivatives; Alpha amino acid amides; N-acyl-alpha amino acids; Benzenoids; Amines; Primary amines; Phenylpropanoic acids; Fatty Acyls; Organic oxides; Hydrocarbon derivatives; Amino acids; Serine and derivatives; Phenylalanine and derivatives; Organopnictogen compounds; Organic oxygen compounds; Organic nitrogen compounds; Oligopeptides; Chemical entities	366.201	303	5.049	816965226921579734	816964204350127589	816964204350127588	1168	
3	C15H24N10O3	[M + H]+	C15H25N10O3+	Amino acids and Peptides	0.998	Small peptides	0.955	Tripeptides	0.473	Organic acids and derivatives	0.990	Carboxylic acids and derivatives	0.963	Amino acids, peptides, and analogues	0.960	Peptides	0.713	Peptides	0.713	Organic compounds; Organoheterocyclic compounds; Lipids and lipid-like molecules; Amino acids, peptides, and analogues; Alpha amino acids and derivatives; Phenethylamines; Amphetamines and derivatives; Organic acids and derivatives; Carboxylic acids and derivatives; Organonitrogen compounds; Organooxygen compounds; Fatty amides; Amino acids and derivatives; Peptides; Guanidines; Azoles; Monoalkylamines; Carboxylic acid amides; Carboxylic acid derivatives; N-acyl-alpha amino acids and derivatives; Secondary carboxylic acid amides; Carbonyl compounds; Benzene and substituted derivatives; Alpha amino acid amides; Benzenoids; Amines; Primary amines; Carboximidamides; Organic 1,3-dipolar compounds; Propargyl-type 1,3-dipolar organic compounds; Fatty Acyls; Organic oxides; Azacyclic compounds; Heteroaromatic compounds; Hydrocarbon derivatives; Phenylalanine and derivatives; Organopnictogen compounds; Organic oxygen compounds; Organic nitrogen compounds; Chemical entities	393.209	303	5.055	816965237008882791	816964204585008628	816964204585008627	1169	
1	C20H28N4O4	[M + H]+	C20H29N4O4+	Amino acids and Peptides	1.000	Small peptides	0.999	Dipeptides	0.997	Organic acids and derivatives	1.000	Carboxylic acids and derivatives	1.000	Amino acids, peptides, and analogues	1.000	Peptides	0.991	Dipeptides	0.974	Organic compounds; Organoheterocyclic compounds; Lipids and lipid-like molecules; Amino acids, peptides, and analogues; Alpha amino acids and derivatives; Pyrroles; Indoles and derivatives; Organic acids and derivatives; Carboxylic acids and derivatives; Organonitrogen compounds; Organooxygen compounds; Fatty amides; Amino acids and derivatives; Peptides; Monoalkylamines; Carboxylic acid amides; Carboxylic acid derivatives; N-acyl amines; Monocarboxylic acids and derivatives; N-acyl-alpha amino acids and derivatives; Carboxylic acids; Indolyl carboxylic acids and derivatives; Secondary carboxylic acid amides; Carbonyl compounds; Substituted pyrroles; Alpha amino acid amides; N-acyl-alpha amino acids; Benzenoids; Amines; Primary amines; Indoles; Fatty Acyls; Organic oxides; Azacyclic compounds; Heteroaromatic compounds; Hydrocarbon derivatives; Amino acids; 3-alkylindoles; Organopnictogen compounds; Organic oxygen compounds; Organic nitrogen compounds; Dipeptides; Chemical entities	389.217	303	5.056	816965226174993527	816964204652117497	816964204652117496	1171	
1	C18H27N3O4	[M + H]+	C18H28N3O4+	Amino acids and Peptides	1.000	Small peptides	0.999	Tripeptides	0.997	Organic acids and derivatives	1.000	Carboxylic acids and derivatives	1.000	Amino acids, peptides, and analogues	0.999	Peptides	0.997	Oligopeptides	0.945	Organic compounds; Lipids and lipid-like molecules; Amino acids, peptides, and analogues; Alpha amino acids and derivatives; Phenethylamines; Amphetamines and derivatives; Phenylpropanoids and polyketides; Organic acids and derivatives; Carboxylic acids and derivatives; Organonitrogen compounds; Organooxygen compounds; Fatty amides; Amino acids and derivatives; Peptides; Monoalkylamines; Carboxylic acid amides; Carboxylic acid derivatives; N-acyl amines; Monocarboxylic acids and derivatives; N-acyl-alpha amino acids and derivatives; Carboxylic acids; Secondary carboxylic acid amides; Carbonyl compounds; Benzene and substituted derivatives; Alpha amino acid amides; N-acyl-alpha amino acids; Benzenoids; Amines; Primary amines; Phenylpropanoic acids; Fatty Acyls; Organic oxides; Hydrocarbon derivatives; Amino acids; Phenylalanine and derivatives; Organopnictogen compounds; Organic oxygen compounds; Organic nitrogen compounds; Oligopeptides; Chemical entities	350.206	303	5.056	816965235075308310	816964204710837758	816964204710837757	1172	
1	C17H33N3O4	[M + H]+	C17H34N3O4+	Alkaloids	0.897	Pseudoalkaloids (transamidation)	0.370	Capsaicins and Capsaicinoids	0.290	Organic acids and derivatives	0.975	Carboxylic acids and derivatives	0.965	Amino acids, peptides, and analogues	0.889	Peptides	0.586	Peptides	0.586	Organic compounds; Lipids and lipid-like molecules; Amino acids, peptides, and analogues; Alpha amino acids and derivatives; Alkyl aryl ethers; Phenols; Anisoles; Methoxyphenols; Organic acids and derivatives; Carboxylic acids and derivatives; Organonitrogen compounds; Organooxygen compounds; Fatty amides; Amino acids and derivatives; Peptides; Monoalkylamines; Carboxylic acid amides; Carboxylic acid derivatives; N-acyl amines; N-acyl-alpha amino acids and derivatives; Secondary carboxylic acid amides; Carbonyl compounds; Benzene and substituted derivatives; Alpha amino acid amides; Phenol ethers; Benzenoids; Amines; Primary amines; Fatty Acyls; Organic oxides; Methoxybenzenes; Hydrocarbon derivatives; Organopnictogen compounds; Organic oxygen compounds; 1-hydroxy-2-unsubstituted benzenoids; Organic nitrogen compounds; Phenoxy compounds; Chemical entities	344.253	304	5.064	816965229819844370	816964204517899759	816964204517899758	1145	
1	C19H21N5O2	[M + Na]+	C19H21N5NaO2+	Alkaloids	0.922	Nicotinic acid alkaloids	0.033	Pyridine alkaloids	0.032	Organic acids and derivatives	0.947	Carboxylic acids and derivatives	0.892	Amino acids, peptides, and analogues	0.712	Amino acids and derivatives	0.711	Amino acids and derivatives	0.711	Organic compounds; Organoheterocyclic compounds; Amino acids, peptides, and analogues; Pyridines and derivatives; Organic acids and derivatives; Carboxylic acids and derivatives; Organonitrogen compounds; Organooxygen compounds; Amino acids and derivatives; Carboxylic acid derivatives; Carbonyl compounds; Benzene and substituted derivatives; Benzenoids; Amines; Tertiary amines; Organic oxides; Azacyclic compounds; Heteroaromatic compounds; Hydrocarbon derivatives; Organopnictogen compounds; Organic oxygen compounds; Organic nitrogen compounds; Chemical entities	374.158	304	5.066	816965265416904813	816964204870221320	816964204870221319	1176	
1	C15H27N3O4	[M + Na]+	C15H27N3NaO4+	Amino acids and Peptides	0.991	Small peptides	0.979	Tripeptides	0.965	Organic acids and derivatives	0.999	Carboxylic acids and derivatives	0.999	Amino acids, peptides, and analogues	0.986	Peptides	0.975	Oligopeptides	0.902	Organic compounds; Lipids and lipid-like molecules; Amino acids, peptides, and analogues; Alpha amino acids and derivatives; Fatty acids and conjugates; Organic acids and derivatives; Carboxylic acids and derivatives; Organonitrogen compounds; Organooxygen compounds; Fatty amides; Branched fatty acids; Amino acids and derivatives; Peptides; Monoalkylamines; Carboxylic acid amides; Carboxylic acid derivatives; N-acyl amines; Monocarboxylic acids and derivatives; N-acyl-alpha amino acids and derivatives; Carboxylic acids; Secondary carboxylic acid amides; Carbonyl compounds; Alpha amino acid amides; N-acyl-alpha amino acids; Amines; Primary amines; Fatty Acyls; Organic oxides; Hydrocarbon derivatives; Amino acids; Organopnictogen compounds; Organic oxygen compounds; Organic nitrogen compounds; Oligopeptides; Chemical entities	336.190	304	5.074	816965233229814182	816964204949913101	816964204916358668	1179	
1	C16H20N6O6	[M + H]+	C16H21N6O6+	Carbohydrates	0.885	Nucleosides	0.882	Purine nucleosides	0.814	Nucleosides, nucleotides, and analogues	0.929	Purine nucleosides	0.886					Purine nucleosides	0.886	Organic compounds; Organoheterocyclic compounds; Carbohydrates and carbohydrate conjugates; Pyrimidines and pyrimidine derivatives; Imidazoles; Alcohols and polyols; Purines and purine derivatives; Organonitrogen compounds; Primary alcohols; Nucleosides, nucleotides, and analogues; Organooxygen compounds; Azoles; Purine nucleosides; Aminopyrimidines and derivatives; Diazines; Pentoses; Monosaccharides; Secondary alcohols; Imidazopyrimidines; Glycosyl compounds; Glycosylamines; Benzene and substituted derivatives; Substituted imidazoles; N-substituted imidazoles; Benzenoids; Amines; Primary amines; 6-aminopurines; 6-alkylaminopurines; Imidolactams; Organic oxides; Azacyclic compounds; Oxacyclic compounds; Heteroaromatic compounds; Hydrocarbon derivatives; Organopnictogen compounds; Organic oxygen compounds; Organic nitrogen compounds; Chemical entities	393.150	305	5.091	816965232470644988	816964205021216274	816964205021216273	1180	
1	C17H33N3O4	[M + H]+	C17H34N3O4+	Alkaloids	0.722	Small peptides	0.335	Tripeptides	0.317	Organic acids and derivatives	0.984	Carboxylic acids and derivatives	0.980	Amino acids, peptides, and analogues	0.782	Amino acids and derivatives	0.774	N-acyl-alpha amino acids and derivatives	0.740	Organic compounds; Lipids and lipid-like molecules; Amino acids, peptides, and analogues; Alpha amino acids and derivatives; Phenols; Organic acids and derivatives; Carboxylic acids and derivatives; Organonitrogen compounds; Organooxygen compounds; Fatty amides; Amino acids and derivatives; Monoalkylamines; Carboxylic acid amides; Carboxylic acid derivatives; N-acyl amines; N-acyl-alpha amino acids and derivatives; Secondary carboxylic acid amides; Carbonyl compounds; Benzene and substituted derivatives; Alpha amino acid amides; Benzenoids; Amines; Primary amines; Fatty Acyls; Organic oxides; Methoxybenzenes; Hydrocarbon derivatives; Organopnictogen compounds; Organic oxygen compounds; 1-hydroxy-2-unsubstituted benzenoids; Organic nitrogen compounds; Phenoxy compounds; Chemical entities	344.253	307	5.110	816965234064480863	816964205260291622	816964205260291621	1186	
1	C11H12O4	[M + H]+	C11H13O4+	Shikimates and Phenylpropanoids	0.979	Phenylpropanoids (C6-C3)	0.997	Cinnamic acids and derivatives	0.998	Phenylpropanoids and polyketides	0.958	Cinnamic acids and derivatives	0.882	Hydroxycinnamic acids and derivatives	0.894	Coumaric acids and derivatives	0.892	Coumaric acids and derivatives	0.892	Organic compounds; Lipids and lipid-like molecules; Styrenes; Coumaric acids and derivatives; Alkyl aryl ethers; Phenols; Anisoles; Methoxyphenols; Ethers; Phenylpropanoids and polyketides; Organic acids and derivatives; Carboxylic acids and derivatives; Organooxygen compounds; Fatty acid esters; Cinnamic acids and derivatives; Carboxylic acid derivatives; Monocarboxylic acids and derivatives; Carboxylic acid esters; Hydroxycinnamic acids and derivatives; Carbonyl compounds; Benzene and substituted derivatives; Phenol ethers; Benzenoids; Cinnamic acid esters; Enoate esters; Alpha,beta-unsaturated carboxylic esters; Fatty Acyls; Organic oxides; Methoxybenzenes; Hydrocarbon derivatives; Organic oxygen compounds; 1-hydroxy-2-unsubstituted benzenoids; Phenoxy compounds; Chemical entities	209.080	307	5.112	816965241324822069	816964205356760619	816964205356760618	1190	
3	C24H15N7O2	[M + H]+	C24H16N7O2+	Alkaloids	0.959	Histidine alkaloids	0.494	Imidazole alkaloids	0.495	Benzenoids	0.931							Benzenoids	0.931	Organic compounds; Organoheterocyclic compounds; Imidazoles; Pyridines and derivatives; Organic acids and derivatives; Carboxylic acids and derivatives; Organonitrogen compounds; Organooxygen compounds; Azoles; Carboxylic acid derivatives; Benzenoids; Organic oxides; Azacyclic compounds; Heteroaromatic compounds; Hydrocarbon derivatives; Organopnictogen compounds; Organic oxygen compounds; Organic nitrogen compounds; Chemical entities	434.135	307	5.118	816965242197237410	816964205428063792	816964205428063791	1194	
1	C27H38O13	[M + Na]+	C27H38NaO13+	Terpenoids	0.869	Monoterpenoids	0.953	Secoiridoid monoterpenoids	0.549	Lipids and lipid-like molecules	0.863	Prenol lipids	0.588	Terpene glycosides	0.574			Terpene glycosides	0.574	Organic compounds; Organoheterocyclic compounds; Carbohydrates and carbohydrate conjugates; Lipids and lipid-like molecules; Alkyl aryl ethers; Alcohols and polyols; Anisoles; Ethers; Prenol lipids; Organic acids and derivatives; Carboxylic acids and derivatives; Primary alcohols; Organooxygen compounds; Carboxylic acid derivatives; Carboxylic acid esters; Hexoses; Monosaccharides; Monoterpenoids; Acetals; Secondary alcohols; Carbonyl compounds; Oxanes; Terpene glycosides; Glycosyl compounds; O-glycosyl compounds; Benzene and substituted derivatives; Polyols; Phenol ethers; Benzenoids; Enoate esters; Alpha,beta-unsaturated carboxylic esters; Fatty Acyls; Organic oxides; Methoxybenzenes; Oxacyclic compounds; Hydrocarbon derivatives; Organic oxygen compounds; Phenoxy compounds; Chemical entities	593.220	307	5.122	816965283456608172	816964205742636612	816964205742636611	1200	
3	C29H40N4O7	[M + Na]+	C29H40N4NaO7+	Amino acids and Peptides	0.990	Oligopeptides	0.957	Cyclic peptides	0.593	Organic acids and derivatives	1.000	Carboxylic acids and derivatives	0.998	Amino acids, peptides, and analogues	0.986	Peptides	0.925	Oligopeptides	0.661	Organic compounds; Organoheterocyclic compounds; Lipids and lipid-like molecules; Amino acids, peptides, and analogues; Alpha amino acids and derivatives; Lactams; Indoles and derivatives; Organic acids and derivatives; Carboxylic acids and derivatives; Organonitrogen compounds; Organooxygen compounds; Fatty amides; Amino acids and derivatives; Peptides; Carboxylic acid amides; Carboxylic acid derivatives; Monocarboxylic acids and derivatives; N-acyl-alpha amino acids and derivatives; Carboxylic acids; Secondary carboxylic acid amides; Carbonyl compounds; Benzene and substituted derivatives; Alpha amino acid amides; Benzenoids; Indoles; Fatty Acyls; Organic oxides; Azacyclic compounds; Hydrocarbon derivatives; 3-alkylindoles; Organopnictogen compounds; Organic oxygen compounds; Organic nitrogen compounds; Oligopeptides; Chemical entities	579.276	308	5.136	816965312221151156	816964205910408782	816964205876854349	1207	
6	C22H32N4O2S	[M + Na]+	C22H32N4NaO2S+	Amino acids and Peptides	0.979	Oligopeptides	0.372	Tripeptides	0.034	Organic acids and derivatives	0.999	Carboxylic acids and derivatives	0.987	Amino acids, peptides, and analogues	0.969	Amino acids and derivatives	0.966	N-carbamoyl-alpha amino acids and derivatives	0.823	Organic compounds; Organoheterocyclic compounds; Lipids and lipid-like molecules; Amino acids, peptides, and analogues; Alpha amino acids and derivatives; Thiazoles; Pyrrolidines; Organic acids and derivatives; Carboxylic acids and derivatives; Organonitrogen compounds; Organooxygen compounds; Fatty amides; Amino acids and derivatives; Organic carbonic acids and derivatives; Azoles; Carboxylic acid amides; Ureas; Carboxylic acid derivatives; N-acyl amines; N-carbamoyl-alpha amino acids and derivatives; Secondary carboxylic acid amides; Tertiary carboxylic acid amides; Carbonyl compounds; Alpha amino acid amides; N-acylpyrrolidines; Fatty Acyls; Organic oxides; Azacyclic compounds; Heteroaromatic compounds; Hydrocarbon derivatives; Valine and derivatives; Organopnictogen compounds; Organic oxygen compounds; Organic nitrogen compounds; Chemical entities	439.214	308	5.142	816965287407643428	816964206078180957	816964206078180956	1208	
1	C24H33N5O7	[M + Na]+	C24H33N5NaO7+	Amino acids and Peptides	0.999	Small peptides	0.894	Tripeptides	0.793	Organic acids and derivatives	1.000	Carboxylic acids and derivatives	1.000	Amino acids, peptides, and analogues	0.999	Peptides	0.997	Oligopeptides	0.983	Organic compounds; Organoheterocyclic compounds; Lipids and lipid-like molecules; Amino acids, peptides, and analogues; Alpha amino acids and derivatives; Pyrrolidines; Organic acids and derivatives; Carboxylic acids and derivatives; Organonitrogen compounds; Organooxygen compounds; Fatty amides; Amino acids and derivatives; Peptides; Monoalkylamines; Carboxylic acid amides; Carboxylic acid derivatives; N-acyl amines; Monocarboxylic acids and derivatives; N-acyl-alpha amino acids and derivatives; Carboxylic acids; Primary carboxylic acid amides; Secondary carboxylic acid amides; Tertiary carboxylic acid amides; Carbonyl compounds; Pyrrolidine carboxylic acids and derivatives; Pyrrolidinecarboxamides; Alpha amino acid amides; N-acyl-alpha amino acids; Amines; Primary amines; N-acylpyrrolidines; Fatty Acyls; Organic oxides; Azacyclic compounds; Hydrocarbon derivatives; Amino acids; Glutamine and derivatives; Proline and derivatives; Organopnictogen compounds; Organic oxygen compounds; Organic nitrogen compounds; Oligopeptides; Chemical entities	526.226	309	5.153	816965295347462059	816964206183038562	816964206183038561	1211	
4	C30H56O10	[M + Na]+	C30H56NaO10+	Polyketides	0.969	Macrolides	0.747	Open-chain polyketides	0.661	Phenylpropanoids and polyketides	0.264	Macrolides and analogues	0.626					Macrolides and analogues	0.626	Organic compounds; Organoheterocyclic compounds; Lipids and lipid-like molecules; Alcohols and polyols; Macrolides and analogues; Ethers; Organic acids and derivatives; Carboxylic acids and derivatives; Organooxygen compounds; Carboxylic acid derivatives; Carboxylic acid esters; Secondary alcohols; Carbonyl compounds; Polyols; Fatty Acyls; Organic oxides; Oxacyclic compounds; Hydrocarbon derivatives; Organic oxygen compounds; Chemical entities	599.374	310	5.164	816965289479629939	816964206422113900	816964206422113899	1216	
3	C24H36N4O7	[M + H]+	C24H37N4O7+	Amino acids and Peptides	0.983	Oligopeptides	0.744	Tripeptides	0.359	Organic acids and derivatives	0.997	Carboxylic acids and derivatives	0.993	Amino acids, peptides, and analogues	0.907	Peptides	0.759	Peptides	0.759	Organic compounds; Lipids and lipid-like molecules; Amino acids, peptides, and analogues; Alpha amino acids and derivatives; Phenethylamines; Amphetamines and derivatives; Organic acids and derivatives; Carboxylic acids and derivatives; Organonitrogen compounds; Organooxygen compounds; Fatty amides; Amino acids and derivatives; Peptides; Carboxylic acid amides; Carboxylic acid derivatives; N-acyl amines; N-acyl-alpha amino acids and derivatives; Carboxylic acids; Secondary carboxylic acid amides; Carbonyl compounds; Benzene and substituted derivatives; Alpha amino acid amides; N-acyl-alpha amino acids; Benzenoids; Fatty Acyls; Organic oxides; Hydrocarbon derivatives; Phenylalanine and derivatives; Organopnictogen compounds; Organic oxygen compounds; Organic nitrogen compounds; Chemical entities	493.266	310	5.174	816965286539422282	816964206526971505	816964206526971504	1217	
1	C16H29N3O6	[M + Na]+	C16H29N3NaO6+	Amino acids and Peptides	1.000	Small peptides	0.999	Tripeptides	0.999	Organic acids and derivatives	1.000	Carboxylic acids and derivatives	1.000	Amino acids, peptides, and analogues	0.998	Peptides	0.999	Oligopeptides	0.996	Organic compounds; Lipids and lipid-like molecules; Amino acids, peptides, and analogues; Alpha amino acids and derivatives; Fatty acids and conjugates; Organic acids and derivatives; Carboxylic acids and derivatives; Organonitrogen compounds; Organooxygen compounds; Fatty amides; Branched fatty acids; Dicarboxylic acids and derivatives; Amino acids and derivatives; Peptides; Monoalkylamines; Carboxylic acid amides; Carboxylic acid derivatives; N-acyl amines; Monocarboxylic acids and derivatives; N-acyl-alpha amino acids and derivatives; Carboxylic acids; Secondary carboxylic acid amides; Carbonyl compounds; Pyrrolidine carboxylic acids and derivatives; Alpha amino acid amides; N-acyl-alpha amino acids; Amines; Primary amines; N-acylpyrrolidines; Methyl-branched fatty acids; Fatty Acyls; Organic oxides; Hydrocarbon derivatives; Amino acids; Valine and derivatives; Leucine and derivatives; Organopnictogen compounds; Organic oxygen compounds; Organic nitrogen compounds; Oligopeptides; Chemical entities	382.193	311	5.179	816965287004990146	816964206568914550	816964206568914549	1220	
8	C25H27N3O3S	[M + H]+	C25H28N3O3S+	Alkaloids	0.670	Tryptophan alkaloids	0.416	Carboline alkaloids	0.057	Benzenoids	0.997	Phenol ethers	0.735					Phenol ethers	0.735	Organic compounds; Organoheterocyclic compounds; Organosulfur compounds; Alkyl aryl ethers; Ethers; Organic acids and derivatives; Carboxylic acids and derivatives; Organonitrogen compounds; Organooxygen compounds; Benzene and substituted derivatives; Phenol ethers; Benzenoids; Organic oxides; Azacyclic compounds; Heteroaromatic compounds; Hydrocarbon derivatives; Organopnictogen compounds; Organic oxygen compounds; Organic nitrogen compounds; Phenoxy compounds; Chemical entities	450.184	311	5.187	816965297415255020	816964206656994939	816964206656994938	1222	
1	C17H34NO9P	[M + H]+	C17H35NO9P+	Fatty acids	0.999	Glycerophospholipids	1.000	Glycerophosphocholines	0.991	Lipids and lipid-like molecules	0.974	Glycerophospholipids	0.996	Glycerophosphocholines	0.994	Lysophosphatidylcholines	0.982	1-acyl-sn-glycero-3-phosphocholines	0.962	Organic compounds; Lipids and lipid-like molecules; Alcohols and polyols; Glycerophospholipids; Organic acids and derivatives; Carboxylic acids and derivatives; Organonitrogen compounds; Organooxygen compounds; Fatty acid esters; Organic phosphoric acids and derivatives; Phosphate esters; Quaternary ammonium salts; Cholines; Carboxylic acid derivatives; Monocarboxylic acids and derivatives; Carboxylic acid esters; Phosphocholines; Lysophosphatidylcholines; 1-acyl-sn-glycero-3-phosphocholines; Secondary alcohols; Carbonyl compounds; Glycerophosphocholines; Amines; Alkyl phosphates; Dialkyl phosphates; Organic cations; Organic salts; Fatty Acyls; Organic oxides; Hydrocarbon derivatives; Tetraalkylammonium salts; Organopnictogen compounds; Organic oxygen compounds; Organic nitrogen compounds; Chemical entities	428.203	311	5.189	816965296941297916	816964206724103808	816964206724103807	1223	
1	C22H30N4O4	[M + H]+	C22H31N4O4+	Amino acids and Peptides	1.000	Small peptides	0.986	Tripeptides	0.448	Organic acids and derivatives	1.000	Carboxylic acids and derivatives	1.000	Amino acids, peptides, and analogues	0.999	Peptides	0.999	Oligopeptides	0.981	Organic compounds; Organoheterocyclic compounds; Lipids and lipid-like molecules; Amino acids, peptides, and analogues; Alpha amino acids and derivatives; Pyrroles; Tryptamines and derivatives; Indoles and derivatives; Pyrrolidines; Organic acids and derivatives; Carboxylic acids and derivatives; Organonitrogen compounds; Organooxygen compounds; Fatty amides; Amino acids and derivatives; Peptides; Monoalkylamines; Carboxylic acid amides; Carboxylic acid derivatives; Monocarboxylic acids and derivatives; N-acyl-alpha amino acids and derivatives; Carboxylic acids; Secondary carboxylic acid amides; Tertiary carboxylic acid amides; Carbonyl compounds; Pyrrolidine carboxylic acids and derivatives; Substituted pyrroles; Alpha amino acid amides; N-acyl-alpha amino acids; Pyrrolidine carboxylic acids; Benzenoids; Amines; Primary amines; Indoles; N-acylpyrrolidines; Fatty Acyls; Organic oxides; Azacyclic compounds; Heteroaromatic compounds; Hydrocarbon derivatives; Amino acids; 3-alkylindoles; Proline and derivatives; Organopnictogen compounds; Organic oxygen compounds; Organic nitrogen compounds; Oligopeptides; Chemical entities	415.233	311	5.191	816965291316735203	816964206774435461	816964206774435460	1224	
1	C20H28N4O4	[M + H]+	C20H29N4O4+	Amino acids and Peptides	1.000	Small peptides	0.999	Dipeptides	0.995	Organic acids and derivatives	1.000	Carboxylic acids and derivatives	1.000	Amino acids, peptides, and analogues	1.000	Peptides	0.990	Dipeptides	0.972	Organic compounds; Organoheterocyclic compounds; Lipids and lipid-like molecules; Amino acids, peptides, and analogues; Alpha amino acids and derivatives; Pyrroles; Indoles and derivatives; Organic acids and derivatives; Carboxylic acids and derivatives; Organonitrogen compounds; Organooxygen compounds; Fatty amides; Amino acids and derivatives; Peptides; Monoalkylamines; Carboxylic acid amides; Carboxylic acid derivatives; N-acyl amines; Monocarboxylic acids and derivatives; N-acyl-alpha amino acids and derivatives; Carboxylic acids; Indolyl carboxylic acids and derivatives; Secondary carboxylic acid amides; Carbonyl compounds; Substituted pyrroles; Alpha amino acid amides; N-acyl-alpha amino acids; Benzenoids; Amines; Primary amines; Indoles; Fatty Acyls; Organic oxides; Azacyclic compounds; Heteroaromatic compounds; Hydrocarbon derivatives; Amino acids; 3-alkylindoles; Organopnictogen compounds; Organic oxygen compounds; Organic nitrogen compounds; Dipeptides; Chemical entities	389.217	312	5.194	816965297411060698	816964206841544330	816964206841544329	1227	
1	C20H29N3O4	[M + H]+	C20H30N3O4+	Amino acids and Peptides	1.000	Small peptides	0.999	Dipeptides	0.806	Organic acids and derivatives	1.000	Carboxylic acids and derivatives	1.000	Amino acids, peptides, and analogues	1.000	Peptides	0.998	Oligopeptides	0.894	Organic compounds; Organoheterocyclic compounds; Amino acids, peptides, and analogues; Alpha amino acids and derivatives; Phenethylamines; Amphetamines and derivatives; Pyrrolidines; Organic acids and derivatives; Carboxylic acids and derivatives; Organonitrogen compounds; Organooxygen compounds; Amino acids and derivatives; Peptides; Monoalkylamines; Carboxylic acid amides; Carboxylic acid derivatives; Monocarboxylic acids and derivatives; N-acyl-alpha amino acids and derivatives; Carboxylic acids; Secondary carboxylic acid amides; Tertiary carboxylic acid amides; Carbonyl compounds; Pyrrolidine carboxylic acids and derivatives; Benzene and substituted derivatives; Alpha amino acid amides; N-acyl-alpha amino acids; Pyrrolidine carboxylic acids; Benzenoids; Amines; Primary amines; N-acylpyrrolidines; Aralkylamines; Organic oxides; Azacyclic compounds; Hydrocarbon derivatives; Amino acids; Phenylalanine and derivatives; Proline and derivatives; Organopnictogen compounds; Organic oxygen compounds; Organic nitrogen compounds; Oligopeptides; Chemical entities	376.222	312	5.202	816965288758209560	816964206946401935	816964206946401934	1229	
1	C33H40O19	[M + Na]+	C33H40NaO19+	Shikimates and Phenylpropanoids	1.000	Flavonoids	0.996	Flavonols	0.941	Phenylpropanoids and polyketides	0.997	Flavonoids	0.980	Flavonoid glycosides	0.979	Flavonoid O-glycosides	0.979	Flavonoid-3-O-glycosides	0.922	Organic compounds; Organoheterocyclic compounds; Carbohydrates and carbohydrate conjugates; Pyrans; Benzopyrans; Alcohols and polyols; Phenols; Chromones; Ethers; Phenylpropanoids and polyketides; Organic acids and derivatives; Organooxygen compounds; Flavonoids; Pyranones and derivatives; Flavonoid glycosides; Disaccharides; Flavonoid O-glycosides; Flavones; Acetals; Secondary alcohols; Oxanes; Glycosyl compounds; O-glycosyl compounds; Benzene and substituted derivatives; Polyols; Benzenoids; 4'-hydroxyflavonoids; Hydroxyflavonoids; 5-hydroxyflavonoids; 7-hydroxyflavonoids; 1-benzopyrans; Flavonoid-3-O-glycosides; Vinylogous acids; Organic oxides; Oxacyclic compounds; Heteroaromatic compounds; Hydrocarbon derivatives; Organic oxygen compounds; 1-hydroxy-2-unsubstituted benzenoids; 1-hydroxy-4-unsubstituted benzenoids; Chemical entities	763.203	312	5.208	816965298908428006	816964207084813977	816964207084813976	1233	
1	C15H10O6	[M + H]+	C15H11O6+	Shikimates and Phenylpropanoids	1.000	Flavonoids	0.988	Flavonols	0.935	Phenylpropanoids and polyketides	0.990	Flavonoids	0.967	Flavones	0.940	Flavonols	0.883	Flavonols	0.883	Organic compounds; Organoheterocyclic compounds; Pyrans; Benzopyrans; Alcohols and polyols; Phenols; Chromones; Phenylpropanoids and polyketides; Organic acids and derivatives; Organooxygen compounds; Flavonoids; Pyranones and derivatives; Flavonols; Flavones; Benzene and substituted derivatives; Polyols; Benzenoids; 3-hydroxyflavonoids; 4'-hydroxyflavonoids; Hydroxyflavonoids; 5-hydroxyflavonoids; 7-hydroxyflavonoids; 1-benzopyrans; Vinylogous acids; Organic oxides; Oxacyclic compounds; Heteroaromatic compounds; Hydrocarbon derivatives; Organic oxygen compounds; 1-hydroxy-2-unsubstituted benzenoids; 1-hydroxy-4-unsubstituted benzenoids; Chemical entities	287.054	313	5.208	816965304184863404	816964207151922846	816964207151922845	1234	
1	C33H40O19	[M + H]+	C33H41O19+	Shikimates and Phenylpropanoids	1.000	Flavonoids	0.993	Flavonols	0.956	Phenylpropanoids and polyketides	0.996	Flavonoids	0.966	Flavonoid glycosides	0.969	Flavonoid O-glycosides	0.977	Flavonoid-3-O-glycosides	0.911	Organic compounds; Organoheterocyclic compounds; Carbohydrates and carbohydrate conjugates; Pyrans; Benzopyrans; Alcohols and polyols; Phenols; Chromones; Ethers; Phenylpropanoids and polyketides; Organic acids and derivatives; Organooxygen compounds; Flavonoids; Pyranones and derivatives; Flavonoid glycosides; Disaccharides; Flavonoid O-glycosides; Flavones; Acetals; Secondary alcohols; Oxanes; Glycosyl compounds; O-glycosyl compounds; Benzene and substituted derivatives; Polyols; Benzenoids; 4'-hydroxyflavonoids; Hydroxyflavonoids; 5-hydroxyflavonoids; 1-benzopyrans; Flavonoid-3-O-glycosides; Flavonoid-7-O-glycosides; Vinylogous acids; Organic oxides; Oxacyclic compounds; Heteroaromatic compounds; Hydrocarbon derivatives; Phenolic glycosides; Organic oxygen compounds; 1-hydroxy-2-unsubstituted benzenoids; 1-hydroxy-4-unsubstituted benzenoids; Chemical entities	741.221	313	5.216	816965303459248638	816964207298723496	816964207298723495	1240	
1	C17H29N3O6	[M + Na]+	C17H29N3NaO6+	Amino acids and Peptides	0.966	Small peptides	0.953	Tripeptides	0.741	Organic acids and derivatives	0.999	Carboxylic acids and derivatives	0.999	Amino acids, peptides, and analogues	0.984	Peptides	0.878	Peptides	0.878	Organic compounds; Lipids and lipid-like molecules; Amino acids, peptides, and analogues; Alpha amino acids and derivatives; Alcohols and polyols; Fatty acids and conjugates; Organic acids and derivatives; Carboxylic acids and derivatives; Organonitrogen compounds; Organooxygen compounds; Fatty amides; Branched fatty acids; Hydroxy fatty acids; Amino acids and derivatives; Peptides; Carboxylic acid amides; Carboxylic acid derivatives; N-acyl amines; Monocarboxylic acids and derivatives; N-acyl-alpha amino acids and derivatives; Carboxylic acids; Secondary carboxylic acid amides; Carbonyl compounds; Alpha amino acid amides; N-acyl-alpha amino acids; Methyl-branched fatty acids; Fatty Acyls; Organic oxides; Hydrocarbon derivatives; Valine and derivatives; Leucine and derivatives; Organopnictogen compounds; Organic oxygen compounds; Organic nitrogen compounds; Chemical entities	394.196	314	5.226	816965303941593701	816964207491661495	816964207491661494	1249	
3	C20H32N4O4	[M + Na]+	C20H32N4NaO4+	Amino acids and Peptides	0.994	Small peptides	0.950	Tripeptides	0.647	Organic acids and derivatives	0.999	Carboxylic acids and derivatives	0.997	Amino acids, peptides, and analogues	0.982	Peptides	0.810	Peptides	0.810	Organic compounds; Organoheterocyclic compounds; Lipids and lipid-like molecules; Amino acids, peptides, and analogues; Alpha amino acids and derivatives; Pyrrolidines; Organic acids and derivatives; Carboxylic acids and derivatives; Organonitrogen compounds; Organooxygen compounds; Fatty amides; Amino acids and derivatives; Peptides; Carboxylic acid amides; Carboxylic acid derivatives; N-acyl amines; Monocarboxylic acids and derivatives; N-acyl-alpha amino acids and derivatives; Secondary carboxylic acid amides; Tertiary carboxylic acid amides; Carbonyl compounds; Alpha amino acid amides; N-acylpyrrolidines; Fatty Acyls; Organic oxides; Azacyclic compounds; Hydrocarbon derivatives; Organopnictogen compounds; Organic oxygen compounds; Organic nitrogen compounds; Chemical entities	415.235	314	5.230	816965310446960328	816964207747514054	816964207747514053	1284	
1	C11H13NO2	[M + H]+	C11H14NO2+	Amino acids and Peptides	0.981	Small peptides	0.984	Aminoacids	0.926	Organic acids and derivatives	0.998	Carboxylic acids and derivatives	0.993	Amino acids, peptides, and analogues	0.970	Amino acids and derivatives	0.969	Phenylalanine and derivatives	0.784	Organic compounds; Amino acids, peptides, and analogues; Alpha amino acids and derivatives; Phenethylamines; Amphetamines and derivatives; Organic acids and derivatives; Carboxylic acids and derivatives; Organonitrogen compounds; Organooxygen compounds; Amino acids and derivatives; Monocarboxylic acids and derivatives; Carboxylic acids; Carbonyl compounds; Benzene and substituted derivatives; Benzenoids; Amines; Primary amines; Phenylpropanoic acids; Aralkylamines; Organic oxides; Hydrocarbon derivatives; Amino acids; Phenylalanine and derivatives; Organopnictogen compounds; Organic oxygen compounds; Organic nitrogen compounds; Chemical entities	192.101	314	5.231	816965305241828308	816964207550381756	816964207550381755	1247	
1	C12H15NO4	[M + H]+	C12H16NO4+	Amino acids and Peptides	0.872	Small peptides	0.902	Dipeptides	0.772	Organic acids and derivatives	1.000	Carboxylic acids and derivatives	1.000	Amino acids, peptides, and analogues	0.996	Amino acids and derivatives	0.996	Phenylalanine and derivatives	0.975	Organic compounds; Lipids and lipid-like molecules; Amino acids, peptides, and analogues; Alpha amino acids and derivatives; Phenethylamines; Amphetamines and derivatives; Phenylpropanoids and polyketides; Organic acids and derivatives; Carboxylic acids and derivatives; Organonitrogen compounds; Organooxygen compounds; Fatty amides; Dicarboxylic acids and derivatives; Amino acids and derivatives; Carboxylic acid amides; Carboxylic acid derivatives; N-acyl amines; N-acyl-alpha amino acids and derivatives; Carboxylic acids; Secondary carboxylic acid amides; Carbonyl compounds; Benzene and substituted derivatives; N-acyl-alpha amino acids; Benzenoids; Phenylpropanoic acids; Fatty Acyls; Organic oxides; Hydrocarbon derivatives; Phenylalanine and derivatives; Organopnictogen compounds; Organic oxygen compounds; Organic nitrogen compounds; Chemical entities	238.106	314	5.232	816965303287282131	816964207663627969	816964207663627968	1248	
2	C29H40N6O6	[M + H]+	C29H41N6O6+	Amino acids and Peptides	0.988	Oligopeptides	0.995	Cyclic peptides	0.987	Organic acids and derivatives	1.000	Carboxylic acids and derivatives	0.999	Amino acids, peptides, and analogues	0.997	Peptides	0.971	Oligopeptides	0.923	Organic compounds; Organoheterocyclic compounds; Amino acids, peptides, and analogues; Alpha amino acids and derivatives; Macrolactams; Pyrroles; Lactams; Indoles and derivatives; Pyrrolidines; Phenylpropanoids and polyketides; Organic acids and derivatives; Carboxylic acids and derivatives; Organonitrogen compounds; Organooxygen compounds; Amino acids and derivatives; Peptides; Carboxylic acid amides; Carboxylic acid derivatives; Secondary carboxylic acid amides; Tertiary carboxylic acid amides; Carbonyl compounds; Cyclic peptides; Substituted pyrroles; Benzenoids; Indoles; N-acylpyrrolidines; Organic oxides; Azacyclic compounds; Heteroaromatic compounds; Hydrocarbon derivatives; 3-alkylindoles; Organopnictogen compounds; Organic oxygen compounds; Organic nitrogen compounds; Oligopeptides; Chemical entities	569.306	316	5.266	816965315194913109	816964207902703312	816964207894314703	1262	
1	C10H12BN3	[M + Na]+	C10H12BN3Na+	Alkaloids	0.349	Tryptophan alkaloids	0.141	Simple indole alkaloids	0.054	Benzenoids	0.880	Benzene and substituted derivatives	0.589					Benzene and substituted derivatives	0.589	Organic compounds; Organoheterocyclic compounds; Organonitrogen compounds; Organometallic compounds; Organometalloid compounds; Benzene and substituted derivatives; Benzenoids; Organoboron compounds; Organic salts; Organic metalloid salts; Organic metal salts; Azacyclic compounds; Heteroaromatic compounds; Hydrocarbon derivatives; Organic nitrogen compounds; Chemical entities	207.106	316	5.268	816965318906872788	816964208045309658	816964208045309657	1244	
1	C19H22O5	[M + H]+	C19H23O5+	Shikimates and Phenylpropanoids	0.970	Lignans	0.734	Dibenzylbutane lignans	0.620	Benzenoids	0.994	Phenols	0.872	Methoxyphenols	0.874			Methoxyphenols	0.874	Organic compounds; Ketones; Alkyl aryl ethers; Phenols; Anisoles; Methoxyphenols; Ethers; Organooxygen compounds; Carbonyl compounds; Benzene and substituted derivatives; Phenol ethers; Benzenoids; Organic oxides; Methoxybenzenes; Hydrocarbon derivatives; Organic oxygen compounds; 1-hydroxy-2-unsubstituted benzenoids; Phenoxy compounds; Chemical entities	331.153	318	5.296	816965332831963049	816964208410214131	816964208401825522	1277	
6	C23H18N6O2S	[M + H]+	C23H19N6O2S+	Alkaloids	0.690	Pseudoalkaloids (transamidation)	0.023	Purine alkaloids	0.025	Organic nitrogen compounds	1.000	Organonitrogen compounds	1.000	N-arylamides	0.643			N-arylamides	0.643	Organic compounds; Organoheterocyclic compounds; Organosulfur compounds; Pyrimidines and pyrimidine derivatives; Pyridines and derivatives; Lactams; Organic acids and derivatives; Carboxylic acids and derivatives; Organonitrogen compounds; Pyrimidones; Organooxygen compounds; Azoles; Carboxylic acid amides; Carboxylic acid derivatives; Thioethers; Diazines; Secondary carboxylic acid amides; Carbonyl compounds; Benzene and substituted derivatives; Benzenoids; Sulfenyl compounds; N-arylamides; Alkylarylthioethers; Vinylogous amides; Organic oxides; Azacyclic compounds; Heteroaromatic compounds; Hydrocarbon derivatives; Organopnictogen compounds; Organic oxygen compounds; Aryl thioethers; Organic nitrogen compounds; Chemical entities	443.127	318	5.305	816965330575427414	816964208540237565	816964208540237564	1280	
1	C10H18O4	[M + Na]+	C10H18NaO4+	Fatty acids	0.995	Fatty Acids and Conjugates	0.985	Dicarboxylic acids	0.997	Lipids and lipid-like molecules	0.955	Fatty Acyls	0.944	Fatty acids and conjugates	0.941	Medium-chain fatty acids	0.787	Medium-chain fatty acids	0.787	Organic compounds; Lipids and lipid-like molecules; Fatty acids and conjugates; Organic acids and derivatives; Carboxylic acids and derivatives; Organooxygen compounds; Unsaturated fatty acids; Dicarboxylic acids and derivatives; Carboxylic acids; Carbonyl compounds; Medium-chain fatty acids; Fatty Acyls; Organic oxides; Hydrocarbon derivatives; Organic oxygen compounds; Chemical entities	225.111	319	5.309	816965336162240965	816964208812867345	816964208812867344	1286	
2	C9H18O3S	[M + H]+	C9H19O3S+	Terpenoids	0.829	Monoterpenoids	0.682	Menthane monoterpenoids	0.596	Benzenoids	0.524	Benzene and substituted derivatives	0.511					Benzene and substituted derivatives	0.511	Organic compounds; Organosulfur compounds; Organic acids and derivatives; Organosulfonic acids and derivatives; Organooxygen compounds; Sulfonyls; Organosulfonic acid esters; Methanesulfonates; Benzene and substituted derivatives; Benzenoids; Organic oxides; Hydrocarbon derivatives; Organic sulfonic acids and derivatives; Sulfonic acid esters; Organic oxygen compounds; Chemical entities	207.107	319	5.324	816965334534850839	816964208984833819	816964208984833818	1294	
2	C17H36NO8P	[M + H]+	C17H37NO8P+	Fatty acids	1.000	Glycerophospholipids	1.000	Glycerophosphocholines	0.991	Lipids and lipid-like molecules	0.983	Glycerophospholipids	0.997	Glycerophosphocholines	0.996	Lysophosphatidylcholines	0.958	1-acyl-sn-glycero-3-phosphocholines	0.906	Organic compounds; Lipids and lipid-like molecules; Alcohols and polyols; Glycerophospholipids; Organic acids and derivatives; Carboxylic acids and derivatives; Organonitrogen compounds; Organooxygen compounds; Fatty acid esters; Organic phosphoric acids and derivatives; Phosphate esters; Quaternary ammonium salts; Cholines; Carboxylic acid derivatives; Monocarboxylic acids and derivatives; Carboxylic acid esters; Phosphocholines; Lysophosphatidylcholines; 1-acyl-sn-glycero-3-phosphocholines; Carbonyl compounds; Glycerophosphocholines; Amines; Alkyl phosphates; Dialkyl phosphates; Organic cations; Organic salts; Fatty Acyls; Organic oxides; Hydrocarbon derivatives; Tetraalkylammonium salts; Organopnictogen compounds; Organic oxygen compounds; Organic nitrogen compounds; Chemical entities	414.223	319	5.324	816965338578160371	816964209056136992	816964209056136991	1296	
1	C13H22O4	[M + Na]+	C13H22NaO4+	Fatty acids	0.669	Macrolides	0.320	Macrolide lactones	0.668	Organic acids and derivatives	0.940	Carboxylic acids and derivatives	0.926	Dicarboxylic acids and derivatives	0.532			Dicarboxylic acids and derivatives	0.532	Organic compounds; Lipids and lipid-like molecules; Organic acids and derivatives; Carboxylic acids and derivatives; Organooxygen compounds; Dicarboxylic acids and derivatives; Carboxylic acid derivatives; Carboxylic acid esters; Carbonyl compounds; Fatty Acyls; Organic oxides; Hydrocarbon derivatives; Organic oxygen compounds; Chemical entities	265.142	320	5.331	816965378872842958	816964209265852207	816964209265852206	1302	
5	C22H36O6S	[M + K]+	C22H36KO6S+	Terpenoids	0.753	Sesquiterpenoids	0.399	Menthane monoterpenoids	0.052	Organic oxygen compounds	1.000	Organooxygen compounds	0.999	Carbohydrates and carbohydrate conjugates	0.977	Monosaccharides	0.966	Hexoses	0.834	Organic compounds; Organoheterocyclic compounds; Carbohydrates and carbohydrate conjugates; Alcohols and polyols; Ethers; Primary alcohols; Organooxygen compounds; Hexoses; Monosaccharides; Acetals; Secondary alcohols; Oxanes; Glycosyl compounds; O-glycosyl compounds; Polyols; Organic oxides; Oxacyclic compounds; Hydrocarbon derivatives; Organic oxygen compounds; Chemical entities	467.187	320	5.332	816965378285640363	816964209353932596	816964209328766771	1301	
1	C7H8N2O3	[M + H]+	C7H9N2O3+	Alkaloids	0.315	Nicotinic acid alkaloids	0.064	Pyridine alkaloids	0.062	Benzenoids	0.987	Benzene and substituted derivatives	0.977	Nitrobenzenes	0.951	Nitrophenyl ethers	0.919	Nitrophenyl ethers	0.919	Organic compounds; Nitrobenzenes; Alkyl aryl ethers; Anisoles; Ethers; Organonitrogen compounds; Aniline and substituted anilines; Organooxygen compounds; Organic nitro compounds; Organic oxoazanium compounds; Benzene and substituted derivatives; Phenol ethers; Benzenoids; Primary amines; Organic zwitterions; Organic 1,3-dipolar compounds; Allyl-type 1,3-dipolar organic compounds; Propargyl-type 1,3-dipolar organic compounds; Organic oxides; Methoxyanilines; Methoxybenzenes; C-nitro compounds; Hydrocarbon derivatives; Organopnictogen compounds; Organic oxygen compounds; Nitroaromatic compounds; Aminophenyl ethers; Nitrophenyl ethers; Organic nitrogen compounds; Phenoxy compounds; Chemical entities	169.060	320	5.338	816965373139229120	816964209475567422	816964209475567421	1305	
9	C30H41NO8	[M + Na]+	C30H41NNaO8+	Alkaloids	0.681	Pseudoalkaloids (transamidation)	0.729	Cytochalasan alkaloids	0.593	Organoheterocyclic compounds	0.903	Isoindoles and derivatives	0.613	Isoindolines	0.610	Isoindolones	0.629	Isoindolones	0.629	Organic compounds; Organoheterocyclic compounds; Lipids and lipid-like molecules; Alcohols and polyols; Ethers; Organic acids and derivatives; Carboxylic acids and derivatives; Organonitrogen compounds; Organooxygen compounds; Carboxylic acid amides; Carboxylic acid derivatives; Secondary alcohols; Isoindoles and derivatives; Isoindolones; Carbonyl compounds; Isoindolines; Organic oxides; Azacyclic compounds; Oxacyclic compounds; Hydrocarbon derivatives; Organopnictogen compounds; Organic oxygen compounds; Organic nitrogen compounds; Chemical entities	566.278	320	5.340	816965371855772000	816964209538481987	816964209538481986	1335	
1	C8H15FN2O3	[M + H]+	C8H16FN2O3+	Amino acids and Peptides	0.692	Small peptides	0.688	Halogenated fatty acids	0.465	Lipids and lipid-like molecules	0.531	Fatty Acyls	0.552					Fatty Acyls	0.552	Organic compounds; Lipids and lipid-like molecules; Organic acids and derivatives; Carboxylic acids and derivatives; Organohalogen compounds; Organonitrogen compounds; Organooxygen compounds; Alkyl fluorides; Carboxylic acid derivatives; Organofluorides; Carbonyl compounds; Alkyl halides; Fatty Acyls; Organic oxides; Hydrocarbon derivatives; Organopnictogen compounds; Organic oxygen compounds; Organic nitrogen compounds; Chemical entities	207.113	321	5.344	816965396899961721	816964209639145293	816964209639145292	1332	
4	C24H41N5O9	[M + H]+	C24H42N5O9+	Amino acids and Peptides	0.888	Oligopeptides	0.531	Linear peptides	0.573	Organic acids and derivatives	0.998	Carboxylic acids and derivatives	0.996	Amino acids, peptides, and analogues	0.951	Peptides	0.792	Peptides	0.792	Organic compounds; Lipids and lipid-like molecules; Amino acids, peptides, and analogues; Alpha amino acids and derivatives; Alcohols and polyols; Fatty acids and conjugates; Organic acids and derivatives; Carboxylic acids and derivatives; Organonitrogen compounds; Medium-chain hydroxy acids and derivatives; Organooxygen compounds; Fatty amides; Branched fatty acids; Hydroxy fatty acids; Amino acids and derivatives; Peptides; Carboxylic acid amides; Carboxylic acid derivatives; N-acyl amines; Monocarboxylic acids and derivatives; N-acyl-alpha amino acids and derivatives; Carboxylic acids; Secondary alcohols; Secondary carboxylic acid amides; Carbonyl compounds; Alpha amino acid amides; Methyl-branched fatty acids; Fatty Acyls; Acetamides; Organic oxides; Hydrocarbon derivatives; Valine and derivatives; Alanine and derivatives; Organopnictogen compounds; Organic oxygen compounds; Organic nitrogen compounds; Chemical entities	544.296	321	5.346	816965404730727985	816964209702059858	816964209702059857	1338	
6	C22H25N7	[M + Na]+	C22H25N7Na+	Alkaloids	0.951	Pseudoalkaloids (transamidation)	0.218	Purine alkaloids	0.212	Organoheterocyclic compounds	0.995	Diazines	0.867	Pyrimidines and pyrimidine derivatives	0.824	Aminopyrimidines and derivatives	0.831	Aminopyrimidines and derivatives	0.831	Organic compounds; Organoheterocyclic compounds; Pyrimidines and pyrimidine derivatives; Organonitrogen compounds; Azoles; Aminopyrimidines and derivatives; Diazines; Benzenoids; Amines; Tertiary amines; Imidolactams; Azacyclic compounds; Heteroaromatic compounds; Hydrocarbon derivatives; Organopnictogen compounds; Organic nitrogen compounds; Chemical entities	410.206	321	5.348	816965407297642222	816964209823694679	816964209823694678	1312	
10	C36H74N4O6	[M + K]+	C36H74KN4O6+	Amino acids and Peptides	0.958	Oligopeptides	0.793	Tripeptides	0.274	Organic acids and derivatives	0.996	Carboxylic acids and derivatives	0.993	Amino acids, peptides, and analogues	0.923	Peptides	0.702	Peptides	0.702	Organic compounds; Lipids and lipid-like molecules; Amino acids, peptides, and analogues; Alpha amino acids and derivatives; Alcohols and polyols; Organic acids and derivatives; Carboxylic acids and derivatives; Organonitrogen compounds; Organooxygen compounds; Fatty amides; Amino acids and derivatives; Peptides; Carboxylic acid amides; Carboxylic acid derivatives; N-acyl amines; N-acyl-alpha amino acids and derivatives; Secondary alcohols; Secondary carboxylic acid amides; Carbonyl compounds; Alpha amino acid amides; Fatty Acyls; Organic oxides; Hydrocarbon derivatives; Valine and derivatives; Organopnictogen compounds; Organic oxygen compounds; Organic nitrogen compounds; Chemical entities	697.520	321	5.355	816965404986580593	816964209899192156	816964209899192155	1311	
3	C11H18N4O	[M + Na]+	C11H18N4NaO+	Alkaloids	0.743	Pseudoalkaloids (transamidation)	0.204	Purine alkaloids	0.083	Organoheterocyclic compounds	0.948	Azoles	0.707					Azoles	0.707	Organic compounds; Organoheterocyclic compounds; Organonitrogen compounds; Organooxygen compounds; Azoles; Amines; Organic oxides; Azacyclic compounds; Heteroaromatic compounds; Hydrocarbon derivatives; Organopnictogen compounds; Organic oxygen compounds; Organic nitrogen compounds; Chemical entities	245.136	322	5.370	816965433621096266	816964210041798502	816964210012438373	1318	
1	C12H20O7	[M + Na]+	C12H20NaO7+	Polyketides	0.544	Macrolides	0.884	Macrolide lactones	0.949	Organic acids and derivatives	0.964	Carboxylic acids and derivatives	0.950	Carboxylic acid derivatives	0.762	Carboxylic acid esters	0.762	Carboxylic acid esters	0.762	Organic compounds; Organoheterocyclic compounds; Lactones; Alcohols and polyols; Organic acids and derivatives; Carboxylic acids and derivatives; Organooxygen compounds; Carboxylic acid derivatives; Carboxylic acid esters; Secondary alcohols; Carbonyl compounds; Organic oxides; Oxacyclic compounds; Hydrocarbon derivatives; Organic oxygen compounds; Chemical entities	299.109	324	5.403	816965429875582336	816964210217959285	816964210217959284	1327	
3	C36H58N8O11	[M + H]+	C36H59N8O11+	Amino acids and Peptides	0.995	Oligopeptides	0.987	Cyclic peptides	0.310	Organic acids and derivatives	0.999	Carboxylic acids and derivatives	0.997	Amino acids, peptides, and analogues	0.990	Peptides	0.977	Oligopeptides	0.801	Organic compounds; Lipids and lipid-like molecules; Amino acids, peptides, and analogues; Alpha amino acids and derivatives; Alcohols and polyols; Phenethylamines; Amphetamines and derivatives; Organic acids and derivatives; Carboxylic acids and derivatives; Organonitrogen compounds; Organooxygen compounds; Fatty amides; Amino acids and derivatives; Peptides; Monoalkylamines; Carboxylic acid amides; Carboxylic acid derivatives; N-acyl amines; Monocarboxylic acids and derivatives; N-acyl-alpha amino acids and derivatives; Carboxylic acids; Secondary carboxylic acid amides; Carbonyl compounds; Benzene and substituted derivatives; Alpha amino acid amides; N-acyl-alpha amino acids; Benzenoids; Amines; Primary amines; Fatty Acyls; Organic oxides; Hydrocarbon derivatives; Amino acids; Phenylalanine and derivatives; Leucine and derivatives; Organopnictogen compounds; Organic oxygen compounds; Organic nitrogen compounds; Oligopeptides; Chemical entities	779.427	325	5.414	816965501547863485	816964210381537151	816964210373148542	1337	
1	C13H14N2O5S	[M + H]+	C13H15N2O5S+	Amino acids and Peptides	0.964	β-lactams	0.900	Cephalosporins	0.667	Organic acids and derivatives	0.999	Carboxylic acids and derivatives	0.996	Amino acids, peptides, and analogues	0.973	Amino acids and derivatives	0.972	N-acyl-alpha amino acids and derivatives	0.918	Organic compounds; Organoheterocyclic compounds; Organosulfur compounds; Amino acids, peptides, and analogues; Nitrobenzenes; Alpha amino acids and derivatives; Thiazines; Organic acids and derivatives; Carboxylic acids and derivatives; Organonitrogen compounds; Organooxygen compounds; Amino acids and derivatives; Carboxylic acid amides; Carboxylic acid derivatives; Monocarboxylic acids and derivatives; Organic nitro compounds; N-acyl-alpha amino acids and derivatives; Carboxylic acids; Organic oxoazanium compounds; Secondary carboxylic acid amides; Carbonyl compounds; Benzene and substituted derivatives; Benzenoids; Organic 1,3-dipolar compounds; Allyl-type 1,3-dipolar organic compounds; Propargyl-type 1,3-dipolar organic compounds; Organic oxides; C-nitro compounds; Hydrocarbon derivatives; Organopnictogen compounds; Organic oxygen compounds; Nitroaromatic compounds; Organic nitrogen compounds; Chemical entities	311.068	326	5.426	816965445721664420	816964210503171977	816964210503171976	1339	
1	C21H26O8	[M + Na]+	C21H26NaO8+	Shikimates and Phenylpropanoids	0.949	Lignans	0.897	Neolignans	0.312	Lignans, neolignans and related compounds	0.601							Lignans, neolignans and related compounds	0.601	Organic compounds; Alkyl aryl ethers; Alcohols and polyols; Anisoles; Ethers; Organic acids and derivatives; Organooxygen compounds; Lignans, neolignans and related compounds; Benzene and substituted derivatives; Phenol ethers; Benzenoids; Organic oxides; Dimethoxybenzenes; Methoxybenzenes; Hydrocarbon derivatives; Organic oxygen compounds; Phenoxy compounds; Chemical entities	429.152	330	5.506	816965454919778457	816964211019071409	816964211019071408	1357	
5	C25H38O14	[M + H]+	C25H39O14+	Fatty acids	0.441	Fatty acyl glycosides	0.384	Secoiridoid monoterpenoids	0.563	Lipids and lipid-like molecules	0.953	Saccharolipids	0.721					Saccharolipids	0.721	Organic compounds; Organoheterocyclic compounds; Carbohydrates and carbohydrate conjugates; Lipids and lipid-like molecules; Alcohols and polyols; Ethers; Organic acids and derivatives; Carboxylic acids and derivatives; Primary alcohols; Organooxygen compounds; Fatty acid esters; Carboxylic acid derivatives; Carboxylic acid esters; Disaccharides; Acetals; Secondary alcohols; Carbonyl compounds; Oxanes; Glycosyl compounds; O-glycosyl compounds; Polyols; Enoate esters; Alpha,beta-unsaturated carboxylic esters; Fatty Acyls; Saccharolipids; Organic oxides; Oxacyclic compounds; Hydrocarbon derivatives; Organic oxygen compounds; Chemical entities	563.236	331	5.512	816965459676119617	816964211123929019	816964211123929018	1361	
6	C16H12O7	[M + H]+	C16H13O7+	Shikimates and Phenylpropanoids	0.961	Flavonoids	0.948	Flavonols	0.772	Phenylpropanoids and polyketides	0.912	Flavonoids	0.891	O-methylated flavonoids	0.622			O-methylated flavonoids	0.622	Organic compounds; Organoheterocyclic compounds; Pyrans; Benzopyrans; Alkyl aryl ethers; Alcohols and polyols; Phenols; Anisoles; Chromones; Ethers; Phenylpropanoids and polyketides; Organic acids and derivatives; Organooxygen compounds; Flavonoids; Pyranones and derivatives; Flavones; Benzene and substituted derivatives; Polyols; Benzenoids; O-methylated flavonoids; 4'-hydroxyflavonoids; Hydroxyflavonoids; 5-hydroxyflavonoids; 7-hydroxyflavonoids; 1-benzopyrans; Vinylogous acids; Organic oxides; Oxacyclic compounds; Heteroaromatic compounds; Hydrocarbon derivatives; Organic oxygen compounds; 1-hydroxy-2-unsubstituted benzenoids; 1-hydroxy-4-unsubstituted benzenoids; Chemical entities	317.066	331	5.514	816965480916078187	816964211228786624	816964211191037887	1363	
1	C12H22O6	[M - H2O + H]+	C12H21O5+	Fatty acids	0.801	Glycerolipids	0.286	Monoacylglycerols	0.175	Lipids and lipid-like molecules	0.890	Glycerolipids	0.859	Monoradylglycerols	0.786			Monoradylglycerols	0.786	Organic compounds; Lipids and lipid-like molecules; Alcohols and polyols; Glycerolipids; Ethers; Organic acids and derivatives; Carboxylic acids and derivatives; Primary alcohols; Organooxygen compounds; Fatty acid esters; Carboxylic acid derivatives; Carboxylic acid esters; Secondary alcohols; Carbonyl compounds; Polyols; 1,2-diols; Monoradylglycerols; Fatty Acyls; Organic oxides; Hydrocarbon derivatives; Organic oxygen compounds; Chemical entities	245.137	331	5.515	816965488834925865	816964211333644234	816964211333644233	1365	
2	C15H20O4	[M - H2O + H]+	C15H19O3+	Terpenoids	0.988	Sesquiterpenoids	0.985	Lactarane sesquiterpenoids	0.223	Lipids and lipid-like molecules	0.666	Prenol lipids	0.609					Prenol lipids	0.609	Organic compounds; Organoheterocyclic compounds; Lipids and lipid-like molecules; Lactones; Alcohols and polyols; Prenol lipids; Organic acids and derivatives; Carboxylic acids and derivatives; Organooxygen compounds; Carboxylic acid derivatives; Monocarboxylic acids and derivatives; Carboxylic acid esters; Carbonyl compounds; Enoate esters; Alpha,beta-unsaturated carboxylic esters; Organic oxides; Oxacyclic compounds; Hydrocarbon derivatives; Organic oxygen compounds; Chemical entities	247.133	334	5.560	816965476746938703	816964211824377842	816964211824377841	1377	
1	C21H28O8	[M + Na]+	C21H28NaO8+	Shikimates and Phenylpropanoids	0.899	Lignans	0.912	Neolignans	0.687	Lignans, neolignans and related compounds	0.670							Lignans, neolignans and related compounds	0.670	Organic compounds; Alkyl aryl ethers; Alcohols and polyols; Phenols; Anisoles; Methoxyphenols; Ethers; Primary alcohols; Organooxygen compounds; Lignans, neolignans and related compounds; Secondary alcohols; Benzene and substituted derivatives; Phenol ethers; Benzenoids; Aromatic alcohols; Dimethoxybenzenes; Methoxybenzenes; Hydrocarbon derivatives; Organic oxygen compounds; Phenoxy compounds; Chemical entities	431.166	335	5.579	816965495558396358	816964211857932279	816964211857932278	1383	
1	C19H25N3O5	[M + H]+	C19H26N3O5+	Amino acids and Peptides	1.000	Small peptides	0.999	Tripeptides	0.866	Organic acids and derivatives	1.000	Carboxylic acids and derivatives	1.000	Amino acids, peptides, and analogues	1.000	Peptides	0.999	Oligopeptides	0.950	Organic compounds; Organoheterocyclic compounds; Amino acids, peptides, and analogues; Alpha amino acids and derivatives; Phenethylamines; Amphetamines and derivatives; Pyrrolidines; Organic acids and derivatives; Carboxylic acids and derivatives; Organonitrogen compounds; Organooxygen compounds; Amino acids and derivatives; Peptides; Monoalkylamines; Carboxylic acid amides; Carboxylic acid derivatives; Monocarboxylic acids and derivatives; N-acyl-alpha amino acids and derivatives; Carboxylic acids; Secondary carboxylic acid amides; Tertiary carboxylic acid amides; Carbonyl compounds; Pyrrolidine carboxylic acids and derivatives; Pyrrolidinecarboxamides; Benzene and substituted derivatives; Alpha amino acid amides; N-acyl-alpha amino acids; Pyrrolidine carboxylic acids; Benzenoids; Amines; Primary amines; N-acylpyrrolidines; Organic oxides; Azacyclic compounds; Hydrocarbon derivatives; Amino acids; Phenylalanine and derivatives; Proline and derivatives; Organopnictogen compounds; Organic oxygen compounds; Organic nitrogen compounds; Oligopeptides; Chemical entities	376.185	335	5.587	816965487165592540	816964211925041148	816964211925041147	1386	
3	C15H20O2S	[M + H]+	C15H21O2S+	Terpenoids	0.519	Sesquiterpenoids	0.261	Thia fatty acids	0.054	Benzenoids	0.997	Benzene and substituted derivatives	0.956	Phenylpropanes	0.770			Phenylpropanes	0.770	Organic compounds; Organosulfur compounds; Organic acids and derivatives; Carboxylic acids and derivatives; Organooxygen compounds; Monocarboxylic acids and derivatives; Thioethers; Carboxylic acids; Carbonyl compounds; Benzene and substituted derivatives; Benzenoids; Phenylpropanes; Sulfenyl compounds; Dialkylthioethers; Organic oxides; Hydrocarbon derivatives; Organic oxygen compounds; Chemical entities	265.125	336	5.592	816965482010791748	816964211996344321	816964211996344320	1387	
7	C20H23F2N3O2	[M + Na]+	C20H23F2N3NaO2+	Amino acids and Peptides	0.522	Small peptides	0.635	Dipeptides	0.120	Organic acids and derivatives	0.999	Carboxylic acids and derivatives	0.995	Amino acids, peptides, and analogues	0.981	Amino acids and derivatives	0.980	Alpha amino acid amides	0.881	Organic compounds; Organoheterocyclic compounds; Amino acids, peptides, and analogues; Halobenzenes; Alpha amino acids and derivatives; Furans; Benzoic acids and derivatives; Benzamides; Pyrrolidines; Organic acids and derivatives; Carboxylic acids and derivatives; Organohalogen compounds; Organonitrogen compounds; Benzoyl derivatives; Organooxygen compounds; Amino acids and derivatives; Carboxylic acid amides; Aryl fluorides; Carboxylic acid derivatives; Fluorobenzenes; Organofluorides; Secondary carboxylic acid amides; Tertiary carboxylic acid amides; Carbonyl compounds; Pyrrolidine carboxylic acids and derivatives; Pyrrolidinecarboxamides; Benzene and substituted derivatives; Alpha amino acid amides; Benzenoids; Aryl halides; N-acylpyrrolidines; Organic oxides; Azacyclic compounds; Oxacyclic compounds; Heteroaromatic compounds; Hydrocarbon derivatives; Proline and derivatives; Organopnictogen compounds; Organic oxygen compounds; Organic nitrogen compounds; Chemical entities	398.167	336	5.594	816965479460654353	816964212046675974	816964212046675973	1389	
2	C12H16O4	[M - H2O + H]+	C12H15O3+	Terpenoids	0.557	Monoterpenoids	0.247	Iridoids monoterpenoids	0.230	Lipids and lipid-like molecules	0.553							Lipids and lipid-like molecules	0.553	Organic compounds; Lipids and lipid-like molecules; Organic acids and derivatives; Carboxylic acids and derivatives; Organooxygen compounds; Carboxylic acids; Carbonyl compounds; Organic oxides; Hydrocarbon derivatives; Organic oxygen compounds; Chemical entities	207.100	336	5.598	816965482296004494	816964212113784843	816964212113784842	1391	
1	C11H22O5	[M + Na]+	C11H22NaO5+	Fatty acids	0.929	Fatty Acids and Conjugates	0.707	Dicarboxylic acids	0.554	Lipids and lipid-like molecules	0.937	Fatty Acyls	0.897	Fatty acid esters	0.652			Fatty acid esters	0.652	Organic compounds; Lipids and lipid-like molecules; Alcohols and polyols; Organic acids and derivatives; Carboxylic acids and derivatives; Organooxygen compounds; Fatty acid esters; Dicarboxylic acids and derivatives; Carboxylic acid derivatives; Carboxylic acid esters; Secondary alcohols; Carbonyl compounds; Methyl esters; Fatty Acyls; Organic oxides; Hydrocarbon derivatives; Organic oxygen compounds; Chemical entities	257.137	336	5.603	816965481922711316	816964212147339280	816964212147339279	1395	
3	C10H18O4	[M + Na]+	C10H18NaO4+	Fatty acids	0.960	Fatty Acids and Conjugates	0.830	Dicarboxylic acids	0.968	Organic acids and derivatives	0.983	Carboxylic acids and derivatives	0.977	Dicarboxylic acids and derivatives	0.770			Dicarboxylic acids and derivatives	0.770	Organic compounds; Lipids and lipid-like molecules; Alcohols and polyols; Fatty acids and conjugates; Organic acids and derivatives; Carboxylic acids and derivatives; Organooxygen compounds; Dicarboxylic acids and derivatives; Carboxylic acid derivatives; Carboxylic acids; Carboxylic acid esters; Carbonyl compounds; Fatty Acyls; Organic oxides; Hydrocarbon derivatives; Organic oxygen compounds; Chemical entities	225.111	336	5.604	816965474163246759	816964212218642453	816964212218642452	1396	
4	C12H14N6	[M + Na]+	C12H14N6Na+	Alkaloids	0.908	Pseudoalkaloids (transamidation)	0.542	Purine alkaloids	0.379	Benzenoids	0.937							Benzenoids	0.937	Organic compounds; Organoheterocyclic compounds; Organonitrogen compounds; Azoles; Benzenoids; Amines; Imidolactams; Azacyclic compounds; Heteroaromatic compounds; Hydrocarbon derivatives; Organopnictogen compounds; Organic nitrogen compounds; Chemical entities	265.115	336	5.605	816965463027368662	816964212348665887	816964212340277278	1434	
1	C15H28N4O7	[M + Na]+	C15H28N4NaO7+	Carbohydrates	0.819	Nucleosides	0.412	Pyrimidine nucleosides	0.286	Organic oxygen compounds	1.000	Organooxygen compounds	0.998	Carbohydrates and carbohydrate conjugates	0.544			Carbohydrates and carbohydrate conjugates	0.544	Organic compounds; Organoheterocyclic compounds; Carbohydrates and carbohydrate conjugates; Lipids and lipid-like molecules; Alcohols and polyols; Organic acids and derivatives; Carboxylic acids and derivatives; Organonitrogen compounds; Primary alcohols; Organooxygen compounds; Carboxylic acid derivatives; Secondary alcohols; Carbonyl compounds; Fatty Acyls; Organic oxides; Oxacyclic compounds; Hydrocarbon derivatives; Organopnictogen compounds; Organic oxygen compounds; Organic nitrogen compounds; Chemical entities	399.180	338	5.630	816965487681492039	816964212537409582	816964212537409581	1403	
1	C9H16O4	[M + Na]+	C9H16NaO4+	Fatty acids	0.928	Fatty esters	0.515	Wax monoesters	0.489	Lipids and lipid-like molecules	0.920	Fatty Acyls	0.913	Fatty acid esters	0.874	Fatty acid methyl esters	0.662	Fatty acid methyl esters	0.662	Organic compounds; Lipids and lipid-like molecules; Organic acids and derivatives; Carboxylic acids and derivatives; Organooxygen compounds; Fatty acid esters; Dicarboxylic acids and derivatives; Carboxylic acid derivatives; Monocarboxylic acids and derivatives; Carboxylic acid esters; Carbonyl compounds; Methyl esters; Fatty acid methyl esters; Fatty Acyls; Organic oxides; Hydrocarbon derivatives; Organic oxygen compounds; Chemical entities	211.093	338	5.632	816965473093698940	816964212600324147	816964212600324146	1404	
1	C11H20O4	[M + H]+	C11H21O4+	Fatty acids	0.984	Glycerolipids	0.343	Monoacylglycerols	0.517	Lipids and lipid-like molecules	0.973	Glycerolipids	0.841	Monoradylglycerols	0.882	Monoacylglycerols	0.867	1-monoacylglycerols	0.787	Organic compounds; Lipids and lipid-like molecules; Alcohols and polyols; Glycerolipids; Organic acids and derivatives; Carboxylic acids and derivatives; Primary alcohols; Organooxygen compounds; Fatty acid esters; Carboxylic acid derivatives; Monoacylglycerols; Monocarboxylic acids and derivatives; Carboxylic acid esters; 1-monoacylglycerols; Secondary alcohols; Carbonyl compounds; Monoradylglycerols; Fatty Acyls; Organic oxides; Hydrocarbon derivatives; Organic oxygen compounds; Chemical entities	217.142	338	5.632	816965483583656201	816964212671627320	816964212671627319	1405	
7	C21H24N6O	[M + K]+	C21H24KN6O+	Alkaloids	0.477	Anthranilic acid alkaloids	0.033	Pyridine alkaloids	0.014	Benzenoids	0.972	Benzene and substituted derivatives	0.839					Benzene and substituted derivatives	0.839	Organic compounds; Organoheterocyclic compounds; Organic acids and derivatives; Carboxylic acids and derivatives; Organonitrogen compounds; Organooxygen compounds; Azoles; Carboxylic acid amides; Carboxylic acid derivatives; Secondary carboxylic acid amides; Benzene and substituted derivatives; Benzenoids; Organic oxides; Azacyclic compounds; Heteroaromatic compounds; Hydrocarbon derivatives; Organopnictogen compounds; Organic oxygen compounds; Organic nitrogen compounds; Chemical entities	415.165	338	5.632	816965485303321210	816964212810039362	816964212810039361	1406	
2	C10H20O5	[M - H2O + H]+	C10H19O4+	Fatty acids	0.867	Fatty Acids and Conjugates	0.730	Hydroxy fatty acids	0.506	Lipids and lipid-like molecules	0.767	Fatty Acyls	0.682					Fatty Acyls	0.682	Organic compounds; Lipids and lipid-like molecules; Alcohols and polyols; Organooxygen compounds; Secondary alcohols; Carbonyl compounds; Fatty Acyls; Organic oxides; Hydrocarbon derivatives; Organic oxygen compounds; Chemical entities	203.127	338	5.634	816965483860480347	816964212877148231	816964212877148230	1407	
8	C14H26N2O5	[M + K]+	C14H26KN2O5+	Amino acids and Peptides	0.791	Small peptides	0.734	Dipeptides	0.572	Organic acids and derivatives	0.996	Carboxylic acids and derivatives	0.991	Amino acids, peptides, and analogues	0.841	Amino acids and derivatives	0.833	N-acyl-alpha amino acids and derivatives	0.745	Organic compounds; Lipids and lipid-like molecules; Amino acids, peptides, and analogues; Alpha amino acids and derivatives; Fatty acids and conjugates; Organic acids and derivatives; Carboxylic acids and derivatives; Organonitrogen compounds; Organooxygen compounds; Fatty amides; Amino acids and derivatives; Hydroxamic acids; Carboxylic acid amides; Carboxylic acid derivatives; N-acyl amines; Monocarboxylic acids and derivatives; N-acyl-alpha amino acids and derivatives; Carboxylic acids; Secondary carboxylic acid amides; Carbonyl compounds; Fatty Acyls; Organic oxides; Hydrocarbon derivatives; Organopnictogen compounds; Organic oxygen compounds; Organic nitrogen compounds; Chemical entities	341.148	339	5.647	816965479469042978	816964212457717801	816964212457717800	1381	
1	C19H18O4	[M + H]+	C19H19O4+	Shikimates and Phenylpropanoids	0.996	Diarylheptanoids	0.620	Linear diarylheptanoids	0.394	Benzenoids	0.997	Phenols	0.900	Methoxyphenols	0.854			Methoxyphenols	0.854	Organic compounds; Alkyl aryl ethers; Phenols; Anisoles; Methoxyphenols; Ethers; Organooxygen compounds; Carboxylic acid derivatives; Monocarboxylic acids and derivatives; Carboxylic acid esters; Carbonyl compounds; Benzene and substituted derivatives; Phenol ethers; Benzenoids; Organic oxides; Methoxybenzenes; Hydrocarbon derivatives; Organic oxygen compounds; 1-hydroxy-2-unsubstituted benzenoids; Phenoxy compounds; Chemical entities	311.126	340	5.665	816965486775522208	816964213015560273	816964213015560272	1428	
4	C20H20O5	[M + H]+	C20H21O5+	Shikimates and Phenylpropanoids	0.999	Diarylheptanoids	0.695	Linear diarylheptanoids	0.586	Lignans, neolignans and related compounds	0.526							Lignans, neolignans and related compounds	0.526	Organic compounds; Ketones; Alkyl aryl ethers; Phenols; Anisoles; Methoxyphenols; Ethers; Phenylpropanoids and polyketides; Organooxygen compounds; Lignans, neolignans and related compounds; Carbonyl compounds; Benzene and substituted derivatives; Phenol ethers; Benzenoids; Organic oxides; Methoxybenzenes; Hydrocarbon derivatives; Organic oxygen compounds; 1-hydroxy-2-unsubstituted benzenoids; Phenoxy compounds; Chemical entities	341.139	340	5.666	816965492609800121	816964213061697622	816964213061697621	1429	
1	C21H36N4O7	[M + Na]+	C21H36N4NaO7+	Amino acids and Peptides	1.000	Small peptides	0.954	Tripeptides	0.851	Organic acids and derivatives	1.000	Carboxylic acids and derivatives	1.000	Amino acids, peptides, and analogues	0.999	Peptides	0.995	Oligopeptides	0.965	Organic compounds; Organoheterocyclic compounds; Lipids and lipid-like molecules; Amino acids, peptides, and analogues; Alpha amino acids and derivatives; Pyrrolidines; Organic acids and derivatives; Carboxylic acids and derivatives; Organonitrogen compounds; Organooxygen compounds; Fatty amides; Amino acids and derivatives; Peptides; Carboxylic acid amides; Carboxylic acid derivatives; N-acyl amines; Monocarboxylic acids and derivatives; N-acyl-alpha amino acids and derivatives; Carboxylic acids; Secondary carboxylic acid amides; Tertiary carboxylic acid amides; Carbonyl compounds; Pyrrolidine carboxylic acids and derivatives; Pyrrolidinecarboxamides; Alpha amino acid amides; N-acyl-alpha amino acids; Pyrrolidine carboxylic acids; N-acylpyrrolidines; Fatty Acyls; Organic oxides; Azacyclic compounds; Hydrocarbon derivatives; Valine and derivatives; Proline and derivatives; Organopnictogen compounds; Organic oxygen compounds; Organic nitrogen compounds; Oligopeptides; Chemical entities	479.246	340	5.666	816965495080245569	816964213128806491	816964213128806490	1430	
10	C22H24N4O4	[M + Na]+	C22H24N4NaO4+	Alkaloids	0.857	Tryptophan alkaloids	0.774	Carboline alkaloids	0.507	Organoheterocyclic compounds	0.993	Indoles and derivatives	0.733	Indoles	0.755	3-alkylindoles	0.511	3-alkylindoles	0.511	Organic compounds; Organoheterocyclic compounds; Pyrroles; Anisoles; Indoles and derivatives; Ethers; Organic acids and derivatives; Carboxylic acids and derivatives; Organonitrogen compounds; Organooxygen compounds; Carboxylic acid amides; Carboxylic acid derivatives; Secondary carboxylic acid amides; Benzene and substituted derivatives; Phenol ethers; Benzenoids; Indoles; Organic oxides; Azacyclic compounds; Heteroaromatic compounds; Hydrocarbon derivatives; 3-alkylindoles; Organopnictogen compounds; Organic oxygen compounds; Organic nitrogen compounds; Chemical entities	431.166	340	5.668	816965487698269283	816964213200109664	816964213200109663	1452	
1	C21H36N4O7	[M + H]+	C21H37N4O7+	Amino acids and Peptides	0.993	Small peptides	0.931	Tripeptides	0.543	Organic acids and derivatives	1.000	Carboxylic acids and derivatives	1.000	Amino acids, peptides, and analogues	0.995	Peptides	0.896	Oligopeptides	0.646	Organic compounds; Organoheterocyclic compounds; Lipids and lipid-like molecules; Amino acids, peptides, and analogues; Alpha amino acids and derivatives; Pyrrolidines; Organic acids and derivatives; Carboxylic acids and derivatives; Organonitrogen compounds; Organooxygen compounds; Fatty amides; Amino acids and derivatives; Peptides; Carboxylic acid amides; Carboxylic acid derivatives; Monocarboxylic acids and derivatives; N-acyl-alpha amino acids and derivatives; Carboxylic acids; Secondary carboxylic acid amides; Tertiary carboxylic acid amides; Carbonyl compounds; Pyrrolidine carboxylic acids and derivatives; Alpha amino acid amides; N-acyl-alpha amino acids; Pyrrolidine carboxylic acids; N-acylpyrrolidines; Fatty Acyls; Organic oxides; Azacyclic compounds; Hydrocarbon derivatives; Valine and derivatives; Proline and derivatives; Organopnictogen compounds; Organic oxygen compounds; Organic nitrogen compounds; Oligopeptides; Chemical entities	457.264	340	5.673	816965490047079877	816964213237858405	816964213237858404	1435	
1	C24H44N4O4	[M + H]+	C24H45N4O4+	Amino acids and Peptides	0.991	Small peptides	0.950	Tripeptides	0.956	Organic acids and derivatives	0.999	Carboxylic acids and derivatives	0.995	Amino acids, peptides, and analogues	0.985	Peptides	0.705	Dipeptides	0.674	Organic compounds; Lipids and lipid-like molecules; Amino acids, peptides, and analogues; Alpha amino acids and derivatives; Organic acids and derivatives; Carboxylic acids and derivatives; Organonitrogen compounds; Organooxygen compounds; Fatty amides; Amino acids and derivatives; Peptides; Carboxylic acid amides; Carboxylic acid derivatives; N-acyl amines; N-acyl-alpha amino acids and derivatives; Secondary carboxylic acid amides; Carbonyl compounds; Alpha amino acid amides; Fatty Acyls; Organic oxides; Hydrocarbon derivatives; Valine and derivatives; Leucine and derivatives; Organopnictogen compounds; Organic oxygen compounds; Organic nitrogen compounds; Dipeptides; Chemical entities	453.342	342	5.701	816965485747917539	816964213388853359	816964213388853358	1444	
2	C25H32N4O4	[M + Na]+	C25H32N4NaO4+	Alkaloids	0.884	Pseudoalkaloids (transamidation)	0.149	Pyridine alkaloids	0.055	Organoheterocyclic compounds	0.982	Pyridines and derivatives	0.735					Pyridines and derivatives	0.735	Organic compounds; Organoheterocyclic compounds; Pyridines and derivatives; Organic acids and derivatives; Carboxylic acids and derivatives; Organonitrogen compounds; Organooxygen compounds; Carboxylic acid derivatives; Carboxylic acid esters; Carbonyl compounds; Amines; Vinylogous amides; Organic oxides; Azacyclic compounds; Heteroaromatic compounds; Hydrocarbon derivatives; Organopnictogen compounds; Organic oxygen compounds; Organic nitrogen compounds; Chemical entities	475.231	342	5.703	816965541133708187	816964213468545140	816964213468545139	1445	
2	C19H22O5	[M + H]+	C19H23O5+	Shikimates and Phenylpropanoids	0.952	Flavonoids	0.246	Monomeric stilbenes	0.146	Phenylpropanoids and polyketides	0.704	Stilbenes	0.521					Stilbenes	0.521	Organic compounds; Styrenes; Alkyl aryl ethers; Phenols; Anisoles; Methoxyphenols; Stilbenes; Ethers; Phenylpropanoids and polyketides; Organooxygen compounds; Benzene and substituted derivatives; Phenol ethers; Benzenoids; Dimethoxybenzenes; Methoxybenzenes; Hydrocarbon derivatives; Organic oxygen compounds; 1-hydroxy-2-unsubstituted benzenoids; 1-hydroxy-4-unsubstituted benzenoids; Phenoxy compounds; Chemical entities	331.153	342	5.703	816965509177303168	816964213531459705	816964213531459704	1446	
4	C22H37N11O5	[M + H]+	C22H38N11O5+	Amino acids and Peptides	0.994	Oligopeptides	0.985	Linear peptides	0.844	Organic acids and derivatives	0.996	Carboxylic acids and derivatives	0.984	Amino acids, peptides, and analogues	0.986	Peptides	0.931	Oligopeptides	0.659	Organic compounds; Lipids and lipid-like molecules; Amino acids, peptides, and analogues; Alpha amino acids and derivatives; Organic acids and derivatives; Carboxylic acids and derivatives; Organonitrogen compounds; Organooxygen compounds; Fatty amides; Amino acids and derivatives; Peptides; Guanidines; Monoalkylamines; Carboxylic acid amides; Carboxylic acid derivatives; N-acyl amines; N-acyl-alpha amino acids and derivatives; Secondary carboxylic acid amides; Tertiary carboxylic acid amides; Carbonyl compounds; Alpha amino acid amides; Amines; Primary amines; Carboximidamides; Organic 1,3-dipolar compounds; Propargyl-type 1,3-dipolar organic compounds; Fatty Acyls; Organic oxides; Hydrocarbon derivatives; Organopnictogen compounds; Organic oxygen compounds; Organic nitrogen compounds; Oligopeptides; Chemical entities	536.301	343	5.714	816965497328392959	816964213846032530	816964213846032529	1453	
1	C18H26O6	[M + Na]+	C18H26NaO6+	Shikimates and Phenylpropanoids	0.611	Lignans	0.478	Dibenzylbutane lignans	0.263	Benzenoids	0.776	Phenol ethers	0.631	Anisoles	0.589			Anisoles	0.589	Organic compounds; Organoheterocyclic compounds; Alkyl aryl ethers; Alcohols and polyols; Anisoles; Ethers; Organooxygen compounds; Secondary alcohols; Benzene and substituted derivatives; Phenol ethers; Benzenoids; Organic oxides; Methoxybenzenes; Oxacyclic compounds; Hydrocarbon derivatives; Organic oxygen compounds; Phenoxy compounds; Chemical entities	361.163	344	5.727	816965506631360473	816964213917335703	816964213917335702	1456	
6	C21H26N4O6	[M + Na]+	C21H26N4NaO6+	Amino acids and Peptides	0.941	Small peptides	0.446	Cyclic peptides	0.194	Organic acids and derivatives	0.997	Carboxylic acids and derivatives	0.989	Amino acids, peptides, and analogues	0.795	Amino acids and derivatives	0.778	Alpha amino acids and derivatives	0.740	Organic compounds; Organoheterocyclic compounds; Amino acids, peptides, and analogues; Alpha amino acids and derivatives; Organic acids and derivatives; Carboxylic acids and derivatives; Organonitrogen compounds; Organooxygen compounds; Amino acids and derivatives; Carboxylic acid amides; Carboxylic acid derivatives; Secondary carboxylic acid amides; Carbonyl compounds; Benzene and substituted derivatives; Benzenoids; Organic oxides; Azacyclic compounds; Hydrocarbon derivatives; Organopnictogen compounds; Organic oxygen compounds; Organic nitrogen compounds; Chemical entities	453.172	345	5.746	816965584695770080	816964214181576875	816964214181576874	1462	
3	C13H14N4	[M + H]+	C13H15N4+	Alkaloids	0.966	Nicotinic acid alkaloids	0.598	Pyridine alkaloids	0.600	Organoheterocyclic compounds	0.858	Heteroaromatic compounds	0.764					Heteroaromatic compounds	0.764	Organic compounds; Organoheterocyclic compounds; Organonitrogen compounds; Amines; Azacyclic compounds; Heteroaromatic compounds; Hydrocarbon derivatives; Organopnictogen compounds; Organic nitrogen compounds; Chemical entities	227.128	345	5.748	816965514684424496	816964214219325616	816964214219325615	1464	
1	C20H26N4O4	[M + H]+	C20H27N4O4+	Alkaloids	0.974	Anthranilic acid alkaloids	0.049	Purine alkaloids	0.064	Organic oxygen compounds	1.000	Organooxygen compounds	0.999	Ethers	0.596	Alkyl aryl ethers	0.577	Alkyl aryl ethers	0.577	Organic compounds; Organoheterocyclic compounds; Alkyl aryl ethers; Ethers; Organic acids and derivatives; Carboxylic acids and derivatives; Organonitrogen compounds; Organooxygen compounds; Azoles; Diazines; Benzenoids; Amines; Organic oxides; Azacyclic compounds; Heteroaromatic compounds; Hydrocarbon derivatives; Organopnictogen compounds; Organic oxygen compounds; Organic nitrogen compounds; Chemical entities	387.204	347	5.778	816965530933159721	816964214462595268	816964214462595267	1486	
1	C30H54N4O8	[M + H]+	C30H55N4O8+	Amino acids and Peptides	0.913	Oligopeptides	0.685	Linear peptides	0.337	Organic acids and derivatives	0.999	Peptidomimetics	0.453	Hybrid peptides	0.531			Hybrid peptides	0.531	Organic compounds; Lipids and lipid-like molecules; Amino acids, peptides, and analogues; Alpha amino acids and derivatives; Alcohols and polyols; Fatty acids and conjugates; Organic acids and derivatives; Carboxylic acids and derivatives; Organonitrogen compounds; Medium-chain hydroxy acids and derivatives; Organooxygen compounds; Fatty amides; Branched fatty acids; Hydroxy fatty acids; Amino acids and derivatives; Peptides; Carboxylic acid amides; Carboxylic acid derivatives; N-acyl amines; Monocarboxylic acids and derivatives; N-acyl-alpha amino acids and derivatives; Carboxylic acids; Secondary alcohols; Secondary carboxylic acid amides; Carbonyl compounds; Gamma amino acids and derivatives; Hybrid peptides; Alpha amino acid amides; Methyl-branched fatty acids; Fatty Acyls; Organic oxides; Hydrocarbon derivatives; Valine and derivatives; Organopnictogen compounds; Organic oxygen compounds; Organic nitrogen compounds; Dipeptides; Chemical entities	599.399	347	5.780	816965558993057137	816964214575841481	816964214538092744	1487	
2	C37H43NO14	[M + Na]+	C37H43NNaO14+	Polyketides	0.737	Macrolides	0.966	Polyene macrolides	0.366	Organic oxygen compounds	0.999	Organooxygen compounds	1.000	Carbohydrates and carbohydrate conjugates	0.570	Glycosyl compounds	0.511	O-glycosyl compounds	0.548	Organic compounds; Organoheterocyclic compounds; Carbohydrates and carbohydrate conjugates; Lipids and lipid-like molecules; Alkyl aryl ethers; Alcohols and polyols; Anisoles; Benzoic acids and derivatives; Ethers; Organic acids and derivatives; Carboxylic acids and derivatives; Organonitrogen compounds; Benzoyl derivatives; Organooxygen compounds; Carboxylic acid derivatives; Dialkyl ethers; Carboxylic acid esters; Monosaccharides; Secondary alcohols; Carbonyl compounds; Oxanes; Glycosyl compounds; O-glycosyl compounds; Benzene and substituted derivatives; Phenol ethers; Benzenoids; Enoate esters; Alpha,beta-unsaturated carboxylic esters; Organic oxides; Methoxybenzenes; Oxacyclic compounds; Hydrocarbon derivatives; Organopnictogen compounds; Organic oxygen compounds; Organic nitrogen compounds; Phenoxy compounds; Chemical entities	748.261	347	5.791	816965584674798536	816964214747807960	816964214747807959	1494	
2	C19H22O5	[M + H]+	C19H23O5+	Shikimates and Phenylpropanoids	0.998	Diarylheptanoids	0.982	Linear diarylheptanoids	0.975	Phenylpropanoids and polyketides	0.682	Diarylheptanoids	0.865	Linear diarylheptanoids	0.859			Linear diarylheptanoids	0.859	Organic compounds; Ketones; Alkyl aryl ethers; Phenols; Anisoles; Methoxyphenols; Ethers; Phenylpropanoids and polyketides; Acryloyl compounds; Organooxygen compounds; Enones; Shogaols; Carbonyl compounds; Benzene and substituted derivatives; Phenol ethers; Benzenoids; Diarylheptanoids; Linear diarylheptanoids; Alpha,beta-unsaturated carbonyl compounds; Alpha,beta-unsaturated ketones; Organic oxides; Methoxybenzenes; Hydrocarbon derivatives; Organic oxygen compounds; 1-hydroxy-2-unsubstituted benzenoids; Phenoxy compounds; Chemical entities	331.153	348	5.797	816965543981641181	816964214814916829	816964214814916828	1512	
1	C12H10N4O2	[M + H]+	C12H11N4O2+	Alkaloids	0.999	Anthranilic acid alkaloids	0.998	Phenazine alkaloids	0.955	Organoheterocyclic compounds	1.000	Pteridines and derivatives	1.000	Alloxazines and isoalloxazines	1.000	Flavins	0.992	Flavins	0.992	Organic compounds; Organoheterocyclic compounds; Pyrazines; Pyrimidines and pyrimidine derivatives; Pteridines and derivatives; Lactams; Organic acids and derivatives; Organonitrogen compounds; Pyrimidones; Organooxygen compounds; Organic carbonic acids and derivatives; Alloxazines and isoalloxazines; Quinoxalines; Ureas; Flavins; Diazines; Benzenoids; Vinylogous amides; Organic oxides; Azacyclic compounds; Heteroaromatic compounds; Hydrocarbon derivatives; Organopnictogen compounds; Organic oxygen compounds; Organic nitrogen compounds; Diazanaphthalenes; Benzodiazines; Chemical entities	243.087	349	5.825	816965544816307918	816964214890414306	816964214890414305	1499	
2	C16H12O7	[M + H]+	C16H13O7+	Shikimates and Phenylpropanoids	1.000	Flavonoids	0.999	Flavonols	0.994	Phenylpropanoids and polyketides	0.999	Flavonoids	0.998	Flavones	0.995	Flavonols	0.933	Flavonols	0.933	Organic compounds; Organoheterocyclic compounds; Pyrans; Benzopyrans; Phenols; Catechols; Chromones; Phenylpropanoids and polyketides; Organic acids and derivatives; Organooxygen compounds; Flavonoids; Pyranones and derivatives; Flavonols; Benzenediols; Flavones; Benzene and substituted derivatives; Polyols; Benzenoids; 3-hydroxyflavonoids; 3'-hydroxyflavonoids; 4'-hydroxyflavonoids; Hydroxyflavonoids; 5-hydroxyflavonoids; 7-hydroxyflavonoids; 1-benzopyrans; Vinylogous acids; Organic oxides; Oxacyclic compounds; Heteroaromatic compounds; Hydrocarbon derivatives; Organic oxygen compounds; 1-hydroxy-2-unsubstituted benzenoids; 1-hydroxy-4-unsubstituted benzenoids; Chemical entities	317.064	352	5.874	816965545671946198	816964215058186481	816964215058186480	1497	
1	C15H20O4	[M - H2O + H]+	C15H19O3+	Terpenoids	0.977	Sesquiterpenoids	0.899	Caryophyllane sesquiterpenoids	0.061	Lipids and lipid-like molecules	0.617	Prenol lipids	0.554					Prenol lipids	0.554	Organic compounds; Lipids and lipid-like molecules; Ketones; Alcohols and polyols; Prenol lipids; Organic acids and derivatives; Carboxylic acids and derivatives; Organooxygen compounds; Monocarboxylic acids and derivatives; Carbonyl compounds; Organic oxides; Hydrocarbon derivatives; Organic oxygen compounds; Chemical entities	247.131	353	5.887	816965547777487243	816964215368565002	816964215368565001	1518	
1	C16H12O7	[M + H]+	C16H13O7+	Shikimates and Phenylpropanoids	1.000	Flavonoids	1.000	Flavonols	0.997	Phenylpropanoids and polyketides	1.000	Flavonoids	1.000	O-methylated flavonoids	0.964	7-O-methylated flavonoids	0.946	7-O-methylated flavonoids	0.946	Organic compounds; Organoheterocyclic compounds; Pyrans; Benzopyrans; Alkyl aryl ethers; Phenols; Catechols; Anisoles; Chromones; Ethers; Phenylpropanoids and polyketides; Organic acids and derivatives; Organooxygen compounds; Flavonoids; Pyranones and derivatives; Flavonols; Benzenediols; Flavones; Benzene and substituted derivatives; Phenol ethers; Benzenoids; O-methylated flavonoids; 7-O-methylated flavonoids; 3-hydroxyflavonoids; 3'-hydroxyflavonoids; 4'-hydroxyflavonoids; Hydroxyflavonoids; 5-hydroxyflavonoids; 1-benzopyrans; Vinylogous acids; Organic oxides; Oxacyclic compounds; Heteroaromatic compounds; Hydrocarbon derivatives; Organic oxygen compounds; 1-hydroxy-2-unsubstituted benzenoids; 1-hydroxy-4-unsubstituted benzenoids; Chemical entities	317.064	354	5.901	816965556581332132	816964215511171348	816964215511171347	1525	
1	C32H32O12	[M + K]+	C32H32KO12+	Shikimates and Phenylpropanoids	0.904	Flavonoids	0.618	Flavonols	0.357	Phenylpropanoids and polyketides	0.876	Flavonoids	0.630	Flavonoid glycosides	0.554	Flavonoid O-glycosides	0.569	Flavonoid-3-O-glycosides	0.530	Organic compounds; Organoheterocyclic compounds; Carbohydrates and carbohydrate conjugates; Pyrans; Benzopyrans; Alcohols and polyols; Phenols; Chromones; Ethers; Phenylpropanoids and polyketides; Organic acids and derivatives; Primary alcohols; Organooxygen compounds; Flavonoids; Pyranones and derivatives; Flavonoid glycosides; Disaccharides; Flavonoid O-glycosides; Flavones; Acetals; Secondary alcohols; Oxanes; Glycosyl compounds; O-glycosyl compounds; Benzene and substituted derivatives; Polyols; Benzenoids; 4'-hydroxyflavonoids; Hydroxyflavonoids; 5-hydroxyflavonoids; 1-benzopyrans; Flavonoid-3-O-glycosides; Vinylogous acids; Organic oxides; Oxacyclic compounds; Heteroaromatic compounds; Hydrocarbon derivatives; Phenolic glycosides; Organic oxygen compounds; 1-hydroxy-2-unsubstituted benzenoids; 1-hydroxy-4-unsubstituted benzenoids; Chemical entities	647.156	354	5.906	816965591897391819	816964215641194782	816964215641194781	1527	
1	C13H17NO3	[M + H]+	C13H18NO3+	Amino acids and Peptides	0.778	Small peptides	0.827	Dipeptides	0.587	Organic acids and derivatives	1.000	Carboxylic acids and derivatives	1.000	Amino acids, peptides, and analogues	0.990	Amino acids and derivatives	0.989	Phenylalanine and derivatives	0.955	Organic compounds; Lipids and lipid-like molecules; Amino acids, peptides, and analogues; Alpha amino acids and derivatives; Phenethylamines; Amphetamines and derivatives; Phenylpropanoids and polyketides; Organic acids and derivatives; Carboxylic acids and derivatives; Organonitrogen compounds; Organooxygen compounds; Fatty amides; Amino acids and derivatives; Carboxylic acid amides; Carboxylic acid derivatives; Monocarboxylic acids and derivatives; N-acyl-alpha amino acids and derivatives; Carboxylic acids; Secondary carboxylic acid amides; Carbonyl compounds; Benzene and substituted derivatives; N-acyl-alpha amino acids; Benzenoids; Phenylpropanoic acids; Fatty Acyls; Organic oxides; Hydrocarbon derivatives; Phenylalanine and derivatives; Organopnictogen compounds; Organic oxygen compounds; Organic nitrogen compounds; Chemical entities	236.127	355	5.916	816965558468769105	816964215775412520	816964215775412519	1531	
2	C7H15O6	[M + H]+	C7H16O6+	Fatty acids	0.821	Fatty Acids and Conjugates	0.575	Hydroxy fatty acids	0.591	Lipids and lipid-like molecules	0.757	Fatty Acyls	0.770	Fatty acids and conjugates	0.629	Branched fatty acids	0.638	Methyl-branched fatty acids	0.504	Organic compounds; Carbohydrates and carbohydrate conjugates; Lipids and lipid-like molecules; Alcohols and polyols; Fatty acids and conjugates; Organic acids and derivatives; Carboxylic acids and derivatives; Short-chain hydroxy acids and derivatives; Organooxygen compounds; Branched fatty acids; Hydroxy fatty acids; Hydroxy acids and derivatives; Carboxylic acids; Alpha hydroxy acids and derivatives; Secondary alcohols; Tertiary alcohols; Carbonyl compounds; Methyl-branched fatty acids; Fatty Acyls; Organic oxides; Hydrocarbon derivatives; Organic oxygen compounds; Chemical entities	196.096	355	5.925	816965566345672472	816964215913824562	816964215913824561	1537	
1	C16H26O9	[M + Na]+	C16H26NaO9+	Polyketides	0.570	Macrolides	0.876	Macrolide lactones	0.915	Lipids and lipid-like molecules	0.541							Lipids and lipid-like molecules	0.541	Organic compounds; Organoheterocyclic compounds; Lipids and lipid-like molecules; Lactones; Alcohols and polyols; Ethers; Organic acids and derivatives; Carboxylic acids and derivatives; Organooxygen compounds; Carboxylic acid derivatives; Carboxylic acid esters; Secondary alcohols; Carbonyl compounds; Enoate esters; Alpha,beta-unsaturated carboxylic esters; Organic oxides; Oxacyclic compounds; Hydrocarbon derivatives; Organic oxygen compounds; Chemical entities	385.146	356	5.937	816965584758684681	816964216056430908	816964216056430907	1540	
8	C21H22FN5O	[M + H]+	C21H23FN5O+	Alkaloids	0.631	Phenylpropanoids (C6-C3)	0.198	Cinnamic acid amides	0.155	Organic acids and derivatives	0.956	Carboxylic acids and derivatives	0.951	Amino acids, peptides, and analogues	0.611	Amino acids and derivatives	0.611	Amino acids and derivatives	0.611	Organic compounds; Organoheterocyclic compounds; Amino acids, peptides, and analogues; Halobenzenes; Styrenes; Phenylpropanoids and polyketides; Organic acids and derivatives; Carboxylic acids and derivatives; Organohalogen compounds; Organonitrogen compounds; Organooxygen compounds; Amino acids and derivatives; Azoles; Carboxylic acid amides; Cinnamic acids and derivatives; Aryl fluorides; Carboxylic acid derivatives; Fluorobenzenes; Organofluorides; Secondary carboxylic acid amides; Carbonyl compounds; Benzene and substituted derivatives; Benzenoids; Amines; Tertiary amines; Cinnamic acid amides; Aryl halides; Organic oxides; Azacyclic compounds; Heteroaromatic compounds; Hydrocarbon derivatives; Organopnictogen compounds; Organic oxygen compounds; Organic nitrogen compounds; Chemical entities	380.185	357	5.944	816965584750296056	816964216169677126	816964216169677125	1567	
7	C23H36N4O15	[M + H]+	C23H37N4O15+	Carbohydrates	0.991	Nucleosides	0.796	Pyrimidine nucleosides	0.849	Organic oxygen compounds	0.999	Organooxygen compounds	0.996	Carbohydrates and carbohydrate conjugates	0.899	Glycosyl compounds	0.876	Glycosylamines	0.746	Organic compounds; Organoheterocyclic compounds; Carbohydrates and carbohydrate conjugates; Lipids and lipid-like molecules; Pyrimidines and pyrimidine derivatives; Alcohols and polyols; Lactams; Organic acids and derivatives; Carboxylic acids and derivatives; Organonitrogen compounds; Primary alcohols; Pyrimidones; Organooxygen compounds; Organic carbonic acids and derivatives; Ureas; Carboxylic acid derivatives; Diazines; Acetals; Secondary alcohols; Carbonyl compounds; Oxanes; Glycosyl compounds; Hydropyrimidines; Glycosylamines; O-glycosyl compounds; Polyols; Vinylogous amides; Organic oxides; Azacyclic compounds; Oxacyclic compounds; Hydrocarbon derivatives; Organopnictogen compounds; Organic oxygen compounds; Organic nitrogen compounds; Chemical entities	609.228	357	5.947	816965625556689105	816964216236785995	816964216236785994	1546	
2	C20H22O6	[M - H2O + H]+	C20H21O5+	Shikimates and Phenylpropanoids	0.978	Lignans	0.952	Dibenzylbutyrolactone lignans	0.568	Lignans, neolignans and related compounds	0.841	Furanoid lignans	0.831	Tetrahydrofuran lignans	0.668	9,9'-epoxylignans	0.722	Dibenzylbutyrolactone lignans	0.617	Organic compounds; Organoheterocyclic compounds; Lactones; Alkyl aryl ethers; Phenols; Anisoles; Methoxyphenols; Ethers; Organic acids and derivatives; Carboxylic acids and derivatives; Organooxygen compounds; Carboxylic acid derivatives; Carboxylic acid esters; Gamma butyrolactones; Lignans, neolignans and related compounds; Lignan lactones; Tetrahydrofuran lignans; Dibenzylbutyrolactone lignans; Carbonyl compounds; Benzene and substituted derivatives; Phenol ethers; Benzenoids; Tetrahydrofurans; 9,9'-epoxylignans; Furanoid lignans; Organic oxides; Methoxybenzenes; Oxacyclic compounds; Hydrocarbon derivatives; Organic oxygen compounds; 1-hydroxy-2-unsubstituted benzenoids; Phenoxy compounds; Chemical entities	341.137	357	5.948	816965584762878997	816964216270340432	816964216270340431	1547	
1	C10H10O4	[M + H]+	C10H11O4+	Shikimates and Phenylpropanoids	0.666	Phenolic acids (C6-C1)	0.523	Simple phenolic acids	0.458	Benzenoids	0.994	Benzene and substituted derivatives	0.945	Benzoic acids and derivatives	0.929	Benzoic acid esters	0.869	Benzoic acid esters	0.869	Organic compounds; Benzoic acids and derivatives; Organic acids and derivatives; Carboxylic acids and derivatives; Benzoyl derivatives; Organooxygen compounds; Carboxylic acid derivatives; Carboxylic acid esters; Benzoic acid esters; Benzene and substituted derivatives; Benzenoids; Methyl esters; Organic oxides; Hydrocarbon derivatives; Organic oxygen compounds; Chemical entities	195.064	358	5.969	816965598931240560	816964216480055647	816964216480055646	1554	
1	C25H40N2O5	[M + Na]+	C25H40N2NaO5+	Amino acids and Peptides	0.570	Small peptides	0.317	Dipeptides	0.072	Organic acids and derivatives	0.988	Carboxylic acids and derivatives	0.973	Amino acids, peptides, and analogues	0.683	Amino acids and derivatives	0.677	Alpha amino acids and derivatives	0.605	Organic compounds; Lipids and lipid-like molecules; Amino acids, peptides, and analogues; Alpha amino acids and derivatives; Alcohols and polyols; Organic acids and derivatives; Carboxylic acids and derivatives; Organonitrogen compounds; Organooxygen compounds; Amino acids and derivatives; Carboxylic acid amides; Carboxylic acid derivatives; Monocarboxylic acids and derivatives; Carboxylic acid esters; Secondary carboxylic acid amides; Carbonyl compounds; Fatty Acyls; Organic oxides; Hydrocarbon derivatives; Organopnictogen compounds; Organic oxygen compounds; Organic nitrogen compounds; Chemical entities	471.280	358	5.972	816965592912413585	816964216547164516	816964216547164515	1556	
1	C22H38N4O7	[M + Na]+	C22H38N4NaO7+	Amino acids and Peptides	0.999	Small peptides	0.987	Tripeptides	0.744	Organic acids and derivatives	1.000	Carboxylic acids and derivatives	1.000	Amino acids, peptides, and analogues	1.000	Peptides	0.993	Oligopeptides	0.887	Organic compounds; Organoheterocyclic compounds; Amino acids, peptides, and analogues; Alpha amino acids and derivatives; Pyrrolidines; Organic acids and derivatives; Carboxylic acids and derivatives; Organonitrogen compounds; Organooxygen compounds; Amino acids and derivatives; Peptides; Carboxylic acid amides; Carboxylic acid derivatives; Monocarboxylic acids and derivatives; N-acyl-alpha amino acids and derivatives; Carboxylic acids; Secondary carboxylic acid amides; Tertiary carboxylic acid amides; Carbonyl compounds; Pyrrolidine carboxylic acids and derivatives; Pyrrolidinecarboxamides; Alpha amino acid amides; N-acyl-alpha amino acids; Pyrrolidine carboxylic acids; Amines; N-acylpyrrolidines; Organic oxides; Azacyclic compounds; Hydrocarbon derivatives; Amino acids; Proline and derivatives; Organopnictogen compounds; Organic oxygen compounds; Organic nitrogen compounds; Oligopeptides; Chemical entities	493.261	359	5.980	816965617939829357	816964216618467689	816964216618467688	1559	
6	C24H19N5O2	[M + H]+	C24H20N5O2+	Alkaloids	0.688	Tryptophan alkaloids	0.231	Benzodiazepine alkaloids	0.123	Benzenoids	0.996	Phenol ethers	0.545					Phenol ethers	0.545	Organic compounds; Organoheterocyclic compounds; Pyridines and derivatives; Ethers; Organic acids and derivatives; Carboxylic acids and derivatives; Organonitrogen compounds; Organooxygen compounds; Azoles; Carboxylic acid amides; Carboxylic acid derivatives; Benzene and substituted derivatives; Phenol ethers; Benzenoids; Organic oxides; Azacyclic compounds; Heteroaromatic compounds; Hydrocarbon derivatives; Organopnictogen compounds; Organic oxygen compounds; Organic nitrogen compounds; Phenoxy compounds; Chemical entities	410.161	360	5.998	816965601972111168	816964216723325299	816964216723325298	1564	
2	C18H32O11	[M + Na]+	C18H32NaO11+	Fatty acids	0.881	Fatty acyl glycosides	0.977	Fatty acyl glycosides of mono- and disaccharides	0.755	Lipids and lipid-like molecules	0.922	Saccharolipids	0.528					Saccharolipids	0.528	Organic compounds; Organoheterocyclic compounds; Carbohydrates and carbohydrate conjugates; Lipids and lipid-like molecules; Alcohols and polyols; Ethers; Organic acids and derivatives; Carboxylic acids and derivatives; Organooxygen compounds; Fatty acid esters; Dicarboxylic acids and derivatives; Carboxylic acid derivatives; Carboxylic acid esters; Acetals; Secondary alcohols; Carbonyl compounds; Oxanes; Glycosyl compounds; O-glycosyl compounds; Polyols; Fatty Acyls; Saccharolipids; Organic oxides; Oxacyclic compounds; Hydrocarbon derivatives; Organic oxygen compounds; Chemical entities	447.186	360	6.007	816965607290489338	816964216861737341	816964216861737340	1568	
2	C19H35NO2	[M + Na]+	C19H35NNaO2+	Fatty acids	0.997	Spingolipids	0.838	Sphingoid bases	0.941	Organic nitrogen compounds	1.000	Organonitrogen compounds	1.000	Amines	0.717	Alkanolamines	0.715	1,2-aminoalcohols	0.573	Organic compounds; Alcohols and polyols; Organonitrogen compounds; Primary alcohols; Organooxygen compounds; Secondary alcohols; 1,2-aminoalcohols; Amines; Alkanolamines; Hydrocarbon derivatives; Organopnictogen compounds; Organic oxygen compounds; Organic nitrogen compounds; Chemical entities	332.257	361	6.014	816965604589357075	816964217084035468	816964217084035467	1570	
1	C26H49NO7	[M + Na]+	C26H49NNaO7+	Fatty acids	1.000	Spingolipids	1.000	Neutral glycosphingolipids	1.000	Lipids and lipid-like molecules	0.985	Sphingolipids	0.915	Glycosphingolipids	0.929			Glycosphingolipids	0.929	Organic compounds; Organoheterocyclic compounds; Carbohydrates and carbohydrate conjugates; Lipids and lipid-like molecules; Alcohols and polyols; Ethers; Sphingolipids; Organonitrogen compounds; Primary alcohols; Organooxygen compounds; Monoalkylamines; Hexoses; Monosaccharides; Acetals; Secondary alcohols; Fatty acyl glycosides; Oxanes; Glycosyl compounds; Alkyl glycosides; O-glycosyl compounds; Polyols; Amines; Primary amines; Glycosphingolipids; Fatty acyl glycosides of mono- and disaccharides; Fatty Acyls; Oxacyclic compounds; Hydrocarbon derivatives; Organopnictogen compounds; Organic oxygen compounds; Organic nitrogen compounds; Chemical entities	510.341	364	6.060	816965608813021865	816964217516048810	816964217516048809	1582	
1	C19H36N6O4	[M + H]+	C19H37N6O4+	Amino acids and Peptides	0.959	Small peptides	0.835	Tripeptides	0.915	Organic acids and derivatives	0.975	Carboxylic acids and derivatives	0.946	Amino acids, peptides, and analogues	0.964	Peptides	0.646	Peptides	0.646	Organic compounds; Lipids and lipid-like molecules; Amino acids, peptides, and analogues; Alpha amino acids and derivatives; Organic acids and derivatives; Carboxylic acids and derivatives; Organonitrogen compounds; Organooxygen compounds; Fatty amides; Amino acids and derivatives; Peptides; Carboxylic acid amides; Carboxylic acid derivatives; N-acyl amines; N-acyl-alpha amino acids and derivatives; Secondary carboxylic acid amides; Carbonyl compounds; Alpha amino acid amides; Fatty Acyls; Organic oxides; Hydrocarbon derivatives; Organopnictogen compounds; Organic oxygen compounds; Organic nitrogen compounds; Chemical entities	413.287	365	6.076	816965612831165853	816964217771901369	816964217763512760	1592	
3	C7H10N6O	[M + H]+	C7H11N6O+	Alkaloids	0.936	Pseudoalkaloids (transamidation)	0.928	Purine alkaloids	0.982	Organoheterocyclic compounds	1.000	Diazines	0.915	Pyrimidines and pyrimidine derivatives	0.844	Aminopyrimidines and derivatives	0.608	Aminopyrimidines and derivatives	0.608	Organic compounds; Organoheterocyclic compounds; Pyrimidines and pyrimidine derivatives; Organonitrogen compounds; Organooxygen compounds; Azoles; Aminopyrimidines and derivatives; Diazines; Amines; Azacyclic compounds; Heteroaromatic compounds; Hydrocarbon derivatives; Organopnictogen compounds; Organic oxygen compounds; Organic nitrogen compounds; Chemical entities	195.098	365	6.078	816965613581946490	816964217830621630	816964217830621629	1594	
4	C23H35NO7	[M + H]+	C23H36NO7+	Terpenoids	0.413	Macrolides	0.261	Platensimycin and Platencins	0.405	Lipids and lipid-like molecules	0.922	Fatty Acyls	0.783	Fatty amides	0.770	N-acyl amines	0.675	N-acyl amines	0.675	Organic compounds; Lipids and lipid-like molecules; Ketones; Alcohols and polyols; Organic acids and derivatives; Carboxylic acids and derivatives; Organonitrogen compounds; Primary alcohols; Organooxygen compounds; Fatty amides; Carboxylic acid amides; Carboxylic acid derivatives; N-acyl amines; Cyclic alcohols and derivatives; Secondary alcohols; Secondary carboxylic acid amides; Carbonyl compounds; Polyols; Fatty Acyls; Organic oxides; Hydrocarbon derivatives; Organopnictogen compounds; Organic oxygen compounds; Organic nitrogen compounds; Chemical entities	438.244	365	6.081	816965611375741964	816964217906119107	816964217906119106	1598	
2	C20H22N6O3	[M + H]+	C20H23N6O3+	Alkaloids	0.254	Anthranilic acid alkaloids	0.040	Quinazoline alkaloids	0.010	Benzenoids	0.965	Benzene and substituted derivatives	0.800	Anilides	0.514			Anilides	0.514	Organic compounds; Organoheterocyclic compounds; Organic acids and derivatives; Carboxylic acids and derivatives; Organonitrogen compounds; Anilides; Organooxygen compounds; Azoles; Carboxylic acid amides; Carboxylic acid derivatives; Diazines; Secondary carboxylic acid amides; Carbonyl compounds; Benzene and substituted derivatives; Benzenoids; N-arylamides; Organic oxides; Azacyclic compounds; Heteroaromatic compounds; Hydrocarbon derivatives; Organopnictogen compounds; Organic oxygen compounds; Organic nitrogen compounds; Chemical entities	395.180	366	6.107	816965614655688700	816964218031948237	816964218031948236	1602	
3	C9H14OSi	[M + H]+	C9H15OSi+	Fatty acids	0.365	Fatty acyls	0.307	Halogenated fatty acids	0.165	Benzenoids	0.604	Benzene and substituted derivatives	0.635					Benzene and substituted derivatives	0.635	Organic compounds; Organooxygen compounds; Benzene and substituted derivatives; Benzenoids; Hydrocarbon derivatives; Organic oxygen compounds; Chemical entities	167.088	367	6.110	816965615993671994	816964218145194455	816964218145194454	1604	
1	C23H44N4O4	[M + H]+	C23H45N4O4+	Amino acids and Peptides	0.984	Small peptides	0.900	Tripeptides	0.839	Organic acids and derivatives	0.998	Carboxylic acids and derivatives	0.996	Amino acids, peptides, and analogues	0.987	Peptides	0.713	Dipeptides	0.687	Organic compounds; Lipids and lipid-like molecules; Amino acids, peptides, and analogues; Alpha amino acids and derivatives; Organic acids and derivatives; Carboxylic acids and derivatives; Organonitrogen compounds; Organooxygen compounds; Fatty amides; Amino acids and derivatives; Peptides; Carboxylic acid amides; Carboxylic acid derivatives; N-acyl amines; N-acyl-alpha amino acids and derivatives; Secondary carboxylic acid amides; Tertiary carboxylic acid amides; Carbonyl compounds; Alpha amino acid amides; Fatty Acyls; Organic oxides; Hydrocarbon derivatives; Valine and derivatives; Organopnictogen compounds; Organic oxygen compounds; Organic nitrogen compounds; Dipeptides; Chemical entities	441.342	367	6.112	816965616325022068	816964218287800801	816964218279412192	1605	
1	C16H12O6	[M + H]+	C16H13O6+	Shikimates and Phenylpropanoids	1.000	Flavonoids	0.998	Flavones	0.824	Phenylpropanoids and polyketides	0.998	Flavonoids	0.997	O-methylated flavonoids	0.984	3'-O-methylated flavonoids	0.571	3'-O-methylated flavonoids	0.571	Organic compounds; Organoheterocyclic compounds; Pyrans; Benzopyrans; Alkyl aryl ethers; Phenols; Anisoles; Chromones; Methoxyphenols; Ethers; Phenylpropanoids and polyketides; Organic acids and derivatives; Organooxygen compounds; Flavonoids; Pyranones and derivatives; Flavones; Benzene and substituted derivatives; Phenol ethers; Benzenoids; O-methylated flavonoids; 3'-O-methylated flavonoids; 4'-O-methylated flavonoids; 4'-hydroxyflavonoids; Hydroxyflavonoids; 5-hydroxyflavonoids; 7-hydroxyflavonoids; 1-benzopyrans; Vinylogous acids; Organic oxides; Methoxybenzenes; Oxacyclic compounds; Heteroaromatic compounds; Hydrocarbon derivatives; Organic oxygen compounds; 1-hydroxy-2-unsubstituted benzenoids; 1-hydroxy-4-unsubstituted benzenoids; Phenoxy compounds; Chemical entities	301.069	367	6.114	816965625632186588	816964218346521062	816964218346521061	1609	
3	C32H32O11	[M + K]+	C32H32KO11+	Shikimates and Phenylpropanoids	0.863	Flavonoids	0.167	Isoflavones	0.151	Organic oxygen compounds	1.000	Organooxygen compounds	1.000	Carbohydrates and carbohydrate conjugates	0.980	Glycosyl compounds	0.951	Phenolic glycosides	0.501	Organic compounds; Organoheterocyclic compounds; Carbohydrates and carbohydrate conjugates; Alkyl aryl ethers; Alcohols and polyols; Phenols; Anisoles; Ethers; Phenylpropanoids and polyketides; Primary alcohols; Organooxygen compounds; Hexoses; Monosaccharides; Acetals; Secondary alcohols; Oxanes; Glycosyl compounds; O-glycosyl compounds; Benzene and substituted derivatives; Polyols; Phenol ethers; Benzenoids; Oxacyclic compounds; Hydrocarbon derivatives; Phenolic glycosides; Organic oxygen compounds; 1-hydroxy-2-unsubstituted benzenoids; Chemical entities	631.161	367	6.115	816965673585677294	816964218413629931	816964218413629930	1610	
1	C21H33NO3	[M + H]+	C21H34NO3+	Alkaloids	0.867	Pseudoalkaloids (transamidation)	0.877	Phenylalanine-derived alkaloids	0.209	Benzenoids	0.937	Benzene and substituted derivatives	0.932					Benzene and substituted derivatives	0.932	Organic compounds; Alcohols and polyols; Organonitrogen compounds; Organooxygen compounds; Secondary alcohols; Carbonyl compounds; Benzene and substituted derivatives; Benzenoids; Amines; Organic oxides; Hydrocarbon derivatives; Organopnictogen compounds; Organic oxygen compounds; Organic nitrogen compounds; Chemical entities	348.252	367	6.120	816965615448412350	816964218447184368	816964218447184367	1611	
2	C18H35NO2	[M + Na]+	C18H35NNaO2+	Fatty acids	0.999	Fatty amides	0.927	Sphingoid bases	0.675	Lipids and lipid-like molecules	0.688	Fatty Acyls	0.698	Fatty amides	0.555			Fatty amides	0.555	Organic compounds; Lipids and lipid-like molecules; Alcohols and polyols; Organic acids and derivatives; Carboxylic acids and derivatives; Organonitrogen compounds; Organooxygen compounds; Fatty amides; Carboxylic acid amides; Secondary alcohols; Carbonyl compounds; 1,2-aminoalcohols; Amines; Alkanolamines; Fatty Acyls; Organic oxides; Hydrocarbon derivatives; Organopnictogen compounds; Organic oxygen compounds; Organic nitrogen compounds; Chemical entities	320.257	368	6.138	816965618283762349	816964218535264757	816964218535264756	1619	
2	C16H34N2O6	[M + H]+	C16H35N2O6+	Carbohydrates	0.385	Aminosugars and aminoglycosides	0.509	Polyamines	0.210	Organic acids and derivatives	0.982	Carboxylic acids and derivatives	0.961	Amino acids, peptides, and analogues	0.880	Amino acids and derivatives	0.877	Alpha amino acids and derivatives	0.636	Organic compounds; Lipids and lipid-like molecules; Amino acids, peptides, and analogues; Alpha amino acids and derivatives; Alcohols and polyols; Organic acids and derivatives; Carboxylic acids and derivatives; Organonitrogen compounds; Organooxygen compounds; Amino acids and derivatives; Carboxylic acid amides; Carboxylic acid derivatives; N-acyl amines; Secondary alcohols; Carbonyl compounds; Trialkylamines; Amines; Fatty Acyls; Organic oxides; Hydrocarbon derivatives; Organopnictogen compounds; Organic oxygen compounds; Organic nitrogen compounds; Chemical entities	351.249	371	6.182	816965683886892616	816964219114078754	816964219114078753	1648	
3	C16H36N2O4	[M + K]+	C16H36KN2O4+	Fatty acids	0.964	Fatty amides	0.532	N-acyl amines	0.604	Lipids and lipid-like molecules	0.714	Fatty Acyls	0.748					Fatty Acyls	0.748	Organic compounds; Lipids and lipid-like molecules; Alcohols and polyols; Organic acids and derivatives; Organonitrogen compounds; Primary alcohols; Organooxygen compounds; Monoalkylamines; Carbonyl compounds; Amines; Primary amines; Fatty Acyls; Organic oxides; Hydrocarbon derivatives; Organopnictogen compounds; Organic oxygen compounds; Organic nitrogen compounds; Chemical entities	359.232	371	6.183	816965712504630713	816964219365737009	816964219365737008	1657	
1	C18H33N3O3	[M + H]+	C18H34N3O3+	Amino acids and Peptides	0.986	Small peptides	0.963	Tripeptides	0.877	Organic acids and derivatives	0.999	Carboxylic acids and derivatives	0.998	Amino acids, peptides, and analogues	0.993	Peptides	0.618	Dipeptides	0.501	Organic compounds; Lipids and lipid-like molecules; Amino acids, peptides, and analogues; Alpha amino acids and derivatives; Organic acids and derivatives; Carboxylic acids and derivatives; Organonitrogen compounds; Organooxygen compounds; Fatty amides; Amino acids and derivatives; Peptides; Carboxylic acid amides; Carboxylic acid derivatives; N-acyl amines; N-acyl-alpha amino acids and derivatives; Secondary carboxylic acid amides; Carbonyl compounds; Alpha amino acid amides; Amines; Primary amines; Fatty Acyls; Organic oxides; Hydrocarbon derivatives; Leucine and derivatives; Organopnictogen compounds; Organic oxygen compounds; Organic nitrogen compounds; Dipeptides; Chemical entities	340.258	371	6.183	816965692518770423	816964219424457270	816964219424457269	1658	
1	C35H56N6O5	[M + K]+	C35H56KN6O5+	Amino acids and Peptides	0.983	Oligopeptides	0.816	Linear peptides	0.169	Organic acids and derivatives	0.997	Carboxylic acids and derivatives	0.986	Amino acids, peptides, and analogues	0.945	Amino acids and derivatives	0.934	Alpha amino acid amides	0.717	Organic compounds; Organoheterocyclic compounds; Lipids and lipid-like molecules; Amino acids, peptides, and analogues; Alpha amino acids and derivatives; Organic acids and derivatives; Carboxylic acids and derivatives; Organonitrogen compounds; Organooxygen compounds; Fatty amides; Amino acids and derivatives; Carboxylic acid amides; Ureas; Carboxylic acid derivatives; N-acyl amines; Secondary carboxylic acid amides; Tertiary carboxylic acid amides; Carbonyl compounds; Benzene and substituted derivatives; Alpha amino acid amides; Benzenoids; Fatty Acyls; Organic oxides; Azacyclic compounds; Hydrocarbon derivatives; Valine and derivatives; Organopnictogen compounds; Organic oxygen compounds; Organic nitrogen compounds; Chemical entities	679.389	371	6.184	816965879689711839	816964219680309834	816964219680309833	1667	
2	C28H52N10O8	[M + Na]+	C28H52N10NaO8+	Amino acids and Peptides	0.991	Oligopeptides	0.914	Linear peptides	0.821	Organic acids and derivatives	0.998	Carboxylic acids and derivatives	0.991	Amino acids, peptides, and analogues	0.983	Peptides	0.785	Peptides	0.785	Organic compounds; Lipids and lipid-like molecules; Amino acids, peptides, and analogues; Alpha amino acids and derivatives; Organic acids and derivatives; Carboxylic acids and derivatives; Organonitrogen compounds; Organooxygen compounds; Fatty amides; Amino acids and derivatives; Peptides; Monoalkylamines; Carboxylic acid amides; Carboxylic acid derivatives; N-acyl amines; N-acyl-alpha amino acids and derivatives; Primary carboxylic acid amides; Secondary carboxylic acid amides; Carbonyl compounds; Alpha amino acid amides; Primary amines; Fatty Acyls; Organic oxides; Hydrocarbon derivatives; Valine and derivatives; Organopnictogen compounds; Organic oxygen compounds; Organic nitrogen compounds; Chemical entities	679.383	371	6.187	816965820927448504	816964219835499092	816964219835499091	1675	
2	C12H15NO3	[M + Na]+	C12H15NNaO3+	Amino acids and Peptides	0.877	Small peptides	0.669	Dipeptides	0.522	Organic acids and derivatives	0.999	Carboxylic acids and derivatives	0.998	Amino acids, peptides, and analogues	0.778	Amino acids and derivatives	0.776	N-acyl-alpha amino acids	0.652	Organic compounds; Amino acids, peptides, and analogues; Alpha amino acids and derivatives; Organic acids and derivatives; Carboxylic acids and derivatives; Organonitrogen compounds; Organooxygen compounds; Amino acids and derivatives; Carboxylic acid amides; Carboxylic acid derivatives; Monocarboxylic acids and derivatives; N-acyl-alpha amino acids and derivatives; Carboxylic acids; Secondary carboxylic acid amides; Carbonyl compounds; Benzene and substituted derivatives; N-acyl-alpha amino acids; Benzenoids; Phenylpropanoic acids; Organic oxides; Hydrocarbon derivatives; Organopnictogen compounds; Organic oxygen compounds; Organic nitrogen compounds; Chemical entities	244.096	375	6.248	816965711720295708	816964220284289655	816964220280095350	1683	
2	C11H21N7O3	[M + H]+	C11H22N7O3+	Amino acids and Peptides	0.961	Small peptides	0.988	Dipeptides	0.677	Organic acids and derivatives	0.970	Carboxylic acids and derivatives	0.938	Amino acids, peptides, and analogues	0.932	Amino acids and derivatives	0.929	Alpha amino acids and derivatives	0.881	Organic compounds; Lipids and lipid-like molecules; Amino acids, peptides, and analogues; Alpha amino acids and derivatives; Organic acids and derivatives; Carboxylic acids and derivatives; Organonitrogen compounds; Organooxygen compounds; Amino acids and derivatives; Guanidines; Monoalkylamines; Monocarboxylic acids and derivatives; Carboxylic acids; Carbonyl compounds; Amines; Primary amines; Carboximidamides; Organic 1,3-dipolar compounds; Propargyl-type 1,3-dipolar organic compounds; Fatty Acyls; Organic oxides; Hydrocarbon derivatives; Amino acids; Organopnictogen compounds; Organic oxygen compounds; Organic nitrogen compounds; Chemical entities	300.179	376	6.270	816965713788087914	816964220393341569	816964220393341568	1686	
7	C21H39NO7	[M - H4O2 + H]+	C21H36NO5+	Fatty acids	0.996	Spingolipids	0.984	Sphingoid bases	0.993	Organic acids and derivatives	0.995	Carboxylic acids and derivatives	0.992	Amino acids, peptides, and analogues	0.983	Amino acids and derivatives	0.983	Alpha amino acids	0.801	Organic compounds; Lipids and lipid-like molecules; Amino acids, peptides, and analogues; Alpha amino acids and derivatives; Alcohols and polyols; Fatty acids and conjugates; Organic acids and derivatives; Carboxylic acids and derivatives; Organonitrogen compounds; Primary alcohols; Organooxygen compounds; Unsaturated fatty acids; Hydroxy fatty acids; Amino acids and derivatives; Monoalkylamines; Hydroxy acids and derivatives; Carboxylic acid derivatives; Monocarboxylic acids and derivatives; Carboxylic acids; Secondary alcohols; Beta hydroxy acids and derivatives; Carbonyl compounds; Alpha amino acids; Amines; Primary amines; Long-chain fatty acids; Fatty Acyls; Organic oxides; Hydrocarbon derivatives; Amino acids; Organopnictogen compounds; Organic oxygen compounds; Organic nitrogen compounds; Chemical entities	382.257	376	6.271	816965717340668397	816964220426896006	816964220426896005	1687	
1	C21H39NO7	[M - H2O + H]+	C21H38NO6+	Fatty acids	0.992	Spingolipids	0.990	Sphingoid bases	0.995	Organic acids and derivatives	0.989	Carboxylic acids and derivatives	0.985	Amino acids, peptides, and analogues	0.957	Amino acids and derivatives	0.956	Alpha amino acids	0.752	Organic compounds; Lipids and lipid-like molecules; Amino acids, peptides, and analogues; Alpha amino acids and derivatives; Ketones; Alcohols and polyols; Fatty acids and conjugates; Organic acids and derivatives; Carboxylic acids and derivatives; Organonitrogen compounds; Primary alcohols; Organooxygen compounds; Branched fatty acids; Unsaturated fatty acids; Hydroxy fatty acids; Amino acids and derivatives; Keto fatty acids; Monoalkylamines; Hydroxy acids and derivatives; Amino fatty acids; Monocarboxylic acids and derivatives; Carboxylic acids; Secondary alcohols; Beta hydroxy acids and derivatives; Carbonyl compounds; Alpha amino acids; Amines; Primary amines; Long-chain fatty acids; Fatty Acyls; Organic oxides; Hydrocarbon derivatives; Amino acids; Organopnictogen compounds; Organic oxygen compounds; Organic nitrogen compounds; Chemical entities	400.268	376	6.273	816965715218350288	816964220603056784	816964220577890959	1691	
1	C21H39NO7	[M + Na]+	C21H39NNaO7+	Fatty acids	0.998	Spingolipids	0.989	Sphingoid bases	0.995	Organic acids and derivatives	0.989	Carboxylic acids and derivatives	0.987	Amino acids, peptides, and analogues	0.915	Amino acids and derivatives	0.912	Alpha amino acids	0.683	Organic compounds; Lipids and lipid-like molecules; Amino acids, peptides, and analogues; Alpha amino acids and derivatives; Ketones; Alcohols and polyols; Fatty acids and conjugates; Organic acids and derivatives; Carboxylic acids and derivatives; Organonitrogen compounds; Primary alcohols; Organooxygen compounds; Unsaturated fatty acids; Hydroxy fatty acids; Amino acids and derivatives; Keto fatty acids; Monoalkylamines; Hydroxy acids and derivatives; Amino fatty acids; Carboxylic acid derivatives; N-acyl amines; Monocarboxylic acids and derivatives; Carboxylic acids; Secondary alcohols; Beta hydroxy acids and derivatives; Carbonyl compounds; Alpha amino acids; Amines; Primary amines; Long-chain fatty acids; Fatty Acyls; Organic oxides; Hydrocarbon derivatives; Amino acids; Organopnictogen compounds; Organic oxygen compounds; Organic nitrogen compounds; Chemical entities	440.260	376	6.275	816965717323891156	816964220636611221	816964220636611220	1693	
2	C23H49N7O5	[M + Na]+	C23H49N7NaO5+	Amino acids and Peptides	0.979	Small peptides	0.674	Tripeptides	0.825	Organic acids and derivatives	0.998	Carboxylic acids and derivatives	0.994	Amino acids, peptides, and analogues	0.978	Peptides	0.726	Peptides	0.726	Organic compounds; Lipids and lipid-like molecules; Amino acids, peptides, and analogues; Alpha amino acids and derivatives; Organic acids and derivatives; Carboxylic acids and derivatives; Organonitrogen compounds; Organooxygen compounds; Fatty amides; Amino acids and derivatives; Peptides; Carboxylic acid amides; Carboxylic acid derivatives; N-acyl amines; N-acyl-alpha amino acids and derivatives; Primary carboxylic acid amides; Secondary carboxylic acid amides; Carbonyl compounds; Alpha amino acid amides; Fatty Acyls; Organic oxides; Hydrocarbon derivatives; Valine and derivatives; Organopnictogen compounds; Organic oxygen compounds; Organic nitrogen compounds; Chemical entities	526.371	377	6.284	816965948501471447	816964220733080218	816964220724691609	1695	
1	C20H32O11	[M + Na]+	C20H32NaO11+	Polyketides	0.401	Macrolides	0.655	Macrolide lactones	0.484	Lipids and lipid-like molecules	0.631	Fatty Acyls	0.508					Fatty Acyls	0.508	Organic compounds; Organoheterocyclic compounds; Lipids and lipid-like molecules; Alcohols and polyols; Ethers; Organic acids and derivatives; Carboxylic acids and derivatives; Organooxygen compounds; Carboxylic acid derivatives; Carboxylic acid esters; Secondary alcohols; Carbonyl compounds; Polyols; Enoate esters; Alpha,beta-unsaturated carboxylic esters; Fatty Acyls; Organic oxides; Oxacyclic compounds; Hydrocarbon derivatives; Organic oxygen compounds; Chemical entities	471.183	378	6.308	816965935608176039	816964220775023263	816964220775023262	1703	
13	C17H33N7O4	[M + Na]+	C17H33N7NaO4+	Amino acids and Peptides	0.947	Small peptides	0.666	Tripeptides	0.536	Organic acids and derivatives	0.995	Carboxylic acids and derivatives	0.985	Amino acids, peptides, and analogues	0.889	Amino acids and derivatives	0.874	Alpha amino acid amides	0.521	Organic compounds; Amino acids, peptides, and analogues; Alpha amino acids and derivatives; Organic acids and derivatives; Carboxylic acids and derivatives; Organonitrogen compounds; Organooxygen compounds; Amino acids and derivatives; Carboxylic acid amides; Carboxylic acid derivatives; Secondary carboxylic acid amides; Carbonyl compounds; Alpha amino acid amides; Organic oxides; Azacyclic compounds; Hydrocarbon derivatives; Organopnictogen compounds; Organic oxygen compounds; Organic nitrogen compounds; Chemical entities	422.250	380	6.328	816965933322278807	816964220842132132	816964220842132131	1710	
3	C24H42O10	[M + Na]+	C24H42NaO10+	Fatty acids	0.962	Fatty acyl glycosides	0.949	Fatty acyl glycosides of mono- and disaccharides	0.793	Lipids and lipid-like molecules	0.952	Fatty Acyls	0.941	Fatty acyl glycosides	0.748	Alkyl glycosides	0.518	Alkyl glycosides	0.518	Organic compounds; Organoheterocyclic compounds; Carbohydrates and carbohydrate conjugates; Lipids and lipid-like molecules; Alcohols and polyols; Ethers; Fatty acids and conjugates; Organic acids and derivatives; Carboxylic acids and derivatives; Primary alcohols; Organooxygen compounds; Hydroxy fatty acids; Monocarboxylic acids and derivatives; Carboxylic acids; Hexoses; Monosaccharides; Acetals; Secondary alcohols; Fatty acyl glycosides; Carbonyl compounds; Heterocyclic fatty acids; Oxanes; Glycosyl compounds; Alkyl glycosides; O-glycosyl compounds; Polyols; Fatty acyl glycosides of mono- and disaccharides; Fatty Acyls; Organic oxides; Oxacyclic compounds; Hydrocarbon derivatives; Organic oxygen compounds; Chemical entities	513.265	380	6.335	816965937730495074	816964220980544174	816964220980544173	1714	
2	C18H31N7O4	[M + H]+	C18H32N7O4+	Carbohydrates	0.282	Nucleosides	0.396	Purine alkaloids	0.292	Organic acids and derivatives	0.772	Carboxylic acids and derivatives	0.689	Amino acids, peptides, and analogues	0.599	Amino acids and derivatives	0.594	Amino acids and derivatives	0.594	Organic compounds; Organoheterocyclic compounds; Amino acids, peptides, and analogues; Pyrimidines and pyrimidine derivatives; Alcohols and polyols; Purines and purine derivatives; Organic acids and derivatives; Carboxylic acids and derivatives; Organonitrogen compounds; Primary alcohols; Organooxygen compounds; Amino acids and derivatives; Azoles; Aminopyrimidines and derivatives; Diazines; Imidazopyrimidines; Carbonyl compounds; Amines; 6-aminopurines; Imidolactams; Organic oxides; Azacyclic compounds; Heteroaromatic compounds; Hydrocarbon derivatives; Organopnictogen compounds; Organic oxygen compounds; Organic nitrogen compounds; Chemical entities	410.250	382	6.363	816965937302675988	816964221152510653	816964221152510652	1717	
1	C18H35NO4	[M + Na]+	C18H35NNaO4+	Fatty acids	1.000	Fatty amides	0.980	N-acyl amines	0.859	Organic acids and derivatives	0.990	Carboxylic acids and derivatives	0.981	Amino acids, peptides, and analogues	0.647	Amino acids and derivatives	0.640	N-acyl-alpha amino acids and derivatives	0.526	Organic compounds; Lipids and lipid-like molecules; Amino acids, peptides, and analogues; Alcohols and polyols; Organic acids and derivatives; Carboxylic acids and derivatives; Organonitrogen compounds; Primary alcohols; Organooxygen compounds; Fatty amides; Amino acids and derivatives; Carboxylic acid amides; Carboxylic acid derivatives; N-acyl amines; Monocarboxylic acids and derivatives; N-acyl-alpha amino acids and derivatives; Carboxylic acids; Secondary alcohols; Secondary carboxylic acid amides; Carbonyl compounds; Fatty Acyls; Organic oxides; Hydrocarbon derivatives; Organopnictogen compounds; Organic oxygen compounds; Organic nitrogen compounds; Chemical entities	352.245	383	6.386	816965934983224278	816964221223813826	816964221223813825	1720	
1	C16H33NO2	[M + Na]+	C16H33NNaO2+	Fatty acids	0.781	Fatty amides	0.531	N-acyl ethanolamines (endocannabinoids)	0.352	Lipids and lipid-like molecules	0.614							Lipids and lipid-like molecules	0.614	Organic compounds; Lipids and lipid-like molecules; Alcohols and polyols; Organic acids and derivatives; Organonitrogen compounds; Organooxygen compounds; Carbonyl compounds; Amines; Organic oxides; Hydrocarbon derivatives; Organopnictogen compounds; Organic oxygen compounds; Organic nitrogen compounds; Chemical entities	294.241	383	6.388	816965944428800237	816964221290922695	816964221290922694	1722	
2	C22H41NO7	[M + Na]+	C22H41NNaO7+	Fatty acids	0.999	Spingolipids	0.826	Sphingoid bases	0.652	Organic acids and derivatives	1.000	Carboxylic acids and derivatives	0.999	Amino acids, peptides, and analogues	0.982	Amino acids and derivatives	0.981	N-acyl-alpha amino acids	0.924	Organic compounds; Lipids and lipid-like molecules; Amino acids, peptides, and analogues; Alpha amino acids and derivatives; Alcohols and polyols; Fatty acids and conjugates; Organic acids and derivatives; Carboxylic acids and derivatives; Short-chain hydroxy acids and derivatives; Organonitrogen compounds; Organooxygen compounds; Fatty amides; Unsaturated fatty acids; Hydroxy fatty acids; Amino acids and derivatives; Hydroxy acids and derivatives; Carboxylic acid amides; Carboxylic acid derivatives; N-acyl amines; Monocarboxylic acids and derivatives; N-acyl-alpha amino acids and derivatives; Carboxylic acids; Secondary alcohols; Secondary carboxylic acid amides; Beta hydroxy acids and derivatives; Carbonyl compounds; N-acyl-alpha amino acids; Fatty Acyls; Organic oxides; Hydrocarbon derivatives; Organopnictogen compounds; Organic oxygen compounds; Organic nitrogen compounds; Chemical entities	454.276	384	6.405	816965936740639027	816964221630661344	816964221630661343	1729	
2	C19H31NO	[M + H]+	C19H32NO+	Alkaloids	0.961	Lysine alkaloids	0.610	Piperidine alkaloids	0.203	Organic nitrogen compounds	1.000	Organonitrogen compounds	1.000	Amines	0.996	Aralkylamines	0.920	Aralkylamines	0.920	Organic compounds; Organoheterocyclic compounds; Alcohols and polyols; Piperidines; Organonitrogen compounds; Organooxygen compounds; Secondary alcohols; 1,2-aminoalcohols; Trialkylamines; Benzene and substituted derivatives; Benzenoids; Amines; Tertiary amines; Alkanolamines; Aromatic alcohols; Aralkylamines; Azacyclic compounds; Hydrocarbon derivatives; Organopnictogen compounds; Organic oxygen compounds; Organic nitrogen compounds; Chemical entities	290.246	385	6.409	816965935197133943	816964221680992997	816964221680992996	1732	
1	C15H26O6	[M - H2O + H]+	C15H25O5+	Terpenoids	0.800	Sesquiterpenoids	0.732	Iridoids monoterpenoids	0.294	Lipids and lipid-like molecules	0.774	Fatty Acyls	0.503					Fatty Acyls	0.503	Organic compounds; Lipids and lipid-like molecules; Alcohols and polyols; Primary alcohols; Organooxygen compounds; Secondary alcohols; Tertiary alcohols; Polyols; Fatty Acyls; Hydrocarbon derivatives; Organic oxygen compounds; Chemical entities	285.168	385	6.420	816965933586520171	816964221886513908	816964221886513907	1739	
1	C20H39NO2	[M + Na]+	C20H39NNaO2+	Fatty acids	0.999	Fatty amides	0.978	N-acyl ethanolamines (endocannabinoids)	0.728	Lipids and lipid-like molecules	0.847	Fatty Acyls	0.828	Fatty amides	0.759	N-acyl amines	0.728	N-acyl amines	0.728	Organic compounds; Lipids and lipid-like molecules; Alcohols and polyols; Organic acids and derivatives; Carboxylic acids and derivatives; Organonitrogen compounds; Organooxygen compounds; Fatty amides; Carboxylic acid amides; Carboxylic acid derivatives; N-acyl amines; Secondary alcohols; Secondary carboxylic acid amides; Carbonyl compounds; 1,2-aminoalcohols; Alkanolamines; Fatty Acyls; Organic oxides; Hydrocarbon derivatives; Organopnictogen compounds; Organic oxygen compounds; Organic nitrogen compounds; Chemical entities	348.288	386	6.429	816965934383438455	816964221953622777	816964221953622776	1744	
5	C23H29FN6O	[M + H]+	C23H30FN6O+	Alkaloids	0.934	Tryptophan alkaloids	0.463	Carboline alkaloids	0.288	Organic acids and derivatives	0.819	Carboxylic acids and derivatives	0.802	Amino acids, peptides, and analogues	0.582	Amino acids and derivatives	0.580	Amino acids and derivatives	0.580	Organic compounds; Organoheterocyclic compounds; Amino acids, peptides, and analogues; Organic acids and derivatives; Carboxylic acids and derivatives; Organohalogen compounds; Organonitrogen compounds; Organooxygen compounds; Amino acids and derivatives; Azoles; Carboxylic acid amides; Aryl fluorides; Carboxylic acid derivatives; Organofluorides; Carbonyl compounds; Benzenoids; Amines; Aryl halides; Imidolactams; Organic oxides; Azacyclic compounds; Heteroaromatic compounds; Hydrocarbon derivatives; Organopnictogen compounds; Organic oxygen compounds; Organic nitrogen compounds; Chemical entities	425.250	386	6.431	816965961742892796	816964222092034819	816964222092034818	1747	
2	C9H14OSi	[M + H]+	C9H15OSi+	Fatty acids	0.355	Monoterpenoids	0.351	Halogenated fatty acids	0.155	Benzenoids	0.539	Benzene and substituted derivatives	0.568					Benzene and substituted derivatives	0.568	Organic compounds; Organooxygen compounds; Benzene and substituted derivatives; Benzenoids; Hydrocarbon derivatives; Organic oxygen compounds; Chemical entities	167.088	386	6.431	816965946593062057	816964222175920904	816964222175920903	1770	
2	C14H24FN3O2	[M + H]+	C14H25FN3O2+	Amino acids and Peptides	0.373	Small peptides	0.483	Dipeptides	0.053	Organic acids and derivatives	0.936	Carboxylic acids and derivatives	0.909	Amino acids, peptides, and analogues	0.803	Amino acids and derivatives	0.800	Amino acids and derivatives	0.800	Organic compounds; Organoheterocyclic compounds; Amino acids, peptides, and analogues; Organic acids and derivatives; Carboxylic acids and derivatives; Organohalogen compounds; Organonitrogen compounds; Organooxygen compounds; Amino acids and derivatives; Carboxylic acid amides; Aryl fluorides; Carboxylic acid derivatives; Organofluorides; Secondary carboxylic acid amides; Carbonyl compounds; Amines; Aryl halides; Organic oxides; Azacyclic compounds; Heteroaromatic compounds; Hydrocarbon derivatives; Organopnictogen compounds; Organic oxygen compounds; Organic nitrogen compounds; Chemical entities	286.193	386	6.435	816965935583010155	816964222230446861	816964222230446860	1738	
1	C19H27NO	[M + H]+	C19H28NO+	Alkaloids	0.973	Lysine alkaloids	0.898	Piperidine alkaloids	0.555	Organic nitrogen compounds	1.000	Organonitrogen compounds	1.000	Amines	0.996	Aralkylamines	0.912	Aralkylamines	0.912	Organic compounds; Organoheterocyclic compounds; Alcohols and polyols; Piperidines; Organonitrogen compounds; Organooxygen compounds; Secondary alcohols; Tertiary alcohols; 1,2-aminoalcohols; Trialkylamines; Benzene and substituted derivatives; Benzenoids; Amines; Tertiary amines; Alkanolamines; Aromatic alcohols; Aralkylamines; Azacyclic compounds; Hydrocarbon derivatives; Organopnictogen compounds; Organic oxygen compounds; Organic nitrogen compounds; Chemical entities	286.215	387	6.451	816965936392511537	816964222385636119	816964222373053206	1756	
1	C24H44O10	[M + Na]+	C24H44NaO10+	Terpenoids	0.634	Sesquiterpenoids	0.357	Fatty acyl glycosides of mono- and disaccharides	0.114	Organic oxygen compounds	1.000	Organooxygen compounds	1.000	Carbohydrates and carbohydrate conjugates	0.995	Monosaccharides	0.939	Hexoses	0.731	Organic compounds; Organoheterocyclic compounds; Carbohydrates and carbohydrate conjugates; Lipids and lipid-like molecules; Alcohols and polyols; Ethers; Primary alcohols; Organooxygen compounds; Hexoses; Monosaccharides; Acetals; Secondary alcohols; Oxanes; Glycosyl compounds; O-glycosyl compounds; Polyols; Oxacyclic compounds; Hydrocarbon derivatives; Organic oxygen compounds; Chemical entities	515.280	387	6.454	816965952439924577	816964222503076641	816964222503076640	1758	
2	C19H29NO	[M + H]+	C19H30NO+	Alkaloids	0.976	Lysine alkaloids	0.710	Piperidine alkaloids	0.615	Organic nitrogen compounds	1.000	Organonitrogen compounds	1.000	Amines	0.994	Aralkylamines	0.908	Aralkylamines	0.908	Organic compounds; Organoheterocyclic compounds; Alcohols and polyols; Piperidines; Organonitrogen compounds; Organooxygen compounds; Secondary alcohols; Tertiary alcohols; 1,2-aminoalcohols; Trialkylamines; Benzene and substituted derivatives; Benzenoids; Amines; Tertiary amines; Alkanolamines; Aromatic alcohols; Aralkylamines; Azacyclic compounds; Hydrocarbon derivatives; Organopnictogen compounds; Organic oxygen compounds; Organic nitrogen compounds; Chemical entities	288.231	387	6.454	816965941035607281	816964222553408294	816964222553408293	1760	
1	C24H44N4O4	[M + H]+	C24H45N4O4+	Amino acids and Peptides	0.991	Small peptides	0.928	Tripeptides	0.952	Organic acids and derivatives	0.999	Carboxylic acids and derivatives	0.996	Amino acids, peptides, and analogues	0.987	Peptides	0.770	Dipeptides	0.711	Organic compounds; Lipids and lipid-like molecules; Amino acids, peptides, and analogues; Alpha amino acids and derivatives; Organic acids and derivatives; Carboxylic acids and derivatives; Organonitrogen compounds; Organooxygen compounds; Fatty amides; Amino acids and derivatives; Peptides; Carboxylic acid amides; Carboxylic acid derivatives; N-acyl amines; N-acyl-alpha amino acids and derivatives; Secondary carboxylic acid amides; Tertiary carboxylic acid amides; Carbonyl compounds; Alpha amino acid amides; Fatty Acyls; Organic oxides; Hydrocarbon derivatives; Valine and derivatives; Leucine and derivatives; Organopnictogen compounds; Organic oxygen compounds; Organic nitrogen compounds; Dipeptides; Chemical entities	453.342	389	6.482	816965957976407121	816964222880564031	816964222880564030	1774	
1	C21H39NO6	[M + Na]+	C21H39NNaO6+	Fatty acids	0.956	Spingolipids	0.267	Sphingoid bases	0.531	Organic acids and derivatives	0.995	Carboxylic acids and derivatives	0.986	Amino acids, peptides, and analogues	0.852	Amino acids and derivatives	0.845	N-acyl-alpha amino acids	0.589	Organic compounds; Lipids and lipid-like molecules; Amino acids, peptides, and analogues; Alpha amino acids and derivatives; Alcohols and polyols; Fatty acids and conjugates; Organic acids and derivatives; Carboxylic acids and derivatives; Organonitrogen compounds; Organooxygen compounds; Fatty amides; Amino acids and derivatives; Carboxylic acid amides; Carboxylic acid derivatives; N-acyl amines; Monocarboxylic acids and derivatives; N-acyl-alpha amino acids and derivatives; Carboxylic acids; Secondary alcohols; Carbonyl compounds; N-acyl-alpha amino acids; Long-chain fatty acids; Fatty Acyls; Organic oxides; Hydrocarbon derivatives; Organopnictogen compounds; Organic oxygen compounds; Organic nitrogen compounds; Chemical entities	424.265	391	6.519	816965943296337733	816964223539069809	816964223539069808	1787	
1	C20H29NO	[M + H]+	C20H30NO+	Alkaloids	0.960	Lysine alkaloids	0.663	Piperidine alkaloids	0.251	Organic nitrogen compounds	1.000	Organonitrogen compounds	1.000	Amines	0.975	Aralkylamines	0.881	Aralkylamines	0.881	Organic compounds; Organoheterocyclic compounds; Alcohols and polyols; Piperidines; Organonitrogen compounds; Organooxygen compounds; Secondary alcohols; Tertiary alcohols; 1,2-aminoalcohols; Trialkylamines; Benzenoids; Amines; Tertiary amines; Alkanolamines; Aromatic alcohols; Aralkylamines; Azacyclic compounds; Hydrocarbon derivatives; Organopnictogen compounds; Organic oxygen compounds; Organic nitrogen compounds; Chemical entities	300.231	393	6.549	816965954352527606	816964223799116677	816964223769756548	1798	
1	C21H31NO	[M + H]+	C21H32NO+	Alkaloids	0.933	Lysine alkaloids	0.379	Piperidine alkaloids	0.349	Organic nitrogen compounds	1.000	Organonitrogen compounds	1.000	Amines	0.996	Aralkylamines	0.912	Aralkylamines	0.912	Organic compounds; Organoheterocyclic compounds; Alcohols and polyols; Piperidines; Organonitrogen compounds; Organooxygen compounds; Secondary alcohols; Tertiary alcohols; Trialkylamines; Benzene and substituted derivatives; Benzenoids; Amines; Tertiary amines; Alkanolamines; Aromatic alcohols; Aralkylamines; Azacyclic compounds; Hydrocarbon derivatives; Organopnictogen compounds; Organic oxygen compounds; Organic nitrogen compounds; Chemical entities	314.248	394	6.569	816965948723769697	816964223836865418	816964223836865417	1803	
3	C15H26N4O3	[M + H]+	C15H27N4O3+	Alkaloids	0.704	Pseudoalkaloids (transamidation)	0.741	Phenylalanine-derived alkaloids	0.128	Organoheterocyclic compounds	0.499	Azacyclic compounds	0.533					Azacyclic compounds	0.533	Organic compounds; Alcohols and polyols; Organonitrogen compounds; Organooxygen compounds; Amines; Organic 1,3-dipolar compounds; Propargyl-type 1,3-dipolar organic compounds; Organic oxides; Azacyclic compounds; Hydrocarbon derivatives; Organopnictogen compounds; Organic oxygen compounds; Organic nitrogen compounds; Chemical entities	311.206	396	6.598	816965947503226574	816964223975277460	816964223975277459	1802	
2	C12H22O4	[M - H2O + H]+	C12H21O3+	Fatty acids	0.964	Fatty Acids and Conjugates	0.854	Dicarboxylic acids	0.771	Lipids and lipid-like molecules	0.906	Fatty Acyls	0.847	Fatty acids and conjugates	0.680	Branched fatty acids	0.550	Branched fatty acids	0.550	Organic compounds; Lipids and lipid-like molecules; Alcohols and polyols; Fatty acids and conjugates; Organic acids and derivatives; Carboxylic acids and derivatives; Primary alcohols; Organooxygen compounds; Branched fatty acids; Dicarboxylic acids and derivatives; Carboxylic acids; Carbonyl compounds; Fatty Acyls; Organic oxides; Hydrocarbon derivatives; Organic oxygen compounds; Chemical entities	213.147	396	6.604	816965936786776406	816964224109495198	816964224109495197	1812	
1	C26H43N5O4	[M + Na]+	C26H43N5NaO4+	Amino acids and Peptides	0.984	Oligopeptides	0.946	Linear peptides	0.202	Organic acids and derivatives	0.995	Carboxylic acids and derivatives	0.985	Amino acids, peptides, and analogues	0.914	Peptides	0.559	Peptides	0.559	Organic compounds; Organoheterocyclic compounds; Lipids and lipid-like molecules; Amino acids, peptides, and analogues; Alpha amino acids and derivatives; Phenethylamines; Amphetamines and derivatives; Organic acids and derivatives; Carboxylic acids and derivatives; Organonitrogen compounds; Organooxygen compounds; Fatty amides; Amino acids and derivatives; Peptides; Carboxylic acid amides; Carboxylic acid derivatives; N-acyl amines; Monocarboxylic acids and derivatives; N-acyl-alpha amino acids and derivatives; Secondary carboxylic acid amides; Carbonyl compounds; Benzene and substituted derivatives; Alpha amino acid amides; Benzenoids; Carboximidamides; Fatty Acyls; Organic oxides; Azacyclic compounds; Hydrocarbon derivatives; Organopnictogen compounds; Organic oxygen compounds; Organic nitrogen compounds; Chemical entities	512.317	396	6.604	816965957003328318	816964224176604067	816964224176604066	1813	
4	C38H56O11	[M + Na]+	C38H56NaO11+	Terpenoids	0.558	Steroids	0.273	Open-chain polyketides	0.126	Lipids and lipid-like molecules	0.875	Steroids and steroid derivatives	0.528	Steroidal glycosides	0.526			Steroidal glycosides	0.526	Organic compounds; Organoheterocyclic compounds; Carbohydrates and carbohydrate conjugates; Lipids and lipid-like molecules; Alcohols and polyols; Ethers; Steroids and steroid derivatives; Prenol lipids; Organic acids and derivatives; Carboxylic acids and derivatives; Primary alcohols; Organooxygen compounds; Steroidal glycosides; Carboxylic acid derivatives; Carboxylic acid esters; Acetals; Secondary alcohols; Carbonyl compounds; Oxanes; Terpene glycosides; Glycosyl compounds; O-glycosyl compounds; Polyols; Organic oxides; Oxacyclic compounds; Hydrocarbon derivatives; Organic oxygen compounds; Chemical entities	711.374	396	6.608	816965977396038298	816964224256295848	816964224256295847	1818	
1	C12H26O3	[M + Na]+	C12H26NaO3+	Fatty acids	1.000	Fatty acyls	0.795	Fatty alcohols	0.926	Lipids and lipid-like molecules	0.979	Fatty Acyls	0.983	Fatty alcohols	0.587			Fatty alcohols	0.587	Organic compounds; Lipids and lipid-like molecules; Alcohols and polyols; Fatty acids and conjugates; Primary alcohols; Organooxygen compounds; Monocarboxylic acids and derivatives; Carboxylic acids; Fatty alcohols; Secondary alcohols; Fatty Acyls; Hydrocarbon derivatives; Organic oxygen compounds; Chemical entities	241.179	397	6.610	816965973260453771	816964224382124978	816964224382124977	1821	
1	C18H32O5	[M + H3N + H]+	C18H36NO5+	Fatty acids	0.981	Octadecanoids	0.719	Other Octadecanoids	0.420	Lipids and lipid-like molecules	0.966	Fatty Acyls	0.935	Fatty acids and conjugates	0.791	Long-chain fatty acids	0.771	Long-chain fatty acids	0.771	Organic compounds; Lipids and lipid-like molecules; Alcohols and polyols; Fatty acids and conjugates; Organic acids and derivatives; Carboxylic acids and derivatives; Organooxygen compounds; Unsaturated fatty acids; Hydroxy fatty acids; Monocarboxylic acids and derivatives; Carboxylic acids; Secondary alcohols; Carbonyl compounds; Long-chain fatty acids; Fatty Acyls; Organic oxides; Hydrocarbon derivatives; Organic oxygen compounds; Chemical entities	346.257	397	6.611	816965944009369636	816964224516342716	816964224507954107	1826	
2	C13H24O2	[M + Na]+	C13H24NaO2+	Fatty acids	0.887	Fatty esters	0.821	Wax monoesters	0.809	Lipids and lipid-like molecules	0.880	Fatty Acyls	0.695					Fatty Acyls	0.695	Organic compounds; Lipids and lipid-like molecules; Organic acids and derivatives; Carboxylic acids and derivatives; Organooxygen compounds; Carboxylic acid derivatives; Monocarboxylic acids and derivatives; Carboxylic acid esters; Carbonyl compounds; Fatty Acyls; Organic oxides; Hydrocarbon derivatives; Organic oxygen compounds; Chemical entities	235.168	397	6.612	816965936337985527	816964224570868673	816964224570868672	1828	
2	C17H32O3	[M + Na]+	C17H32NaO3+	Fatty acids	0.641	Octadecanoids	0.422	Fatty alcohols	0.380	Lipids and lipid-like molecules	0.861	Fatty Acyls	0.752					Fatty Acyls	0.752	Organic compounds; Lipids and lipid-like molecules; Alcohols and polyols; Organic acids and derivatives; Carboxylic acids and derivatives; Organooxygen compounds; Monocarboxylic acids and derivatives; Secondary alcohols; Carbonyl compounds; Fatty Acyls; Organic oxides; Hydrocarbon derivatives; Organic oxygen compounds; Chemical entities	307.225	397	6.612	816965965215777527	816964224713475019	816964224713475018	1830	
1	C11H25N5O3	[M + H]+	C11H26N5O3+	Amino acids and Peptides	0.870	Small peptides	0.928	Dipeptides	0.335	Organoheterocyclic compounds	0.879	Azoles	0.719	Imidazoles	0.480	Substituted imidazoles	0.546	Substituted imidazoles	0.546	Organic compounds; Organoheterocyclic compounds; Organic acids and derivatives; Carboxylic acids and derivatives; Organonitrogen compounds; Organooxygen compounds; Azoles; Carbonyl compounds; Substituted imidazoles; Amines; Primary amines; Organic oxides; Azacyclic compounds; Heteroaromatic compounds; Hydrocarbon derivatives; Organopnictogen compounds; Organic oxygen compounds; Organic nitrogen compounds; Chemical entities	276.203	397	6.612	816965948803461525	816964224780583888	816964224780583887	1824	
2	C36H56N4O8	[M + Na]+	C36H56N4NaO8+	Alkaloids	0.736	Nicotinic acid alkaloids	0.476	Pyridine alkaloids	0.480	Lipids and lipid-like molecules	0.613	Fatty Acyls	0.574	Fatty acid esters	0.563			Fatty acid esters	0.563	Organic compounds; Organoheterocyclic compounds; Lipids and lipid-like molecules; Pyridines and derivatives; Alcohols and polyols; Organic acids and derivatives; Carboxylic acids and derivatives; Organonitrogen compounds; Organooxygen compounds; Fatty acid esters; Dicarboxylic acids and derivatives; Carboxylic acid derivatives; Carboxylic acid esters; Carbonyl compounds; Fatty Acyls; Organic oxides; Azacyclic compounds; Heteroaromatic compounds; Hydrocarbon derivatives; Organopnictogen compounds; Organic oxygen compounds; Organic nitrogen compounds; Chemical entities	695.402	397	6.612	816965985407160243	816964224864469973	816964224864469972	1833	
1	C13H22O3	[M + H]+	C13H23O3+	Terpenoids	0.964	Sesquiterpenoids	0.930	Caryophyllane sesquiterpenoids	0.114	Lipids and lipid-like molecules	0.582							Lipids and lipid-like molecules	0.582	Organic compounds; Lipids and lipid-like molecules; Ketones; Alcohols and polyols; Primary alcohols; Organooxygen compounds; Cyclic alcohols and derivatives; Secondary alcohols; Tertiary alcohols; Carbonyl compounds; Organic oxides; Hydrocarbon derivatives; Organic oxygen compounds; Chemical entities	227.163	397	6.613	816965966616675486	816964224935773146	816964224935773145	1834	
2	C30H48O6	[M + H]+	C30H49O6+	Terpenoids	0.999	Triterpenoids	0.988	Ursane and Taraxastane triterpenoids	0.693	Lipids and lipid-like molecules	0.993	Prenol lipids	0.937	Triterpenoids	0.846			Triterpenoids	0.846	Organic compounds; Lipids and lipid-like molecules; Alcohols and polyols; Steroids and steroid derivatives; Prenol lipids; Organic acids and derivatives; Carboxylic acids and derivatives; Organooxygen compounds; Monocarboxylic acids and derivatives; Carboxylic acids; Cyclic alcohols and derivatives; Hydroxysteroids; Triterpenoids; Secondary alcohols; Carbonyl compounds; Polyols; Organic oxides; Hydrocarbon derivatives; Organic oxygen compounds; Chemical entities	505.351	397	6.613	816966050855082901	816964224973521887	816964224973521886	1837	
2	C32H64O13	[M + Na]+	C32H64NaO13+	Fatty acids	0.972	Fatty acyl glycosides	0.933	Fatty acyl glycosides of mono- and disaccharides	0.425	Lipids and lipid-like molecules	0.985	Fatty Acyls	0.988	Fatty alcohols	0.657			Fatty alcohols	0.657	Organic compounds; Carbohydrates and carbohydrate conjugates; Lipids and lipid-like molecules; Alcohols and polyols; Organic acids and derivatives; Carboxylic acids and derivatives; Primary alcohols; Organooxygen compounds; Fatty acid esters; Carboxylic acid derivatives; Carboxylic acid esters; Fatty alcohols; Monosaccharides; Secondary alcohols; Carbonyl compounds; Polyols; Fatty Acyls; Organic oxides; Hydrocarbon derivatives; Organic oxygen compounds; Chemical entities	679.425	397	6.614	816965984161451675	816964225040630756	816964225040630755	1847	
2	C18H28O3	[M - H2O + H]+	C18H27O2+	Fatty acids	0.999	Octadecanoids	0.516	Other Octadecanoids	0.557	Lipids and lipid-like molecules	0.987	Fatty Acyls	0.971	Fatty acids and conjugates	0.923	Long-chain fatty acids	0.868	Long-chain fatty acids	0.868	Organic compounds; Lipids and lipid-like molecules; Alcohols and polyols; Fatty acids and conjugates; Organic acids and derivatives; Carboxylic acids and derivatives; Organooxygen compounds; Unsaturated fatty acids; Hydroxy fatty acids; Monocarboxylic acids and derivatives; Carboxylic acids; Secondary alcohols; Carbonyl compounds; Long-chain fatty acids; Fatty Acyls; Organic oxides; Hydrocarbon derivatives; Organic oxygen compounds; Chemical entities	275.200	397	6.614	816965941647975804	816964225174848494	816964225174848493	1843	
1	C16H30O3	[M + Na]+	C16H30NaO3+	Fatty acids	0.782	Octadecanoids	0.357	Fatty alcohols	0.483	Lipids and lipid-like molecules	0.822	Fatty Acyls	0.705					Fatty Acyls	0.705	Organic compounds; Lipids and lipid-like molecules; Alcohols and polyols; Organic acids and derivatives; Carboxylic acids and derivatives; Organooxygen compounds; Monocarboxylic acids and derivatives; Secondary alcohols; Carbonyl compounds; Fatty Acyls; Organic oxides; Hydrocarbon derivatives; Organic oxygen compounds; Chemical entities	293.210	397	6.615	816965936845496689	816964225241957363	816964225241957362	1845	
1	C17H25N5O3	[M + H]+	C17H26N5O3+	Alkaloids	0.350	Pseudoalkaloids (transamidation)	0.036	Cyclamides	0.019	Benzenoids	0.944	Phenol ethers	0.662					Phenol ethers	0.662	Organic compounds; Organoheterocyclic compounds; Tetrazoles; Alkyl aryl ethers; Ethers; Organic acids and derivatives; Carboxylic acids and derivatives; Organonitrogen compounds; Organooxygen compounds; Azoles; Carboxylic acid amides; Carboxylic acid derivatives; Carbonyl compounds; Benzene and substituted derivatives; Phenol ethers; Benzenoids; Organic oxides; Azacyclic compounds; Heteroaromatic compounds; Hydrocarbon derivatives; Organopnictogen compounds; Organic oxygen compounds; Organic nitrogen compounds; Phenoxy compounds; Chemical entities	348.205	397	6.616	816965952637056932	816964225346814973	816964225346814972	1851	
1	C18H32O5	[M - H2O + H]+	C18H31O4+	Fatty acids	0.990	Octadecanoids	0.627	Other Octadecanoids	0.626	Lipids and lipid-like molecules	0.986	Fatty Acyls	0.979	Fatty acids and conjugates	0.950	Long-chain fatty acids	0.915	Long-chain fatty acids	0.915	Organic compounds; Lipids and lipid-like molecules; Alcohols and polyols; Fatty acids and conjugates; Organic acids and derivatives; Carboxylic acids and derivatives; Organooxygen compounds; Branched fatty acids; Unsaturated fatty acids; Hydroxy fatty acids; Monocarboxylic acids and derivatives; Carboxylic acids; Secondary alcohols; Carbonyl compounds; Long-chain fatty acids; Fatty Acyls; Organic oxides; Hydrocarbon derivatives; Organic oxygen compounds; Chemical entities	311.220	397	6.616	816965946551118991	816964225418118146	816964225418118145	1853	
3	C25H34O	[M + H]+	C25H35O+	Terpenoids	0.995	Apocarotenoids	0.506	Apocarotenoids (β-)	0.753	Lipids and lipid-like molecules	0.960	Prenol lipids	0.931	Retinoids	0.733			Retinoids	0.733	Organic compounds; Lipids and lipid-like molecules; Prenol lipids; Organooxygen compounds; Retinoids; Benzene and substituted derivatives; Hydrocarbon derivatives; Organic oxygen compounds; Chemical entities	351.266	397	6.617	816965961877110554	816964225493615623	816964225493615622	1848	
3	C21H36O5	[M + H]+	C21H37O5+	Terpenoids	0.439	Diterpenoids	0.365	Labdane diterpenoids	0.358	Lipids and lipid-like molecules	0.917	Fatty Acyls	0.759	Fatty acids and conjugates	0.514	Hydroxy fatty acids	0.509	Hydroxy fatty acids	0.509	Organic compounds; Lipids and lipid-like molecules; Alcohols and polyols; Prenol lipids; Fatty acids and conjugates; Organic acids and derivatives; Carboxylic acids and derivatives; Organooxygen compounds; Hydroxy fatty acids; Carboxylic acids; Cyclic alcohols and derivatives; Secondary alcohols; Carbonyl compounds; Fatty Acyls; Organic oxides; Hydrocarbon derivatives; Organic oxygen compounds; Chemical entities	369.262	398	6.627	816965948996399629	816964225640416273	816964225623639056	1861	
1	C31H43N5O4	[M + H]+	C31H44N5O4+	Amino acids and Peptides	0.650	Small peptides	0.427	Pyridine alkaloids	0.028	Organic acids and derivatives	0.997	Carboxylic acids and derivatives	0.988	Amino acids, peptides, and analogues	0.687	Amino acids and derivatives	0.674	Amino acids and derivatives	0.674	Organic compounds; Organoheterocyclic compounds; Lipids and lipid-like molecules; Amino acids, peptides, and analogues; Organic acids and derivatives; Carboxylic acids and derivatives; Organonitrogen compounds; Organooxygen compounds; Fatty amides; Amino acids and derivatives; Carboxylic acid amides; Carboxylic acid derivatives; Secondary carboxylic acid amides; Carbonyl compounds; Fatty Acyls; Organic oxides; Azacyclic compounds; Heteroaromatic compounds; Hydrocarbon derivatives; Organopnictogen compounds; Organic oxygen compounds; Organic nitrogen compounds; Chemical entities	550.343	398	6.629	816965972379649636	816964225795605531	816964225787216922	1864	
2	C13H26O4	[M + Na]+	C13H26NaO4+	Fatty acids	0.998	Fatty Acids and Conjugates	0.983	Dicarboxylic acids	0.915	Lipids and lipid-like molecules	0.974	Fatty Acyls	0.968	Fatty acids and conjugates	0.939	Medium-chain fatty acids	0.519	Medium-chain fatty acids	0.519	Organic compounds; Lipids and lipid-like molecules; Alcohols and polyols; Fatty acids and conjugates; Organic acids and derivatives; Carboxylic acids and derivatives; Organooxygen compounds; Branched fatty acids; Hydroxy fatty acids; Dicarboxylic acids and derivatives; Hydroxy acids and derivatives; Carboxylic acids; Secondary alcohols; Carbonyl compounds; Medium-chain fatty acids; Fatty Acyls; Organic oxides; Hydrocarbon derivatives; Organic oxygen compounds; Chemical entities	269.173	398	6.629	816965939567600571	816964225829159968	816964225829159967	1865	
1	C24H38O13	[M + Na]+	C24H38NaO13+	Fatty acids	0.525	Fatty acyl glycosides	0.479	Macrolide lactones	0.224	Lipids and lipid-like molecules	0.836	Fatty Acyls	0.759	Fatty acid esters	0.728			Fatty acid esters	0.728	Organic compounds; Organoheterocyclic compounds; Carbohydrates and carbohydrate conjugates; Lipids and lipid-like molecules; Alcohols and polyols; Ethers; Organic acids and derivatives; Carboxylic acids and derivatives; Organooxygen compounds; Fatty acid esters; Carboxylic acid derivatives; Carboxylic acid esters; Acetals; Secondary alcohols; Carbonyl compounds; Polyols; Enoate esters; Alpha,beta-unsaturated carboxylic esters; Fatty Acyls; Organic oxides; Oxacyclic compounds; Hydrocarbon derivatives; Organic oxygen compounds; Chemical entities	557.219	398	6.631	816966002977101673	816964225934017573	816964225908851748	1867	
1	C22H22O6	[M + H]+	C22H23O6+	Polyketides	0.595	Coumarins	0.268	Angucyclines	0.448	Organoheterocyclic compounds	0.844	Benzopyrans	0.582	1-benzopyrans	0.580			1-benzopyrans	0.580	Organic compounds; Organoheterocyclic compounds; Ketones; Benzopyrans; Alkyl aryl ethers; Phenols; Ethers; Phenylpropanoids and polyketides; Organic acids and derivatives; Organooxygen compounds; Carbonyl compounds; Benzenoids; 1-benzopyrans; Aryl ketones; Organic oxides; Oxacyclic compounds; Hydrocarbon derivatives; Organic oxygen compounds; Chemical entities	383.150	399	6.652	816965951919830725	816964225996932138	816964225996932137	1878	
1	C13H25NO3	[M + H]+	C13H26NO3+	Fatty acids	0.889	Small peptides	0.519	N-acyl amines	0.163	Organic acids and derivatives	0.999	Carboxylic acids and derivatives	0.997	Amino acids, peptides, and analogues	0.790	Amino acids and derivatives	0.788	Amino acids	0.568	Organic compounds; Lipids and lipid-like molecules; Amino acids, peptides, and analogues; Fatty acids and conjugates; Organic acids and derivatives; Carboxylic acids and derivatives; Organonitrogen compounds; Organooxygen compounds; Amino acids and derivatives; Carboxylic acid amides; Amino fatty acids; Carboxylic acid derivatives; Monocarboxylic acids and derivatives; Carboxylic acids; Secondary carboxylic acid amides; Carbonyl compounds; Fatty Acyls; Organic oxides; Hydrocarbon derivatives; Amino acids; Organopnictogen compounds; Organic oxygen compounds; Organic nitrogen compounds; Chemical entities	244.190	401	6.677	816965952934852638	816964226034680879	816964226034680878	1875	
1	C30H55N5O5	[M + H]+	C30H56N5O5+	Amino acids and Peptides	0.996	Oligopeptides	0.847	Tripeptides	0.582	Organic acids and derivatives	0.999	Carboxylic acids and derivatives	0.997	Amino acids, peptides, and analogues	0.993	Peptides	0.848	Dipeptides	0.518	Organic compounds; Lipids and lipid-like molecules; Amino acids, peptides, and analogues; Alpha amino acids and derivatives; Organic acids and derivatives; Carboxylic acids and derivatives; Organonitrogen compounds; Organooxygen compounds; Fatty amides; Amino acids and derivatives; Peptides; Carboxylic acid amides; Carboxylic acid derivatives; N-acyl amines; N-acyl-alpha amino acids and derivatives; Secondary carboxylic acid amides; Tertiary carboxylic acid amides; Carbonyl compounds; Alpha amino acid amides; Fatty Acyls; Organic oxides; Hydrocarbon derivatives; Valine and derivatives; Leucine and derivatives; Organopnictogen compounds; Organic oxygen compounds; Organic nitrogen compounds; Dipeptides; Chemical entities	566.426	402	6.707	816965972832634612	816964226277950526	816964226269561917	1886	
1	C16H35NO2	[M + H]+	C16H36NO2+	Fatty acids	0.912	Spingolipids	0.609	Sphingoid bases	0.924	Organic nitrogen compounds	1.000	Organonitrogen compounds	1.000	Amines	0.999	Alkanolamines	0.974	1,2-aminoalcohols	0.970	Organic compounds; Alcohols and polyols; Organonitrogen compounds; Primary alcohols; Organooxygen compounds; 1,2-aminoalcohols; Trialkylamines; Amines; Tertiary amines; Alkanolamines; Hydrocarbon derivatives; Organopnictogen compounds; Organic oxygen compounds; Organic nitrogen compounds; Chemical entities	274.273	404	6.738	816965956961385271	816964226466694221	816964226466694220	1895	
1	C16H33NO2	[M + H]+	C16H34NO2+	Fatty acids	0.964	Fatty amides	0.834	N-acyl ethanolamines (endocannabinoids)	0.246	Lipids and lipid-like molecules	0.515							Lipids and lipid-like molecules	0.515	Organic compounds; Lipids and lipid-like molecules; Alcohols and polyols; Organonitrogen compounds; Organooxygen compounds; Secondary alcohols; Carbonyl compounds; Trialkylamines; Amines; Tertiary amines; Alkanolamines; Organic oxides; Hydrocarbon derivatives; Organopnictogen compounds; Organic oxygen compounds; Organic nitrogen compounds; Chemical entities	272.253	407	6.791	816965962254597984	816964227104228479	816964227104228478	1926	
1	C18H39NO3	[M + H]+	C18H40NO3+	Fatty acids	0.941	Spingolipids	0.684	Sphingoid bases	0.950	Organic nitrogen compounds	1.000	Organonitrogen compounds	1.000	Amines	0.999	Alkanolamines	0.985	1,2-aminoalcohols	0.982	Organic compounds; Alcohols and polyols; Organonitrogen compounds; Primary alcohols; Organooxygen compounds; 1,2-aminoalcohols; Trialkylamines; Amines; Tertiary amines; Alkanolamines; Hydrocarbon derivatives; Organopnictogen compounds; Organic oxygen compounds; Organic nitrogen compounds; Chemical entities	318.299	408	6.802	816965964234310054	816964227280389262	816964227280389261	1932	
1	C15H33NO	[M + H]+	C15H34NO+	Fatty acids	0.992	Spingolipids	0.874	Sphingoid bases	0.985	Organic nitrogen compounds	0.999	Organonitrogen compounds	0.999	Amines	0.969	Alkanolamines	0.881	1,2-aminoalcohols	0.823	Organic compounds; Alcohols and polyols; Organonitrogen compounds; Primary alcohols; Organooxygen compounds; 1,2-aminoalcohols; Amines; Alkanolamines; Hydrocarbon derivatives; Organopnictogen compounds; Organic oxygen compounds; Organic nitrogen compounds; Chemical entities	244.262	408	6.805	816965963751964925	816964227351692435	816964227351692434	1934	
6	C12H26N8O4	[M + Na]+	C12H26N8NaO4+	Carbohydrates	0.787	Nucleosides	0.472	Purine nucleosides	0.361	Organoheterocyclic compounds	0.863	Heteroaromatic compounds	0.553					Heteroaromatic compounds	0.553	Organic compounds; Organoheterocyclic compounds; Alcohols and polyols; Organonitrogen compounds; Primary alcohols; Organooxygen compounds; Amines; Primary amines; Azacyclic compounds; Heteroaromatic compounds; Hydrocarbon derivatives; Organopnictogen compounds; Organic oxygen compounds; Organic nitrogen compounds; Chemical entities	369.200	409	6.809	816965983419059734	816964227418801304	816964227418801303	1939	
2	C35H62N4O9	[M + H]+	C35H63N4O9+	Polyketides	0.567	Macrolides	0.759	Polyene macrolides	0.449	Lipids and lipid-like molecules	0.628	Fatty Acyls	0.581					Fatty Acyls	0.581	Organic compounds; Organoheterocyclic compounds; Lipids and lipid-like molecules; Alcohols and polyols; Organic acids and derivatives; Carboxylic acids and derivatives; Organonitrogen compounds; Organooxygen compounds; Azoles; Carboxylic acid amides; Carboxylic acid derivatives; Carboxylic acid esters; Secondary alcohols; Carbonyl compounds; Fatty Acyls; Organic oxides; Azacyclic compounds; Oxacyclic compounds; Heteroaromatic compounds; Hydrocarbon derivatives; Organopnictogen compounds; Organic oxygen compounds; Organic nitrogen compounds; Chemical entities	683.457	409	6.815	816966000980612784	816964227674653868	816964227674653867	1953	
3	C18H34O5	[M - H4O2 + H]+	C18H31O3+	Fatty acids	0.983	Octadecanoids	0.660	Other Octadecanoids	0.697	Lipids and lipid-like molecules	0.981	Fatty Acyls	0.958	Fatty acids and conjugates	0.883	Long-chain fatty acids	0.874	Long-chain fatty acids	0.874	Organic compounds; Lipids and lipid-like molecules; Alcohols and polyols; Fatty acids and conjugates; Organic acids and derivatives; Carboxylic acids and derivatives; Organooxygen compounds; Unsaturated fatty acids; Hydroxy fatty acids; Monocarboxylic acids and derivatives; Carboxylic acids; Secondary alcohols; Carbonyl compounds; Polyols; Long-chain fatty acids; Fatty Acyls; Organic oxides; Hydrocarbon derivatives; Organic oxygen compounds; Chemical entities	295.226	409	6.819	816965987575615923	816964227741762737	816964227741762736	1963	
2	C13H24O4	[M - H2O + H]+	C13H23O3+	Fatty acids	0.960	Fatty Acids and Conjugates	0.871	Hydroxy fatty acids	0.747	Lipids and lipid-like molecules	0.922	Fatty Acyls	0.871	Fatty acids and conjugates	0.762	Branched fatty acids	0.533	Branched fatty acids	0.533	Organic compounds; Lipids and lipid-like molecules; Alcohols and polyols; Fatty acids and conjugates; Organic acids and derivatives; Carboxylic acids and derivatives; Primary alcohols; Organooxygen compounds; Branched fatty acids; Hydroxy fatty acids; Monocarboxylic acids and derivatives; Carboxylic acids; Secondary alcohols; Carbonyl compounds; Fatty Acyls; Organic oxides; Hydrocarbon derivatives; Organic oxygen compounds; Chemical entities	227.163	409	6.819	816965972417398393	816964227800482998	816964227800482997	1965	
1	C30H48O5	[M + H]+	C30H49O5+	Terpenoids	0.999	Triterpenoids	0.985	Cycloartane triterpenoids	0.401	Lipids and lipid-like molecules	0.995	Prenol lipids	0.932	Triterpenoids	0.912			Triterpenoids	0.912	Organic compounds; Lipids and lipid-like molecules; Alcohols and polyols; Steroids and steroid derivatives; Prenol lipids; Organooxygen compounds; Cyclic alcohols and derivatives; Hydroxysteroids; Triterpenoids; Secondary alcohols; Tertiary alcohols; Carbonyl compounds; Polyols; 3-hydroxysteroids; Organic oxides; Hydrocarbon derivatives; Organic oxygen compounds; Chemical entities	489.356	409	6.820	816966035390683817	816964227867591867	816964227867591866	1967	
1	C12H16O	[M + H]+	C12H17O+	Terpenoids	0.823	Sesquiterpenoids	0.841	Bisabolane sesquiterpenoids	0.808	Benzenoids	0.990	Benzene and substituted derivatives	0.877					Benzene and substituted derivatives	0.877	Organic compounds; Organooxygen compounds; Benzene and substituted derivatives; Benzenoids; Hydrocarbon derivatives; Organic oxygen compounds; Chemical entities	177.126	409	6.820	816965981250604215	816964227938895040	816964227938895039	1968	
4	C16H30O2	[M + Na]+	C16H30NaO2+	Terpenoids	0.739	Sesquiterpenoids	0.575	Fatty alcohols	0.155	Lipids and lipid-like molecules	0.862	Prenol lipids	0.518					Prenol lipids	0.518	Organic compounds; Lipids and lipid-like molecules; Alcohols and polyols; Prenol lipids; Organooxygen compounds; Hydrocarbon derivatives; Organic oxygen compounds; Chemical entities	277.215	409	6.820	816965977286986341	816964227989226693	816964227989226692	1969	
2	C30H52O7	[M - H2O + H]+	C30H51O6+	Terpenoids	0.881	Triterpenoids	0.523	Cholestane steroids	0.099	Lipids and lipid-like molecules	0.988	Steroids and steroid derivatives	0.521	Hydroxysteroids	0.585	3-hydroxysteroids	0.512	3-hydroxysteroids	0.512	Organic compounds; Lipids and lipid-like molecules; Alcohols and polyols; Steroids and steroid derivatives; Prenol lipids; Fatty acids and conjugates; Organic acids and derivatives; Carboxylic acids and derivatives; Organooxygen compounds; Hydroxy fatty acids; Monocarboxylic acids and derivatives; Carboxylic acids; Cyclic alcohols and derivatives; Hydroxysteroids; Secondary alcohols; Tertiary alcohols; Carbonyl compounds; Polyols; 3-hydroxysteroids; Fatty Acyls; Organic oxides; Hydrocarbon derivatives; Organic oxygen compounds; Chemical entities	507.366	409	6.820	816966327989579205	816964228052141258	816964228052141257	1970	
4	C11H16	[M + CH2O2 + H]+	C12H19O2+	Terpenoids	0.996	Sesquiterpenoids	0.888	Caryophyllane sesquiterpenoids	0.423	Lipids and lipid-like molecules	0.821	Prenol lipids	0.811					Prenol lipids	0.811	Organic compounds; Lipids and lipid-like molecules; Prenol lipids; Hydrocarbons; Olefins; Cyclic olefins; Polycyclic hydrocarbons; Unsaturated hydrocarbons; Unsaturated aliphatic hydrocarbons; Branched unsaturated hydrocarbons; Chemical entities	195.137	409	6.821	816965982714416569	816964228127638735	816964228127638734	1971	
1	C14H24O3	[M + H]+	C14H25O3+	Terpenoids	0.854	Sesquiterpenoids	0.830	Caryophyllane sesquiterpenoids	0.170	Lipids and lipid-like molecules	0.794	Prenol lipids	0.563					Prenol lipids	0.563	Organic compounds; Lipids and lipid-like molecules; Alcohols and polyols; Prenol lipids; Organooxygen compounds; Monocarboxylic acids and derivatives; Carboxylic acids; Cyclic alcohols and derivatives; Secondary alcohols; Carbonyl compounds; Organic oxides; Hydrocarbon derivatives; Organic oxygen compounds; Chemical entities	241.179	409	6.822	816965976645257701	816964228257662169	816964228257662168	1972	
1	C19H32O3	[M + H]+	C19H33O3+	Fatty acids	0.671	Diterpenoids	0.378	Fatty alcohols	0.109	Lipids and lipid-like molecules	0.914	Fatty Acyls	0.607					Fatty Acyls	0.607	Organic compounds; Lipids and lipid-like molecules; Alcohols and polyols; Organooxygen compounds; Monocarboxylic acids and derivatives; Secondary alcohols; Carbonyl compounds; Fatty Acyls; Organic oxides; Hydrocarbon derivatives; Organic oxygen compounds; Chemical entities	309.241	409	6.822	816965981762309389	816964228291216606	816964228291216605	1976	
1	C34H64O7	[M + Na]+	C34H64NaO7+	Polyketides	0.826	Polyethers	0.335	Open-chain polyketides	0.564	Lipids and lipid-like molecules	0.941	Prenol lipids	0.748	Terpene glycosides	0.506			Terpene glycosides	0.506	Organic compounds; Organoheterocyclic compounds; Lipids and lipid-like molecules; Ketones; Alcohols and polyols; Ethers; Prenol lipids; Organic acids and derivatives; Carboxylic acids and derivatives; Organooxygen compounds; Secondary alcohols; Tertiary alcohols; Carbonyl compounds; Terpene glycosides; Polyols; Fatty Acyls; Organic oxides; Oxacyclic compounds; Hydrocarbon derivatives; Organic oxygen compounds; Chemical entities	607.455	409	6.822	816965982127213900	816964228383491299	816964228383491298	1977	
1	C41H60N2O6	[M + Na]+	C41H60N2NaO6+	Fatty acids	0.423	Macrolides	0.555	Open-chain polyketides	0.421	Benzenoids	0.591							Benzenoids	0.591	Organic compounds; Organoheterocyclic compounds; Lipids and lipid-like molecules; Alcohols and polyols; Organic acids and derivatives; Carboxylic acids and derivatives; Organonitrogen compounds; Organooxygen compounds; Carboxylic acid amides; Carboxylic acid derivatives; Secondary carboxylic acid amides; Carbonyl compounds; Benzenoids; Fatty Acyls; Organic oxides; Azacyclic compounds; Hydrocarbon derivatives; Organopnictogen compounds; Organic oxygen compounds; Organic nitrogen compounds; Chemical entities	699.433	409	6.823	816966006529677311	816964228433822952	816964228433822951	1978	
3	C11H18O	[M + CH2O2 + H]+	C12H21O3+	Terpenoids	0.983	Monoterpenoids	0.740	Monocyclic monoterpenoids	0.163	Lipids and lipid-like molecules	0.706	Prenol lipids	0.717	Monoterpenoids	0.513			Monoterpenoids	0.513	Organic compounds; Lipids and lipid-like molecules; Alcohols and polyols; Prenol lipids; Primary alcohols; Organooxygen compounds; Monoterpenoids; Hydrocarbon derivatives; Organic oxygen compounds; Chemical entities	213.147	409	6.825	816965981112192151	816964228513514733	816964228505126124	1984	
2	C18H34O5	[M - H2O + H]+	C18H33O4+	Fatty acids	0.948	Octadecanoids	0.376	Other Octadecanoids	0.374	Lipids and lipid-like molecules	0.961	Fatty Acyls	0.933	Fatty acids and conjugates	0.859	Long-chain fatty acids	0.812	Long-chain fatty acids	0.812	Organic compounds; Lipids and lipid-like molecules; Alcohols and polyols; Fatty acids and conjugates; Organic acids and derivatives; Carboxylic acids and derivatives; Organooxygen compounds; Branched fatty acids; Unsaturated fatty acids; Hydroxy fatty acids; Monocarboxylic acids and derivatives; Carboxylic acids; Secondary alcohols; Carbonyl compounds; Long-chain fatty acids; Fatty Acyls; Organic oxides; Hydrocarbon derivatives; Organic oxygen compounds; Chemical entities	313.236	409	6.825	816965985801424929	816964228563846386	816964228563846385	1985	
1	C29H60N10O6S	[M + K]+	C29H60KN10O6S+	Amino acids and Peptides	0.847	Oligopeptides	0.989	Cyclamides	0.636	Organic acids and derivatives	0.991	Carboxylic acids and derivatives	0.928	Amino acids, peptides, and analogues	0.851	Amino acids and derivatives	0.837	Alpha amino acids and derivatives	0.599	Organic compounds; Organoheterocyclic compounds; Organosulfur compounds; Lipids and lipid-like molecules; Amino acids, peptides, and analogues; Alpha amino acids and derivatives; Organic acids and derivatives; Carboxylic acids and derivatives; Organonitrogen compounds; Organooxygen compounds; Fatty amides; Amino acids and derivatives; Azoles; Carboxylic acid amides; Carboxylic acid derivatives; N-acyl amines; Secondary carboxylic acid amides; Carbonyl compounds; Amines; Fatty Acyls; Organic oxides; Azacyclic compounds; Heteroaromatic compounds; Hydrocarbon derivatives; Organopnictogen compounds; Organic oxygen compounds; Organic nitrogen compounds; Chemical entities	715.405	410	6.830	816965996111025657	816964228656121079	816964228656121078	1990	
1	C16H35NO3	[M + H]+	C16H36NO3+	Fatty acids	0.997	Spingolipids	0.954	Sphingoid bases	0.991	Organic nitrogen compounds	0.999	Organonitrogen compounds	0.999	Amines	0.893	Alkanolamines	0.908	1,2-aminoalcohols	0.803	Organic compounds; Alcohols and polyols; Organonitrogen compounds; Primary alcohols; Organooxygen compounds; Secondary alcohols; 1,2-aminoalcohols; Amines; Alkanolamines; Hydrocarbon derivatives; Organopnictogen compounds; Organic oxygen compounds; Organic nitrogen compounds; Chemical entities	290.268	411	6.849	816965977949686512	816964228786144513	816964228786144512	2000	
6	C32H42N4O2	[M + H]+	C32H43N4O2+	Alkaloids	0.745	Tryptophan alkaloids	0.389	Carboline alkaloids	0.116	Benzenoids	0.671							Benzenoids	0.671	Organic compounds; Organoheterocyclic compounds; Organic acids and derivatives; Carboxylic acids and derivatives; Organonitrogen compounds; Organooxygen compounds; Azoles; Carbonyl compounds; Benzenoids; Organic oxides; Azacyclic compounds; Heteroaromatic compounds; Hydrocarbon derivatives; Organopnictogen compounds; Organic oxygen compounds; Organic nitrogen compounds; Chemical entities	515.340	412	6.861	816965993405699305	816964228836476166	816964228836476165	2003	
1	C18H37NO5	[M + H]+	C18H38NO5+	Fatty acids	0.583	Fatty amides	0.278	Open-chain polyketides	0.392	Lipids and lipid-like molecules	0.762	Fatty Acyls	0.681					Fatty Acyls	0.681	Organic compounds; Lipids and lipid-like molecules; Alcohols and polyols; Organic acids and derivatives; Carboxylic acids and derivatives; Organonitrogen compounds; Organooxygen compounds; Carboxylic acid amides; Carboxylic acid derivatives; Secondary alcohols; Carbonyl compounds; Fatty Acyls; Organic oxides; Hydrocarbon derivatives; Organopnictogen compounds; Organic oxygen compounds; Organic nitrogen compounds; Chemical entities	348.274	412	6.871	816965986606731484	816964228895196427	816964228895196426	2005	
1	C20H43NO4	[M + H]+	C20H44NO4+	Fatty acids	0.870	Spingolipids	0.042	Sphingoid bases	0.206	Organic nitrogen compounds	0.998	Organonitrogen compounds	0.999	Amines	0.996	Alkanolamines	0.766	1,2-aminoalcohols	0.661	Organic compounds; Alcohols and polyols; Ethers; Organonitrogen compounds; Primary alcohols; Organooxygen compounds; Dialkyl ethers; 1,2-aminoalcohols; Trialkylamines; Amines; Tertiary amines; Alkanolamines; Hydrocarbon derivatives; Organopnictogen compounds; Organic oxygen compounds; Organic nitrogen compounds; Chemical entities	362.325	412	6.875	816965991501485104	816964228966499600	816964228966499599	2007	
1	C18H36O4	[M + H3N + H]+	C18H40NO4+	Fatty acids	0.999	Fatty acyls	0.734	Fatty alcohols	0.921	Lipids and lipid-like molecules	0.984	Fatty Acyls	0.939	Fatty alcohols	0.556	Long-chain fatty alcohols	0.636	Long-chain fatty alcohols	0.636	Organic compounds; Lipids and lipid-like molecules; Alcohols and polyols; Glycerolipids; Organic acids and derivatives; Carboxylic acids and derivatives; Primary alcohols; Organooxygen compounds; Carboxylic acid derivatives; Monocarboxylic acids and derivatives; Carboxylic acid esters; Fatty alcohols; Secondary alcohols; Carbonyl compounds; Polyols; 1,2-diols; Long-chain fatty alcohols; Monoradylglycerols; Fatty Acyls; Organic oxides; Hydrocarbon derivatives; Organic oxygen compounds; Chemical entities	334.294	413	6.876	816965993921598762	816964229037802773	816964229037802772	2008	
2	C22H42O8	[M + Na]+	C22H42NaO8+	Fatty acids	1.000	Glycerolipids	0.995	Monoacylglycerols	0.980	Lipids and lipid-like molecules	0.997	Glycerolipids	0.993	Monoradylglycerols	0.988	Monoacylglycerols	0.960	1-monoacylglycerols	0.898	Organic compounds; Lipids and lipid-like molecules; Alcohols and polyols; Glycerolipids; Ethers; Organic acids and derivatives; Carboxylic acids and derivatives; Primary alcohols; Organooxygen compounds; Fatty acid esters; Carboxylic acid derivatives; Monoacylglycerols; Monocarboxylic acids and derivatives; Carboxylic acid esters; 1-monoacylglycerols; Secondary alcohols; Carbonyl compounds; Polyols; 1,2-diols; Monoradylglycerols; Fatty Acyls; Organic oxides; Hydrocarbon derivatives; Organic oxygen compounds; Chemical entities	457.278	413	6.881	816966052193065935	816964229176214815	816964229176214814	2010	
1	C19H31NO2	[M + H]+	C19H32NO2+	Terpenoids	0.260	Pseudoalkaloids (transamidation)	0.119	Phenylalanine-derived alkaloids	0.056	Organic acids and derivatives	0.926	Carboxylic acids and derivatives	0.922	Amino acids, peptides, and analogues	0.809	Amino acids and derivatives	0.809	Amino acids and derivatives	0.809	Organic compounds; Amino acids, peptides, and analogues; Organic acids and derivatives; Carboxylic acids and derivatives; Organonitrogen compounds; Organooxygen compounds; Amino acids and derivatives; Carboxylic acid derivatives; Monocarboxylic acids and derivatives; Carboxylic acid esters; Carbonyl compounds; Benzene and substituted derivatives; Benzenoids; Amines; Aralkylamines; Organic oxides; Hydrocarbon derivatives; Organopnictogen compounds; Organic oxygen compounds; Organic nitrogen compounds; Chemical entities	306.242	414	6.895	816966079380544761	816964229318821161	816964229318821160	2013	
4	C18H34NO2P	[M + Na]+	C18H34NNaO2P+	Terpenoids	0.526	Monoterpenoids	0.624	Menthane monoterpenoids	0.478	Organic nitrogen compounds	0.907	Organonitrogen compounds	0.775					Organonitrogen compounds	0.775	Organic compounds; Organonitrogen compounds; Organooxygen compounds; Organophosphorus compounds; Hydrocarbon derivatives; Organopnictogen compounds; Organic oxygen compounds; Organic nitrogen compounds; Chemical entities	350.221	414	6.902	816966089895665944	816964229381735726	816964229381735725	2018	
1	C15H33NO2	[M + H]+	C15H34NO2+	Fatty acids	0.984	Spingolipids	0.791	Sphingoid bases	0.981	Organic nitrogen compounds	1.000	Organonitrogen compounds	1.000	Amines	0.990	Alkanolamines	0.950	1,2-aminoalcohols	0.883	Organic compounds; Alcohols and polyols; Organonitrogen compounds; Primary alcohols; Organooxygen compounds; 1,2-aminoalcohols; Amines; Alkanolamines; Hydrocarbon derivatives; Organopnictogen compounds; Organic oxygen compounds; Organic nitrogen compounds; Chemical entities	260.257	415	6.910	816966089354600590	816964229448844595	816964229448844594	2021	
2	C14H31N5O3	[M + H]+	C14H32N5O3+	Carbohydrates	0.354	Small peptides	0.369	Purine nucleosides	0.178	Organoheterocyclic compounds	0.933	Azoles	0.698					Azoles	0.698	Organic compounds; Organoheterocyclic compounds; Alcohols and polyols; Organonitrogen compounds; Primary alcohols; Organooxygen compounds; Azoles; Amines; Primary amines; Organic oxides; Azacyclic compounds; Heteroaromatic compounds; Hydrocarbon derivatives; Organopnictogen compounds; Organic oxygen compounds; Organic nitrogen compounds; Chemical entities	318.247	416	6.926	816966088285052887	816964229633393986	816964229633393985	2022	
1	C18H35NO	[M + H]+	C18H36NO+	Fatty acids	0.998	Spingolipids	0.999	Sphingoid bases	0.999	Organic nitrogen compounds	1.000	Organonitrogen compounds	1.000	Amines	0.975	Alkanolamines	0.913	1,2-aminoalcohols	0.932	Organic compounds; Alcohols and polyols; Organonitrogen compounds; Primary alcohols; Organooxygen compounds; Monoalkylamines; Secondary alcohols; 1,2-aminoalcohols; Amines; Primary amines; Alkanolamines; Hydrocarbon derivatives; Organopnictogen compounds; Organic oxygen compounds; Organic nitrogen compounds; Chemical entities	282.278	416	6.930	816966090164101489	816964229700502855	816964229700502854	2025	
1	C28H44O15	[M + Na]+	C28H44NaO15+	Fatty acids	0.927	Fatty acyl glycosides	0.854	Fatty acyl glycosides of mono- and disaccharides	0.287	Organic oxygen compounds	1.000	Organooxygen compounds	1.000	Carbohydrates and carbohydrate conjugates	0.848	Glycosyl compounds	0.417	O-glycosyl compounds	0.568	Organic compounds; Organoheterocyclic compounds; Carbohydrates and carbohydrate conjugates; Lipids and lipid-like molecules; Alcohols and polyols; Ethers; Organic acids and derivatives; Carboxylic acids and derivatives; Organooxygen compounds; Fatty acid esters; Carboxylic acid derivatives; Carboxylic acid esters; Acetals; Secondary alcohols; Carbonyl compounds; Oxanes; O-glycosyl compounds; Polyols; Fatty Acyls; Organic oxides; Oxacyclic compounds; Hydrocarbon derivatives; Organic oxygen compounds; Chemical entities	643.256	416	6.933	816966263049141873	816964229767611724	816964229767611723	2026	
2	C17H30O7	[M + K]+	C17H30KO7+	Polyketides	0.624	Macrolides	0.280	Open-chain polyketides	0.289	Lipids and lipid-like molecules	0.689	Fatty Acyls	0.696					Fatty Acyls	0.696	Organic compounds; Organoheterocyclic compounds; Lipids and lipid-like molecules; Alcohols and polyols; Ethers; Organic acids and derivatives; Carboxylic acids and derivatives; Primary alcohols; Organooxygen compounds; Carboxylic acid esters; Secondary alcohols; Carbonyl compounds; Polyols; Fatty Acyls; Organic oxides; Oxacyclic compounds; Hydrocarbon derivatives; Organic oxygen compounds; Chemical entities	385.166	416	6.934	816966100763111149	816964229838914897	816964229838914896	2027	
2	C20H39NO	[M + Na]+	C20H39NNaO+	Alkaloids	0.931	Pseudoalkaloids (transamidation)	0.596	Sphingoid bases	0.479	Organoheterocyclic compounds	0.507	Piperidines	0.665					Piperidines	0.665	Organic compounds; Organoheterocyclic compounds; Alcohols and polyols; Piperidines; Organonitrogen compounds; Organooxygen compounds; Secondary alcohols; 1,2-aminoalcohols; Trialkylamines; Amines; Tertiary amines; Alkanolamines; Azacyclic compounds; Hydrocarbon derivatives; Organopnictogen compounds; Organic oxygen compounds; Organic nitrogen compounds; Chemical entities	332.293	418	6.972	816966098649181384	816964230283511156	816964230283511155	2046	
1	C21H35NO	[M + H]+	C21H36NO+	Fatty acids	0.947	Fatty amides	0.377	Sphingoid bases	0.261	Organic nitrogen compounds	1.000	Organonitrogen compounds	1.000	Amines	0.872	Alkanolamines	0.745	1,2-aminoalcohols	0.638	Organic compounds; Alcohols and polyols; Organonitrogen compounds; Organooxygen compounds; 1,2-aminoalcohols; Amines; Alkanolamines; Hydrocarbon derivatives; Organopnictogen compounds; Organic oxygen compounds; Organic nitrogen compounds; Chemical entities	318.278	419	6.989	816966101782327319	816964230350620025	816964230350620024	2052	
3	C17H35NS2	[M + H]+	C17H36NS2+	Terpenoids	0.653	Monoterpenoids	0.426	Monocyclic monoterpenoids	0.067	Organoheterocyclic compounds	0.749							Organoheterocyclic compounds	0.749	Organic compounds; Organoheterocyclic compounds; Organosulfur compounds; Organonitrogen compounds; Thioethers; Amines; Dialkylthioethers; Hydrocarbon derivatives; Organopnictogen compounds; Organic nitrogen compounds; Chemical entities	318.226	419	6.990	816966145797360320	816964230489032067	816964230489032066	2055	
2	C29H22O	[M + H]+	C29H23O+	Shikimates and Phenylpropanoids	0.949	Flavonoids	0.422	Chalcones	0.367	Benzenoids	1.000	Benzene and substituted derivatives	0.942					Benzene and substituted derivatives	0.942	Organic compounds; Ketones; Phenylpropanoids and polyketides; Organooxygen compounds; Carbonyl compounds; Benzene and substituted derivatives; Benzenoids; Organic oxides; Hydrocarbon derivatives; Organic oxygen compounds; Chemical entities	387.175	420	7.006	816966102801543558	816964230564529544	816964230564529543	2060	
1	C41H72O8	[M + H]+	C41H73O8+	Polyketides	0.537	Linear polyketides	0.586	Open-chain polyketides	0.278	Lipids and lipid-like molecules	0.969	Fatty Acyls	0.921	Fatty alcohols	0.652			Fatty alcohols	0.652	Organic compounds; Lipids and lipid-like molecules; Alcohols and polyols; Organic acids and derivatives; Carboxylic acids and derivatives; Organooxygen compounds; Fatty acid esters; Carboxylic acid derivatives; Carboxylic acid esters; Fatty alcohols; Secondary alcohols; Carbonyl compounds; Fatty Acyls; Organic oxides; Hydrocarbon derivatives; Organic oxygen compounds; Chemical entities	693.529	421	7.023	816966107272672439	816964230698747282	816964230698747281	2062	
2	C21H33N3O3	[M + H]+	C21H34N3O3+	Alkaloids	0.513	Small peptides	0.293	Dipeptides	0.070	Organic acids and derivatives	0.944	Carboxylic acids and derivatives	0.943	Amino acids, peptides, and analogues	0.782	Amino acids and derivatives	0.779	Amino acids and derivatives	0.779	Organic compounds; Organoheterocyclic compounds; Amino acids, peptides, and analogues; Piperidines; Organic acids and derivatives; Carboxylic acids and derivatives; Organonitrogen compounds; Benzoyl derivatives; Organooxygen compounds; Amino acids and derivatives; Carboxylic acid amides; Carboxylic acid derivatives; Secondary carboxylic acid amides; Carbonyl compounds; Benzene and substituted derivatives; Benzenoids; Amines; Tertiary amines; Tertiary alkylarylamines; Dialkylarylamines; Organic oxides; Azacyclic compounds; Heteroaromatic compounds; Hydrocarbon derivatives; Organopnictogen compounds; Organic oxygen compounds; Organic nitrogen compounds; Chemical entities	376.258	422	7.033	816966102898012608	816964230732301719	816964230732301718	2068	
1	C16H24N2O2	[M + H]+	C16H25N2O2+	Alkaloids	0.666	Sesquiterpenoids	0.103	Pyridine alkaloids	0.017	Benzenoids	0.769	Benzene and substituted derivatives	0.702					Benzene and substituted derivatives	0.702	Organic compounds; Organic acids and derivatives; Carboxylic acids and derivatives; Organonitrogen compounds; Organooxygen compounds; Benzene and substituted derivatives; Benzenoids; Organic oxides; Hydrocarbon derivatives; Organopnictogen compounds; Organic oxygen compounds; Organic nitrogen compounds; Chemical entities	277.193	422	7.041	816966112121288735	816964231009125803	816964231009125802	2082	
1	C21H38O5	[M + Na]+	C21H38NaO5+	Polyketides	0.525	Cyclic polyketides	0.104	Open-chain polyketides	0.065	Lipids and lipid-like molecules	0.635							Lipids and lipid-like molecules	0.635	Organic compounds; Lipids and lipid-like molecules; Alcohols and polyols; Ethers; Organic acids and derivatives; Carboxylic acids and derivatives; Organooxygen compounds; Secondary alcohols; Carbonyl compounds; Organic oxides; Hydrocarbon derivatives; Organic oxygen compounds; Chemical entities	393.258	423	7.042	816966115401235462	816964231193675194	816964231193675193	2076	
1	C21H42N4O3	[M + Na]+	C21H42N4NaO3+	Amino acids and Peptides	0.517	Small peptides	0.308	Tripeptides	0.125	Organic acids and derivatives	0.995	Carboxylic acids and derivatives	0.981	Amino acids, peptides, and analogues	0.926	Amino acids and derivatives	0.923	Amino acids and derivatives	0.923	Organic compounds; Lipids and lipid-like molecules; Amino acids, peptides, and analogues; Organic acids and derivatives; Carboxylic acids and derivatives; Organonitrogen compounds; Organooxygen compounds; Fatty amides; Amino acids and derivatives; Carboxylic acid amides; Carboxylic acid derivatives; N-acyl amines; Secondary carboxylic acid amides; Carbonyl compounds; Trialkylamines; Amines; Tertiary amines; Fatty Acyls; Organic oxides; Hydrocarbon derivatives; Organopnictogen compounds; Organic oxygen compounds; Organic nitrogen compounds; Chemical entities	421.316	423	7.043	816966112851097913	816964231264978367	816964231264978366	2077	
1	C23H42O8	[M - H2O + H]+	C23H41O7+	Fatty acids	1.000	Eicosanoids	0.990	Prostaglandins	0.986	Lipids and lipid-like molecules	0.999	Fatty Acyls	0.998	Eicosanoids	0.937	Prostaglandins and related compounds	0.907	Prostaglandins and related compounds	0.907	Organic compounds; Lipids and lipid-like molecules; Alcohols and polyols; Glycerolipids; Organic acids and derivatives; Carboxylic acids and derivatives; Primary alcohols; Organooxygen compounds; Fatty acid esters; Eicosanoids; Prostaglandins and related compounds; Carboxylic acid derivatives; Monoacylglycerols; Monocarboxylic acids and derivatives; Carboxylic acid esters; Cyclic alcohols and derivatives; Fatty alcohols; 1-monoacylglycerols; Secondary alcohols; Carbonyl compounds; Cyclopentanols; Monoradylglycerols; Fatty Acyls; Organic oxides; Hydrocarbon derivatives; Organic oxygen compounds; Chemical entities	429.283	423	7.043	816966110791694081	816964231298532804	816964231298532803	2078	
1	C18H35NO3	[M + O + H]+	C18H36NO4+	Fatty acids	0.898	Fatty amides	0.836	N-acyl ethanolamines (endocannabinoids)	0.312	Lipids and lipid-like molecules	0.883	Fatty Acyls	0.810	Fatty amides	0.668	N-acyl amines	0.736	N-acyl amines	0.736	Organic compounds; Lipids and lipid-like molecules; Organic acids and derivatives; Carboxylic acids and derivatives; Organonitrogen compounds; Organooxygen compounds; Fatty amides; Carboxylic acid amides; Carboxylic acid derivatives; N-acyl amines; Monocarboxylic acids and derivatives; Carboxylic acids; Secondary carboxylic acid amides; Carbonyl compounds; Fatty Acyls; Organic oxides; Hydrocarbon derivatives; Organopnictogen compounds; Organic oxygen compounds; Organic nitrogen compounds; Chemical entities	330.263	423	7.048	816966112184203324	816964231436944846	816964231436944845	2079	
1	C13H14O2	[M + H]+	C13H15O2+	Shikimates and Phenylpropanoids	0.453	Naphthalenes	0.184	Cinnamic acids and derivatives	0.164	Benzenoids	0.999	Phenol ethers	0.867	Anisoles	0.859			Anisoles	0.859	Organic compounds; Ketones; Alkyl aryl ethers; Anisoles; Ethers; Organooxygen compounds; Carbonyl compounds; Phenol ethers; Benzenoids; Aryl ketones; Aryl alkyl ketones; Organic oxides; Hydrocarbon derivatives; Organic oxygen compounds; Chemical entities	203.106	424	7.074	816966114675620699	816964231508248019	816964231508248018	2084	
2	C20H39NO2	[M + Na]+	C20H39NNaO2+	Fatty acids	1.000	Fatty amides	0.920	Sphingoid bases	0.545	Lipids and lipid-like molecules	0.586	Fatty Acyls	0.576					Fatty Acyls	0.576	Organic compounds; Lipids and lipid-like molecules; Alcohols and polyols; Organic acids and derivatives; Carboxylic acids and derivatives; Organonitrogen compounds; Primary alcohols; Organooxygen compounds; Carboxylic acid amides; Secondary alcohols; Carbonyl compounds; Alkanolamines; Fatty Acyls; Organic oxides; Hydrocarbon derivatives; Organopnictogen compounds; Organic oxygen compounds; Organic nitrogen compounds; Chemical entities	348.286	425	7.077	816966114453322516	816964231642465757	816964231642465756	2090	
4	C18H35NO5	[M + Na]+	C18H35NNaO5+	Fatty acids	0.900	Fatty Acids and Conjugates	0.170	N-acyl amines	0.266	Lipids and lipid-like molecules	0.920	Fatty Acyls	0.931	Fatty acid esters	0.708			Fatty acid esters	0.708	Organic compounds; Lipids and lipid-like molecules; Organic acids and derivatives; Carboxylic acids and derivatives; Organonitrogen compounds; Organooxygen compounds; Fatty acid esters; Carboxylic acid amides; Carboxylic acid derivatives; Monocarboxylic acids and derivatives; Carboxylic acid esters; Carbonyl compounds; Fatty Acyls; Organic oxides; Hydrocarbon derivatives; Organopnictogen compounds; Organic oxygen compounds; Organic nitrogen compounds; Chemical entities	368.240	425	7.083	816966119251606906	816964231780877799	816964231780877798	2092	
1	C21H36O7	[M - H2O + H]+	C21H35O6+	Fatty acids	0.916	Fatty acyls	0.399	Fatty alcohols	0.198	Lipids and lipid-like molecules	0.929	Fatty Acyls	0.867	Fatty acid esters	0.564			Fatty acid esters	0.564	Organic compounds; Lipids and lipid-like molecules; Alcohols and polyols; Organic acids and derivatives; Carboxylic acids and derivatives; Organooxygen compounds; Fatty acid esters; Carboxylic acid derivatives; Carboxylic acid esters; Secondary alcohols; Carbonyl compounds; Polyols; Fatty Acyls; Organic oxides; Hydrocarbon derivatives; Organic oxygen compounds; Chemical entities	383.241	426	7.096	816966121952738890	816964231885735404	816964231885735403	2095	
5	C14H26N6O2	[M + C2H3N + H]+	C16H30N7O2+	Alkaloids	0.740	Pseudoalkaloids (transamidation)	0.471	Imidazole alkaloids	0.138	Organoheterocyclic compounds	0.998	Triazines	0.672	Aminotriazines	0.719			Aminotriazines	0.719	Organic compounds; Organoheterocyclic compounds; Imidazoles; Triazines; Ethers; Organonitrogen compounds; Organooxygen compounds; Azoles; Dialkyl ethers; Aminotriazines; Amines; 1,3,5-triazines; Azacyclic compounds; Heteroaromatic compounds; Hydrocarbon derivatives; Organopnictogen compounds; Organic oxygen compounds; Organic nitrogen compounds; Chemical entities	352.244	427	7.117	816966154177581192	816964232120616448	816964232120616447	2106	
2	C22H37NO	[M + H]+	C22H38NO+	Alkaloids	0.996	Pseudoalkaloids (transamidation)	0.977	Steroidal alkaloids	0.519	Alkaloids and derivatives	0.578							Alkaloids and derivatives	0.578	Organic compounds; Organoheterocyclic compounds; Alcohols and polyols; Piperidines; Organonitrogen compounds; Alkaloids and derivatives; Organooxygen compounds; Cyclic alcohols and derivatives; Secondary alcohols; 1,2-aminoalcohols; Trialkylamines; Amines; Tertiary amines; Alkanolamines; Azacyclic compounds; Hydrocarbon derivatives; Organopnictogen compounds; Organic oxygen compounds; Organic nitrogen compounds; Chemical entities	332.293	428	7.129	816966140189575344	816964232263222794	816964232259028489	2110	
4	C22H34N4O2	[M + H]+	C22H35N4O2+	Alkaloids	0.367	Small peptides	0.077	Dipeptides	0.029	Organic acids and derivatives	0.963	Carboxylic acids and derivatives	0.857	Amino acids, peptides, and analogues	0.509	Amino acids and derivatives	0.504	Amino acids and derivatives	0.504	Organic compounds; Amino acids, peptides, and analogues; Organic acids and derivatives; Carboxylic acids and derivatives; Organonitrogen compounds; Organooxygen compounds; Amino acids and derivatives; Carboxylic acid amides; Carboxylic acid derivatives; Carbonyl compounds; Organic oxides; Azacyclic compounds; Hydrocarbon derivatives; Organopnictogen compounds; Organic oxygen compounds; Organic nitrogen compounds; Chemical entities	387.273	429	7.143	816966155645587966	816964232057701883	816964232057701882	2086	
5	C18H35NO3	[M - H4O2 + H]+	C18H32NO+	Fatty acids	0.999	Spingolipids	0.884	Sphingoid bases	0.975	Lipids and lipid-like molecules	0.773	Fatty Acyls	0.609					Fatty Acyls	0.609	Organic compounds; Lipids and lipid-like molecules; Alcohols and polyols; Organonitrogen compounds; Primary alcohols; Organooxygen compounds; Monoalkylamines; Secondary alcohols; 1,2-aminoalcohols; Amines; Primary amines; Alkanolamines; Fatty Acyls; Hydrocarbon derivatives; Organopnictogen compounds; Organic oxygen compounds; Organic nitrogen compounds; Chemical entities	278.246	429	7.147	816966148594961505	816964232443577881	816964232443577880	2117	
2	C18H35NO3	[M - H2O + H]+	C18H34NO2+	Fatty acids	0.991	Spingolipids	0.876	Sphingoid bases	0.975	Lipids and lipid-like molecules	0.579							Lipids and lipid-like molecules	0.579	Organic compounds; Lipids and lipid-like molecules; Alcohols and polyols; Organonitrogen compounds; Primary alcohols; Organooxygen compounds; Secondary alcohols; Amines; Alkanolamines; Hydrocarbon derivatives; Organopnictogen compounds; Organic oxygen compounds; Organic nitrogen compounds; Chemical entities	296.257	429	7.147	816966153011564371	816964232502298142	816964232502298141	2118	
8	C12H31N7	[M + Na]+	C12H31N7Na+	Alkaloids	0.851	Guanidine alkaloids	0.513	Tricyclic guanidine alkaloids	0.187	Organoheterocyclic compounds	0.811	Azacyclic compounds	0.875					Azacyclic compounds	0.875	Organic compounds; Organoheterocyclic compounds; Organonitrogen compounds; Azacyclic compounds; Hydrocarbon derivatives; Organopnictogen compounds; Organic nitrogen compounds; Chemical entities	296.252	429	7.151	816966153493909409	816964232649098792	816964232649098791	2120	
2	C18H35N	[M + Na]+	C18H35NNa+	Alkaloids	0.867	Pseudoalkaloids (transamidation)	0.898	Phenylalanine-derived alkaloids	0.346	Organic nitrogen compounds	1.000	Organonitrogen compounds	1.000	Amines	0.880			Amines	0.880	Organic compounds; Organonitrogen compounds; Amines; Hydrocarbon derivatives; Organopnictogen compounds; Organic nitrogen compounds; Chemical entities	288.267	430	7.161	816966148234251273	816964232707819053	816964232707819052	2121	
3	C34H66O12S	[M + H]+	C34H67O12S+	Polyketides	0.348	Aromatic polyketides	0.360	Depsides and depsidones	0.091	Organic acids and derivatives	0.999	Organic sulfuric acids and derivatives	0.796	Arylsulfates	0.375	Phenylsulfates	0.525	Phenylsulfates	0.525	Organic compounds; Organosulfur compounds; Organic acids and derivatives; Carboxylic acids and derivatives; Organooxygen compounds; Dicarboxylic acids and derivatives; Organic sulfuric acids and derivatives; Carboxylic acid derivatives; Sulfuric acid monoesters; Carboxylic acid esters; Carbonyl compounds; Benzene and substituted derivatives; Benzenoids; Phenylsulfates; Sulfuric acid esters; Organic oxides; Hydrocarbon derivatives; Organic oxygen compounds; Phenoxy compounds; Chemical entities	699.433	430	7.162	816966153573601221	816964232741373490	816964232741373489	2122	
3	C16H27N7O2	[M + H]+	C16H28N7O2+	Alkaloids	0.894	Pseudoalkaloids (transamidation)	0.092	Purine alkaloids	0.227	Organoheterocyclic compounds	0.997	Diazines	0.504					Diazines	0.504	Organic compounds; Organoheterocyclic compounds; Ethers; Organonitrogen compounds; Organooxygen compounds; Azoles; Dialkyl ethers; Diazines; Amines; Tertiary amines; Imidolactams; Azacyclic compounds; Heteroaromatic compounds; Hydrocarbon derivatives; Organopnictogen compounds; Organic oxygen compounds; Organic nitrogen compounds; Chemical entities	350.226	430	7.163	816966145424067203	816964232879785532	816964232879785531	2123	
2	C18H34O5	[M - H4O2 + H]+	C18H31O3+	Terpenoids	0.489	Sesquiterpenoids	0.256	Other Octadecanoids	0.166	Lipids and lipid-like molecules	0.946	Fatty Acyls	0.823	Fatty acids and conjugates	0.551	Long-chain fatty acids	0.542	Long-chain fatty acids	0.542	Organic compounds; Lipids and lipid-like molecules; Alcohols and polyols; Prenol lipids; Fatty acids and conjugates; Organic acids and derivatives; Carboxylic acids and derivatives; Organooxygen compounds; Hydroxy fatty acids; Monocarboxylic acids and derivatives; Carboxylic acids; Secondary alcohols; Carbonyl compounds; Polyols; Long-chain fatty acids; Fatty Acyls; Organic oxides; Hydrocarbon derivatives; Organic oxygen compounds; Chemical entities	295.226	430	7.163	816966154680897886	816964232951088705	816964232951088704	2130	
1	C21H40O7	[M + H]+	C21H41O7+	Fatty acids	1.000	Glycerolipids	0.868	Monoacylglycerols	0.929	Lipids and lipid-like molecules	0.999	Fatty Acyls	0.995	Fatty alcohols	0.784	Long-chain fatty alcohols	0.595	Long-chain fatty alcohols	0.595	Organic compounds; Lipids and lipid-like molecules; Alcohols and polyols; Glycerolipids; Organic acids and derivatives; Carboxylic acids and derivatives; Primary alcohols; Organooxygen compounds; Fatty acid esters; Carboxylic acid derivatives; Monoacylglycerols; Monocarboxylic acids and derivatives; Carboxylic acid esters; Fatty alcohols; 1-monoacylglycerols; Secondary alcohols; Carbonyl compounds; Polyols; 1,2-diols; Long-chain fatty alcohols; Monoradylglycerols; Fatty Acyls; Organic oxides; Hydrocarbon derivatives; Organic oxygen compounds; Chemical entities	405.283	431	7.178	816966155934995016	816964233366324831	816964233366324830	2138	
1	C21H40O7	[M + Na]+	C21H40NaO7+	Polyketides	0.674	Macrolides	0.209	Open-chain polyketides	0.236	Lipids and lipid-like molecules	0.583							Lipids and lipid-like molecules	0.583	Organic compounds; Organoheterocyclic compounds; Lipids and lipid-like molecules; Alcohols and polyols; Ethers; Organic acids and derivatives; Carboxylic acids and derivatives; Organooxygen compounds; Carboxylic acid derivatives; Carboxylic acid esters; Secondary alcohols; Tertiary alcohols; Carbonyl compounds; Organic oxides; Oxacyclic compounds; Hydrocarbon derivatives; Organic oxygen compounds; Chemical entities	427.265	431	7.179	816966161580528636	816964233257272917	816964233219524180	2136	
1	C21H40O7	[M - H2O + H]+	C21H39O6+	Terpenoids	0.561	Diterpenoids	0.550	Tetracyclic diterpenoids	0.282	Lipids and lipid-like molecules	0.928	Prenol lipids	0.549					Prenol lipids	0.549	Organic compounds; Lipids and lipid-like molecules; Alcohols and polyols; Prenol lipids; Organic acids and derivatives; Carboxylic acids and derivatives; Primary alcohols; Organooxygen compounds; Carboxylic acid esters; Cyclic alcohols and derivatives; Secondary alcohols; Tertiary alcohols; Carbonyl compounds; Polyols; Fatty Acyls; Organic oxides; Hydrocarbon derivatives; Organic oxygen compounds; Chemical entities	387.273	431	7.179	816966160666170300	816964233307604570	816964233307604569	2137	
1	C18H37NO2	[M + H]+	C18H38NO2+	Fatty acids	0.998	Spingolipids	1.000	Sphingoid bases	1.000	Organic nitrogen compounds	1.000	Organonitrogen compounds	1.000	Amines	0.996	Alkanolamines	0.968	1,2-aminoalcohols	0.975	Organic compounds; Alcohols and polyols; Organonitrogen compounds; Primary alcohols; Organooxygen compounds; Monoalkylamines; Secondary alcohols; 1,2-aminoalcohols; Amines; Primary amines; Alkanolamines; Hydrocarbon derivatives; Organopnictogen compounds; Organic oxygen compounds; Organic nitrogen compounds; Chemical entities	300.288	432	7.203	816966157121983253	816964233462793833	816964233462793832	2140	
1	C32H50O17	[M + Na]+	C32H50NaO17+	Fatty acids	0.832	Fatty acyl glycosides	0.533	Fatty acyl glycosides of mono- and disaccharides	0.132	Organic oxygen compounds	1.000	Organooxygen compounds	1.000	Carbohydrates and carbohydrate conjugates	0.894	Glycosyl compounds	0.452	O-glycosyl compounds	0.573	Organic compounds; Organoheterocyclic compounds; Carbohydrates and carbohydrate conjugates; Lipids and lipid-like molecules; Alcohols and polyols; Ethers; Organic acids and derivatives; Carboxylic acids and derivatives; Organooxygen compounds; Fatty acid esters; Carboxylic acid derivatives; Carboxylic acid esters; Acetals; Secondary alcohols; Carbonyl compounds; Oxanes; O-glycosyl compounds; Polyols; Enoate esters; Alpha,beta-unsaturated carboxylic esters; Fatty Acyls; Organic oxides; Oxacyclic compounds; Hydrocarbon derivatives; Organic oxygen compounds; Chemical entities	729.292	432	7.204	816966327993773524	816964233538291310	816964233538291309	2141	
2	C17H30FN3O	[M + H]+	C17H31FN3O+	Terpenoids	0.427	Monoterpenoids	0.232	Menthane monoterpenoids	0.071	Lipids and lipid-like molecules	0.579							Lipids and lipid-like molecules	0.579	Organic compounds; Organoheterocyclic compounds; Lipids and lipid-like molecules; Organic acids and derivatives; Carboxylic acids and derivatives; Organohalogen compounds; Organonitrogen compounds; Organooxygen compounds; Azoles; Carboxylic acid amides; Alkyl fluorides; Carboxylic acid derivatives; Organofluorides; Carbonyl compounds; Alkyl halides; Organic oxides; Azacyclic compounds; Heteroaromatic compounds; Hydrocarbon derivatives; Organopnictogen compounds; Organic oxygen compounds; Organic nitrogen compounds; Chemical entities	312.247	432	7.207	816966200746940181	816964233601205875	816964233601205874	2142	
3	C18H33NO3	[M + Na]+	C18H33NNaO3+	Fatty acids	0.975	Fatty amides	0.648	Nitro fatty acids	0.323	Lipids and lipid-like molecules	0.877	Fatty Acyls	0.888	Fatty amides	0.690	N-acyl amines	0.629	N-acyl amines	0.629	Organic compounds; Lipids and lipid-like molecules; Fatty acids and conjugates; Organic acids and derivatives; Carboxylic acids and derivatives; Organonitrogen compounds; Organooxygen compounds; Fatty amides; Carboxylic acid amides; Carboxylic acid derivatives; N-acyl amines; Monocarboxylic acids and derivatives; Carboxylic acids; Secondary carboxylic acid amides; Carbonyl compounds; Fatty Acyls; Organic oxides; Hydrocarbon derivatives; Organopnictogen compounds; Organic oxygen compounds; Organic nitrogen compounds; Chemical entities	334.234	433	7.213	816966206723823602	816964233659926136	816964233659926135	2143	
2	C18H28O3	[M - H2O + H]+	C18H27O2+	Fatty acids	0.998	Octadecanoids	0.816	Other Octadecanoids	0.838	Lipids and lipid-like molecules	0.985	Fatty Acyls	0.971	Lineolic acids and derivatives	0.604			Lineolic acids and derivatives	0.604	Organic compounds; Lipids and lipid-like molecules; Alcohols and polyols; Fatty acids and conjugates; Organic acids and derivatives; Carboxylic acids and derivatives; Organooxygen compounds; Unsaturated fatty acids; Hydroxy fatty acids; Lineolic acids and derivatives; Monocarboxylic acids and derivatives; Carboxylic acids; Secondary alcohols; Carbonyl compounds; Long-chain fatty acids; Fatty Acyls; Organic oxides; Hydrocarbon derivatives; Organic oxygen compounds; Chemical entities	275.199	433	7.218	816966223299713192	816964233429239396	816964233429239395	2119	
1	C18H33NO	[M + Na]+	C18H33NNaO+	Fatty acids	0.996	Fatty amides	0.998	Primary amides	0.999	Lipids and lipid-like molecules	0.776	Fatty Acyls	0.757	Fatty amides	0.804			Fatty amides	0.804	Organic compounds; Lipids and lipid-like molecules; Organic acids and derivatives; Carboxylic acids and derivatives; Organonitrogen compounds; Organooxygen compounds; Fatty amides; Carboxylic acid amides; Carboxylic acid derivatives; Primary carboxylic acid amides; Carbonyl compounds; Fatty Acyls; Organic oxides; Hydrocarbon derivatives; Organopnictogen compounds; Organic oxygen compounds; Organic nitrogen compounds; Chemical entities	302.246	433	7.220	816966231503772246	816964233781560962	816964233781560961	2147	
1	C16H32N4	[M + Na]+	C16H32N4Na+	Alkaloids	0.954	Pseudoalkaloids (transamidation)	0.324	Tricyclic guanidine alkaloids	0.141	Organoheterocyclic compounds	0.782	Azacyclic compounds	0.851					Azacyclic compounds	0.851	Organic compounds; Organoheterocyclic compounds; Organonitrogen compounds; Amines; Azacyclic compounds; Hydrocarbon derivatives; Organopnictogen compounds; Organic nitrogen compounds; Chemical entities	303.250	433	7.222	816966230853655073	816964233848669831	816964233848669830	2146	
1	C18H27NO3	[M + H]+	C18H28NO3+	Alkaloids	0.999	Pseudoalkaloids (transamidation)	1.000	Capsaicins and Capsaicinoids	1.000	Lipids and lipid-like molecules	0.995	Fatty Acyls	0.995	Fatty amides	0.996	N-acyl amines	0.972	N-acyl amines	0.972	Organic compounds; Lipids and lipid-like molecules; Alkyl aryl ethers; Phenols; Anisoles; Methoxyphenols; Ethers; Organic acids and derivatives; Carboxylic acids and derivatives; Organonitrogen compounds; Organooxygen compounds; Fatty amides; Carboxylic acid amides; Carboxylic acid derivatives; N-acyl amines; Secondary carboxylic acid amides; Carbonyl compounds; Benzene and substituted derivatives; Phenol ethers; Benzenoids; Fatty Acyls; Organic oxides; Methoxybenzenes; Hydrocarbon derivatives; Organic oxygen compounds; 1-hydroxy-2-unsubstituted benzenoids; Organic nitrogen compounds; Phenoxy compounds; Chemical entities	306.205	434	7.229	816966263044947559	816964233915778700	816964233915778699	2151	
1	C18H30O4	[M + H]+	C18H31O4+	Fatty acids	0.832	Fatty acyls	0.201	Fatty alcohols	0.209	Lipids and lipid-like molecules	0.895	Fatty Acyls	0.893	Fatty acid esters	0.707			Fatty acid esters	0.707	Organic compounds; Lipids and lipid-like molecules; Alcohols and polyols; Organic acids and derivatives; Carboxylic acids and derivatives; Organooxygen compounds; Fatty acid esters; Carboxylic acid derivatives; Monocarboxylic acids and derivatives; Carboxylic acid esters; Carbonyl compounds; Fatty Acyls; Organic oxides; Hydrocarbon derivatives; Organic oxygen compounds; Chemical entities	311.220	434	7.234	816966274034049630	816964234087745179	816964234087745178	2155	
1	C16H33NO2	[M + Na]+	C16H33NNaO2+	Fatty acids	0.996	Fatty amides	0.984	N-acyl ethanolamines (endocannabinoids)	0.905	Lipids and lipid-like molecules	0.589	Fatty Acyls	0.547	Fatty amides	0.530			Fatty amides	0.530	Organic compounds; Lipids and lipid-like molecules; Alcohols and polyols; Organic acids and derivatives; Carboxylic acids and derivatives; Organonitrogen compounds; Organooxygen compounds; Fatty amides; Carboxylic acid amides; Carboxylic acid derivatives; Secondary carboxylic acid amides; Carbonyl compounds; Fatty Acyls; Organic oxides; Hydrocarbon derivatives; Organopnictogen compounds; Organic oxygen compounds; Organic nitrogen compounds; Chemical entities	294.241	435	7.242	816966274042438265	816964234335209130	816964234305849001	2144	
1	C20H36O6	[M + H]+	C20H37O6+	Fatty acids	0.995	Eicosanoids	0.894	Prostaglandins	0.247	Lipids and lipid-like molecules	0.988	Fatty Acyls	0.973	Eicosanoids	0.709			Eicosanoids	0.709	Organic compounds; Lipids and lipid-like molecules; Alcohols and polyols; Fatty acids and conjugates; Organic acids and derivatives; Carboxylic acids and derivatives; Organooxygen compounds; Unsaturated fatty acids; Hydroxy fatty acids; Hydroxy acids and derivatives; Eicosanoids; Monocarboxylic acids and derivatives; Carboxylic acids; Secondary alcohols; Carbonyl compounds; Polyols; Long-chain fatty acids; Fatty Acyls; Organic oxides; Hydrocarbon derivatives; Organic oxygen compounds; Chemical entities	373.257	435	7.248	816966327935053242	816964234456843956	816964234456843955	2161	
2	C18H28O3	[M - H2O + H]+	C18H27O2+	Fatty acids	0.998	Octadecanoids	0.816	Other Octadecanoids	0.838	Lipids and lipid-like molecules	0.985	Fatty Acyls	0.971	Lineolic acids and derivatives	0.604			Lineolic acids and derivatives	0.604	Organic compounds; Lipids and lipid-like molecules; Alcohols and polyols; Fatty acids and conjugates; Organic acids and derivatives; Carboxylic acids and derivatives; Organooxygen compounds; Unsaturated fatty acids; Hydroxy fatty acids; Lineolic acids and derivatives; Monocarboxylic acids and derivatives; Carboxylic acids; Secondary alcohols; Carbonyl compounds; Long-chain fatty acids; Fatty Acyls; Organic oxides; Hydrocarbon derivatives; Organic oxygen compounds; Chemical entities	275.199	435	7.251	816966327876332855	816964234523952825	816964234515564216	2165	
1	C24H45NO7	[M + H]+	C24H46NO7+	Fatty acids	0.981	Spingolipids	0.977	Neutral glycosphingolipids	0.962	Lipids and lipid-like molecules	0.822	Sphingolipids	0.381	Glycosphingolipids	0.527			Glycosphingolipids	0.527	Organic compounds; Organoheterocyclic compounds; Carbohydrates and carbohydrate conjugates; Lipids and lipid-like molecules; Alcohols and polyols; Ethers; Organonitrogen compounds; Primary alcohols; Organooxygen compounds; Monoalkylamines; Hexoses; Monosaccharides; Acetals; Secondary alcohols; Fatty acyl glycosides; 1,2-aminoalcohols; Oxanes; Glycosyl compounds; Alkyl glycosides; O-glycosyl compounds; Polyols; Amines; Primary amines; Alkanolamines; Glycosphingolipids; Fatty acyl glycosides of mono- and disaccharides; Fatty Acyls; Oxacyclic compounds; Hydrocarbon derivatives; Organopnictogen compounds; Organic oxygen compounds; Organic nitrogen compounds; Chemical entities	460.325	435	7.252	816966327859555628	816964234574284478	816964234574284477	2166	
2	C20H41NO3	[M + H3N + H]+	C20H45N2O3+	Fatty acids	1.000	Fatty amides	0.992	N-acyl ethanolamines (endocannabinoids)	0.504	Lipids and lipid-like molecules	0.974	Fatty Acyls	0.973	Fatty amides	0.921	N-acyl amines	0.921	N-acyl amines	0.921	Organic compounds; Lipids and lipid-like molecules; Organic acids and derivatives; Carboxylic acids and derivatives; Organonitrogen compounds; Organooxygen compounds; Fatty amides; Carboxylic acid amides; Carboxylic acid derivatives; N-acyl amines; Monocarboxylic acids and derivatives; Carboxylic acids; Secondary carboxylic acid amides; Carbonyl compounds; Fatty Acyls; Organic oxides; Hydrocarbon derivatives; Organopnictogen compounds; Organic oxygen compounds; Organic nitrogen compounds; Chemical entities	361.341	435	7.258	816966327851167007	816964234788193997	816964234779805388	2168	
1	C24H38O2	[M + K]+	C24H38KO2+	Terpenoids	0.976	Steroids	0.996	Cholane steroids	0.613	Lipids and lipid-like molecules	0.992	Steroids and steroid derivatives	0.985	Steroid esters	0.762			Steroid esters	0.762	Organic compounds; Lipids and lipid-like molecules; Steroids and steroid derivatives; Organic acids and derivatives; Carboxylic acids and derivatives; Organooxygen compounds; Carboxylic acid derivatives; Monocarboxylic acids and derivatives; Carboxylic acid esters; Steroid esters; Carbonyl compounds; Organic oxides; Hydrocarbon derivatives; Organic oxygen compounds; Chemical entities	397.253	436	7.265	816966327901498744	816964234842719954	816964234842719953	2170	
2	C16H35NO3	[M + Na]+	C16H35NNaO3+	Fatty acids	0.999	Spingolipids	0.911	Sphingoid bases	0.989	Organic nitrogen compounds	0.999	Organonitrogen compounds	0.997	Amines	0.809	Alkanolamines	0.814	1,2-aminoalcohols	0.729	Organic compounds; Alcohols and polyols; Organonitrogen compounds; Primary alcohols; Organooxygen compounds; Monoalkylamines; Secondary alcohols; 1,2-aminoalcohols; Amines; Primary amines; Alkanolamines; Hydrocarbon derivatives; Organopnictogen compounds; Organic oxygen compounds; Organic nitrogen compounds; Chemical entities	312.251	437	7.278	816966274025660996	816964234939188951	816964234939188950	2189	
1	C18H31NO2	[M + H]+	C18H32NO2+	Alkaloids	0.950	Pseudoalkaloids (transamidation)	0.986	Steroidal alkaloids	0.151	Benzenoids	0.803	Benzene and substituted derivatives	0.761					Benzene and substituted derivatives	0.761	Organic compounds; Lipids and lipid-like molecules; Organonitrogen compounds; Organooxygen compounds; Benzene and substituted derivatives; Benzenoids; Amines; Hydrocarbon derivatives; Organopnictogen compounds; Organic oxygen compounds; Organic nitrogen compounds; Chemical entities	294.241	438	7.304	816966327884721493	816964235178264299	816964235178264298	2181	
1	C19H32O5	[M + H]+	C19H33O5+	Polyketides	0.459	Linear polyketides	0.318	Open-chain polyketides	0.479	Lipids and lipid-like molecules	0.862	Fatty Acyls	0.745					Fatty Acyls	0.745	Organic compounds; Lipids and lipid-like molecules; Alcohols and polyols; Organic acids and derivatives; Carboxylic acids and derivatives; Primary alcohols; Organooxygen compounds; Carboxylic acid derivatives; Carboxylic acid esters; Secondary alcohols; Carbonyl compounds; Fatty Acyls; Organic oxides; Hydrocarbon derivatives; Organic oxygen compounds; Chemical entities	341.231	438	7.306	816966327842778377	816964235287316213	816964235287316212	2187	
1	C18H28O3	[M + H]+	C18H29O3+	Terpenoids	0.639	Octadecanoids	0.358	Phytane diterpenoids	0.117	Lipids and lipid-like molecules	0.885	Fatty Acyls	0.615	Fatty acids and conjugates	0.595			Fatty acids and conjugates	0.595	Organic compounds; Lipids and lipid-like molecules; Ketones; Fatty acids and conjugates; Organic acids and derivatives; Carboxylic acids and derivatives; Organooxygen compounds; Monocarboxylic acids and derivatives; Carboxylic acids; Carbonyl compounds; Cyclic ketones; Fatty Acyls; Organic oxides; Hydrocarbon derivatives; Organic oxygen compounds; Chemical entities	293.210	439	7.323	816966327834389752	816964235417339647	816964235417339646	2191	
1	C18H39NO2	[M + H]+	C18H40NO2+	Fatty acids	1.000	Spingolipids	0.996	Sphingoid bases	0.999	Organic nitrogen compounds	1.000	Organonitrogen compounds	1.000	Amines	0.966	Alkanolamines	0.974	1,2-aminoalcohols	0.953	Organic compounds; Alcohols and polyols; Organonitrogen compounds; Primary alcohols; Organooxygen compounds; Monoalkylamines; Secondary alcohols; 1,2-aminoalcohols; Amines; Primary amines; Alkanolamines; Hydrocarbon derivatives; Organopnictogen compounds; Organic oxygen compounds; Organic nitrogen compounds; Chemical entities	302.304	440	7.335	816966268929557788	816964235488642820	816964235488642819	2196	
2	C15H29N5O3	[M + Na]+	C15H29N5NaO3+	Amino acids and Peptides	0.335	Small peptides	0.386	Dipeptides	0.132	Organoheterocyclic compounds	0.959	Diazines	0.704	Pyrimidines and pyrimidine derivatives	0.711	Aminopyrimidines and derivatives	0.512	Aminopyrimidines and derivatives	0.512	Organic compounds; Organoheterocyclic compounds; Pyrimidines and pyrimidine derivatives; Imidazoles; Alcohols and polyols; Organic acids and derivatives; Carboxylic acids and derivatives; Organonitrogen compounds; Organooxygen compounds; Azoles; Aminopyrimidines and derivatives; Diazines; Carbonyl compounds; Substituted imidazoles; N-substituted imidazoles; Amines; Organic oxides; Azacyclic compounds; Heteroaromatic compounds; Hydrocarbon derivatives; Organopnictogen compounds; Organic oxygen compounds; Organic nitrogen compounds; Chemical entities	350.219	441	7.350	816966327817612492	816964235803215645	816964235794827036	2185	
1	C17H37NOS	[M + H]+	C17H38NOS+	Fatty acids	0.991	Fatty amides	0.769	Primary amides	0.518	Lipids and lipid-like molecules	0.374	Fatty Acyls	0.538					Fatty Acyls	0.538	Organic compounds; Organosulfur compounds; Organic acids and derivatives; Organonitrogen compounds; Organooxygen compounds; Fatty Acyls; Organic oxides; Hydrocarbon derivatives; Organopnictogen compounds; Organic oxygen compounds; Organic nitrogen compounds; Chemical entities	304.268	442	7.361	816966274029855310	816964235664803603	816964235664803602	2193	
2	C16H27N7O2	[M + H]+	C16H28N7O2+	Alkaloids	0.928	Pseudoalkaloids (transamidation)	0.213	Purine alkaloids	0.297	Organoheterocyclic compounds	0.995	Diazines	0.553	Pyrimidines and pyrimidine derivatives	0.479	Aminopyrimidines and derivatives	0.605	Aminopyrimidines and derivatives	0.605	Organic compounds; Organoheterocyclic compounds; Imidazoles; Alcohols and polyols; Ethers; Organonitrogen compounds; Primary alcohols; Organooxygen compounds; Azoles; Dialkyl ethers; Aminopyrimidines and derivatives; Diazines; Amines; Secondary amines; Imidolactams; Azacyclic compounds; Heteroaromatic compounds; Hydrocarbon derivatives; Organopnictogen compounds; Organic oxygen compounds; Organic nitrogen compounds; Chemical entities	350.229	442	7.371	816966327918275981	816964236038096689	816964236038096688	2206	
1	C24H45NO7	[M + H]+	C24H46NO7+	Fatty acids	0.981	Spingolipids	0.985	Neutral glycosphingolipids	0.825	Lipids and lipid-like molecules	0.880	Fatty Acyls	0.804	Fatty acyl glycosides	0.932	Alkyl glycosides	0.920	Alkyl glycosides	0.920	Organic compounds; Organoheterocyclic compounds; Carbohydrates and carbohydrate conjugates; Lipids and lipid-like molecules; Alcohols and polyols; Ethers; Organonitrogen compounds; Primary alcohols; Organooxygen compounds; Monoalkylamines; Hexoses; Monosaccharides; Acetals; Secondary alcohols; Fatty acyl glycosides; 1,2-aminoalcohols; Oxanes; Glycosyl compounds; Alkyl glycosides; O-glycosyl compounds; Polyols; Amines; Primary amines; Alkanolamines; Fatty acyl glycosides of mono- and disaccharides; Fatty Acyls; Oxacyclic compounds; Hydrocarbon derivatives; Organopnictogen compounds; Organic oxygen compounds; Organic nitrogen compounds; Chemical entities	460.325	443	7.380	816966327893110115	816964236105205558	816964236105205557	2211	
1	C18H34O5	[M + H]+	C18H35O5+	Fatty acids	0.978	Octadecanoids	0.392	Fatty alcohols	0.328	Lipids and lipid-like molecules	0.953	Fatty Acyls	0.920	Fatty acids and conjugates	0.509			Fatty acids and conjugates	0.509	Organic compounds; Lipids and lipid-like molecules; Alcohols and polyols; Fatty acids and conjugates; Organic acids and derivatives; Carboxylic acids and derivatives; Organooxygen compounds; Monocarboxylic acids and derivatives; Carboxylic acids; Carboxylic acid esters; Secondary alcohols; Carbonyl compounds; Polyols; Fatty Acyls; Organic oxides; Hydrocarbon derivatives; Organic oxygen compounds; Chemical entities	331.247	443	7.389	816966444947817450	816964236415584079	816964236415584078	2217	
2	C18H34O5	[M - H2O + H]+	C18H33O4+	Fatty acids	0.999	Octadecanoids	0.907	Other Octadecanoids	0.932	Lipids and lipid-like molecules	0.994	Fatty Acyls	0.988	Fatty acids and conjugates	0.943	Long-chain fatty acids	0.914	Long-chain fatty acids	0.914	Organic compounds; Lipids and lipid-like molecules; Alcohols and polyols; Fatty acids and conjugates; Organic acids and derivatives; Carboxylic acids and derivatives; Organooxygen compounds; Unsaturated fatty acids; Hydroxy fatty acids; Monocarboxylic acids and derivatives; Carboxylic acids; Secondary alcohols; Carbonyl compounds; Long-chain fatty acids; Fatty Acyls; Organic oxides; Hydrocarbon derivatives; Organic oxygen compounds; Chemical entities	313.236	443	7.391	816966453252542126	816964236520441689	816964236520441688	2219	
1	C21H45NO6	[M + Na]+	C21H45NNaO6+	Fatty acids	0.995	Spingolipids	0.964	Sphingoid bases	0.990	Organic nitrogen compounds	0.999	Organonitrogen compounds	0.999	Amines	0.950	Alkanolamines	0.965	1,3-aminoalcohols	0.619	Organic compounds; Alcohols and polyols; Organonitrogen compounds; Primary alcohols; Organooxygen compounds; Monoalkylamines; Secondary alcohols; 1,3-aminoalcohols; 1,2-aminoalcohols; Polyols; Amines; Primary amines; Alkanolamines; Hydrocarbon derivatives; Organopnictogen compounds; Organic oxygen compounds; Organic nitrogen compounds; Chemical entities	430.315	444	7.404	816966449389586498	816964236730156904	816964236730156903	2226	
4	C38H70N2O2	[M + K]+	C38H70KN2O2+	Fatty acids	1.000	Fatty amides	0.975	N-acyl amines	0.462	Lipids and lipid-like molecules	0.971	Fatty Acyls	0.959	Fatty amides	0.954	N-acyl amines	0.939	N-acyl amines	0.939	Organic compounds; Lipids and lipid-like molecules; Alcohols and polyols; Organic acids and derivatives; Carboxylic acids and derivatives; Organonitrogen compounds; Primary alcohols; Organooxygen compounds; Fatty amides; Carboxylic acid amides; Carboxylic acid derivatives; N-acyl amines; Secondary carboxylic acid amides; Carbonyl compounds; Fatty Acyls; Organic oxides; Hydrocarbon derivatives; Organopnictogen compounds; Organic oxygen compounds; Organic nitrogen compounds; Chemical entities	625.512	446	7.435	816966445065258051	816964236797265773	816964236797265772	2246	
4	C32H70N6O2	[M + K]+	C32H70KN6O2+	Fatty acids	0.504	Fatty amides	0.181	Imidazole alkaloids	0.069	Organic acids and derivatives	0.989	Carboxylic acids and derivatives	0.976	Amino acids, peptides, and analogues	0.578	Amino acids and derivatives	0.570	Amino acids and derivatives	0.570	Organic compounds; Organoheterocyclic compounds; Lipids and lipid-like molecules; Amino acids, peptides, and analogues; Organic acids and derivatives; Carboxylic acids and derivatives; Organonitrogen compounds; Organooxygen compounds; Fatty amides; Amino acids and derivatives; Azoles; Carboxylic acid amides; Carboxylic acid derivatives; N-acyl amines; Secondary carboxylic acid amides; Carbonyl compounds; Amines; Fatty Acyls; Organic oxides; Azacyclic compounds; Heteroaromatic compounds; Hydrocarbon derivatives; Organopnictogen compounds; Organic oxygen compounds; Organic nitrogen compounds; Chemical entities	609.518	446	7.435	816966447615395541	816964236897929079	816964236897929078	2247	
1	C18H35NO2	[M - H2O + H]+	C18H34NO+	Fatty acids	0.997	Spingolipids	1.000	Sphingoid bases	1.000	Organic nitrogen compounds	1.000	Organonitrogen compounds	1.000	Amines	0.997	Alkanolamines	0.984	1,2-aminoalcohols	0.989	Organic compounds; Alcohols and polyols; Organonitrogen compounds; Primary alcohols; Organooxygen compounds; Monoalkylamines; Secondary alcohols; 1,2-aminoalcohols; Amines; Primary amines; Alkanolamines; Hydrocarbon derivatives; Organopnictogen compounds; Organic oxygen compounds; Organic nitrogen compounds; Chemical entities	280.262	446	7.437	816966440275362052	816964236969232252	816964236969232251	2232	
2	C18H30O	[M + C2H3N + H]+	C20H34NO+	Fatty acids	0.983	Fatty acyls	0.934	Fatty alcohols	0.556	Benzenoids	0.958	Benzene and substituted derivatives	0.902					Benzene and substituted derivatives	0.902	Organic compounds; Lipids and lipid-like molecules; Organooxygen compounds; Carbonyl compounds; Benzene and substituted derivatives; Benzenoids; Fatty Acyls; Organic oxides; Hydrocarbon derivatives; Organic oxygen compounds; Chemical entities	304.263	446	7.437	816966449343449123	816964237040535425	816964237040535424	2233	
1	C18H28O2	[M + H]+	C18H29O2+	Fatty acids	0.637	Diterpenoids	0.575	Carbocyclic fatty acids	0.317	Lipids and lipid-like molecules	0.923	Prenol lipids	0.621					Prenol lipids	0.621	Organic compounds; Lipids and lipid-like molecules; Prenol lipids; Organic acids and derivatives; Carboxylic acids and derivatives; Organooxygen compounds; Monocarboxylic acids and derivatives; Carboxylic acids; Carbonyl compounds; Organic oxides; Hydrocarbon derivatives; Organic oxygen compounds; Chemical entities	277.215	446	7.437	816966446868809276	816964236830820210	816964236830820209	2228	
1	C20H43N	[M + H]+	C20H44N+	Fatty acids	0.904	Fatty acyls	0.774	Sphingoid bases	0.350	Organic nitrogen compounds	0.999	Organonitrogen compounds	0.998	Amines	0.687			Amines	0.687	Organic compounds; Organonitrogen compounds; Amines; Hydrocarbon derivatives; Organopnictogen compounds; Organic nitrogen compounds; Chemical entities	298.344	446	7.437	816966440761901503	816964237074089862	816964237074089861	2234	
1	C18H35NO2	[M + H]+	C18H36NO2+	Fatty acids	0.999	Spingolipids	1.000	Sphingoid bases	1.000	Organic nitrogen compounds	1.000	Organonitrogen compounds	1.000	Amines	0.997	Alkanolamines	0.969	1,2-aminoalcohols	0.982	Organic compounds; Alcohols and polyols; Organonitrogen compounds; Primary alcohols; Organooxygen compounds; Monoalkylamines; Secondary alcohols; 1,2-aminoalcohols; Amines; Primary amines; Alkanolamines; Hydrocarbon derivatives; Organopnictogen compounds; Organic oxygen compounds; Organic nitrogen compounds; Chemical entities	298.273	446	7.438	816966445082035292	816964237141198731	816964237141198730	2237	
1	C36H70N2O5	[M + H]+	C36H71N2O5+	Fatty acids	1.000	Spingolipids	0.974	Ceramides	0.793	Lipids and lipid-like molecules	0.988	Sphingolipids	0.613	Ceramides	0.668			Ceramides	0.668	Organic compounds; Lipids and lipid-like molecules; Alcohols and polyols; Sphingolipids; Organic acids and derivatives; Carboxylic acids and derivatives; Organonitrogen compounds; Primary alcohols; Organooxygen compounds; Fatty amides; Carboxylic acid amides; Carboxylic acid derivatives; N-acyl amines; Monocarboxylic acids and derivatives; Carboxylic acid esters; Ceramides; Secondary alcohols; Secondary carboxylic acid amides; Carbonyl compounds; Fatty Acyls; Organic oxides; Hydrocarbon derivatives; Organopnictogen compounds; Organic oxygen compounds; Organic nitrogen compounds; Chemical entities	611.532	446	7.439	816966452522732753	816964237212501904	816964237212501903	2245	
2	C16H32O3	[M + Na]+	C16H32NaO3+	Fatty acids	0.950	Octadecanoids	0.474	Fatty alcohols	0.428	Lipids and lipid-like molecules	0.847	Fatty Acyls	0.771					Fatty Acyls	0.771	Organic compounds; Lipids and lipid-like molecules; Alcohols and polyols; Organic acids and derivatives; Carboxylic acids and derivatives; Organooxygen compounds; Monocarboxylic acids and derivatives; Secondary alcohols; Carbonyl compounds; Fatty Acyls; Organic oxides; Hydrocarbon derivatives; Organic oxygen compounds; Chemical entities	295.225	447	7.453	816966452283657205	816964237283805077	816964237283805076	2250	
2	C15H28N2O6	[M + H3N + H]+	C15H32N3O6+	Amino acids and Peptides	0.773	Small peptides	0.310	Pyrimidine nucleosides	0.099	Organic acids and derivatives	0.997	Carboxylic acids and derivatives	0.992	Amino acids, peptides, and analogues	0.807	Amino acids and derivatives	0.804	Alpha amino acids and derivatives	0.602	Organic compounds; Organoheterocyclic compounds; Lipids and lipid-like molecules; Amino acids, peptides, and analogues; Alpha amino acids and derivatives; Organic acids and derivatives; Carboxylic acids and derivatives; Organonitrogen compounds; Organooxygen compounds; Fatty acid esters; Amino acids and derivatives; Carboxylic acid derivatives; Carboxylic acid esters; Carbonyl compounds; Fatty Acyls; Organic oxides; Hydrocarbon derivatives; Organopnictogen compounds; Organic oxygen compounds; Organic nitrogen compounds; Chemical entities	350.229	448	7.471	816966452363349056	816964237430605727	816964237430605726	2260	
3	C18H28O3	[M - H2O + H]+	C18H27O2+	Fatty acids	0.890	Octadecanoids	0.396	Other Octadecanoids	0.270	Lipids and lipid-like molecules	0.890	Fatty Acyls	0.694	Fatty acids and conjugates	0.734	Long-chain fatty acids	0.692	Long-chain fatty acids	0.692	Organic compounds; Lipids and lipid-like molecules; Ketones; Fatty acids and conjugates; Organic acids and derivatives; Carboxylic acids and derivatives; Organooxygen compounds; Unsaturated fatty acids; Monocarboxylic acids and derivatives; Carboxylic acids; Carbonyl compounds; Long-chain fatty acids; Fatty Acyls; Organic oxides; Hydrocarbon derivatives; Organic oxygen compounds; Chemical entities	275.199	450	7.492	816966450849204740	816964237627738030	816964237627738029	2263	
2	C22H35N	[M + Na]+	C22H35NNa+	Alkaloids	0.920	Pseudoalkaloids (transamidation)	0.968	Steroidal alkaloids	0.629	Organic nitrogen compounds	1.000	Organonitrogen compounds	1.000	Amines	0.881			Amines	0.881	Organic compounds; Organonitrogen compounds; Amines; Hydrocarbon derivatives; Organopnictogen compounds; Organic nitrogen compounds; Chemical entities	336.265	450	7.506	816966451130223227	816964237690652595	816964237678069682	2268	
1	C42H65NO8	[M + H]+	C42H66NO8+	Fatty acids	0.994	Spingolipids	0.998	Neutral glycosphingolipids	0.985	Lipids and lipid-like molecules	0.956	Sphingolipids	0.930	Glycosphingolipids	0.926	Neutral glycosphingolipids	0.847	Glycosyl-N-acylsphingosines	0.835	Organic compounds; Organoheterocyclic compounds; Carbohydrates and carbohydrate conjugates; Lipids and lipid-like molecules; Alcohols and polyols; Ethers; Sphingolipids; Organic acids and derivatives; Carboxylic acids and derivatives; Organonitrogen compounds; Primary alcohols; Organooxygen compounds; Fatty amides; Carboxylic acid amides; Carboxylic acid derivatives; N-acyl amines; Neutral glycosphingolipids; Simple glycosylceramides; Hexoses; Monosaccharides; Acetals; Secondary alcohols; Secondary carboxylic acid amides; Fatty acyl glycosides; Carbonyl compounds; Oxanes; Glycosyl compounds; Alkyl glycosides; O-glycosyl compounds; Polyols; Glycosphingolipids; Fatty acyl glycosides of mono- and disaccharides; Fatty Acyls; Organic oxides; Oxacyclic compounds; Hydrocarbon derivatives; Glycosyl-N-acylsphingosines; Organopnictogen compounds; Organic oxygen compounds; Organic nitrogen compounds; Chemical entities	712.476	452	7.541	816966452514344121	816964237925533639	816964237925533638	2280	
2	C27H50	[M + Na]+	C27H50Na+	Terpenoids	0.934	Steroids	0.909	Cholestane steroids	0.882	Lipids and lipid-like molecules	0.977	Steroids and steroid derivatives	0.888	Cholestane steroids	0.627			Cholestane steroids	0.627	Organic compounds; Lipids and lipid-like molecules; Steroids and steroid derivatives; Hydrocarbons; Cholestane steroids; Polycyclic hydrocarbons; Saturated hydrocarbons; Chemical entities	397.381	453	7.549	816966458000496419	816964238416267232	816964238416267231	2295	
1	C24H30O6	[M + H]+	C24H31O6+	Shikimates and Phenylpropanoids	0.328	Lignans	0.761	Dibenzocyclooctadienes lignans	0.297	Organic oxygen compounds	1.000	Organooxygen compounds	1.000	Ethers	0.799	Alkyl aryl ethers	0.543	Alkyl aryl ethers	0.543	Organic compounds; Organoheterocyclic compounds; Alkyl aryl ethers; Alcohols and polyols; Ethers; Organic acids and derivatives; Organooxygen compounds; Benzenoids; Organic oxides; Oxacyclic compounds; Hydrocarbon derivatives; Organic oxygen compounds; Chemical entities	415.210	453	7.553	816966453130907226	816964238454015973	816964238454015972	2285	
1	C24H49NO8	[M + H]+	C24H50NO8+	Fatty acids	0.996	Spingolipids	0.982	Neutral glycosphingolipids	0.403	Lipids and lipid-like molecules	0.980	Sphingolipids	0.718					Sphingolipids	0.718	Organic compounds; Organoheterocyclic compounds; Carbohydrates and carbohydrate conjugates; Lipids and lipid-like molecules; Alcohols and polyols; Sphingolipids; Organic acids and derivatives; Carboxylic acids and derivatives; Organonitrogen compounds; Primary alcohols; Organooxygen compounds; Fatty amides; Carboxylic acid amides; Carboxylic acid derivatives; N-acyl amines; Hexoses; Monosaccharides; Secondary alcohols; Secondary carboxylic acid amides; Fatty acyl glycosides; Carbonyl compounds; Oxanes; Alkyl glycosides; Polyols; Fatty acyl glycosides of mono- and disaccharides; Fatty Acyls; Organic oxides; Oxacyclic compounds; Hydrocarbon derivatives; Organopnictogen compounds; Organic oxygen compounds; Organic nitrogen compounds; Chemical entities	480.351	454	7.570	816966459833407871	816964238693091321	816964238693091320	2296	
3	C18H29NO3	[M + H]+	C18H30NO3+	Alkaloids	0.998	Pseudoalkaloids (transamidation)	1.000	Capsaicins and Capsaicinoids	1.000	Lipids and lipid-like molecules	0.984	Fatty Acyls	0.988	Fatty amides	0.985	N-acyl amines	0.935	N-acyl amines	0.935	Organic compounds; Lipids and lipid-like molecules; Alkyl aryl ethers; Phenols; Anisoles; Methoxyphenols; Ethers; Organic acids and derivatives; Carboxylic acids and derivatives; Organonitrogen compounds; Organooxygen compounds; Fatty amides; Carboxylic acid amides; Carboxylic acid derivatives; N-acyl amines; Secondary carboxylic acid amides; Carbonyl compounds; Benzene and substituted derivatives; Phenol ethers; Benzenoids; Fatty Acyls; Organic oxides; Methoxybenzenes; Hydrocarbon derivatives; Organic oxygen compounds; 1-hydroxy-2-unsubstituted benzenoids; Organic nitrogen compounds; Phenoxy compounds; Chemical entities	308.219	455	7.581	816966461175585859	816964238831503363	816964238831503362	2299	
2	C18H29NO2	[M + H]+	C18H30NO2+	Alkaloids	0.925	Pseudoalkaloids (transamidation)	0.873	Phenylalanine-derived alkaloids	0.664	Benzenoids	0.988	Benzene and substituted derivatives	0.966	Phenoxy compounds	0.503			Phenoxy compounds	0.503	Organic compounds; Alcohols and polyols; Organonitrogen compounds; Organooxygen compounds; Secondary alcohols; 1,2-aminoalcohols; Dialkylamines; Benzene and substituted derivatives; Benzenoids; Amines; Secondary amines; Alkanolamines; Aralkylamines; Hydrocarbon derivatives; Organopnictogen compounds; Organic oxygen compounds; Organic nitrogen compounds; Phenoxy compounds; Chemical entities	292.225	455	7.589	816966460869401492	816964239037024274	816964239037024273	2262	
3	C14H31NO	[M + Na]+	C14H31NNaO+	Fatty acids	1.000	Fatty amides	0.897	Sphingoid bases	0.821	Organic nitrogen compounds	0.999	Organonitrogen compounds	0.997	Amines	0.715	Alkanolamines	0.562	Alkanolamines	0.562	Organic compounds; Alcohols and polyols; Organonitrogen compounds; Organooxygen compounds; Amines; Alkanolamines; Hydrocarbon derivatives; Organopnictogen compounds; Organic oxygen compounds; Organic nitrogen compounds; Chemical entities	252.231	455	7.591	816966451713231650	816964239108327447	816964239108327446	2306	
2	C49H65NO4	[M + H]+	C49H66NO4+	Fatty acids	1.000	Spingolipids	0.993	Ceramides	0.849	Lipids and lipid-like molecules	0.967	Sphingolipids	0.653	Ceramides	0.597			Ceramides	0.597	Organic compounds; Lipids and lipid-like molecules; Alcohols and polyols; Sphingolipids; Organic acids and derivatives; Carboxylic acids and derivatives; Organonitrogen compounds; Organooxygen compounds; Fatty amides; Carboxylic acid amides; Carboxylic acid derivatives; N-acyl amines; Monocarboxylic acids and derivatives; Carboxylic acids; Ceramides; Secondary alcohols; Secondary carboxylic acid amides; Carbonyl compounds; Fatty Acyls; Organic oxides; Hydrocarbon derivatives; Organopnictogen compounds; Organic oxygen compounds; Organic nitrogen compounds; Chemical entities	732.502	456	7.596	816966459971819941	816964239175436316	816964239175436315	2308	
2	C18H33NO4	[M + Na]+	C18H33NNaO4+	Fatty acids	0.991	Fatty amides	0.926	N-acyl amines	0.783	Organic acids and derivatives	0.981	Carboxylic acids and derivatives	0.977	Amino acids, peptides, and analogues	0.521	Amino acids and derivatives	0.516	Amino acids and derivatives	0.516	Organic compounds; Lipids and lipid-like molecules; Amino acids, peptides, and analogues; Alcohols and polyols; Organic acids and derivatives; Carboxylic acids and derivatives; Organonitrogen compounds; Organooxygen compounds; Fatty amides; Amino acids and derivatives; Carboxylic acid amides; Carboxylic acid derivatives; N-acyl amines; Monocarboxylic acids and derivatives; Carboxylic acid esters; Secondary alcohols; Carbonyl compounds; Fatty Acyls; Organic oxides; Hydrocarbon derivatives; Organopnictogen compounds; Organic oxygen compounds; Organic nitrogen compounds; Chemical entities	350.229	457	7.609	816966456947725633	816964239313848358	816964239313848357	2309	
1	C18H39NO3	[M + H]+	C18H40NO3+	Fatty acids	1.000	Spingolipids	1.000	Sphingoid bases	1.000	Organic nitrogen compounds	1.000	Organonitrogen compounds	1.000	Amines	0.995	Alkanolamines	0.982	1,3-aminoalcohols	0.726	Organic compounds; Alcohols and polyols; Organonitrogen compounds; Primary alcohols; Organooxygen compounds; Monoalkylamines; Secondary alcohols; 1,3-aminoalcohols; 1,2-aminoalcohols; Polyols; Amines; Primary amines; Alkanolamines; Hydrocarbon derivatives; Organopnictogen compounds; Organic oxygen compounds; Organic nitrogen compounds; Chemical entities	318.299	457	7.616	816966454607302961	816964239347402795	816964239347402794	2314	
2	C18H39NO3	[M - H2O + H]+	C18H38NO2+	Fatty acids	0.999	Spingolipids	1.000	Sphingoid bases	1.000	Organic nitrogen compounds	1.000	Organonitrogen compounds	1.000	Amines	0.999	Alkanolamines	0.992	1,3-aminoalcohols	0.760	Organic compounds; Alcohols and polyols; Organonitrogen compounds; Primary alcohols; Organooxygen compounds; Monoalkylamines; Secondary alcohols; 1,3-aminoalcohols; 1,2-aminoalcohols; Polyols; Amines; Primary amines; Alkanolamines; Hydrocarbon derivatives; Organopnictogen compounds; Organic oxygen compounds; Organic nitrogen compounds; Chemical entities	300.288	457	7.617	816966449435723859	816964239624226879	816964239624226878	2320	
1	C36H72N2O7	[M + H]+	C36H73N2O7+	Fatty acids	1.000	Spingolipids	0.987	Ceramides	0.817	Lipids and lipid-like molecules	0.992	Sphingolipids	0.722	Ceramides	0.828			Ceramides	0.828	Organic compounds; Lipids and lipid-like molecules; Alcohols and polyols; Sphingolipids; Organic acids and derivatives; Carboxylic acids and derivatives; Organonitrogen compounds; Primary alcohols; Organooxygen compounds; Fatty amides; Carboxylic acid amides; Carboxylic acid derivatives; N-acyl amines; Monocarboxylic acids and derivatives; Carboxylic acids; Ceramides; Secondary alcohols; Secondary carboxylic acid amides; Carbonyl compounds; Fatty Acyls; Organic oxides; Hydrocarbon derivatives; Organopnictogen compounds; Organic oxygen compounds; Organic nitrogen compounds; Chemical entities	645.539	457	7.618	816966464853991515	816964239720695881	816964239720695880	2318	
1	C21H38O5	[M + H]+	C21H39O5+	Fatty acids	0.553	Fatty acyls	0.342	Fatty alcohols	0.393	Lipids and lipid-like molecules	0.940	Fatty Acyls	0.885					Fatty Acyls	0.885	Organic compounds; Lipids and lipid-like molecules; Alcohols and polyols; Organic acids and derivatives; Carboxylic acids and derivatives; Primary alcohols; Organooxygen compounds; Carboxylic acid derivatives; Carboxylic acid esters; Secondary alcohols; Carbonyl compounds; Fatty Acyls; Organic oxides; Hydrocarbon derivatives; Organic oxygen compounds; Chemical entities	371.278	458	7.634	816966467987137569	816964239963965528	816964239955576919	2336	
2	C19H41NO4	[M + Na]+	C19H41NNaO4+	Fatty acids	1.000	Spingolipids	0.991	Sphingoid bases	0.994	Lipids and lipid-like molecules	0.613							Lipids and lipid-like molecules	0.613	Organic compounds; Lipids and lipid-like molecules; Alcohols and polyols; Organonitrogen compounds; Primary alcohols; Organooxygen compounds; Monoalkylamines; Secondary alcohols; 1,2-aminoalcohols; Polyols; Amines; Primary amines; Alkanolamines; Hydrocarbon derivatives; Organopnictogen compounds; Organic oxygen compounds; Organic nitrogen compounds; Chemical entities	370.293	459	7.647	816966463876718339	816964240135932007	816964240135932006	2338	
1	C18H37NO3	[M + H]+	C18H38NO3+	Amino acids and Peptides	0.708	Linear polyketides	0.567	Open-chain polyketides	0.569	Lipids and lipid-like molecules	0.877	Fatty Acyls	0.821	Fatty amides	0.741	N-acyl amines	0.737	N-acyl amines	0.737	Organic compounds; Lipids and lipid-like molecules; Alcohols and polyols; Organic acids and derivatives; Carboxylic acids and derivatives; Organonitrogen compounds; Organooxygen compounds; Fatty amides; Carboxylic acid amides; Carboxylic acid derivatives; N-acyl amines; Monocarboxylic acids and derivatives; Secondary alcohols; Secondary carboxylic acid amides; Carbonyl compounds; Fatty Acyls; Organic oxides; Hydrocarbon derivatives; Organopnictogen compounds; Organic oxygen compounds; Organic nitrogen compounds; Chemical entities	316.282	459	7.647	816966458667390972	816964240203040876	816964240203040875	2339	
2	C20H43NO3	[M + Na]+	C20H43NNaO3+	Fatty acids	0.999	Spingolipids	0.935	Sphingoid bases	0.978	Lipids and lipid-like molecules	0.616							Lipids and lipid-like molecules	0.616	Organic compounds; Lipids and lipid-like molecules; Alcohols and polyols; Organonitrogen compounds; Primary alcohols; Organooxygen compounds; Secondary alcohols; 1,2-aminoalcohols; Amines; Alkanolamines; Hydrocarbon derivatives; Organopnictogen compounds; Organic oxygen compounds; Organic nitrogen compounds; Chemical entities	368.314	459	7.658	816966463704751793	816964240379201659	816964240379201658	2344	
1	C17H35NO3	[M + H]+	C17H36NO3+	Fatty acids	0.994	Fatty amides	0.976	N-acyl amines	0.928	Organic acids and derivatives	1.000	Carboxylic acids and derivatives	1.000	Amino acids, peptides, and analogues	0.991	Amino acids and derivatives	0.991	N-acyl-alpha amino acids	0.890	Organic compounds; Lipids and lipid-like molecules; Amino acids, peptides, and analogues; Alpha amino acids and derivatives; Organic acids and derivatives; Carboxylic acids and derivatives; Organonitrogen compounds; Organooxygen compounds; Fatty amides; Amino acids and derivatives; Carboxylic acid amides; Carboxylic acid derivatives; N-acyl amines; Monocarboxylic acids and derivatives; N-acyl-alpha amino acids and derivatives; Carboxylic acids; Tertiary carboxylic acid amides; Carbonyl compounds; N-acyl-alpha amino acids; Fatty Acyls; Organic oxides; Hydrocarbon derivatives; Organopnictogen compounds; Organic oxygen compounds; Organic nitrogen compounds; Chemical entities	302.268	460	7.672	816966450840816123	816964240513419397	816964240513419396	2347	
1	C16H34O4	[M + Na]+	C16H34NaO4+	Fatty acids	0.999	Fatty acyls	0.989	Fatty alcohols	0.997	Lipids and lipid-like molecules	0.799	Fatty Acyls	0.757	Fatty alcohols	0.685			Fatty alcohols	0.685	Organic compounds; Lipids and lipid-like molecules; Alcohols and polyols; Primary alcohols; Organooxygen compounds; Fatty alcohols; Fatty Acyls; Hydrocarbon derivatives; Organic oxygen compounds; Chemical entities	313.236	461	7.683	816966459325896943	816964240584722570	816964240584722569	2350	
1	C18H28O2	[M + H]+	C18H29O2+	Terpenoids	0.910	Diterpenoids	0.711	Bisabolane sesquiterpenoids	0.123	Lipids and lipid-like molecules	0.874	Prenol lipids	0.701					Prenol lipids	0.701	Organic compounds; Lipids and lipid-like molecules; Alcohols and polyols; Prenol lipids; Organooxygen compounds; Hydrocarbon derivatives; Organic oxygen compounds; Chemical entities	277.215	461	7.684	816966454175289451	816964240639248527	816964240639248526	2349	
1	C16H34O2	[M + Na]+	C16H34NaO2+	Fatty acids	0.993	Fatty acyls	0.907	Fatty alcohols	0.940	Lipids and lipid-like molecules	0.884	Fatty Acyls	0.860	Fatty alcohols	0.573			Fatty alcohols	0.573	Organic compounds; Lipids and lipid-like molecules; Alcohols and polyols; Organooxygen compounds; Fatty alcohols; Fatty Acyls; Hydrocarbon derivatives; Organic oxygen compounds; Chemical entities	281.246	462	7.694	816966455622324889	816964240756689049	816964240756689048	2354	
1	C17H34N4	[M + Na]+	C17H34N4Na+	Alkaloids	0.938	Pseudoalkaloids (transamidation)	0.518	Tricyclic guanidine alkaloids	0.203	Organoheterocyclic compounds	0.949	Azoles	0.719					Azoles	0.719	Organic compounds; Organoheterocyclic compounds; Organonitrogen compounds; Azoles; Amines; Azacyclic compounds; Heteroaromatic compounds; Hydrocarbon derivatives; Organopnictogen compounds; Organic nitrogen compounds; Chemical entities	317.268	462	7.694	816966455907537722	816964240827992222	816964240827992221	2352	
2	C18H32O2	[M - H2O + H]+	C18H31O+	Fatty acids	1.000	Fatty Acids and Conjugates	0.711	Unsaturated fatty acids	0.788	Lipids and lipid-like molecules	0.983	Fatty Acyls	0.976	Lineolic acids and derivatives	0.706			Lineolic acids and derivatives	0.706	Organic compounds; Lipids and lipid-like molecules; Fatty acids and conjugates; Organic acids and derivatives; Carboxylic acids and derivatives; Organooxygen compounds; Straight chain fatty acids; Unsaturated fatty acids; Lineolic acids and derivatives; Monocarboxylic acids and derivatives; Carboxylic acids; Carbonyl compounds; Long-chain fatty acids; Fatty Acyls; Organic oxides; Hydrocarbon derivatives; Organic oxygen compounds; Chemical entities	263.236	462	7.694	816966460793903966	816964240874129571	816964240874129570	2357	
1	C18H34O3	[M + H]+	C18H35O3+	Terpenoids	0.894	Diterpenoids	0.762	Labdane diterpenoids	0.420	Lipids and lipid-like molecules	0.873	Prenol lipids	0.732					Prenol lipids	0.732	Organic compounds; Lipids and lipid-like molecules; Alcohols and polyols; Prenol lipids; Organooxygen compounds; Secondary alcohols; Tertiary alcohols; Hydrocarbon derivatives; Organic oxygen compounds; Chemical entities	299.257	462	7.695	816966457170023876	816964240928655528	816964240928655527	2353	
1	C18H39NO2	[M + H]+	C18H40NO2+	Fatty acids	0.999	Spingolipids	0.926	Sphingoid bases	0.990	Organic nitrogen compounds	0.998	Organonitrogen compounds	0.998	Amines	0.915	Alkanolamines	0.877	1,2-aminoalcohols	0.666	Organic compounds; Alcohols and polyols; Organonitrogen compounds; Primary alcohols; Organooxygen compounds; 1,2-aminoalcohols; Amines; Primary amines; Alkanolamines; Hydrocarbon derivatives; Organopnictogen compounds; Organic oxygen compounds; Organic nitrogen compounds; Chemical entities	302.304	462	7.695	816966458663196665	816964240999958701	816964240999958700	2356	
1	C16H34N2O7	[M + H]+	C16H35N2O7+	Amino acids and Peptides	0.189	Polyols	0.169	Polyamines	0.138	Organic acids and derivatives	0.971	Carboxylic acids and derivatives	0.957	Amino acids, peptides, and analogues	0.746	Amino acids and derivatives	0.746	Amino acids and derivatives	0.746	Organic compounds; Lipids and lipid-like molecules; Amino acids, peptides, and analogues; Alcohols and polyols; Ethers; Organic acids and derivatives; Carboxylic acids and derivatives; Organonitrogen compounds; Organooxygen compounds; Fatty acid esters; Fatty amides; Amino acids and derivatives; Monoalkylamines; Carboxylic acid amides; Carboxylic acid derivatives; Dialkyl ethers; Carboxylic acid esters; Secondary alcohols; Carbonyl compounds; Amines; Primary amines; Methyl esters; Fatty Acyls; Organic oxides; Hydrocarbon derivatives; Organopnictogen compounds; Organic oxygen compounds; Organic nitrogen compounds; Chemical entities	367.244	462	7.701	816966472240163782	816964241100622007	816964241100622006	2361	
5	C19H33F2N	[M + H]+	C19H34F2N+	Alkaloids	0.734	Pseudoalkaloids (transamidation)	0.799	Steroidal alkaloids	0.102	Lipids and lipid-like molecules	0.527							Lipids and lipid-like molecules	0.527	Organic compounds; Lipids and lipid-like molecules; Organohalogen compounds; Organonitrogen compounds; Organofluorides; Dialkylamines; Amines; Secondary amines; Alkyl halides; Hydrocarbon derivatives; Organopnictogen compounds; Organic nitrogen compounds; Chemical entities	314.262	463	7.711	816966468079412321	816964241243228353	816964241243228352	2367	
4	C18H35NO4	[M + Na]+	C18H35NNaO4+	Fatty acids	0.985	Fatty amides	0.411	N-acyl amines	0.232	Organic acids and derivatives	0.982	Carboxylic acids and derivatives	0.978	Amino acids, peptides, and analogues	0.605	Amino acids and derivatives	0.601	Amino acids and derivatives	0.601	Organic compounds; Lipids and lipid-like molecules; Amino acids, peptides, and analogues; Organic acids and derivatives; Carboxylic acids and derivatives; Organonitrogen compounds; Organooxygen compounds; Fatty acid esters; Amino acids and derivatives; Carboxylic acid amides; Carboxylic acid derivatives; Monocarboxylic acids and derivatives; Carboxylic acid esters; Carbonyl compounds; Fatty Acyls; Organic oxides; Hydrocarbon derivatives; Organopnictogen compounds; Organic oxygen compounds; Organic nitrogen compounds; Chemical entities	352.244	463	7.722	816966467513181045	816964241448749264	816964241448749263	2378	
1	C20H41NO	[M + H]+	C20H42NO+	Fatty acids	0.994	Spingolipids	0.918	Sphingoid bases	0.983	Organic nitrogen compounds	1.000	Organonitrogen compounds	1.000	Amines	0.978	Alkanolamines	0.930	1,2-aminoalcohols	0.881	Organic compounds; Alcohols and polyols; Organonitrogen compounds; Primary alcohols; Organooxygen compounds; Secondary alcohols; 1,2-aminoalcohols; Amines; Alkanolamines; Hydrocarbon derivatives; Organopnictogen compounds; Organic oxygen compounds; Organic nitrogen compounds; Chemical entities	312.325	464	7.728	816966464417783769	816964241486498005	816964241486498004	2377	
1	C21H30N2	[M + H]+	C21H31N2+	Alkaloids	0.975	Pseudoalkaloids (transamidation)	0.875	Steroidal alkaloids	0.587	Organic nitrogen compounds	1.000	Organonitrogen compounds	1.000	Amines	0.874	Aralkylamines	0.512	Aralkylamines	0.512	Organic compounds; Organoheterocyclic compounds; Organonitrogen compounds; Trialkylamines; Benzenoids; Amines; Tertiary amines; Aralkylamines; Azacyclic compounds; Hydrocarbon derivatives; Organopnictogen compounds; Organic nitrogen compounds; Chemical entities	311.248	464	7.735	816966468800832889	816964241658464479	816964241658464478	2386	
3	C18H34O4	[M - H4O2 + H]+	C18H31O2+	Fatty acids	0.972	Fatty acyls	0.727	Fatty alcohols	0.907	Lipids and lipid-like molecules	0.976	Fatty Acyls	0.956	Fatty alcohols	0.752	Long-chain fatty alcohols	0.750	Long-chain fatty alcohols	0.750	Organic compounds; Lipids and lipid-like molecules; Alcohols and polyols; Organic acids and derivatives; Carboxylic acids and derivatives; Primary alcohols; Organooxygen compounds; Carboxylic acid derivatives; Monocarboxylic acids and derivatives; Carboxylic acid esters; Fatty alcohols; Secondary alcohols; Fatty alcohol esters; Carbonyl compounds; Polyols; 1,2-diols; Long-chain fatty alcohols; Fatty Acyls; Organic oxides; Hydrocarbon derivatives; Organic oxygen compounds; Chemical entities	279.231	464	7.735	816966469606139938	816964241692018916	816964241692018915	2387	
1	C18H34O4	[M + H]+	C18H35O4+	Fatty acids	0.974	Fatty acyls	0.475	Fatty alcohols	0.619	Lipids and lipid-like molecules	0.957	Fatty Acyls	0.937	Fatty alcohols	0.522			Fatty alcohols	0.522	Organic compounds; Lipids and lipid-like molecules; Alcohols and polyols; Organic acids and derivatives; Carboxylic acids and derivatives; Primary alcohols; Organooxygen compounds; Carboxylic acid derivatives; Monocarboxylic acids and derivatives; Carboxylic acid esters; Fatty alcohols; Secondary alcohols; Carbonyl compounds; Fatty Acyls; Organic oxides; Hydrocarbon derivatives; Organic oxygen compounds; Chemical entities	315.252	464	7.736	816966466942755492	816964241792682217	816964241759127784	2389	
1	C37H62O10	[M + H]+	C37H63O10+	Polyketides	0.967	Linear polyketides	0.714	Open-chain polyketides	0.886	Lipids and lipid-like molecules	0.891	Prenol lipids	0.447	Diterpenoids	0.584	Acyclic diterpenoids	0.521	Acyclic diterpenoids	0.521	Organic compounds; Organoheterocyclic compounds; Lipids and lipid-like molecules; Alcohols and polyols; Ethers; Organic acids and derivatives; Carboxylic acids and derivatives; Organooxygen compounds; Hydroxy fatty acids; Carboxylic acid derivatives; Carboxylic acids; Carboxylic acid esters; Acyclic diterpenoids; Diterpenoids; Secondary alcohols; Carbonyl compounds; Polyols; Fatty Acyls; Organic oxides; Oxacyclic compounds; Hydrocarbon derivatives; Organic oxygen compounds; Chemical entities	667.444	464	7.736	816966469815855316	816964241830430958	816964241830430957	2391	
1	C18H34O4	[M - H2O + H]+	C18H33O3+	Fatty acids	0.993	Fatty acyls	0.614	Fatty alcohols	0.859	Lipids and lipid-like molecules	0.977	Fatty Acyls	0.963	Fatty alcohols	0.659	Long-chain fatty alcohols	0.651	Long-chain fatty alcohols	0.651	Organic compounds; Lipids and lipid-like molecules; Alcohols and polyols; Organic acids and derivatives; Carboxylic acids and derivatives; Primary alcohols; Organooxygen compounds; Carboxylic acid derivatives; Monocarboxylic acids and derivatives; Carboxylic acid esters; Fatty alcohols; Secondary alcohols; Carbonyl compounds; Long-chain fatty alcohols; Fatty Acyls; Organic oxides; Hydrocarbon derivatives; Organic oxygen compounds; Chemical entities	297.241	464	7.738	816966466888229499	816964241897539827	816964241897539826	2392	
3	C20H33	[M + Na]+	C20H33Na+	Terpenoids	0.774	Diterpenoids	0.797	Hydrocarbons	0.164	Lipids and lipid-like molecules	0.813	Prenol lipids	0.579					Prenol lipids	0.579	Organic compounds; Lipids and lipid-like molecules; Prenol lipids; Hydrocarbons; Olefins; Unsaturated hydrocarbons; Unsaturated aliphatic hydrocarbons; Chemical entities	296.248	464	7.741	816966467739673567	816964242035951869	816964242035951868	2366	
2	C21H39NO2	[M - H2O + H]+	C21H38NO+	Fatty acids	0.977	Spingolipids	0.950	Sphingoid bases	0.991	Organic nitrogen compounds	1.000	Organonitrogen compounds	1.000	Amines	0.989	Alkanolamines	0.950	1,2-aminoalcohols	0.933	Organic compounds; Alcohols and polyols; Organonitrogen compounds; Primary alcohols; Organooxygen compounds; Monoalkylamines; Secondary alcohols; 1,2-aminoalcohols; Dialkylamines; Amines; Primary amines; Secondary amines; Alkanolamines; Hydrocarbon derivatives; Organopnictogen compounds; Organic oxygen compounds; Organic nitrogen compounds; Chemical entities	320.293	466	7.774	816966469916518692	816964242103060738	816964242103060737	2405	
1	C18H28O4	[M - H2O + H]+	C18H27O3+	Terpenoids	0.751	Sesquiterpenoids	0.596	Bisabolane sesquiterpenoids	0.684	Benzenoids	0.701	Benzene and substituted derivatives	0.565					Benzene and substituted derivatives	0.565	Organic compounds; Lipids and lipid-like molecules; Alcohols and polyols; Organic acids and derivatives; Carboxylic acids and derivatives; Organooxygen compounds; Carboxylic acid derivatives; Monocarboxylic acids and derivatives; Carboxylic acid esters; Carbonyl compounds; Benzene and substituted derivatives; Benzenoids; Organic oxides; Hydrocarbon derivatives; Organic oxygen compounds; Chemical entities	291.194	467	7.785	816966474056297866	816964242417633563	816964242417633562	2415	
1	C11H16O2	[M + Na]+	C11H16NaO2+	Terpenoids	0.809	Monoterpenoids	0.273	Apocarotenoids(ε-)	0.191	Organic oxygen compounds	1.000	Organooxygen compounds	0.999	Carbonyl compounds	0.857	Ketones	0.768	Ketones	0.768	Organic compounds; Ketones; Organooxygen compounds; Carbonyl compounds; Organic oxides; Hydrocarbon derivatives; Organic oxygen compounds; Chemical entities	203.106	467	7.786	816966477663400244	816964242635737386	816964242635737385	2421	
1	C20H33N3	[M + H]+	C20H34N3+	Alkaloids	0.954	Pseudoalkaloids (transamidation)	0.932	Steroidal alkaloids	0.424	Lipids and lipid-like molecules	0.518							Lipids and lipid-like molecules	0.518	Organic compounds; Organoheterocyclic compounds; Lipids and lipid-like molecules; Organonitrogen compounds; Amines; Azacyclic compounds; Hydrocarbon derivatives; Organopnictogen compounds; Organic nitrogen compounds; Chemical entities	316.278	467	7.788	816966473238408316	816964242774149428	816964242774149427	2388	
1	C16H25N3O2	[M + H]+	C16H26N3O2+	Alkaloids	0.264	Sesquiterpenoids	0.339	Open-chain polyketides	0.151	Benzenoids	0.443	Benzene and substituted derivatives	0.654					Benzene and substituted derivatives	0.654	Organic compounds; Organoheterocyclic compounds; Organic acids and derivatives; Carboxylic acids and derivatives; Organonitrogen compounds; Organooxygen compounds; Azoles; Carboxylic acid derivatives; Carbonyl compounds; Benzene and substituted derivatives; Organic oxides; Azacyclic compounds; Hydrocarbon derivatives; Organopnictogen compounds; Organic oxygen compounds; Organic nitrogen compounds; Chemical entities	292.205	468	7.796	816966483241825228	816964242887395646	816964242887395645	2426	
1	C15H28N4O4	[M + Na]+	C15H28N4NaO4+	Amino acids and Peptides	0.922	Small peptides	0.940	Dipeptides	0.655	Organic acids and derivatives	0.997	Carboxylic acids and derivatives	0.993	Amino acids, peptides, and analogues	0.915	Amino acids and derivatives	0.910	N-acyl-alpha amino acids	0.553	Organic compounds; Lipids and lipid-like molecules; Amino acids, peptides, and analogues; Alpha amino acids and derivatives; Fatty acids and conjugates; Organic acids and derivatives; Carboxylic acids and derivatives; Organonitrogen compounds; Organooxygen compounds; Fatty amides; Branched fatty acids; Amino acids and derivatives; Guanidines; Monoalkylamines; Carboxylic acid amides; Carboxylic acid derivatives; N-acyl amines; Monocarboxylic acids and derivatives; N-acyl-alpha amino acids and derivatives; Carboxylic acids; Secondary carboxylic acid amides; Carbonyl compounds; N-acyl-alpha amino acids; Amines; Primary amines; Carboximidamides; Fatty Acyls; Organic oxides; Hydrocarbon derivatives; Amino acids; Organopnictogen compounds; Organic oxygen compounds; Organic nitrogen compounds; Chemical entities	351.200	468	7.797	816966476212170752	816964242992253251	816964242954504514	2402	
1	C18H37NO3	[M + H]+	C18H38NO3+	Fatty acids	0.991	Fatty amides	0.954	N-acyl ethanolamines (endocannabinoids)	0.503	Lipids and lipid-like molecules	0.909	Fatty Acyls	0.855	Fatty amides	0.744	N-acyl amines	0.799	N-acyl amines	0.799	Organic compounds; Lipids and lipid-like molecules; Alcohols and polyols; Organic acids and derivatives; Carboxylic acids and derivatives; Organonitrogen compounds; Primary alcohols; Organooxygen compounds; Fatty amides; Carboxylic acid amides; Carboxylic acid derivatives; N-acyl amines; Monocarboxylic acids and derivatives; Secondary carboxylic acid amides; Carbonyl compounds; Fatty Acyls; Organic oxides; Hydrocarbon derivatives; Organopnictogen compounds; Organic oxygen compounds; Organic nitrogen compounds; Chemical entities	316.283	468	7.803	816966475834683288	816964243034196296	816964243034196295	2428	
5	C15H25BN2O3	[M + H]+	C15H26BN2O3+	Amino acids and Peptides	0.474	Monoterpenoids	0.185	Pinane monoterpenoids	0.104	Benzenoids	0.621	Benzene and substituted derivatives	0.531					Benzene and substituted derivatives	0.531	Organic compounds; Organoheterocyclic compounds; Organic acids and derivatives; Carboxylic acids and derivatives; Organonitrogen compounds; Organooxygen compounds; Organometallic compounds; Boronic acid derivatives; Carboxylic acid derivatives; Organometalloid compounds; Secondary carboxylic acid amides; Carbonyl compounds; Benzene and substituted derivatives; Benzenoids; Organoboron compounds; Organic salts; Organic oxides; Organic metalloid salts; Organic metal salts; Hydrocarbon derivatives; Alkylboranes; Monoalkylboranes; Organic oxygen compounds; Organic nitrogen compounds; Chemical entities	292.208	468	7.804	816966481916425035	816964243109693773	816964243109693772	2453	
1	C22H41NO4	[M + H]+	C22H42NO4+	Alkaloids	0.776	Pseudoalkaloids (transamidation)	0.652	Terpenoid alkaloids	0.540	Lipids and lipid-like molecules	0.708							Lipids and lipid-like molecules	0.708	Organic compounds; Organoheterocyclic compounds; Lipids and lipid-like molecules; Alcohols and polyols; Organonitrogen compounds; Primary alcohols; Organooxygen compounds; Cyclic alcohols and derivatives; Secondary alcohols; 1,2-aminoalcohols; Trialkylamines; Amines; Tertiary amines; Alkanolamines; Azacyclic compounds; Hydrocarbon derivatives; Organopnictogen compounds; Organic oxygen compounds; Organic nitrogen compounds; Chemical entities	384.309	469	7.810	816966481677349656	816964243172608338	816964243172608337	2431	
1	C22H45NO5	[M + H]+	C22H46NO5+	Fatty acids	0.997	Spingolipids	0.988	Sphingoid bases	0.979	Lipids and lipid-like molecules	0.650							Lipids and lipid-like molecules	0.650	Organic compounds; Lipids and lipid-like molecules; Alcohols and polyols; Organonitrogen compounds; Primary alcohols; Organooxygen compounds; Secondary alcohols; 1,2-aminoalcohols; Polyols; Amines; Alkanolamines; Hydrocarbon derivatives; Organopnictogen compounds; Organic oxygen compounds; Organic nitrogen compounds; Chemical entities	404.336	469	7.820	816966475117457139	816964243239717207	816964243239717206	2435	
1	C20H43NO2	[M + H]+	C20H44NO2+	Fatty acids	0.999	Spingolipids	0.982	Sphingoid bases	0.998	Organic nitrogen compounds	1.000	Organonitrogen compounds	0.999	Amines	0.939	Alkanolamines	0.949	1,2-aminoalcohols	0.892	Organic compounds; Alcohols and polyols; Organonitrogen compounds; Primary alcohols; Organooxygen compounds; 1,2-aminoalcohols; Amines; Alkanolamines; Hydrocarbon derivatives; Organopnictogen compounds; Organic oxygen compounds; Organic nitrogen compounds; Chemical entities	330.335	470	7.828	816966475335561059	816964243428460902	816964243428460901	2441	
2	C18H37NO4	[M - H2O + H]+	C18H36NO3+	Fatty acids	0.990	Fatty amides	0.895	N-acyl amines	0.482	Lipids and lipid-like molecules	0.913	Fatty Acyls	0.909	Fatty amides	0.730	N-acyl amines	0.737	N-acyl amines	0.737	Organic compounds; Lipids and lipid-like molecules; Alcohols and polyols; Organic acids and derivatives; Carboxylic acids and derivatives; Organonitrogen compounds; Primary alcohols; Organooxygen compounds; Fatty amides; Carboxylic acid amides; Carboxylic acid derivatives; N-acyl amines; Monocarboxylic acids and derivatives; Carboxylic acids; Secondary alcohols; Carbonyl compounds; Fatty Acyls; Organic oxides; Hydrocarbon derivatives; Organopnictogen compounds; Organic oxygen compounds; Organic nitrogen compounds; Chemical entities	314.268	470	7.833	816966479982850661	816964243625593205	816964243625593204	2444	
3	C18H32O5	[M - H4O2 + H]+	C18H29O3+	Fatty acids	0.975	Octadecanoids	0.919	Other Octadecanoids	0.774	Lipids and lipid-like molecules	0.964	Fatty Acyls	0.949	Lineolic acids and derivatives	0.588			Lineolic acids and derivatives	0.588	Organic compounds; Lipids and lipid-like molecules; Alcohols and polyols; Fatty acids and conjugates; Organic acids and derivatives; Carboxylic acids and derivatives; Organooxygen compounds; Unsaturated fatty acids; Hydroxy fatty acids; Lineolic acids and derivatives; Monocarboxylic acids and derivatives; Carboxylic acids; Secondary alcohols; Carbonyl compounds; Long-chain fatty acids; Fatty Acyls; Organic oxides; Hydrocarbon derivatives; Organic oxygen compounds; Chemical entities	293.209	470	7.834	816966482453296013	816964243562678640	816964243562678639	2423	
3	C19H31N5	[M + H]+	C19H32N5+	Alkaloids	0.977	Pseudoalkaloids (transamidation)	0.772	Purine alkaloids	0.749	Organic nitrogen compounds	1.000	Organonitrogen compounds	1.000	Amines	0.968	Tertiary amines	0.716	Dialkylarylamines	0.563	Organic compounds; Organoheterocyclic compounds; Pyrimidines and pyrimidine derivatives; Organonitrogen compounds; Aminopyrimidines and derivatives; Diazines; Amines; Tertiary amines; Tertiary alkylarylamines; Imidolactams; Dialkylarylamines; Azacyclic compounds; Heteroaromatic compounds; Hydrocarbon derivatives; Organopnictogen compounds; Organic nitrogen compounds; Chemical entities	330.263	470	7.838	816966485062153682	816964243801753983	816964243797559678	2448	
1	C17H39N7	[M + Na]+	C17H39N7Na+	Alkaloids	0.950	Ornithine alkaloids	0.248	Polyamines	0.378	Organoheterocyclic compounds	0.952	Heteroaromatic compounds	0.899					Heteroaromatic compounds	0.899	Organic compounds; Organoheterocyclic compounds; Organonitrogen compounds; Dialkylamines; Amines; Secondary amines; Azacyclic compounds; Heteroaromatic compounds; Hydrocarbon derivatives; Organopnictogen compounds; Organic nitrogen compounds; Chemical entities	364.313	471	7.842	816966483631895539	816964243831114116	816964243831114115	2450	
1	C15H29N5O	[M + H]+	C15H30N5O+	Alkaloids	0.770	Guanidine alkaloids	0.425	Tricyclic guanidine alkaloids	0.108	Organoheterocyclic compounds	0.942	Azoles	0.556					Azoles	0.556	Organic compounds; Organoheterocyclic compounds; Organonitrogen compounds; Organooxygen compounds; Guanidines; Azoles; Amines; Azacyclic compounds; Heteroaromatic compounds; Hydrocarbon derivatives; Organopnictogen compounds; Organic oxygen compounds; Organic nitrogen compounds; Chemical entities	296.242	471	7.852	816966521711985942	816964244074383768	816964244074383767	2442	
1	C18H32O4	[M - H2O + H]+	C18H31O3+	Fatty acids	0.817	Octadecanoids	0.511	Other Octadecanoids	0.431	Lipids and lipid-like molecules	0.940	Fatty Acyls	0.839	Fatty acids and conjugates	0.599	Long-chain fatty acids	0.678	Long-chain fatty acids	0.678	Organic compounds; Lipids and lipid-like molecules; Alcohols and polyols; Fatty acids and conjugates; Organic acids and derivatives; Carboxylic acids and derivatives; Organooxygen compounds; Unsaturated fatty acids; Monocarboxylic acids and derivatives; Carboxylic acids; Secondary alcohols; Carbonyl compounds; Long-chain fatty acids; Fatty Acyls; Organic oxides; Hydrocarbon derivatives; Organic oxygen compounds; Chemical entities	295.225	471	7.853	816966524060797495	816964244141492637	816964244141492636	2456	
1	C37H60O10	[M + H]+	C37H61O10+	Polyketides	0.986	Linear polyketides	0.520	Open-chain polyketides	0.783	Lipids and lipid-like molecules	0.780	Prenol lipids	0.436	Diterpenoids	0.522			Diterpenoids	0.522	Organic compounds; Organoheterocyclic compounds; Lipids and lipid-like molecules; Alcohols and polyols; Macrolides and analogues; Ethers; Organic acids and derivatives; Carboxylic acids and derivatives; Organooxygen compounds; Carboxylic acid derivatives; Carboxylic acid esters; Diterpenoids; Secondary alcohols; Carbonyl compounds; Polyols; Fatty Acyls; Organic oxides; Oxacyclic compounds; Hydrocarbon derivatives; Organic oxygen compounds; Chemical entities	665.428	471	7.856	816966531233059867	816964244179241378	816964244179241377	2460	
1	C17H36O3	[M + Na]+	C17H36NaO3+	Fatty acids	0.999	Fatty acyls	0.997	Fatty alcohols	0.999	Lipids and lipid-like molecules	0.916	Fatty Acyls	0.901	Fatty alcohols	0.882	Long-chain fatty alcohols	0.809	Long-chain fatty alcohols	0.809	Organic compounds; Lipids and lipid-like molecules; Alcohols and polyols; Primary alcohols; Organooxygen compounds; Fatty alcohols; Secondary alcohols; Polyols; Long-chain fatty alcohols; Fatty Acyls; Hydrocarbon derivatives; Organic oxygen compounds; Chemical entities	311.256	472	7.859	816966525176482848	816964244263127463	816964244263127462	2464	
3	C22H24O5	[M + H]+	C22H25O5+	Shikimates and Phenylpropanoids	0.991	Flavonoids	0.618	Furocoumarins	0.093	Organoheterocyclic compounds	0.854	Benzopyrans	0.807	1-benzopyrans	0.824	Chromones	0.599	Chromones	0.599	Organic compounds; Organoheterocyclic compounds; Ketones; Benzopyrans; Alkyl aryl ethers; Anisoles; Chromones; Ethers; Phenylpropanoids and polyketides; Organic acids and derivatives; Organooxygen compounds; Carbonyl compounds; Benzene and substituted derivatives; Phenol ethers; Benzenoids; 1-benzopyrans; Aryl ketones; Organic oxides; Oxacyclic compounds; Hydrocarbon derivatives; Organic oxygen compounds; Chemical entities	369.168	472	7.860	816966531887371641	816964244317653420	816964244317653419	2466	
1	C16H29N7O2	[M + H]+	C16H30N7O2+	Alkaloids	0.568	Histidine alkaloids	0.545	Imidazole alkaloids	0.547	Organoheterocyclic compounds	0.981	Heteroaromatic compounds	0.969					Heteroaromatic compounds	0.969	Organic compounds; Organoheterocyclic compounds; Organic acids and derivatives; Carboxylic acids and derivatives; Organonitrogen compounds; Organooxygen compounds; Amines; Primary amines; Organic oxides; Azacyclic compounds; Heteroaromatic compounds; Hydrocarbon derivatives; Organopnictogen compounds; Organic oxygen compounds; Organic nitrogen compounds; Chemical entities	352.247	472	7.862	816966523263879307	816964244384762289	816964244384762288	2452	
3	C18H34O4	[M - H4O2 + H]+	C18H31O2+	Fatty acids	0.999	Octadecanoids	0.657	Other Octadecanoids	0.712	Lipids and lipid-like molecules	0.987	Fatty Acyls	0.976	Fatty acids and conjugates	0.913	Long-chain fatty acids	0.902	Long-chain fatty acids	0.902	Organic compounds; Lipids and lipid-like molecules; Alcohols and polyols; Fatty acids and conjugates; Organic acids and derivatives; Carboxylic acids and derivatives; Organooxygen compounds; Unsaturated fatty acids; Hydroxy fatty acids; Monocarboxylic acids and derivatives; Carboxylic acids; Secondary alcohols; Carbonyl compounds; Long-chain fatty acids; Fatty Acyls; Organic oxides; Hydrocarbon derivatives; Organic oxygen compounds; Chemical entities	279.232	472	7.867	816966523779779044	816964244485425595	816964244485425594	2468	
2	C15H29ClO2	[M + H]+	C15H30ClO2+	Fatty acids	0.509	Sesquiterpenoids	0.316	Halogenated fatty acids	0.282	Lipids and lipid-like molecules	0.834	Fatty Acyls	0.739	Fatty acid esters	0.653			Fatty acid esters	0.653	Organic compounds; Lipids and lipid-like molecules; Organic acids and derivatives; Carboxylic acids and derivatives; Organohalogen compounds; Organooxygen compounds; Fatty acid esters; Alkyl chlorides; Carboxylic acid derivatives; Monocarboxylic acids and derivatives; Carboxylic acid esters; Organochlorides; Carbonyl compounds; Alkyl halides; Fatty Acyls; Organic oxides; Hydrocarbon derivatives; Organic oxygen compounds; Chemical entities	277.192	473	7.877	816966523779779062	816964244724500943	816964244724500942	2477	
1	C18H30O4	[M - H2O + H]+	C18H29O3+	Fatty acids	0.947	Octadecanoids	0.931	Other Octadecanoids	0.793	Lipids and lipid-like molecules	0.961	Fatty Acyls	0.932	Lineolic acids and derivatives	0.577			Lineolic acids and derivatives	0.577	Organic compounds; Lipids and lipid-like molecules; Ketones; Alcohols and polyols; Fatty acids and conjugates; Organic acids and derivatives; Carboxylic acids and derivatives; Organooxygen compounds; Unsaturated fatty acids; Lineolic acids and derivatives; Monocarboxylic acids and derivatives; Carboxylic acids; Secondary alcohols; Carbonyl compounds; Long-chain fatty acids; Fatty Acyls; Organic oxides; Hydrocarbon derivatives; Organic oxygen compounds; Chemical entities	293.210	473	7.888	816966523398097133	816964244791609812	816964244791609811	2489	
1	C37H62O10	[M + H]+	C37H63O10+	Polyketides	0.973	Macrolides	0.726	Open-chain polyketides	0.618	Phenylpropanoids and polyketides	0.265	Macrolides and analogues	0.563					Macrolides and analogues	0.563	Organic compounds; Organoheterocyclic compounds; Lipids and lipid-like molecules; Lactones; Alcohols and polyols; Macrolides and analogues; Ethers; Organic acids and derivatives; Carboxylic acids and derivatives; Organooxygen compounds; Carboxylic acid derivatives; Carboxylic acid esters; Secondary alcohols; Carbonyl compounds; Oxanes; Polyols; Organic oxides; Oxacyclic compounds; Hydrocarbon derivatives; Organic oxygen compounds; Chemical entities	667.443	473	7.888	816966530440336056	816964244850330073	816964244850330072	2490	
1	C34H66O11	[M + H]+	C34H67O11+	Polyketides	0.687	Macrolides	0.418	Open-chain polyketides	0.704	Organic oxygen compounds	1.000	Organooxygen compounds	0.999	Carbohydrates and carbohydrate conjugates	0.873	Glycosyl compounds	0.673	O-glycosyl compounds	0.665	Organic compounds; Organoheterocyclic compounds; Carbohydrates and carbohydrate conjugates; Lipids and lipid-like molecules; Alcohols and polyols; Ethers; Prenol lipids; Organic acids and derivatives; Carboxylic acids and derivatives; Primary alcohols; Organooxygen compounds; Carboxylic acid derivatives; Carboxylic acid esters; Monosaccharides; Acetals; Secondary alcohols; Carbonyl compounds; Oxanes; Glycosyl compounds; O-glycosyl compounds; Polyols; Fatty Acyls; Organic oxides; Oxacyclic compounds; Hydrocarbon derivatives; Organic oxygen compounds; Chemical entities	651.465	473	7.890	816966528045387860	816964244930021854	816964244930021853	2492	
1	C22H32O2	[M + Na]+	C22H32NaO2+	Terpenoids	0.865	Steroids	0.458	Pregnane steroids	0.069	Lipids and lipid-like molecules	0.908	Steroids and steroid derivatives	0.605	Oxosteroids	0.580			Oxosteroids	0.580	Organic compounds; Lipids and lipid-like molecules; Ketones; Steroids and steroid derivatives; Organooxygen compounds; Oxosteroids; Carbonyl compounds; Organic oxides; Hydrocarbon derivatives; Organic oxygen compounds; Chemical entities	351.232	474	7.895	816966526665461371	816964245060045288	816964245060045287	2501	
1	C18H34O4	[M + H]+	C18H35O4+	Fatty acids	0.978	Fatty acyls	0.769	Fatty alcohols	0.870	Lipids and lipid-like molecules	0.968	Fatty Acyls	0.933	Fatty acids and conjugates	0.331	Long-chain fatty acids	0.577	Long-chain fatty acids	0.577	Organic compounds; Lipids and lipid-like molecules; Alcohols and polyols; Organic acids and derivatives; Carboxylic acids and derivatives; Primary alcohols; Organooxygen compounds; Monocarboxylic acids and derivatives; Fatty alcohols; Secondary alcohols; Carbonyl compounds; Polyols; 1,2-diols; Long-chain fatty acids; Long-chain fatty alcohols; Fatty Acyls; Organic oxides; Hydrocarbon derivatives; Organic oxygen compounds; Chemical entities	315.251	474	7.898	816966525839183177	816964245185874418	816964245185874417	2496	
1	C18H34O4	[M - H2O + H]+	C18H33O3+	Fatty acids	0.933	Fatty acyls	0.501	Fatty alcohols	0.770	Lipids and lipid-like molecules	0.953	Fatty Acyls	0.863	Fatty alcohols	0.656	Long-chain fatty alcohols	0.618	Long-chain fatty alcohols	0.618	Organic compounds; Lipids and lipid-like molecules; Alcohols and polyols; Organooxygen compounds; Fatty alcohols; Secondary alcohols; Polyols; Long-chain fatty alcohols; Fatty Acyls; Hydrocarbon derivatives; Organic oxygen compounds; Chemical entities	297.241	474	7.902	816966523519732034	816964245252983287	816964245252983286	2500	
2	C18H26O8	[M + H]+	C18H27O8+	Polyketides	0.616	Macrolides	0.777	Macrolide lactones	0.858	Lipids and lipid-like molecules	0.705	Fatty Acyls	0.694	Fatty acid esters	0.529			Fatty acid esters	0.529	Organic compounds; Organoheterocyclic compounds; Lipids and lipid-like molecules; Alcohols and polyols; Ethers; Organic acids and derivatives; Carboxylic acids and derivatives; Organooxygen compounds; Fatty acid esters; Carboxylic acid derivatives; Carboxylic acid esters; Secondary alcohols; Carbonyl compounds; Fatty Acyls; Organic oxides; Oxacyclic compounds; Hydrocarbon derivatives; Organic oxygen compounds; Chemical entities	371.171	474	7.906	816966527747592161	816964245366229505	816964245366229504	2503	
1	C15H22O2	[M + H]+	C15H23O2+	Terpenoids	0.986	Sesquiterpenoids	0.972	Bisabolane sesquiterpenoids	0.685	Benzenoids	0.547							Benzenoids	0.547	Organic compounds; Organooxygen compounds; Carbonyl compounds; Benzenoids; Organic oxides; Hydrocarbon derivatives; Organic oxygen compounds; Chemical entities	235.168	476	7.930	816966529723109873	816964245534001680	816964245534001679	2510	
1	C14H27N5	[M + H]+	C14H28N5+	Alkaloids	0.976	Pseudoalkaloids (transamidation)	0.628	Purine alkaloids	0.606	Organic nitrogen compounds	1.000	Organonitrogen compounds	1.000	Amines	0.904	Tertiary amines	0.574	Dialkylarylamines	0.514	Organic compounds; Organoheterocyclic compounds; Organonitrogen compounds; Azoles; Amines; Tertiary amines; Dialkylarylamines; Azacyclic compounds; Heteroaromatic compounds; Hydrocarbon derivatives; Organopnictogen compounds; Organic nitrogen compounds; Chemical entities	266.234	477	7.950	816966524761246592	816964245601110549	816964245601110548	2515	
1	C25H35N3O4S	[M + Na]+	C25H35N3NaO4S+	Amino acids and Peptides	0.988	Oligopeptides	0.681	Cyclamides	0.119	Organic acids and derivatives	0.996	Carboxylic acids and derivatives	0.989	Amino acids, peptides, and analogues	0.840	Amino acids and derivatives	0.830	Amino acids and derivatives	0.830	Organic compounds; Organoheterocyclic compounds; Amino acids, peptides, and analogues; Thiazoles; Organic acids and derivatives; Carboxylic acids and derivatives; Organonitrogen compounds; Organooxygen compounds; Amino acids and derivatives; Azoles; Carboxylic acid amides; Carboxylic acid derivatives; Monocarboxylic acids and derivatives; Secondary carboxylic acid amides; Carbonyl compounds; Benzene and substituted derivatives; Benzenoids; Fatty Acyls; Organic oxides; Azacyclic compounds; Heteroaromatic compounds; Hydrocarbon derivatives; Organopnictogen compounds; Organic oxygen compounds; Organic nitrogen compounds; Chemical entities	496.222	477	7.951	816966530255786624	816964245668219418	816964245634664985	2518	
2	C28H31N3O4	[M + H]+	C28H32N3O4+	Amino acids and Peptides	0.979	Small peptides	0.736	Dipeptides	0.325	Organic acids and derivatives	0.998	Carboxylic acids and derivatives	0.995	Amino acids, peptides, and analogues	0.991	Amino acids and derivatives	0.989	Phenylalanine and derivatives	0.870	Organic compounds; Lipids and lipid-like molecules; Amino acids, peptides, and analogues; Alpha amino acids and derivatives; Phenethylamines; Amphetamines and derivatives; Organic acids and derivatives; Carboxylic acids and derivatives; Organonitrogen compounds; Carbamic acids and derivatives; Organooxygen compounds; Fatty amides; Amino acids and derivatives; Carboxylic acid amides; Carboxylic acid derivatives; N-acyl amines; Carbamate esters; N-acyl-alpha amino acids and derivatives; Secondary carboxylic acid amides; Carbonyl compounds; Benzene and substituted derivatives; Alpha amino acid amides; Benzenoids; Fatty Acyls; Organic oxides; Hydrocarbon derivatives; Phenylalanine and derivatives; Organopnictogen compounds; Organic oxygen compounds; Organic nitrogen compounds; Chemical entities	474.240	477	7.953	816966528909414683	816964245705968159	816964245705968158	2521	
9	C13H13O3P	[M + H]+	C13H14O3P+	Shikimates and Phenylpropanoids	0.476	Monoterpenoids	0.089	Cinnamic acids and derivatives	0.042	Benzenoids	0.905	Benzene and substituted derivatives	0.788					Benzene and substituted derivatives	0.788	Organic compounds; Organooxygen compounds; Organophosphorus compounds; Benzene and substituted derivatives; Benzenoids; Organic oxides; Hydrocarbon derivatives; Organic oxygen compounds; Chemical entities	249.068	477	7.954	816966530096403021	816964245768882724	816964245768882723	2519	
1	C16H31NO2	[M + H]+	C16H32NO2+	Alkaloids	0.278	Pseudoalkaloids (transamidation)	0.294	Open-chain polyketides	0.209	Benzenoids	0.446	Benzene and substituted derivatives	0.525					Benzene and substituted derivatives	0.525	Organic compounds; Lipids and lipid-like molecules; Alcohols and polyols; Organic acids and derivatives; Carboxylic acids and derivatives; Organonitrogen compounds; Primary alcohols; Organooxygen compounds; Carboxylic acid amides; Carboxylic acid derivatives; Secondary carboxylic acid amides; Carbonyl compounds; 1,2-aminoalcohols; Benzene and substituted derivatives; Amines; Alkanolamines; Organic oxides; Hydrocarbon derivatives; Organopnictogen compounds; Organic oxygen compounds; Organic nitrogen compounds; Chemical entities	270.242	477	7.957	816966528179605629	816964245911489070	816964245911489069	2525	
1	C16H33NO3	[M + H]+	C16H34NO3+	Fatty acids	0.998	Fatty amides	0.997	N-acyl ethanolamines (endocannabinoids)	0.976	Lipids and lipid-like molecules	0.955	Fatty Acyls	0.967	Fatty amides	0.965	N-acyl amines	0.977	N-acyl amines	0.977	Organic compounds; Lipids and lipid-like molecules; Alcohols and polyols; Organic acids and derivatives; Carboxylic acids and derivatives; Organonitrogen compounds; Primary alcohols; Organooxygen compounds; Fatty amides; Carboxylic acid amides; Carboxylic acid derivatives; N-acyl amines; Tertiary carboxylic acid amides; Carbonyl compounds; Amines; Alkanolamines; Fatty Acyls; Organic oxides; Hydrocarbon derivatives; Organopnictogen compounds; Organic oxygen compounds; Organic nitrogen compounds; Chemical entities	288.252	478	7.962	816966529345622407	816964245949237811	816964245949237810	2526	
1	C15H31N3O5	[M + H]+	C15H32N3O5+	Amino acids and Peptides	0.969	Small peptides	0.904	Dipeptides	0.679	Organic acids and derivatives	0.995	Carboxylic acids and derivatives	0.983	Amino acids, peptides, and analogues	0.924	Amino acids and derivatives	0.918	N-acyl-alpha amino acids	0.508	Organic compounds; Lipids and lipid-like molecules; Amino acids, peptides, and analogues; Alpha amino acids and derivatives; Fatty acids and conjugates; Organic acids and derivatives; Carboxylic acids and derivatives; Organonitrogen compounds; Organooxygen compounds; Fatty amides; Amino acids and derivatives; Monoalkylamines; Carboxylic acid amides; Carboxylic acid derivatives; N-acyl amines; Monocarboxylic acids and derivatives; N-acyl-alpha amino acids and derivatives; Carboxylic acids; Primary carboxylic acid amides; Secondary carboxylic acid amides; Carbonyl compounds; Alpha amino acid amides; N-acyl-alpha amino acids; Amines; Fatty Acyls; Organic oxides; Hydrocarbon derivatives; Amino acids; Organopnictogen compounds; Organic oxygen compounds; Organic nitrogen compounds; Chemical entities	334.232	479	7.986	816966532025783797	816964246330919505	816964246330919504	2535	
1	C18H33NO2	[M - H2O + H]+	C18H32NO+	Fatty acids	0.992	Fatty amides	0.906	N-acyl ethanolamines (endocannabinoids)	0.913	Lipids and lipid-like molecules	0.586							Lipids and lipid-like molecules	0.586	Organic compounds; Lipids and lipid-like molecules; Alcohols and polyols; Organonitrogen compounds; Primary alcohols; Organooxygen compounds; 1,2-aminoalcohols; Amines; Alkanolamines; Hydrocarbon derivatives; Organopnictogen compounds; Organic oxygen compounds; Organic nitrogen compounds; Chemical entities	278.247	479	7.988	816966531065287664	816964246398028374	816964246398028373	2536	
2	C27H50	[M + Na]+	C27H50Na+	Terpenoids	0.960	Steroids	0.826	Cholestane steroids	0.764	Lipids and lipid-like molecules	0.980	Steroids and steroid derivatives	0.884	Cholestane steroids	0.555			Cholestane steroids	0.555	Organic compounds; Lipids and lipid-like molecules; Steroids and steroid derivatives; Hydrocarbons; Cholestane steroids; Polycyclic hydrocarbons; Saturated hydrocarbons; Chemical entities	397.381	481	8.009	816966535133764555	816964246922316414	816964246922316413	2548	
2	C18H28O3	[M - H2O + H]+	C18H27O2+	Fatty acids	0.997	Octadecanoids	0.595	Other Octadecanoids	0.524	Lipids and lipid-like molecules	0.966	Fatty Acyls	0.938	Fatty acids and conjugates	0.875	Long-chain fatty acids	0.844	Long-chain fatty acids	0.844	Organic compounds; Lipids and lipid-like molecules; Alcohols and polyols; Fatty acids and conjugates; Organic acids and derivatives; Carboxylic acids and derivatives; Organooxygen compounds; Unsaturated fatty acids; Monocarboxylic acids and derivatives; Carboxylic acids; Secondary alcohols; Carbonyl compounds; Long-chain fatty acids; Fatty Acyls; Organic oxides; Hydrocarbon derivatives; Organic oxygen compounds; Chemical entities	275.199	481	8.019	816966534672390854	816964247098477197	816964247098477196	2552	
1	C24H39N3O3	[M + H]+	C24H40N3O3+	Fatty acids	0.956	Fatty amides	0.954	N-acyl amines	0.983	Organic acids and derivatives	1.000	Carboxylic acids and derivatives	1.000	Amino acids, peptides, and analogues	0.997	Amino acids and derivatives	0.997	Histidine and derivatives	0.669	Organic compounds; Organoheterocyclic compounds; Lipids and lipid-like molecules; Amino acids, peptides, and analogues; Alpha amino acids and derivatives; Imidazoles; Organic acids and derivatives; Carboxylic acids and derivatives; Organonitrogen compounds; Organooxygen compounds; Fatty amides; Amino acids and derivatives; Azoles; Carboxylic acid amides; Carboxylic acid derivatives; N-acyl amines; Monocarboxylic acids and derivatives; N-acyl-alpha amino acids and derivatives; Carboxylic acids; Imidazolyl carboxylic acids and derivatives; Substituted imidazoles; N-acyl-alpha amino acids; Carboximidamides; Fatty Acyls; Organic oxides; Azacyclic compounds; Heteroaromatic compounds; Hydrocarbon derivatives; Histidine and derivatives; Organopnictogen compounds; Organic oxygen compounds; Organic nitrogen compounds; Chemical entities	418.305	484	8.068	816966535947459863	816964247299803804	816964247299803803	2567	
1	C18H28O3	[M + H]+	C18H29O3+	Terpenoids	0.527	Cyclic polyketides	0.246	Bisabolane sesquiterpenoids	0.191	Lipids and lipid-like molecules	0.627							Lipids and lipid-like molecules	0.627	Organic compounds; Lipids and lipid-like molecules; Ketones; Alcohols and polyols; Organic acids and derivatives; Carboxylic acids and derivatives; Organooxygen compounds; Carboxylic acid derivatives; Monocarboxylic acids and derivatives; Carboxylic acid esters; Carbonyl compounds; Organic oxides; Hydrocarbon derivatives; Organic oxygen compounds; Chemical entities	293.210	485	8.085	816966536857624227	816964247484353195	816964247484353194	2574	
1	C18H30O3	[M - H2O + H]+	C18H29O2+	Fatty acids	1.000	Eicosanoids	0.470	Other Octadecanoids	0.242	Lipids and lipid-like molecules	0.991	Fatty Acyls	0.976	Fatty acids and conjugates	0.943	Long-chain fatty acids	0.902	Long-chain fatty acids	0.902	Organic compounds; Lipids and lipid-like molecules; Alcohols and polyols; Fatty acids and conjugates; Organic acids and derivatives; Carboxylic acids and derivatives; Organooxygen compounds; Unsaturated fatty acids; Hydroxy fatty acids; Monocarboxylic acids and derivatives; Carboxylic acids; Secondary alcohols; Carbonyl compounds; Long-chain fatty acids; Fatty Acyls; Organic oxides; Hydrocarbon derivatives; Organic oxygen compounds; Chemical entities	277.215	487	8.114	816966539898494926	816964247685679802	816964247685679801	2583	
1	C21H38O5	[M - H2O + H]+	C21H37O4+	Fatty acids	0.992	Fatty acyls	0.658	Fatty alcohols	0.830	Lipids and lipid-like molecules	0.989	Fatty Acyls	0.965	Fatty alcohols	0.681	Long-chain fatty alcohols	0.622	Long-chain fatty alcohols	0.622	Organic compounds; Lipids and lipid-like molecules; Alcohols and polyols; Glycerolipids; Organic acids and derivatives; Carboxylic acids and derivatives; Primary alcohols; Organooxygen compounds; Fatty acid esters; Carboxylic acid derivatives; Monoacylglycerols; Monocarboxylic acids and derivatives; Carboxylic acid esters; Fatty alcohols; 1-monoacylglycerols; Secondary alcohols; Carbonyl compounds; Polyols; 1,2-diols; Long-chain fatty alcohols; Monoradylglycerols; Fatty Acyls; Organic oxides; Hydrocarbon derivatives; Organic oxygen compounds; Chemical entities	353.267	489	8.154	816966558735115696	816964248134470365	816964248134470364	2598	
1	C18H30O2	[M + H]+	C18H31O2+	Terpenoids	0.637	Diterpenoids	0.598	Unsaturated fatty acids	0.165	Lipids and lipid-like molecules	0.893							Lipids and lipid-like molecules	0.893	Organic compounds; Lipids and lipid-like molecules; Alcohols and polyols; Organooxygen compounds; Carbonyl compounds; Organic oxides; Hydrocarbon derivatives; Organic oxygen compounds; Chemical entities	279.230	490	8.167	816966626498291535	816964248277076711	816964248277076710	2601	
2	C19H38O4	[M - H2O + H]+	C19H37O3+	Fatty acids	0.788	Fatty acyls	0.493	Fatty alcohols	0.717	Lipids and lipid-like molecules	0.936	Fatty Acyls	0.908	Fatty acids and conjugates	0.385	Long-chain fatty acids	0.501	Long-chain fatty acids	0.501	Organic compounds; Lipids and lipid-like molecules; Alcohols and polyols; Organic acids and derivatives; Carboxylic acids and derivatives; Primary alcohols; Organooxygen compounds; Carboxylic acid derivatives; Monocarboxylic acids and derivatives; Carboxylic acid esters; Fatty alcohols; Secondary alcohols; Carbonyl compounds; Polyols; 1,2-diols; Long-chain fatty acids; Long-chain fatty alcohols; Fatty Acyls; Organic oxides; Hydrocarbon derivatives; Organic oxygen compounds; Chemical entities	313.272	491	8.176	816966639337056492	816964248381934321	816964248381934320	2609	
1	C19H36O4	[M + Na]+	C19H36NaO4+	Fatty acids	0.859	Fatty acyls	0.522	Fatty alcohols	0.742	Lipids and lipid-like molecules	0.947	Fatty Acyls	0.900	Fatty alcohols	0.628	Long-chain fatty alcohols	0.674	Long-chain fatty alcohols	0.674	Organic compounds; Lipids and lipid-like molecules; Alcohols and polyols; Organic acids and derivatives; Carboxylic acids and derivatives; Organooxygen compounds; Carboxylic acid derivatives; Monocarboxylic acids and derivatives; Carboxylic acid esters; Fatty alcohols; Secondary alcohols; Fatty alcohol esters; Carbonyl compounds; Long-chain fatty alcohols; Fatty Acyls; Organic oxides; Hydrocarbon derivatives; Organic oxygen compounds; Chemical entities	351.251	491	8.186	816966643908848519	816964248587455232	816964248587455231	2611	
1	C19H37NO3	[M + H]+	C19H38NO3+	Terpenoids	0.442	Diterpenoids	0.263	Open-chain polyketides	0.156	Lipids and lipid-like molecules	0.725	Prenol lipids	0.553					Prenol lipids	0.553	Organic compounds; Lipids and lipid-like molecules; Alcohols and polyols; Prenol lipids; Organic acids and derivatives; Carboxylic acids and derivatives; Organonitrogen compounds; Organooxygen compounds; Carboxylic acid amides; Carboxylic acid derivatives; Secondary alcohols; Carbonyl compounds; Organic oxides; Hydrocarbon derivatives; Organopnictogen compounds; Organic oxygen compounds; Organic nitrogen compounds; Chemical entities	328.283	491	8.191	816966648585497842	816964248621009669	816964248621009668	2614	
1	C18H35NO3	[M + Na]+	C18H35NNaO3+	Fatty acids	0.993	Fatty amides	0.833	Primary amides	0.301	Lipids and lipid-like molecules	0.825	Fatty Acyls	0.859	Fatty amides	0.633	N-acyl amines	0.520	N-acyl amines	0.520	Organic compounds; Lipids and lipid-like molecules; Organic acids and derivatives; Carboxylic acids and derivatives; Organonitrogen compounds; Organooxygen compounds; Fatty amides; Carboxylic acid amides; Carboxylic acid derivatives; N-acyl amines; Carbonyl compounds; Fatty Acyls; Organic oxides; Hydrocarbon derivatives; Organopnictogen compounds; Organic oxygen compounds; Organic nitrogen compounds; Chemical entities	336.250	493	8.217	816966647796968550	816964248897833753	816964248897833752	2624	
1	C18H28O3	[M + H]+	C18H29O3+	Fatty acids	0.766	Octadecanoids	0.631	Phytane diterpenoids	0.323	Lipids and lipid-like molecules	0.901	Fatty Acyls	0.755	Fatty acids and conjugates	0.761	Long-chain fatty acids	0.670	Long-chain fatty acids	0.670	Organic compounds; Lipids and lipid-like molecules; Ketones; Fatty acids and conjugates; Organic acids and derivatives; Carboxylic acids and derivatives; Organooxygen compounds; Monocarboxylic acids and derivatives; Carboxylic acids; Carbonyl compounds; Long-chain fatty acids; Cyclic ketones; Fatty Acyls; Organic oxides; Hydrocarbon derivatives; Organic oxygen compounds; Chemical entities	293.210	494	8.231	816966660308578388	816964249262738231	816964249262738230	2633	
2	C14H34N4	[M + Na]+	C14H34N4Na+	Alkaloids	0.643	Guanidine alkaloids	0.584	Tricyclic guanidine alkaloids	0.594	Organic nitrogen compounds	0.999	Organonitrogen compounds	0.998					Organonitrogen compounds	0.998	Organic compounds; Organonitrogen compounds; Hydrocarbon derivatives; Organopnictogen compounds; Organic nitrogen compounds; Chemical entities	281.265	494	8.234	816966654595936111	816964249317264188	816964249317264187	2635	
1	C18H28O3	[M - H2O + H]+	C18H27O2+	Fatty acids	0.989	Octadecanoids	0.946	Other Octadecanoids	0.895	Lipids and lipid-like molecules	0.976	Fatty Acyls	0.955	Lineolic acids and derivatives	0.625			Lineolic acids and derivatives	0.625	Organic compounds; Lipids and lipid-like molecules; Ketones; Fatty acids and conjugates; Organic acids and derivatives; Carboxylic acids and derivatives; Organooxygen compounds; Unsaturated fatty acids; Lineolic acids and derivatives; Monocarboxylic acids and derivatives; Carboxylic acids; Carbonyl compounds; Long-chain fatty acids; Fatty Acyls; Organic oxides; Hydrocarbon derivatives; Organic oxygen compounds; Chemical entities	275.199	494	8.235	816966662841938136	816964249443093318	816964249443093317	2637	
4	C16H30	[M + Na]+	C16H30Na+	Terpenoids	0.885	Sesquiterpenoids	0.783	Hydrocarbons	0.162	Lipids and lipid-like molecules	0.685	Prenol lipids	0.707					Prenol lipids	0.707	Organic compounds; Lipids and lipid-like molecules; Prenol lipids; Hydrocarbons; Saturated hydrocarbons; Unsaturated hydrocarbons; Chemical entities	245.225	494	8.235	816966665819894031	816964249472453451	816964249472453450	2638	
1	C18H30O	[M + H3N + H]+	C18H34NO+	Terpenoids	0.907	Diterpenoids	0.688	Norlabdane diterpenoids	0.135	Lipids and lipid-like molecules	0.835	Prenol lipids	0.639					Prenol lipids	0.639	Organic compounds; Lipids and lipid-like molecules; Ketones; Prenol lipids; Organooxygen compounds; Carbonyl compounds; Organic oxides; Hydrocarbon derivatives; Organic oxygen compounds; Chemical entities	280.262	494	8.235	816966674120422169	816964249556339536	816964249556339535	2639	
1	C18H30O	[M + H]+	C18H31O+	Terpenoids	0.919	Diterpenoids	0.683	Norlabdane diterpenoids	0.356	Lipids and lipid-like molecules	0.878	Prenol lipids	0.552					Prenol lipids	0.552	Organic compounds; Lipids and lipid-like molecules; Prenol lipids; Organooxygen compounds; Carbonyl compounds; Organic oxides; Hydrocarbon derivatives; Organic oxygen compounds; Chemical entities	263.236	494	8.235	816966674212696883	816964249694751578	816964249682168665	2642	
1	C28H32O14	[M + K]+	C28H32KO14+	Shikimates and Phenylpropanoids	0.804	Flavonoids	0.660	Flavones	0.629	Organic oxygen compounds	1.000	Organooxygen compounds	1.000	Carbohydrates and carbohydrate conjugates	0.978	Glycosyl compounds	0.923	Phenolic glycosides	0.617	Organic compounds; Organoheterocyclic compounds; Carbohydrates and carbohydrate conjugates; Lipids and lipid-like molecules; Styrenes; Coumaric acids and derivatives; Benzopyrans; Alkyl aryl ethers; Alcohols and polyols; Phenols; Anisoles; Methoxyphenols; Ethers; Phenylpropanoids and polyketides; Organic acids and derivatives; Carboxylic acids and derivatives; Primary alcohols; Organooxygen compounds; Fatty acid esters; Cinnamic acids and derivatives; Carboxylic acid derivatives; Carboxylic acid esters; Hydroxycinnamic acids and derivatives; Disaccharides; Acetals; Secondary alcohols; Carbonyl compounds; Oxanes; Glycosyl compounds; O-glycosyl compounds; Benzene and substituted derivatives; Polyols; Phenol ethers; Benzenoids; Enoate esters; Alpha,beta-unsaturated carboxylic esters; Organic oxides; Dimethoxybenzenes; Methoxybenzenes; Oxacyclic compounds; Hydrocarbon derivatives; Phenolic glycosides; Organic oxygen compounds; Phenoxy compounds; Chemical entities	631.140	496	8.266	816966709163835851	816964249862523753	816964249862523752	2655	
1	C15H34N2O2	[M + Na]+	C15H34N2NaO2+	Fatty acids	0.861	Fatty amides	0.693	N-acyl amines	0.325	Lipids and lipid-like molecules	0.510							Lipids and lipid-like molecules	0.510	Organic compounds; Lipids and lipid-like molecules; Organic acids and derivatives; Organonitrogen compounds; Organooxygen compounds; Monoalkylamines; Amines; Primary amines; Organic oxides; Hydrocarbon derivatives; Organopnictogen compounds; Organic oxygen compounds; Organic nitrogen compounds; Chemical entities	297.249	498	8.297	816966689085700068	816964250005130099	816964250005130098	2671	
2	C16H35NO2	[M + Na]+	C16H35NNaO2+	Fatty acids	0.987	Spingolipids	0.433	Sphingoid bases	0.822	Lipids and lipid-like molecules	0.534							Lipids and lipid-like molecules	0.534	Organic compounds; Lipids and lipid-like molecules; Alcohols and polyols; Organonitrogen compounds; Primary alcohols; Organooxygen compounds; Monoalkylamines; Amines; Primary amines; Hydrocarbon derivatives; Organopnictogen compounds; Organic oxygen compounds; Organic nitrogen compounds; Chemical entities	296.257	498	8.303	816966689916172404	816964250105793405	816964250105793404	2675	
2	C18H24O7	[M + H]+	C18H25O7+	Polyketides	0.505	Macrolides	0.300	Macrolide lactones	0.161	Lipids and lipid-like molecules	0.541							Lipids and lipid-like molecules	0.541	Organic compounds; Organoheterocyclic compounds; Lipids and lipid-like molecules; Alcohols and polyols; Ethers; Organooxygen compounds; Secondary alcohols; Tertiary alcohols; Carbonyl compounds; Polyols; Organic oxides; Oxacyclic compounds; Hydrocarbon derivatives; Organic oxygen compounds; Chemical entities	353.161	498	8.304	816966706437537807	816964250281954188	816964250281954187	2666	
6	C25H28N4O	[M + K]+	C25H28KN4O+	Alkaloids	0.498	Tryptophan alkaloids	0.033	Carboline alkaloids	0.031	Benzenoids	0.999	Benzene and substituted derivatives	0.992	Phenylmethylamines	0.865			Phenylmethylamines	0.865	Organic compounds; Organoheterocyclic compounds; Pyridines and derivatives; Phenylmethylamines; Piperazines; Organonitrogen compounds; Organooxygen compounds; Azoles; Trialkylamines; Benzene and substituted derivatives; Diazinanes; Benzenoids; Amines; Tertiary amines; Benzylamines; N-alkylpiperazines; Aralkylamines; Azacyclic compounds; Heteroaromatic compounds; Hydrocarbon derivatives; Organopnictogen compounds; Organic oxygen compounds; Organic nitrogen compounds; Chemical entities	439.190	499	8.313	816966694202751813	816964250420366230	816964250420366229	2684	
1	C19H38O4	[M + Na]+	C19H38NaO4+	Fatty acids	1.000	Glycerolipids	0.994	Monoacylglycerols	0.998	Lipids and lipid-like molecules	0.999	Glycerolipids	0.991	Monoradylglycerols	0.996	Monoacylglycerols	0.989	1-monoacylglycerols	0.941	Organic compounds; Lipids and lipid-like molecules; Alcohols and polyols; Glycerolipids; Organic acids and derivatives; Carboxylic acids and derivatives; Primary alcohols; Organooxygen compounds; Fatty acid esters; Carboxylic acid derivatives; Monoacylglycerols; Monocarboxylic acids and derivatives; Carboxylic acid esters; 1-monoacylglycerols; Secondary alcohols; Carbonyl compounds; Polyols; 1,2-diols; Monoradylglycerols; Fatty Acyls; Organic oxides; Hydrocarbon derivatives; Organic oxygen compounds; Chemical entities	353.267	499	8.316	816966695045807052	816964250491669403	816964250491669402	2695	
2	C12H23N3O3	[M + Na]+	C12H23N3NaO3+	Amino acids and Peptides	0.983	Small peptides	0.997	Dipeptides	0.781	Organic acids and derivatives	0.995	Carboxylic acids and derivatives	0.990	Amino acids, peptides, and analogues	0.938	Amino acids and derivatives	0.935	Alpha amino acids and derivatives	0.903	Organic compounds; Lipids and lipid-like molecules; Amino acids, peptides, and analogues; Alpha amino acids and derivatives; Fatty acids and conjugates; Organic acids and derivatives; Carboxylic acids and derivatives; Organonitrogen compounds; Organooxygen compounds; Amino acids and derivatives; Carboxylic acid amides; Carboxylic acid derivatives; Monocarboxylic acids and derivatives; Carboxylic acids; Secondary carboxylic acid amides; Carbonyl compounds; Fatty Acyls; Organic oxides; Hydrocarbon derivatives; Organopnictogen compounds; Organic oxygen compounds; Organic nitrogen compounds; Chemical entities	280.161	501	8.347	816966709797175871	816964250797853620	816964250797853619	2705	
4	C27H26O2	[M + H]+	C27H27O2+	Shikimates and Phenylpropanoids	0.797	Flavonoids	0.115	Neolignans	0.059	Benzenoids	0.998	Benzene and substituted derivatives	0.890					Benzene and substituted derivatives	0.890	Organic compounds; Lipids and lipid-like molecules; Prenol lipids; Organic acids and derivatives; Carboxylic acids and derivatives; Organooxygen compounds; Carboxylic acid derivatives; Monocarboxylic acids and derivatives; Carboxylic acid esters; Carbonyl compounds; Benzene and substituted derivatives; Benzenoids; Organic oxides; Hydrocarbon derivatives; Organic oxygen compounds; Chemical entities	383.203	501	8.348	816966706664030304	816964250898516926	816964250898516925	2700	
3	C7H10O4	[M + Na]+	C7H10NaO4+	Fatty acids	0.918	Fatty Acids and Conjugates	0.746	Wax monoesters	0.192	Lipids and lipid-like molecules	0.756	Fatty Acyls	0.741	Fatty acid esters	0.527			Fatty acid esters	0.527	Organic compounds; Lipids and lipid-like molecules; Organic acids and derivatives; Carboxylic acids and derivatives; Organooxygen compounds; Fatty acid esters; Carboxylic acid derivatives; Monocarboxylic acids and derivatives; Carboxylic acid esters; Carbonyl compounds; Methyl esters; Fatty Acyls; Organic oxides; Hydrocarbon derivatives; Organic oxygen compounds; Chemical entities	181.049	501	8.349	816966717204318239	816964251049511880	816964251049511879	2701	
1	C16H22O4	[M + H]+	C16H23O4+	Terpenoids	0.934	Sesquiterpenoids	0.910	Bisabolane sesquiterpenoids	0.081	Organic acids and derivatives	0.919	Carboxylic acids and derivatives	0.899	Carboxylic acid derivatives	0.673	Carboxylic acid esters	0.631	Carboxylic acid esters	0.631	Organic compounds; Organic acids and derivatives; Carboxylic acids and derivatives; Organooxygen compounds; Carboxylic acid derivatives; Monocarboxylic acids and derivatives; Carboxylic acid esters; Carbonyl compounds; Organic oxides; Oxacyclic compounds; Hydrocarbon derivatives; Organic oxygen compounds; Chemical entities	279.158	501	8.349	816966717212706874	816964251179535314	816964251179535313	2703	
1	C16H30N3O2	[M + K]+	C16H30KN3O2+	Alkaloids	0.617	Lysine alkaloids	0.364	Quinolizidine alkaloids	0.390	Organic acids and derivatives	0.863	Carboxylic acids and derivatives	0.775	Amino acids, peptides, and analogues	0.687	Amino acids and derivatives	0.686	Amino acids and derivatives	0.686	Organic compounds; Organoheterocyclic compounds; Amino acids, peptides, and analogues; Organic acids and derivatives; Carboxylic acids and derivatives; Organonitrogen compounds; Organooxygen compounds; Amino acids and derivatives; Carboxylic acid amides; Carboxylic acid derivatives; Carbonyl compounds; Amines; Organic oxides; Azacyclic compounds; Hydrocarbon derivatives; Organopnictogen compounds; Organic oxygen compounds; Organic nitrogen compounds; Chemical entities	335.196	501	8.351	816966721205684533	816964251393444833	816964251393444832	2665	
2	C21H39N3O4	[M + Na]+	C21H39N3NaO4+	Amino acids and Peptides	0.865	Small peptides	0.590	Tripeptides	0.077	Organic acids and derivatives	0.998	Carboxylic acids and derivatives	0.993	Amino acids, peptides, and analogues	0.892	Amino acids and derivatives	0.879	Alpha amino acid amides	0.583	Organic compounds; Lipids and lipid-like molecules; Amino acids, peptides, and analogues; Alpha amino acids and derivatives; Organic acids and derivatives; Carboxylic acids and derivatives; Organonitrogen compounds; Organooxygen compounds; Fatty amides; Amino acids and derivatives; Carboxylic acid amides; Carboxylic acid derivatives; N-acyl amines; Monocarboxylic acids and derivatives; Secondary carboxylic acid amides; Carbonyl compounds; Alpha amino acid amides; Fatty Acyls; Organic oxides; Hydrocarbon derivatives; Organopnictogen compounds; Organic oxygen compounds; Organic nitrogen compounds; Chemical entities	420.283	501	8.352	816966725127359614	816964251494108139	816964251494108138	2721	
1	C26H37N3O4S	[M + H]+	C26H38N3O4S+	Amino acids and Peptides	0.998	Linear polyketides	0.790	Melithiazole and Myxothiazole derivatives	0.518	Organic acids and derivatives	0.995	Carboxylic acids and derivatives	0.987	Amino acids, peptides, and analogues	0.937	Amino acids and derivatives	0.932	Amino acids and derivatives	0.932	Organic compounds; Organoheterocyclic compounds; Lipids and lipid-like molecules; Amino acids, peptides, and analogues; Thiazoles; Phenethylamines; Amphetamines and derivatives; Organic acids and derivatives; Carboxylic acids and derivatives; Organonitrogen compounds; Organooxygen compounds; Amino acids and derivatives; Azoles; Carboxylic acid amides; Carboxylic acid derivatives; Monocarboxylic acids and derivatives; Carboxylic acid esters; Secondary carboxylic acid amides; Carbonyl compounds; Benzene and substituted derivatives; Benzenoids; Amines; 2,4-disubstituted thiazoles; Aralkylamines; Fatty Acyls; Organic oxides; Azacyclic compounds; Heteroaromatic compounds; Hydrocarbon derivatives; Organopnictogen compounds; Organic oxygen compounds; Organic nitrogen compounds; Chemical entities	488.256	502	8.361	816966724452076423	816964251582188528	816964251582188527	2716	
2	C29H33N3O4	[M + Na]+	C29H33N3NaO4+	Alkaloids	0.439	Tyrosine alkaloids	0.025	Isoquinoline alkaloids	0.017	Organic acids and derivatives	0.971	Carboxylic acids and derivatives	0.967	Amino acids, peptides, and analogues	0.828	Amino acids and derivatives	0.826	Amino acids and derivatives	0.826	Organic compounds; Organoheterocyclic compounds; Amino acids, peptides, and analogues; Alcohols and polyols; Benzoic acids and derivatives; Ethers; Organic acids and derivatives; Carboxylic acids and derivatives; Organonitrogen compounds; Benzoyl derivatives; Organooxygen compounds; Amino acids and derivatives; Carboxylic acid amides; Carboxylic acid derivatives; Secondary carboxylic acid amides; Carbonyl compounds; Benzene and substituted derivatives; Benzenoids; Amines; Tertiary amines; Aralkylamines; Organic oxides; Azacyclic compounds; Hydrocarbon derivatives; Organopnictogen compounds; Organic oxygen compounds; Organic nitrogen compounds; Chemical entities	510.238	502	8.363	816966733079764643	816964251838041092	816964251838041091	2720	
1	C18H30O2	[M + H]+	C18H31O2+	Fatty acids	0.891	Fatty Acids and Conjugates	0.314	Unsaturated fatty acids	0.313	Lipids and lipid-like molecules	0.967	Fatty Acyls	0.906					Fatty Acyls	0.906	Organic compounds; Lipids and lipid-like molecules; Organic acids and derivatives; Carboxylic acids and derivatives; Organooxygen compounds; Monocarboxylic acids and derivatives; Carboxylic acid esters; Carbonyl compounds; Fatty Acyls; Organic oxides; Hydrocarbon derivatives; Organic oxygen compounds; Chemical entities	279.231	503	8.379	816966728948372955	816964251942898697	816964251905149960	2731	
1	C19H40NO7P	[M + H]+	C19H41NO7P+	Fatty acids	1.000	Glycerophospholipids	1.000	Glycerophosphoethanolamines	1.000	Organic acids and derivatives	1.000	Carboxylic acids and derivatives	0.999	Amino acids, peptides, and analogues	0.990	Amino acids and derivatives	0.990	Amino acids and derivatives	0.990	Organic compounds; Lipids and lipid-like molecules; Amino acids, peptides, and analogues; Alcohols and polyols; Glycerophospholipids; Organic acids and derivatives; Carboxylic acids and derivatives; Organonitrogen compounds; Organooxygen compounds; Fatty acid esters; Amino acids and derivatives; Organic phosphoric acids and derivatives; Phosphate esters; Monoalkylamines; Carboxylic acid derivatives; Monocarboxylic acids and derivatives; Carboxylic acid esters; Phosphoethanolamines; Lysophosphatidylethanolamines; Secondary alcohols; 1-acyl-sn-glycero-3-phosphoethanolamines; Carbonyl compounds; Glycerophosphoethanolamines; Amines; Primary amines; Alkyl phosphates; Dialkyl phosphates; Fatty Acyls; Organic oxides; Hydrocarbon derivatives; Organopnictogen compounds; Organic oxygen compounds; Organic nitrogen compounds; Chemical entities	426.260	503	8.379	816966726817665274	816964252010007566	816964252010007565	2732	
2	C35H60O8	[M + Na]+	C35H60NaO8+	Fatty acids	0.900	Glycerolipids	0.830	Diacylglycerols	0.264	Lipids and lipid-like molecules	0.969	Fatty Acyls	0.948	Fatty acid esters	0.936			Fatty acid esters	0.936	Organic compounds; Lipids and lipid-like molecules; Alcohols and polyols; Glycerolipids; Organic acids and derivatives; Carboxylic acids and derivatives; Organooxygen compounds; Fatty acid esters; Dicarboxylic acids and derivatives; Carboxylic acid derivatives; Carboxylic acid esters; Secondary alcohols; Carbonyl compounds; Fatty Acyls; Organic oxides; Hydrocarbon derivatives; Organic oxygen compounds; Chemical entities	631.423	503	8.382	816966739815820384	816964252186168349	816964252186168348	2742	
1	C16H25ClN2O2	[M + Na]+	C16H25ClN2NaO2+	Amino acids and Peptides	0.317	Small peptides	0.091	Dipeptides	0.043	Organohalogen compounds	0.998	Aryl halides	0.740	Aryl chlorides	0.812			Aryl chlorides	0.812	Organic compounds; Organoheterocyclic compounds; Organic acids and derivatives; Carboxylic acids and derivatives; Organohalogen compounds; Organonitrogen compounds; Organooxygen compounds; Aryl chlorides; Carboxylic acid derivatives; Organochlorides; Carbonyl compounds; Aryl halides; Organic oxides; Azacyclic compounds; Heteroaromatic compounds; Hydrocarbon derivatives; Organopnictogen compounds; Organic oxygen compounds; Organic nitrogen compounds; Chemical entities	335.150	503	8.385	816966735097225907	816964252257471522	816964252257471521	2744	
1	C16H30N3O2	[M + K]+	C16H30KN3O2+	Alkaloids	0.776	Lysine alkaloids	0.255	Quinolizidine alkaloids	0.542	Organic acids and derivatives	0.925	Carboxylic acids and derivatives	0.899	Amino acids, peptides, and analogues	0.741	Amino acids and derivatives	0.739	Amino acids and derivatives	0.739	Organic compounds; Organoheterocyclic compounds; Amino acids, peptides, and analogues; Organic acids and derivatives; Carboxylic acids and derivatives; Organonitrogen compounds; Organooxygen compounds; Amino acids and derivatives; Carboxylic acid amides; Carboxylic acid derivatives; Carbonyl compounds; Trialkylamines; Amines; Tertiary amines; Organic oxides; Azacyclic compounds; Hydrocarbon derivatives; Organopnictogen compounds; Organic oxygen compounds; Organic nitrogen compounds; Chemical entities	335.200	503	8.388	816966741896195651	816964252395883564	816964252362329131	2749	
1	C21H33NO3	[M + H]+	C21H34NO3+	Alkaloids	0.613	Pseudoalkaloids (transamidation)	0.778	Terpenoid alkaloids	0.573	Organic acids and derivatives	0.992	Carboxylic acids and derivatives	0.987	Amino acids, peptides, and analogues	0.829	Amino acids and derivatives	0.828	Amino acids and derivatives	0.828	Organic compounds; Lipids and lipid-like molecules; Amino acids, peptides, and analogues; Alcohols and polyols; Organic acids and derivatives; Carboxylic acids and derivatives; Organonitrogen compounds; Organooxygen compounds; Amino acids and derivatives; Carboxylic acid derivatives; Monocarboxylic acids and derivatives; Carboxylic acid esters; Carbonyl compounds; Amines; Methyl esters; Organic oxides; Hydrocarbon derivatives; Organopnictogen compounds; Organic oxygen compounds; Organic nitrogen compounds; Chemical entities	348.252	504	8.395	816966736812697300	816964252433632305	816964252433632304	2755	
1	C21H33NO3	[M + Na]+	C21H33NNaO3+	Alkaloids	0.913	Pseudoalkaloids (transamidation)	0.551	Open-chain polyketides	0.146	Alkaloids and derivatives	0.578							Alkaloids and derivatives	0.578	Organic compounds; Organoheterocyclic compounds; Alcohols and polyols; Pyrrolidines; Organic acids and derivatives; Carboxylic acids and derivatives; Organonitrogen compounds; Alkaloids and derivatives; Organooxygen compounds; Carboxylic acid derivatives; Monocarboxylic acids and derivatives; Carboxylic acid esters; Secondary alcohols; Carbonyl compounds; Organic oxides; Azacyclic compounds; Hydrocarbon derivatives; Organopnictogen compounds; Organic oxygen compounds; Organic nitrogen compounds; Chemical entities	370.234	504	8.395	816966737731250597	816964252500741174	816964252500741173	2756	
1	C21H39NO4	[M + H]+	C21H40NO4+	Fatty acids	0.996	Spingolipids	0.990	Sphingoid bases	0.972	Organic acids and derivatives	0.994	Carboxylic acids and derivatives	0.989	Amino acids, peptides, and analogues	0.876	Amino acids and derivatives	0.874	Alpha amino acids	0.646	Organic compounds; Lipids and lipid-like molecules; Amino acids, peptides, and analogues; Alpha amino acids and derivatives; Alcohols and polyols; Fatty acids and conjugates; Organic acids and derivatives; Carboxylic acids and derivatives; Organonitrogen compounds; Organooxygen compounds; Unsaturated fatty acids; Hydroxy fatty acids; Amino acids and derivatives; Hydroxy acids and derivatives; Monocarboxylic acids and derivatives; Carboxylic acids; Secondary alcohols; Beta hydroxy acids and derivatives; Carbonyl compounds; Alpha amino acids; Amines; Long-chain fatty acids; Fatty Acyls; Organic oxides; Hydrocarbon derivatives; Amino acids; Organopnictogen compounds; Organic oxygen compounds; Organic nitrogen compounds; Chemical entities	370.294	504	8.403	816966738779826993	816964252605598784	816964252605598783	2760	
1	C18H30O3	[M + H]+	C18H31O3+	Fatty acids	0.643	Diterpenoids	0.276	Other Octadecanoids	0.143	Lipids and lipid-like molecules	0.843	Fatty Acyls	0.619					Fatty Acyls	0.619	Organic compounds; Lipids and lipid-like molecules; Alcohols and polyols; Organooxygen compounds; Monocarboxylic acids and derivatives; Secondary alcohols; Carbonyl compounds; Fatty Acyls; Organic oxides; Hydrocarbon derivatives; Organic oxygen compounds; Chemical entities	295.225	505	8.414	816966733088153260	816964252672707653	816964252672707652	2708	
1	C18H37Si	[M + H]+	C18H38Si+	Terpenoids	0.993	Diterpenoids	0.873	Prenyleudesmane diterpenoids	0.061	Lipids and lipid-like molecules	0.913	Prenol lipids	0.829	Diterpenoids	0.503			Diterpenoids	0.503	Organic compounds; Lipids and lipid-like molecules; Prenol lipids; Organohalogen compounds; Diterpenoids; Alkyl halides; Hydrocarbon derivatives; Chemical entities	282.273	507	8.456	816966750628739453	816964252811119695	816964252811119694	2768	
3	C16H29N3O2	[M + H]+	C16H30N3O2+	Alkaloids	0.682	Guanidine alkaloids	0.482	Menthane monoterpenoids	0.065	Organoheterocyclic compounds	0.697	Azacyclic compounds	0.705					Azacyclic compounds	0.705	Organic compounds; Organoheterocyclic compounds; Alcohols and polyols; Organonitrogen compounds; Organooxygen compounds; Carboximidamides; Organic 1,3-dipolar compounds; Azacyclic compounds; Hydrocarbon derivatives; Organopnictogen compounds; Organic oxygen compounds; Organic nitrogen compounds; Chemical entities	296.236	507	8.457	816966747977938788	816964252844674132	816964252844674131	2794	
7	C16H30N8O4	[M + Na]+	C16H30N8NaO4+	Carbohydrates	0.493	Small peptides	0.320	Tripeptides	0.434	Organoheterocyclic compounds	0.745	Imidazopyrimidines	0.538	Purines and purine derivatives	0.578			Purines and purine derivatives	0.578	Organic compounds; Organoheterocyclic compounds; Imidazoles; Purines and purine derivatives; Organic acids and derivatives; Organonitrogen compounds; Organooxygen compounds; Azoles; Ureas; Imidazopyrimidines; Carbonyl compounds; Substituted imidazoles; N-substituted imidazoles; Amines; Primary amines; Organic oxides; Azacyclic compounds; Heteroaromatic compounds; Hydrocarbon derivatives; Organopnictogen compounds; Organic oxygen compounds; Organic nitrogen compounds; Chemical entities	421.231	508	8.462	816966737739639221	816964252911783001	816964252911783000	2773	
1	C21H36O4	[M + H]+	C21H37O4+	Terpenoids	0.442	Diterpenoids	0.672	Fatty alcohols	0.220	Lipids and lipid-like molecules	0.901	Prenol lipids	0.594	Diterpenoids	0.500			Diterpenoids	0.500	Organic compounds; Lipids and lipid-like molecules; Alcohols and polyols; Prenol lipids; Organic acids and derivatives; Carboxylic acids and derivatives; Primary alcohols; Organooxygen compounds; Carboxylic acid derivatives; Monocarboxylic acids and derivatives; Carboxylic acid esters; Diterpenoids; Secondary alcohols; Carbonyl compounds; Fatty Acyls; Organic oxides; Hydrocarbon derivatives; Organic oxygen compounds; Chemical entities	353.267	508	8.464	816966743389368448	816964252983086174	816964252983086173	2777	
1	C33H56O14	[M + Na]+	C33H56NaO14+	Fatty acids	0.964	Glycerolipids	0.686	Sophorolipids	0.238	Organic oxygen compounds	1.000	Organooxygen compounds	1.000	Carbohydrates and carbohydrate conjugates	0.996	Disaccharides	0.884	Disaccharides	0.884	Organic compounds; Organoheterocyclic compounds; Carbohydrates and carbohydrate conjugates; Lipids and lipid-like molecules; Alcohols and polyols; Ethers; Organic acids and derivatives; Carboxylic acids and derivatives; Primary alcohols; Organooxygen compounds; Fatty acid esters; Carboxylic acid derivatives; Monocarboxylic acids and derivatives; Carboxylic acid esters; Disaccharides; Acetals; Secondary alcohols; Carbonyl compounds; Oxanes; Glycosyl compounds; O-glycosyl compounds; Polyols; Fatty Acyls; Organic oxides; Oxacyclic compounds; Hydrocarbon derivatives; Organic oxygen compounds; Chemical entities	699.354	508	8.465	816966756605624938	816964253050195043	816964253050195042	2780	
1	C33H56O14	[M + H3N + H]+	C33H60NO14+	Fatty acids	0.984	Glycerolipids	0.875	Glycosyldiacylglycerols	0.209	Lipids and lipid-like molecules	0.955	Glycerolipids	0.658	Glycosylglycerols	0.848			Glycosylglycerols	0.848	Organic compounds; Organoheterocyclic compounds; Carbohydrates and carbohydrate conjugates; Lipids and lipid-like molecules; Alcohols and polyols; Glycerolipids; Ethers; Organic acids and derivatives; Carboxylic acids and derivatives; Primary alcohols; Organooxygen compounds; Fatty acid esters; Glycosylglycerols; Carboxylic acid derivatives; Monocarboxylic acids and derivatives; Carboxylic acid esters; Disaccharides; Acetals; Secondary alcohols; Fatty acyl glycosides; Carbonyl compounds; Oxanes; Glycosyl compounds; O-glycosyl compounds; Polyols; Fatty Acyls; Organic oxides; Oxacyclic compounds; Hydrocarbon derivatives; Organic oxygen compounds; Chemical entities	694.399	508	8.466	816966740176530662	816964253121498216	816964253121498215	2783	
1	C15H31NO2	[M + H]+	C15H32NO2+	Amino acids and Peptides	0.572	Linear polyketides	0.288	Dipeptides	0.106	Organic acids and derivatives	0.966	Carboxylic acids and derivatives	0.918	Amino acids, peptides, and analogues	0.529	Amino acids and derivatives	0.523	Amino acids and derivatives	0.523	Organic compounds; Organoheterocyclic compounds; Amino acids, peptides, and analogues; Organic acids and derivatives; Carboxylic acids and derivatives; Organonitrogen compounds; Organooxygen compounds; Amino acids and derivatives; Carboxylic acid amides; Carboxylic acid derivatives; Carbonyl compounds; Organic oxides; Azacyclic compounds; Hydrocarbon derivatives; Organopnictogen compounds; Organic oxygen compounds; Organic nitrogen compounds; Chemical entities	258.242	509	8.484	816966749332699344	816964253448653948	816964253448653947	2790	
1	C19H32O3	[M + H]+	C19H33O3+	Terpenoids	0.592	Diterpenoids	0.357	Prenyl quinone meroterpenoids	0.119	Lipids and lipid-like molecules	0.919	Prenol lipids	0.540					Prenol lipids	0.540	Organic compounds; Lipids and lipid-like molecules; Alcohols and polyols; Prenol lipids; Organic acids and derivatives; Carboxylic acids and derivatives; Organooxygen compounds; Carboxylic acid derivatives; Monocarboxylic acids and derivatives; Carboxylic acid esters; Secondary alcohols; Carbonyl compounds; Methyl esters; Fatty Acyls; Organic oxides; Hydrocarbon derivatives; Organic oxygen compounds; Chemical entities	309.241	509	8.489	816966745620739083	816964253482208385	816964253482208384	2793	
3	C17H24FN5	[M + H]+	C17H25FN5+	Alkaloids	0.913	Pseudoalkaloids (transamidation)	0.047	Purine alkaloids	0.017	Organoheterocyclic compounds	0.998	Diazines	0.793	Pyrimidines and pyrimidine derivatives	0.832	Aminopyrimidines and derivatives	0.832	Aminopyrimidines and derivatives	0.832	Organic compounds; Organoheterocyclic compounds; Halobenzenes; Pyrimidines and pyrimidine derivatives; Piperazines; Organohalogen compounds; Organonitrogen compounds; Aryl fluorides; Fluorobenzenes; Aminopyrimidines and derivatives; Diazines; Organofluorides; Trialkylamines; Benzene and substituted derivatives; Diazinanes; Benzenoids; Amines; Tertiary amines; Aryl halides; N-alkylpiperazines; N-methylpiperazines; Imidolactams; Azacyclic compounds; Heteroaromatic compounds; Hydrocarbon derivatives; Organopnictogen compounds; Organic nitrogen compounds; Chemical entities	318.211	509	8.491	816966743515197631	816964253553511558	816964253553511557	2796	
1	C18H30O3	[M + H]+	C18H31O3+	Fatty acids	0.940	Octadecanoids	0.881	Other Octadecanoids	0.851	Lipids and lipid-like molecules	0.969	Fatty Acyls	0.932	Lineolic acids and derivatives	0.641			Lineolic acids and derivatives	0.641	Organic compounds; Lipids and lipid-like molecules; Ketones; Fatty acids and conjugates; Organic acids and derivatives; Carboxylic acids and derivatives; Acryloyl compounds; Organooxygen compounds; Unsaturated fatty acids; Lineolic acids and derivatives; Monocarboxylic acids and derivatives; Carboxylic acids; Enones; Carbonyl compounds; Long-chain fatty acids; Alpha,beta-unsaturated carbonyl compounds; Alpha,beta-unsaturated ketones; Fatty Acyls; Organic oxides; Hydrocarbon derivatives; Organic oxygen compounds; Chemical entities	295.226	510	8.492	816966746082112695	816964253616426123	816964253616426122	2797	
1	C18H30O3	[M - H2O + H]+	C18H29O2+	Fatty acids	0.996	Octadecanoids	0.589	Other Octadecanoids	0.613	Lipids and lipid-like molecules	0.959	Fatty Acyls	0.926	Lineolic acids and derivatives	0.585			Lineolic acids and derivatives	0.585	Organic compounds; Lipids and lipid-like molecules; Alcohols and polyols; Fatty acids and conjugates; Organic acids and derivatives; Carboxylic acids and derivatives; Organooxygen compounds; Unsaturated fatty acids; Lineolic acids and derivatives; Monocarboxylic acids and derivatives; Carboxylic acids; Secondary alcohols; Carbonyl compounds; Long-chain fatty acids; Fatty Acyls; Organic oxides; Hydrocarbon derivatives; Organic oxygen compounds; Chemical entities	277.215	510	8.492	816966740067478710	816964253821947034	816964253821947033	2800	
2	C13H30N2O5	[M + Na]+	C13H30N2NaO5+	Fatty acids	0.454	Ornithine alkaloids	0.641	Polyamines	0.733	Organic oxygen compounds	0.997	Organooxygen compounds	0.990	Alcohols and polyols	0.502			Alcohols and polyols	0.502	Organic compounds; Alcohols and polyols; Organic acids and derivatives; Organonitrogen compounds; Organooxygen compounds; Amines; Organic oxides; Hydrocarbon derivatives; Organopnictogen compounds; Organic oxygen compounds; Organic nitrogen compounds; Chemical entities	317.207	510	8.493	816966740658875742	816964253893250207	816964253893250206	2801	
1	C19H40O4	[M + Na]+	C19H40NaO4+	Fatty acids	1.000	Glycerolipids	0.987	Fatty alcohols	0.985	Lipids and lipid-like molecules	0.975	Fatty Acyls	0.841	Fatty alcohols	0.674	Long-chain fatty alcohols	0.630	Long-chain fatty alcohols	0.630	Organic compounds; Lipids and lipid-like molecules; Alcohols and polyols; Glycerolipids; Primary alcohols; Organooxygen compounds; Carboxylic acid esters; Fatty alcohols; Secondary alcohols; Polyols; 1,2-diols; Long-chain fatty alcohols; Monoradylglycerols; Fatty Acyls; Hydrocarbon derivatives; Organic oxygen compounds; Chemical entities	355.282	510	8.494	816966738196818519	816964253960359076	816964253960359075	2774	
1	C37H72NO8P	[M + H]+	C37H73NO8P+	Fatty acids	1.000	Glycerophospholipids	1.000	Glycerophosphoethanolamines	0.998	Lipids and lipid-like molecules	0.989	Glycerophospholipids	0.999	Glycerophosphoethanolamines	0.996	Phosphatidylethanolamines	0.969	Phosphatidylethanolamines	0.969	Organic compounds; Lipids and lipid-like molecules; Amino acids, peptides, and analogues; Glycerophospholipids; Organic acids and derivatives; Carboxylic acids and derivatives; Organonitrogen compounds; Organooxygen compounds; Fatty acid esters; Dicarboxylic acids and derivatives; Amino acids and derivatives; Organic phosphoric acids and derivatives; Phosphate esters; Monoalkylamines; Carboxylic acid derivatives; Carboxylic acid esters; Phosphoethanolamines; Phosphatidylethanolamines; Carbonyl compounds; Glycerophosphoethanolamines; Amines; Primary amines; Alkyl phosphates; Dialkyl phosphates; Fatty Acyls; Organic oxides; Hydrocarbon derivatives; Organopnictogen compounds; Organic oxygen compounds; Organic nitrogen compounds; Chemical entities	690.505	510	8.500	816966742219157193	816964254031662249	816964253993913512	2802	
1	C26H55NO	[M + H]+	C26H56NO+	Fatty acids	0.975	Fatty amides	0.317	Sphingoid bases	0.284	Organic nitrogen compounds	0.996	Organonitrogen compounds	0.993	Aminoxides	0.813	Long-chain alkyl amine oxides	0.937	Long-chain alkyl amine oxides	0.937	Organic compounds; Organonitrogen compounds; Amine oxides and derivatives; Amines; Trisubstituted amine oxides and derivatives; Organic oxides; Aminoxides; Hydrocarbon derivatives; Long-chain alkyl amine oxides; Trialkyl amine oxides; Organopnictogen compounds; Organic oxygen compounds; Organic nitrogen compounds; Chemical entities	398.433	511	8.512	816966739052456858	816964254098771118	816964254098771117	2809	
1	C18H34O3	[M + H]+	C18H35O3+	Terpenoids	0.925	Diterpenoids	0.625	Labdane diterpenoids	0.288	Lipids and lipid-like molecules	0.965	Prenol lipids	0.809					Prenol lipids	0.809	Organic compounds; Lipids and lipid-like molecules; Alcohols and polyols; Prenol lipids; Organooxygen compounds; Secondary alcohols; Tertiary alcohols; Polyols; Fatty Acyls; Hydrocarbon derivatives; Organic oxygen compounds; Chemical entities	299.260	511	8.521	816966744572162635	816964254165879987	816964254165879986	2815	
2	C11H29N5O2	[M + H]+	C11H30N5O2+	Amino acids and Peptides	0.320	Guanidine alkaloids	0.715	Aminoacids	0.347	Lipids and lipid-like molecules	0.616	Fatty Acyls	0.566					Fatty Acyls	0.566	Organic compounds; Lipids and lipid-like molecules; Organonitrogen compounds; Organooxygen compounds; Guanidines; Carboximidamides; Organic 1,3-dipolar compounds; Propargyl-type 1,3-dipolar organic compounds; Fatty Acyls; Hydrocarbon derivatives; Organopnictogen compounds; Organic oxygen compounds; Organic nitrogen compounds; Chemical entities	264.239	512	8.528	816966749487888635	816964254237183160	816964254237183159	2827	
1	C19H40NO7P	[M + H]+	C19H41NO7P+	Fatty acids	1.000	Glycerophospholipids	1.000	Glycerophosphoethanolamines	1.000	Organic acids and derivatives	1.000	Carboxylic acids and derivatives	0.998	Amino acids, peptides, and analogues	0.991	Amino acids and derivatives	0.991	Amino acids and derivatives	0.991	Organic compounds; Lipids and lipid-like molecules; Amino acids, peptides, and analogues; Alcohols and polyols; Glycerophospholipids; Organic acids and derivatives; Carboxylic acids and derivatives; Organonitrogen compounds; Organooxygen compounds; Fatty acid esters; Amino acids and derivatives; Organic phosphoric acids and derivatives; Phosphate esters; Monoalkylamines; Carboxylic acid derivatives; Monocarboxylic acids and derivatives; Carboxylic acid esters; Phosphoethanolamines; Lysophosphatidylethanolamines; Secondary alcohols; 1-acyl-sn-glycero-3-phosphoethanolamines; Carbonyl compounds; Glycerophosphoethanolamines; Amines; Primary amines; Alkyl phosphates; Dialkyl phosphates; Fatty Acyls; Organic oxides; Hydrocarbon derivatives; Organopnictogen compounds; Organic oxygen compounds; Organic nitrogen compounds; Chemical entities	426.260	512	8.533	816966746778367444	816964254304292029	816964254304292028	2822	
1	C36H60O10	[M + H]+	C36H61O10+	Polyketides	0.971	Macrolides	0.253	Open-chain polyketides	0.172	Benzenoids	0.724	Phenols	0.584					Phenols	0.584	Organic compounds; Organoheterocyclic compounds; Lipids and lipid-like molecules; Alcohols and polyols; Phenols; Ethers; Organic acids and derivatives; Carboxylic acids and derivatives; Organooxygen compounds; Carboxylic acid derivatives; Carboxylic acid esters; Carbonyl compounds; Benzene and substituted derivatives; Benzenoids; Vinylogous acids; Fatty Acyls; Organic oxides; Oxacyclic compounds; Hydrocarbon derivatives; Organic oxygen compounds; Chemical entities	653.427	512	8.535	816966749253007549	816964254379789506	816964254371400897	2824	
1	C37H62O8	[M + H]+	C37H63O8+	Fatty acids	0.990	Glycerolipids	0.948	Diacylglycerols	0.344	Lipids and lipid-like molecules	0.984	Fatty Acyls	0.983	Fatty alcohols	0.852			Fatty alcohols	0.852	Organic compounds; Lipids and lipid-like molecules; Alcohols and polyols; Glycerolipids; Organic acids and derivatives; Carboxylic acids and derivatives; Organooxygen compounds; Fatty acid esters; Dicarboxylic acids and derivatives; Carboxylic acid derivatives; Carboxylic acid esters; Fatty alcohols; Secondary alcohols; Carbonyl compounds; Fatty Acyls; Organic oxides; Hydrocarbon derivatives; Organic oxygen compounds; Chemical entities	635.454	512	8.535	816966747415901849	816964254442704071	816964254442704070	2826	
1	C18H32O2	[M + H]+	C18H33O2+	Fatty acids	0.956	Fatty Acids and Conjugates	0.601	Unsaturated fatty acids	0.649	Lipids and lipid-like molecules	0.974	Fatty Acyls	0.879	Fatty acids and conjugates	0.741	Long-chain fatty acids	0.811	Long-chain fatty acids	0.811	Organic compounds; Lipids and lipid-like molecules; Alcohols and polyols; Fatty acids and conjugates; Organic acids and derivatives; Carboxylic acids and derivatives; Organooxygen compounds; Straight chain fatty acids; Unsaturated fatty acids; Monocarboxylic acids and derivatives; Carboxylic acids; Carbonyl compounds; Long-chain fatty acids; Fatty Acyls; Organic oxides; Hydrocarbon derivatives; Organic oxygen compounds; Chemical entities	281.247	512	8.536	816966742638587746	816964254493035724	816964254493035723	2829	
2	C16H28N4O2	[M + Na]+	C16H28N4NaO2+	Alkaloids	0.771	Pseudoalkaloids (transamidation)	0.179	Purine alkaloids	0.181	Organoheterocyclic compounds	0.985	Diazines	0.461	Pyrimidines and pyrimidine derivatives	0.492	Aminopyrimidines and derivatives	0.573	Aminopyrimidines and derivatives	0.573	Organic compounds; Organoheterocyclic compounds; Ethers; Organonitrogen compounds; Organooxygen compounds; Aminopyrimidines and derivatives; Amines; Organic oxides; Azacyclic compounds; Heteroaromatic compounds; Hydrocarbon derivatives; Organopnictogen compounds; Organic oxygen compounds; Organic nitrogen compounds; Chemical entities	331.211	512	8.538	816966752172243512	816964254560144593	816964254560144592	2833	
3	C14H28O5	[M + Na]+	C14H28NaO5+	Fatty acids	0.727	Fatty Acids and Conjugates	0.400	Dicarboxylic acids	0.781	Organic acids and derivatives	0.908	Carboxylic acids and derivatives	0.911	Dicarboxylic acids and derivatives	0.592			Dicarboxylic acids and derivatives	0.592	Organic compounds; Lipids and lipid-like molecules; Alcohols and polyols; Organic acids and derivatives; Carboxylic acids and derivatives; Organooxygen compounds; Dicarboxylic acids and derivatives; Carboxylic acid derivatives; Carboxylic acids; Carboxylic acid esters; Secondary alcohols; Carbonyl compounds; Fatty Acyls; Organic oxides; Hydrocarbon derivatives; Organic oxygen compounds; Chemical entities	299.184	512	8.538	816966751111084469	816964254732111072	816964254732111071	2836	
1	C20H41NO5	[M + H]+	C20H42NO5+	Fatty acids	0.977	Spingolipids	0.788	Sphingoid bases	0.840	Lipids and lipid-like molecules	0.852	Fatty Acyls	0.824	Fatty amides	0.565	N-acyl amines	0.556	N-acyl amines	0.556	Organic compounds; Lipids and lipid-like molecules; Alcohols and polyols; Organic acids and derivatives; Carboxylic acids and derivatives; Organonitrogen compounds; Primary alcohols; Organooxygen compounds; Fatty amides; Carboxylic acid derivatives; N-acyl amines; Secondary alcohols; Carbonyl compounds; Polyols; Fatty Acyls; Organic oxides; Hydrocarbon derivatives; Organopnictogen compounds; Organic oxygen compounds; Organic nitrogen compounds; Chemical entities	376.304	513	8.545	816966748493838293	816964254866328810	816964254866328809	2854	
2	C18H32O2	[M - H2O + H]+	C18H31O+	Fatty acids	0.997	Fatty Acids and Conjugates	0.464	Other Octadecanoids	0.600	Lipids and lipid-like molecules	0.982	Fatty Acyls	0.952	Lineolic acids and derivatives	0.501			Lineolic acids and derivatives	0.501	Organic compounds; Lipids and lipid-like molecules; Alcohols and polyols; Fatty acids and conjugates; Organic acids and derivatives; Carboxylic acids and derivatives; Organooxygen compounds; Unsaturated fatty acids; Lineolic acids and derivatives; Monocarboxylic acids and derivatives; Carboxylic acids; Carbonyl compounds; Long-chain fatty acids; Fatty Acyls; Organic oxides; Hydrocarbon derivatives; Organic oxygen compounds; Chemical entities	263.236	513	8.546	816966749253007537	816964254929243375	816964254929243374	2855	
1	C24H40O6	[M + H]+	C24H41O6+	Terpenoids	0.984	Sesterterpenoids	0.253	Cholane steroids	0.341	Lipids and lipid-like molecules	0.966	Steroids and steroid derivatives	0.553	Bile acids, alcohols and derivatives	0.524	Hydroxy bile acids, alcohols and derivatives	0.517	Hydroxy bile acids, alcohols and derivatives	0.517	Organic compounds; Lipids and lipid-like molecules; Alcohols and polyols; Steroids and steroid derivatives; Organic acids and derivatives; Carboxylic acids and derivatives; Organooxygen compounds; Monocarboxylic acids and derivatives; Carboxylic acids; Cyclic alcohols and derivatives; Hydroxysteroids; Bile acids, alcohols and derivatives; Secondary alcohols; Carbonyl compounds; Hydroxy bile acids, alcohols and derivatives; Polyols; Organic oxides; Hydrocarbon derivatives; Organic oxygen compounds; Chemical entities	425.288	514	8.567	816966744635077225	816964255067655417	816964255067655416	2870	
4	C16H30	[M + Na]+	C16H30Na+	Terpenoids	0.943	Sesquiterpenoids	0.860	Caryophyllane sesquiterpenoids	0.241	Lipids and lipid-like molecules	0.831	Prenol lipids	0.793	Sesquiterpenoids	0.574			Sesquiterpenoids	0.574	Organic compounds; Lipids and lipid-like molecules; Prenol lipids; Sesquiterpenoids; Hydrocarbons; Unsaturated hydrocarbons; Unsaturated aliphatic hydrocarbons; Chemical entities	245.225	514	8.574	816966740574989636	816964255193484547	816964255193484546	2882	
1	C21H42NO7P	[M + H]+	C21H43NO7P+	Fatty acids	1.000	Glycerophospholipids	1.000	Glycerophosphoethanolamines	0.998	Organic acids and derivatives	1.000	Carboxylic acids and derivatives	0.999	Amino acids, peptides, and analogues	0.987	Amino acids and derivatives	0.986	Amino acids and derivatives	0.986	Organic compounds; Lipids and lipid-like molecules; Amino acids, peptides, and analogues; Alcohols and polyols; Glycerophospholipids; Organic acids and derivatives; Carboxylic acids and derivatives; Organonitrogen compounds; Organooxygen compounds; Fatty acid esters; Amino acids and derivatives; Organic phosphoric acids and derivatives; Phosphate esters; Monoalkylamines; Carboxylic acid derivatives; Monocarboxylic acids and derivatives; Carboxylic acid esters; Phosphoethanolamines; Lysophosphatidylethanolamines; Secondary alcohols; 1-acyl-sn-glycero-3-phosphoethanolamines; Carbonyl compounds; Glycerophosphoethanolamines; Amines; Primary amines; Alkyl phosphates; Dialkyl phosphates; Fatty Acyls; Organic oxides; Hydrocarbon derivatives; Organopnictogen compounds; Organic oxygen compounds; Organic nitrogen compounds; Chemical entities	452.276	515	8.580	816966744240812470	816964255239621896	816964255239621895	2884	
1	C21H43NO5	[M + H]+	C21H44NO5+	Fatty acids	1.000	Spingolipids	0.999	Sphingoid bases	0.998	Lipids and lipid-like molecules	0.975	Sphingolipids	0.518	Ceramides	0.727			Ceramides	0.727	Organic compounds; Lipids and lipid-like molecules; Amino acids, peptides, and analogues; Alcohols and polyols; Sphingolipids; Fatty acids and conjugates; Organic acids and derivatives; Carboxylic acids and derivatives; Organonitrogen compounds; Primary alcohols; Organooxygen compounds; Hydroxy fatty acids; Amino acids and derivatives; Monoalkylamines; Hydroxy acids and derivatives; Amino fatty acids; Monocarboxylic acids and derivatives; Carboxylic acids; Ceramides; Secondary alcohols; Beta hydroxy acids and derivatives; Carbonyl compounds; 1,3-aminoalcohols; Polyols; Alpha amino acids; Amines; Primary amines; Alkanolamines; Long-chain fatty acids; Fatty Acyls; Organic oxides; Hydrocarbon derivatives; Amino acids; Organopnictogen compounds; Organic oxygen compounds; Organic nitrogen compounds; Chemical entities	390.320	515	8.581	816966747961161554	816964255302536461	816964255302536460	2885	
5	C17H34N2O3	[M + Na]+	C17H34N2NaO3+	Amino acids and Peptides	0.565	Small peptides	0.705	Dipeptides	0.225	Organic acids and derivatives	0.982	Carboxylic acids and derivatives	0.965	Amino acids, peptides, and analogues	0.828	Amino acids and derivatives	0.822	Alpha amino acids and derivatives	0.529	Organic compounds; Lipids and lipid-like molecules; Amino acids, peptides, and analogues; Alpha amino acids and derivatives; Organic acids and derivatives; Carboxylic acids and derivatives; Organonitrogen compounds; Organooxygen compounds; Amino acids and derivatives; Carboxylic acid amides; Carboxylic acid derivatives; Monocarboxylic acids and derivatives; Carbonyl compounds; Amines; Organic oxides; Hydrocarbon derivatives; Organopnictogen compounds; Organic oxygen compounds; Organic nitrogen compounds; Chemical entities	337.244	515	8.583	816966748728719423	816964255369645330	816964255369645329	2904	
1	C19H34O3	[M + H]+	C19H35O3+	Terpenoids	0.961	Diterpenoids	0.905	Labdane diterpenoids	0.323	Lipids and lipid-like molecules	0.933	Prenol lipids	0.821	Diterpenoids	0.792			Diterpenoids	0.792	Organic compounds; Lipids and lipid-like molecules; Alcohols and polyols; Prenol lipids; Primary alcohols; Organooxygen compounds; Cyclic alcohols and derivatives; Diterpenoids; Secondary alcohols; Hydrocarbon derivatives; Organic oxygen compounds; Chemical entities	311.257	515	8.587	816966748665804839	816964255440948503	816964255440948502	2887	
1	C18H35NO2	[M + Na]+	C18H35NNaO2+	Fatty acids	0.968	Fatty amides	0.902	N-acyl ethanolamines (endocannabinoids)	0.319	Lipids and lipid-like molecules	0.634	Fatty Acyls	0.614					Fatty Acyls	0.614	Organic compounds; Lipids and lipid-like molecules; Organic acids and derivatives; Carboxylic acids and derivatives; Organonitrogen compounds; Organooxygen compounds; Carboxylic acid derivatives; Carbonyl compounds; Fatty Acyls; Organic oxides; Hydrocarbon derivatives; Organopnictogen compounds; Organic oxygen compounds; Organic nitrogen compounds; Chemical entities	320.254	516	8.593	816966751677315605	816964255474502940	816964255474502939	2892	
1	C18H35NO2	[M + H]+	C18H36NO2+	Fatty acids	1.000	Fatty amides	0.959	N-acyl ethanolamines (endocannabinoids)	0.913	Lipids and lipid-like molecules	0.739	Fatty Acyls	0.743					Fatty Acyls	0.743	Organic compounds; Lipids and lipid-like molecules; Alcohols and polyols; Organic acids and derivatives; Carboxylic acids and derivatives; Organonitrogen compounds; Primary alcohols; Organooxygen compounds; Carbonyl compounds; 1,2-aminoalcohols; Amines; Alkanolamines; Fatty Acyls; Organic oxides; Hydrocarbon derivatives; Organopnictogen compounds; Organic oxygen compounds; Organic nitrogen compounds; Chemical entities	298.272	516	8.594	816966756601430630	816964255642275110	816964255642275109	2895	
3	C18H34O4	[M - H4O2 + H]+	C18H31O2+	Fatty acids	0.947	Octadecanoids	0.502	Fatty alcohols	0.578	Lipids and lipid-like molecules	0.967	Fatty Acyls	0.923	Fatty acids and conjugates	0.444	Long-chain fatty acids	0.632	Long-chain fatty acids	0.632	Organic compounds; Lipids and lipid-like molecules; Alcohols and polyols; Organic acids and derivatives; Carboxylic acids and derivatives; Primary alcohols; Organooxygen compounds; Monocarboxylic acids and derivatives; Fatty alcohols; Secondary alcohols; Carbonyl compounds; Polyols; Long-chain fatty acids; Long-chain fatty alcohols; Fatty Acyls; Organic oxides; Hydrocarbon derivatives; Organic oxygen compounds; Chemical entities	279.231	516	8.598	816966768580365607	816964255570971937	816964255562583328	2927	
1	C33H68N4O6	[M + H]+	C33H69N4O6+	Amino acids and Peptides	0.829	Oligopeptides	0.636	Lipopeptides	0.187	Organic acids and derivatives	0.995	Carboxylic acids and derivatives	0.987	Amino acids, peptides, and analogues	0.910	Amino acids and derivatives	0.891	N-acyl-alpha amino acids and derivatives	0.741	Organic compounds; Lipids and lipid-like molecules; Amino acids, peptides, and analogues; Alpha amino acids and derivatives; Alcohols and polyols; Organic acids and derivatives; Carboxylic acids and derivatives; Organonitrogen compounds; Organooxygen compounds; Fatty amides; Amino acids and derivatives; Carboxylic acid amides; Carboxylic acid derivatives; N-acyl amines; Monocarboxylic acids and derivatives; N-acyl-alpha amino acids and derivatives; Secondary alcohols; Secondary carboxylic acid amides; Carbonyl compounds; Alpha amino acid amides; Fatty Acyls; Organic oxides; Hydrocarbon derivatives; Organopnictogen compounds; Organic oxygen compounds; Organic nitrogen compounds; Chemical entities	617.520	516	8.598	816966763870161105	816964255780687152	816964255780687151	2899	
1	C16H35NO	[M + Na]+	C16H35NNaO+	Fatty acids	0.940	Fatty amides	0.430	Sphingoid bases	0.662	Lipids and lipid-like molecules	0.591							Lipids and lipid-like molecules	0.591	Organic compounds; Lipids and lipid-like molecules; Alcohols and polyols; Organonitrogen compounds; Organooxygen compounds; Monoalkylamines; Amines; Primary amines; Hydrocarbon derivatives; Organopnictogen compounds; Organic oxygen compounds; Organic nitrogen compounds; Chemical entities	280.261	516	8.601	816966774792132924	816964255847796021	816964255847796020	2902	
1	C21H38O4	[M + H]+	C21H39O4+	Fatty acids	0.977	Glycerolipids	0.790	Monoacylglycerols	0.875	Lipids and lipid-like molecules	0.983	Fatty Acyls	0.933	Fatty alcohols	0.556	Long-chain fatty alcohols	0.574	Long-chain fatty alcohols	0.574	Organic compounds; Lipids and lipid-like molecules; Alcohols and polyols; Glycerolipids; Organic acids and derivatives; Carboxylic acids and derivatives; Primary alcohols; Organooxygen compounds; Fatty acid esters; Carboxylic acid derivatives; Monoacylglycerols; Monocarboxylic acids and derivatives; Carboxylic acid esters; Fatty alcohols; Secondary alcohols; Fatty alcohol esters; Carbonyl compounds; Polyols; 1,2-diols; Long-chain fatty alcohols; Monoradylglycerols; Fatty Acyls; Organic oxides; Hydrocarbon derivatives; Organic oxygen compounds; Chemical entities	355.283	517	8.615	816966774620165881	816964256019762500	816964256019762499	2912	
1	C23H42N6O6	[M + H]+	C23H43N6O6+	Carbohydrates	0.827	Nucleosides	0.634	Purine nucleosides	0.718	Organic oxygen compounds	0.999	Organooxygen compounds	0.997	Carbohydrates and carbohydrate conjugates	0.883	Glycosyl compounds	0.935	Glycosylamines	0.923	Organic compounds; Organoheterocyclic compounds; Carbohydrates and carbohydrate conjugates; Lipids and lipid-like molecules; Pyrimidines and pyrimidine derivatives; Imidazoles; Alcohols and polyols; Purines and purine derivatives; Organonitrogen compounds; Primary alcohols; Nucleosides, nucleotides, and analogues; Organooxygen compounds; Azoles; Monoalkylamines; Aminopyrimidines and derivatives; Diazines; Monosaccharides; Secondary alcohols; Imidazopyrimidines; Glycosyl compounds; Glycosylamines; Polyols; Substituted imidazoles; N-substituted imidazoles; Amines; Primary amines; 6-aminopurines; Imidolactams; Fatty Acyls; Azacyclic compounds; Oxacyclic compounds; Heteroaromatic compounds; Hydrocarbon derivatives; Organopnictogen compounds; Organic oxygen compounds; Organic nitrogen compounds; Chemical entities	499.325	519	8.648	816966779200347548	816964256153980238	816964256153980237	2914	
1	C33H58O14	[M + H3N + H]+	C33H62NO14+	Fatty acids	1.000	Glycerolipids	0.999	Glycosyldiacylglycerols	0.829	Lipids and lipid-like molecules	0.997	Glycerolipids	0.984	Glycosylglycerols	0.997	Glycosyldiradylglycerols	0.530	Glycosyldiradylglycerols	0.530	Organic compounds; Organoheterocyclic compounds; Carbohydrates and carbohydrate conjugates; Lipids and lipid-like molecules; Alcohols and polyols; Glycerolipids; Ethers; Organic acids and derivatives; Carboxylic acids and derivatives; Primary alcohols; Organooxygen compounds; Fatty acid esters; Lineolic acids and derivatives; Glycosylglycerols; Carboxylic acid derivatives; Monocarboxylic acids and derivatives; Carboxylic acid esters; Disaccharides; Acetals; Secondary alcohols; Fatty acyl glycosides; Carbonyl compounds; Oxanes; Glycosyl compounds; O-glycosyl compounds; Polyols; Glycosyldiradylglycerols; Fatty acyl glycosides of mono- and disaccharides; Fatty Acyls; Organic oxides; Oxacyclic compounds; Hydrocarbon derivatives; Organic oxygen compounds; Chemical entities	696.414	519	8.656	816966768521645304	816964256363695453	816964256363695452	2909	
1	C18H32O3	[M + H]+	C18H33O3+	Terpenoids	0.916	Diterpenoids	0.745	Labdane diterpenoids	0.142	Lipids and lipid-like molecules	0.890	Prenol lipids	0.732					Prenol lipids	0.732	Organic compounds; Lipids and lipid-like molecules; Alcohols and polyols; Prenol lipids; Organooxygen compounds; Secondary alcohols; Tertiary alcohols; Hydrocarbon derivatives; Organic oxygen compounds; Chemical entities	297.241	519	8.657	816966767024278270	816964256397249890	816964256397249889	2929	
1	C26H46O20	[M + Na]+	C26H46NaO20+	Carbohydrates	0.983	Saccharides	0.987	Polysaccharides	0.773	Organic oxygen compounds	1.000	Organooxygen compounds	1.000	Carbohydrates and carbohydrate conjugates	1.000	Oligosaccharides	0.781	Oligosaccharides	0.781	Organic compounds; Organoheterocyclic compounds; Carbohydrates and carbohydrate conjugates; Lipids and lipid-like molecules; Alcohols and polyols; Oligosaccharides; Ethers; Organic acids and derivatives; Carboxylic acids and derivatives; Primary alcohols; Organooxygen compounds; Carboxylic acid derivatives; Monocarboxylic acids and derivatives; Carboxylic acid esters; Disaccharides; Acetals; Secondary alcohols; Carbonyl compounds; Oxanes; Glycosyl compounds; O-glycosyl compounds; Polyols; Fatty Acyls; Organic oxides; Oxacyclic compounds; Hydrocarbon derivatives; Organic oxygen compounds; Chemical entities	701.241	519	8.658	816967163499309221	816964256481135975	816964256481135974	2911	
3	C24H39N3O3	[M + Na]+	C24H39N3NaO3+	Fatty acids	0.244	Fatty amides	0.157	N-acyl amines	0.022	Organic acids and derivatives	0.978	Carboxylic acids and derivatives	0.953	Amino acids, peptides, and analogues	0.785	Amino acids and derivatives	0.781	Amino acids and derivatives	0.781	Organic compounds; Organoheterocyclic compounds; Lipids and lipid-like molecules; Amino acids, peptides, and analogues; Organic acids and derivatives; Carboxylic acids and derivatives; Organonitrogen compounds; Organooxygen compounds; Fatty amides; Amino acids and derivatives; Carboxylic acid amides; Carboxylic acid derivatives; N-acyl amines; Secondary carboxylic acid amides; Carbonyl compounds; Trialkylamines; Amines; Tertiary amines; Fatty Acyls; Organic oxides; Azacyclic compounds; Hydrocarbon derivatives; Organopnictogen compounds; Organic oxygen compounds; Organic nitrogen compounds; Chemical entities	440.287	520	8.661	816966770761404446	816964256531467628	816964256497913195	2939	
1	C20H37NO	[M + H]+	C20H38NO+	Fatty acids	0.997	Fatty amides	0.993	Primary amides	0.967	Lipids and lipid-like molecules	0.889	Fatty Acyls	0.817	Fatty amides	0.865			Fatty amides	0.865	Organic compounds; Lipids and lipid-like molecules; Organic acids and derivatives; Carboxylic acids and derivatives; Organonitrogen compounds; Organooxygen compounds; Fatty amides; Carboxylic acid amides; Carboxylic acid derivatives; Primary carboxylic acid amides; Carbonyl compounds; Fatty Acyls; Organic oxides; Hydrocarbon derivatives; Organopnictogen compounds; Organic oxygen compounds; Organic nitrogen compounds; Chemical entities	308.293	520	8.663	816966767686978516	816964256602770801	816964256602770800	2944	
3	C15H28O8	[M + Na]+	C15H28NaO8+	Fatty acids	0.544	Fatty acyl glycosides	0.703	Fatty acyl glycosides of mono- and disaccharides	0.695	Organic oxygen compounds	1.000	Organooxygen compounds	0.999	Carbohydrates and carbohydrate conjugates	0.884	Glycosyl compounds	0.730	O-glycosyl compounds	0.750	Organic compounds; Organoheterocyclic compounds; Carbohydrates and carbohydrate conjugates; Lipids and lipid-like molecules; Alcohols and polyols; Ethers; Primary alcohols; Organooxygen compounds; Monosaccharides; Acetals; Secondary alcohols; Oxanes; Glycosyl compounds; O-glycosyl compounds; Polyols; Fatty Acyls; Oxacyclic compounds; Hydrocarbon derivatives; Organic oxygen compounds; Chemical entities	359.171	520	8.664	816966768513256684	816964256669879670	816964256669879669	2925	
1	C22H38O5	[M + Na]+	C22H38NaO5+	Polyketides	0.398	Aromatic polyketides	0.613	Catechols with side chains	0.196	Benzenoids	0.747	Benzene and substituted derivatives	0.825	Benzoic acids and derivatives	0.669	Benzoic acid esters	0.650	Benzoic acid esters	0.650	Organic compounds; Phenols; Benzoic acids and derivatives; Organic acids and derivatives; Carboxylic acids and derivatives; Benzoyl derivatives; Organooxygen compounds; Carboxylic acid derivatives; Carboxylic acid esters; Benzoic acid esters; Benzene and substituted derivatives; Benzenoids; Organic oxides; Hydrocarbon derivatives; Organic oxygen compounds; Chemical entities	405.260	520	8.670	816966774678886226	816964256850234757	816964256850234756	2950	
1	C22H38O5	[M + H]+	C22H39O5+	Terpenoids	0.475	Diterpenoids	0.293	Bisabolane sesquiterpenoids	0.116	Benzenoids	0.972	Phenol ethers	0.897	Anisoles	0.672			Anisoles	0.672	Organic compounds; Lipids and lipid-like molecules; Alkyl aryl ethers; Alcohols and polyols; Anisoles; Ethers; Organic acids and derivatives; Carboxylic acids and derivatives; Organooxygen compounds; Carboxylic acid derivatives; Carboxylic acid esters; Carbonyl compounds; Benzene and substituted derivatives; Phenol ethers; Benzenoids; Fatty Acyls; Organic oxides; Methoxybenzenes; Hydrocarbon derivatives; Organic oxygen compounds; Phenoxy compounds; Chemical entities	383.278	520	8.671	816966774888601965	816964256913149322	816964256913149321	2952	
1	C16H35NO5	[M + H]+	C16H36NO5+	Fatty acids	0.943	Fatty amides	0.554	N-acyl amines	0.451	Lipids and lipid-like molecules	0.752	Fatty Acyls	0.705	Fatty amides	0.544	N-acyl amines	0.525	N-acyl amines	0.525	Organic compounds; Lipids and lipid-like molecules; Alcohols and polyols; Organic acids and derivatives; Carboxylic acids and derivatives; Organonitrogen compounds; Primary alcohols; Organooxygen compounds; Fatty amides; Carboxylic acid amides; Carboxylic acid derivatives; N-acyl amines; Secondary alcohols; Carbonyl compounds; Fatty Acyls; Organic oxides; Hydrocarbon derivatives; Organopnictogen compounds; Organic oxygen compounds; Organic nitrogen compounds; Chemical entities	322.260	521	8.676	816966774796327240	816964256946703759	816964256946703758	2973	
4	C23H36N4O2	[M + H]+	C23H37N4O2+	Amino acids and Peptides	0.552	Small peptides	0.286	Dipeptides	0.076	Organic acids and derivatives	0.939	Carboxylic acids and derivatives	0.900	Amino acids, peptides, and analogues	0.550	Amino acids and derivatives	0.548	Amino acids and derivatives	0.548	Organic compounds; Organoheterocyclic compounds; Amino acids, peptides, and analogues; Organic acids and derivatives; Carboxylic acids and derivatives; Organonitrogen compounds; Organooxygen compounds; Amino acids and derivatives; Azoles; Carboxylic acid amides; Carboxylic acid derivatives; Carbonyl compounds; Benzene and substituted derivatives; Benzenoids; Amines; Organic oxides; Azacyclic compounds; Heteroaromatic compounds; Hydrocarbon derivatives; Organopnictogen compounds; Organic oxygen compounds; Organic nitrogen compounds; Chemical entities	401.288	521	8.690	816966779389091332	816964257101893017	816964257101893016	2960	
3	C38H55NO2	[M + H]+	C38H56NO2+	Fatty acids	0.605	Fatty amides	0.455	Open-chain polyketides	0.239	Lipids and lipid-like molecules	0.869	Fatty Acyls	0.398	Fatty amides	0.539			Fatty amides	0.539	Organic compounds; Lipids and lipid-like molecules; Organic acids and derivatives; Carboxylic acids and derivatives; Organonitrogen compounds; Organooxygen compounds; Fatty amides; Carboxylic acid amides; Carboxylic acid derivatives; Secondary carboxylic acid amides; Carbonyl compounds; Organic oxides; Hydrocarbon derivatives; Organopnictogen compounds; Organic oxygen compounds; Organic nitrogen compounds; Chemical entities	558.435	522	8.695	816966780152454831	816964257219333539	816964257219333538	2963	
1	C16H32O	[M + Na]+	C16H32NaO+	Fatty acids	0.871	Fatty acyls	0.775	Fatty alcohols	0.666	Lipids and lipid-like molecules	0.740	Fatty Acyls	0.541					Fatty Acyls	0.541	Organic compounds; Lipids and lipid-like molecules; Alcohols and polyols; Organooxygen compounds; Fatty Acyls; Hydrocarbon derivatives; Organic oxygen compounds; Chemical entities	263.236	522	8.696	816966779917573772	816964257269665192	816964257269665191	3002	
1	C34H67NO	[M + H]+	C34H68NO+	Fatty acids	1.000	Fatty amides	0.998	Primary amides	0.711	Lipids and lipid-like molecules	0.981	Fatty Acyls	0.974	Fatty amides	0.979	N-acyl amines	0.899	N-acyl amines	0.899	Organic compounds; Lipids and lipid-like molecules; Organic acids and derivatives; Carboxylic acids and derivatives; Organonitrogen compounds; Organooxygen compounds; Fatty amides; Carboxylic acid amides; Carboxylic acid derivatives; N-acyl amines; Secondary carboxylic acid amides; Carbonyl compounds; Fatty Acyls; Organic oxides; Hydrocarbon derivatives; Organopnictogen compounds; Organic oxygen compounds; Organic nitrogen compounds; Chemical entities	506.528	522	8.702	816966778952883512	816964257445825975	816964257445825974	2941	
1	C19H38O4	[M + Na]+	C19H38NaO4+	Fatty acids	0.999	Glycerolipids	0.958	Monoacylglycerols	0.981	Lipids and lipid-like molecules	0.995	Fatty Acyls	0.946	Fatty alcohols	0.501	Long-chain fatty alcohols	0.636	Long-chain fatty alcohols	0.636	Organic compounds; Lipids and lipid-like molecules; Alcohols and polyols; Glycerolipids; Organic acids and derivatives; Carboxylic acids and derivatives; Primary alcohols; Organooxygen compounds; Fatty acid esters; Carboxylic acid derivatives; Monoacylglycerols; Monocarboxylic acids and derivatives; Carboxylic acid esters; Fatty alcohols; 1-monoacylglycerols; Secondary alcohols; Carbonyl compounds; Polyols; 1,2-diols; Long-chain fatty alcohols; Monoradylglycerols; Fatty Acyls; Organic oxides; Hydrocarbon derivatives; Organic oxygen compounds; Chemical entities	353.267	522	8.706	816966781012287259	816964257588432321	816964257588432320	2971	
1	C14H29NO	[M + H]+	C14H30NO+	Fatty acids	0.976	Fatty amides	0.959	Primary amides	0.538	Organic acids and derivatives	0.572	Carboxylic acids and derivatives	0.562	Carboxylic acid derivatives	0.551	Carboxylic acid amides	0.658	Carboxylic acid amides	0.658	Organic compounds; Organic acids and derivatives; Carboxylic acids and derivatives; Organonitrogen compounds; Organooxygen compounds; Carboxylic acid amides; Carboxylic acid derivatives; Carbonyl compounds; Organic oxides; Hydrocarbon derivatives; Organopnictogen compounds; Organic oxygen compounds; Organic nitrogen compounds; Chemical entities	228.231	523	8.715	816966784342565515	816964257793953232	816964257793953231	2977	
3	C20H38N6O4	[M + Na]+	C20H38N6NaO4+	Carbohydrates	0.563	Small peptides	0.338	Purine nucleosides	0.208	Organic acids and derivatives	0.791	Carboxylic acids and derivatives	0.576	Amino acids, peptides, and analogues	0.520	Amino acids and derivatives	0.509	Amino acids and derivatives	0.509	Organic compounds; Organoheterocyclic compounds; Amino acids, peptides, and analogues; Imidazoles; Organic acids and derivatives; Carboxylic acids and derivatives; Organonitrogen compounds; Organooxygen compounds; Amino acids and derivatives; Azoles; Carboxylic acid amides; Carboxylic acid derivatives; Carbonyl compounds; Substituted imidazoles; N-substituted imidazoles; Amines; Primary amines; Organic oxides; Azacyclic compounds; Heteroaromatic compounds; Hydrocarbon derivatives; Organopnictogen compounds; Organic oxygen compounds; Organic nitrogen compounds; Chemical entities	449.286	523	8.720	816966792513071062	816964257861062101	816964257861062100	2984	
6	C35H53N3O10	[M + Na]+	C35H53N3NaO10+	Alkaloids	0.486	Tryptophan alkaloids	0.262	Open-chain polyketides	0.191	Organic acids and derivatives	0.869	Carboxylic acids and derivatives	0.849	Amino acids, peptides, and analogues	0.614	Amino acids and derivatives	0.604	Amino acids and derivatives	0.604	Organic compounds; Organoheterocyclic compounds; Carbohydrates and carbohydrate conjugates; Lipids and lipid-like molecules; Amino acids, peptides, and analogues; Alcohols and polyols; Ethers; Organic acids and derivatives; Carboxylic acids and derivatives; Organonitrogen compounds; Primary alcohols; Organooxygen compounds; Amino acids and derivatives; Carboxylic acid amides; Carboxylic acid derivatives; Hexoses; Monosaccharides; Acetals; Secondary alcohols; Carbonyl compounds; Oxanes; Glycosyl compounds; O-glycosyl compounds; Polyols; Benzenoids; Amines; Organic oxides; Azacyclic compounds; Oxacyclic compounds; Heteroaromatic compounds; Hydrocarbon derivatives; Organopnictogen compounds; Organic oxygen compounds; Organic nitrogen compounds; Chemical entities	698.361	523	8.721	816966855352143050	816964257928170970	816964257928170969	2985	
1	C21H36O3	[M + H]+	C21H37O3+	Terpenoids	0.806	Diterpenoids	0.733	Labdane diterpenoids	0.177	Lipids and lipid-like molecules	0.972	Prenol lipids	0.784	Diterpenoids	0.810			Diterpenoids	0.810	Organic compounds; Lipids and lipid-like molecules; Alcohols and polyols; Prenol lipids; Fatty acids and conjugates; Organic acids and derivatives; Carboxylic acids and derivatives; Organooxygen compounds; Monocarboxylic acids and derivatives; Carboxylic acids; Diterpenoids; Secondary alcohols; Carbonyl compounds; Fatty Acyls; Organic oxides; Hydrocarbon derivatives; Organic oxygen compounds; Chemical entities	337.272	523	8.724	816966795528776171	816964258238549491	816964258238549490	2993	
1	C21H42NO7P	[M + H]+	C21H43NO7P+	Fatty acids	1.000	Glycerophospholipids	1.000	Glycerophosphoethanolamines	0.999	Organic acids and derivatives	1.000	Carboxylic acids and derivatives	0.999	Amino acids, peptides, and analogues	0.990	Amino acids and derivatives	0.990	Amino acids and derivatives	0.990	Organic compounds; Lipids and lipid-like molecules; Amino acids, peptides, and analogues; Alcohols and polyols; Glycerophospholipids; Organic acids and derivatives; Carboxylic acids and derivatives; Organonitrogen compounds; Organooxygen compounds; Fatty acid esters; Amino acids and derivatives; Organic phosphoric acids and derivatives; Phosphate esters; Monoalkylamines; Carboxylic acid derivatives; Monocarboxylic acids and derivatives; Carboxylic acid esters; Phosphoethanolamines; Lysophosphatidylethanolamines; Secondary alcohols; 1-acyl-sn-glycero-3-phosphoethanolamines; Carbonyl compounds; Glycerophosphoethanolamines; Amines; Primary amines; Alkyl phosphates; Dialkyl phosphates; Fatty Acyls; Organic oxides; Hydrocarbon derivatives; Organopnictogen compounds; Organic oxygen compounds; Organic nitrogen compounds; Chemical entities	452.276	523	8.724	816966790789211745	816964258322435576	816964258322435575	2994	
1	C33H58O14	[M + H3N + H]+	C33H62NO14+	Fatty acids	1.000	Glycerolipids	0.962	Glycosyldiacylglycerols	0.336	Lipids and lipid-like molecules	0.990	Glycerolipids	0.789	Glycosylglycerols	0.877			Glycosylglycerols	0.877	Organic compounds; Organoheterocyclic compounds; Carbohydrates and carbohydrate conjugates; Lipids and lipid-like molecules; Alcohols and polyols; Glycerolipids; Ethers; Organic acids and derivatives; Carboxylic acids and derivatives; Primary alcohols; Organooxygen compounds; Fatty acid esters; Lineolic acids and derivatives; Glycosylglycerols; Carboxylic acid derivatives; Monocarboxylic acids and derivatives; Carboxylic acid esters; Disaccharides; Acetals; Secondary alcohols; Fatty acyl glycosides; Carbonyl compounds; Oxanes; Glycosyl compounds; O-glycosyl compounds; Polyols; Fatty Acyls; Organic oxides; Oxacyclic compounds; Hydrocarbon derivatives; Organic oxygen compounds; Chemical entities	696.414	523	8.724	816966793486149806	816964258448264706	816964258448264705	2997	
1	C16H30	[M + Na]+	C16H30Na+	Terpenoids	0.925	Sesquiterpenoids	0.852	Caryophyllane sesquiterpenoids	0.239	Lipids and lipid-like molecules	0.782	Prenol lipids	0.725	Sesquiterpenoids	0.532			Sesquiterpenoids	0.532	Organic compounds; Lipids and lipid-like molecules; Prenol lipids; Sesquiterpenoids; Hydrocarbons; Olefins; Unsaturated hydrocarbons; Unsaturated aliphatic hydrocarbons; Branched unsaturated hydrocarbons; Chemical entities	245.225	523	8.725	816966794270484789	816964258548928012	816964258548928011	2998	
3	C19H40O4	[M + Na]+	C19H40NaO4+	Fatty acids	1.000	Glycerolipids	0.995	Monoacylglycerols	0.993	Lipids and lipid-like molecules	0.996	Fatty Acyls	0.964	Fatty alcohols	0.622	Long-chain fatty alcohols	0.585	Long-chain fatty alcohols	0.585	Organic compounds; Lipids and lipid-like molecules; Alcohols and polyols; Glycerolipids; Organic acids and derivatives; Carboxylic acids and derivatives; Primary alcohols; Organooxygen compounds; Fatty acid esters; Carboxylic acid derivatives; Monoacylglycerols; Monocarboxylic acids and derivatives; Carboxylic acid esters; Fatty alcohols; Secondary alcohols; Carbonyl compounds; Polyols; 1,2-diols; Long-chain fatty alcohols; Monoradylglycerols; Fatty Acyls; Organic oxides; Hydrocarbon derivatives; Organic oxygen compounds; Chemical entities	355.283	523	8.725	816966800201231639	816964258653785617	816964258653785616	2999	
1	C26H46O20	[M + Na]+	C26H46NaO20+	Carbohydrates	0.990	Saccharides	0.992	Polysaccharides	0.801	Organic oxygen compounds	1.000	Organooxygen compounds	1.000	Carbohydrates and carbohydrate conjugates	1.000	Oligosaccharides	0.777	Oligosaccharides	0.777	Organic compounds; Organoheterocyclic compounds; Carbohydrates and carbohydrate conjugates; Lipids and lipid-like molecules; Alcohols and polyols; Oligosaccharides; Ethers; Organic acids and derivatives; Carboxylic acids and derivatives; Primary alcohols; Organooxygen compounds; Monocarboxylic acids and derivatives; Disaccharides; Acetals; Secondary alcohols; Carbonyl compounds; Oxanes; Glycosyl compounds; O-glycosyl compounds; Polyols; Fatty Acyls; Organic oxides; Oxacyclic compounds; Hydrocarbon derivatives; Organic oxygen compounds; Chemical entities	701.241	524	8.726	816967112072944305	816964258725088790	816964258725088789	3001	
1	C33H58O14	[M + Na]+	C33H58NaO14+	Fatty acids	0.999	Glycerolipids	0.996	Glycosyldiacylglycerols	0.753	Lipids and lipid-like molecules	0.987	Glycerolipids	0.859	Glycosylglycerols	0.991	Glycosyldiradylglycerols	0.559	Glycosyldiradylglycerols	0.559	Organic compounds; Organoheterocyclic compounds; Carbohydrates and carbohydrate conjugates; Lipids and lipid-like molecules; Alcohols and polyols; Glycerolipids; Ethers; Organic acids and derivatives; Carboxylic acids and derivatives; Primary alcohols; Organooxygen compounds; Fatty acid esters; Glycosylglycerols; Carboxylic acid derivatives; Monocarboxylic acids and derivatives; Carboxylic acid esters; Disaccharides; Acetals; Secondary alcohols; Carbonyl compounds; Oxanes; Glycosyl compounds; O-glycosyl compounds; Polyols; Glycosyldiradylglycerols; Fatty Acyls; Organic oxides; Oxacyclic compounds; Hydrocarbon derivatives; Organic oxygen compounds; Chemical entities	701.370	524	8.728	816966799530142896	816964258792197659	816964258792197658	3012	
2	C17H36O3	[M + Na]+	C17H36NaO3+	Fatty acids	0.991	Fatty acyls	0.985	Fatty alcohols	0.995	Lipids and lipid-like molecules	0.889	Fatty Acyls	0.824	Fatty alcohols	0.867	Long-chain fatty alcohols	0.698	Long-chain fatty alcohols	0.698	Organic compounds; Lipids and lipid-like molecules; Alcohols and polyols; Primary alcohols; Organooxygen compounds; Fatty alcohols; Secondary alcohols; Polyols; Long-chain fatty alcohols; Fatty Acyls; Hydrocarbon derivatives; Organic oxygen compounds; Chemical entities	311.257	524	8.732	816966800033459406	816964258863500832	816964258863500831	3016	
1	C21H42NO7P	[M + Na]+	C21H42NNaO7P+	Fatty acids	1.000	Glycerophospholipids	1.000	Glycerophosphoethanolamines	0.999	Organic acids and derivatives	0.999	Carboxylic acids and derivatives	0.996	Amino acids, peptides, and analogues	0.987	Amino acids and derivatives	0.987	Amino acids and derivatives	0.987	Organic compounds; Lipids and lipid-like molecules; Amino acids, peptides, and analogues; Alcohols and polyols; Glycerophospholipids; Organic acids and derivatives; Carboxylic acids and derivatives; Organonitrogen compounds; Organooxygen compounds; Fatty acid esters; Amino acids and derivatives; Organic phosphoric acids and derivatives; Phosphate esters; Monoalkylamines; Carboxylic acid derivatives; Monocarboxylic acids and derivatives; Carboxylic acid esters; Phosphoethanolamines; Lysophosphatidylethanolamines; Secondary alcohols; 1-acyl-sn-glycero-3-phosphoethanolamines; Carbonyl compounds; Glycerophosphoethanolamines; Amines; Primary amines; Alkyl phosphates; Dialkyl phosphates; Fatty Acyls; Organic oxides; Hydrocarbon derivatives; Organopnictogen compounds; Organic oxygen compounds; Organic nitrogen compounds; Chemical entities	474.257	524	8.732	816966802856226344	816964258897055269	816964258897055268	3017	
1	C18H32O3	[M - H2O + H]+	C18H31O2+	Terpenoids	0.833	Diterpenoids	0.665	Labdane diterpenoids	0.125	Lipids and lipid-like molecules	0.871	Prenol lipids	0.636					Prenol lipids	0.636	Organic compounds; Lipids and lipid-like molecules; Alcohols and polyols; Prenol lipids; Organooxygen compounds; Secondary alcohols; Hydrocarbon derivatives; Organic oxygen compounds; Chemical entities	279.231	524	8.736	816966802818477592	816964258980941354	816964258980941353	3018	
2	C18H34O4	[M - H2O + H]+	C18H33O3+	Fatty acids	0.580	Fatty acyls	0.378	Fatty alcohols	0.540	Lipids and lipid-like molecules	0.947	Fatty Acyls	0.795	Fatty alcohols	0.631	Long-chain fatty alcohols	0.573	Long-chain fatty alcohols	0.573	Organic compounds; Lipids and lipid-like molecules; Alcohols and polyols; Prenol lipids; Organooxygen compounds; Fatty alcohols; Secondary alcohols; Polyols; Long-chain fatty alcohols; Fatty Acyls; Hydrocarbon derivatives; Organic oxygen compounds; Chemical entities	297.243	525	8.746	816966810208842535	816964259157102137	816964259157102136	3021	
1	C30H24O12	[M + H]+	C30H25O12+	Shikimates and Phenylpropanoids	0.731	Lignans	0.648	Neolignans	0.179	Organic oxygen compounds	1.000	Organooxygen compounds	1.000	Ethers	0.615	Alkyl aryl ethers	0.578	Alkyl aryl ethers	0.578	Organic compounds; Organoheterocyclic compounds; Alkyl aryl ethers; Ethers; Organic acids and derivatives; Carboxylic acids and derivatives; Organooxygen compounds; Carboxylic acid derivatives; Carboxylic acid esters; Carbonyl compounds; Benzene and substituted derivatives; Benzenoids; Organic oxides; Oxacyclic compounds; Hydrocarbon derivatives; Organic oxygen compounds; Chemical entities	577.132	526	8.771	816966818773612391	816964259278736963	816964259278736962	3034	
1	C18H24O2	[M + H]+	C18H25O2+	Terpenoids	0.964	Diterpenoids	0.698	Bisabolane sesquiterpenoids	0.093	Benzenoids	0.878							Benzenoids	0.878	Organic compounds; Lipids and lipid-like molecules; Prenol lipids; Organic acids and derivatives; Carboxylic acids and derivatives; Organooxygen compounds; Monocarboxylic acids and derivatives; Carboxylic acid esters; Carbonyl compounds; Benzenoids; Organic oxides; Hydrocarbon derivatives; Organic oxygen compounds; Chemical entities	273.184	526	8.771	816966808946356800	816964259345845832	816964259345845831	3036	
1	C19H28O3	[M + H]+	C19H29O3+	Terpenoids	0.994	Steroids	0.971	Androstane steroids	0.971	Lipids and lipid-like molecules	0.981	Steroids and steroid derivatives	0.971	Androstane steroids	0.888	Androgens and derivatives	0.889	Androgens and derivatives	0.889	Organic compounds; Lipids and lipid-like molecules; Ketones; Alcohols and polyols; Steroids and steroid derivatives; Organic acids and derivatives; Carboxylic acids and derivatives; Organooxygen compounds; Monocarboxylic acids and derivatives; Oxosteroids; Carboxylic acids; Hydroxysteroids; Androgens and derivatives; Carbonyl compounds; 3-oxo delta-4-steroids; Delta-4-steroids; 3-oxosteroids; Cyclic ketones; 17-oxosteroids; Androstane steroids; Organic oxides; Hydrocarbon derivatives; Cyclohexenones; Organic oxygen compounds; Chemical entities	305.210	526	8.773	816966813841110455	816964259412954701	816964259412954700	3040	
1	C18H36O3	[M - H2O + H]+	C18H35O2+	Fatty acids	0.999	Fatty acyls	0.876	Fatty alcohols	0.972	Lipids and lipid-like molecules	0.986	Fatty Acyls	0.977	Fatty alcohols	0.789	Long-chain fatty alcohols	0.823	Long-chain fatty alcohols	0.823	Organic compounds; Lipids and lipid-like molecules; Alcohols and polyols; Organic acids and derivatives; Carboxylic acids and derivatives; Primary alcohols; Organooxygen compounds; Carboxylic acid derivatives; Monocarboxylic acids and derivatives; Carboxylic acid esters; Fatty alcohols; Secondary alcohols; Carbonyl compounds; Long-chain fatty alcohols; Fatty Acyls; Organic oxides; Hydrocarbon derivatives; Organic oxygen compounds; Chemical entities	283.262	528	8.807	816966813438457232	816964259517812311	816964259517812310	3066	
1	C23H44NO7P	[M + Na]+	C23H44NNaO7P+	Fatty acids	1.000	Glycerophospholipids	1.000	Glycerophosphoethanolamines	0.999	Organic acids and derivatives	0.999	Carboxylic acids and derivatives	0.998	Amino acids, peptides, and analogues	0.986	Amino acids and derivatives	0.986	Amino acids and derivatives	0.986	Organic compounds; Lipids and lipid-like molecules; Amino acids, peptides, and analogues; Alcohols and polyols; Glycerophospholipids; Organic acids and derivatives; Carboxylic acids and derivatives; Organonitrogen compounds; Organooxygen compounds; Fatty acid esters; Amino acids and derivatives; Organic phosphoric acids and derivatives; Phosphate esters; Monoalkylamines; Carboxylic acid derivatives; Monocarboxylic acids and derivatives; Carboxylic acid esters; Phosphoethanolamines; Lysophosphatidylethanolamines; Secondary alcohols; 1-acyl-sn-glycero-3-phosphoethanolamines; Carbonyl compounds; Glycerophosphoethanolamines; Amines; Primary amines; Alkyl phosphates; Dialkyl phosphates; Fatty Acyls; Organic oxides; Hydrocarbon derivatives; Organopnictogen compounds; Organic oxygen compounds; Organic nitrogen compounds; Chemical entities	500.273	528	8.807	816966813153244510	816964259618475617	816964259618475616	3069	
3	C18H34O2	[M - H4O2 + H]+	C18H31+	Fatty acids	0.999	Fatty Acids and Conjugates	0.886	Unsaturated fatty acids	0.884	Lipids and lipid-like molecules	0.958	Fatty Acyls	0.954	Fatty acids and conjugates	0.857	Long-chain fatty acids	0.837	Long-chain fatty acids	0.837	Organic compounds; Lipids and lipid-like molecules; Fatty acids and conjugates; Organic acids and derivatives; Carboxylic acids and derivatives; Organooxygen compounds; Straight chain fatty acids; Unsaturated fatty acids; Monocarboxylic acids and derivatives; Carboxylic acids; Carbonyl compounds; Long-chain fatty acids; Fatty Acyls; Organic oxides; Hydrocarbon derivatives; Organic oxygen compounds; Chemical entities	247.241	528	8.808	816966814826772031	816964259689778790	816964259689778789	3071	
1	C36H64O10	[M + H]+	C36H65O10+	Polyketides	0.725	Aromatic polyketides	0.158	Depsides and depsidones	0.074	Lipids and lipid-like molecules	0.793	Fatty Acyls	0.797	Fatty acid esters	0.650			Fatty acid esters	0.650	Organic compounds; Lipids and lipid-like molecules; Alcohols and polyols; Ethers; Organic acids and derivatives; Carboxylic acids and derivatives; Organooxygen compounds; Fatty acid esters; Carboxylic acid derivatives; Carboxylic acid esters; Secondary alcohols; Carbonyl compounds; Benzenoids; Fatty Acyls; Organic oxides; Hydrocarbon derivatives; Organic oxygen compounds; Chemical entities	657.456	528	8.808	816966825102817486	816964259761081963	816964259761081962	3073	
3	C36H49NO9	[M + H]+	C36H50NO9+	Alkaloids	0.657	Pseudoalkaloids (transamidation)	0.887	Steroidal alkaloids	0.898	Lipids and lipid-like molecules	0.796	Steroids and steroid derivatives	0.757	Steroidal alkaloids	0.588			Steroidal alkaloids	0.588	Organic compounds; Organoheterocyclic compounds; Lipids and lipid-like molecules; Alcohols and polyols; Piperidines; Steroids and steroid derivatives; Organic acids and derivatives; Carboxylic acids and derivatives; Organonitrogen compounds; Organooxygen compounds; Carboxylic acid derivatives; Cyclic alcohols and derivatives; Secondary alcohols; Carbonyl compounds; Polyols; Azasteroids and derivatives; Steroidal alkaloids; Organic oxides; Azacyclic compounds; Oxacyclic compounds; Hydrocarbon derivatives; Organopnictogen compounds; Organic oxygen compounds; Organic nitrogen compounds; Chemical entities	640.344	528	8.808	816966845243869456	816964259794636400	816964259794636399	3075	
3	C18H36O3	[M - H4O2 + H]+	C18H33O+	Fatty acids	1.000	Fatty acyls	0.739	Fatty alcohols	0.896	Lipids and lipid-like molecules	0.975	Fatty Acyls	0.979	Fatty acids and conjugates	0.706	Long-chain fatty acids	0.722	Long-chain fatty acids	0.722	Organic compounds; Lipids and lipid-like molecules; Alcohols and polyols; Fatty acids and conjugates; Organic acids and derivatives; Carboxylic acids and derivatives; Primary alcohols; Organooxygen compounds; Monocarboxylic acids and derivatives; Carboxylic acids; Fatty alcohols; Secondary alcohols; Carbonyl compounds; Long-chain fatty acids; Long-chain fatty alcohols; Fatty Acyls; Organic oxides; Hydrocarbon derivatives; Organic oxygen compounds; Chemical entities	265.251	529	8.809	816966817733424880	816964259861745269	816964259861745268	3076	
1	C23H44NO7P	[M + H]+	C23H45NO7P+	Fatty acids	1.000	Glycerophospholipids	1.000	Glycerophosphoethanolamines	0.999	Organic acids and derivatives	1.000	Carboxylic acids and derivatives	0.998	Amino acids, peptides, and analogues	0.988	Amino acids and derivatives	0.988	Amino acids and derivatives	0.988	Organic compounds; Lipids and lipid-like molecules; Amino acids, peptides, and analogues; Alcohols and polyols; Glycerophospholipids; Organic acids and derivatives; Carboxylic acids and derivatives; Organonitrogen compounds; Organooxygen compounds; Fatty acid esters; Amino acids and derivatives; Organic phosphoric acids and derivatives; Phosphate esters; Monoalkylamines; Carboxylic acid derivatives; Monocarboxylic acids and derivatives; Carboxylic acid esters; Phosphoethanolamines; Lysophosphatidylethanolamines; Secondary alcohols; 1-acyl-sn-glycero-3-phosphoethanolamines; Carbonyl compounds; Glycerophosphoethanolamines; Amines; Primary amines; Alkyl phosphates; Dialkyl phosphates; Fatty Acyls; Organic oxides; Hydrocarbon derivatives; Organopnictogen compounds; Organic oxygen compounds; Organic nitrogen compounds; Chemical entities	478.291	529	8.809	816966826520492325	816964259933048442	816964259933048441	3077	
1	C36H62O8	[M + H]+	C36H63O8+	Terpenoids	0.932	Diterpenoids	0.388	Tetracyclic diterpenoids	0.080	Lipids and lipid-like molecules	0.940	Prenol lipids	0.781	Diterpenoids	0.542			Diterpenoids	0.542	Organic compounds; Organoheterocyclic compounds; Carbohydrates and carbohydrate conjugates; Lipids and lipid-like molecules; Alcohols and polyols; Ethers; Prenol lipids; Organic acids and derivatives; Carboxylic acids and derivatives; Organooxygen compounds; Carboxylic acid derivatives; Carboxylic acid esters; Cyclic alcohols and derivatives; Diterpenoids; Secondary alcohols; Carbonyl compounds; Oxanes; Polyols; Alpha,beta-unsaturated carboxylic esters; Organic oxides; Oxacyclic compounds; Hydrocarbon derivatives; Organic oxygen compounds; Chemical entities	623.455	529	8.822	816966837585068139	816964260214066830	816964260214066829	3092	
1	C18H34O3	[M + H]+	C18H35O3+	Terpenoids	0.607	Diterpenoids	0.509	Labdane diterpenoids	0.278	Lipids and lipid-like molecules	0.948	Prenol lipids	0.651					Prenol lipids	0.651	Organic compounds; Lipids and lipid-like molecules; Alcohols and polyols; Prenol lipids; Organooxygen compounds; Secondary alcohols; Tertiary alcohols; Fatty Acyls; Hydrocarbon derivatives; Organic oxygen compounds; Chemical entities	299.257	531	8.844	816966838746890485	816964260314730136	816964260314730135	3103	
3	C19H40O4	[M + Na]+	C19H40NaO4+	Fatty acids	1.000	Fatty acyls	0.987	Fatty alcohols	0.994	Lipids and lipid-like molecules	0.981	Fatty Acyls	0.815	Fatty alcohols	0.823	Long-chain fatty alcohols	0.755	Long-chain fatty alcohols	0.755	Organic compounds; Lipids and lipid-like molecules; Alcohols and polyols; Glycerolipids; Primary alcohols; Organooxygen compounds; Dialkyl ethers; Fatty alcohols; Secondary alcohols; Polyols; Glycerol ethers; 1,2-diols; Long-chain fatty alcohols; Monoalkylglycerols; Monoradylglycerols; Fatty Acyls; Hydrocarbon derivatives; Organic oxygen compounds; Chemical entities	355.283	531	8.848	816966845248063774	816964260524445351	816964260524445350	3112	
2	C23H44N6O7	[M - H2O + H]+	C23H43N6O6+	Amino acids and Peptides	0.890	Oligopeptides	0.854	Linear peptides	0.366	Organic acids and derivatives	0.972	Carboxylic acids and derivatives	0.927	Amino acids, peptides, and analogues	0.771	Peptides	0.551	Peptides	0.551	Organic compounds; Lipids and lipid-like molecules; Amino acids, peptides, and analogues; Alpha amino acids and derivatives; Alcohols and polyols; Organic acids and derivatives; Carboxylic acids and derivatives; Organonitrogen compounds; Primary alcohols; Organooxygen compounds; Fatty amides; Amino acids and derivatives; Peptides; Guanidines; Monoalkylamines; Carboxylic acid amides; Carboxylic acid derivatives; N-acyl amines; N-acyl-alpha amino acids and derivatives; Carboxylic acids; Secondary carboxylic acid amides; Carbonyl compounds; Amines; Carboximidamides; Organic 1,3-dipolar compounds; Propargyl-type 1,3-dipolar organic compounds; Fatty Acyls; Organic oxides; Hydrocarbon derivatives; Organopnictogen compounds; Organic oxygen compounds; Organic nitrogen compounds; Chemical entities	499.325	531	8.850	816966848406375021	816964260599942828	816964260599942827	3105	
1	C19H36O3	[M + H]+	C19H37O3+	Terpenoids	0.905	Diterpenoids	0.846	Labdane diterpenoids	0.407	Lipids and lipid-like molecules	0.918	Prenol lipids	0.749	Diterpenoids	0.616			Diterpenoids	0.616	Organic compounds; Lipids and lipid-like molecules; Alcohols and polyols; Prenol lipids; Primary alcohols; Organooxygen compounds; Diterpenoids; Secondary alcohols; Fatty Acyls; Hydrocarbon derivatives; Organic oxygen compounds; Chemical entities	313.272	531	8.852	816966849337510593	816964260667051697	816964260667051696	3117	
2	C18H32O2	[M - H2O + H]+	C18H31O+	Fatty acids	0.999	Fatty Acids and Conjugates	0.717	Unsaturated fatty acids	0.735	Lipids and lipid-like molecules	0.984	Fatty Acyls	0.974	Lineolic acids and derivatives	0.565			Lineolic acids and derivatives	0.565	Organic compounds; Lipids and lipid-like molecules; Fatty acids and conjugates; Organic acids and derivatives; Carboxylic acids and derivatives; Organooxygen compounds; Straight chain fatty acids; Unsaturated fatty acids; Lineolic acids and derivatives; Monocarboxylic acids and derivatives; Carboxylic acids; Carbonyl compounds; Long-chain fatty acids; Fatty Acyls; Organic oxides; Hydrocarbon derivatives; Organic oxygen compounds; Chemical entities	263.236	531	8.852	816966847835949621	816964260725771958	816964260725771957	3118	
1	C31H58O14	[M + Na]+	C31H58NaO14+	Terpenoids	0.798	Monoterpenoids	0.166	Secoiridoid monoterpenoids	0.446	Lipids and lipid-like molecules	0.839	Prenol lipids	0.534	Terpene glycosides	0.519			Terpene glycosides	0.519	Organic compounds; Organoheterocyclic compounds; Carbohydrates and carbohydrate conjugates; Lipids and lipid-like molecules; Alcohols and polyols; Ethers; Prenol lipids; Organic acids and derivatives; Carboxylic acids and derivatives; Primary alcohols; Organooxygen compounds; Carboxylic acid derivatives; Carboxylic acid esters; Acetals; Secondary alcohols; Carbonyl compounds; Oxanes; Terpene glycosides; Glycosyl compounds; O-glycosyl compounds; Polyols; Enoate esters; Alpha,beta-unsaturated carboxylic esters; Organic oxides; Oxacyclic compounds; Hydrocarbon derivatives; Organic oxygen compounds; Chemical entities	677.370	531	8.852	816966854584585333	816964260792880827	816964260792880826	3119	
1	C19H38O4	[M + H]+	C19H39O4+	Fatty acids	0.992	Fatty acyls	0.944	Fatty alcohols	0.984	Lipids and lipid-like molecules	0.982	Fatty Acyls	0.947	Fatty alcohols	0.772	Long-chain fatty alcohols	0.808	Long-chain fatty alcohols	0.808	Organic compounds; Lipids and lipid-like molecules; Alcohols and polyols; Glycerolipids; Organic acids and derivatives; Carboxylic acids and derivatives; Primary alcohols; Organooxygen compounds; Fatty acid esters; Carboxylic acid derivatives; Monoacylglycerols; Monocarboxylic acids and derivatives; Carboxylic acid esters; Fatty alcohols; Secondary alcohols; Fatty alcohol esters; Carbonyl compounds; Polyols; 1,2-diols; Long-chain fatty alcohols; Monoradylglycerols; Fatty Acyls; Organic oxides; Hydrocarbon derivatives; Organic oxygen compounds; Chemical entities	331.283	532	8.858	816966852810394464	816964260931292869	816964260931292868	3132	
1	C18H28O	[M + H3N + H]+	C18H32NO+	Terpenoids	0.990	Diterpenoids	0.884	Norlabdane diterpenoids	0.052	Lipids and lipid-like molecules	0.921	Prenol lipids	0.837	Diterpenoids	0.678			Diterpenoids	0.678	Organic compounds; Lipids and lipid-like molecules; Prenol lipids; Organooxygen compounds; Diterpenoids; Carbonyl compounds; Organic oxides; Hydrocarbon derivatives; Organic oxygen compounds; Chemical entities	278.247	533	8.876	816966856828538474	816964261040344783	816964261040344782	3136	
1	C21H40O4	[M + H]+	C21H41O4+	Fatty acids	1.000	Glycerolipids	0.984	Monoacylglycerols	0.979	Lipids and lipid-like molecules	0.995	Glycerolipids	0.954	Monoradylglycerols	0.945	Monoacylglycerols	0.956	1-monoacylglycerols	0.812	Organic compounds; Lipids and lipid-like molecules; Alcohols and polyols; Glycerolipids; Organic acids and derivatives; Carboxylic acids and derivatives; Primary alcohols; Organooxygen compounds; Fatty acid esters; Carboxylic acid derivatives; Monoacylglycerols; Monocarboxylic acids and derivatives; Carboxylic acid esters; 1-monoacylglycerols; Secondary alcohols; Carbonyl compounds; Polyols; 1,2-diols; Monoradylglycerols; Fatty Acyls; Organic oxides; Hydrocarbon derivatives; Organic oxygen compounds; Chemical entities	357.298	533	8.886	816966859257040793	816964261111647956	816964261111647955	3146	
1	C19H40O3	[M + Na]+	C19H40NaO3+	Fatty acids	1.000	Fatty acyls	0.972	Fatty alcohols	0.991	Lipids and lipid-like molecules	0.942	Fatty Acyls	0.831	Fatty alcohols	0.711	Long-chain fatty alcohols	0.664	Long-chain fatty alcohols	0.664	Organic compounds; Lipids and lipid-like molecules; Alcohols and polyols; Glycerolipids; Primary alcohols; Organooxygen compounds; Fatty alcohols; Secondary alcohols; Polyols; Long-chain fatty alcohols; Monoradylglycerols; Fatty Acyls; Hydrocarbon derivatives; Organic oxygen compounds; Chemical entities	339.288	533	8.889	816966858963439478	816964261245865694	816964261245865693	3150	
1	C22H44NO7P	[M + H]+	C22H45NO7P+	Fatty acids	1.000	Glycerophospholipids	1.000	Glycerophosphoethanolamines	0.999	Organic acids and derivatives	0.999	Carboxylic acids and derivatives	0.998	Amino acids, peptides, and analogues	0.989	Amino acids and derivatives	0.988	Amino acids and derivatives	0.988	Organic compounds; Lipids and lipid-like molecules; Amino acids, peptides, and analogues; Alcohols and polyols; Glycerophospholipids; Organic acids and derivatives; Carboxylic acids and derivatives; Organonitrogen compounds; Organooxygen compounds; Fatty acid esters; Amino acids and derivatives; Organic phosphoric acids and derivatives; Phosphate esters; Monoalkylamines; Carboxylic acid derivatives; Monocarboxylic acids and derivatives; Carboxylic acid esters; Phosphoethanolamines; Lysophosphatidylethanolamines; Secondary alcohols; 1-acyl-sn-glycero-3-phosphoethanolamines; Carbonyl compounds; Glycerophosphoethanolamines; Amines; Primary amines; Alkyl phosphates; Dialkyl phosphates; Fatty Acyls; Organic oxides; Hydrocarbon derivatives; Organopnictogen compounds; Organic oxygen compounds; Organic nitrogen compounds; Chemical entities	466.291	534	8.893	816966891855178914	816964261384277736	816964261384277735	3155	
2	C32H59NO2	[M + C2H3N + H]+	C34H63N2O2+	Fatty acids	1.000	Fatty amides	0.995	N-acyl ethanolamines (endocannabinoids)	0.749	Lipids and lipid-like molecules	0.971	Fatty Acyls	0.958	Fatty amides	0.956	N-acyl amines	0.889	N-acyl amines	0.889	Organic compounds; Lipids and lipid-like molecules; Organic acids and derivatives; Carboxylic acids and derivatives; Organonitrogen compounds; Organooxygen compounds; Fatty amides; Carboxylic acid amides; Carboxylic acid derivatives; N-acyl amines; Secondary carboxylic acid amides; Carbonyl compounds; Fatty Acyls; Organic oxides; Hydrocarbon derivatives; Organopnictogen compounds; Organic oxygen compounds; Organic nitrogen compounds; Chemical entities	531.486	534	8.908	816966908221354283	816964261522689783	816964261522689782	3166	
1	C31H62N4O	[M + H]+	C31H63N4O+	Fatty acids	0.818	Fatty amides	0.720	N-acyl amines	0.124	Lipids and lipid-like molecules	0.618	Fatty Acyls	0.460	Fatty amides	0.525			Fatty amides	0.525	Organic compounds; Organoheterocyclic compounds; Lipids and lipid-like molecules; Organic acids and derivatives; Carboxylic acids and derivatives; Organonitrogen compounds; Organooxygen compounds; Fatty amides; Carboxylic acid amides; Carboxylic acid derivatives; Secondary carboxylic acid amides; Carbonyl compounds; Amines; Organic oxides; Azacyclic compounds; Hydrocarbon derivatives; Organopnictogen compounds; Organic oxygen compounds; Organic nitrogen compounds; Chemical entities	507.498	535	8.910	816966893469986166	816964261593992956	816964261593992955	3168	
1	C16H28O	[M + H]+	C16H29O+	Fatty acids	0.961	Fatty acyls	0.702	Fatty alcohols	0.303	Lipids and lipid-like molecules	0.680							Lipids and lipid-like molecules	0.680	Organic compounds; Lipids and lipid-like molecules; Organooxygen compounds; Hydrocarbon derivatives; Organic oxygen compounds; Chemical entities	237.220	535	8.912	816966883911166761	816964261661101825	816964261661101824	3172	
1	C16H28O	[M + H3N + H]+	C16H32NO+	Fatty acids	0.949	Fatty acyls	0.921	Fatty alcohols	0.428	Lipids and lipid-like molecules	0.542							Lipids and lipid-like molecules	0.542	Organic compounds; Lipids and lipid-like molecules; Ketones; Organooxygen compounds; Carbonyl compounds; Organic oxides; Hydrocarbon derivatives; Organic oxygen compounds; Chemical entities	254.247	535	8.913	816966889229544473	816964261715627782	816964261715627781	3173	
1	C25H40O10	[M + K]+	C25H40KO10+	Fatty acids	0.718	Fatty acyl glycosides	0.180	Fatty acyl glycosides of mono- and disaccharides	0.147	Organic oxygen compounds	1.000	Organooxygen compounds	1.000	Carbohydrates and carbohydrate conjugates	0.954	Glycosyl compounds	0.859	O-glycosyl compounds	0.888	Organic compounds; Organoheterocyclic compounds; Carbohydrates and carbohydrate conjugates; Lipids and lipid-like molecules; Alcohols and polyols; Ethers; Organic acids and derivatives; Carboxylic acids and derivatives; Primary alcohols; Organooxygen compounds; Fatty acid esters; Carboxylic acid derivatives; Carboxylic acid esters; Monosaccharides; Acetals; Secondary alcohols; Carbonyl compounds; Oxanes; Glycosyl compounds; O-glycosyl compounds; Polyols; Fatty Acyls; Organic oxides; Oxacyclic compounds; Hydrocarbon derivatives; Organic oxygen compounds; Chemical entities	539.222	536	8.925	816966909198627260	816964261849845520	816964261849845519	3125	
1	C23H44NO7P	[M + Na]+	C23H44NNaO7P+	Fatty acids	1.000	Glycerophospholipids	1.000	Glycerophosphoethanolamines	0.999	Organic acids and derivatives	1.000	Carboxylic acids and derivatives	0.997	Amino acids, peptides, and analogues	0.988	Amino acids and derivatives	0.988	Amino acids and derivatives	0.988	Organic compounds; Lipids and lipid-like molecules; Amino acids, peptides, and analogues; Alcohols and polyols; Glycerophospholipids; Organic acids and derivatives; Carboxylic acids and derivatives; Organonitrogen compounds; Organooxygen compounds; Fatty acid esters; Amino acids and derivatives; Organic phosphoric acids and derivatives; Phosphate esters; Monoalkylamines; Carboxylic acid derivatives; Monocarboxylic acids and derivatives; Carboxylic acid esters; Phosphoethanolamines; Lysophosphatidylethanolamines; Secondary alcohols; 1-acyl-sn-glycero-3-phosphoethanolamines; Carbonyl compounds; Glycerophosphoethanolamines; Amines; Primary amines; Alkyl phosphates; Dialkyl phosphates; Fatty Acyls; Organic oxides; Hydrocarbon derivatives; Organopnictogen compounds; Organic oxygen compounds; Organic nitrogen compounds; Chemical entities	500.273	536	8.939	816966908380737884	816964262202167086	816964262202167085	3189	
1	C19H29NO	[M + H]+	C19H30NO+	Fatty acids	0.600	Pseudoalkaloids (transamidation)	0.265	Phenylalanine-derived alkaloids	0.059	Benzenoids	0.908	Benzene and substituted derivatives	0.570					Benzene and substituted derivatives	0.570	Organic compounds; Alcohols and polyols; Organonitrogen compounds; Organooxygen compounds; Secondary alcohols; Benzene and substituted derivatives; Benzenoids; Hydrocarbon derivatives; Organopnictogen compounds; Organic oxygen compounds; Organic nitrogen compounds; Chemical entities	288.231	537	8.942	816966928387569055	816964262302830392	816964262302830391	3191	
1	C30H45N7O7	[M + H]+	C30H46N7O7+	Amino acids and Peptides	0.937	Oligopeptides	0.987	Cyclic peptides	0.376	Organic acids and derivatives	0.995	Carboxylic acids and derivatives	0.986	Amino acids, peptides, and analogues	0.923	Amino acids and derivatives	0.909	N-acyl-alpha amino acids and derivatives	0.687	Organic compounds; Organoheterocyclic compounds; Lipids and lipid-like molecules; Amino acids, peptides, and analogues; Alpha amino acids and derivatives; Alcohols and polyols; Organic acids and derivatives; Carboxylic acids and derivatives; Organonitrogen compounds; Organooxygen compounds; Fatty amides; Amino acids and derivatives; Carboxylic acid amides; Carboxylic acid derivatives; N-acyl amines; Organic nitro compounds; N-acyl-alpha amino acids and derivatives; Secondary alcohols; Secondary carboxylic acid amides; Carbonyl compounds; Benzene and substituted derivatives; Benzenoids; Organic 1,3-dipolar compounds; Allyl-type 1,3-dipolar organic compounds; Propargyl-type 1,3-dipolar organic compounds; Fatty Acyls; Organic oxides; Azacyclic compounds; Heteroaromatic compounds; Hydrocarbon derivatives; Organopnictogen compounds; Organic oxygen compounds; Nitroaromatic compounds; Organic nitrogen compounds; Chemical entities	616.344	537	8.944	816966979608416519	816964262369939261	816964262369939260	3192	
1	C21H44NO7P	[M + H]+	C21H45NO7P+	Fatty acids	1.000	Glycerophospholipids	1.000	Glycerophosphoethanolamines	1.000	Organic acids and derivatives	0.999	Carboxylic acids and derivatives	0.997	Amino acids, peptides, and analogues	0.987	Amino acids and derivatives	0.986	Amino acids and derivatives	0.986	Organic compounds; Lipids and lipid-like molecules; Amino acids, peptides, and analogues; Alcohols and polyols; Glycerophospholipids; Organic acids and derivatives; Carboxylic acids and derivatives; Organonitrogen compounds; Organooxygen compounds; Fatty acid esters; Amino acids and derivatives; Organic phosphoric acids and derivatives; Phosphate esters; Monoalkylamines; Carboxylic acid derivatives; Monocarboxylic acids and derivatives; Carboxylic acid esters; Phosphoethanolamines; Lysophosphatidylethanolamines; Secondary alcohols; 1-acyl-sn-glycero-3-phosphoethanolamines; Carbonyl compounds; Glycerophosphoethanolamines; Amines; Primary amines; Alkyl phosphates; Dialkyl phosphates; Fatty Acyls; Organic oxides; Hydrocarbon derivatives; Organopnictogen compounds; Organic oxygen compounds; Organic nitrogen compounds; Chemical entities	454.291	537	8.944	816966915452335046	816964262437048130	816964262437048129	3193	
1	C23H44NO7P	[M + H]+	C23H45NO7P+	Fatty acids	1.000	Glycerophospholipids	1.000	Glycerophosphoethanolamines	0.998	Organic acids and derivatives	1.000	Carboxylic acids and derivatives	0.999	Amino acids, peptides, and analogues	0.993	Amino acids and derivatives	0.993	Amino acids and derivatives	0.993	Organic compounds; Lipids and lipid-like molecules; Amino acids, peptides, and analogues; Alcohols and polyols; Glycerophospholipids; Organic acids and derivatives; Carboxylic acids and derivatives; Organonitrogen compounds; Organooxygen compounds; Fatty acid esters; Amino acids and derivatives; Organic phosphoric acids and derivatives; Phosphate esters; Monoalkylamines; Carboxylic acid derivatives; Monocarboxylic acids and derivatives; Carboxylic acid esters; Phosphoethanolamines; Lysophosphatidylethanolamines; Secondary alcohols; 1-acyl-sn-glycero-3-phosphoethanolamines; Carbonyl compounds; Glycerophosphoethanolamines; Amines; Primary amines; Alkyl phosphates; Dialkyl phosphates; Fatty Acyls; Organic oxides; Hydrocarbon derivatives; Organopnictogen compounds; Organic oxygen compounds; Organic nitrogen compounds; Chemical entities	478.291	537	8.944	816966931218724432	816964262508351303	816964262508351302	3194	
7	C18H36N4O13	[M + Na]+	C18H36N4NaO13+	Carbohydrates	0.999	Aminosugars and aminoglycosides	0.977	Aminoglycosides	0.955	Organic oxygen compounds	1.000	Organooxygen compounds	1.000	Carbohydrates and carbohydrate conjugates	0.993	Aminosaccharides	0.982	4,6-disubstituted 2-deoxystreptamines	0.715	Organic compounds; Organoheterocyclic compounds; Carbohydrates and carbohydrate conjugates; Alcohols and polyols; Ethers; Organic acids and derivatives; Organonitrogen compounds; Aminoglycosides; Primary alcohols; Organooxygen compounds; Monoalkylamines; Cyclic alcohols and derivatives; Monosaccharides; Acetals; Secondary alcohols; Aminocyclitol glycosides; Carbonyl compounds; 1,2-aminoalcohols; Oxanes; Glycosyl compounds; O-glycosyl compounds; Amines; Primary amines; Alkanolamines; Cyclitols and derivatives; Aminocyclitols and derivatives; Cyclohexanols; Cyclohexylamines; Aminosaccharides; 4,6-disubstituted 2-deoxystreptamines; 2-deoxystreptamine aminoglycosides; Organic oxides; Oxacyclic compounds; Hydrocarbon derivatives; Organopnictogen compounds; Organic oxygen compounds; Organic nitrogen compounds; Chemical entities	539.222	538	8.959	816967114363034399	816964262713872214	816964262713872213	3207	
1	C21H38O4	[M + H]+	C21H39O4+	Fatty acids	0.999	Glycerolipids	0.988	Monoacylglycerols	0.979	Lipids and lipid-like molecules	0.998	Fatty Acyls	0.985	Lineolic acids and derivatives	0.580			Lineolic acids and derivatives	0.580	Organic compounds; Lipids and lipid-like molecules; Alcohols and polyols; Glycerolipids; Organic acids and derivatives; Carboxylic acids and derivatives; Primary alcohols; Organooxygen compounds; Fatty acid esters; Lineolic acids and derivatives; Carboxylic acid derivatives; Monoacylglycerols; Monocarboxylic acids and derivatives; Carboxylic acid esters; 1-monoacylglycerols; 2-monoacylglycerols; Secondary alcohols; Carbonyl compounds; Polyols; 1,2-diols; Monoradylglycerols; Fatty Acyls; Organic oxides; Hydrocarbon derivatives; Organic oxygen compounds; Chemical entities	355.283	538	8.960	816966938940438587	816964262780981083	816964262780981082	3212	
1	C27H48O9	[M + H3N + H]+	C27H52NO9+	Fatty acids	1.000	Glycerolipids	0.999	Glycosyldiacylglycerols	0.476	Lipids and lipid-like molecules	0.998	Glycerolipids	0.984	Glycosylglycerols	0.993			Glycosylglycerols	0.993	Organic compounds; Organoheterocyclic compounds; Carbohydrates and carbohydrate conjugates; Lipids and lipid-like molecules; Alcohols and polyols; Glycerolipids; Ethers; Organic acids and derivatives; Carboxylic acids and derivatives; Primary alcohols; Organooxygen compounds; Fatty acid esters; Lineolic acids and derivatives; Glycosylglycerols; Carboxylic acid derivatives; Monocarboxylic acids and derivatives; Carboxylic acid esters; Hexoses; Monosaccharides; Acetals; Secondary alcohols; Fatty acyl glycosides; Carbonyl compounds; Oxanes; Glycosyl compounds; O-glycosyl compounds; Polyols; Fatty Acyls; Organic oxides; Oxacyclic compounds; Hydrocarbon derivatives; Organic oxygen compounds; Chemical entities	534.362	538	8.960	816966933693363997	816964262852284256	816964262852284255	3213	
1	C21H36O3	[M + H]+	C21H37O3+	Terpenoids	0.606	Diterpenoids	0.550	Monoacylglycerols	0.084	Lipids and lipid-like molecules	0.974	Prenol lipids	0.637	Diterpenoids	0.576			Diterpenoids	0.576	Organic compounds; Lipids and lipid-like molecules; Alcohols and polyols; Prenol lipids; Organic acids and derivatives; Carboxylic acids and derivatives; Organooxygen compounds; Carboxylic acid derivatives; Monocarboxylic acids and derivatives; Carboxylic acid esters; Diterpenoids; Secondary alcohols; Carbonyl compounds; Fatty Acyls; Organic oxides; Hydrocarbon derivatives; Organic oxygen compounds; Chemical entities	337.272	538	8.961	816966924646249682	816964262944558949	816964262919393124	3216	
3	C16H32O	[M + C2H3N + H]+	C18H36NO+	Fatty acids	0.703	Sesquiterpenoids	0.326	Fatty alcohols	0.139	Lipids and lipid-like molecules	0.885	Fatty Acyls	0.567					Fatty Acyls	0.567	Organic compounds; Lipids and lipid-like molecules; Organooxygen compounds; Carbonyl compounds; Fatty Acyls; Organic oxides; Hydrocarbon derivatives; Organic oxygen compounds; Chemical entities	282.278	538	8.961	816966925845820751	816964262986501994	816964262986501993	3217	
1	C16H30	[M + Na]+	C16H30Na+	Terpenoids	0.988	Sesquiterpenoids	0.899	Caryophyllane sesquiterpenoids	0.194	Lipids and lipid-like molecules	0.866	Prenol lipids	0.824	Sesquiterpenoids	0.597			Sesquiterpenoids	0.597	Organic compounds; Lipids and lipid-like molecules; Prenol lipids; Sesquiterpenoids; Hydrocarbons; Olefins; Polycyclic hydrocarbons; Unsaturated hydrocarbons; Unsaturated aliphatic hydrocarbons; Branched unsaturated hydrocarbons; Chemical entities	245.225	538	8.962	816966932342797952	816964263053610863	816964263053610862	3219	
2	C18H32O2	[M - H2O + H]+	C18H31O+	Fatty acids	1.000	Fatty Acids and Conjugates	0.917	Unsaturated fatty acids	0.933	Lipids and lipid-like molecules	0.989	Fatty Acyls	0.985	Lineolic acids and derivatives	0.743			Lineolic acids and derivatives	0.743	Organic compounds; Lipids and lipid-like molecules; Fatty acids and conjugates; Organic acids and derivatives; Carboxylic acids and derivatives; Organooxygen compounds; Straight chain fatty acids; Unsaturated fatty acids; Lineolic acids and derivatives; Monocarboxylic acids and derivatives; Carboxylic acids; Carbonyl compounds; Long-chain fatty acids; Fatty Acyls; Organic oxides; Hydrocarbon derivatives; Organic oxygen compounds; Chemical entities	263.236	538	8.963	816966925791294775	816964263124914036	816964263124914035	3220	
2	C18H35NO	[M + CH2O2 + H]+	C19H38NO3+	Fatty acids	1.000	Fatty amides	1.000	Primary amides	1.000	Lipids and lipid-like molecules	0.818	Fatty Acyls	0.870	Fatty amides	0.832			Fatty amides	0.832	Organic compounds; Lipids and lipid-like molecules; Organic acids and derivatives; Carboxylic acids and derivatives; Organonitrogen compounds; Organooxygen compounds; Fatty amides; Carboxylic acid amides; Carboxylic acid derivatives; Primary carboxylic acid amides; Carbonyl compounds; Fatty Acyls; Organic oxides; Hydrocarbon derivatives; Organopnictogen compounds; Organic oxygen compounds; Organic nitrogen compounds; Chemical entities	328.283	538	8.967	816966937967359984	816964263267520382	816964263267520381	3226	
1	C26H48NO7P	[M + H]+	C26H49NO7P+	Fatty acids	1.000	Glycerophospholipids	1.000	Glycerophosphocholines	0.998	Lipids and lipid-like molecules	0.988	Glycerophospholipids	0.999	Glycerophosphocholines	0.998	Lysophosphatidylcholines	0.965	1-acyl-sn-glycero-3-phosphocholines	0.894	Organic compounds; Lipids and lipid-like molecules; Alcohols and polyols; Glycerophospholipids; Organic acids and derivatives; Carboxylic acids and derivatives; Organonitrogen compounds; Organooxygen compounds; Fatty acid esters; Organic phosphoric acids and derivatives; Phosphate esters; Quaternary ammonium salts; Cholines; Carboxylic acid derivatives; Monocarboxylic acids and derivatives; Carboxylic acid esters; Phosphocholines; Lysophosphatidylcholines; 1-acyl-sn-glycero-3-phosphocholines; Secondary alcohols; Carbonyl compounds; Glycerophosphocholines; Amines; Alkyl phosphates; Dialkyl phosphates; Organic cations; Organic salts; Fatty Acyls; Organic oxides; Hydrocarbon derivatives; Tetraalkylammonium salts; Organopnictogen compounds; Organic oxygen compounds; Organic nitrogen compounds; Chemical entities	518.323	538	8.971	816966938755889194	816964263334629251	816964263334629250	3227	
1	C18H28O2	[M + H]+	C18H29O2+	Terpenoids	0.839	Steroids	0.743	Androstane steroids	0.236	Lipids and lipid-like molecules	0.941	Steroids and steroid derivatives	0.741	Oxosteroids	0.554			Oxosteroids	0.554	Organic compounds; Lipids and lipid-like molecules; Ketones; Alcohols and polyols; Steroids and steroid derivatives; Organooxygen compounds; Oxosteroids; Carbonyl compounds; Organic oxides; Hydrocarbon derivatives; Organic oxygen compounds; Chemical entities	277.215	540	8.993	816966950575438905	816964263510790029	816964263510790028	3240	
9	C35H42O15	[M + H]+	C35H43O15+	Shikimates and Phenylpropanoids	0.955	Flavonoids	0.800	Flavones	0.509	Phenylpropanoids and polyketides	0.871	Flavonoids	0.643	Flavonoid glycosides	0.626			Flavonoid glycosides	0.626	Organic compounds; Organoheterocyclic compounds; Carbohydrates and carbohydrate conjugates; Lipids and lipid-like molecules; Benzopyrans; Alkyl aryl ethers; Alcohols and polyols; Phenols; Anisoles; Chromones; Ethers; Phenylpropanoids and polyketides; Organic acids and derivatives; Carboxylic acids and derivatives; Primary alcohols; Organooxygen compounds; Fatty acid esters; Flavonoids; Flavonoid glycosides; Carboxylic acid esters; Monosaccharides; Flavones; Acetals; Secondary alcohols; Carbonyl compounds; Oxanes; Glycosyl compounds; O-glycosyl compounds; Benzene and substituted derivatives; Polyols; Phenol ethers; Benzenoids; 4'-hydroxyflavonoids; Hydroxyflavonoids; 1-benzopyrans; Enoate esters; Alpha,beta-unsaturated carboxylic esters; Fatty Acyls; Organic oxides; Oxacyclic compounds; Heteroaromatic compounds; Hydrocarbon derivatives; Phenolic glycosides; Organic oxygen compounds; 1-hydroxy-2-unsubstituted benzenoids; 1-hydroxy-4-unsubstituted benzenoids; Phenoxy compounds; Chemical entities	703.257	540	8.994	816967199540965600	816964263649202071	816964263615647638	3243	
2	C21H42O5	[M - H2O + H]+	C21H41O4+	Fatty acids	1.000	Fatty acyls	0.906	Fatty alcohols	0.974	Lipids and lipid-like molecules	0.998	Fatty Acyls	0.992	Fatty alcohols	0.739	Long-chain fatty alcohols	0.732	Long-chain fatty alcohols	0.732	Organic compounds; Lipids and lipid-like molecules; Alcohols and polyols; Glycerolipids; Organic acids and derivatives; Carboxylic acids and derivatives; Primary alcohols; Organooxygen compounds; Fatty acid esters; Carboxylic acid derivatives; Monoacylglycerols; Monocarboxylic acids and derivatives; Carboxylic acid esters; Fatty alcohols; 1-monoacylglycerols; Secondary alcohols; Carbonyl compounds; Polyols; 1,2-diols; Long-chain fatty alcohols; Monoradylglycerols; Fatty Acyls; Organic oxides; Hydrocarbon derivatives; Organic oxygen compounds; Chemical entities	357.298	540	8.996	816966966719316982	816964263682756508	816964263682756507	3245	
3	C21H42O5	[M - H4O2 + H]+	C21H39O3+	Fatty acids	0.999	Fatty Acids and Conjugates	0.743	Hydroxy fatty acids	0.711	Lipids and lipid-like molecules	0.990	Fatty Acyls	0.985	Fatty acids and conjugates	0.864	Long-chain fatty acids	0.844	Long-chain fatty acids	0.844	Organic compounds; Lipids and lipid-like molecules; Alcohols and polyols; Fatty acids and conjugates; Organic acids and derivatives; Carboxylic acids and derivatives; Primary alcohols; Organooxygen compounds; Hydroxy fatty acids; Monocarboxylic acids and derivatives; Carboxylic acids; Secondary alcohols; Carbonyl compounds; Polyols; Long-chain fatty acids; Fatty Acyls; Organic oxides; Hydrocarbon derivatives; Organic oxygen compounds; Chemical entities	339.288	540	8.998	816966961405133287	816964263854722982	816964263850528677	3251	
1	C19H32O3	[M + H]+	C19H33O3+	Terpenoids	0.892	Diterpenoids	0.324	Open-chain polyketides	0.047	Lipids and lipid-like molecules	0.850	Prenol lipids	0.568					Prenol lipids	0.568	Organic compounds; Lipids and lipid-like molecules; Ketones; Alcohols and polyols; Prenol lipids; Organooxygen compounds; Secondary alcohols; Carbonyl compounds; Organic oxides; Hydrocarbon derivatives; Organic oxygen compounds; Chemical entities	309.241	540	9.000	816966960587243819	816964263917637547	816964263917637546	3252	
1	C33H60O14	[M + H3N + H]+	C33H64NO14+	Fatty acids	1.000	Glycerolipids	0.990	Glycosyldiacylglycerols	0.470	Lipids and lipid-like molecules	0.988	Glycerolipids	0.795	Glycosylglycerols	0.962			Glycosylglycerols	0.962	Organic compounds; Organoheterocyclic compounds; Carbohydrates and carbohydrate conjugates; Lipids and lipid-like molecules; Alcohols and polyols; Glycerolipids; Ethers; Organic acids and derivatives; Carboxylic acids and derivatives; Primary alcohols; Organooxygen compounds; Fatty acid esters; Glycosylglycerols; Carboxylic acid derivatives; Monocarboxylic acids and derivatives; Carboxylic acid esters; Disaccharides; Acetals; Secondary alcohols; Carbonyl compounds; Oxanes; Glycosyl compounds; O-glycosyl compounds; Polyols; Fatty Acyls; Organic oxides; Oxacyclic compounds; Hydrocarbon derivatives; Organic oxygen compounds; Chemical entities	698.430	540	9.001	816966959987458252	816964264022495152	816964264022495151	3256	
1	C18H28O	[M + H]+	C18H29O+	Terpenoids	0.969	Diterpenoids	0.706	Norlabdane diterpenoids	0.234	Lipids and lipid-like molecules	0.837	Prenol lipids	0.808					Prenol lipids	0.808	Organic compounds; Lipids and lipid-like molecules; Prenol lipids; Organooxygen compounds; Organic oxides; Hydrocarbon derivatives; Organic oxygen compounds; Chemical entities	261.220	541	9.025	816966962009113166	816964264156712890	816964264156712889	3274	
1	C19H38O4	[M + Na]+	C19H38NaO4+	Fatty acids	0.998	Glycerolipids	0.957	Monoacylglycerols	0.974	Lipids and lipid-like molecules	0.995	Fatty Acyls	0.949	Fatty alcohols	0.590	Long-chain fatty alcohols	0.663	Long-chain fatty alcohols	0.663	Organic compounds; Lipids and lipid-like molecules; Alcohols and polyols; Glycerolipids; Organic acids and derivatives; Carboxylic acids and derivatives; Primary alcohols; Organooxygen compounds; Fatty acid esters; Carboxylic acid derivatives; Monoacylglycerols; Monocarboxylic acids and derivatives; Carboxylic acid esters; Fatty alcohols; 1-monoacylglycerols; Secondary alcohols; Carbonyl compounds; Polyols; 1,2-diols; Long-chain fatty alcohols; Monoradylglycerols; Fatty Acyls; Organic oxides; Hydrocarbon derivatives; Organic oxygen compounds; Chemical entities	353.267	541	9.025	816967000944848277	816964264219627455	816964264219627454	3275	
1	C22H44NO7P	[M + H]+	C22H45NO7P+	Fatty acids	1.000	Glycerophospholipids	1.000	Glycerophosphoethanolamines	0.999	Organic acids and derivatives	1.000	Carboxylic acids and derivatives	0.999	Amino acids, peptides, and analogues	0.990	Amino acids and derivatives	0.989	Amino acids and derivatives	0.989	Organic compounds; Lipids and lipid-like molecules; Amino acids, peptides, and analogues; Alcohols and polyols; Glycerophospholipids; Organic acids and derivatives; Carboxylic acids and derivatives; Organonitrogen compounds; Organooxygen compounds; Fatty acid esters; Amino acids and derivatives; Organic phosphoric acids and derivatives; Phosphate esters; Monoalkylamines; Carboxylic acid derivatives; Monocarboxylic acids and derivatives; Carboxylic acid esters; Phosphoethanolamines; Lysophosphatidylethanolamines; Secondary alcohols; 1-acyl-sn-glycero-3-phosphoethanolamines; Carbonyl compounds; Glycerophosphoethanolamines; Amines; Primary amines; Alkyl phosphates; Dialkyl phosphates; Fatty Acyls; Organic oxides; Hydrocarbon derivatives; Organopnictogen compounds; Organic oxygen compounds; Organic nitrogen compounds; Chemical entities	466.291	542	9.034	816966967675618333	816964264332873673	816964264332873672	3282	
1	C22H44NO7P	[M + Na]+	C22H44NNaO7P+	Fatty acids	1.000	Glycerophospholipids	1.000	Glycerophosphoethanolamines	1.000	Organic acids and derivatives	0.999	Carboxylic acids and derivatives	0.997	Amino acids, peptides, and analogues	0.984	Amino acids and derivatives	0.984	Amino acids and derivatives	0.984	Organic compounds; Lipids and lipid-like molecules; Amino acids, peptides, and analogues; Alcohols and polyols; Glycerophospholipids; Organic acids and derivatives; Carboxylic acids and derivatives; Organonitrogen compounds; Organooxygen compounds; Fatty acid esters; Amino acids and derivatives; Organic phosphoric acids and derivatives; Phosphate esters; Monoalkylamines; Carboxylic acid derivatives; Monocarboxylic acids and derivatives; Carboxylic acid esters; Phosphoethanolamines; Lysophosphatidylethanolamines; Secondary alcohols; 1-acyl-sn-glycero-3-phosphoethanolamines; Carbonyl compounds; Glycerophosphoethanolamines; Amines; Primary amines; Alkyl phosphates; Dialkyl phosphates; Fatty Acyls; Organic oxides; Hydrocarbon derivatives; Organopnictogen compounds; Organic oxygen compounds; Organic nitrogen compounds; Chemical entities	488.273	542	9.038	816967000806436193	816964264399982542	816964264399982541	3287	
1	C34H67NO	[M + H]+	C34H68NO+	Fatty acids	1.000	Fatty amides	0.999	N-acyl amines	0.723	Lipids and lipid-like molecules	0.989	Fatty Acyls	0.985	Fatty amides	0.989	N-acyl amines	0.942	N-acyl amines	0.942	Organic compounds; Lipids and lipid-like molecules; Organic acids and derivatives; Carboxylic acids and derivatives; Organonitrogen compounds; Organooxygen compounds; Fatty amides; Carboxylic acid amides; Carboxylic acid derivatives; N-acyl amines; Secondary carboxylic acid amides; Carbonyl compounds; Fatty Acyls; Organic oxides; Hydrocarbon derivatives; Organopnictogen compounds; Organic oxygen compounds; Organic nitrogen compounds; Chemical entities	506.528	543	9.045	816966984482197847	816964264467091411	816964264467091410	3291	
1	C29H40O6	[M + H]+	C29H41O6+	Terpenoids	0.405	Triterpenoids	0.168	Other polyketide meroterpenoids	0.052	Benzenoids	0.624							Benzenoids	0.624	Organic compounds; Organoheterocyclic compounds; Lipids and lipid-like molecules; Alcohols and polyols; Ethers; Prenol lipids; Organic acids and derivatives; Carboxylic acids and derivatives; Organooxygen compounds; Carboxylic acid derivatives; Carboxylic acid esters; Carbonyl compounds; Benzenoids; Organic oxides; Oxacyclic compounds; Hydrocarbon derivatives; Organic oxygen compounds; Chemical entities	485.288	543	9.048	816966987212695922	816964264538394584	816964264538394583	3294	
1	C29H48O2	[M + H]+	C29H49O2+	Terpenoids	1.000	Meroterpenoids	1.000	Prenyl quinone meroterpenoids	1.000	Lipids and lipid-like molecules	0.920	Prenol lipids	0.954	Quinone and hydroquinone lipids	0.999	Vitamin E compounds	0.999	Tocopherols	0.880	Organic compounds; Organoheterocyclic compounds; Lipids and lipid-like molecules; Benzopyrans; Alkyl aryl ethers; Phenols; Tocopherols; Ethers; Prenol lipids; Carboxylic acids and derivatives; Organooxygen compounds; Carboxylic acid derivatives; Monocarboxylic acids and derivatives; Carboxylic acid esters; Quinone and hydroquinone lipids; Vitamin E compounds; Diterpenoids; Carbonyl compounds; Benzenoids; 1-benzopyrans; Organic oxides; Oxacyclic compounds; Hydrocarbon derivatives; Organic oxygen compounds; Chemical entities	429.371	543	9.057	816967000839990646	816964264890716150	816964264890716149	3305	
1	C22H43NO2	[M - H2O + H]+	C22H42NO+	Fatty acids	0.994	Fatty amides	0.778	N-acyl ethanolamines (endocannabinoids)	0.673	Lipids and lipid-like molecules	0.650							Lipids and lipid-like molecules	0.650	Organic compounds; Lipids and lipid-like molecules; Alcohols and polyols; Organonitrogen compounds; Primary alcohols; Organooxygen compounds; Secondary alcohols; 1,2-aminoalcohols; Amines; Alkanolamines; Hydrocarbon derivatives; Organopnictogen compounds; Organic oxygen compounds; Organic nitrogen compounds; Chemical entities	336.325	544	9.058	816967000806436191	816964264924270587	816964264924270586	3308	
1	C39H66O9	[M + H]+	C39H67O9+	Polyketides	0.447	Linear polyketides	0.103	Open-chain polyketides	0.154	Lipids and lipid-like molecules	0.865	Prenol lipids	0.587					Prenol lipids	0.587	Organic compounds; Organoheterocyclic compounds; Lipids and lipid-like molecules; Alcohols and polyols; Ethers; Prenol lipids; Organic acids and derivatives; Carboxylic acids and derivatives; Organooxygen compounds; Carboxylic acid derivatives; Carboxylic acid esters; Secondary alcohols; Carbonyl compounds; Fatty Acyls; Organic oxides; Oxacyclic compounds; Hydrocarbon derivatives; Organic oxygen compounds; Chemical entities	679.484	544	9.059	816967001058094501	816964265016545280	816964265012350975	3309	
1	C34H65N3O4	[M + H]+	C34H66N3O4+	Fatty acids	0.539	Oligopeptides	0.170	Open-chain polyketides	0.160	Organic acids and derivatives	0.988	Carboxylic acids and derivatives	0.966	Amino acids, peptides, and analogues	0.607	Amino acids and derivatives	0.593	Amino acids and derivatives	0.593	Organic compounds; Organoheterocyclic compounds; Lipids and lipid-like molecules; Amino acids, peptides, and analogues; Organic acids and derivatives; Carboxylic acids and derivatives; Organonitrogen compounds; Organooxygen compounds; Fatty amides; Amino acids and derivatives; Carboxylic acid amides; Carboxylic acid derivatives; N-acyl amines; Secondary carboxylic acid amides; Carbonyl compounds; Fatty Acyls; Organic oxides; Azacyclic compounds; Hydrocarbon derivatives; Organopnictogen compounds; Organic oxygen compounds; Organic nitrogen compounds; Chemical entities	580.503	544	9.059	816966987229473153	816964265066876933	816964265066876932	3311	
1	C21H46OSi	[M + H]+	C21H47OSi+	Fatty acids	0.995	Fatty acyls	0.972	Fatty alcohols	0.954	Lipids and lipid-like molecules	0.643	Fatty Acyls	0.609					Fatty Acyls	0.609	Organic compounds; Lipids and lipid-like molecules; Alcohols and polyols; Primary alcohols; Organooxygen compounds; Fatty Acyls; Hydrocarbon derivatives; Organic oxygen compounds; Chemical entities	343.338	544	9.065	816966984188596539	816964265125597194	816964265125597193	3320	
1	C30H48	[M + H]+	C30H49+	Terpenoids	0.998	Carotenoids (C40)	0.552	Carotenoids (C40, γ-Ψ)	0.115	Lipids and lipid-like molecules	0.982	Prenol lipids	0.914					Prenol lipids	0.914	Organic compounds; Lipids and lipid-like molecules; Prenol lipids; Hydrocarbons; Olefins; Cyclic olefins; Unsaturated hydrocarbons; Unsaturated aliphatic hydrocarbons; Branched unsaturated hydrocarbons; Chemical entities	409.381	544	9.066	816966987216890236	816964265180123151	816964265180123150	3316	
1	C21H40O4	[M + H]+	C21H41O4+	Fatty acids	1.000	Glycerolipids	0.991	Monoacylglycerols	0.995	Lipids and lipid-like molecules	0.997	Glycerolipids	0.981	Monoradylglycerols	0.983	Monoacylglycerols	0.980	1-monoacylglycerols	0.906	Organic compounds; Lipids and lipid-like molecules; Alcohols and polyols; Glycerolipids; Organic acids and derivatives; Carboxylic acids and derivatives; Primary alcohols; Organooxygen compounds; Fatty acid esters; Carboxylic acid derivatives; Monoacylglycerols; Monocarboxylic acids and derivatives; Carboxylic acid esters; 1-monoacylglycerols; Secondary alcohols; Carbonyl compounds; Polyols; 1,2-diols; Monoradylglycerols; Fatty Acyls; Organic oxides; Hydrocarbon derivatives; Organic oxygen compounds; Chemical entities	357.298	544	9.071	816967010239430201	816964265238843412	816964265238843411	3375	
2	C37H61N3O2	[M + H]+	C37H62N3O2+	Fatty acids	0.647	Fatty amides	0.226	N-acyl amines	0.028	Organic acids and derivatives	0.986	Carboxylic acids and derivatives	0.974	Amino acids, peptides, and analogues	0.589	Amino acids and derivatives	0.580	Amino acids and derivatives	0.580	Organic compounds; Organoheterocyclic compounds; Lipids and lipid-like molecules; Amino acids, peptides, and analogues; Organic acids and derivatives; Carboxylic acids and derivatives; Organonitrogen compounds; Organooxygen compounds; Fatty amides; Amino acids and derivatives; Carboxylic acid amides; Carboxylic acid derivatives; N-acyl amines; Secondary carboxylic acid amides; Carbonyl compounds; Amines; Fatty Acyls; Organic oxides; Azacyclic compounds; Hydrocarbon derivatives; Organopnictogen compounds; Organic oxygen compounds; Organic nitrogen compounds; Chemical entities	580.485	544	9.072	816967010239430214	816964265272397849	816964265272397848	3343	
1	C36H68N2O7	[M + Na]+	C36H68N2NaO7+	Amino acids and Peptides	0.448	Oligopeptides	0.702	Aminoacids	0.186	Organic acids and derivatives	0.999	Carboxylic acids and derivatives	0.997	Amino acids, peptides, and analogues	0.879	Amino acids and derivatives	0.874	Alpha amino acid esters	0.557	Organic compounds; Organoheterocyclic compounds; Amino acids, peptides, and analogues; Lactones; Alpha amino acids and derivatives; Macrolides and analogues; Organic acids and derivatives; Carboxylic acids and derivatives; Organonitrogen compounds; Organooxygen compounds; Amino acids and derivatives; Alpha amino acid esters; Carboxylic acid amides; Carboxylic acid derivatives; Carboxylic acid esters; Tertiary carboxylic acid amides; Carbonyl compounds; Fatty Acyls; Organic oxides; Azacyclic compounds; Oxacyclic compounds; Hydrocarbon derivatives; Organopnictogen compounds; Organic oxygen compounds; Organic nitrogen compounds; Chemical entities	663.489	544	9.073	816967025808687714	816964265339506718	816964265339506717	3326	
1	C21H44NO7P	[M + Na]+	C21H44NNaO7P+	Fatty acids	1.000	Glycerophospholipids	1.000	Glycerophosphoethanolamines	1.000	Organic acids and derivatives	0.999	Carboxylic acids and derivatives	0.996	Amino acids, peptides, and analogues	0.986	Amino acids and derivatives	0.985	Amino acids and derivatives	0.985	Organic compounds; Lipids and lipid-like molecules; Amino acids, peptides, and analogues; Alcohols and polyols; Glycerophospholipids; Organic acids and derivatives; Carboxylic acids and derivatives; Organonitrogen compounds; Organooxygen compounds; Fatty acid esters; Amino acids and derivatives; Organic phosphoric acids and derivatives; Phosphate esters; Monoalkylamines; Carboxylic acid derivatives; Monocarboxylic acids and derivatives; Carboxylic acid esters; Phosphoethanolamines; Lysophosphatidylethanolamines; Secondary alcohols; 1-acyl-sn-glycero-3-phosphoethanolamines; Carbonyl compounds; Glycerophosphoethanolamines; Amines; Primary amines; Alkyl phosphates; Dialkyl phosphates; Fatty Acyls; Organic oxides; Hydrocarbon derivatives; Organopnictogen compounds; Organic oxygen compounds; Organic nitrogen compounds; Chemical entities	476.273	545	9.077	816967010243624527	816964265406615587	816964265406615586	3329	
1	C21H44NO7P	[M + H]+	C21H45NO7P+	Fatty acids	1.000	Glycerophospholipids	1.000	Glycerophosphoethanolamines	1.000	Organic acids and derivatives	1.000	Carboxylic acids and derivatives	0.997	Amino acids, peptides, and analogues	0.990	Amino acids and derivatives	0.990	Amino acids and derivatives	0.990	Organic compounds; Lipids and lipid-like molecules; Amino acids, peptides, and analogues; Alcohols and polyols; Glycerophospholipids; Organic acids and derivatives; Carboxylic acids and derivatives; Organonitrogen compounds; Organooxygen compounds; Fatty acid esters; Amino acids and derivatives; Organic phosphoric acids and derivatives; Phosphate esters; Monoalkylamines; Carboxylic acid derivatives; Monocarboxylic acids and derivatives; Carboxylic acid esters; Phosphoethanolamines; Lysophosphatidylethanolamines; Secondary alcohols; 1-acyl-sn-glycero-3-phosphoethanolamines; Carbonyl compounds; Glycerophosphoethanolamines; Amines; Primary amines; Alkyl phosphates; Dialkyl phosphates; Fatty Acyls; Organic oxides; Hydrocarbon derivatives; Organopnictogen compounds; Organic oxygen compounds; Organic nitrogen compounds; Chemical entities	454.291	545	9.080	816967012978311084	816964265444364328	816964265444364327	3336	
2	C24H44O6	[M + H]+	C24H45O6+	Terpenoids	0.973	Meroterpenoids	0.935	Prenyl quinone meroterpenoids	0.970	Lipids and lipid-like molecules	0.912	Prenol lipids	0.771	Quinone and hydroquinone lipids	0.684	Vitamin E compounds	0.814	Vitamin E compounds	0.814	Organic compounds; Organoheterocyclic compounds; Lipids and lipid-like molecules; Benzopyrans; Alkyl aryl ethers; Ethers; Prenol lipids; Organic acids and derivatives; Carboxylic acids and derivatives; Organooxygen compounds; Fatty acid esters; Carboxylic acid derivatives; Monocarboxylic acids and derivatives; Carboxylic acid esters; Quinone and hydroquinone lipids; Vitamin E compounds; Diterpenoids; Carbonyl compounds; Benzenoids; 1-benzopyrans; Fatty Acyls; Organic oxides; Oxacyclic compounds; Hydrocarbon derivatives; Organic oxygen compounds; Chemical entities	429.317	545	9.083	816967020184125608	816964265582776370	816964265582776369	3341	
2	C15H36N6O3	[M - H2O + H]+	C15H35N6O2+	Alkaloids	0.625	Pseudoalkaloids (transamidation)	0.192	Imidazole alkaloids	0.167	Organoheterocyclic compounds	0.983	Diazines	0.878	Pyrimidines and pyrimidine derivatives	0.872	Aminopyrimidines and derivatives	0.776	Aminopyrimidines and derivatives	0.776	Organic compounds; Organoheterocyclic compounds; Pyrimidines and pyrimidine derivatives; Alcohols and polyols; Organic acids and derivatives; Organonitrogen compounds; Primary alcohols; Organooxygen compounds; Aminopyrimidines and derivatives; Diazines; Amines; Primary amines; Organic oxides; Azacyclic compounds; Heteroaromatic compounds; Hydrocarbon derivatives; Organopnictogen compounds; Organic oxygen compounds; Organic nitrogen compounds; Chemical entities	331.283	545	9.087	816967012168810370	816964265821851713	816964265821851712	3348	
1	C23H46NO7P	[M + H]+	C23H47NO7P+	Fatty acids	1.000	Glycerophospholipids	1.000	Glycerophosphoethanolamines	0.998	Organic acids and derivatives	0.999	Carboxylic acids and derivatives	0.997	Amino acids, peptides, and analogues	0.983	Amino acids and derivatives	0.983	Amino acids and derivatives	0.983	Organic compounds; Lipids and lipid-like molecules; Amino acids, peptides, and analogues; Alcohols and polyols; Glycerophospholipids; Organic acids and derivatives; Carboxylic acids and derivatives; Organonitrogen compounds; Organooxygen compounds; Fatty acid esters; Amino acids and derivatives; Organic phosphoric acids and derivatives; Phosphate esters; Monoalkylamines; Carboxylic acid derivatives; Monocarboxylic acids and derivatives; Carboxylic acid esters; Phosphoethanolamines; Lysophosphatidylethanolamines; Secondary alcohols; 1-acyl-sn-glycero-3-phosphoethanolamines; Carbonyl compounds; Glycerophosphoethanolamines; Amines; Primary amines; Alkyl phosphates; Dialkyl phosphates; Fatty Acyls; Organic oxides; Hydrocarbon derivatives; Organopnictogen compounds; Organic oxygen compounds; Organic nitrogen compounds; Chemical entities	480.306	545	9.088	816967018418323473	816964265905737798	816964265905737797	3350	
1	C36H70O7S	[M + H]+	C36H71O7S+	Polyketides	0.524	Macrolides	0.549	Open-chain polyketides	0.179	Organic acids and derivatives	0.929	Carboxylic acids and derivatives	0.849	Dicarboxylic acids and derivatives	0.549			Dicarboxylic acids and derivatives	0.549	Organic compounds; Organosulfur compounds; Lipids and lipid-like molecules; Alcohols and polyols; Organic acids and derivatives; Carboxylic acids and derivatives; Organooxygen compounds; Dicarboxylic acids and derivatives; Carboxylic acid derivatives; Carboxylic acid esters; Secondary alcohols; Carbonyl compounds; Fatty Acyls; Organic oxides; Hydrocarbon derivatives; Organic oxygen compounds; Chemical entities	647.495	546	9.093	816967027784205321	816964266027372624	816964266027372623	3360	
1	C18H33NO	[M + H]+	C18H34NO+	Fatty acids	1.000	Fatty amides	0.999	Primary amides	0.998	Lipids and lipid-like molecules	0.925	Fatty Acyls	0.921	Fatty amides	0.911			Fatty amides	0.911	Organic compounds; Lipids and lipid-like molecules; Organic acids and derivatives; Carboxylic acids and derivatives; Organonitrogen compounds; Organooxygen compounds; Fatty amides; Carboxylic acid amides; Carboxylic acid derivatives; Primary carboxylic acid amides; Carbonyl compounds; Fatty Acyls; Organic oxides; Hydrocarbon derivatives; Organopnictogen compounds; Organic oxygen compounds; Organic nitrogen compounds; Chemical entities	280.262	548	9.133	816967029726168244	816964266463580270	816964266463580269	3390	
1	C11H29N5O2	[M + H3N + H]+	C11H33N6O2+	Amino acids and Peptides	0.877	Small peptides	0.920	Aminoacids	0.797	Organic acids and derivatives	0.841	Carboxylic acids and derivatives	0.806	Amino acids, peptides, and analogues	0.731	Amino acids and derivatives	0.725	Alpha amino acids and derivatives	0.741	Organic compounds; Lipids and lipid-like molecules; Amino acids, peptides, and analogues; Alpha amino acids and derivatives; Fatty acids and conjugates; Organic acids and derivatives; Carboxylic acids and derivatives; Organonitrogen compounds; Organooxygen compounds; Amino acids and derivatives; Guanidines; Monocarboxylic acids and derivatives; Carboxylic acids; Carbonyl compounds; Carboximidamides; Organic 1,3-dipolar compounds; Propargyl-type 1,3-dipolar organic compounds; Fatty Acyls; Organic oxides; Hydrocarbon derivatives; Organopnictogen compounds; Organic oxygen compounds; Organic nitrogen compounds; Chemical entities	281.266	548	9.133	816967031668131342	816964266526494835	816964266526494834	3397	
1	C40H65N	[M + H]+	C40H66N+	Alkaloids	0.454	Pseudoalkaloids (transamidation)	0.817	Steroidal alkaloids	0.767	Lipids and lipid-like molecules	0.861	Steroids and steroid derivatives	0.511					Steroids and steroid derivatives	0.511	Organic compounds; Lipids and lipid-like molecules; Steroids and steroid derivatives; Prenol lipids; Organonitrogen compounds; Hydrocarbon derivatives; Organopnictogen compounds; Organic nitrogen compounds; Chemical entities	560.520	548	9.133	816967030661498143	816964266585215096	816964266585215095	3399	
3	C18H32O2	[M - H4O2 + H]+	C18H29+	Fatty acids	1.000	Fatty Acids and Conjugates	0.819	Unsaturated fatty acids	0.897	Lipids and lipid-like molecules	0.989	Fatty Acyls	0.983	Lineolic acids and derivatives	0.740			Lineolic acids and derivatives	0.740	Organic compounds; Lipids and lipid-like molecules; Fatty acids and conjugates; Organic acids and derivatives; Carboxylic acids and derivatives; Organooxygen compounds; Straight chain fatty acids; Unsaturated fatty acids; Lineolic acids and derivatives; Monocarboxylic acids and derivatives; Carboxylic acids; Carbonyl compounds; Long-chain fatty acids; Fatty Acyls; Organic oxides; Hydrocarbon derivatives; Organic oxygen compounds; Chemical entities	245.225	548	9.136	816967036256700400	816964266828484748	816964266828484747	3401	
1	C18H30O	[M + H]+	C18H31O+	Terpenoids	0.980	Diterpenoids	0.815	Norlabdane diterpenoids	0.140	Lipids and lipid-like molecules	0.894	Prenol lipids	0.787	Diterpenoids	0.542			Diterpenoids	0.542	Organic compounds; Lipids and lipid-like molecules; Alcohols and polyols; Prenol lipids; Organooxygen compounds; Diterpenoids; Carbonyl compounds; Organic oxides; Hydrocarbon derivatives; Organic oxygen compounds; Chemical entities	263.236	548	9.138	816967033362630269	816964266895593617	816964266895593616	3404	
2	C11H29N5O2	[M + H]+	C11H30N5O2+	Amino acids and Peptides	0.512	Small peptides	0.535	Aminoacids	0.367	Lipids and lipid-like molecules	0.501							Lipids and lipid-like molecules	0.501	Organic compounds; Lipids and lipid-like molecules; Organonitrogen compounds; Organooxygen compounds; Guanidines; Amines; Carboximidamides; Hydrocarbon derivatives; Organopnictogen compounds; Organic oxygen compounds; Organic nitrogen compounds; Chemical entities	264.239	549	9.142	816967033488459438	816964266962702486	816964266962702485	3406	
1	C21H38O4	[M - H2O + H]+	C21H37O3+	Terpenoids	0.925	Diterpenoids	0.895	Labdane diterpenoids	0.298	Lipids and lipid-like molecules	0.968	Prenol lipids	0.826	Diterpenoids	0.863			Diterpenoids	0.863	Organic compounds; Lipids and lipid-like molecules; Alcohols and polyols; Prenol lipids; Carboxylic acids and derivatives; Primary alcohols; Organooxygen compounds; Monocarboxylic acids and derivatives; Cyclic alcohols and derivatives; Diterpenoids; Secondary alcohols; Carbonyl compounds; Fatty Acyls; Organic oxides; Hydrocarbon derivatives; Organic oxygen compounds; Chemical entities	337.272	550	9.163	816967036160231354	816964267096920224	816964267096920223	3419	
2	C33H68N2O2	[M + Na]+	C33H68N2NaO2+	Fatty acids	1.000	Fatty amides	0.987	N-acyl ethanolamines (endocannabinoids)	0.613	Lipids and lipid-like molecules	0.969	Fatty Acyls	0.960	Fatty amides	0.965	N-acyl amines	0.936	N-acyl amines	0.936	Organic compounds; Lipids and lipid-like molecules; Alcohols and polyols; Organic acids and derivatives; Carboxylic acids and derivatives; Organonitrogen compounds; Organooxygen compounds; Fatty amides; Carboxylic acid amides; Carboxylic acid derivatives; N-acyl amines; Secondary carboxylic acid amides; Carbonyl compounds; Fatty Acyls; Organic oxides; Hydrocarbon derivatives; Organopnictogen compounds; Organic oxygen compounds; Organic nitrogen compounds; Chemical entities	547.518	550	9.168	816967060944374958	816964267273081007	816964267273081006	3426	
2	C22H36O4	[M - H2O + H]+	C22H35O3+	Fatty acids	0.999	Eicosanoids	0.945	Prostaglandins	0.575	Lipids and lipid-like molecules	0.995	Fatty Acyls	0.982	Eicosanoids	0.890	Prostaglandins and related compounds	0.694	Prostaglandins and related compounds	0.694	Organic compounds; Lipids and lipid-like molecules; Alcohols and polyols; Fatty acids and conjugates; Organic acids and derivatives; Carboxylic acids and derivatives; Organooxygen compounds; Unsaturated fatty acids; Hydroxy fatty acids; Eicosanoids; Prostaglandins and related compounds; Monocarboxylic acids and derivatives; Carboxylic acids; Secondary alcohols; Carbonyl compounds; Long-chain fatty acids; Fatty Acyls; Organic oxides; Hydrocarbon derivatives; Organic oxygen compounds; Chemical entities	347.256	550	9.170	816967052941642710	816964267323412660	816964267323412659	3430	
1	C17H33NO	[M + H]+	C17H34NO+	Fatty acids	1.000	Fatty amides	0.999	Primary amides	1.000	Lipids and lipid-like molecules	0.831	Fatty Acyls	0.877	Fatty amides	0.850			Fatty amides	0.850	Organic compounds; Lipids and lipid-like molecules; Organic acids and derivatives; Carboxylic acids and derivatives; Organonitrogen compounds; Organooxygen compounds; Fatty amides; Carboxylic acid amides; Carboxylic acid derivatives; Primary carboxylic acid amides; Carbonyl compounds; Fatty Acyls; Organic oxides; Hydrocarbon derivatives; Organopnictogen compounds; Organic oxygen compounds; Organic nitrogen compounds; Chemical entities	268.262	550	9.173	816967059153407081	816964267390521529	816964267382132920	3434	
1	C26H48NO7P	[M + H]+	C26H49NO7P+	Fatty acids	1.000	Glycerophospholipids	1.000	Glycerophosphocholines	0.997	Lipids and lipid-like molecules	0.992	Glycerophospholipids	0.999	Glycerophosphocholines	0.997	Lysophosphatidylcholines	0.989	1-acyl-sn-glycero-3-phosphocholines	0.965	Organic compounds; Lipids and lipid-like molecules; Alcohols and polyols; Glycerophospholipids; Organic acids and derivatives; Carboxylic acids and derivatives; Organonitrogen compounds; Organooxygen compounds; Fatty acid esters; Organic phosphoric acids and derivatives; Phosphate esters; Quaternary ammonium salts; Cholines; Carboxylic acid derivatives; Monocarboxylic acids and derivatives; Carboxylic acid esters; Phosphocholines; Lysophosphatidylcholines; 1-acyl-sn-glycero-3-phosphocholines; Secondary alcohols; Carbonyl compounds; Glycerophosphocholines; Amines; Alkyl phosphates; Dialkyl phosphates; Organic cations; Organic salts; Fatty Acyls; Organic oxides; Hydrocarbon derivatives; Tetraalkylammonium salts; Organopnictogen compounds; Organic oxygen compounds; Organic nitrogen compounds; Chemical entities	518.322	551	9.177	816967057697983527	816964267449241790	816964267440853181	3441	
1	C20H33N5O2	[M + H]+	C20H34N5O2+	Amino acids and Peptides	0.999	Small peptides	0.887	Tripeptides	0.325	Organic acids and derivatives	0.987	Carboxylic acids and derivatives	0.986	Amino acids, peptides, and analogues	0.993	Peptides	0.868	Dipeptides	0.565	Organic compounds; Lipids and lipid-like molecules; Amino acids, peptides, and analogues; Alpha amino acids and derivatives; Phenethylamines; Amphetamines and derivatives; Organic acids and derivatives; Carboxylic acids and derivatives; Organonitrogen compounds; Organooxygen compounds; Fatty amides; Amino acids and derivatives; Peptides; Guanidines; Monoalkylamines; Carboxylic acid amides; Carboxylic acid derivatives; N-acyl amines; N-acyl-alpha amino acids and derivatives; Secondary carboxylic acid amides; Carbonyl compounds; Benzene and substituted derivatives; Alpha amino acid amides; Benzenoids; Amines; Primary amines; Carboximidamides; Organic 1,3-dipolar compounds; Propargyl-type 1,3-dipolar organic compounds; Aralkylamines; Fatty Acyls; Organic oxides; Hydrocarbon derivatives; Phenylalanine and derivatives; Organopnictogen compounds; Organic oxygen compounds; Organic nitrogen compounds; Dipeptides; Chemical entities	376.268	551	9.184	816967115596159887	816964267495379139	816964267495379138	3473	
2	C36H68O7S	[M + H]+	C36H69O7S+	Polyketides	0.728	Macrolides	0.717	Open-chain polyketides	0.208	Lipids and lipid-like molecules	0.632							Lipids and lipid-like molecules	0.632	Organic compounds; Organoheterocyclic compounds; Organosulfur compounds; Lipids and lipid-like molecules; Alcohols and polyols; Organic acids and derivatives; Carboxylic acids and derivatives; Organooxygen compounds; Carboxylic acid derivatives; Carboxylic acid esters; Secondary alcohols; Carbonyl compounds; Organic oxides; Oxacyclic compounds; Hydrocarbon derivatives; Organic oxygen compounds; Chemical entities	645.479	551	9.187	816967080670188354	816964267558293704	816964267558293703	3446	
1	C21H46OSi	[M + H]+	C21H47OSi+	Fatty acids	0.999	Fatty acyls	0.952	Fatty alcohols	0.896	Lipids and lipid-like molecules	0.728	Fatty Acyls	0.782					Fatty Acyls	0.782	Organic compounds; Lipids and lipid-like molecules; Alcohols and polyols; Primary alcohols; Organooxygen compounds; Fatty Acyls; Hydrocarbon derivatives; Organic oxygen compounds; Chemical entities	343.338	552	9.207	816967084822549847	816964267671539922	816964267671539921	3461	
1	C23H46NO7P	[M + Na]+	C23H46NNaO7P+	Fatty acids	1.000	Glycerophospholipids	1.000	Glycerophosphoethanolamines	0.999	Organic acids and derivatives	0.999	Carboxylic acids and derivatives	0.995	Amino acids, peptides, and analogues	0.986	Amino acids and derivatives	0.986	Amino acids and derivatives	0.986	Organic compounds; Lipids and lipid-like molecules; Amino acids, peptides, and analogues; Alcohols and polyols; Glycerophospholipids; Organic acids and derivatives; Carboxylic acids and derivatives; Organonitrogen compounds; Organooxygen compounds; Fatty acid esters; Amino acids and derivatives; Organic phosphoric acids and derivatives; Phosphate esters; Monoalkylamines; Carboxylic acid derivatives; Monocarboxylic acids and derivatives; Carboxylic acid esters; Phosphoethanolamines; Lysophosphatidylethanolamines; Secondary alcohols; 1-acyl-sn-glycero-3-phosphoethanolamines; Carbonyl compounds; Glycerophosphoethanolamines; Amines; Primary amines; Alkyl phosphates; Dialkyl phosphates; Fatty Acyls; Organic oxides; Hydrocarbon derivatives; Organopnictogen compounds; Organic oxygen compounds; Organic nitrogen compounds; Chemical entities	502.289	553	9.216	816967084726080822	816964267818340577	816964267818340576	3468	
1	C23H46NO7P	[M + H]+	C23H47NO7P+	Fatty acids	1.000	Glycerophospholipids	1.000	Glycerophosphoethanolamines	0.998	Organic acids and derivatives	1.000	Carboxylic acids and derivatives	0.999	Amino acids, peptides, and analogues	0.985	Amino acids and derivatives	0.985	Amino acids and derivatives	0.985	Organic compounds; Lipids and lipid-like molecules; Amino acids, peptides, and analogues; Alcohols and polyols; Glycerophospholipids; Organic acids and derivatives; Carboxylic acids and derivatives; Organonitrogen compounds; Organooxygen compounds; Fatty acid esters; Amino acids and derivatives; Organic phosphoric acids and derivatives; Phosphate esters; Monoalkylamines; Carboxylic acid derivatives; Monocarboxylic acids and derivatives; Carboxylic acid esters; Phosphoethanolamines; Lysophosphatidylethanolamines; Secondary alcohols; 1-acyl-sn-glycero-3-phosphoethanolamines; Carbonyl compounds; Glycerophosphoethanolamines; Amines; Primary amines; Alkyl phosphates; Dialkyl phosphates; Fatty Acyls; Organic oxides; Hydrocarbon derivatives; Organopnictogen compounds; Organic oxygen compounds; Organic nitrogen compounds; Chemical entities	480.307	553	9.218	816967074923991419	816964267881255142	816964267881255141	3470	
2	C22H44NO6P	[M + H]+	C22H45NO6P+	Fatty acids	1.000	Glycerophospholipids	0.998	Glycerophosphoethanolamines	0.980	Lipids and lipid-like molecules	0.993	Glycerophospholipids	0.993	Glycerophosphoethanolamines	0.985	Lysophosphatidylethanolamines	0.818	1-acyl-sn-glycero-3-phosphoethanolamines	0.841	Organic compounds; Lipids and lipid-like molecules; Alcohols and polyols; Glycerophospholipids; Organic acids and derivatives; Carboxylic acids and derivatives; Organonitrogen compounds; Organooxygen compounds; Fatty amides; Organic phosphoric acids and derivatives; Phosphate esters; Monoalkylamines; Carboxylic acid amides; Carboxylic acid derivatives; N-acyl amines; Phosphoethanolamines; Lysophosphatidylethanolamines; Secondary alcohols; Secondary carboxylic acid amides; 1-acyl-sn-glycero-3-phosphoethanolamines; Carbonyl compounds; Glycerophosphoethanolamines; Amines; Glycero-3-phospho-N-acyl-ethanolamines; Alkyl phosphates; Dialkyl phosphates; Fatty Acyls; Organic oxides; Hydrocarbon derivatives; Organopnictogen compounds; Organic oxygen compounds; Organic nitrogen compounds; Chemical entities	450.296	553	9.218	816967087624345222	816964267919003883	816964267919003882	3471	
5	C24H49N5O6	[M + K]+	C24H49KN5O6+	Amino acids and Peptides	0.749	Oligopeptides	0.353	Dipeptides	0.156	Organic acids and derivatives	0.849	Carboxylic acids and derivatives	0.750	Amino acids, peptides, and analogues	0.527	Amino acids and derivatives	0.513	Amino acids and derivatives	0.513	Organic compounds; Lipids and lipid-like molecules; Amino acids, peptides, and analogues; Alcohols and polyols; Organic acids and derivatives; Carboxylic acids and derivatives; Organonitrogen compounds; Primary alcohols; Organooxygen compounds; Fatty amides; Amino acids and derivatives; Carboxylic acid amides; Carboxylic acid derivatives; N-acyl amines; Secondary alcohols; Secondary carboxylic acid amides; Carbonyl compounds; Amines; Fatty Acyls; Organic oxides; Hydrocarbon derivatives; Organopnictogen compounds; Organic oxygen compounds; Organic nitrogen compounds; Chemical entities	542.333	553	9.220	816967085162288512	816964268044833013	816964268044833012	3476	
4	C19H40O3	[M + Na]+	C19H40NaO3+	Fatty acids	0.999	Fatty acyls	0.984	Fatty alcohols	0.996	Lipids and lipid-like molecules	0.919	Fatty Acyls	0.912	Fatty alcohols	0.792	Long-chain fatty alcohols	0.698	Long-chain fatty alcohols	0.698	Organic compounds; Lipids and lipid-like molecules; Alcohols and polyols; Primary alcohols; Organooxygen compounds; Fatty alcohols; Secondary alcohols; Long-chain fatty alcohols; Fatty Acyls; Hydrocarbon derivatives; Organic oxygen compounds; Chemical entities	339.285	553	9.220	816967084428285174	816964268111941882	816964268078387449	3475	
2	C21H42O5	[M - H2O + H]+	C21H41O4+	Fatty acids	1.000	Glycerolipids	0.954	Monoacylglycerols	0.983	Lipids and lipid-like molecules	0.999	Fatty Acyls	0.993	Fatty alcohols	0.613			Fatty alcohols	0.613	Organic compounds; Lipids and lipid-like molecules; Alcohols and polyols; Glycerolipids; Organic acids and derivatives; Carboxylic acids and derivatives; Primary alcohols; Organooxygen compounds; Fatty acid esters; Carboxylic acid derivatives; Monoacylglycerols; Monocarboxylic acids and derivatives; Carboxylic acid esters; Fatty alcohols; 1-monoacylglycerols; Secondary alcohols; Carbonyl compounds; Polyols; 1,2-diols; Monoradylglycerols; Fatty Acyls; Organic oxides; Hydrocarbon derivatives; Organic oxygen compounds; Chemical entities	357.298	553	9.221	816967090820405024	816964268170662143	816964268170662142	3477	
1	C21H38O4	[M + H]+	C21H39O4+	Fatty acids	0.999	Glycerolipids	0.981	Monoacylglycerols	0.986	Lipids and lipid-like molecules	0.998	Fatty Acyls	0.984	Lineolic acids and derivatives	0.517			Lineolic acids and derivatives	0.517	Organic compounds; Lipids and lipid-like molecules; Alcohols and polyols; Glycerolipids; Organic acids and derivatives; Carboxylic acids and derivatives; Primary alcohols; Organooxygen compounds; Fatty acid esters; Lineolic acids and derivatives; Carboxylic acid derivatives; Monoacylglycerols; Monocarboxylic acids and derivatives; Carboxylic acid esters; 1-monoacylglycerols; Secondary alcohols; Carbonyl compounds; Polyols; 1,2-diols; Monoradylglycerols; Fatty Acyls; Organic oxides; Hydrocarbon derivatives; Organic oxygen compounds; Chemical entities	355.283	554	9.231	816967095010515047	816964268283908361	816964268283908360	3421	
1	C39H76NO8P	[M + H]+	C39H77NO8P+	Fatty acids	0.999	Glycerophospholipids	1.000	Glycerophosphoethanolamines	0.996	Lipids and lipid-like molecules	0.982	Glycerophospholipids	0.999	Glycerophosphoethanolamines	0.990	Phosphatidylethanolamines	0.951	Phosphatidylethanolamines	0.951	Organic compounds; Lipids and lipid-like molecules; Amino acids, peptides, and analogues; Glycerophospholipids; Organic acids and derivatives; Carboxylic acids and derivatives; Organonitrogen compounds; Organooxygen compounds; Fatty acid esters; Dicarboxylic acids and derivatives; Amino acids and derivatives; Organic phosphoric acids and derivatives; Phosphate esters; Monoalkylamines; Carboxylic acid derivatives; Carboxylic acid esters; Phosphoethanolamines; Phosphatidylethanolamines; Carbonyl compounds; Glycerophosphoethanolamines; Amines; Primary amines; Alkyl phosphates; Dialkyl phosphates; Fatty Acyls; Organic oxides; Hydrocarbon derivatives; Organopnictogen compounds; Organic oxygen compounds; Organic nitrogen compounds; Chemical entities	718.536	554	9.232	816967085699159488	816964268351017230	816964268351017229	3489	
1	C34H66N2O2	[M + H]+	C34H67N2O2+	Fatty acids	1.000	Fatty amides	0.999	N-acyl amines	0.594	Lipids and lipid-like molecules	0.969	Fatty Acyls	0.962	Fatty amides	0.971	N-acyl amines	0.929	N-acyl amines	0.929	Organic compounds; Lipids and lipid-like molecules; Organic acids and derivatives; Carboxylic acids and derivatives; Organonitrogen compounds; Organooxygen compounds; Fatty amides; Carboxylic acid amides; Carboxylic acid derivatives; N-acyl amines; Secondary carboxylic acid amides; Carbonyl compounds; Fatty Acyls; Organic oxides; Hydrocarbon derivatives; Organopnictogen compounds; Organic oxygen compounds; Organic nitrogen compounds; Chemical entities	535.518	554	9.236	816967095849375918	816964268422320403	816964268422320402	3494	
1	C18H30O	[M + H]+	C18H31O+	Terpenoids	0.923	Diterpenoids	0.674	Farnesane sesquiterpenoids	0.105	Lipids and lipid-like molecules	0.911	Prenol lipids	0.747					Prenol lipids	0.747	Organic compounds; Lipids and lipid-like molecules; Alcohols and polyols; Prenol lipids; Organooxygen compounds; Carbonyl compounds; Organic oxides; Hydrocarbon derivatives; Organic oxygen compounds; Chemical entities	263.236	555	9.247	816967087297189464	816964268569121053	816964268569121052	3528	
1	C32H66N2O2	[M + H]+	C32H67N2O2+	Fatty acids	1.000	Fatty amides	0.999	N-acyl amines	0.886	Lipids and lipid-like molecules	0.995	Fatty Acyls	0.996	Fatty amides	0.997	N-acyl amines	0.979	N-acyl amines	0.979	Organic compounds; Lipids and lipid-like molecules; Organic acids and derivatives; Carboxylic acids and derivatives; Organonitrogen compounds; Organooxygen compounds; Fatty amides; Carboxylic acid amides; Carboxylic acid derivatives; N-acyl amines; Secondary carboxylic acid amides; Carbonyl compounds; Fatty Acyls; Organic oxides; Hydrocarbon derivatives; Organopnictogen compounds; Organic oxygen compounds; Organic nitrogen compounds; Chemical entities	511.518	555	9.255	816967093253101611	816964268632035618	816964268627841313	3510	
1	C16H33NO	[M + H]+	C16H34NO+	Fatty acids	1.000	Fatty amides	0.999	Primary amides	0.997	Lipids and lipid-like molecules	0.926	Fatty Acyls	0.928	Fatty amides	0.942	N-acyl amines	0.501	N-acyl amines	0.501	Organic compounds; Lipids and lipid-like molecules; Organic acids and derivatives; Carboxylic acids and derivatives; Organonitrogen compounds; Organooxygen compounds; Fatty amides; Carboxylic acid amides; Carboxylic acid derivatives; N-acyl amines; Primary carboxylic acid amides; Carbonyl compounds; Fatty Acyls; Organic oxides; Hydrocarbon derivatives; Organopnictogen compounds; Organic oxygen compounds; Organic nitrogen compounds; Chemical entities	256.263	556	9.259	816967111095671418	816964268732698924	816964268732698923	3521	
2	C18H30O	[M - H2O + H]+	C18H29+	Terpenoids	0.700	Diterpenoids	0.590	Norlabdane diterpenoids	0.118	Lipids and lipid-like molecules	0.908	Prenol lipids	0.548					Prenol lipids	0.548	Organic compounds; Lipids and lipid-like molecules; Prenol lipids; Organooxygen compounds; Carbonyl compounds; Organic oxides; Hydrocarbon derivatives; Organic oxygen compounds; Chemical entities	245.225	556	9.259	816967092720424955	816964268837556529	816964268837556528	3522	
1	C21H38O4	[M - H2O + H]+	C21H37O3+	Terpenoids	0.861	Diterpenoids	0.730	Labdane diterpenoids	0.165	Lipids and lipid-like molecules	0.947	Prenol lipids	0.762	Diterpenoids	0.656			Diterpenoids	0.656	Organic compounds; Lipids and lipid-like molecules; Alcohols and polyols; Prenol lipids; Organooxygen compounds; Cyclic alcohols and derivatives; Diterpenoids; Secondary alcohols; Fatty Acyls; Hydrocarbon derivatives; Organic oxygen compounds; Chemical entities	337.272	556	9.261	816967112442043099	816964268913054006	816964268913054005	3526	
3	C19H40O4	[M + Na]+	C19H40NaO4+	Fatty acids	1.000	Fatty acyls	0.988	Fatty alcohols	0.995	Lipids and lipid-like molecules	0.974	Fatty Acyls	0.853	Fatty alcohols	0.744	Long-chain fatty alcohols	0.729	Long-chain fatty alcohols	0.729	Organic compounds; Lipids and lipid-like molecules; Alcohols and polyols; Glycerolipids; Primary alcohols; Organooxygen compounds; Fatty alcohols; Secondary alcohols; Polyols; 1,2-diols; Long-chain fatty alcohols; Monoalkylglycerols; Monoradylglycerols; Fatty Acyls; Hydrocarbon derivatives; Organic oxygen compounds; Chemical entities	355.282	556	9.264	816967142045443011	816964269051466048	816964269051466047	3529	
1	C24H48NO7P	[M + H]+	C24H49NO7P+	Fatty acids	1.000	Glycerophospholipids	1.000	Glycerophosphocholines	0.999	Lipids and lipid-like molecules	0.994	Glycerophospholipids	0.999	Glycerophosphocholines	0.998	Lysophosphatidylcholines	0.997	1-acyl-sn-glycero-3-phosphocholines	0.990	Organic compounds; Lipids and lipid-like molecules; Alcohols and polyols; Glycerophospholipids; Organic acids and derivatives; Carboxylic acids and derivatives; Organonitrogen compounds; Organooxygen compounds; Fatty acid esters; Organic phosphoric acids and derivatives; Phosphate esters; Quaternary ammonium salts; Cholines; Carboxylic acid derivatives; Monocarboxylic acids and derivatives; Carboxylic acid esters; Phosphocholines; Lysophosphatidylcholines; 1-acyl-sn-glycero-3-phosphocholines; Secondary alcohols; Carbonyl compounds; Glycerophosphocholines; Amines; Alkyl phosphates; Dialkyl phosphates; Organic cations; Organic salts; Fatty Acyls; Organic oxides; Hydrocarbon derivatives; Tetraalkylammonium salts; Organopnictogen compounds; Organic oxygen compounds; Organic nitrogen compounds; Chemical entities	494.323	556	9.268	816967135238087216	816964269185683786	816964269185683785	3536	
1	C26H50NO7P	[M + H]+	C26H51NO7P+	Fatty acids	1.000	Glycerophospholipids	1.000	Glycerophosphocholines	0.997	Lipids and lipid-like molecules	0.989	Glycerophospholipids	0.999	Glycerophosphocholines	0.998	Lysophosphatidylcholines	0.972	1-acyl-sn-glycero-3-phosphocholines	0.918	Organic compounds; Lipids and lipid-like molecules; Alcohols and polyols; Glycerophospholipids; Organic acids and derivatives; Carboxylic acids and derivatives; Organonitrogen compounds; Organooxygen compounds; Fatty acid esters; Organic phosphoric acids and derivatives; Phosphate esters; Quaternary ammonium salts; Cholines; Carboxylic acid derivatives; Monocarboxylic acids and derivatives; Carboxylic acid esters; Phosphocholines; Lysophosphatidylcholines; 1-acyl-sn-glycero-3-phosphocholines; Secondary alcohols; Carbonyl compounds; Glycerophosphocholines; Amines; Alkyl phosphates; Dialkyl phosphates; Organic cations; Organic salts; Fatty Acyls; Organic oxides; Hydrocarbon derivatives; Tetraalkylammonium salts; Organopnictogen compounds; Organic oxygen compounds; Organic nitrogen compounds; Chemical entities	520.338	558	9.300	816967135632351832	816964269504450895	816964269504450894	3557	
3	C18H30O2	[M - H2O + H]+	C18H29O+	Fatty acids	1.000	Fatty Acids and Conjugates	0.891	Unsaturated fatty acids	0.943	Lipids and lipid-like molecules	0.991	Fatty Acyls	0.986	Lineolic acids and derivatives	0.841			Lineolic acids and derivatives	0.841	Organic compounds; Lipids and lipid-like molecules; Fatty acids and conjugates; Organic acids and derivatives; Carboxylic acids and derivatives; Organooxygen compounds; Straight chain fatty acids; Unsaturated fatty acids; Lineolic acids and derivatives; Monocarboxylic acids and derivatives; Carboxylic acids; Carbonyl compounds; Long-chain fatty acids; Fatty Acyls; Organic oxides; Hydrocarbon derivatives; Organic oxygen compounds; Chemical entities	261.220	558	9.302	816967136659956401	816964269584142676	816964269584142675	3561	
1	C18H30O2	[M + H]+	C18H31O2+	Fatty acids	0.745	Diterpenoids	0.402	Unsaturated fatty acids	0.468	Lipids and lipid-like molecules	0.955	Fatty Acyls	0.779	Fatty acids and conjugates	0.439	Unsaturated fatty acids	0.615	Unsaturated fatty acids	0.615	Organic compounds; Lipids and lipid-like molecules; Prenol lipids; Organic acids and derivatives; Carboxylic acids and derivatives; Organooxygen compounds; Unsaturated fatty acids; Monocarboxylic acids and derivatives; Carboxylic acids; Carbonyl compounds; Fatty Acyls; Organic oxides; Hydrocarbon derivatives; Organic oxygen compounds; Chemical entities	279.231	558	9.306	816967136706093770	816964269621891417	816964269621891416	3563	
5	C19H38N6O3	[M + H]+	C19H39N6O3+	Carbohydrates	0.506	Nucleosides	0.357	Purine nucleosides	0.099	Organoheterocyclic compounds	0.960	Diazines	0.858	Pyrimidines and pyrimidine derivatives	0.867	Aminopyrimidines and derivatives	0.871	Aminopyrimidines and derivatives	0.871	Organic compounds; Organoheterocyclic compounds; Pyrimidines and pyrimidine derivatives; Organonitrogen compounds; Organooxygen compounds; Aminopyrimidines and derivatives; Diazines; Amines; Primary amines; Imidolactams; Organic oxides; Azacyclic compounds; Heteroaromatic compounds; Hydrocarbon derivatives; Organopnictogen compounds; Organic oxygen compounds; Organic nitrogen compounds; Chemical entities	399.307	559	9.315	816967144004183236	816964269798052200	816964269798052199	3571	
1	C38H71NO3	[M + H]+	C38H72NO3+	Fatty acids	1.000	Spingolipids	1.000	Ceramides	1.000	Lipids and lipid-like molecules	0.988	Sphingolipids	0.980	Ceramides	0.993	Long-chain ceramides	0.734	Long-chain ceramides	0.734	Organic compounds; Lipids and lipid-like molecules; Alcohols and polyols; Sphingolipids; Organic acids and derivatives; Carboxylic acids and derivatives; Organonitrogen compounds; Primary alcohols; Organooxygen compounds; Fatty amides; Carboxylic acid amides; Carboxylic acid derivatives; N-acyl amines; Ceramides; Secondary alcohols; Secondary carboxylic acid amides; Long-chain ceramides; Carbonyl compounds; Fatty Acyls; Organic oxides; Hydrocarbon derivatives; Organopnictogen compounds; Organic oxygen compounds; Organic nitrogen compounds; Chemical entities	590.546	559	9.324	816967145354749175	816964269865161069	816964269835800940	3580	
1	C16H25ClN2O2	[M + Na]+	C16H25ClN2NaO2+	Alkaloids	0.187	Histidine alkaloids	0.041	Imidazole alkaloids	0.042	Organohalogen compounds	0.998	Aryl halides	0.805	Aryl chlorides	0.837			Aryl chlorides	0.837	Organic compounds; Organoheterocyclic compounds; Organic acids and derivatives; Carboxylic acids and derivatives; Organohalogen compounds; Organonitrogen compounds; Organooxygen compounds; Aryl chlorides; Carboxylic acid derivatives; Monocarboxylic acids and derivatives; Organochlorides; Carbonyl compounds; Aryl halides; Organic oxides; Azacyclic compounds; Heteroaromatic compounds; Hydrocarbon derivatives; Organopnictogen compounds; Organic oxygen compounds; Organic nitrogen compounds; Chemical entities	335.150	560	9.329	816967156213802894	816964269970018679	816964269970018678	3591	
1	C21H46OSi	[M + H]+	C21H47OSi+	Fatty acids	0.989	Fatty acyls	0.966	Fatty alcohols	0.960	Organic oxygen compounds	0.996	Organooxygen compounds	0.987	Alcohols and polyols	0.773	Primary alcohols	0.713	Primary alcohols	0.713	Organic compounds; Alcohols and polyols; Primary alcohols; Organooxygen compounds; Hydrocarbon derivatives; Organic oxygen compounds; Chemical entities	343.338	560	9.335	816967176019306905	816964270192316806	816964270192316805	3600	
1	C30H48	[M + H]+	C30H49+	Terpenoids	0.998	Triterpenoids	0.979	Lupane triterpenoids	0.185	Lipids and lipid-like molecules	0.981	Prenol lipids	0.928	Triterpenoids	0.711			Triterpenoids	0.711	Organic compounds; Lipids and lipid-like molecules; Prenol lipids; Triterpenoids; Hydrocarbons; Olefins; Cyclic olefins; Polycyclic hydrocarbons; Unsaturated hydrocarbons; Unsaturated aliphatic hydrocarbons; Branched unsaturated hydrocarbons; Chemical entities	409.381	560	9.340	816967177713805770	816964270255231371	816964270255231370	3602	
1	C29H48	[M + H]+	C29H49+	Terpenoids	0.994	Steroids	0.699	Cholestane steroids	0.523	Lipids and lipid-like molecules	0.988	Steroids and steroid derivatives	0.770					Steroids and steroid derivatives	0.770	Organic compounds; Lipids and lipid-like molecules; Steroids and steroid derivatives; Prenol lipids; Hydrocarbons; Olefins; Cyclic olefins; Polycyclic hydrocarbons; Unsaturated hydrocarbons; Unsaturated aliphatic hydrocarbons; Branched unsaturated hydrocarbons; Chemical entities	397.381	561	9.344	816967184600853844	816964270427197845	816964270427197844	3611	
1	C17H33NO	[M + H]+	C17H34NO+	Fatty acids	1.000	Fatty amides	0.999	Primary amides	0.997	Lipids and lipid-like molecules	0.780	Fatty Acyls	0.825	Fatty amides	0.835			Fatty amides	0.835	Organic compounds; Lipids and lipid-like molecules; Organic acids and derivatives; Carboxylic acids and derivatives; Organonitrogen compounds; Organooxygen compounds; Fatty amides; Carboxylic acid amides; Carboxylic acid derivatives; Primary carboxylic acid amides; Carbonyl compounds; Fatty Acyls; Organic oxides; Hydrocarbon derivatives; Organopnictogen compounds; Organic oxygen compounds; Organic nitrogen compounds; Chemical entities	268.262	561	9.356	816967182541450412	816964270578192799	816964270569804190	3622	
1	C20H35NO	[M + H]+	C20H36NO+	Fatty acids	1.000	Fatty amides	1.000	Primary amides	0.971	Lipids and lipid-like molecules	0.943	Fatty Acyls	0.942	Fatty amides	0.933			Fatty amides	0.933	Organic compounds; Lipids and lipid-like molecules; Organic acids and derivatives; Carboxylic acids and derivatives; Organonitrogen compounds; Organooxygen compounds; Fatty amides; Carboxylic acid amides; Carboxylic acid derivatives; Primary carboxylic acid amides; Secondary carboxylic acid amides; Carbonyl compounds; Fatty Acyls; Organic oxides; Hydrocarbon derivatives; Organopnictogen compounds; Organic oxygen compounds; Organic nitrogen compounds; Chemical entities	306.276	561	9.357	816967186626702862	816964270620135844	816964270620135843	3623	
1	C23H48NO7P	[M + H]+	C23H49NO7P+	Fatty acids	0.999	Glycerophospholipids	1.000	Glycerophosphocholines	0.998	Lipids and lipid-like molecules	0.979	Glycerophospholipids	0.997	Glycerophosphocholines	0.995	Lysophosphatidylcholines	0.980	1-acyl-sn-glycero-3-phosphocholines	0.971	Organic compounds; Lipids and lipid-like molecules; Alcohols and polyols; Glycerophospholipids; Organic acids and derivatives; Carboxylic acids and derivatives; Organonitrogen compounds; Organooxygen compounds; Fatty acid esters; Organic phosphoric acids and derivatives; Phosphate esters; Quaternary ammonium salts; Cholines; Carboxylic acid derivatives; Monocarboxylic acids and derivatives; Carboxylic acid esters; Phosphocholines; Lysophosphatidylcholines; 1-acyl-sn-glycero-3-phosphocholines; Secondary alcohols; Carbonyl compounds; Glycerophosphocholines; Amines; Alkyl phosphates; Dialkyl phosphates; Organic cations; Organic salts; Fatty Acyls; Organic oxides; Hydrocarbon derivatives; Tetraalkylammonium salts; Organopnictogen compounds; Organic oxygen compounds; Organic nitrogen compounds; Chemical entities	482.322	562	9.367	816967185896893919	816964270691439017	816964270691439016	3635	
1	C19H38O4	[M + H]+	C19H39O4+	Fatty acids	0.996	Fatty acyls	0.936	Fatty alcohols	0.982	Lipids and lipid-like molecules	0.991	Fatty Acyls	0.970	Fatty alcohols	0.773	Long-chain fatty alcohols	0.808	Long-chain fatty alcohols	0.808	Organic compounds; Lipids and lipid-like molecules; Alcohols and polyols; Glycerolipids; Organic acids and derivatives; Carboxylic acids and derivatives; Primary alcohols; Organooxygen compounds; Fatty acid esters; Carboxylic acid derivatives; Monoacylglycerols; Monocarboxylic acids and derivatives; Carboxylic acid esters; Fatty alcohols; 1-monoacylglycerols; Secondary alcohols; Fatty alcohol esters; Carbonyl compounds; Polyols; 1,2-diols; Long-chain fatty alcohols; Monoradylglycerols; Fatty Acyls; Organic oxides; Hydrocarbon derivatives; Organic oxygen compounds; Chemical entities	331.283	562	9.370	816967184495996220	816964270758547886	816964270758547885	3639	
1	C25H39NO3	[M + H]+	C25H40NO3+	Fatty acids	0.998	Fatty amides	0.998	N-acyl amines	0.997	Organic acids and derivatives	1.000	Carboxylic acids and derivatives	1.000	Amino acids, peptides, and analogues	0.986	Amino acids and derivatives	0.986	Phenylalanine and derivatives	0.991	Organic compounds; Lipids and lipid-like molecules; Amino acids, peptides, and analogues; Alpha amino acids and derivatives; Phenethylamines; Amphetamines and derivatives; Phenylpropanoids and polyketides; Organic acids and derivatives; Carboxylic acids and derivatives; Organonitrogen compounds; Organooxygen compounds; Fatty amides; Amino acids and derivatives; Carboxylic acid amides; Carboxylic acid derivatives; N-acyl amines; Monocarboxylic acids and derivatives; N-acyl-alpha amino acids and derivatives; Carboxylic acids; Secondary carboxylic acid amides; Carbonyl compounds; Benzene and substituted derivatives; N-acyl-alpha amino acids; Benzenoids; Phenylpropanoic acids; Fatty Acyls; Organic oxides; Hydrocarbon derivatives; Phenylalanine and derivatives; Organopnictogen compounds; Organic oxygen compounds; Organic nitrogen compounds; Chemical entities	402.297	562	9.374	816967188077932196	816964270896959928	816964270896959927	3662	
1	C18H35NO	[M + H]+	C18H36NO+	Fatty acids	1.000	Fatty amides	0.999	Primary amides	1.000	Lipids and lipid-like molecules	0.866	Fatty Acyls	0.882	Fatty amides	0.874			Fatty amides	0.874	Organic compounds; Lipids and lipid-like molecules; Organic acids and derivatives; Carboxylic acids and derivatives; Organonitrogen compounds; Organooxygen compounds; Fatty amides; Carboxylic acid amides; Carboxylic acid derivatives; Primary carboxylic acid amides; Carbonyl compounds; Fatty Acyls; Organic oxides; Hydrocarbon derivatives; Organopnictogen compounds; Organic oxygen compounds; Organic nitrogen compounds; Chemical entities	282.278	566	9.428	816967217027019777	816964271689683439	816964271689683438	3706	
3	C16H34O	[M + Na]+	C16H34NaO+	Fatty acids	0.997	Fatty acyls	0.996	Fatty alcohols	0.996	Lipids and lipid-like molecules	0.769	Fatty Acyls	0.734	Fatty alcohols	0.763	Long-chain fatty alcohols	0.524	Long-chain fatty alcohols	0.524	Organic compounds; Lipids and lipid-like molecules; Alcohols and polyols; Primary alcohols; Organooxygen compounds; Fatty alcohols; Long-chain fatty alcohols; Fatty Acyls; Hydrocarbon derivatives; Organic oxygen compounds; Chemical entities	265.251	566	9.429	816967242096383254	816964271828095481	816964271828095480	3709	
1	C18H30	[M + H]+	C18H31+	Terpenoids	0.936	Diterpenoids	0.900	Aphidicolane diterpenoids	0.047	Lipids and lipid-like molecules	0.815	Prenol lipids	0.700	Diterpenoids	0.556			Diterpenoids	0.556	Organic compounds; Lipids and lipid-like molecules; Prenol lipids; Diterpenoids; Hydrocarbons; Olefins; Polycyclic hydrocarbons; Unsaturated hydrocarbons; Unsaturated aliphatic hydrocarbons; Branched unsaturated hydrocarbons; Chemical entities	247.241	566	9.430	816967222815160097	816964271953924611	816964271953924610	3713	
1	C15H27N3O2	[M + H]+	C15H28N3O2+	Terpenoids	0.530	Lysine alkaloids	0.062	Piperidine alkaloids	0.080	Organoheterocyclic compounds	0.793	Azacyclic compounds	0.852					Azacyclic compounds	0.852	Organic compounds; Organoheterocyclic compounds; Organonitrogen compounds; Organooxygen compounds; Carbonyl compounds; Organic oxides; Azacyclic compounds; Hydrocarbon derivatives; Organopnictogen compounds; Organic oxygen compounds; Organic nitrogen compounds; Chemical entities	282.219	566	9.433	816967257481092437	816964272071365133	816964272071365132	3723	
1	C35H70N2O2	[M + H]+	C35H71N2O2+	Fatty acids	1.000	Fatty amides	0.998	Primary amides	0.494	Lipids and lipid-like molecules	0.954	Fatty Acyls	0.939	Fatty amides	0.948	N-acyl amines	0.863	N-acyl amines	0.863	Organic compounds; Lipids and lipid-like molecules; Organic acids and derivatives; Carboxylic acids and derivatives; Organonitrogen compounds; Organooxygen compounds; Fatty amides; Carboxylic acid amides; Carboxylic acid derivatives; N-acyl amines; Secondary carboxylic acid amides; Carbonyl compounds; Fatty Acyls; Organic oxides; Hydrocarbon derivatives; Organopnictogen compounds; Organic oxygen compounds; Organic nitrogen compounds; Chemical entities	551.549	567	9.453	816967220126610635	816964272192999959	816964272192999958	3738	
1	C24H50NO7P	[M + H]+	C24H51NO7P+	Fatty acids	0.998	Glycerophospholipids	1.000	Glycerophosphocholines	0.997	Lipids and lipid-like molecules	0.968	Glycerophospholipids	0.995	Glycerophosphocholines	0.991	Lysophosphatidylcholines	0.942	1-acyl-sn-glycero-3-phosphocholines	0.936	Organic compounds; Lipids and lipid-like molecules; Alcohols and polyols; Glycerophospholipids; Organic acids and derivatives; Carboxylic acids and derivatives; Organonitrogen compounds; Organooxygen compounds; Fatty acid esters; Organic phosphoric acids and derivatives; Phosphate esters; Quaternary ammonium salts; Cholines; Carboxylic acid derivatives; Monocarboxylic acids and derivatives; Carboxylic acid esters; Phosphocholines; Lysophosphatidylcholines; 1-acyl-sn-glycero-3-phosphocholines; Secondary alcohols; Carbonyl compounds; Glycerophosphocholines; Amines; Alkyl phosphates; Dialkyl phosphates; Organic cations; Organic salts; Fatty Acyls; Organic oxides; Hydrocarbon derivatives; Tetraalkylammonium salts; Organopnictogen compounds; Organic oxygen compounds; Organic nitrogen compounds; Chemical entities	496.338	569	9.488	816967226380325270	816964272373355051	816964272373355050	3744	
1	C18H32O	[M + H]+	C18H33O+	Fatty acids	0.998	Fatty acyls	0.721	Unsaturated fatty acids	0.580	Lipids and lipid-like molecules	0.800	Fatty Acyls	0.813					Fatty Acyls	0.813	Organic compounds; Lipids and lipid-like molecules; Organooxygen compounds; Carbonyl compounds; Fatty Acyls; Organic oxides; Hydrocarbon derivatives; Organic oxygen compounds; Chemical entities	265.251	571	9.516	816967242083800325	816964272612430399	816964272612430398	3803	
9	C31H35N3O3	[M + Na]+	C31H35N3NaO3+	Alkaloids	0.841	Tryptophan alkaloids	0.898	Carboline alkaloids	0.071	Organic acids and derivatives	0.888	Carboxylic acids and derivatives	0.882	Amino acids, peptides, and analogues	0.682	Amino acids and derivatives	0.677	Amino acids and derivatives	0.677	Organic compounds; Organoheterocyclic compounds; Amino acids, peptides, and analogues; Pyrroles; Indoles and derivatives; Organic acids and derivatives; Carboxylic acids and derivatives; Organonitrogen compounds; Organooxygen compounds; Amino acids and derivatives; Carboxylic acid amides; Carboxylic acid derivatives; Carbonyl compounds; Benzene and substituted derivatives; Benzenoids; Amines; Indoles; Aralkylamines; Organic oxides; Azacyclic compounds; Heteroaromatic compounds; Hydrocarbon derivatives; 3-alkylindoles; Organopnictogen compounds; Organic oxygen compounds; Organic nitrogen compounds; Chemical entities	520.257	571	9.523	816967242280932789	816964272658567748	816964272658567747	3762	
1	C24H36O5	[M + Na]+	C24H36NaO5+	Terpenoids	0.546	Steroids	0.108	Prenyl quinone meroterpenoids	0.020	Benzenoids	0.614							Benzenoids	0.614	Organic compounds; Lipids and lipid-like molecules; Organic acids and derivatives; Carboxylic acids and derivatives; Organooxygen compounds; Carboxylic acid derivatives; Monocarboxylic acids and derivatives; Carboxylic acid esters; Carbonyl compounds; Benzenoids; Organic oxides; Hydrocarbon derivatives; Organic oxygen compounds; Chemical entities	427.247	572	9.532	816967226367742328	816964272713093705	816964272713093704	3766	
1	C26H44N6O5	[M + H]+	C26H45N6O5+	Amino acids and Peptides	0.745	Oligopeptides	0.501	Linear peptides	0.118	Organic acids and derivatives	0.972	Carboxylic acids and derivatives	0.884	Amino acids, peptides, and analogues	0.763	Amino acids and derivatives	0.748	Alpha amino acids and derivatives	0.572	Organic compounds; Organoheterocyclic compounds; Lipids and lipid-like molecules; Amino acids, peptides, and analogues; Alpha amino acids and derivatives; Organic acids and derivatives; Carboxylic acids and derivatives; Organonitrogen compounds; Organooxygen compounds; Fatty amides; Amino acids and derivatives; Carboxylic acid amides; Carboxylic acid derivatives; N-acyl amines; Secondary carboxylic acid amides; Carbonyl compounds; Amines; Fatty Acyls; Organic oxides; Azacyclic compounds; Hydrocarbon derivatives; Organopnictogen compounds; Organic oxygen compounds; Organic nitrogen compounds; Chemical entities	521.341	572	9.533	816967242100577563	816964272746648142	816964272746648141	3780	
1	C26H50NO7P	[M + H]+	C26H51NO7P+	Fatty acids	1.000	Glycerophospholipids	1.000	Glycerophosphocholines	0.993	Lipids and lipid-like molecules	0.988	Glycerophospholipids	0.998	Glycerophosphocholines	0.996	Lysophosphatidylcholines	0.968	1-acyl-sn-glycero-3-phosphocholines	0.910	Organic compounds; Lipids and lipid-like molecules; Alcohols and polyols; Glycerophospholipids; Organic acids and derivatives; Carboxylic acids and derivatives; Organonitrogen compounds; Organooxygen compounds; Fatty acid esters; Organic phosphoric acids and derivatives; Phosphate esters; Quaternary ammonium salts; Cholines; Carboxylic acid derivatives; Monocarboxylic acids and derivatives; Carboxylic acid esters; Phosphocholines; Lysophosphatidylcholines; 1-acyl-sn-glycero-3-phosphocholines; Secondary alcohols; Carbonyl compounds; Glycerophosphocholines; Amines; Alkyl phosphates; Dialkyl phosphates; Organic cations; Organic salts; Fatty Acyls; Organic oxides; Hydrocarbon derivatives; Tetraalkylammonium salts; Organopnictogen compounds; Organic oxygen compounds; Organic nitrogen compounds; Chemical entities	520.338	572	9.534	816967226376130960	816964272826339923	816964272826339922	3771	
1	C31H50O5	[M + H3N + H]+	C31H54NO5+	Terpenoids	0.935	Carotenoids (C40)	0.340	Carotenoids (C40, β-β)	0.092	Lipids and lipid-like molecules	0.941	Prenol lipids	0.561					Prenol lipids	0.561	Organic compounds; Lipids and lipid-like molecules; Alcohols and polyols; Prenol lipids; Organooxygen compounds; Secondary alcohols; Carbonyl compounds; Organic oxides; Hydrocarbon derivatives; Organic oxygen compounds; Chemical entities	520.396	572	9.535	816967226367742338	816964272931197533	816964272931197532	3782	
1	C21H40O5S	[M + H]+	C21H41O5S+	Fatty acids	0.997	Glycerolipids	0.656	Monoacylglycerols	0.465	Lipids and lipid-like molecules	0.909	Fatty Acyls	0.836	Fatty acid esters	0.574			Fatty acid esters	0.574	Organic compounds; Organosulfur compounds; Lipids and lipid-like molecules; Alcohols and polyols; Organic acids and derivatives; Carboxylic acids and derivatives; Organooxygen compounds; Fatty acid esters; Dicarboxylic acids and derivatives; Carboxylic acid derivatives; Thioethers; Carboxylic acid esters; Secondary alcohols; Carbonyl compounds; Sulfenyl compounds; Dialkylthioethers; Fatty Acyls; Organic oxides; Hydrocarbon derivatives; Organic oxygen compounds; Chemical entities	405.266	572	9.538	816967242092188938	816964272973140578	816964272973140577	3786	
1	C26H50NO7P	[M + Na]+	C26H50NNaO7P+	Fatty acids	1.000	Glycerophospholipids	1.000	Glycerophosphocholines	0.999	Lipids and lipid-like molecules	0.984	Glycerophospholipids	0.999	Glycerophosphocholines	0.997	Lysophosphatidylcholines	0.973	1-acyl-sn-glycero-3-phosphocholines	0.956	Organic compounds; Lipids and lipid-like molecules; Alcohols and polyols; Glycerophospholipids; Organic acids and derivatives; Carboxylic acids and derivatives; Organonitrogen compounds; Organooxygen compounds; Fatty acid esters; Organic phosphoric acids and derivatives; Phosphate esters; Quaternary ammonium salts; Cholines; Carboxylic acid derivatives; Monocarboxylic acids and derivatives; Carboxylic acid esters; Phosphocholines; Lysophosphatidylcholines; 1-acyl-sn-glycero-3-phosphocholines; Secondary alcohols; Carbonyl compounds; Glycerophosphocholines; Amines; Alkyl phosphates; Dialkyl phosphates; Organic cations; Organic salts; Fatty Acyls; Organic oxides; Hydrocarbon derivatives; Tetraalkylammonium salts; Organopnictogen compounds; Organic oxygen compounds; Organic nitrogen compounds; Chemical entities	542.320	573	9.546	816967245254695161	816964273019277927	816964273019277926	3794	
2	C29H41NO6	[M + Na]+	C29H41NNaO6+	Fatty acids	0.508	Spingolipids	0.270	Open-chain polyketides	0.179	Organic acids and derivatives	0.953	Carboxylic acids and derivatives	0.913	Amino acids, peptides, and analogues	0.778	Amino acids and derivatives	0.779	Alpha amino acids and derivatives	0.709	Organic compounds; Lipids and lipid-like molecules; Amino acids, peptides, and analogues; Alpha amino acids and derivatives; Ketones; Alcohols and polyols; Organic acids and derivatives; Carboxylic acids and derivatives; Organonitrogen compounds; Organooxygen compounds; Amino acids and derivatives; Carboxylic acid derivatives; Carboxylic acid esters; Carbonyl compounds; Amines; Fatty Acyls; Organic oxides; Hydrocarbon derivatives; Organopnictogen compounds; Organic oxygen compounds; Organic nitrogen compounds; Chemical entities	522.281	573	9.554	816967266003919314	816964273090581100	816964273090581099	3800	
1	C21H40O4	[M - H2O + H]+	C21H39O3+	Fatty acids	1.000	Fatty acyls	0.920	Fatty alcohols	0.973	Lipids and lipid-like molecules	0.990	Fatty Acyls	0.968	Fatty alcohols	0.781	Long-chain fatty alcohols	0.782	Long-chain fatty alcohols	0.782	Organic compounds; Lipids and lipid-like molecules; Alcohols and polyols; Glycerolipids; Organic acids and derivatives; Carboxylic acids and derivatives; Primary alcohols; Organooxygen compounds; Fatty acid esters; Carboxylic acid derivatives; Monoacylglycerols; Monocarboxylic acids and derivatives; Carboxylic acid esters; Fatty alcohols; 1-monoacylglycerols; Secondary alcohols; Fatty alcohol esters; Carbonyl compounds; Polyols; 1,2-diols; Long-chain fatty alcohols; Monoradylglycerols; Fatty Acyls; Organic oxides; Hydrocarbon derivatives; Organic oxygen compounds; Chemical entities	339.288	574	9.565	816967251722312399	816964273136718449	816964273136718448	3804	
1	C21H40O4	[M + H]+	C21H41O4+	Fatty acids	1.000	Glycerolipids	0.995	Monoacylglycerols	0.998	Lipids and lipid-like molecules	0.998	Glycerolipids	0.988	Monoradylglycerols	0.993	Monoacylglycerols	0.988	1-monoacylglycerols	0.945	Organic compounds; Lipids and lipid-like molecules; Alcohols and polyols; Glycerolipids; Organic acids and derivatives; Carboxylic acids and derivatives; Primary alcohols; Organooxygen compounds; Fatty acid esters; Carboxylic acid derivatives; Monoacylglycerols; Monocarboxylic acids and derivatives; Carboxylic acid esters; 1-monoacylglycerols; Secondary alcohols; Carbonyl compounds; Polyols; 1,2-diols; Monoradylglycerols; Fatty Acyls; Organic oxides; Hydrocarbon derivatives; Organic oxygen compounds; Chemical entities	357.299	574	9.567	816967260677152572	816964273333850752	816964273333850751	3807	
3	C18H32O2	[M - H4O2 + H]+	C18H29+	Fatty acids	1.000	Fatty Acids and Conjugates	0.901	Unsaturated fatty acids	0.935	Lipids and lipid-like molecules	0.990	Fatty Acyls	0.986	Lineolic acids and derivatives	0.693			Lineolic acids and derivatives	0.693	Organic compounds; Lipids and lipid-like molecules; Fatty acids and conjugates; Organic acids and derivatives; Carboxylic acids and derivatives; Organooxygen compounds; Straight chain fatty acids; Unsaturated fatty acids; Lineolic acids and derivatives; Monocarboxylic acids and derivatives; Carboxylic acids; Carbonyl compounds; Long-chain fatty acids; Fatty Acyls; Organic oxides; Hydrocarbon derivatives; Organic oxygen compounds; Chemical entities	245.225	575	9.581	816967252691196760	816964273522594447	816964273522594446	3824	
1	C19H34O2	[M + H]+	C19H35O2+	Fatty acids	0.997	Fatty Acids and Conjugates	0.863	Unsaturated fatty acids	0.921	Lipids and lipid-like molecules	0.986	Fatty Acyls	0.951	Fatty acids and conjugates	0.924	Long-chain fatty acids	0.910	Long-chain fatty acids	0.910	Organic compounds; Lipids and lipid-like molecules; Fatty acids and conjugates; Organic acids and derivatives; Carboxylic acids and derivatives; Organooxygen compounds; Straight chain fatty acids; Unsaturated fatty acids; Monocarboxylic acids and derivatives; Carboxylic acids; Carbonyl compounds; Long-chain fatty acids; Fatty Acyls; Organic oxides; Hydrocarbon derivatives; Organic oxygen compounds; Chemical entities	295.262	575	9.581	816967257955048902	816964273568731796	816964273568731795	3834	
3	C14H31N3	[M + Na]+	C14H31N3Na+	Alkaloids	0.739	Pseudoalkaloids (transamidation)	0.192	Acetate-derived alkaloids	0.147	Organoheterocyclic compounds	0.382	Azacyclic compounds	0.531					Azacyclic compounds	0.531	Organic compounds; Organonitrogen compounds; Azacyclic compounds; Hydrocarbon derivatives; Organopnictogen compounds; Organic nitrogen compounds; Chemical entities	264.239	575	9.582	816967260807176056	816964273627452057	816964273627452056	3829	
1	C18H32O2	[M + H]+	C18H33O2+	Fatty acids	0.999	Fatty Acids and Conjugates	0.695	Unsaturated fatty acids	0.715	Lipids and lipid-like molecules	0.981	Fatty Acyls	0.972	Lineolic acids and derivatives	0.709			Lineolic acids and derivatives	0.709	Organic compounds; Lipids and lipid-like molecules; Fatty acids and conjugates; Organic acids and derivatives; Carboxylic acids and derivatives; Organooxygen compounds; Straight chain fatty acids; Unsaturated fatty acids; Lineolic acids and derivatives; Monocarboxylic acids and derivatives; Carboxylic acids; Carbonyl compounds; Long-chain fatty acids; Fatty Acyls; Organic oxides; Hydrocarbon derivatives; Organic oxygen compounds; Chemical entities	281.246	575	9.582	816967250086533639	816964273686172318	816964273686172317	3828	
1	C18H30O	[M + H]+	C18H31O+	Terpenoids	0.938	Diterpenoids	0.660	Apocarotenoids (β-)	0.084	Lipids and lipid-like molecules	0.923	Prenol lipids	0.719	Diterpenoids	0.527			Diterpenoids	0.527	Organic compounds; Lipids and lipid-like molecules; Alcohols and polyols; Prenol lipids; Organooxygen compounds; Diterpenoids; Carbonyl compounds; Organic oxides; Hydrocarbon derivatives; Organic oxygen compounds; Chemical entities	263.236	575	9.583	816967250384329304	816964273740698275	816964273740698274	3832	
2	C27H50	[M + Na]+	C27H50Na+	Terpenoids	0.960	Steroids	0.853	Cholestane steroids	0.770	Lipids and lipid-like molecules	0.978	Steroids and steroid derivatives	0.862	Cholestane steroids	0.552			Cholestane steroids	0.552	Organic compounds; Lipids and lipid-like molecules; Steroids and steroid derivatives; Hydrocarbons; Cholestane steroids; Polycyclic hydrocarbons; Saturated hydrocarbons; Chemical entities	397.381	576	9.600	816967252338875171	816964273799418536	816964273799418535	3840	
1	C23H48NO7P	[M + H]+	C23H49NO7P+	Fatty acids	1.000	Glycerophospholipids	1.000	Glycerophosphoethanolamines	1.000	Organic acids and derivatives	1.000	Carboxylic acids and derivatives	0.997	Amino acids, peptides, and analogues	0.984	Amino acids and derivatives	0.984	Amino acids and derivatives	0.984	Organic compounds; Lipids and lipid-like molecules; Amino acids, peptides, and analogues; Alcohols and polyols; Glycerophospholipids; Organic acids and derivatives; Carboxylic acids and derivatives; Organonitrogen compounds; Organooxygen compounds; Fatty acid esters; Amino acids and derivatives; Organic phosphoric acids and derivatives; Phosphate esters; Monoalkylamines; Carboxylic acid derivatives; Monocarboxylic acids and derivatives; Carboxylic acid esters; Phosphoethanolamines; Lysophosphatidylethanolamines; Secondary alcohols; 1-acyl-sn-glycero-3-phosphoethanolamines; Carbonyl compounds; Glycerophosphoethanolamines; Amines; Primary amines; Alkyl phosphates; Dialkyl phosphates; Fatty Acyls; Organic oxides; Hydrocarbon derivatives; Organopnictogen compounds; Organic oxygen compounds; Organic nitrogen compounds; Chemical entities	482.322	576	9.606	816967258600971844	816964273853944493	816964273853944492	3843	
1	C27H41NO3	[M + H]+	C27H42NO3+	Fatty acids	0.992	Fatty amides	0.996	N-acyl amines	0.993	Organic acids and derivatives	1.000	Carboxylic acids and derivatives	1.000	Amino acids, peptides, and analogues	0.984	Amino acids and derivatives	0.983	Phenylalanine and derivatives	0.993	Organic compounds; Lipids and lipid-like molecules; Amino acids, peptides, and analogues; Alpha amino acids and derivatives; Phenethylamines; Amphetamines and derivatives; Phenylpropanoids and polyketides; Organic acids and derivatives; Carboxylic acids and derivatives; Organonitrogen compounds; Organooxygen compounds; Fatty amides; Amino acids and derivatives; Carboxylic acid amides; Carboxylic acid derivatives; N-acyl amines; Monocarboxylic acids and derivatives; N-acyl-alpha amino acids and derivatives; Carboxylic acids; Secondary carboxylic acid amides; Carbonyl compounds; Benzene and substituted derivatives; N-acyl-alpha amino acids; Benzenoids; Phenylpropanoic acids; Fatty Acyls; Organic oxides; Hydrocarbon derivatives; Phenylalanine and derivatives; Organopnictogen compounds; Organic oxygen compounds; Organic nitrogen compounds; Chemical entities	428.314	577	9.613	816967261805420642	816964273921053362	816964273912664753	3851	
1	C36H70O7S	[M + H]+	C36H71O7S+	Fatty acids	0.643	Fatty esters	0.482	Wax monoesters	0.112	Lipids and lipid-like molecules	0.636	Fatty Acyls	0.627	Fatty acid esters	0.587			Fatty acid esters	0.587	Organic compounds; Organosulfur compounds; Lipids and lipid-like molecules; Organic acids and derivatives; Carboxylic acids and derivatives; Organooxygen compounds; Fatty acid esters; Dicarboxylic acids and derivatives; Carboxylic acid derivatives; Carboxylic acid esters; Carbonyl compounds; Sulfenyl compounds; Fatty Acyls; Organic oxides; Hydrocarbon derivatives; Organic oxygen compounds; Chemical entities	647.495	577	9.614	816967293241740514	816964273983967927	816964273983967926	3852	
5	C24H48N8O3	[M + H]+	C24H49N8O3+	Alkaloids	0.395	Pseudoalkaloids (transamidation)	0.078	Purine nucleosides	0.049	Organic nitrogen compounds	1.000	Organonitrogen compounds	1.000	Amines	0.971	Tertiary amines	0.735	Dialkylarylamines	0.615	Organic compounds; Organoheterocyclic compounds; Pyrimidines and pyrimidine derivatives; Organic acids and derivatives; Organonitrogen compounds; Organooxygen compounds; Aminopyrimidines and derivatives; Carbonyl compounds; Amines; Tertiary amines; Tertiary alkylarylamines; N-aliphatic s-triazines; Imidolactams; Dialkylarylamines; Organic oxides; 1,3,5-triazines; Azacyclic compounds; Heteroaromatic compounds; Hydrocarbon derivatives; Organopnictogen compounds; Organic oxygen compounds; Organic nitrogen compounds; Chemical entities	497.395	577	9.624	816967256755477704	816964274088825537	816964274088825536	3862	
4	C18H24O6	[M + H]+	C18H25O6+	Polyketides	0.638	Phloroglucinols	0.437	Acyl phloroglucinols	0.188	Benzenoids	0.951	Phenols	0.891	1-hydroxy-2-unsubstituted benzenoids	0.729			1-hydroxy-2-unsubstituted benzenoids	0.729	Organic compounds; Alcohols and polyols; Phenols; Ethers; Organic acids and derivatives; Carboxylic acids and derivatives; Organooxygen compounds; Carbonyl compounds; Benzene and substituted derivatives; Polyols; Benzenoids; Vinylogous acids; Organic oxides; Hydrocarbon derivatives; Organic oxygen compounds; 1-hydroxy-2-unsubstituted benzenoids; 1-hydroxy-4-unsubstituted benzenoids; Chemical entities	337.166	578	9.641	816967277471152520	816964274298540757	816964274298540756	3879	
1	C20H37NO	[M + H]+	C20H38NO+	Fatty acids	0.997	Fatty amides	0.968	Primary amides	0.686	Lipids and lipid-like molecules	0.851	Fatty Acyls	0.679	Fatty amides	0.714			Fatty amides	0.714	Organic compounds; Lipids and lipid-like molecules; Organic acids and derivatives; Carboxylic acids and derivatives; Organonitrogen compounds; Organooxygen compounds; Fatty amides; Carboxylic acid amides; Carboxylic acid derivatives; Secondary carboxylic acid amides; Carbonyl compounds; Fatty Acyls; Organic oxides; Hydrocarbon derivatives; Organopnictogen compounds; Organic oxygen compounds; Organic nitrogen compounds; Chemical entities	308.293	579	9.646	816967261113360322	816964274365649626	816964274361455321	3885	
1	C30H48	[M + H]+	C30H49+	Terpenoids	0.999	Triterpenoids	0.995	Lupane triterpenoids	0.169	Lipids and lipid-like molecules	0.987	Prenol lipids	0.955	Triterpenoids	0.820			Triterpenoids	0.820	Organic compounds; Lipids and lipid-like molecules; Prenol lipids; Triterpenoids; Hydrocarbons; Olefins; Cyclic olefins; Polycyclic hydrocarbons; Unsaturated hydrocarbons; Unsaturated aliphatic hydrocarbons; Branched unsaturated hydrocarbons; Chemical entities	409.381	580	9.663	816967277370489140	816964274537616105	816964274537616104	3853	
1	C34H63NO3	[M + H]+	C34H64NO3+	Fatty acids	1.000	Spingolipids	1.000	Ceramides	0.999	Lipids and lipid-like molecules	0.983	Sphingolipids	0.960	Ceramides	0.977	Long-chain ceramides	0.609	Long-chain ceramides	0.609	Organic compounds; Lipids and lipid-like molecules; Alcohols and polyols; Sphingolipids; Organic acids and derivatives; Carboxylic acids and derivatives; Organonitrogen compounds; Primary alcohols; Organooxygen compounds; Fatty amides; Carboxylic acid amides; Carboxylic acid derivatives; N-acyl amines; Ceramides; Secondary alcohols; Secondary carboxylic acid amides; Long-chain ceramides; Carbonyl compounds; Fatty Acyls; Organic oxides; Hydrocarbon derivatives; Organopnictogen compounds; Organic oxygen compounds; Organic nitrogen compounds; Chemical entities	534.486	580	9.663	816967277336934692	816964274587947758	816964274587947757	3893	
1	C16H36N6O2	[M + Na]+	C16H36N6NaO2+	Alkaloids	0.833	Small peptides	0.255	Dipeptides	0.068	Organoheterocyclic compounds	0.863	Heteroaromatic compounds	0.656					Heteroaromatic compounds	0.656	Organic compounds; Organoheterocyclic compounds; Organic acids and derivatives; Carboxylic acids and derivatives; Organonitrogen compounds; Organooxygen compounds; Carboxylic acid derivatives; Carbonyl compounds; Amines; Organic oxides; Azacyclic compounds; Heteroaromatic compounds; Hydrocarbon derivatives; Organopnictogen compounds; Organic oxygen compounds; Organic nitrogen compounds; Chemical entities	367.281	581	9.681	816967277336934685	816964274776691453	816964274776691452	3907	
1	C39H66O6	[M + H]+	C39H67O6+	Terpenoids	0.929	Carotenoids (C40)	0.779	Carotenoids (C40, β-β)	0.137	Lipids and lipid-like molecules	0.943	Prenol lipids	0.915					Prenol lipids	0.915	Organic compounds; Organoheterocyclic compounds; Lipids and lipid-like molecules; Alcohols and polyols; Ethers; Prenol lipids; Organooxygen compounds; Secondary alcohols; Carbonyl compounds; Fatty Acyls; Organic oxides; Hydrocarbon derivatives; Organic oxygen compounds; Chemical entities	631.496	581	9.682	816967288556701266	816964274847994626	816964274847994625	3909	
2	C27H50	[M + Na]+	C27H50Na+	Terpenoids	0.960	Steroids	0.809	Cholestane steroids	0.703	Lipids and lipid-like molecules	0.977	Steroids and steroid derivatives	0.857					Steroids and steroid derivatives	0.857	Organic compounds; Lipids and lipid-like molecules; Steroids and steroid derivatives; Prenol lipids; Hydrocarbons; Polycyclic hydrocarbons; Saturated hydrocarbons; Chemical entities	397.381	582	9.701	816967285503246902	816964274919297799	816964274910909190	3937	
1	C26H52NO7P	[M + H]+	C26H53NO7P+	Fatty acids	1.000	Glycerophospholipids	1.000	Glycerophosphocholines	0.997	Lipids and lipid-like molecules	0.981	Glycerophospholipids	0.996	Glycerophosphocholines	0.996	Lysophosphatidylcholines	0.952	1-acyl-sn-glycero-3-phosphocholines	0.907	Organic compounds; Lipids and lipid-like molecules; Alcohols and polyols; Glycerophospholipids; Organic acids and derivatives; Carboxylic acids and derivatives; Organonitrogen compounds; Organooxygen compounds; Fatty acid esters; Organic phosphoric acids and derivatives; Phosphate esters; Quaternary ammonium salts; Cholines; Carboxylic acid derivatives; Monocarboxylic acids and derivatives; Carboxylic acid esters; Phosphocholines; Lysophosphatidylcholines; 1-acyl-sn-glycero-3-phosphocholines; Secondary alcohols; Carbonyl compounds; Glycerophosphocholines; Amines; Alkyl phosphates; Dialkyl phosphates; Organic cations; Organic salts; Fatty Acyls; Organic oxides; Hydrocarbon derivatives; Tetraalkylammonium salts; Organopnictogen compounds; Organic oxygen compounds; Organic nitrogen compounds; Chemical entities	522.353	582	9.702	816967286140781362	816964274973823756	816964274973823755	3920	
1	C30H48	[M + H]+	C30H49+	Terpenoids	0.999	Triterpenoids	0.981	Lupane triterpenoids	0.154	Lipids and lipid-like molecules	0.983	Prenol lipids	0.934	Triterpenoids	0.713			Triterpenoids	0.713	Organic compounds; Lipids and lipid-like molecules; Prenol lipids; Triterpenoids; Hydrocarbons; Olefins; Cyclic olefins; Polycyclic hydrocarbons; Unsaturated hydrocarbons; Unsaturated aliphatic hydrocarbons; Branched unsaturated hydrocarbons; Chemical entities	409.381	583	9.715	816967293237546203	816964275154178843	816964275154178842	3935	
1	C19H37NO	[M + H]+	C19H38NO+	Fatty acids	1.000	Fatty amides	1.000	Primary amides	1.000	Lipids and lipid-like molecules	0.900	Fatty Acyls	0.923	Fatty amides	0.903			Fatty amides	0.903	Organic compounds; Lipids and lipid-like molecules; Organic acids and derivatives; Carboxylic acids and derivatives; Organonitrogen compounds; Organooxygen compounds; Fatty amides; Carboxylic acid amides; Carboxylic acid derivatives; Primary carboxylic acid amides; Carbonyl compounds; Fatty Acyls; Organic oxides; Hydrocarbon derivatives; Organopnictogen compounds; Organic oxygen compounds; Organic nitrogen compounds; Chemical entities	296.293	583	9.718	816967281686429598	816964275254842149	816964275254842148	3927	
1	C33H61N3O2	[M + Na]+	C33H61N3NaO2+	Fatty acids	0.998	Spingolipids	0.872	Ceramides	0.629	Lipids and lipid-like molecules	0.976	Sphingolipids	0.503	Ceramides	0.729			Ceramides	0.729	Organic compounds; Lipids and lipid-like molecules; Alcohols and polyols; Sphingolipids; Organic acids and derivatives; Carboxylic acids and derivatives; Organonitrogen compounds; Primary alcohols; Organooxygen compounds; Fatty amides; Carboxylic acid amides; Carboxylic acid derivatives; N-acyl amines; Ceramides; Secondary alcohols; Secondary carboxylic acid amides; Carbonyl compounds; Fatty Acyls; Organic oxides; Hydrocarbon derivatives; Organopnictogen compounds; Organic oxygen compounds; Organic nitrogen compounds; Chemical entities	554.471	583	9.718	816967281581571970	816964275321951018	816964275321951017	3921	
1	C26H52NO7P	[M + Na]+	C26H52NNaO7P+	Fatty acids	1.000	Glycerophospholipids	1.000	Glycerophosphocholines	0.993	Lipids and lipid-like molecules	0.975	Glycerophospholipids	0.998	Glycerophosphocholines	0.994	Lysophosphatidylcholines	0.883	1-acyl-sn-glycero-3-phosphocholines	0.827	Organic compounds; Lipids and lipid-like molecules; Alcohols and polyols; Glycerophospholipids; Organic acids and derivatives; Carboxylic acids and derivatives; Organonitrogen compounds; Organooxygen compounds; Fatty acid esters; Organic phosphoric acids and derivatives; Phosphate esters; Quaternary ammonium salts; Cholines; Carboxylic acid derivatives; Monocarboxylic acids and derivatives; Carboxylic acid esters; Phosphocholines; Lysophosphatidylcholines; 1-acyl-sn-glycero-3-phosphocholines; Carbonyl compounds; Glycerophosphocholines; Amines; Alkyl phosphates; Dialkyl phosphates; Organic cations; Organic salts; Fatty Acyls; Organic oxides; Hydrocarbon derivatives; Tetraalkylammonium salts; Organopnictogen compounds; Organic oxygen compounds; Organic nitrogen compounds; Chemical entities	544.336	584	9.727	816967283800359087	816964275355505455	816964275355505454	3932	
1	C29H44NO6P	[M + H]+	C29H45NO6P+	Fatty acids	1.000	Spingolipids	0.998	Sphingoid bases	0.563	Lipids and lipid-like molecules	0.970	Sphingolipids	0.936	Phosphosphingolipids	0.934			Phosphosphingolipids	0.934	Organic compounds; Lipids and lipid-like molecules; Alcohols and polyols; Sphingolipids; Organic acids and derivatives; Carboxylic acids and derivatives; Organonitrogen compounds; Organooxygen compounds; Fatty amides; Organic phosphoric acids and derivatives; Phosphate esters; Monoalkylamines; Carboxylic acid amides; Carboxylic acid derivatives; N-acyl amines; Phosphoethanolamines; Secondary alcohols; Secondary carboxylic acid amides; Carbonyl compounds; Amines; Primary amines; Phosphosphingolipids; Alkyl phosphates; Dialkyl phosphates; Fatty Acyls; Organic oxides; Hydrocarbon derivatives; Organopnictogen compounds; Organic oxygen compounds; Organic nitrogen compounds; Chemical entities	534.294	585	9.753	816967282235883503	816964275565220670	816964275565220669	3950	
1	C24H50NO7P	[M + Na]+	C24H50NNaO7P+	Fatty acids	0.999	Glycerophospholipids	1.000	Glycerophosphocholines	0.999	Lipids and lipid-like molecules	0.979	Glycerophospholipids	0.998	Glycerophosphocholines	0.995	Lysophosphatidylcholines	0.971	1-acyl-sn-glycero-3-phosphocholines	0.961	Organic compounds; Lipids and lipid-like molecules; Alcohols and polyols; Glycerophospholipids; Organic acids and derivatives; Carboxylic acids and derivatives; Organonitrogen compounds; Organooxygen compounds; Fatty acid esters; Organic phosphoric acids and derivatives; Phosphate esters; Quaternary ammonium salts; Cholines; Carboxylic acid derivatives; Monocarboxylic acids and derivatives; Carboxylic acid esters; Phosphocholines; Lysophosphatidylcholines; 1-acyl-sn-glycero-3-phosphocholines; Secondary alcohols; Carbonyl compounds; Glycerophosphocholines; Amines; Alkyl phosphates; Dialkyl phosphates; Organic cations; Organic salts; Fatty Acyls; Organic oxides; Hydrocarbon derivatives; Tetraalkylammonium salts; Organopnictogen compounds; Organic oxygen compounds; Organic nitrogen compounds; Chemical entities	518.320	585	9.754	816967281795481543	816964275632329539	816964275632329538	3955	
2	C25H41NO3	[M + H]+	C25H42NO3+	Fatty acids	0.998	Fatty amides	0.995	N-acyl amines	0.995	Organic acids and derivatives	1.000	Carboxylic acids and derivatives	1.000	Amino acids, peptides, and analogues	0.705	Amino acids and derivatives	0.704	Phenylalanine and derivatives	0.864	Organic compounds; Lipids and lipid-like molecules; Amino acids, peptides, and analogues; Alpha amino acids and derivatives; Phenethylamines; Amphetamines and derivatives; Phenylpropanoids and polyketides; Organic acids and derivatives; Carboxylic acids and derivatives; Organonitrogen compounds; Organooxygen compounds; Fatty amides; Amino acids and derivatives; Carboxylic acid amides; Carboxylic acid derivatives; N-acyl amines; Monocarboxylic acids and derivatives; N-acyl-alpha amino acids and derivatives; Carboxylic acids; Secondary carboxylic acid amides; Carbonyl compounds; Benzene and substituted derivatives; N-acyl-alpha amino acids; Benzenoids; Phenylpropanoic acids; Fatty Acyls; Organic oxides; Hydrocarbon derivatives; Phenylalanine and derivatives; Organopnictogen compounds; Organic oxygen compounds; Organic nitrogen compounds; Chemical entities	404.314	585	9.755	816967282990858326	816964275703632712	816964275703632711	3958	
2	C32H42N2O4	[M + H]+	C32H43N2O4+	Alkaloids	0.553	Tryptophan alkaloids	0.351	Simple indole alkaloids	0.113	Benzenoids	0.761							Benzenoids	0.761	Organic compounds; Lipids and lipid-like molecules; Organic acids and derivatives; Carboxylic acids and derivatives; Organonitrogen compounds; Organooxygen compounds; Quaternary ammonium salts; Carboxylic acid derivatives; Monocarboxylic acids and derivatives; Carboxylic acids; Carboxylic acid esters; Carbonyl compounds; Benzenoids; Amines; Organic salts; Fatty Acyls; Organic oxides; Hydrocarbon derivatives; Tetraalkylammonium salts; Organopnictogen compounds; Organic oxygen compounds; Organic nitrogen compounds; Chemical entities	519.323	585	9.755	816967296903369274	816964275770741581	816964275770741580	3946	
1	C28H48N2O4	[M + Na]+	C28H48N2NaO4+	Fatty acids	1.000	Spingolipids	0.980	Ceramides	0.251	Lipids and lipid-like molecules	0.973	Sphingolipids	0.778	Ceramides	0.632			Ceramides	0.632	Organic compounds; Lipids and lipid-like molecules; Alcohols and polyols; Sphingolipids; Organic acids and derivatives; Carboxylic acids and derivatives; Organonitrogen compounds; Organooxygen compounds; Fatty amides; Carboxylic acid amides; Carboxylic acid derivatives; N-acyl amines; Ceramides; Secondary alcohols; Secondary carboxylic acid amides; Carbonyl compounds; Amines; Fatty Acyls; Organic oxides; Hydrocarbon derivatives; Tetraalkylammonium salts; Organopnictogen compounds; Organic oxygen compounds; Organic nitrogen compounds; Chemical entities	499.348	585	9.758	816967298950190028	816964275842044754	816964275842044753	3954	
6	C14H11Br3O5	[M + H]+	C14H12Br3O5+	Polyketides	0.585	Coumarins	0.306	Halogenated fatty acids	0.147	Benzenoids	0.878	Benzene and substituted derivatives	0.647					Benzene and substituted derivatives	0.647	Organic compounds; Ethers; Organohalogen compounds; Organooxygen compounds; Alkyl bromides; Organobromides; Carbonyl compounds; Benzene and substituted derivatives; Benzenoids; Alkyl halides; Organic oxides; Hydrocarbon derivatives; Organic oxygen compounds; Chemical entities	496.821	586	9.759	816967289798215723	816964275917542231	816964275917542230	3959	
1	C24H48NO6P	[M + H]+	C24H49NO6P+	Fatty acids	1.000	Glycerophospholipids	0.985	Glycerophosphoethanolamines	0.748	Lipids and lipid-like molecules	0.997	Glycerophospholipids	0.989	Glycerophosphoethanolamines	0.967	Glycero-3-phospho-N-acyl-ethanolamines	0.940	Glycero-3-phospho-N-acyl-ethanolamines	0.940	Organic compounds; Lipids and lipid-like molecules; Alcohols and polyols; Glycerophospholipids; Organic acids and derivatives; Carboxylic acids and derivatives; Organonitrogen compounds; Primary alcohols; Organooxygen compounds; Fatty amides; Organic phosphoric acids and derivatives; Phosphate esters; Carboxylic acid amides; Carboxylic acid derivatives; N-acyl amines; Phosphoethanolamines; Secondary alcohols; Secondary carboxylic acid amides; Carbonyl compounds; Glycerophosphoethanolamines; Polyols; Amines; 1,2-diols; Glycero-3-phospho-N-acyl-ethanolamines; Alkyl phosphates; Dialkyl phosphates; Fatty Acyls; Organic oxides; Hydrocarbon derivatives; Organopnictogen compounds; Organic oxygen compounds; Organic nitrogen compounds; Chemical entities	478.328	586	9.760	816967288812553933	816964275976262492	816964275942708059	3965	
3	C12H30N6Si3	[M + H]+	C12H31N6Si3+	Alkaloids	0.467	Monoterpenoids	0.091	Polyamines	0.028	Organoheterocyclic compounds	0.801	Azoles	0.528					Azoles	0.528	Organic compounds; Organoheterocyclic compounds; Organonitrogen compounds; Azoles; Organometallic compounds; Organometalloid compounds; Azacyclic compounds; Heteroaromatic compounds; Hydrocarbon derivatives; Organic nitrogen compounds; Chemical entities	343.192	586	9.760	816967289819187261	816964276014011233	816964276014011232	3969	
1	C29H50O5	[M + H3N + H]+	C29H54NO5+	Terpenoids	0.751	Glycerolipids	0.511	Monoacylglycerols	0.086	Lipids and lipid-like molecules	0.961	Glycerolipids	0.536					Glycerolipids	0.536	Organic compounds; Lipids and lipid-like molecules; Alcohols and polyols; Glycerolipids; Organic acids and derivatives; Carboxylic acids and derivatives; Primary alcohols; Organooxygen compounds; Carboxylic acid derivatives; Carboxylic acid esters; Secondary alcohols; Carbonyl compounds; Fatty Acyls; Organic oxides; Hydrocarbon derivatives; Organic oxygen compounds; Chemical entities	496.395	586	9.763	816967287998858592	816964276148228971	816964276148228970	3970	
7	C29H35N3O3	[M + Na]+	C29H35N3NaO3+	Alkaloids	0.889	Tryptophan alkaloids	0.791	Carboline alkaloids	0.138	Organic acids and derivatives	0.940	Carboxylic acids and derivatives	0.942	Amino acids, peptides, and analogues	0.766	Amino acids and derivatives	0.761	Amino acids and derivatives	0.761	Organic compounds; Organoheterocyclic compounds; Amino acids, peptides, and analogues; Pyrroles; Indoles and derivatives; Organic acids and derivatives; Carboxylic acids and derivatives; Organonitrogen compounds; Organooxygen compounds; Amino acids and derivatives; Carboxylic acid amides; Carboxylic acid derivatives; Tertiary carboxylic acid amides; Carbonyl compounds; Benzene and substituted derivatives; Benzenoids; Amines; Tertiary amines; Indoles; Aralkylamines; Organic oxides; Azacyclic compounds; Heteroaromatic compounds; Hydrocarbon derivatives; 3-alkylindoles; Organopnictogen compounds; Organic oxygen compounds; Organic nitrogen compounds; Chemical entities	496.260	586	9.764	816967292239301287	816964276244697968	816964276211143535	3983	
2	C24H50NO7P	[M + H]+	C24H51NO7P+	Fatty acids	0.998	Glycerophospholipids	1.000	Glycerophosphocholines	0.998	Lipids and lipid-like molecules	0.970	Glycerophospholipids	0.995	Glycerophosphocholines	0.991	Lysophosphatidylcholines	0.944	1-acyl-sn-glycero-3-phosphocholines	0.942	Organic compounds; Lipids and lipid-like molecules; Alcohols and polyols; Glycerophospholipids; Organic acids and derivatives; Carboxylic acids and derivatives; Organonitrogen compounds; Organooxygen compounds; Fatty acid esters; Organic phosphoric acids and derivatives; Phosphate esters; Quaternary ammonium salts; Cholines; Carboxylic acid derivatives; Monocarboxylic acids and derivatives; Carboxylic acid esters; Phosphocholines; Lysophosphatidylcholines; 1-acyl-sn-glycero-3-phosphocholines; Secondary alcohols; Carbonyl compounds; Glycerophosphocholines; Amines; Alkyl phosphates; Dialkyl phosphates; Organic cations; Organic salts; Fatty Acyls; Organic oxides; Hydrocarbon derivatives; Tetraalkylammonium salts; Organopnictogen compounds; Organic oxygen compounds; Organic nitrogen compounds; Chemical entities	496.338	586	9.764	816967289060017963	816964276282446709	816964276282446708	3978	
4	C31H46N4O2	[M + H]+	C31H47N4O2+	Alkaloids	0.925	Tryptophan alkaloids	0.570	Aspidosperma type	0.069	Organoheterocyclic compounds	0.955	Heteroaromatic compounds	0.612					Heteroaromatic compounds	0.612	Organic compounds; Organoheterocyclic compounds; Organic acids and derivatives; Carboxylic acids and derivatives; Organonitrogen compounds; Organooxygen compounds; Carboxylic acid amides; Carboxylic acid derivatives; Carbonyl compounds; Amines; Organic oxides; Azacyclic compounds; Heteroaromatic compounds; Hydrocarbon derivatives; Organopnictogen compounds; Organic oxygen compounds; Organic nitrogen compounds; Chemical entities	507.367	586	9.769	816967287873029429	816964276425053055	816964276425053054	3984	
1	C37H68O5	[M + Na]+	C37H68NaO5+	Fatty acids	1.000	Glycerolipids	1.000	Diacylglycerols	1.000	Lipids and lipid-like molecules	0.998	Fatty Acyls	0.992	Lineolic acids and derivatives	0.677			Lineolic acids and derivatives	0.677	Organic compounds; Lipids and lipid-like molecules; Alcohols and polyols; Glycerolipids; Organic acids and derivatives; Carboxylic acids and derivatives; Primary alcohols; Organooxygen compounds; Fatty acid esters; Dicarboxylic acids and derivatives; Lineolic acids and derivatives; Carboxylic acid derivatives; Diacylglycerols; Carboxylic acid esters; 1,2-diacylglycerols; Carbonyl compounds; Diradylglycerols; Fatty Acyls; Organic oxides; Hydrocarbon derivatives; Organic oxygen compounds; Chemical entities	615.498	587	9.776	816967288175019441	816964276483773316	816964276483773315	3989	
1	C21H46OSi	[M + H]+	C21H47OSi+	Fatty acids	0.997	Fatty acyls	0.994	Fatty alcohols	0.988	Lipids and lipid-like molecules	0.496	Fatty Acyls	0.528	Fatty alcohols	0.630			Fatty alcohols	0.630	Organic compounds; Alcohols and polyols; Primary alcohols; Organooxygen compounds; Fatty alcohols; Fatty Acyls; Hydrocarbon derivatives; Organic oxygen compounds; Chemical entities	343.338	587	9.781	816967289617860588	816964276517327753	816964276517327752	3988	
1	C39H66O6	[M + H]+	C39H67O6+	Terpenoids	0.918	Carotenoids (C40)	0.760	Carotenoids (C40, β-β)	0.131	Lipids and lipid-like molecules	0.940	Prenol lipids	0.907					Prenol lipids	0.907	Organic compounds; Organoheterocyclic compounds; Lipids and lipid-like molecules; Alcohols and polyols; Ethers; Prenol lipids; Organooxygen compounds; Secondary alcohols; Carbonyl compounds; Fatty Acyls; Organic oxides; Hydrocarbon derivatives; Organic oxygen compounds; Chemical entities	631.493	588	9.793	816967290960038322	816964276852872098	816964276852872097	4015	
5	C16H34N4O4Si	[M + H]+	C16H35N4O4Si+	Fatty acids	0.727	Small peptides	0.587	Dipeptides	0.241	Organic acids and derivatives	0.926	Carboxylic acids and derivatives	0.869	Amino acids, peptides, and analogues	0.595	Amino acids and derivatives	0.592	Alpha amino acids and derivatives	0.551	Organic compounds; Lipids and lipid-like molecules; Amino acids, peptides, and analogues; Alpha amino acids and derivatives; Organic acids and derivatives; Carboxylic acids and derivatives; Organonitrogen compounds; Organooxygen compounds; Amino acids and derivatives; Monoalkylamines; Carboxylic acid derivatives; Carbonyl compounds; Organic salts; Fatty Acyls; Organic oxides; Hydrocarbon derivatives; Organopnictogen compounds; Organic oxygen compounds; Organic nitrogen compounds; Chemical entities	375.241	588	9.798	816967312896255430	816964276643156883	816964276643156882	3998	
4	C19H38N6O2	[M + Na]+	C19H38N6NaO2+	Alkaloids	0.618	Ornithine alkaloids	0.168	Tropane alkaloids	0.056	Organoheterocyclic compounds	0.694	Heteroaromatic compounds	0.576					Heteroaromatic compounds	0.576	Organic compounds; Organoheterocyclic compounds; Organonitrogen compounds; Organooxygen compounds; Amines; Azacyclic compounds; Heteroaromatic compounds; Hydrocarbon derivatives; Organopnictogen compounds; Organic oxygen compounds; Organic nitrogen compounds; Chemical entities	405.295	588	9.798	816967292235106969	816964276676711320	816964276676711319	3999	
1	C18H37NO	[M + H]+	C18H38NO+	Fatty acids	1.000	Fatty amides	0.999	Primary amides	0.999	Lipids and lipid-like molecules	0.948	Fatty Acyls	0.953	Fatty amides	0.962			Fatty amides	0.962	Organic compounds; Lipids and lipid-like molecules; Organic acids and derivatives; Carboxylic acids and derivatives; Organonitrogen compounds; Organooxygen compounds; Fatty amides; Carboxylic acid amides; Carboxylic acid derivatives; Primary carboxylic acid amides; Carbonyl compounds; Fatty Acyls; Organic oxides; Hydrocarbon derivatives; Organopnictogen compounds; Organic oxygen compounds; Organic nitrogen compounds; Chemical entities	284.294	591	9.852	816967293807971963	816964277003867052	816964277003867051	4020	
1	C21H42O4	[M + H]+	C21H43O4+	Fatty acids	0.999	Glycerolipids	0.986	Monoacylglycerols	0.967	Lipids and lipid-like molecules	0.995	Fatty Acyls	0.986	Fatty alcohols	0.589			Fatty alcohols	0.589	Organic compounds; Lipids and lipid-like molecules; Alcohols and polyols; Glycerolipids; Organic acids and derivatives; Carboxylic acids and derivatives; Primary alcohols; Organooxygen compounds; Fatty acid esters; Carboxylic acid derivatives; Monoacylglycerols; Monocarboxylic acids and derivatives; Carboxylic acid esters; Fatty alcohols; 1-monoacylglycerols; 2-monoacylglycerols; Secondary alcohols; Carbonyl compounds; 1,2-diols; Monoradylglycerols; Fatty Acyls; Organic oxides; Hydrocarbon derivatives; Organic oxygen compounds; Chemical entities	359.314	591	9.858	816967298388153136	816964277335217093	816964277335217092	4029	
2	C27H46O3	[M + H]+	C27H47O3+	Terpenoids	0.475	Meroterpenoids	0.218	Prenyl quinone meroterpenoids	0.136	Benzenoids	0.997	Benzene and substituted derivatives	0.970	Phenoxy compounds	0.567			Phenoxy compounds	0.567	Organic compounds; Lipids and lipid-like molecules; Phenols; Organic acids and derivatives; Carboxylic acids and derivatives; Organooxygen compounds; Carboxylic acid derivatives; Monocarboxylic acids and derivatives; Carboxylic acid esters; Carbonyl compounds; Benzene and substituted derivatives; Benzenoids; Fatty Acyls; Organic oxides; Hydrocarbon derivatives; Organic oxygen compounds; Phenoxy compounds; Chemical entities	419.350	592	9.859	816967297796756161	816964277368771530	816964277368771529	4007	
1	C34H67NO	[M + H]+	C34H68NO+	Fatty acids	1.000	Fatty amides	0.998	Primary amides	0.634	Lipids and lipid-like molecules	0.983	Fatty Acyls	0.980	Fatty amides	0.985	N-acyl amines	0.928	N-acyl amines	0.928	Organic compounds; Lipids and lipid-like molecules; Organic acids and derivatives; Carboxylic acids and derivatives; Organonitrogen compounds; Organooxygen compounds; Fatty amides; Carboxylic acid amides; Carboxylic acid derivatives; N-acyl amines; Secondary carboxylic acid amides; Carbonyl compounds; Fatty Acyls; Organic oxides; Hydrocarbon derivatives; Organopnictogen compounds; Organic oxygen compounds; Organic nitrogen compounds; Chemical entities	506.528	594	9.894	816967299524809895	816964277658178526	816964277658178525	4039	
1	C22H42N2O3	[M + H]+	C22H43N2O3+	Terpenoids	0.435	Steroids	0.181	Open-chain polyketides	0.202	Lipids and lipid-like molecules	0.911	Steroids and steroid derivatives	0.662					Steroids and steroid derivatives	0.662	Organic compounds; Lipids and lipid-like molecules; Alcohols and polyols; Steroids and steroid derivatives; Organic acids and derivatives; Carboxylic acids and derivatives; Organonitrogen compounds; Organooxygen compounds; Carboxylic acid amides; Carboxylic acid derivatives; Monocarboxylic acids and derivatives; Secondary alcohols; Carbonyl compounds; Organic oxides; Hydrocarbon derivatives; Organopnictogen compounds; Organic oxygen compounds; Organic nitrogen compounds; Chemical entities	383.321	594	9.894	816967312921421261	816964277729481699	816964277725287394	4040	
2	C21H42N4O2	[M + H]+	C21H43N4O2+	Alkaloids	0.383	Pseudoalkaloids (transamidation)	0.154	Aminoacids	0.064	Lipids and lipid-like molecules	0.685							Lipids and lipid-like molecules	0.685	Organic compounds; Lipids and lipid-like molecules; Organic acids and derivatives; Carboxylic acids and derivatives; Organonitrogen compounds; Organooxygen compounds; Carboxylic acid derivatives; Monocarboxylic acids and derivatives; Carbonyl compounds; Amines; Organic oxides; Azacyclic compounds; Hydrocarbon derivatives; Organopnictogen compounds; Organic oxygen compounds; Organic nitrogen compounds; Chemical entities	383.336	595	9.910	816967313034667503	816964277846922221	816964277846922220	4110	
1	C27H50	[M + Na]+	C27H50Na+	Terpenoids	0.956	Steroids	0.938	Cholestane steroids	0.915	Lipids and lipid-like molecules	0.982	Steroids and steroid derivatives	0.914	Cholestane steroids	0.729			Cholestane steroids	0.729	Organic compounds; Lipids and lipid-like molecules; Steroids and steroid derivatives; Hydrocarbons; Cholestane steroids; Polycyclic hydrocarbons; Saturated hydrocarbons; Chemical entities	397.381	595	9.924	816967302112696251	816964277914031090	816964277914031089	4063	
1	C31H54O3	[M + H]+	C31H55O3+	Terpenoids	0.292	Sesquiterpenoids	0.131	Catechols with side chains	0.124	Benzenoids	0.997	Benzene and substituted derivatives	0.987	Phenylpropanes	0.539			Phenylpropanes	0.539	Organic compounds; Lipids and lipid-like molecules; Organic acids and derivatives; Carboxylic acids and derivatives; Organooxygen compounds; Fatty acid esters; Carboxylic acid derivatives; Monocarboxylic acids and derivatives; Carboxylic acid esters; Carbonyl compounds; Benzene and substituted derivatives; Benzenoids; Phenylpropanes; Fatty Acyls; Organic oxides; Hydrocarbon derivatives; Organic oxygen compounds; Phenoxy compounds; Chemical entities	475.413	596	9.933	816967303995941829	816964277955974135	816964277955974134	4051	
1	C21H46OSi	[M + H]+	C21H47OSi+	Fatty acids	0.995	Fatty acyls	0.971	Fatty alcohols	0.945	Lipids and lipid-like molecules	0.597	Fatty Acyls	0.628					Fatty Acyls	0.628	Organic compounds; Lipids and lipid-like molecules; Alcohols and polyols; Primary alcohols; Organooxygen compounds; Fatty Acyls; Hydrocarbon derivatives; Organic oxygen compounds; Chemical entities	343.338	596	9.941	816967298509788009	816964278115357697	816964278115357696	4059	
1	C39H74NO8P	[M + H]+	C39H75NO8P+	Fatty acids	0.999	Glycerophospholipids	1.000	Glycerophosphoethanolamines	0.998	Lipids and lipid-like molecules	0.986	Glycerophospholipids	0.999	Glycerophosphoethanolamines	0.993	Phosphatidylethanolamines	0.965	Phosphatidylethanolamines	0.965	Organic compounds; Lipids and lipid-like molecules; Amino acids, peptides, and analogues; Glycerophospholipids; Organic acids and derivatives; Carboxylic acids and derivatives; Organonitrogen compounds; Organooxygen compounds; Fatty acid esters; Dicarboxylic acids and derivatives; Amino acids and derivatives; Organic phosphoric acids and derivatives; Phosphate esters; Monoalkylamines; Carboxylic acid derivatives; Carboxylic acid esters; Phosphoethanolamines; Phosphatidylethanolamines; Carbonyl compounds; Glycerophosphoethanolamines; Amines; Primary amines; Alkyl phosphates; Dialkyl phosphates; Fatty Acyls; Organic oxides; Hydrocarbon derivatives; Organopnictogen compounds; Organic oxygen compounds; Organic nitrogen compounds; Chemical entities	716.520	597	9.942	816967301093479999	816964278174077958	816964278174077957	4064	
1	C24H50NO7P	[M + Na]+	C24H50NNaO7P+	Fatty acids	0.999	Glycerophospholipids	1.000	Glycerophosphocholines	0.992	Lipids and lipid-like molecules	0.961	Glycerophospholipids	0.996	Glycerophosphocholines	0.992	Lysophosphatidylcholines	0.813	1-acyl-sn-glycero-3-phosphocholines	0.784	Organic compounds; Lipids and lipid-like molecules; Glycerophospholipids; Organic acids and derivatives; Carboxylic acids and derivatives; Organonitrogen compounds; Organooxygen compounds; Fatty acid esters; Organic phosphoric acids and derivatives; Phosphate esters; Quaternary ammonium salts; Cholines; Carboxylic acid derivatives; Monocarboxylic acids and derivatives; Carboxylic acid esters; Phosphocholines; Lysophosphatidylcholines; 1-acyl-sn-glycero-3-phosphocholines; Carbonyl compounds; Glycerophosphocholines; Amines; Alkyl phosphates; Dialkyl phosphates; Organic cations; Organic salts; Fatty Acyls; Organic oxides; Hydrocarbon derivatives; Tetraalkylammonium salts; Organopnictogen compounds; Organic oxygen compounds; Organic nitrogen compounds; Chemical entities	518.320	597	9.946	816967301630351084	816964278291518480	816964278291518479	4068	
1	C30H48	[M + H]+	C30H49+	Terpenoids	0.998	Triterpenoids	0.928	Taraxerane triterpenoids	0.135	Lipids and lipid-like molecules	0.980	Prenol lipids	0.927	Triterpenoids	0.573			Triterpenoids	0.573	Organic compounds; Lipids and lipid-like molecules; Prenol lipids; Triterpenoids; Hydrocarbons; Olefins; Cyclic olefins; Polycyclic hydrocarbons; Unsaturated hydrocarbons; Unsaturated aliphatic hydrocarbons; Branched unsaturated hydrocarbons; Chemical entities	409.381	597	9.947	816967313038861820	816964278358627349	816964278358627348	4070	
1	C27H46O3	[M + H]+	C27H47O3+	Terpenoids	0.471	Meroterpenoids	0.134	Catechols with side chains	0.102	Benzenoids	0.996	Benzene and substituted derivatives	0.973	Phenoxy compounds	0.553			Phenoxy compounds	0.553	Organic compounds; Lipids and lipid-like molecules; Phenols; Organic acids and derivatives; Carboxylic acids and derivatives; Organooxygen compounds; Fatty acid esters; Carboxylic acid derivatives; Monocarboxylic acids and derivatives; Carboxylic acid esters; Carbonyl compounds; Benzene and substituted derivatives; Benzenoids; Fatty Acyls; Organic oxides; Hydrocarbon derivatives; Organic oxygen compounds; Phenoxy compounds; Chemical entities	419.350	597	9.948	816967301936535402	816964278434124826	816964278434124825	4077	
2	C25H46N4O5	[M + H]+	C25H47N4O5+	Amino acids and Peptides	0.957	Oligopeptides	0.705	Tripeptides	0.293	Organic acids and derivatives	0.999	Carboxylic acids and derivatives	0.996	Amino acids, peptides, and analogues	0.902	Peptides	0.601	Peptides	0.601	Organic compounds; Lipids and lipid-like molecules; Amino acids, peptides, and analogues; Alpha amino acids and derivatives; Alcohols and polyols; Fatty acids and conjugates; Organic acids and derivatives; Carboxylic acids and derivatives; Organonitrogen compounds; Organooxygen compounds; Fatty amides; Amino acids and derivatives; Peptides; Carboxylic acid amides; Carboxylic acid derivatives; N-acyl amines; Monocarboxylic acids and derivatives; N-acyl-alpha amino acids and derivatives; Carboxylic acids; Secondary carboxylic acid amides; Carbonyl compounds; Alpha amino acid amides; Fatty Acyls; Organic oxides; Hydrocarbon derivatives; Valine and derivatives; Organopnictogen compounds; Organic oxygen compounds; Organic nitrogen compounds; Chemical entities	483.350	597	9.950	816967321184200519	816964278606091305	816964278606091304	4074	
1	C22H42O4	[M + Na]+	C22H42NaO4+	Fatty acids	0.603	Diterpenoids	0.324	Monoacylglycerols	0.160	Lipids and lipid-like molecules	0.964	Fatty Acyls	0.825					Fatty Acyls	0.825	Organic compounds; Lipids and lipid-like molecules; Alcohols and polyols; Organic acids and derivatives; Carboxylic acids and derivatives; Primary alcohols; Organooxygen compounds; Carboxylic acid derivatives; Monocarboxylic acids and derivatives; Carboxylic acid esters; Secondary alcohols; Carbonyl compounds; Fatty Acyls; Organic oxides; Hydrocarbon derivatives; Organic oxygen compounds; Chemical entities	393.296	597	9.952	816967321175811897	816964278673200174	816964278664811565	4078	
1	C27H43NO3	[M + H]+	C27H44NO3+	Fatty acids	1.000	Fatty amides	1.000	N-acyl amines	1.000	Organic acids and derivatives	1.000	Carboxylic acids and derivatives	1.000	Amino acids, peptides, and analogues	0.996	Amino acids and derivatives	0.996	Phenylalanine and derivatives	0.992	Organic compounds; Lipids and lipid-like molecules; Amino acids, peptides, and analogues; Alpha amino acids and derivatives; Phenethylamines; Amphetamines and derivatives; Phenylpropanoids and polyketides; Organic acids and derivatives; Carboxylic acids and derivatives; Organonitrogen compounds; Organooxygen compounds; Fatty amides; Amino acids and derivatives; Carboxylic acid amides; Carboxylic acid derivatives; N-acyl amines; Monocarboxylic acids and derivatives; N-acyl-alpha amino acids and derivatives; Carboxylic acids; Secondary carboxylic acid amides; Carbonyl compounds; Benzene and substituted derivatives; N-acyl-alpha amino acids; Benzenoids; Phenylpropanoic acids; Fatty Acyls; Organic oxides; Hydrocarbon derivatives; Phenylalanine and derivatives; Organopnictogen compounds; Organic oxygen compounds; Organic nitrogen compounds; Chemical entities	430.330	597	9.955	816967382274241060	816964278731920435	816964278723531826	4086	
1	C22H42O4	[M - H2O + H]+	C22H41O3+	Terpenoids	0.599	Diterpenoids	0.679	Labdane diterpenoids	0.452	Lipids and lipid-like molecules	0.973	Prenol lipids	0.675	Diterpenoids	0.714			Diterpenoids	0.714	Organic compounds; Lipids and lipid-like molecules; Alcohols and polyols; Prenol lipids; Organic acids and derivatives; Carboxylic acids and derivatives; Primary alcohols; Organooxygen compounds; Carboxylic acid derivatives; Monocarboxylic acids and derivatives; Carboxylic acid esters; Cyclic alcohols and derivatives; Diterpenoids; Secondary alcohols; Carbonyl compounds; Fatty Acyls; Organic oxides; Hydrocarbon derivatives; Organic oxygen compounds; Chemical entities	353.304	597	9.958	816967333435763119	816964278832583741	816964278832583740	4090	
1	C16H32	[M + Na]+	C16H32Na+	Terpenoids	0.983	Sesquiterpenoids	0.760	Caryolane sesquiterpenoids	0.108	Lipids and lipid-like molecules	0.856	Prenol lipids	0.823					Prenol lipids	0.823	Organic compounds; Lipids and lipid-like molecules; Prenol lipids; Hydrocarbons; Polycyclic hydrocarbons; Saturated hydrocarbons; Chemical entities	247.241	597	9.958	816967338271796044	816964278903886914	816964278903886913	4092	
1	C19H36O2	[M + H]+	C19H37O2+	Fatty acids	0.996	Fatty esters	0.990	Wax monoesters	0.978	Lipids and lipid-like molecules	0.977	Fatty Acyls	0.972	Fatty acid esters	0.909	Fatty acid methyl esters	0.515	Fatty acid methyl esters	0.515	Organic compounds; Lipids and lipid-like molecules; Organic acids and derivatives; Carboxylic acids and derivatives; Organooxygen compounds; Fatty acid esters; Carboxylic acid derivatives; Monocarboxylic acids and derivatives; Carboxylic acid esters; Carbonyl compounds; Methyl esters; Fatty acid methyl esters; Fatty Acyls; Organic oxides; Hydrocarbon derivatives; Organic oxygen compounds; Chemical entities	297.278	598	9.960	816967333968439761	816964279038104652	816964279038104651	4094	
1	C18H34O2	[M + H]+	C18H35O2+	Fatty acids	0.999	Fatty esters	0.998	Wax monoesters	0.993	Lipids and lipid-like molecules	0.987	Fatty Acyls	0.989	Fatty acid esters	0.961	Fatty acid methyl esters	0.552	Fatty acid methyl esters	0.552	Organic compounds; Lipids and lipid-like molecules; Organic acids and derivatives; Carboxylic acids and derivatives; Organooxygen compounds; Fatty acid esters; Carboxylic acid derivatives; Monocarboxylic acids and derivatives; Carboxylic acid esters; Carbonyl compounds; Fatty acid methyl esters; Fatty Acyls; Organic oxides; Hydrocarbon derivatives; Organic oxygen compounds; Chemical entities	283.262	598	9.961	816967336061397684	816964279084242001	816964279084242000	4097	
4	C18H36O3	[M - H4O2 + H]+	C18H33O+	Fatty acids	0.999	Fatty acyls	0.439	Fatty alcohols	0.718	Lipids and lipid-like molecules	0.978	Fatty Acyls	0.971	Fatty acids and conjugates	0.691	Long-chain fatty acids	0.798	Long-chain fatty acids	0.798	Organic compounds; Lipids and lipid-like molecules; Alcohols and polyols; Fatty acids and conjugates; Organic acids and derivatives; Carboxylic acids and derivatives; Primary alcohols; Organooxygen compounds; Monocarboxylic acids and derivatives; Carboxylic acids; Secondary alcohols; Carbonyl compounds; Long-chain fatty acids; Long-chain fatty alcohols; Fatty Acyls; Organic oxides; Hydrocarbon derivatives; Organic oxygen compounds; Chemical entities	265.251	598	9.963	816967338594757490	816964279155545174	816964279155545173	4100	
1	C22H39NO	[M + H]+	C22H40NO+	Fatty acids	1.000	Fatty amides	1.000	N-acyl ethanolamines (endocannabinoids)	0.790	Lipids and lipid-like molecules	0.943	Fatty Acyls	0.946	Fatty amides	0.943	N-acyl amines	0.895	N-acyl amines	0.895	Organic compounds; Lipids and lipid-like molecules; Organic acids and derivatives; Carboxylic acids and derivatives; Organonitrogen compounds; Organooxygen compounds; Fatty amides; Carboxylic acid amides; Carboxylic acid derivatives; N-acyl amines; Secondary carboxylic acid amides; Carbonyl compounds; Fatty Acyls; Organic oxides; Hydrocarbon derivatives; Organopnictogen compounds; Organic oxygen compounds; Organic nitrogen compounds; Chemical entities	334.309	598	9.963	816967335654550146	816964279222654043	816964279222654042	4101	
3	C29H48O	[M + H]+	C29H49O+	Terpenoids	0.997	Steroids	0.992	Cholestane steroids	0.677	Lipids and lipid-like molecules	0.990	Steroids and steroid derivatives	0.986	Oxosteroids	0.940	3-oxosteroids	0.935	3-oxo delta-4-steroids	0.819	Organic compounds; Lipids and lipid-like molecules; Ketones; Steroids and steroid derivatives; Organooxygen compounds; Oxosteroids; Carbonyl compounds; 3-oxo delta-4-steroids; Delta-4-steroids; 3-oxosteroids; Cyclic ketones; Organic oxides; Hydrocarbon derivatives; Cyclohexenones; Organic oxygen compounds; Chemical entities	413.376	598	9.965	816967335339977311	816964279256208480	816964279256208479	4103	
1	C24H46O6	[M + H]+	C24H47O6+	Polyketides	0.433	Steroids	0.245	Monacolins and Monacolin derivatives	0.221	Lipids and lipid-like molecules	0.893	Fatty Acyls	0.666	Fatty acid esters	0.569			Fatty acid esters	0.569	Organic compounds; Lipids and lipid-like molecules; Alcohols and polyols; Organic acids and derivatives; Carboxylic acids and derivatives; Organooxygen compounds; Fatty acid esters; Carboxylic acid derivatives; Carboxylic acid esters; Secondary alcohols; Carbonyl compounds; Fatty Acyls; Organic oxides; Oxacyclic compounds; Hydrocarbon derivatives; Organic oxygen compounds; Chemical entities	431.340	598	9.965	816967337974000413	816964279331705957	816964279331705956	4079	
1	C26H52NO7P	[M + Na]+	C26H52NNaO7P+	Fatty acids	1.000	Glycerophospholipids	1.000	Glycerophosphocholines	0.999	Lipids and lipid-like molecules	0.987	Glycerophospholipids	0.999	Glycerophosphocholines	0.997	Lysophosphatidylcholines	0.985	1-acyl-sn-glycero-3-phosphocholines	0.974	Organic compounds; Lipids and lipid-like molecules; Alcohols and polyols; Glycerophospholipids; Organic acids and derivatives; Carboxylic acids and derivatives; Organonitrogen compounds; Organooxygen compounds; Fatty acid esters; Organic phosphoric acids and derivatives; Phosphate esters; Quaternary ammonium salts; Cholines; Carboxylic acid derivatives; Monocarboxylic acids and derivatives; Carboxylic acid esters; Phosphocholines; Lysophosphatidylcholines; 1-acyl-sn-glycero-3-phosphocholines; Secondary alcohols; Carbonyl compounds; Glycerophosphocholines; Amines; Alkyl phosphates; Dialkyl phosphates; Organic cations; Organic salts; Fatty Acyls; Organic oxides; Hydrocarbon derivatives; Tetraalkylammonium salts; Organopnictogen compounds; Organic oxygen compounds; Organic nitrogen compounds; Chemical entities	544.336	598	9.967	816967342763895917	816964279361066090	816964279361066089	4104	
2	C26H52O10	[M + H]+	C26H53O10+	Polyketides	0.614	Linear polyketides	0.462	Open-chain polyketides	0.687	Organic oxygen compounds	1.000	Organooxygen compounds	1.000	Carbohydrates and carbohydrate conjugates	0.639	Monosaccharides	0.585	Monosaccharides	0.585	Organic compounds; Organoheterocyclic compounds; Carbohydrates and carbohydrate conjugates; Lipids and lipid-like molecules; Alcohols and polyols; Ethers; Organic acids and derivatives; Carboxylic acids and derivatives; Primary alcohols; Organooxygen compounds; Monosaccharides; Secondary alcohols; Carbonyl compounds; Polyols; Fatty Acyls; Organic oxides; Oxacyclic compounds; Hydrocarbon derivatives; Organic oxygen compounds; Chemical entities	525.364	598	9.969	816967353824276545	816964279432369263	816964279432369262	4109	
1	C44H81NO8	[M + H]+	C44H82NO8+	Fatty acids	1.000	Spingolipids	1.000	Neutral glycosphingolipids	1.000	Lipids and lipid-like molecules	0.996	Sphingolipids	0.978	Glycosphingolipids	0.981	Neutral glycosphingolipids	0.760	Glycosyl-N-acylsphingosines	0.720	Organic compounds; Organoheterocyclic compounds; Carbohydrates and carbohydrate conjugates; Lipids and lipid-like molecules; Alcohols and polyols; Ethers; Sphingolipids; Organic acids and derivatives; Carboxylic acids and derivatives; Organonitrogen compounds; Primary alcohols; Organooxygen compounds; Fatty amides; Carboxylic acid amides; Carboxylic acid derivatives; N-acyl amines; Neutral glycosphingolipids; Simple glycosylceramides; Hexoses; Monosaccharides; Acetals; Secondary alcohols; Secondary carboxylic acid amides; Fatty acyl glycosides; Carbonyl compounds; Oxanes; Glycosyl compounds; Alkyl glycosides; O-glycosyl compounds; Polyols; Glycosphingolipids; Fatty acyl glycosides of mono- and disaccharides; Fatty Acyls; Organic oxides; Oxacyclic compounds; Hydrocarbon derivatives; Glycosyl-N-acylsphingosines; Organopnictogen compounds; Organic oxygen compounds; Organic nitrogen compounds; Chemical entities	752.601	599	9.977	816967382819500614	816964279499478132	816964279499478131	4113	
1	C26H52NO7P	[M + H]+	C26H53NO7P+	Fatty acids	1.000	Glycerophospholipids	1.000	Glycerophosphocholines	0.997	Lipids and lipid-like molecules	0.987	Glycerophospholipids	0.999	Glycerophosphocholines	0.997	Lysophosphatidylcholines	0.981	1-acyl-sn-glycero-3-phosphocholines	0.961	Organic compounds; Lipids and lipid-like molecules; Alcohols and polyols; Glycerophospholipids; Organic acids and derivatives; Carboxylic acids and derivatives; Organonitrogen compounds; Organooxygen compounds; Fatty acid esters; Organic phosphoric acids and derivatives; Phosphate esters; Quaternary ammonium salts; Cholines; Carboxylic acid derivatives; Monocarboxylic acids and derivatives; Carboxylic acid esters; Phosphocholines; Lysophosphatidylcholines; 1-acyl-sn-glycero-3-phosphocholines; Secondary alcohols; Carbonyl compounds; Glycerophosphocholines; Amines; Alkyl phosphates; Dialkyl phosphates; Organic cations; Organic salts; Fatty Acyls; Organic oxides; Hydrocarbon derivatives; Tetraalkylammonium salts; Organopnictogen compounds; Organic oxygen compounds; Organic nitrogen compounds; Chemical entities	522.354	599	9.979	816967355938205826	816964279537226873	816964279537226872	4114	
1	C44H83NO8	[M + O + H]+	C44H84NO9+	Fatty acids	1.000	Spingolipids	1.000	Neutral glycosphingolipids	1.000	Lipids and lipid-like molecules	0.998	Sphingolipids	0.983	Glycosphingolipids	0.983	Neutral glycosphingolipids	0.852	Glycosyl-N-acylsphingosines	0.830	Organic compounds; Organoheterocyclic compounds; Carbohydrates and carbohydrate conjugates; Lipids and lipid-like molecules; Alcohols and polyols; Ethers; Sphingolipids; Organic acids and derivatives; Carboxylic acids and derivatives; Organonitrogen compounds; Primary alcohols; Organooxygen compounds; Fatty amides; Carboxylic acid amides; Carboxylic acid derivatives; N-acyl amines; Neutral glycosphingolipids; Simple glycosylceramides; Hexoses; Monosaccharides; Acetals; Secondary alcohols; Secondary carboxylic acid amides; Fatty acyl glycosides; Carbonyl compounds; Oxanes; Glycosyl compounds; Alkyl glycosides; O-glycosyl compounds; Polyols; Glycosphingolipids; Fatty acyl glycosides of mono- and disaccharides; Fatty Acyls; Organic oxides; Oxacyclic compounds; Hydrocarbon derivatives; Glycosyl-N-acylsphingosines; Organopnictogen compounds; Organic oxygen compounds; Organic nitrogen compounds; Chemical entities	770.612	599	9.980	816967356345053366	816964279608530046	816964279608530045	4115	
1	C38H71NO3	[M + H]+	C38H72NO3+	Fatty acids	1.000	Spingolipids	1.000	Ceramides	1.000	Lipids and lipid-like molecules	0.992	Sphingolipids	0.988	Ceramides	0.996	Long-chain ceramides	0.772	Long-chain ceramides	0.772	Organic compounds; Lipids and lipid-like molecules; Alcohols and polyols; Sphingolipids; Organic acids and derivatives; Carboxylic acids and derivatives; Organonitrogen compounds; Primary alcohols; Organooxygen compounds; Fatty amides; Carboxylic acid amides; Carboxylic acid derivatives; N-acyl amines; Ceramides; Secondary alcohols; Secondary carboxylic acid amides; Long-chain ceramides; Carbonyl compounds; Fatty Acyls; Organic oxides; Hydrocarbon derivatives; Organopnictogen compounds; Organic oxygen compounds; Organic nitrogen compounds; Chemical entities	590.549	599	9.981	816967383184405105	816964279692416131	816964279692416130	4117	
3	C21H37N7O4	[M + H]+	C21H38N7O4+	Carbohydrates	0.496	Nucleosides	0.329	Purine nucleosides	0.420	Organic acids and derivatives	0.778	Carboxylic acids and derivatives	0.632	Amino acids, peptides, and analogues	0.634	Amino acids and derivatives	0.620	Amino acids and derivatives	0.620	Organic compounds; Organoheterocyclic compounds; Lipids and lipid-like molecules; Amino acids, peptides, and analogues; Pyrimidines and pyrimidine derivatives; Imidazoles; Alcohols and polyols; Purines and purine derivatives; Organic acids and derivatives; Carboxylic acids and derivatives; Organonitrogen compounds; Organooxygen compounds; Fatty amides; Amino acids and derivatives; Azoles; Carboxylic acid amides; Carboxylic acid derivatives; Aminopyrimidines and derivatives; Diazines; Imidazopyrimidines; Carbonyl compounds; Substituted imidazoles; N-substituted imidazoles; Amines; Primary amines; 6-aminopurines; 6-alkylaminopurines; Imidolactams; Fatty Acyls; Organic oxides; Azacyclic compounds; Heteroaromatic compounds; Hydrocarbon derivatives; Organopnictogen compounds; Organic oxygen compounds; Organic nitrogen compounds; Chemical entities	452.294	600	9.996	816967352788283356	816964279751136392	816964279751136391	4082	
1	C21H42O4	[M + K]+	C21H42KO4+	Terpenoids	0.784	Diterpenoids	0.406	Cholane steroids	0.527	Lipids and lipid-like molecules	0.972	Fatty Acyls	0.701					Fatty Acyls	0.701	Organic compounds; Lipids and lipid-like molecules; Alcohols and polyols; Organic acids and derivatives; Carboxylic acids and derivatives; Organooxygen compounds; Carboxylic acid derivatives; Monocarboxylic acids and derivatives; Carboxylic acid esters; Secondary alcohols; Carbonyl compounds; Fatty Acyls; Organic oxides; Hydrocarbon derivatives; Organic oxygen compounds; Chemical entities	397.270	601	10.014	816967384807600790	816964279776302221	816964279776302220	4127	
1	C21H42O4	[M - H2O + H]+	C21H41O3+	Fatty acids	0.998	Glycerolipids	0.998	Monoacylglycerols	0.998	Lipids and lipid-like molecules	0.992	Glycerolipids	0.991	Monoradylglycerols	0.983	Monoacylglycerols	0.848	1-monoacylglycerols	0.731	Organic compounds; Lipids and lipid-like molecules; Alcohols and polyols; Glycerolipids; Organic acids and derivatives; Carboxylic acids and derivatives; Primary alcohols; Organooxygen compounds; Fatty acid esters; Carboxylic acid derivatives; Monoacylglycerols; Monocarboxylic acids and derivatives; Carboxylic acid esters; 1-monoacylglycerols; Secondary alcohols; Carbonyl compounds; Polyols; 1,2-diols; Monoradylglycerols; Fatty Acyls; Organic oxides; Hydrocarbon derivatives; Organic oxygen compounds; Chemical entities	341.304	601	10.015	816967402675340090	816964279864382610	816964279864382609	4129	
1	C21H42O4	[M + H]+	C21H43O4+	Fatty acids	0.999	Glycerolipids	0.998	Monoacylglycerols	0.998	Lipids and lipid-like molecules	0.996	Glycerolipids	0.992	Monoradylglycerols	0.984	Monoacylglycerols	0.934	1-monoacylglycerols	0.847	Organic compounds; Lipids and lipid-like molecules; Alcohols and polyols; Glycerolipids; Organic acids and derivatives; Carboxylic acids and derivatives; Primary alcohols; Organooxygen compounds; Fatty acid esters; Carboxylic acid derivatives; Monoacylglycerols; Monocarboxylic acids and derivatives; Carboxylic acid esters; 1-monoacylglycerols; Secondary alcohols; Carbonyl compounds; Polyols; 1,2-diols; Monoradylglycerols; Fatty Acyls; Organic oxides; Hydrocarbon derivatives; Organic oxygen compounds; Chemical entities	359.314	601	10.016	816967403661001680	816964279914714263	816964279914714262	4131	
1	C30H60O9	[M + H]+	C30H61O9+	Terpenoids	0.928	Steroids	0.897	Pregnane steroids	0.374	Lipids and lipid-like molecules	0.955	Steroids and steroid derivatives	0.883	Pregnane steroids	0.529	Gluco/mineralocorticoids, progestogins and derivatives	0.521	Gluco/mineralocorticoids, progestogins and derivatives	0.521	Organic compounds; Lipids and lipid-like molecules; Ketones; Alcohols and polyols; Steroids and steroid derivatives; Organic acids and derivatives; Carboxylic acids and derivatives; Organooxygen compounds; Carboxylic acid derivatives; Oxosteroids; Carboxylic acid esters; Cyclic alcohols and derivatives; Hydroxysteroids; Gluco/mineralocorticoids, progestogins and derivatives; Secondary alcohols; Tertiary alcohols; Carbonyl compounds; Polyols; 11-hydroxysteroids; Pregnane steroids; Organic oxides; Hydrocarbon derivatives; 14-hydroxysteroids; Organic oxygen compounds; Chemical entities	565.428	601	10.018	816967405070288007	816964279981823132	816964279981823131	4134	
5	C32H60O7	[M + H]+	C32H61O7+	Fatty acids	0.998	Glycerolipids	0.998	Monoacylglycerols	0.716	Lipids and lipid-like molecules	0.991	Glycerolipids	0.995	Diradylglycerols	0.767			Diradylglycerols	0.767	Organic compounds; Lipids and lipid-like molecules; Alcohols and polyols; Glycerolipids; Organic acids and derivatives; Carboxylic acids and derivatives; Primary alcohols; Organooxygen compounds; Fatty acid esters; Dicarboxylic acids and derivatives; Carboxylic acid derivatives; Monoacylglycerols; Carboxylic acid esters; Secondary alcohols; Carbonyl compounds; Polyols; Monoradylglycerols; Diradylglycerols; Fatty Acyls; Organic oxides; Hydrocarbon derivatives; Organic oxygen compounds; Chemical entities	557.442	601	10.018	816967409533027769	816964280036349089	816964280036349088	4136	
1	C30H55N5O5	[M + H]+	C30H56N5O5+	Amino acids and Peptides	0.993	Oligopeptides	0.824	Linear peptides	0.261	Organic acids and derivatives	0.999	Carboxylic acids and derivatives	0.996	Amino acids, peptides, and analogues	0.955	Peptides	0.566	Peptides	0.566	Organic compounds; Lipids and lipid-like molecules; Amino acids, peptides, and analogues; Alpha amino acids and derivatives; Organic acids and derivatives; Carboxylic acids and derivatives; Organonitrogen compounds; Organooxygen compounds; Fatty amides; Amino acids and derivatives; Peptides; Carboxylic acid amides; Carboxylic acid derivatives; N-acyl amines; N-acyl-alpha amino acids and derivatives; Secondary carboxylic acid amides; Carbonyl compounds; Alpha amino acid amides; Fatty Acyls; Organic oxides; Hydrocarbon derivatives; Organopnictogen compounds; Organic oxygen compounds; Organic nitrogen compounds; Chemical entities	566.429	601	10.019	816967403044438893	816964280107652262	816964280107652261	4139	
1	C21H42O4	[M + Na]+	C21H42NaO4+	Fatty acids	0.998	Fatty acyls	0.906	Fatty alcohols	0.975	Lipids and lipid-like molecules	0.979	Fatty Acyls	0.927	Fatty alcohols	0.829	Long-chain fatty alcohols	0.845	Long-chain fatty alcohols	0.845	Organic compounds; Lipids and lipid-like molecules; Alcohols and polyols; Glycerolipids; Organic acids and derivatives; Carboxylic acids and derivatives; Primary alcohols; Organooxygen compounds; Carboxylic acid derivatives; Monoacylglycerols; Monocarboxylic acids and derivatives; Carboxylic acid esters; Fatty alcohols; Secondary alcohols; Fatty alcohol esters; Carbonyl compounds; Polyols; 1,2-diols; Long-chain fatty alcohols; Monoradylglycerols; Fatty Acyls; Organic oxides; Hydrocarbon derivatives; Organic oxygen compounds; Chemical entities	381.296	601	10.019	816967402608231205	816964280174761131	816964280174761130	4140	
1	C21H34N2O5	[M + Na]+	C21H34N2NaO5+	Amino acids and Peptides	0.948	Small peptides	0.927	Dipeptides	0.690	Organic acids and derivatives	0.999	Carboxylic acids and derivatives	0.998	Amino acids, peptides, and analogues	0.994	Peptides	0.709	Peptides	0.709	Organic compounds; Lipids and lipid-like molecules; Amino acids, peptides, and analogues; Alpha amino acids and derivatives; Organic acids and derivatives; Carboxylic acids and derivatives; Organonitrogen compounds; Organooxygen compounds; Fatty amides; Dicarboxylic acids and derivatives; Amino acids and derivatives; Peptides; Carboxylic acid amides; Carboxylic acid derivatives; Monocarboxylic acids and derivatives; N-acyl-alpha amino acids and derivatives; Carboxylic acids; Tertiary carboxylic acid amides; Carbonyl compounds; Alpha amino acid amides; N-acyl-alpha amino acids; Alpha amino acids; Amines; Fatty Acyls; Organic oxides; Hydrocarbon derivatives; Amino acids; Organopnictogen compounds; Organic oxygen compounds; Organic nitrogen compounds; Chemical entities	417.238	601	10.019	816967400292974952	816964280246064304	816964280246064303	4128	
1	C20H36O	[M + H]+	C20H37O+	Fatty acids	0.995	Fatty acyls	0.871	Fatty alcohols	0.491	Lipids and lipid-like molecules	0.850	Fatty Acyls	0.789					Fatty Acyls	0.789	Organic compounds; Lipids and lipid-like molecules; Organooxygen compounds; Fatty Acyls; Hydrocarbon derivatives; Organic oxygen compounds; Chemical entities	293.283	603	10.047	816967406303413566	816964280384476351	816964280384476350	4154	
1	C20H39NO	[M + H]+	C20H40NO+	Fatty acids	1.000	Fatty amides	0.999	Primary amides	0.995	Lipids and lipid-like molecules	0.833	Fatty Acyls	0.866	Fatty amides	0.825			Fatty amides	0.825	Organic compounds; Lipids and lipid-like molecules; Organic acids and derivatives; Carboxylic acids and derivatives; Organonitrogen compounds; Organooxygen compounds; Fatty amides; Carboxylic acid amides; Carboxylic acid derivatives; Primary carboxylic acid amides; Carbonyl compounds; Fatty Acyls; Organic oxides; Hydrocarbon derivatives; Organopnictogen compounds; Organic oxygen compounds; Organic nitrogen compounds; Chemical entities	310.309	603	10.048	816967417766447136	816964280455779524	816964280455779523	4155	
1	C32H65NO	[M + H]+	C32H66NO+	Fatty acids	0.995	Fatty amides	0.972	Primary amides	0.408	Lipids and lipid-like molecules	0.696	Fatty Acyls	0.638	Fatty amides	0.695	N-acyl amines	0.542	N-acyl amines	0.542	Organic compounds; Lipids and lipid-like molecules; Organic acids and derivatives; Carboxylic acids and derivatives; Organonitrogen compounds; Organooxygen compounds; Fatty amides; Carboxylic acid amides; Carboxylic acid derivatives; N-acyl amines; Carbonyl compounds; Amines; Fatty Acyls; Organic oxides; Hydrocarbon derivatives; Organopnictogen compounds; Organic oxygen compounds; Organic nitrogen compounds; Chemical entities	480.512	606	10.093	816967426478017178	816964280661300440	816964280661300439	4176	
1	C34H67NO	[M + H]+	C34H68NO+	Fatty acids	0.999	Fatty amides	0.995	Primary amides	0.492	Lipids and lipid-like molecules	0.970	Fatty Acyls	0.952	Fatty amides	0.964	N-acyl amines	0.873	N-acyl amines	0.873	Organic compounds; Lipids and lipid-like molecules; Organic acids and derivatives; Carboxylic acids and derivatives; Organonitrogen compounds; Organooxygen compounds; Fatty amides; Carboxylic acid amides; Carboxylic acid derivatives; N-acyl amines; Secondary carboxylic acid amides; Carbonyl compounds; Fatty Acyls; Organic oxides; Hydrocarbon derivatives; Organopnictogen compounds; Organic oxygen compounds; Organic nitrogen compounds; Chemical entities	506.528	606	10.098	816967426423491215	816964280761963741	816964280761963740	4177	
1	C21H44NO7P	[M + H]+	C21H45NO7P+	Fatty acids	1.000	Glycerophospholipids	1.000	Glycerophosphoethanolamines	0.999	Organic acids and derivatives	0.999	Carboxylic acids and derivatives	0.997	Amino acids, peptides, and analogues	0.991	Amino acids and derivatives	0.990	Amino acids and derivatives	0.990	Organic compounds; Lipids and lipid-like molecules; Amino acids, peptides, and analogues; Alcohols and polyols; Glycerophospholipids; Organic acids and derivatives; Carboxylic acids and derivatives; Organonitrogen compounds; Organooxygen compounds; Fatty acid esters; Amino acids and derivatives; Organic phosphoric acids and derivatives; Phosphate esters; Monoalkylamines; Carboxylic acid derivatives; Monocarboxylic acids and derivatives; Carboxylic acid esters; Phosphoethanolamines; Lysophosphatidylethanolamines; Secondary alcohols; 1-acyl-sn-glycero-3-phosphoethanolamines; Carbonyl compounds; Glycerophosphoethanolamines; Amines; Primary amines; Alkyl phosphates; Dialkyl phosphates; Fatty Acyls; Organic oxides; Hydrocarbon derivatives; Organopnictogen compounds; Organic oxygen compounds; Organic nitrogen compounds; Chemical entities	454.291	606	10.105	816967427094579906	816964280833266914	816964280833266913	4178	
1	C36H69NO3	[M + O + H]+	C36H70NO4+	Fatty acids	1.000	Spingolipids	1.000	Ceramides	1.000	Lipids and lipid-like molecules	0.995	Sphingolipids	0.998	Ceramides	1.000	Long-chain ceramides	0.878	Long-chain ceramides	0.878	Organic compounds; Lipids and lipid-like molecules; Alcohols and polyols; Sphingolipids; Organic acids and derivatives; Carboxylic acids and derivatives; Organonitrogen compounds; Primary alcohols; Organooxygen compounds; Fatty amides; Carboxylic acid amides; Carboxylic acid derivatives; N-acyl amines; Ceramides; Secondary alcohols; Secondary carboxylic acid amides; Long-chain ceramides; Carbonyl compounds; Fatty Acyls; Organic oxides; Hydrocarbon derivatives; Organopnictogen compounds; Organic oxygen compounds; Organic nitrogen compounds; Chemical entities	580.528	607	10.110	816967427857943297	816964280992650476	816964280992650475	4181	
2	C17H40N4O	[M + Na]+	C17H40N4NaO+	Fatty acids	0.704	Ornithine alkaloids	0.601	Polyamines	0.665	Organic nitrogen compounds	0.999	Organonitrogen compounds	0.996	Amines	0.637			Amines	0.637	Organic compounds; Organonitrogen compounds; Organooxygen compounds; Amines; Hydrocarbon derivatives; Organopnictogen compounds; Organic oxygen compounds; Organic nitrogen compounds; Chemical entities	339.312	607	10.121	816967427736308464	816964281038787825	816964281038787824	4171	
1	C21H44O4Si3	[M - H2O + H]+	C21H43O3Si3+	Fatty acids	0.994	Glycerolipids	0.572	Monoacylglycerols	0.545	Lipids and lipid-like molecules	0.938	Glycerolipids	0.427	Monoradylglycerols	0.682	Monoacylglycerols	0.571	Monoacylglycerols	0.571	Organic compounds; Lipids and lipid-like molecules; Alcohols and polyols; Organic acids and derivatives; Carboxylic acids and derivatives; Organooxygen compounds; Carboxylic acid derivatives; Monoacylglycerols; Monocarboxylic acids and derivatives; Carboxylic acid esters; Secondary alcohols; Carbonyl compounds; Monoradylglycerols; Fatty Acyls; Organic oxides; Hydrocarbon derivatives; Organic oxygen compounds; Chemical entities	427.250	609	10.143	816967444647743014	816964281202365691	816964281202365690	4191	
2	C18H37N3O7	[M + Na]+	C18H37N3NaO7+	Carbohydrates	0.800	Aminosugars and aminoglycosides	0.197	Pyrimidine nucleosides	0.265	Organic acids and derivatives	0.981	Carboxylic acids and derivatives	0.908	Amino acids, peptides, and analogues	0.590	Amino acids and derivatives	0.583	Amino acids and derivatives	0.583	Organic compounds; Amino acids, peptides, and analogues; Alcohols and polyols; Organic acids and derivatives; Carboxylic acids and derivatives; Organonitrogen compounds; Primary alcohols; Organooxygen compounds; Amino acids and derivatives; Carboxylic acid amides; Carboxylic acid derivatives; Secondary alcohols; Secondary carboxylic acid amides; Carbonyl compounds; Organic oxides; Hydrocarbon derivatives; Organopnictogen compounds; Organic oxygen compounds; Organic nitrogen compounds; Chemical entities	430.250	609	10.143	816967448653303683	816964281265280256	816964281265280255	4192	
4	C25H44S3	[M + H]+	C25H45S3+	Fatty acids	0.600	Fatty acyls	0.572	Thia fatty acids	0.109	Organosulfur compounds	0.868	Thioethers	0.571					Thioethers	0.571	Organic compounds; Organosulfur compounds; Thioethers; Hydrocarbon derivatives; Chemical entities	441.266	609	10.145	816967454483386434	816964281403692298	816964281403692297	4198	
1	C24H46N2O4	[M + H]+	C24H47N2O4+	Amino acids and Peptides	0.431	Tryptophan alkaloids	0.239	Open-chain polyketides	0.295	Organic acids and derivatives	0.949	Carboxylic acids and derivatives	0.886	Amino acids, peptides, and analogues	0.515	Amino acids and derivatives	0.516	Amino acids and derivatives	0.516	Organic compounds; Organoheterocyclic compounds; Amino acids, peptides, and analogues; Organic acids and derivatives; Carboxylic acids and derivatives; Organonitrogen compounds; Organooxygen compounds; Amino acids and derivatives; Carboxylic acid amides; Carboxylic acid derivatives; Secondary carboxylic acid amides; Carbonyl compounds; Benzenoids; Organic oxides; Azacyclic compounds; Oxacyclic compounds; Hydrocarbon derivatives; Organopnictogen compounds; Organic oxygen compounds; Organic nitrogen compounds; Chemical entities	427.356	609	10.154	816967460376383697	816964281592435993	816964281592435992	4208	
1	C28H54O4	[M + Na]+	C28H54NaO4+	Fatty acids	0.904	Glycerolipids	0.697	Monoacylglycerols	0.487	Lipids and lipid-like molecules	0.994	Fatty Acyls	0.969	Fatty alcohols	0.535			Fatty alcohols	0.535	Organic compounds; Lipids and lipid-like molecules; Alcohols and polyols; Organic acids and derivatives; Carboxylic acids and derivatives; Organooxygen compounds; Fatty acid esters; Carboxylic acid derivatives; Monocarboxylic acids and derivatives; Carboxylic acid esters; Fatty alcohols; Secondary alcohols; Carbonyl compounds; Methyl esters; Fatty acid methyl esters; Fatty Acyls; Organic oxides; Hydrocarbon derivatives; Organic oxygen compounds; Chemical entities	477.392	609	10.154	816967475211637375	816964281655350558	816964281655350557	4209	
1	C29H50O4	[M - H2O + H]+	C29H49O3+	Fatty acids	0.986	Fatty esters	0.707	Fatty acid estolides	0.655	Lipids and lipid-like molecules	0.997	Fatty Acyls	0.961	Fatty acid esters	0.790			Fatty acid esters	0.790	Organic compounds; Lipids and lipid-like molecules; Organic acids and derivatives; Carboxylic acids and derivatives; Organooxygen compounds; Fatty acid esters; Dicarboxylic acids and derivatives; Carboxylic acid derivatives; Carboxylic acids; Carboxylic acid esters; Carbonyl compounds; Fatty Acyls; Organic oxides; Hydrocarbon derivatives; Organic oxygen compounds; Chemical entities	445.366	609	10.154	816967472393064928	816964281726653731	816964281726653730	4210	
1	C28H44	[M + H]+	C28H45+	Terpenoids	0.996	Steroids	0.279	Ergostane steroids	0.231	Lipids and lipid-like molecules	0.983	Prenol lipids	0.786					Prenol lipids	0.786	Organic compounds; Lipids and lipid-like molecules; Prenol lipids; Hydrocarbons; Olefins; Cyclic olefins; Polycyclic hydrocarbons; Unsaturated hydrocarbons; Unsaturated aliphatic hydrocarbons; Branched unsaturated hydrocarbons; Chemical entities	381.350	612	10.195	816967478881653453	816964281894425901	816964281894425900	4218	
1	C25H52NO7P	[M + H]+	C25H53NO7P+	Fatty acids	0.999	Glycerophospholipids	1.000	Glycerophosphocholines	0.999	Lipids and lipid-like molecules	0.976	Glycerophospholipids	0.997	Glycerophosphocholines	0.993	Lysophosphatidylcholines	0.959	1-acyl-sn-glycero-3-phosphocholines	0.958	Organic compounds; Lipids and lipid-like molecules; Alcohols and polyols; Glycerophospholipids; Organic acids and derivatives; Carboxylic acids and derivatives; Organonitrogen compounds; Organooxygen compounds; Fatty acid esters; Organic phosphoric acids and derivatives; Phosphate esters; Quaternary ammonium salts; Cholines; Carboxylic acid derivatives; Monocarboxylic acids and derivatives; Carboxylic acid esters; Phosphocholines; Lysophosphatidylcholines; 1-acyl-sn-glycero-3-phosphocholines; Secondary alcohols; Carbonyl compounds; Glycerophosphocholines; Amines; Alkyl phosphates; Dialkyl phosphates; Organic cations; Organic salts; Fatty Acyls; Organic oxides; Hydrocarbon derivatives; Tetraalkylammonium salts; Organopnictogen compounds; Organic oxygen compounds; Organic nitrogen compounds; Chemical entities	510.354	612	10.200	816967485693203472	816964281932174642	816964281932174641	4220	
1	C29H46	[M + H]+	C29H47+	Terpenoids	0.992	Carotenoids (C40)	0.511	Ergostane steroids	0.162	Lipids and lipid-like molecules	0.979	Prenol lipids	0.700					Prenol lipids	0.700	Organic compounds; Lipids and lipid-like molecules; Prenol lipids; Hydrocarbons; Olefins; Cyclic olefins; Unsaturated hydrocarbons; Unsaturated aliphatic hydrocarbons; Branched unsaturated hydrocarbons; Chemical entities	395.366	612	10.204	816967486007776310	816964282070586684	816964282070586683	4222	
1	C27H46O3	[M + H]+	C27H47O3+	Terpenoids	0.393	Meroterpenoids	0.114	Catechols with side chains	0.120	Benzenoids	0.996	Benzene and substituted derivatives	0.976	Phenoxy compounds	0.595			Phenoxy compounds	0.595	Organic compounds; Lipids and lipid-like molecules; Phenols; Organic acids and derivatives; Carboxylic acids and derivatives; Organooxygen compounds; Fatty acid esters; Carboxylic acid derivatives; Monocarboxylic acids and derivatives; Carboxylic acid esters; Carbonyl compounds; Benzene and substituted derivatives; Benzenoids; Fatty Acyls; Organic oxides; Hydrocarbon derivatives; Organic oxygen compounds; Phenoxy compounds; Chemical entities	419.350	613	10.210	816967485768700958	816964282154472769	816964282154472768	4225	
1	C19H32O2	[M + H]+	C19H33O2+	Terpenoids	0.760	Diterpenoids	0.753	Norlabdane diterpenoids	0.096	Lipids and lipid-like molecules	0.910	Prenol lipids	0.530					Prenol lipids	0.530	Organic compounds; Lipids and lipid-like molecules; Alcohols and polyols; Prenol lipids; Carboxylic acids and derivatives; Organooxygen compounds; Monocarboxylic acids and derivatives; Carbonyl compounds; Organic oxides; Hydrocarbon derivatives; Organic oxygen compounds; Chemical entities	293.244	613	10.211	816967504823426404	816964282259330379	816964282259330378	4229	
1	C31H54O3	[M + H]+	C31H55O3+	Terpenoids	0.286	Sesquiterpenoids	0.091	Catechols with side chains	0.097	Benzenoids	0.997	Benzene and substituted derivatives	0.982	Phenylpropanes	0.785			Phenylpropanes	0.785	Organic compounds; Lipids and lipid-like molecules; Phenols; Organic acids and derivatives; Carboxylic acids and derivatives; Organooxygen compounds; Fatty acid esters; Carboxylic acid derivatives; Carboxylic acid esters; Carbonyl compounds; Benzene and substituted derivatives; Benzenoids; Phenylpropanes; Fatty Acyls; Organic oxides; Hydrocarbon derivatives; Organic oxygen compounds; Chemical entities	475.413	613	10.214	816967488314643861	816964282339022160	816964282339022159	4231	
7	C27H49O12P	[M + Na]+	C27H49NaO12P+	Fatty acids	1.000	Glycerophospholipids	1.000	Glycerophosphoinositols	0.998	Lipids and lipid-like molecules	0.996	Glycerophospholipids	0.999	Glycerophosphoinositols	1.000	Lysophosphatidylinositols	0.931	1-acyl-sn-glycerol-3-phosphoinositols	0.922	Organic compounds; Lipids and lipid-like molecules; Alcohols and polyols; Glycerophospholipids; Organic acids and derivatives; Carboxylic acids and derivatives; Organooxygen compounds; Fatty acid esters; Organic phosphoric acids and derivatives; Phosphate esters; Carboxylic acid derivatives; Monocarboxylic acids and derivatives; Carboxylic acid esters; Cyclic alcohols and derivatives; Lysophosphatidylinositols; Secondary alcohols; Carbonyl compounds; 1-acyl-sn-glycerol-3-phosphoinositols; Glycerophosphoinositols; Polyols; Cyclitols and derivatives; Inositol phosphates; Cyclohexanols; Alkyl phosphates; Dialkyl phosphates; Fatty Acyls; Organic oxides; Hydrocarbon derivatives; Organic oxygen compounds; Chemical entities	619.283	613	10.221	816967514914924245	816964282397742421	816964282397742420	4234	
2	C33H67NO3	[M + Na]+	C33H67NNaO3+	Fatty acids	0.891	Fatty amides	0.218	Phenylethylamines	0.045	Lipids and lipid-like molecules	0.781	Fatty Acyls	0.783	Fatty amides	0.627	N-acyl amines	0.560	N-acyl amines	0.560	Organic compounds; Lipids and lipid-like molecules; Alcohols and polyols; Phenols; Organic acids and derivatives; Carboxylic acids and derivatives; Organonitrogen compounds; Organooxygen compounds; Fatty amides; Carboxylic acid derivatives; N-acyl amines; Secondary alcohols; Carbonyl compounds; Benzene and substituted derivatives; Benzenoids; Amines; Aralkylamines; Fatty Acyls; Organic oxides; Hydrocarbon derivatives; Organopnictogen compounds; Organic oxygen compounds; 1-hydroxy-2-unsubstituted benzenoids; Organic nitrogen compounds; Chemical entities	548.502	613	10.223	816967489338054136	816964282464851290	816964282464851289	4236	
2	C21H36O3	[M + H]+	C21H37O3+	Terpenoids	0.597	Diterpenoids	0.613	Labdane diterpenoids	0.286	Lipids and lipid-like molecules	0.957	Prenol lipids	0.722	Diterpenoids	0.706			Diterpenoids	0.706	Organic compounds; Lipids and lipid-like molecules; Alcohols and polyols; Prenol lipids; Fatty acids and conjugates; Organic acids and derivatives; Carboxylic acids and derivatives; Organooxygen compounds; Monocarboxylic acids and derivatives; Carboxylic acids; Diterpenoids; Secondary alcohols; Carbonyl compounds; Fatty Acyls; Organic oxides; Hydrocarbon derivatives; Organic oxygen compounds; Chemical entities	337.272	614	10.225	816967504877952382	816964282536154463	816964282536154462	4224	
1	C37H70O5	[M + Na]+	C37H70NaO5+	Fatty acids	1.000	Glycerolipids	1.000	Diacylglycerols	1.000	Lipids and lipid-like molecules	0.996	Glycerolipids	0.998	Diradylglycerols	0.996	Diacylglycerols	0.998	1,2-diacylglycerols	0.992	Organic compounds; Lipids and lipid-like molecules; Alcohols and polyols; Glycerolipids; Organic acids and derivatives; Carboxylic acids and derivatives; Primary alcohols; Organooxygen compounds; Fatty acid esters; Dicarboxylic acids and derivatives; Carboxylic acid derivatives; Diacylglycerols; Carboxylic acid esters; 1,2-diacylglycerols; Carbonyl compounds; Diradylglycerols; Fatty Acyls; Organic oxides; Hydrocarbon derivatives; Organic oxygen compounds; Chemical entities	617.512	614	10.230	816967500717202603	816964282599069028	816964282599069027	4223	
1	C27H48O2	[M + Na]+	C27H48NaO2+	Terpenoids	0.934	Steroids	0.693	Ergostane steroids	0.167	Lipids and lipid-like molecules	0.919	Steroids and steroid derivatives	0.544					Steroids and steroid derivatives	0.544	Organic compounds; Lipids and lipid-like molecules; Steroids and steroid derivatives; Organic acids and derivatives; Carboxylic acids and derivatives; Organooxygen compounds; Carboxylic acid derivatives; Monocarboxylic acids and derivatives; Carboxylic acid esters; Carbonyl compounds; Organic oxides; Hydrocarbon derivatives; Organic oxygen compounds; Chemical entities	427.356	616	10.269	816967507868491568	816964282766841203	816964282766841202	4250	
1	C36H63NO2	[M + H]+	C36H64NO2+	Fatty acids	1.000	Spingolipids	0.999	Ceramides	0.999	Lipids and lipid-like molecules	0.994	Sphingolipids	0.960	Ceramides	0.991	Long-chain ceramides	0.624	Long-chain ceramides	0.624	Organic compounds; Lipids and lipid-like molecules; Alcohols and polyols; Sphingolipids; Organic acids and derivatives; Carboxylic acids and derivatives; Organonitrogen compounds; Primary alcohols; Organooxygen compounds; Fatty amides; Carboxylic acid amides; Carboxylic acid derivatives; N-acyl amines; Ceramides; Secondary alcohols; Secondary carboxylic acid amides; Long-chain ceramides; Carbonyl compounds; Fatty Acyls; Organic oxides; Hydrocarbon derivatives; Organopnictogen compounds; Organic oxygen compounds; Organic nitrogen compounds; Chemical entities	542.491	617	10.290	816967511848887498	816964282913641853	816964282913641852	4255	
1	C36H65NO3	[M + H]+	C36H66NO3+	Fatty acids	1.000	Spingolipids	1.000	Ceramides	1.000	Lipids and lipid-like molecules	0.994	Sphingolipids	0.989	Ceramides	0.997	Long-chain ceramides	0.745	Long-chain ceramides	0.745	Organic compounds; Lipids and lipid-like molecules; Alcohols and polyols; Sphingolipids; Organic acids and derivatives; Carboxylic acids and derivatives; Organonitrogen compounds; Primary alcohols; Organooxygen compounds; Fatty amides; Carboxylic acid amides; Carboxylic acid derivatives; N-acyl amines; Ceramides; Secondary alcohols; Secondary carboxylic acid amides; Long-chain ceramides; Carbonyl compounds; Fatty Acyls; Organic oxides; Hydrocarbon derivatives; Organopnictogen compounds; Organic oxygen compounds; Organic nitrogen compounds; Chemical entities	560.502	617	10.290	816967508774461357	816964283018499458	816964283018499457	4256	
1	C34H63NO	[M + Na]+	C34H63NNaO+	Fatty acids	0.815	Pseudoalkaloids (transamidation)	0.512	Steroidal alkaloids	0.282	Lipids and lipid-like molecules	0.706							Lipids and lipid-like molecules	0.706	Organic compounds; Lipids and lipid-like molecules; Organonitrogen compounds; Organooxygen compounds; Carbonyl compounds; Amines; Organic oxides; Hydrocarbon derivatives; Tetraalkylammonium salts; Organopnictogen compounds; Organic oxygen compounds; Organic nitrogen compounds; Chemical entities	524.481	617	10.291	816967512230569230	816964283102385543	816964283102385542	4257	
1	C29H50O4	[M - H2O + H]+	C29H49O3+	Terpenoids	0.999	Steroids	0.998	Spirostane steroids	0.668	Lipids and lipid-like molecules	0.991	Steroids and steroid derivatives	0.976	Hydroxysteroids	0.850	3-hydroxysteroids	0.816	3-hydroxysteroids	0.816	Organic compounds; Organoheterocyclic compounds; Lipids and lipid-like molecules; Alcohols and polyols; Ethers; Steroids and steroid derivatives; Organooxygen compounds; Cyclic alcohols and derivatives; Hydroxysteroids; Secondary alcohols; 3-hydroxysteroids; Oxacyclic compounds; Hydrocarbon derivatives; Organic oxygen compounds; Chemical entities	445.366	618	10.307	816967517628639157	816964283190465932	816964283186271627	4263	
2	C21H39O7P	[M + Na]+	C21H39NaO7P+	Fatty acids	1.000	Glycerophospholipids	1.000	Glycerophosphates	0.982	Lipids and lipid-like molecules	0.993	Glycerophospholipids	0.996	Glycerophosphates	0.961	Monoacylglycerophosphates	0.962	1-acylglycerol-3-phosphates	0.956	Organic compounds; Lipids and lipid-like molecules; Alcohols and polyols; Glycerophospholipids; Organic acids and derivatives; Carboxylic acids and derivatives; Organooxygen compounds; Fatty acid esters; Organic phosphoric acids and derivatives; Phosphate esters; Carboxylic acid derivatives; Monocarboxylic acids and derivatives; Carboxylic acid esters; Lysophosphatidic acids; Secondary alcohols; Monoacylglycerophosphates; 1-acylglycerol-3-phosphates; Carbonyl compounds; Glycerophosphates; Alkyl phosphates; Monoalkyl phosphates; Fatty Acyls; Organic oxides; Hydrocarbon derivatives; Organic oxygen compounds; Chemical entities	457.231	618	10.307	816967514487105138	816964283228214673	816964283228214672	4264	
1	C23H34N2O6	[M - H2O + H]+	C23H33N2O5+	Fatty acids	0.994	Fatty amides	0.724	N-acyl amines	0.396	Organic acids and derivatives	0.998	Carboxylic acids and derivatives	0.994	Amino acids, peptides, and analogues	0.860	Amino acids and derivatives	0.855	N-acyl-alpha amino acids	0.585	Organic compounds; Lipids and lipid-like molecules; Amino acids, peptides, and analogues; Alpha amino acids and derivatives; Alcohols and polyols; Organic acids and derivatives; Carboxylic acids and derivatives; Organonitrogen compounds; Organooxygen compounds; Fatty amides; Amino acids and derivatives; Carboxylic acid amides; Carboxylic acid derivatives; N-acyl amines; Monocarboxylic acids and derivatives; N-acyl-alpha amino acids and derivatives; Carboxylic acids; Secondary alcohols; Secondary carboxylic acid amides; Carbonyl compounds; N-acyl-alpha amino acids; Fatty Acyls; Organic oxides; Hydrocarbon derivatives; Organopnictogen compounds; Organic oxygen compounds; Organic nitrogen compounds; Chemical entities	417.239	618	10.308	816967515762173733	816964283295323542	816964283295323541	4265	
1	C21H39O7P	[M + H]+	C21H40O7P+	Fatty acids	1.000	Glycerophospholipids	1.000	Glycerophosphates	0.743	Lipids and lipid-like molecules	0.997	Glycerophospholipids	0.997	Glycerophosphates	0.581			Glycerophosphates	0.581	Organic compounds; Lipids and lipid-like molecules; Alcohols and polyols; Glycerophospholipids; Organic acids and derivatives; Carboxylic acids and derivatives; Organooxygen compounds; Fatty acid esters; Organic phosphoric acids and derivatives; Phosphate esters; Carboxylic acid derivatives; Monocarboxylic acids and derivatives; Carboxylic acid esters; Secondary alcohols; Carbonyl compounds; Glycerophosphates; Alkyl phosphates; Dialkyl phosphates; Fatty Acyls; Organic oxides; Hydrocarbon derivatives; Organic oxygen compounds; Chemical entities	435.249	619	10.317	816967536133910592	816964283395986848	816964283395986847	4268	
1	C28H54NO7P	[M + H]+	C28H55NO7P+	Fatty acids	1.000	Glycerophospholipids	0.997	Glycerophosphocholines	0.965	Lipids and lipid-like molecules	0.938	Glycerophospholipids	0.979	Glycerophosphocholines	0.970			Glycerophosphocholines	0.970	Organic compounds; Lipids and lipid-like molecules; Alcohols and polyols; Glycerophospholipids; Organic acids and derivatives; Carboxylic acids and derivatives; Organonitrogen compounds; Organooxygen compounds; Fatty acid esters; Organic phosphoric acids and derivatives; Phosphate esters; Quaternary ammonium salts; Cholines; Carboxylic acid derivatives; Monocarboxylic acids and derivatives; Carboxylic acid esters; Phosphocholines; Secondary alcohols; Carbonyl compounds; Glycerophosphocholines; Amines; Alkyl phosphates; Dialkyl phosphates; Organic cations; Organic salts; Fatty Acyls; Organic oxides; Hydrocarbon derivatives; Tetraalkylammonium salts; Organopnictogen compounds; Organic oxygen compounds; Organic nitrogen compounds; Chemical entities	548.369	620	10.330	816967525258078453	816964283492455845	816964283484067236	4271	
1	C26H54NO7P	[M + H]+	C26H55NO7P+	Fatty acids	0.998	Glycerophospholipids	1.000	Glycerophosphocholines	0.999	Lipids and lipid-like molecules	0.935	Glycerophospholipids	0.997	Glycerophosphocholines	0.994	Lysophosphatidylcholines	0.882	1-acyl-sn-glycero-3-phosphocholines	0.915	Organic compounds; Lipids and lipid-like molecules; Alcohols and polyols; Glycerophospholipids; Organic acids and derivatives; Carboxylic acids and derivatives; Organonitrogen compounds; Organooxygen compounds; Fatty acid esters; Organic phosphoric acids and derivatives; Phosphate esters; Quaternary ammonium salts; Cholines; Carboxylic acid derivatives; Monocarboxylic acids and derivatives; Carboxylic acid esters; Phosphocholines; Lysophosphatidylcholines; 1-acyl-sn-glycero-3-phosphocholines; Secondary alcohols; Carbonyl compounds; Glycerophosphocholines; Amines; Alkyl phosphates; Dialkyl phosphates; Organic cations; Organic salts; Fatty Acyls; Organic oxides; Hydrocarbon derivatives; Tetraalkylammonium salts; Organopnictogen compounds; Organic oxygen compounds; Organic nitrogen compounds; Chemical entities	524.369	620	10.338	816967535873863691	816964283555370410	816964283546981801	4273	
2	C36H61NO2	[M + H]+	C36H62NO2+	Fatty acids	0.999	Spingolipids	0.687	Ceramides	0.573	Lipids and lipid-like molecules	0.961	Sphingolipids	0.329	Ceramides	0.584			Ceramides	0.584	Organic compounds; Lipids and lipid-like molecules; Alcohols and polyols; Organic acids and derivatives; Carboxylic acids and derivatives; Organonitrogen compounds; Organooxygen compounds; Fatty amides; Carboxylic acid amides; Carboxylic acid derivatives; N-acyl amines; Ceramides; Secondary alcohols; Secondary carboxylic acid amides; Carbonyl compounds; Fatty Acyls; Organic oxides; Hydrocarbon derivatives; Organopnictogen compounds; Organic oxygen compounds; Organic nitrogen compounds; Chemical entities	540.476	621	10.350	816967536293294188	816964283773474238	816964283773474237	4279	
1	C22H38O	[M + H3N + H]+	C22H42NO+	Terpenoids	0.796	Diterpenoids	0.391	Unsaturated fatty acids	0.308	Lipids and lipid-like molecules	0.974	Steroids and steroid derivatives	0.517					Steroids and steroid derivatives	0.517	Organic compounds; Lipids and lipid-like molecules; Alcohols and polyols; Steroids and steroid derivatives; Organooxygen compounds; Hydrocarbon derivatives; Organic oxygen compounds; Chemical entities	336.325	621	10.352	816967537216041224	816964283920274888	816964283920274887	4282	
1	C36H63NO3	[M + H]+	C36H64NO3+	Fatty acids	1.000	Spingolipids	1.000	Ceramides	0.999	Lipids and lipid-like molecules	0.986	Sphingolipids	0.970	Ceramides	0.992	Long-chain ceramides	0.636	Long-chain ceramides	0.636	Organic compounds; Lipids and lipid-like molecules; Alcohols and polyols; Sphingolipids; Organic acids and derivatives; Carboxylic acids and derivatives; Organonitrogen compounds; Primary alcohols; Organooxygen compounds; Fatty amides; Carboxylic acid amides; Carboxylic acid derivatives; N-acyl amines; Ceramides; Secondary alcohols; Secondary carboxylic acid amides; Long-chain ceramides; Carbonyl compounds; Fatty Acyls; Organic oxides; Hydrocarbon derivatives; Organopnictogen compounds; Organic oxygen compounds; Organic nitrogen compounds; Chemical entities	558.488	621	10.352	816967534791733208	816964283978995149	816964283978995148	4283	
1	C35H54O6	[M + Na]+	C35H54NaO6+	Shikimates and Phenylpropanoids	0.800	Lignans	0.683	Dibenzylbutane lignans	0.674	Benzenoids	0.970	Phenol ethers	0.903	Anisoles	0.845			Anisoles	0.845	Organic compounds; Alkyl aryl ethers; Phenols; Anisoles; Ethers; Organooxygen compounds; Benzene and substituted derivatives; Phenol ethers; Benzenoids; Methoxybenzenes; Hydrocarbon derivatives; Organic oxygen compounds; 1-hydroxy-2-unsubstituted benzenoids; Phenoxy compounds; Chemical entities	593.382	622	10.361	816967538570801761	816964284213876188	816964284213876187	4288	
1	C45H78O10	[M + Na]+	C45H78NaO10+	Fatty acids	1.000	Glycerolipids	1.000	Glycosyldiacylglycerols	1.000	Lipids and lipid-like molecules	0.999	Glycerolipids	1.000	Glycosylglycerols	1.000	Glycosyldiradylglycerols	1.000	Glycosyldiacylglycerols	0.998	Organic compounds; Organoheterocyclic compounds; Carbohydrates and carbohydrate conjugates; Lipids and lipid-like molecules; Alcohols and polyols; Glycerolipids; Ethers; Organic acids and derivatives; Carboxylic acids and derivatives; Primary alcohols; Organooxygen compounds; Fatty acid esters; Dicarboxylic acids and derivatives; Lineolic acids and derivatives; Glycosylglycerols; Carboxylic acid derivatives; Carboxylic acid esters; Hexoses; Monosaccharides; Acetals; Secondary alcohols; Fatty acyl glycosides; Carbonyl compounds; Oxanes; Glycosyl compounds; O-glycosyl compounds; Polyols; Glycosyldiacylglycerols; Glycosyldiradylglycerols; Fatty acyl glycosides of mono- and disaccharides; Fatty Acyls; Organic oxides; Oxacyclic compounds; Hydrocarbon derivatives; Organic oxygen compounds; Chemical entities	801.546	623	10.382	816967554144254422	816964284599752186	816964284599752185	4314	
1	C39H74NO8P	[M + H]+	C39H75NO8P+	Fatty acids	0.999	Glycerophospholipids	1.000	Glycerophosphoethanolamines	0.996	Lipids and lipid-like molecules	0.988	Glycerophospholipids	0.999	Glycerophosphoethanolamines	0.992	Phosphatidylethanolamines	0.953	Phosphatidylethanolamines	0.953	Organic compounds; Lipids and lipid-like molecules; Amino acids, peptides, and analogues; Glycerophospholipids; Organic acids and derivatives; Carboxylic acids and derivatives; Organonitrogen compounds; Organooxygen compounds; Fatty acid esters; Dicarboxylic acids and derivatives; Amino acids and derivatives; Organic phosphoric acids and derivatives; Phosphate esters; Monoalkylamines; Carboxylic acid derivatives; Carboxylic acid esters; Phosphoethanolamines; Phosphatidylethanolamines; Carbonyl compounds; Glycerophosphoethanolamines; Amines; Primary amines; Alkyl phosphates; Dialkyl phosphates; Fatty Acyls; Organic oxides; Hydrocarbon derivatives; Organopnictogen compounds; Organic oxygen compounds; Organic nitrogen compounds; Chemical entities	716.520	624	10.395	816967539652932288	816964284260013537	816964284260013536	4295	
1	C23H44NO7P	[M + Na]+	C23H44NNaO7P+	Fatty acids	1.000	Glycerophospholipids	1.000	Glycerophosphoethanolamines	0.996	Organic acids and derivatives	1.000	Carboxylic acids and derivatives	0.997	Amino acids, peptides, and analogues	0.809	Amino acids and derivatives	0.806	Amino acids and derivatives	0.806	Organic compounds; Lipids and lipid-like molecules; Amino acids, peptides, and analogues; Alcohols and polyols; Glycerophospholipids; Organic acids and derivatives; Carboxylic acids and derivatives; Organonitrogen compounds; Organooxygen compounds; Fatty acid esters; Amino acids and derivatives; Organic phosphoric acids and derivatives; Phosphate esters; Monoalkylamines; Carboxylic acid derivatives; Monocarboxylic acids and derivatives; Carboxylic acid esters; Phosphoethanolamines; Lysophosphatidylethanolamines; Secondary alcohols; 1-acyl-sn-glycero-3-phosphoethanolamines; Carbonyl compounds; Glycerophosphoethanolamines; Amines; Primary amines; Alkyl phosphates; Dialkyl phosphates; Fatty Acyls; Organic oxides; Hydrocarbon derivatives; Organopnictogen compounds; Organic oxygen compounds; Organic nitrogen compounds; Chemical entities	500.273	624	10.397	816967534133227377	816964284327122406	816964284327122405	4296	
1	C42H83NO5	[M + H]+	C42H84NO5+	Fatty acids	1.000	Spingolipids	1.000	Ceramides	1.000	Lipids and lipid-like molecules	0.998	Sphingolipids	0.999	Ceramides	1.000	Long-chain ceramides	0.772	Long-chain ceramides	0.772	Organic compounds; Lipids and lipid-like molecules; Alcohols and polyols; Sphingolipids; Organic acids and derivatives; Carboxylic acids and derivatives; Organonitrogen compounds; Primary alcohols; Organooxygen compounds; Fatty amides; Carboxylic acid amides; Carboxylic acid derivatives; N-acyl amines; Ceramides; Secondary alcohols; Secondary carboxylic acid amides; Long-chain ceramides; Carbonyl compounds; Phytoceramides; Fatty Acyls; Organic oxides; Hydrocarbon derivatives; Organopnictogen compounds; Organic oxygen compounds; Organic nitrogen compounds; Chemical entities	682.632	626	10.433	816967548511303143	816964284801078793	816964284801078792	4306	
1	C29H48O	[M + H]+	C29H49O+	Terpenoids	0.999	Steroids	0.994	Cholestane steroids	0.719	Lipids and lipid-like molecules	0.998	Steroids and steroid derivatives	0.992	Hydroxysteroids	0.813	3-hydroxysteroids	0.776	3-hydroxy delta-5-steroids	0.786	Organic compounds; Lipids and lipid-like molecules; Alcohols and polyols; Steroids and steroid derivatives; Organooxygen compounds; Cyclic alcohols and derivatives; Hydroxysteroids; Secondary alcohols; 3-hydroxy delta-5-steroids; Delta-5-steroids; 3-hydroxysteroids; Hydrocarbon derivatives; Organic oxygen compounds; Chemical entities	413.376	627	10.449	816967549073339915	816964284868187662	816964284868187661	4318	
1	C21H41NO	[M + H]+	C21H42NO+	Fatty acids	1.000	Fatty amides	1.000	Primary amides	0.868	Lipids and lipid-like molecules	0.895	Fatty Acyls	0.895	Fatty amides	0.924	N-acyl amines	0.814	N-acyl amines	0.814	Organic compounds; Lipids and lipid-like molecules; Organic acids and derivatives; Carboxylic acids and derivatives; Organonitrogen compounds; Organooxygen compounds; Fatty amides; Carboxylic acid amides; Carboxylic acid derivatives; N-acyl amines; Secondary carboxylic acid amides; Carbonyl compounds; Fatty Acyls; Organic oxides; Hydrocarbon derivatives; Organopnictogen compounds; Organic oxygen compounds; Organic nitrogen compounds; Chemical entities	324.325	627	10.450	816967549408884302	816964284964656659	816964284956268050	4319	
1	C27H48	[M + Na]+	C27H48Na+	Terpenoids	0.992	Steroids	0.744	Cholestane steroids	0.648	Lipids and lipid-like molecules	0.989	Steroids and steroid derivatives	0.841					Steroids and steroid derivatives	0.841	Organic compounds; Lipids and lipid-like molecules; Steroids and steroid derivatives; Prenol lipids; Hydrocarbons; Olefins; Cyclic olefins; Polycyclic hydrocarbons; Unsaturated hydrocarbons; Unsaturated aliphatic hydrocarbons; Branched unsaturated hydrocarbons; Chemical entities	395.366	627	10.450	816967552760133970	816964285002405400	816964285002405399	4320	
2	C30H48	[M + H]+	C30H49+	Terpenoids	0.998	Triterpenoids	0.978	Lupane triterpenoids	0.164	Lipids and lipid-like molecules	0.980	Prenol lipids	0.926	Triterpenoids	0.700			Triterpenoids	0.700	Organic compounds; Lipids and lipid-like molecules; Prenol lipids; Triterpenoids; Hydrocarbons; Olefins; Cyclic olefins; Polycyclic hydrocarbons; Unsaturated hydrocarbons; Unsaturated aliphatic hydrocarbons; Branched unsaturated hydrocarbons; Chemical entities	409.381	627	10.452	816967550612649680	816964285107263005	816964285098874396	4294	
1	C36H63NO2	[M + H]+	C36H64NO2+	Fatty acids	0.999	Spingolipids	0.796	Ceramides	0.815	Lipids and lipid-like molecules	0.977	Sphingolipids	0.432	Ceramides	0.724			Ceramides	0.724	Organic compounds; Lipids and lipid-like molecules; Alcohols and polyols; Organic acids and derivatives; Carboxylic acids and derivatives; Organonitrogen compounds; Primary alcohols; Organooxygen compounds; Fatty amides; Carboxylic acid amides; Carboxylic acid derivatives; N-acyl amines; Ceramides; Secondary alcohols; Secondary carboxylic acid amides; Carbonyl compounds; Fatty Acyls; Organic oxides; Hydrocarbon derivatives; Organopnictogen compounds; Organic oxygen compounds; Organic nitrogen compounds; Chemical entities	542.491	629	10.486	816967563623382365	816964285522499131	816964285509916218	4329	
1	C36H65NO3	[M + H]+	C36H66NO3+	Fatty acids	1.000	Spingolipids	1.000	Ceramides	1.000	Lipids and lipid-like molecules	0.994	Sphingolipids	0.993	Ceramides	0.999	Long-chain ceramides	0.778	Long-chain ceramides	0.778	Organic compounds; Lipids and lipid-like molecules; Alcohols and polyols; Sphingolipids; Organic acids and derivatives; Carboxylic acids and derivatives; Organonitrogen compounds; Primary alcohols; Organooxygen compounds; Fatty amides; Carboxylic acid amides; Carboxylic acid derivatives; N-acyl amines; Ceramides; Secondary alcohols; Secondary carboxylic acid amides; Long-chain ceramides; Carbonyl compounds; Fatty Acyls; Organic oxides; Hydrocarbon derivatives; Organopnictogen compounds; Organic oxygen compounds; Organic nitrogen compounds; Chemical entities	560.502	630	10.499	816967569533157677	816964285589608000	816964285589607999	4375	
1	C36H62O6	[M + Na]+	C36H62NaO6+	Fatty acids	0.982	Glycerolipids	0.758	Fatty acid estolides	0.307	Lipids and lipid-like molecules	0.996	Fatty Acyls	0.985	Fatty alcohols	0.587			Fatty alcohols	0.587	Organic compounds; Lipids and lipid-like molecules; Alcohols and polyols; Organic acids and derivatives; Carboxylic acids and derivatives; Organooxygen compounds; Fatty acid esters; Dicarboxylic acids and derivatives; Carboxylic acid derivatives; Carboxylic acids; Carboxylic acid esters; Fatty alcohols; Secondary alcohols; Carbonyl compounds; Fatty Acyls; Organic oxides; Hydrocarbon derivatives; Organic oxygen compounds; Chemical entities	613.449	631	10.512	816967572381090343	816964285660911173	816964285660911172	4328	
1	C25H42O2	[M + Na]+	C25H42NaO2+	Terpenoids	0.951	Steroids	0.303	Prenyl quinone meroterpenoids	0.114	Lipids and lipid-like molecules	0.889	Prenol lipids	0.559					Prenol lipids	0.559	Organic compounds; Lipids and lipid-like molecules; Prenol lipids; Organic acids and derivatives; Carboxylic acids and derivatives; Organooxygen compounds; Carboxylic acid derivatives; Monocarboxylic acids and derivatives; Carboxylic acid esters; Carbonyl compounds; Organic oxides; Hydrocarbon derivatives; Organic oxygen compounds; Chemical entities	397.309	631	10.524	816967560456682747	816964285799323215	816964285799323214	4337	
1	C42H79NO9	[M + Na]+	C42H79NNaO9+	Fatty acids	1.000	Spingolipids	1.000	Neutral glycosphingolipids	1.000	Lipids and lipid-like molecules	0.998	Sphingolipids	0.992	Glycosphingolipids	0.992	Neutral glycosphingolipids	0.901	Glycosyl-N-acylsphingosines	0.894	Organic compounds; Organoheterocyclic compounds; Carbohydrates and carbohydrate conjugates; Lipids and lipid-like molecules; Alcohols and polyols; Ethers; Sphingolipids; Organic acids and derivatives; Carboxylic acids and derivatives; Organonitrogen compounds; Primary alcohols; Organooxygen compounds; Fatty amides; Carboxylic acid amides; Carboxylic acid derivatives; N-acyl amines; Neutral glycosphingolipids; Simple glycosylceramides; Hexoses; Monosaccharides; Acetals; Secondary alcohols; Secondary carboxylic acid amides; Fatty acyl glycosides; Carbonyl compounds; Oxanes; Glycosyl compounds; Alkyl glycosides; O-glycosyl compounds; Polyols; Glycosphingolipids; Fatty acyl glycosides of mono- and disaccharides; Fatty Acyls; Organic oxides; Oxacyclic compounds; Hydrocarbon derivatives; Glycosyl-N-acylsphingosines; Organopnictogen compounds; Organic oxygen compounds; Organic nitrogen compounds; Chemical entities	764.562	632	10.534	816967555721313286	816964285899986521	816964285899986520	4340	
1	C42H79NO8	[M + O + H]+	C42H80NO9+	Fatty acids	1.000	Spingolipids	1.000	Neutral glycosphingolipids	1.000	Lipids and lipid-like molecules	0.996	Sphingolipids	0.982	Glycosphingolipids	0.982	Neutral glycosphingolipids	0.800	Glycosyl-N-acylsphingosines	0.767	Organic compounds; Organoheterocyclic compounds; Carbohydrates and carbohydrate conjugates; Lipids and lipid-like molecules; Alcohols and polyols; Ethers; Sphingolipids; Organic acids and derivatives; Carboxylic acids and derivatives; Organonitrogen compounds; Primary alcohols; Organooxygen compounds; Fatty amides; Carboxylic acid amides; Carboxylic acid derivatives; N-acyl amines; Neutral glycosphingolipids; Simple glycosylceramides; Hexoses; Monosaccharides; Acetals; Secondary alcohols; Secondary carboxylic acid amides; Fatty acyl glycosides; Carbonyl compounds; Oxanes; Glycosyl compounds; Alkyl glycosides; O-glycosyl compounds; Polyols; Glycosphingolipids; Fatty acyl glycosides of mono- and disaccharides; Fatty Acyls; Organic oxides; Oxacyclic compounds; Hydrocarbon derivatives; Glycosyl-N-acylsphingosines; Organopnictogen compounds; Organic oxygen compounds; Organic nitrogen compounds; Chemical entities	742.580	632	10.534	816967559647182011	816964285971289694	816964285971289693	4342	
2	C34H66N4O2	[M + H]+	C34H67N4O2+	Alkaloids	0.228	Linear polyketides	0.060	Open-chain polyketides	0.086	Organic acids and derivatives	0.971	Carboxylic acids and derivatives	0.902	Amino acids, peptides, and analogues	0.519	Amino acids and derivatives	0.512	Amino acids and derivatives	0.512	Organic compounds; Organoheterocyclic compounds; Lipids and lipid-like molecules; Amino acids, peptides, and analogues; Organic acids and derivatives; Carboxylic acids and derivatives; Organonitrogen compounds; Organooxygen compounds; Fatty amides; Amino acids and derivatives; Carboxylic acid amides; Ureas; Carboxylic acid derivatives; N-acyl amines; Secondary carboxylic acid amides; Carbonyl compounds; Amines; Fatty Acyls; Organic oxides; Azacyclic compounds; Heteroaromatic compounds; Hydrocarbon derivatives; Organopnictogen compounds; Organic oxygen compounds; Organic nitrogen compounds; Chemical entities	563.521	632	10.536	816967569692541264	816964286143256168	816964286143256167	4354	
1	C36H67NO3	[M + H]+	C36H68NO3+	Fatty acids	1.000	Spingolipids	1.000	Ceramides	1.000	Lipids and lipid-like molecules	0.991	Sphingolipids	0.989	Ceramides	0.997	Long-chain ceramides	0.757	Long-chain ceramides	0.757	Organic compounds; Lipids and lipid-like molecules; Alcohols and polyols; Sphingolipids; Organic acids and derivatives; Carboxylic acids and derivatives; Organonitrogen compounds; Primary alcohols; Organooxygen compounds; Fatty amides; Carboxylic acid amides; Carboxylic acid derivatives; N-acyl amines; Ceramides; Secondary alcohols; Secondary carboxylic acid amides; Long-chain ceramides; Carbonyl compounds; Fatty Acyls; Organic oxides; Hydrocarbon derivatives; Organopnictogen compounds; Organic oxygen compounds; Organic nitrogen compounds; Chemical entities	562.517	632	10.537	816967568941760718	816964286235530861	816964286235530860	4348	
1	C42H77NO8	[M + H]+	C42H78NO8+	Fatty acids	1.000	Spingolipids	1.000	Neutral glycosphingolipids	1.000	Lipids and lipid-like molecules	0.997	Sphingolipids	0.981	Glycosphingolipids	0.984	Neutral glycosphingolipids	0.845	Glycosyl-N-acylsphingosines	0.819	Organic compounds; Organoheterocyclic compounds; Carbohydrates and carbohydrate conjugates; Lipids and lipid-like molecules; Alcohols and polyols; Ethers; Sphingolipids; Organic acids and derivatives; Carboxylic acids and derivatives; Organonitrogen compounds; Primary alcohols; Organooxygen compounds; Fatty amides; Carboxylic acid amides; Carboxylic acid derivatives; N-acyl amines; Neutral glycosphingolipids; Simple glycosylceramides; Hexoses; Monosaccharides; Acetals; Secondary alcohols; Secondary carboxylic acid amides; Fatty acyl glycosides; Carbonyl compounds; Oxanes; Glycosyl compounds; Alkyl glycosides; O-glycosyl compounds; Polyols; Glycosphingolipids; Fatty acyl glycosides of mono- and disaccharides; Fatty Acyls; Organic oxides; Oxacyclic compounds; Hydrocarbon derivatives; Glycosyl-N-acylsphingosines; Organopnictogen compounds; Organic oxygen compounds; Organic nitrogen compounds; Chemical entities	724.570	632	10.537	816967571638698385	816964286281668210	816964286281668209	4349	
1	C36H69NO3	[M + O + H]+	C36H70NO4+	Fatty acids	1.000	Spingolipids	1.000	Ceramides	1.000	Lipids and lipid-like molecules	0.995	Sphingolipids	0.997	Ceramides	0.999	Long-chain ceramides	0.841	Long-chain ceramides	0.841	Organic compounds; Lipids and lipid-like molecules; Alcohols and polyols; Sphingolipids; Organic acids and derivatives; Carboxylic acids and derivatives; Organonitrogen compounds; Primary alcohols; Organooxygen compounds; Fatty amides; Carboxylic acid amides; Carboxylic acid derivatives; N-acyl amines; Ceramides; Secondary alcohols; Secondary carboxylic acid amides; Long-chain ceramides; Carbonyl compounds; Fatty Acyls; Organic oxides; Hydrocarbon derivatives; Organopnictogen compounds; Organic oxygen compounds; Organic nitrogen compounds; Chemical entities	580.528	632	10.538	816967572209123831	816964286348777079	816964286348777078	4353	
1	C42H83NO5	[M + H]+	C42H84NO5+	Fatty acids	1.000	Spingolipids	1.000	Ceramides	1.000	Lipids and lipid-like molecules	0.998	Sphingolipids	0.999	Ceramides	1.000	Long-chain ceramides	0.780	Long-chain ceramides	0.780	Organic compounds; Lipids and lipid-like molecules; Alcohols and polyols; Sphingolipids; Organic acids and derivatives; Carboxylic acids and derivatives; Organonitrogen compounds; Primary alcohols; Organooxygen compounds; Fatty amides; Carboxylic acid amides; Carboxylic acid derivatives; N-acyl amines; Ceramides; Secondary alcohols; Secondary carboxylic acid amides; Long-chain ceramides; Carbonyl compounds; Phytoceramides; Fatty Acyls; Organic oxides; Hydrocarbon derivatives; Organopnictogen compounds; Organic oxygen compounds; Organic nitrogen compounds; Chemical entities	682.632	632	10.539	816967574587294570	816964286487189121	816964286487189120	4341	
2	C18H30N4O3	[M + Na]+	C18H30N4NaO3+	Alkaloids	0.583	Small peptides	0.246	Pyridine alkaloids	0.195	Organoheterocyclic compounds	0.842	Azoles	0.531					Azoles	0.531	Organic compounds; Organoheterocyclic compounds; Organic acids and derivatives; Carboxylic acids and derivatives; Organonitrogen compounds; Organooxygen compounds; Azoles; Carboxylic acid amides; Carboxylic acid derivatives; Secondary carboxylic acid amides; Carbonyl compounds; Organic oxides; Azacyclic compounds; Heteroaromatic compounds; Hydrocarbon derivatives; Organopnictogen compounds; Organic oxygen compounds; Organic nitrogen compounds; Chemical entities	373.223	632	10.541	816967576487314486	816964286554297990	816964286554297989	4357	
2	C20H30N8	[M + Na]+	C20H30N8Na+	Alkaloids	0.960	Pseudoalkaloids (transamidation)	0.198	Purine alkaloids	0.239	Organic nitrogen compounds	1.000	Organonitrogen compounds	1.000	Amines	0.963	Tertiary amines	0.802	Dialkylarylamines	0.644	Organic compounds; Organoheterocyclic compounds; Triazines; Organonitrogen compounds; Aminotriazines; Trialkylamines; Amines; Tertiary amines; Tertiary alkylarylamines; N-aliphatic s-triazines; Dialkylarylamines; 1,3,5-triazines; Azacyclic compounds; Heteroaromatic compounds; Hydrocarbon derivatives; Organopnictogen compounds; Organic nitrogen compounds; Chemical entities	405.249	632	10.541	816967572246872573	816964286629795467	816964286629795466	4358	
1	C23H47N5O	[M + H]+	C23H48N5O+	Alkaloids	0.832	Pseudoalkaloids (transamidation)	0.475	Tricyclic guanidine alkaloids	0.093	Organoheterocyclic compounds	0.962	Azoles	0.599					Azoles	0.599	Organic compounds; Organoheterocyclic compounds; Organonitrogen compounds; Organooxygen compounds; Azoles; Amines; Azacyclic compounds; Heteroaromatic compounds; Hydrocarbon derivatives; Organopnictogen compounds; Organic oxygen compounds; Organic nitrogen compounds; Chemical entities	410.385	633	10.544	816967573735850680	816964286659155600	816964286659155599	4356	
1	C21H46OSi	[M + H]+	C21H47OSi+	Fatty acids	0.993	Fatty acyls	0.916	Fatty alcohols	0.862	Lipids and lipid-like molecules	0.519							Lipids and lipid-like molecules	0.519	Organic compounds; Lipids and lipid-like molecules; Alcohols and polyols; Ethers; Primary alcohols; Organooxygen compounds; Hydrocarbon derivatives; Organic oxygen compounds; Chemical entities	343.338	633	10.545	816967578156647764	816964286730458773	816964286730458772	4362	
3	C16H40N6O2	[M + Na]+	C16H40N6NaO2+	Alkaloids	0.503	Ornithine alkaloids	0.705	Polyamines	0.750	Organic acids and derivatives	0.837	Organic carbonic acids and derivatives	0.728	Ureas	0.820			Ureas	0.820	Organic compounds; Organic acids and derivatives; Organonitrogen compounds; Organooxygen compounds; Organic carbonic acids and derivatives; Ureas; Carbonyl compounds; Organic oxides; Hydrocarbon derivatives; Organopnictogen compounds; Organic oxygen compounds; Organic nitrogen compounds; Chemical entities	371.308	633	10.549	816967576801887339	816964286810150554	816964286810150553	4364	
2	C30H48	[M + H]+	C30H49+	Terpenoids	0.998	Triterpenoids	0.933	Lupane triterpenoids	0.113	Lipids and lipid-like molecules	0.976	Prenol lipids	0.913	Triterpenoids	0.591			Triterpenoids	0.591	Organic compounds; Lipids and lipid-like molecules; Prenol lipids; Triterpenoids; Hydrocarbons; Olefins; Cyclic olefins; Polycyclic hydrocarbons; Unsaturated hydrocarbons; Unsaturated aliphatic hydrocarbons; Branched unsaturated hydrocarbons; Chemical entities	409.381	633	10.553	816967575958832091	816964286982117028	816964286982117027	4366	
1	C36H69NO3	[M + H]+	C36H70NO3+	Fatty acids	1.000	Spingolipids	1.000	Ceramides	1.000	Lipids and lipid-like molecules	0.995	Sphingolipids	0.997	Ceramides	0.999	Long-chain ceramides	0.810	Long-chain ceramides	0.810	Organic compounds; Lipids and lipid-like molecules; Alcohols and polyols; Sphingolipids; Organic acids and derivatives; Carboxylic acids and derivatives; Organonitrogen compounds; Primary alcohols; Organooxygen compounds; Fatty amides; Carboxylic acid amides; Carboxylic acid derivatives; N-acyl amines; Ceramides; Secondary alcohols; Secondary carboxylic acid amides; Long-chain ceramides; Carbonyl compounds; Fatty Acyls; Organic oxides; Hydrocarbon derivatives; Organopnictogen compounds; Organic oxygen compounds; Organic nitrogen compounds; Chemical entities	564.530	634	10.574	816967590970248516	816964287212803768	816964287212803767	4383	
1	C27H54NO7P	[M + H]+	C27H55NO7P+	Fatty acids	1.000	Glycerophospholipids	1.000	Glycerophosphocholines	1.000	Lipids and lipid-like molecules	0.990	Glycerophospholipids	1.000	Glycerophosphocholines	0.999	Lysophosphatidylcholines	0.989	1-acyl-sn-glycero-3-phosphocholines	0.980	Organic compounds; Lipids and lipid-like molecules; Alcohols and polyols; Glycerophospholipids; Organic acids and derivatives; Carboxylic acids and derivatives; Organonitrogen compounds; Organooxygen compounds; Fatty acid esters; Organic phosphoric acids and derivatives; Phosphate esters; Quaternary ammonium salts; Cholines; Carboxylic acid derivatives; Monocarboxylic acids and derivatives; Carboxylic acid esters; Phosphocholines; Lysophosphatidylcholines; 1-acyl-sn-glycero-3-phosphocholines; Secondary alcohols; Carbonyl compounds; Glycerophosphocholines; Amines; Alkyl phosphates; Dialkyl phosphates; Organic cations; Organic salts; Fatty Acyls; Organic oxides; Hydrocarbon derivatives; Tetraalkylammonium salts; Organopnictogen compounds; Organic oxygen compounds; Organic nitrogen compounds; Chemical entities	536.369	634	10.574	816967585798670557	816964287279912637	816964287279912636	4378	
1	C34H69NO3	[M + O + H]+	C34H70NO4+	Fatty acids	1.000	Spingolipids	1.000	Ceramides	1.000	Lipids and lipid-like molecules	0.999	Sphingolipids	0.999	Ceramides	1.000	Long-chain ceramides	0.849	Long-chain ceramides	0.849	Organic compounds; Lipids and lipid-like molecules; Alcohols and polyols; Sphingolipids; Organic acids and derivatives; Carboxylic acids and derivatives; Organonitrogen compounds; Primary alcohols; Organooxygen compounds; Fatty amides; Carboxylic acid amides; Carboxylic acid derivatives; N-acyl amines; Ceramides; Secondary alcohols; Secondary carboxylic acid amides; Long-chain ceramides; Carbonyl compounds; Fatty Acyls; Organic oxides; Hydrocarbon derivatives; Organopnictogen compounds; Organic oxygen compounds; Organic nitrogen compounds; Chemical entities	556.528	635	10.579	816967591591005711	816964287414130375	816964287414130374	4379	
1	C37H70O5	[M + Na]+	C37H70NaO5+	Fatty acids	1.000	Glycerolipids	1.000	Diacylglycerols	1.000	Lipids and lipid-like molecules	0.996	Glycerolipids	0.999	Diradylglycerols	0.998	Diacylglycerols	0.999	1,2-diacylglycerols	0.996	Organic compounds; Lipids and lipid-like molecules; Alcohols and polyols; Glycerolipids; Organic acids and derivatives; Carboxylic acids and derivatives; Primary alcohols; Organooxygen compounds; Fatty acid esters; Dicarboxylic acids and derivatives; Carboxylic acid derivatives; Diacylglycerols; Carboxylic acid esters; 1,2-diacylglycerols; Carbonyl compounds; Diradylglycerols; Fatty Acyls; Organic oxides; Hydrocarbon derivatives; Organic oxygen compounds; Chemical entities	617.510	635	10.589	816967588684352293	816964287556736721	816964287556736720	4374	
1	C36H67NO2	[M + H]+	C36H68NO2+	Fatty acids	1.000	Spingolipids	1.000	Ceramides	1.000	Lipids and lipid-like molecules	0.993	Sphingolipids	0.994	Ceramides	0.998	Long-chain ceramides	0.876	Long-chain ceramides	0.876	Organic compounds; Lipids and lipid-like molecules; Alcohols and polyols; Sphingolipids; Organic acids and derivatives; Carboxylic acids and derivatives; Organonitrogen compounds; Primary alcohols; Organooxygen compounds; Fatty amides; Carboxylic acid amides; Carboxylic acid derivatives; N-acyl amines; Ceramides; Secondary alcohols; Secondary carboxylic acid amides; Long-chain ceramides; Carbonyl compounds; Fatty Acyls; Organic oxides; Hydrocarbon derivatives; Organopnictogen compounds; Organic oxygen compounds; Organic nitrogen compounds; Chemical entities	546.522	636	10.595	816967587950348914	816964287598679766	816964287598679765	4397	
10	C29H46O8	[M + K]+	C29H46KO8+	Polyketides	0.797	Macrolides	0.306	Open-chain polyketides	0.272	Lipids and lipid-like molecules	0.746	Fatty Acyls	0.568					Fatty Acyls	0.568	Organic compounds; Organoheterocyclic compounds; Lipids and lipid-like molecules; Alcohols and polyols; Ethers; Organic acids and derivatives; Carboxylic acids and derivatives; Organooxygen compounds; Carboxylic acid derivatives; Carboxylic acid esters; Secondary alcohols; Carbonyl compounds; Polyols; Fatty Acyls; Organic oxides; Oxacyclic compounds; Hydrocarbon derivatives; Organic oxygen compounds; Chemical entities	561.280	636	10.603	816967597848908883	816964287661594331	816964287661594330	4390	
3	C34H44O9	[M - H2O + H]+	C34H43O8+	Fatty acids	0.692	Glycerolipids	0.636	Diacylglycerols	0.118	Lipids and lipid-like molecules	0.952	Fatty Acyls	0.922	Fatty acid esters	0.842			Fatty acid esters	0.842	Organic compounds; Organoheterocyclic compounds; Lipids and lipid-like molecules; Alcohols and polyols; Glycerolipids; Ethers; Organic acids and derivatives; Carboxylic acids and derivatives; Primary alcohols; Organooxygen compounds; Fatty acid esters; Dicarboxylic acids and derivatives; Carboxylic acid derivatives; Carboxylic acid esters; Secondary alcohols; Carbonyl compounds; Polyols; Fatty Acyls; Organic oxides; Oxacyclic compounds; Hydrocarbon derivatives; Organic oxygen compounds; Chemical entities	579.291	636	10.603	816967592337592016	816964287732897504	816964287732897503	4391	
5	C36H40N2O6	[M + H]+	C36H41N2O6+	Polyketides	0.405	Macrolides	0.310	Lipopeptides	0.166	Benzenoids	0.805	Benzene and substituted derivatives	0.693					Benzene and substituted derivatives	0.693	Organic compounds; Organoheterocyclic compounds; Lipids and lipid-like molecules; Ketones; Organic acids and derivatives; Carboxylic acids and derivatives; Organonitrogen compounds; Organooxygen compounds; Carboxylic acid amides; Carboxylic acid derivatives; Monocarboxylic acids and derivatives; Carboxylic acid esters; Carbonyl compounds; Benzene and substituted derivatives; Benzenoids; Fatty Acyls; Organic oxides; Hydrocarbon derivatives; Organopnictogen compounds; Organic oxygen compounds; Organic nitrogen compounds; Chemical entities	597.301	636	10.603	816967594216640626	816964287762257637	816964287762257636	4392	
3	C27H49O12P	[M + Na]+	C27H49NaO12P+	Fatty acids	1.000	Glycerophospholipids	1.000	Glycerophosphoinositols	0.999	Lipids and lipid-like molecules	0.998	Glycerophospholipids	1.000	Glycerophosphoinositols	1.000	Lysophosphatidylinositols	0.997	1-acyl-sn-glycerol-3-phosphoinositols	0.996	Organic compounds; Lipids and lipid-like molecules; Alcohols and polyols; Glycerophospholipids; Organic acids and derivatives; Carboxylic acids and derivatives; Organooxygen compounds; Fatty acid esters; Organic phosphoric acids and derivatives; Phosphate esters; Carboxylic acid derivatives; Monocarboxylic acids and derivatives; Carboxylic acid esters; Cyclic alcohols and derivatives; Lysophosphatidylinositols; Secondary alcohols; Carbonyl compounds; 1-acyl-sn-glycerol-3-phosphoinositols; Glycerophosphoinositols; Polyols; Cyclitols and derivatives; Inositol phosphates; Cyclohexanols; Alkyl phosphates; Dialkyl phosphates; Fatty Acyls; Organic oxides; Hydrocarbon derivatives; Organic oxygen compounds; Chemical entities	619.283	637	10.612	816967598666798243	816964287833560810	816964287833560809	4398	
3	C37H62O5	[M + H]+	C37H63O5+	Terpenoids	0.856	Steroids	0.955	Cholane steroids	0.625	Lipids and lipid-like molecules	0.993	Steroids and steroid derivatives	0.951	Bile acids, alcohols and derivatives	0.691	Hydroxy bile acids, alcohols and derivatives	0.533	Hydroxy bile acids, alcohols and derivatives	0.533	Organic compounds; Lipids and lipid-like molecules; Alcohols and polyols; Steroids and steroid derivatives; Organic acids and derivatives; Carboxylic acids and derivatives; Organooxygen compounds; Dicarboxylic acids and derivatives; Carboxylic acid derivatives; Carboxylic acid esters; Hydroxysteroids; Bile acids, alcohols and derivatives; Secondary alcohols; Steroid esters; Carbonyl compounds; Hydroxy bile acids, alcohols and derivatives; Organic oxides; Hydrocarbon derivatives; Organic oxygen compounds; Chemical entities	587.468	637	10.621	816967594837397883	816964287938418420	816964287938418419	4403	
1	C28H46	[M + H]+	C28H47+	Terpenoids	0.997	Triterpenoids	0.858	Hopane and Moretane triterpenoids	0.304	Lipids and lipid-like molecules	0.979	Prenol lipids	0.834					Prenol lipids	0.834	Organic compounds; Lipids and lipid-like molecules; Prenol lipids; Hydrocarbons; Olefins; Cyclic olefins; Polycyclic hydrocarbons; Unsaturated hydrocarbons; Unsaturated aliphatic hydrocarbons; Branched unsaturated hydrocarbons; Chemical entities	383.366	638	10.636	816967591989464672	816964288009721593	816964288009721592	4406	
1	C24H38O4	[M + H]+	C24H39O4+	Shikimates and Phenylpropanoids	0.213	Phenolic acids (C6-C1)	0.094	Simple phenolic acids	0.079	Benzenoids	0.999	Benzene and substituted derivatives	0.995	Benzoic acids and derivatives	0.996	Benzoic acid esters	0.987	Benzoic acid esters	0.987	Organic compounds; Benzoic acids and derivatives; Organic acids and derivatives; Carboxylic acids and derivatives; Benzoyl derivatives; Organooxygen compounds; Dicarboxylic acids and derivatives; Carboxylic acid derivatives; Carboxylic acid esters; Benzoic acid esters; Benzene and substituted derivatives; Benzenoids; Organic oxides; Hydrocarbon derivatives; Organic oxygen compounds; Chemical entities	391.283	639	10.656	816967592408895216	816964288143939331	816964288143939330	4411	
1	C24H38O4	[M + Na]+	C24H38NaO4+	Terpenoids	0.392	Sesquiterpenoids	0.110	Catechols with side chains	0.017	Benzenoids	0.940	Benzene and substituted derivatives	0.899	Benzoic acids and derivatives	0.901	Benzoic acid esters	0.856	Benzoic acid esters	0.856	Organic compounds; Benzoic acids and derivatives; Organic acids and derivatives; Carboxylic acids and derivatives; Benzoyl derivatives; Organooxygen compounds; Dicarboxylic acids and derivatives; Carboxylic acid derivatives; Carboxylic acid esters; Benzoic acid esters; Benzene and substituted derivatives; Benzenoids; Organic oxides; Hydrocarbon derivatives; Organic oxygen compounds; Chemical entities	413.265	640	10.659	816967593646215180	816964288248796941	816964288248796940	4414	
1	C20H41NO	[M + H]+	C20H42NO+	Fatty acids	0.996	Fatty amides	0.992	Primary amides	0.513	Lipids and lipid-like molecules	0.707	Fatty Acyls	0.667	Fatty amides	0.710	N-acyl amines	0.536	N-acyl amines	0.536	Organic compounds; Lipids and lipid-like molecules; Organic acids and derivatives; Carboxylic acids and derivatives; Organonitrogen compounds; Organooxygen compounds; Fatty amides; Carboxylic acid amides; Carboxylic acid derivatives; N-acyl amines; Carbonyl compounds; Amines; Fatty Acyls; Organic oxides; Hydrocarbon derivatives; Organopnictogen compounds; Organic oxygen compounds; Organic nitrogen compounds; Chemical entities	312.324	640	10.662	816967596032774844	816964288315905810	816964288315905809	4417	
3	C18H34N4O4	[M + Na]+	C18H34N4NaO4+	Amino acids and Peptides	0.770	Small peptides	0.786	Tripeptides	0.205	Organic acids and derivatives	0.960	Carboxylic acids and derivatives	0.910	Amino acids, peptides, and analogues	0.641	Amino acids and derivatives	0.632	Amino acids and derivatives	0.632	Organic compounds; Organoheterocyclic compounds; Lipids and lipid-like molecules; Amino acids, peptides, and analogues; Organic acids and derivatives; Carboxylic acids and derivatives; Organonitrogen compounds; Organooxygen compounds; Amino acids and derivatives; Azoles; Carboxylic acid amides; Carboxylic acid derivatives; Carbonyl compounds; Amines; Fatty Acyls; Organic oxides; Azacyclic compounds; Oxacyclic compounds; Heteroaromatic compounds; Hydrocarbon derivatives; Organopnictogen compounds; Organic oxygen compounds; Organic nitrogen compounds; Chemical entities	393.244	640	10.669	816967600273217008	816964288395597591	816964288395597590	4407	
2	C18H32O2	[M - H2O + H]+	C18H31O+	Fatty acids	0.999	Fatty Acids and Conjugates	0.840	Unsaturated fatty acids	0.662	Lipids and lipid-like molecules	0.977	Fatty Acyls	0.970	Fatty acids and conjugates	0.960	Long-chain fatty acids	0.962	Long-chain fatty acids	0.962	Organic compounds; Lipids and lipid-like molecules; Fatty acids and conjugates; Organic acids and derivatives; Carboxylic acids and derivatives; Organooxygen compounds; Straight chain fatty acids; Unsaturated fatty acids; Monocarboxylic acids and derivatives; Carboxylic acids; Carbonyl compounds; Long-chain fatty acids; Fatty Acyls; Organic oxides; Hydrocarbon derivatives; Organic oxygen compounds; Chemical entities	263.236	641	10.685	816967596083106514	816964288542398241	816964288542398240	4421	
1	C19H34O2	[M + H]+	C19H35O2+	Fatty acids	0.971	Fatty Acids and Conjugates	0.640	Unsaturated fatty acids	0.685	Lipids and lipid-like molecules	0.978	Fatty Acyls	0.908	Fatty acids and conjugates	0.559	Long-chain fatty acids	0.660	Long-chain fatty acids	0.660	Organic compounds; Lipids and lipid-like molecules; Fatty acids and conjugates; Organic acids and derivatives; Carboxylic acids and derivatives; Organooxygen compounds; Straight chain fatty acids; Unsaturated fatty acids; Monocarboxylic acids and derivatives; Carboxylic acids; Carbonyl compounds; Long-chain fatty acids; Fatty Acyls; Organic oxides; Hydrocarbon derivatives; Organic oxygen compounds; Chemical entities	295.262	641	10.686	816967605071501610	816964288613701414	816964288613701413	4422	
4	C16H30	[M + Na]+	C16H30Na+	Terpenoids	0.706	Sesquiterpenoids	0.566	Hydrocarbons	0.329	Lipids and lipid-like molecules	0.652	Prenol lipids	0.636					Prenol lipids	0.636	Organic compounds; Lipids and lipid-like molecules; Prenol lipids; Hydrocarbons; Saturated hydrocarbons; Unsaturated hydrocarbons; Unsaturated aliphatic hydrocarbons; Chemical entities	245.225	641	10.689	816967598696158388	816964288685004587	816964288685004586	4423	
2	C25H22N4O	[M + H]+	C25H23N4O+	Alkaloids	0.827	Anthranilic acid alkaloids	0.280	Carboline alkaloids	0.034	Benzenoids	0.999	Benzene and substituted derivatives	0.969	Benzoic acids and derivatives	0.510			Benzoic acids and derivatives	0.510	Organic compounds; Organoheterocyclic compounds; Benzoic acids and derivatives; Organic acids and derivatives; Carboxylic acids and derivatives; Organonitrogen compounds; Organooxygen compounds; Azoles; Carboxylic acid amides; Toluenes; Carboxylic acid derivatives; Secondary carboxylic acid amides; Benzene and substituted derivatives; Benzenoids; Organic oxides; Azacyclic compounds; Heteroaromatic compounds; Hydrocarbon derivatives; Organopnictogen compounds; Organic oxygen compounds; Organic nitrogen compounds; Chemical entities	395.186	642	10.692	816967602047407966	816964288827610933	816964288827610932	4425	
1	C26H54NO7P	[M + H]+	C26H55NO7P+	Fatty acids	0.999	Glycerophospholipids	1.000	Glycerophosphocholines	0.999	Lipids and lipid-like molecules	0.977	Glycerophospholipids	0.997	Glycerophosphocholines	0.993	Lysophosphatidylcholines	0.950	1-acyl-sn-glycero-3-phosphocholines	0.951	Organic compounds; Lipids and lipid-like molecules; Alcohols and polyols; Glycerophospholipids; Organic acids and derivatives; Carboxylic acids and derivatives; Organonitrogen compounds; Organooxygen compounds; Fatty acid esters; Organic phosphoric acids and derivatives; Phosphate esters; Quaternary ammonium salts; Cholines; Carboxylic acid derivatives; Monocarboxylic acids and derivatives; Carboxylic acid esters; Phosphocholines; Lysophosphatidylcholines; 1-acyl-sn-glycero-3-phosphocholines; Secondary alcohols; Carbonyl compounds; Glycerophosphocholines; Amines; Alkyl phosphates; Dialkyl phosphates; Organic cations; Organic salts; Fatty Acyls; Organic oxides; Hydrocarbon derivatives; Tetraalkylammonium salts; Organopnictogen compounds; Organic oxygen compounds; Organic nitrogen compounds; Chemical entities	524.369	642	10.697	816967604358469740	816964288869553978	816964288869553977	4427	
1	C26H54NO7P	[M + Na]+	C26H54NNaO7P+	Fatty acids	1.000	Glycerophospholipids	1.000	Glycerophosphocholines	0.967	Lipids and lipid-like molecules	0.981	Glycerophospholipids	0.995	Glycerophosphocholines	0.878	Lysophosphatidylcholines	0.808	1-acyl-sn-glycero-3-phosphocholines	0.810	Organic compounds; Lipids and lipid-like molecules; Alcohols and polyols; Glycerophospholipids; Organic acids and derivatives; Carboxylic acids and derivatives; Organonitrogen compounds; Organooxygen compounds; Fatty acid esters; Organic phosphoric acids and derivatives; Phosphate esters; Quaternary ammonium salts; Cholines; Carboxylic acid derivatives; Monocarboxylic acids and derivatives; Carboxylic acid esters; Phosphocholines; Lysophosphatidylcholines; 1-acyl-sn-glycero-3-phosphocholines; Secondary alcohols; Carbonyl compounds; Glycerophosphocholines; Amines; Alkyl phosphates; Dialkyl phosphates; Organic cations; Organic salts; Fatty Acyls; Organic oxides; Hydrocarbon derivatives; Tetraalkylammonium salts; Organopnictogen compounds; Organic oxygen compounds; Organic nitrogen compounds; Chemical entities	546.351	642	10.707	816967600973665845	816964288940857151	816964288940857150	4428	
1	C28H48O2	[M + Na]+	C28H48NaO2+	Terpenoids	0.982	Triterpenoids	0.912	Oleanane triterpenoids	0.160	Lipids and lipid-like molecules	0.952	Prenol lipids	0.843	Triterpenoids	0.669			Triterpenoids	0.669	Organic compounds; Lipids and lipid-like molecules; Prenol lipids; Organic acids and derivatives; Carboxylic acids and derivatives; Organooxygen compounds; Monocarboxylic acids and derivatives; Triterpenoids; Carbonyl compounds; Organic oxides; Hydrocarbon derivatives; Organic oxygen compounds; Chemical entities	439.354	644	10.734	816967602793994177	816964289075074889	816964289075074888	4435	
1	C23H47N5O	[M + H]+	C23H48N5O+	Alkaloids	0.701	Fatty amides	0.202	Imidazole alkaloids	0.109	Lipids and lipid-like molecules	0.735	Fatty Acyls	0.603	Fatty amides	0.605	N-acyl amines	0.516	N-acyl amines	0.516	Organic compounds; Organoheterocyclic compounds; Lipids and lipid-like molecules; Organic acids and derivatives; Carboxylic acids and derivatives; Organonitrogen compounds; Organooxygen compounds; Fatty amides; Carboxylic acid amides; Carboxylic acid derivatives; N-acyl amines; Secondary carboxylic acid amides; Carbonyl compounds; Amines; Fatty Acyls; Organic oxides; Azacyclic compounds; Heteroaromatic compounds; Hydrocarbon derivatives; Organopnictogen compounds; Organic oxygen compounds; Organic nitrogen compounds; Chemical entities	410.385	645	10.744	816967601598617313	816964289200904019	816964289200904018	4439	
2	C30H48	[M + H]+	C30H49+	Terpenoids	0.999	Triterpenoids	0.977	Lupane triterpenoids	0.228	Lipids and lipid-like molecules	0.985	Prenol lipids	0.936	Triterpenoids	0.703			Triterpenoids	0.703	Organic compounds; Lipids and lipid-like molecules; Prenol lipids; Triterpenoids; Hydrocarbons; Olefins; Cyclic olefins; Polycyclic hydrocarbons; Unsaturated hydrocarbons; Unsaturated aliphatic hydrocarbons; Branched unsaturated hydrocarbons; Chemical entities	409.381	646	10.761	816967610117250000	816964289247041368	816964289247041367	4437	
1	C24H36O4	[M + Na]+	C24H36NaO4+	Terpenoids	0.830	Diterpenoids	0.214	Cholane steroids	0.149	Lipids and lipid-like molecules	0.950	Prenol lipids	0.583					Prenol lipids	0.583	Organic compounds; Lipids and lipid-like molecules; Prenol lipids; Organic acids and derivatives; Carboxylic acids and derivatives; Organooxygen compounds; Carboxylic acid derivatives; Monocarboxylic acids and derivatives; Carboxylic acid esters; Carbonyl compounds; Fatty Acyls; Organic oxides; Hydrocarbon derivatives; Organic oxygen compounds; Chemical entities	411.252	646	10.771	816967606883441095	816964289486116711	816964289452562278	4450	
1	C37H70O5	[M + Na]+	C37H70NaO5+	Fatty acids	1.000	Glycerolipids	1.000	Diacylglycerols	1.000	Lipids and lipid-like molecules	0.997	Glycerolipids	0.997	Diradylglycerols	0.994	Diacylglycerols	0.998	1,2-diacylglycerols	0.992	Organic compounds; Lipids and lipid-like molecules; Alcohols and polyols; Glycerolipids; Organic acids and derivatives; Carboxylic acids and derivatives; Primary alcohols; Organooxygen compounds; Fatty acid esters; Dicarboxylic acids and derivatives; Carboxylic acid derivatives; Diacylglycerols; Carboxylic acid esters; 1,2-diacylglycerols; Carbonyl compounds; Diradylglycerols; Fatty Acyls; Organic oxides; Hydrocarbon derivatives; Organic oxygen compounds; Chemical entities	617.510	646	10.771	816967607860714080	816964289557419884	816964289557419883	4434	
2	C21H37FO5	[M + H]+	C21H38FO5+	Fatty acids	0.998	Glycerolipids	0.822	Monoacylglycerols	0.748	Lipids and lipid-like molecules	0.960	Glycerolipids	0.715	Monoradylglycerols	0.714	Monoacylglycerols	0.565	Monoacylglycerols	0.565	Organic compounds; Lipids and lipid-like molecules; Alcohols and polyols; Glycerolipids; Organic acids and derivatives; Carboxylic acids and derivatives; Organohalogen compounds; Organooxygen compounds; Fatty acid esters; Carboxylic acid derivatives; Monoacylglycerols; Monocarboxylic acids and derivatives; Carboxylic acid esters; Organofluorides; Secondary alcohols; Carbonyl compounds; Alkyl halides; Monoradylglycerols; Fatty Acyls; Organic oxides; Hydrocarbon derivatives; Organic oxygen compounds; Chemical entities	389.271	646	10.772	816967610356325396	816964289637111665	816964289637111664	4451	
2	C22H36N8O6	[M + Na]+	C22H36N8NaO6+	Amino acids and Peptides	0.961	Oligopeptides	0.868	Cyclic peptides	0.163	Organic acids and derivatives	0.982	Carboxylic acids and derivatives	0.957	Amino acids, peptides, and analogues	0.955	Peptides	0.578	Peptides	0.578	Organic compounds; Organoheterocyclic compounds; Lipids and lipid-like molecules; Amino acids, peptides, and analogues; Alpha amino acids and derivatives; Pyrimidines and pyrimidine derivatives; Imidazoles; Alcohols and polyols; Organic acids and derivatives; Carboxylic acids and derivatives; Organonitrogen compounds; Primary alcohols; Organooxygen compounds; Fatty amides; Amino acids and derivatives; Peptides; Azoles; Monoalkylamines; Carboxylic acid amides; Carboxylic acid derivatives; N-acyl amines; N-acyl-alpha amino acids and derivatives; Aminopyrimidines and derivatives; Diazines; Secondary carboxylic acid amides; Carbonyl compounds; Alpha amino acid amides; Amines; Primary amines; Fatty Acyls; Organic oxides; Azacyclic compounds; Heteroaromatic compounds; Hydrocarbon derivatives; Organopnictogen compounds; Organic oxygen compounds; Organic nitrogen compounds; Chemical entities	531.267	647	10.783	816967619109838719	816964289691637622	816964289691637621	4458	
1	C15H32N6O	[M + H]+	C15H33N6O+	Alkaloids	0.676	Ornithine alkaloids	0.074	Polyamines	0.015	Organoheterocyclic compounds	0.985	Triazines	0.671	1,3,5-triazines	0.823	Alkoxy-S-triazines	0.546	Alkoxy-S-triazines	0.546	Organic compounds; Organoheterocyclic compounds; Triazines; Ethers; Organonitrogen compounds; Organooxygen compounds; Azoles; Dialkyl ethers; Aminotriazines; Amines; Tertiary amines; N-aliphatic s-triazines; 1,3,5-triazines; Azacyclic compounds; Oxacyclic compounds; Heteroaromatic compounds; Hydrocarbon derivatives; Organopnictogen compounds; Organic oxygen compounds; Alkoxy-S-triazines; Organic nitrogen compounds; 1,3,5-triazine-2,4-diamines; Chemical entities	313.272	648	10.792	816967611698502921	816964289825855360	816964289825855359	4463	
4	C22H45O9P	[M + Na]+	C22H45NaO9P+	Fatty acids	1.000	Glycerophospholipids	1.000	Glycerophosphoglycerols	0.866	Lipids and lipid-like molecules	0.994	Glycerophospholipids	0.998	Glycerophosphoglycerols	0.841	Lysophosphatidylglycerols	0.862	Lysophosphatidylglycerols	0.862	Organic compounds; Lipids and lipid-like molecules; Alcohols and polyols; Glycerophospholipids; Organic acids and derivatives; Carboxylic acids and derivatives; Primary alcohols; Lysophosphatidylglycerols; Organooxygen compounds; Fatty acid esters; Organic phosphoric acids and derivatives; Phosphate esters; Carboxylic acid derivatives; Monocarboxylic acids and derivatives; Carboxylic acid esters; Secondary alcohols; Carbonyl compounds; Glycerophosphoglycerols; Alkyl phosphates; Dialkyl phosphates; Fatty Acyls; Organic oxides; Hydrocarbon derivatives; Organic oxygen compounds; Chemical entities	507.267	648	10.796	816967617067212546	816964289867798405	816964289867798404	4464	
1	C34H65NO3	[M - H2O + H]+	C34H64NO2+	Fatty acids	1.000	Spingolipids	1.000	Ceramides	1.000	Lipids and lipid-like molecules	0.993	Sphingolipids	0.993	Ceramides	0.998	Long-chain ceramides	0.715	Long-chain ceramides	0.715	Organic compounds; Lipids and lipid-like molecules; Alcohols and polyols; Sphingolipids; Organic acids and derivatives; Carboxylic acids and derivatives; Organonitrogen compounds; Primary alcohols; Organooxygen compounds; Fatty amides; Carboxylic acid amides; Carboxylic acid derivatives; N-acyl amines; Ceramides; Secondary alcohols; Secondary carboxylic acid amides; Long-chain ceramides; Carbonyl compounds; Fatty Acyls; Organic oxides; Hydrocarbon derivatives; Organopnictogen compounds; Organic oxygen compounds; Organic nitrogen compounds; Chemical entities	518.491	649	10.815	816967612197625229	816964289939101578	816964289939101577	4470	
1	C34H65NO3	[M + H]+	C34H66NO3+	Fatty acids	1.000	Spingolipids	1.000	Ceramides	1.000	Lipids and lipid-like molecules	0.993	Sphingolipids	0.994	Ceramides	0.998	Long-chain ceramides	0.722	Long-chain ceramides	0.722	Organic compounds; Lipids and lipid-like molecules; Alcohols and polyols; Sphingolipids; Organic acids and derivatives; Carboxylic acids and derivatives; Organonitrogen compounds; Primary alcohols; Organooxygen compounds; Fatty amides; Carboxylic acid amides; Carboxylic acid derivatives; N-acyl amines; Ceramides; Secondary alcohols; Secondary carboxylic acid amides; Long-chain ceramides; Carbonyl compounds; Fatty Acyls; Organic oxides; Hydrocarbon derivatives; Organopnictogen compounds; Organic oxygen compounds; Organic nitrogen compounds; Chemical entities	536.502	649	10.818	816967621215379469	816964290148816793	816964290148816792	4472	
1	C27H44	[M + H]+	C27H45+	Terpenoids	0.989	Steroids	0.737	Cholestane steroids	0.567	Lipids and lipid-like molecules	0.988	Steroids and steroid derivatives	0.776					Steroids and steroid derivatives	0.776	Organic compounds; Lipids and lipid-like molecules; Steroids and steroid derivatives; Prenol lipids; Hydrocarbons; Olefins; Cyclic olefins; Polycyclic hydrocarbons; Unsaturated hydrocarbons; Unsaturated aliphatic hydrocarbons; Branched unsaturated hydrocarbons; Chemical entities	369.345	650	10.833	816967628941287828	816964290421446573	816964290421446572	4476	
5	C27H43F	[M + Na]+	C27H43FNa+	Terpenoids	0.981	Diterpenoids	0.705	Sphaerane diterpenoids	0.045	Lipids and lipid-like molecules	0.871	Prenol lipids	0.746					Prenol lipids	0.746	Organic compounds; Lipids and lipid-like molecules; Prenol lipids; Organohalogen compounds; Alkyl halides; Hydrocarbon derivatives; Chemical entities	409.328	651	10.853	816967636574921843	816964290530498482	816964290530498481	4482	
1	C20H42O	[M + Na]+	C20H42NaO+	Fatty acids	0.999	Fatty acyls	0.999	Fatty alcohols	0.999	Lipids and lipid-like molecules	0.807	Fatty Acyls	0.828	Fatty alcohols	0.897	Long-chain fatty alcohols	0.668	Long-chain fatty alcohols	0.668	Organic compounds; Lipids and lipid-like molecules; Alcohols and polyols; Primary alcohols; Organooxygen compounds; Fatty alcohols; Long-chain fatty alcohols; Fatty Acyls; Hydrocarbon derivatives; Organic oxygen compounds; Chemical entities	321.314	653	10.884	816967642904126722	816964290698270657	816964290698270656	4489	
1	C22H43NO	[M + H]+	C22H44NO+	Fatty acids	1.000	Fatty amides	1.000	Primary amides	1.000	Lipids and lipid-like molecules	0.889	Fatty Acyls	0.914	Fatty amides	0.887			Fatty amides	0.887	Organic compounds; Lipids and lipid-like molecules; Organic acids and derivatives; Carboxylic acids and derivatives; Organonitrogen compounds; Organooxygen compounds; Fatty amides; Carboxylic acid amides; Carboxylic acid derivatives; Primary carboxylic acid amides; Carbonyl compounds; Fatty Acyls; Organic oxides; Hydrocarbon derivatives; Organopnictogen compounds; Organic oxygen compounds; Organic nitrogen compounds; Chemical entities	338.341	653	10.887	816967648524494519	816964290803128267	816964290803128266	4496	
1	C19H35N3O2	[M + H]+	C19H36N3O2+	Fatty acids	0.730	Fatty amides	0.885	Primary amides	0.385	Lipids and lipid-like molecules	0.780	Fatty Acyls	0.653	Fatty amides	0.660			Fatty amides	0.660	Organic compounds; Lipids and lipid-like molecules; Organic acids and derivatives; Carboxylic acids and derivatives; Organonitrogen compounds; Organooxygen compounds; Fatty amides; Carboxylic acid amides; Carboxylic acid derivatives; Primary carboxylic acid amides; Carbonyl compounds; Fatty Acyls; Organic oxides; Hydrocarbon derivatives; Organopnictogen compounds; Organic oxygen compounds; Organic nitrogen compounds; Chemical entities	338.281	654	10.894	816967662529276784	816964291042203610	816964291042203609	4503	
1	C36H69NO4	[M + H]+	C36H70NO4+	Fatty acids	1.000	Spingolipids	1.000	Ceramides	1.000	Lipids and lipid-like molecules	0.991	Sphingolipids	0.975	Ceramides	0.991	Long-chain ceramides	0.745	Long-chain ceramides	0.745	Organic compounds; Carbohydrates and carbohydrate conjugates; Lipids and lipid-like molecules; Alcohols and polyols; Sphingolipids; Organic acids and derivatives; Carboxylic acids and derivatives; Organonitrogen compounds; Primary alcohols; Organooxygen compounds; Fatty amides; Carboxylic acid amides; Carboxylic acid derivatives; N-acyl amines; Ceramides; Monosaccharides; Secondary alcohols; Secondary carboxylic acid amides; Long-chain ceramides; Carbonyl compounds; Fatty Acyls; Organic oxides; Hydrocarbon derivatives; Organopnictogen compounds; Organic oxygen compounds; Organic nitrogen compounds; Chemical entities	580.528	656	10.934	816967655646423522	816964291151255524	816964291151255523	4505	
1	C36H64O6	[M + Na]+	C36H64NaO6+	Fatty acids	1.000	Glycerolipids	1.000	Diacylglycerols	0.982	Lipids and lipid-like molecules	0.997	Glycerolipids	0.984	Diradylglycerols	0.859	Diacylglycerols	0.888	1,2-diacylglycerols	0.911	Organic compounds; Lipids and lipid-like molecules; Alcohols and polyols; Glycerolipids; Organic acids and derivatives; Carboxylic acids and derivatives; Organooxygen compounds; Fatty acid esters; Dicarboxylic acids and derivatives; Carboxylic acid derivatives; Diacylglycerols; Carboxylic acid esters; Fatty alcohols; 1,2-diacylglycerols; Secondary alcohols; Carbonyl compounds; Diradylglycerols; Fatty Acyls; Organic oxides; Hydrocarbon derivatives; Organic oxygen compounds; Chemical entities	615.457	656	10.940	816967657059904060	816964291222558697	816964291222558696	4508	
1	C28H56NO7P	[M + H]+	C28H57NO7P+	Fatty acids	1.000	Glycerophospholipids	1.000	Glycerophosphocholines	0.999	Lipids and lipid-like molecules	0.977	Glycerophospholipids	0.998	Glycerophosphocholines	0.997	Lysophosphatidylcholines	0.929	1-acyl-sn-glycero-3-phosphocholines	0.925	Organic compounds; Lipids and lipid-like molecules; Alcohols and polyols; Glycerophospholipids; Organic acids and derivatives; Carboxylic acids and derivatives; Organonitrogen compounds; Organooxygen compounds; Fatty acid esters; Organic phosphoric acids and derivatives; Phosphate esters; Quaternary ammonium salts; Cholines; Carboxylic acid derivatives; Monocarboxylic acids and derivatives; Carboxylic acid esters; Phosphocholines; Lysophosphatidylcholines; 1-acyl-sn-glycero-3-phosphocholines; Secondary alcohols; Carbonyl compounds; Glycerophosphocholines; Amines; Alkyl phosphates; Dialkyl phosphates; Organic cations; Organic salts; Fatty Acyls; Organic oxides; Hydrocarbon derivatives; Tetraalkylammonium salts; Organopnictogen compounds; Organic oxygen compounds; Organic nitrogen compounds; Chemical entities	550.385	657	10.944	816967653356332996	816964291323221998	816964291323221997	4507	
1	C29H44O3	[M - H2O + H]+	C29H43O2+	Terpenoids	0.999	Meroterpenoids	0.976	Prenyl quinone meroterpenoids	0.987	Lipids and lipid-like molecules	0.966	Prenol lipids	0.940	Quinone and hydroquinone lipids	0.931	Vitamin E compounds	0.976	Vitamin E compounds	0.976	Organic compounds; Organoheterocyclic compounds; Lipids and lipid-like molecules; Benzopyrans; Alkyl aryl ethers; Ethers; Prenol lipids; Organic acids and derivatives; Carboxylic acids and derivatives; Organooxygen compounds; Monocarboxylic acids and derivatives; Carboxylic acids; Quinone and hydroquinone lipids; Vitamin E compounds; Diterpenoids; Carbonyl compounds; Benzenoids; 1-benzopyrans; Organic oxides; Oxacyclic compounds; Hydrocarbon derivatives; Organic oxygen compounds; Chemical entities	423.324	657	10.952	816967662319561547	816964291335804920	816964291335804919	4510	
