row ID,row m/z,row retention time,row ion mobility,row ion mobility unit,row CCS,correlation group ID,annotation network number,best ion,auto MS2 verify,identified by n=,partners,neutral M mass,Mots_18102024_Foodomics_CYF1_S52.mzML Peak area,Mots_18102024_Foodomics_CYF1_S53.mzML Peak area,Mots_18102024_Foodomics_CYF1_S54.mzML Peak area,Mots_18102024_Foodomics_CYF2_S55.mzML Peak area,Mots_18102024_Foodomics_CYF2_S56.mzML Peak area,Mots_18102024_Foodomics_CYF2_S57.mzML Peak area,
4,308.2165671839096,0.5613639,,,,,,,,,,,110.60992,228.97078,233.94974,405.71408,242.84166,413.14352,
6,246.93739173268895,0.59310555,,,,,,,,,,,180.34566,184.52261,187.63702,183.5071,185.7573,178.45258,
7,413.21135805983766,0.60596675,,,,7,,,,,,,939.3688,921.9796,894.8177,846.9934,830.748,857.4702,
26,232.9981536448047,0.6204527,,,,7,,,,,,,254.24265,253.23903,249.79604,431.25452,443.49738,424.3064,
27,265.17456098157834,0.62071663,,,,7,,,,,,,247.3483,248.91821,243.1357,353.40225,367.8004,365.8069,
28,251.15893053892773,0.62076664,,,,7,,,,,,,2240.2834,2198.2617,2173.1729,2149.6858,2153.2493,2230.9443,
30,300.97288104817926,0.62102777,,,,7,,,,,,,173.99217,165.15791,172.6734,340.5207,337.97357,334.78885,
40,247.01369298347603,0.6231389,,,,7,,,,,,,696.3224,683.37555,675.4033,1240.0673,1218.7471,1241.8206,
57,274.1384818911273,0.6236867,,,,,,,,,,,154.90807,166.27586,149.28047,4.5262265,0,8.494298,
52,235.1642112817805,0.6255445,,,,,,,,,,,137.3157,134.27536,130.08714,46.705162,93.063644,73.26593,
58,414.95277517333267,0.627275,,,,7,,,,,,,41.646564,32.202484,37.145317,185.47433,189.59828,184.62027,
61,221.14848693664086,0.630975,,,,7,,,,,,,98.2708,101.15438,87.2638,286.70215,305.43817,292.2251,
66,295.14847413155155,0.6423473,,,,,,,,,,,64.14756,57.666576,63.30628,52.59956,63.74628,62.49615,
5,146.16416904014832,0.64354724,,,,,,,,,,,247.39977,167.27592,177.5725,328.11215,215.21437,332.9204,
71,350.88375892585645,0.6527222,,,,10,,,,,,,77.52793,78.438614,81.89675,125.28186,129.88489,120.81395,
77,518.8061307478953,0.65509164,,,,10,,,,,,,148.58893,146.2957,160.38686,211.84772,216.52457,212.76569,
87,320.8648209248466,0.6580611,,,,10,,,,,,,924.70044,889.028,924.8683,1212.723,1237.1584,1179.0527,
103,488.78723069310973,0.6628139,,,,10,,,,,,,446.0443,445.93533,464.29184,436.6894,447.4869,444.35944,
130,380.7728980520358,0.68536663,,,,12,,,,,,,347.5482,334.75833,346.79218,294.67017,307.88113,318.85974,
143,292.84416489609697,0.69221395,,,,12,,,,,,,2373.9663,2395.087,2406.157,1623.3187,1664.6501,1647.2074,
144,290.84591181282957,0.69221663,,,,12,,,,,,,7986.09,8013.261,7984.376,5528.89,5551.877,5389.5835,
148,282.8147650268293,0.693464,,,,12,,,,,,,376.25177,376.56305,367.52924,285.98416,283.22397,279.89038,
149,448.74027019106825,0.69345,,,,12,,,,,,,483.59412,481.94092,501.04868,397.5359,388.82272,388.90417,
150,280.81712583418783,0.6940778,,,,12,,,,,,,660.79645,654.96124,659.9356,477.17328,474.58887,470.4312,
153,450.73765789340547,0.69470555,,,,12,,,,,,,368.56168,359.78156,373.87616,271.6885,278.53854,269.30453,
166,532.7010755226675,0.6978,,,,12,,,,,,,840.17523,859.7837,862.65845,614.9394,616.72614,605.7413,
167,534.6987730007492,0.69780827,,,,12,,,,,,,712.2583,699.0656,677.8437,502.56622,499.48795,509.07184,
178,460.76663656858545,0.7027306,,,,12,,,,,,,1364.9364,1321.6561,1304.2574,834.6108,813.9128,836.41986,
179,458.7682403849653,0.70335275,,,,12,,,,,,,2922.9277,2915.0317,2926.4265,1829.961,1865.5173,1852.8773,
181,374.8070282911729,0.70396113,,,,12,,,,,,,1018.5471,1009.96515,1021.57806,650.4171,666.45074,647.9591,
182,626.6904699587518,0.7057,,,,12,,,,,,,736.2132,722.6222,728.5908,441.32333,460.54538,434.8728,
184,542.7294127904283,0.7070222,,,,12,,,,,,,3659.892,3671.6958,3705.3115,2227.7363,2251.4026,2195.7493,
185,544.727749324876,0.70823336,,,,12,,,,,,,1964.3472,1955.5223,1951.2826,1175.5636,1161.2292,1153.7028,
186,628.6889250041157,0.7088334,,,,12,,,,,,,441.0899,432.85638,434.15784,276.75366,282.97556,276.14417,
190,710.6514706483504,0.71368605,,,,12,,,,,,,426.96304,427.86438,426.58997,263.3037,272.61774,257.7468,
197,179.98127331134685,0.72571945,,,,9,0,[M+K]+,,2,203;197,141.01816,313.6037,306.6447,303.09653,177.05275,188.80144,166.74063,
201,585.770766301801,0.72810555,,,,9,,,,,,,236.72144,223.92107,230.85786,165.38593,159.97906,162.9011,
203,142.02548009045054,0.7287083,,,,9,0,[M+H]+,,2,203;197,141.01816,403.5355,390.12878,419.05118,207.13899,214.41153,195.15779,
210,465.0390138929028,0.74186665,,,,,,,,,,,453.94174,435.0381,445.19507,836.6741,835.5254,819.9916,
213,221.04113538986283,0.7496777,,,,14,,,,,,,7849.327,7834.8193,7704.2896,15461.637,15331.118,15311.287,
215,207.20561765296645,0.7545028,,,,14,,,,,,,260.80795,249.80634,241.09698,260.29074,266.53156,271.90433,
220,219.02548352672625,0.7574834,,,,14,,,,,,,13250.204,13108.54,13040.646,29047.367,29093.588,29071.621,
221,455.11452498855243,0.75871664,,,,14,,,,,,,907.05493,966.0547,949.0536,2571.5088,2613.334,2611.722,
223,104.1060917046453,0.76476663,,,,14,,,,,,,7464.2817,6955.1367,6794.682,8431.144,8301.51,8195.207,
226,293.06168757641166,0.7677472,,,,14,,,,,,,1190.8505,1085.1627,1174.3416,3209.6296,3192.0974,3184.1692,
232,381.0778742519258,0.7695639,,,,14,,,,,,,7096.7734,7108.5327,7168.179,15693.469,15730.762,15535.732,
222,543.130271383102,0.7756389,,,,14,,,,,,,649.9647,1162.1307,537.5721,1353.9144,1135.4435,994.16095,
237,249.03672463339444,0.7786722,,,,,,,,,,,223.70175,388.15445,387.09515,717.4955,734.8233,704.2604,
238,296.0646402438337,0.7798361,,,,0,,,,,,,517.1546,521.5854,510.88367,1405.923,1406.8876,1385.9492,
247,221.184842401496,0.79826385,,,,17,,,,,,,2579.959,2570.66,2501.5957,1598.2607,1584.4434,1598.1833,
250,502.79432756917055,0.8060889,,,,,,,,,,,91.54297,93.9879,100.75901,26.151144,47.093273,28.328047,
253,674.8076150813987,0.8199083,,,,,,,,,,,103.80536,120.869064,114.49629,73.51866,80.8358,83.68072,
257,250.91404639228062,0.82290834,,,,11,,,,,,,345.96445,337.84775,361.79645,345.73953,329.79282,234.89645,
258,334.87206059185377,0.82290554,,,,11,,,,,,,611.27386,618.9414,609.2482,411.05124,421.0031,415.73294,
259,462.8592819584337,0.8235,,,,11,,,,,,,185.22197,192.85371,194.23376,129.66049,131.80017,125.84258,
255,509.0650439144072,0.82441664,,,,,,,,,,,73.445656,70.1265,67.58984,233.24545,251.47777,243.38293,
264,378.89815835416294,0.8280639,,,,17,,,,,,,358.0852,315.1672,321.9088,276.78113,266.81006,286.63248,
268,294.93695815643656,0.83502775,,,,17,,,,,,,286.05695,254.77141,279.5455,234.03613,236.10205,252.09302,
271,138.05914140100634,0.8460083,,,,17,,,,,,,2786.1309,2803.6187,2792.141,2502.265,2460.598,2474.2947,
273,136.06116728113955,0.8629973,,,,,,,,,,,561.9291,591.9768,573.05896,642.3988,521.75165,503.32117,
277,241.15344745767575,0.88645834,,,,,,,,,,,932.5215,914.4798,929.6447,1216.5095,1222.553,1232.3019,
282,170.08012890252834,0.8961055,,,,,,,,,,,277.44955,329.56067,292.19348,329.58163,287.63483,334.66492,
283,543.1303233219247,0.8996778,,,,,,,,,,,1182.3795,612.4089,1195.4703,2742.0054,2725.0396,2708.6963,
286,152.0556028105663,0.9044972,,,,,,,,,,,507.88257,501.066,527.3805,322.56247,505.27676,483.8336,
288,388.88238661818474,0.9051056,,,,,,,,,,,138.70807,130.84312,145.40485,63.057964,55.319984,68.895966,
290,280.1378120473608,0.90993613,,,,16,,,,,,,745.63116,818.6501,814.2553,1398.7004,1413.463,1367.1378,
296,266.122104078,0.9178111,,,,16,,,,,,,861.9787,850.69257,837.68195,1027.8557,1053.9109,1091.5427,
306,183.08492365975766,0.9475778,,,,15,,,,,,,529.1685,596.3431,568.03864,1731.0819,1774.4362,1800.1437,
308,121.06385458513223,0.9512722,,,,15,,,,,,,1205.1577,1238.5173,1190.6716,834.61206,808.3955,797.91296,
314,137.04477960446675,0.96046114,,,,15,,,,,,,1695.3754,1726.877,1721.4114,1175.7714,1162.9307,1145.8153,
315,182.08011414681667,0.9610445,,,,15,,,,,,,1799.7195,1746.5092,1798.0637,2531.5457,2464.16,2451.8875,
320,365.10438932013614,0.96596104,,,,,,,,,,,74.57826,43.377304,36.830833,745.6296,731.5253,555.2356,
317,300.1429459382635,0.97079164,,,,,,,,,,,291.22638,344.32263,329.31647,428.10675,454.46545,447.31647,
318,124.0383473027283,0.9720028,,,,,,,,,,,1178.7994,1216.0455,1179.5798,1050.659,1015.059,1013.99695,
313,353.01486350406867,0.975725,,,,,,,,,,,358.65237,357.4599,333.51703,348.33917,542.35406,557.4791,
321,344.1325398459244,0.9817695,,,,,,,,,,,242.71054,254.1017,256.0412,470.50345,453.99786,449.64484,
322,140.03321854517836,0.98399997,,,,,,,,,,,323.33124,312.74686,329.74567,0,0,0,
301,291.0625848533361,0.9859972,,,,4,,,,,,,377.3044,201.50793,255.59671,661.3983,635.9967,647.1402,
325,153.03970553903557,0.9899972,,,,,,,,,,,898.7314,912.4942,908.5373,43.738125,20.522608,12.534185,
335,290.9784473843957,1.0068055,,,,,,,,,,,322.03076,305.164,294.4417,148.15572,148.74959,173.45296,
339,275.0062356734062,1.0138861,,,,,,,,,,,385.44684,375.8765,377.32367,240.3448,257.72018,235.83115,
345,474.216312763831,1.0379584,,,,6,,,,,,,198.83159,167.21838,36.78058,571.7177,556.4582,572.3775,
347,269.10595618851,1.0391582,,,,,,,,,,,28.321098,54.268707,44.263535,275.77896,320.52295,143.9107,
344,268.10277468410294,1.0418972,,,,6,,,,,,,1055.6241,1046.6753,1039.8491,2600.529,2629.8362,2623.5164,
331,230.16994854763655,1.0423778,,,,,,,,,,,1307.7471,1307.264,1575.8368,8.142923,29.223305,9.743725,
348,263.0202085890954,1.0571471,,,,,,,,,,,1064.074,985.44775,1028.9016,952.14526,966.03784,900.0887,
349,380.03858331227457,1.058664,,,,,,,,,,,401.81506,375.4337,385.42923,348.0537,333.22498,339.95914,
351,284.0977384628896,1.0619861,,,,,,,,,,,185.24821,230.58511,198.2624,689.92395,703.06714,694.7093,
357,332.10917786195586,1.0950137,,,,8,,,,,,,713.24945,753.29803,748.32355,1141.5969,1156.4885,1159.6981,
359,546.2737230429815,1.0982944,,,,,,,,,,,376.04898,390.7222,384.54004,7.6062117,9.802931,7.510921,
346,438.1958084327419,1.1003861,,,,,,,,,,,350.25067,349.9886,361.3282,512.34033,507.61777,521.67126,
360,384.2212960156715,1.1047138,,,,8,,,,,,,1108.5742,1104.2885,1088.4451,1468.0717,1476.9663,1486.0586,
365,453.1352763901636,1.1262027,,,,,,,,,,,1993.658,2039.7,2036.4156,888.2781,645.21954,885.6719,
366,456.20588566621063,1.1426166,,,,19,,,,,,,1382.6738,1408.7822,1371.7639,2055.3687,2023.0435,2050.8955,
367,294.153436610676,1.1428862,,,,19,,,,,,,7380.968,7380.279,7249.7197,11078.7295,11040.609,11100.6045,
369,276.14309521012996,1.1463084,,,,19,,,,,,,2181.444,2164.702,2150.527,3433.9426,3416.6716,3379.197,
371,353.07743783206826,1.1630722,,,,,,,,,,,1363.2643,1365.6044,1321.0156,1635.2039,1606.5768,1643.3507,
372,216.15835055482117,1.1651278,,,,,,,,,,,410.71103,377.81726,398.62698,367.61905,415.5193,413.91544,
373,352.08026673073397,1.1694528,,,,13,,,,,,,1031.6879,1015.2043,1017.90356,817.5613,812.2507,813.9366,
374,308.1324828302648,1.1797972,,,,,,,,,,,830.24146,805.6081,845.7323,828.354,830.30914,794.2825,
375,229.1535317479252,1.1827999,,,,13,,,,,,,4127.304,4112.9673,4156.3184,3942.0352,3882.2056,3990.633,
376,127.04924867609161,1.19315,,,,,,,,,,,426.6165,414.2226,419.7418,85.6618,219.12341,193.1634,
379,264.14234194151527,1.2229362,,,,21,,,,,,,213.9964,114.46469,140.23184,1158.6782,1264.6659,1208.6187,
381,281.0668631799001,1.226664,,,,21,,,,,,,2203.2644,2176.6155,2232.9788,1497.7069,1481.1765,1464.598,
385,235.06130323401894,1.2336417,,,,21,,,,,,,1442.0292,1398.8973,1434.7736,890.2437,891.7037,882.6678,
389,265.0946652352108,1.2457639,,,,,,,,,,,911.0868,891.9905,886.0504,585.0304,538.52374,548.1479,
386,280.0642484380368,1.2508,,,,21,,,,,,,760.2388,753.2879,780.0004,353.92908,406.53024,120.44777,
393,271.63103967768444,1.2580196,,,,,,,,,,,21.577143,2.822379,19.968668,271.25778,275.35873,254.50235,
398,190.99907231270575,1.2902833,,,,,,,,,,,1674.523,1652.5061,1700.9508,1275.8141,1327.6959,1283.8246,
410,280.07294908932766,1.3360056,,,,,,,,,,,27.966003,134.72513,142.49467,220.23509,144.12224,514.1216,
406,241.1534841279956,1.3613223,,,,20,,,,,,,5123.785,5127.2344,5143.7896,4995.005,5055.279,5046.233,
411,291.0819135856629,1.3795556,,,,20,,,,,,,4339.6226,4369.678,4382.349,7594.056,7798.5337,7896.552,
413,242.15679151816025,1.3815222,,,,,,,,,,,150.402,589.6602,187.54451,206.16913,189.1241,69.1143,
420,259.0249591025278,1.402103,,,,,,,,,,,161.41614,155.30614,153.01637,11.149605,3.7603168,2.1887832,
418,215.137931853242,1.4026943,,,,25,,,,,,,808.5867,834.03217,801.76965,740.6747,750.21423,789.4335,
430,276.1111818699849,1.4048666,,,,25,,,,,,,1026.0868,784.0227,762.56134,1090.2128,1016.64716,734.12354,
426,398.160844621899,1.4059083,,,,25,,,,,,,0,2.0018091,0,623.89264,619.6568,659.4919,
423,353.0517438902682,1.4064277,,,,25,,,,,,,718.6366,709.1935,752.41815,1575.6898,1653.3075,1568.1547,
421,558.1584079809869,1.4067196,,,,25,,,,,,,7.2142487,10.471575,12.241407,703.7632,708.21423,726.09045,
427,559.1651524085652,1.4098167,,,,25,,,,,,,5.060572,4.9748993,6.8470654,558.71735,574.38763,558.63446,
425,406.14653956322064,1.4101111,,,,25,,,,,,,2.0253549,2.1224566,3.0886853,645.4699,655.0018,662.17975,
433,421.0772208458015,1.4135417,,,,,,,,,,,164.8025,170.23717,165.94148,249.12482,255.9,256.31354,
435,322.6764276967458,1.4146639,,,,25,,,,,,,24.911753,28.544706,45.634895,515.7181,515.8794,558.7213,
434,219.13281483151925,1.4172195,,,,,,,,,,,48.011154,30.505703,74.32384,368.14703,394.10117,382.8682,
436,275.10888506858777,1.4187027,,,,25,,,,,,,5514.9565,5399.836,5446.57,12634.068,12845.687,12725.752,
439,527.2292214982045,1.4223388,,,,25,,,,,,,198.17094,187.80615,198.58423,1278.1852,1246.0696,1280.4995,
442,418.20559193895133,1.4594527,,,,,,,,,,,701.3169,679.9127,687.9065,2139.4597,2188.5103,2159.0015,
445,423.12467344472117,1.5115361,,,,,,,,,,,908.2933,979.7685,1143.9528,1139.8761,1185.4629,1072.2162,
447,121.08310160169587,1.5175695,,,,23,,,,,,,840.1973,811.2736,751.72424,1025.4225,803.08344,1045.1113,
451,166.08534687905066,1.5210055,,,,23,1,[M+H]+,,2,458;451,165.078,32562.086,32311.242,32322.867,36945.46,37264.902,37244.566,
453,120.07983359626547,1.5229416,,,,23,,,,,,,10274.79,10243.765,10154.805,12692.511,12865.926,12853.358,
454,167.0884596215527,1.5239445,,,,23,,,,,,,4704.509,4651.4604,4639.899,5746.0254,5790.6167,5784.2983,
455,166.14282955645294,1.5268861,,,,,,,,,,,698.78015,722.2356,716.1914,756.1412,766.51953,802.97815,
458,188.06715036323462,1.5326389,,,,23,1,[M+Na]+,,2,458;451,165.078,838.685,813.5224,803.23206,872.4418,912.4274,899.3319,
460,441.18515107305024,1.5414389,,,,,,,,,,,322.20258,299.36124,309.2777,0,0,0,
465,437.16146866010223,1.5844916,,,,,,,,,,,5.967799,53.197903,14.718626,838.74646,872.93744,869.1608,
466,190.10636929329624,1.6243888,,,,,,,,,,,389.30542,396.90955,400.7173,2.1506057,2.7981603,3.2472196,
470,360.1276313221765,1.6314334,,,,,,,,,,,291.7864,301.23596,323.2521,0,0,0,
477,237.11405095337284,1.6368445,,,,,,,,,,,20.540428,9.186986,15.502373,313.1102,334.76962,311.55112,
473,350.1195633610021,1.6377054,,,,,,,,,,,521.0772,523.065,518.567,1086.2358,1117.761,1108.9589,
474,472.1797151089574,1.6422973,,,,,,,,,,,65.92257,47.788578,36.59812,382.41644,354.87778,380.8025,
475,490.19018729966706,1.64715,,,,24,,,,,,,1455.9463,1459.2915,1436.195,2314.1616,2321.3572,2360.0266,
478,338.1197949710468,1.6590167,,,,,,,,,,,9.129289,4.744377,2.3720636,456.72568,69.79136,64.779816,
479,310.12738354091016,1.6601806,,,,24,,,,,,,3071.6494,3131.1619,3087.8743,5128.0396,5122.291,5143.0566,
480,328.1377112071674,1.6647304,,,,24,,,,,,,11137.964,11149.375,11058.8955,17684.584,17805.38,17852.346,
486,122.09549276229912,1.7188028,,,,,,,,,,,304.81216,278.07306,296.01468,250.98674,253.93459,250.49597,
493,387.2699506224692,1.7614945,,,,,,,,,,,2.418013,8.281553,2.430997,371.15186,356.3808,364.96738,
503,298.1273646250012,1.826825,,,,,,,,,,,28.770508,8.445992,8.772788,1189.3337,1171.303,1199.4197,
499,461.208621395569,1.8336333,,,,,,,,,,,159.46475,170.26369,165.50227,285.68387,271.39438,287.31253,
500,258.0721518528898,1.8340918,,,,26,2,[M+K]+,,3,505;504;500,219.10935,727.4355,745.3632,755.4744,737.3429,760.0951,782.9744,
501,221.1200800112241,1.8353834,,,,22,,,,,,,627.5033,267.19022,236.91327,626.7815,313.31824,491.4906,
504,220.11682733765767,1.8380445,,,,26,2,[M+H]+,,3,505;500;504,219.10935,6427.587,6458.754,6318.6875,6511.214,6568.3135,6599.004,
505,242.09872999303843,1.838675,,,,26,2,[M+Na]+,,3,505;504;500,219.10935,3819.196,3785.2905,3821.2986,4189.576,4219.7095,4226.1377,
509,115.03805324821887,1.9185529,,,,28,3,[M+H-H2O]+,,2,510;509,132.04134,518.93097,530.7847,513.72797,723.1931,721.0078,744.57776,
510,155.03054726583662,1.9213028,,,,28,3,[M+Na]+,,2,510;509,132.04134,1297.6599,1087.0463,1067.2533,1613.0045,1490.8461,1703.5807,
511,423.1246521964106,1.9425501,,,,,,,,,,,621.91986,626.3871,619.8738,432.1863,404.27887,340.1665,
512,407.15083885689415,1.9434862,,,,28,,,,,,,4859.2056,4868.526,4889.8774,4266.8306,4312.3877,4262.9497,
514,290.1696592996642,1.9547915,,,,,,,,,,,5.4031596,16.229012,7.0159073,663.8281,683.77026,691.43884,
520,211.10649506872645,2.0456362,,,,,,,,,,,519.63916,510.14767,517.05554,342.23962,354.1706,367.53488,
518,410.0881733360978,2.0512474,,,,,,,,,,,18.212574,10.099279,11.751402,542.9053,572.3918,611.6313,
521,418.16916557936264,2.0547473,,,,27,,,,,,,32.828648,78.12168,23.528744,403.36826,423.4849,425.8936,
529,183.09832873649532,2.0617669,,,,,,,,,,,409.3975,391.5951,395.586,12.979573,24.116163,14.477653,
526,360.21151134036313,2.068214,,,,,,,,,,,38.261005,116.20804,28.50515,479.56265,493.40253,483.54544,
523,431.2230565338735,2.074828,,,,,,,,,,,443.9069,447.26355,434.6812,1360.9304,1370.6074,1392.0209,
527,158.0801894335132,2.08075,,,,,,,,,,,708.51013,670.4033,633.2776,736.9885,760.73236,768.2344,
528,250.01260748828705,2.0919278,,,,27,,,,,,,348.37405,335.3212,305.42313,364.96127,413.52335,282.30945,
533,343.1961589464254,2.115761,,,,,,,,,,,526.98065,519.56116,484.2349,1597.0928,1636.4459,1702.8085,
534,167.11687503339837,2.162425,,,,,,,,,,,1111.4546,1109.1316,1088.1334,44.76928,15.435631,132.77133,
536,323.041056433392,2.1901166,,,,29,,,,,,,1438.3845,1417.7772,1406.5499,0,0,0,
538,206.09922664654016,2.2014499,,,,29,6,[M+NH4]+,,2,538;544,188.06551,2929.299,2906.4993,2870.2854,3885.2595,3932.9333,3950.5127,
539,205.09608434307802,2.202922,,,,29,4,[M+H]+,,2,540;539,204.0888,22905.93,22739.34,22570.242,29783.25,29680.557,29947.021,
543,409.1852531666554,2.202964,,,,,,,,,,,19.774036,44.30354,13.381607,303.45166,292.19748,328.43137,
540,227.07800545170517,2.2033167,,,,29,4,[M+Na]+,,2,540;539,204.0888,419.57697,347.4745,359.10074,907.56836,914.3412,928.7734,
542,188.0695719239089,2.2085192,,,,29,5,[M+H]+,,2,542;539,187.06228,13672.787,13566.997,13575.088,18536.55,18719.06,18780.89,
544,189.07288595577083,2.2110054,,,,29,6,[M+H]+,,2,538;544,188.06551,1104.4354,1681.7776,1631.3986,2255.8044,2257.5254,2245.9001,
545,146.05901767492097,2.2114165,,,,,,,,,,,435.7697,383.86975,420.17813,581.1733,579.9193,579.93823,
537,427.20600668977505,2.2145665,,,,,,,,,,,407.3163,749.1931,205.6591,0,0,0,
547,498.13782879346473,2.2170222,,,,29,,,,,,,780.4583,763.65314,771.38885,0,0,0,
551,242.09036596385036,2.2320945,,,,29,,,,,,,770.56757,760.105,749.42505,0,0,0,
552,499.1444624408193,2.2371,,,,29,,,,,,,715.8532,677.9226,687.864,0,0,0,
554,353.14518423943474,2.240122,,,,,,,,,,,416.96564,417.83807,430.73608,0,0,0,
557,245.09836165097192,2.2413113,,,,29,7,[M+Na]+,,2,556;557,222.10905,16600.027,16367.64,16281.608,1039.5531,1030.8378,1033.122,
556,261.0721118367853,2.2421668,,,,29,7,[M+K]+,,2,556;557,222.10905,1953.8578,1947.75,1927.1776,2.3718715,2.4804215,8.116398,
553,409.07751535620827,2.243625,,,,29,,,,,,,1258.9371,1245.4545,1240.0721,2.0528924,2.1698878,2.9205415,
558,393.1053728256623,2.2438388,,,,,,,,,,,615.34796,598.6523,585.98773,0,0,0,
559,399.1222296570447,2.247561,,,,,,,,,,,565.98456,557.0299,553.82074,0,0,0,
560,250.07637707219968,2.2481167,,,,29,,,,,,,919.47314,889.0428,875.2979,0,0,0,
564,454.6888262198085,2.2516139,,,,,,,,,,,23.934034,34.459198,32.013615,390.85406,390.20782,354.82373,
562,408.070035398083,2.2543776,,,,,,,,,,,518.6422,536.392,535.0604,0,0,0,
566,346.1956950136651,2.2757194,,,,,,,,,,,20.425564,14.287716,15.841062,824.9756,825.81683,809.58246,
577,144.07980492738412,2.3039582,,,,,,,,,,,836.1419,864.48035,832.68274,13.323605,40.450455,52.354248,
574,367.1486237246715,2.322875,,,,,,,,,,,1971.6124,1998.6652,1952.7004,3517.427,3466.7078,3460.957,
576,443.11461473426783,2.3339055,,,,,,,,,,,778.2135,807.062,801.08203,1271.3492,1292.168,1317.79,
579,282.9887058620929,2.4050915,,,,,,,,,,,585.77496,566.9025,592.72534,618.32916,624.86676,610.91656,
582,267.01635661994925,2.4156666,,,,,,,,,,,431.952,391.69937,423.47873,414.44507,436.64368,428.38025,
583,332.1812762439725,2.4297278,,,,,,,,,,,17.352678,20.121237,13.671946,539.6114,48.685318,549.2965,
585,462.1565851224263,2.43555,,,,,,,,,,,187.2804,204.88193,196.78505,783.1486,779.63214,814.50714,
589,369.1139791752367,2.4688973,,,,,,,,,,,17.194426,21.878086,13.910643,618.9514,576.83514,617.91,
593,373.24312446394856,2.5201025,,,,,,,,,,,184.12007,89.50084,204.03023,880.4504,896.1215,892.6044,
594,229.1535927243941,2.5228636,,,,,,,,,,,183.64926,2121.0427,961.3284,945.7177,642.1586,684.03174,
597,234.08624288590977,2.6043556,,,,,,,,,,,747.1769,706.9387,725.9891,0,0,0,
599,421.1665680338156,2.6518888,,,,,,,,,,,9.614067,16.077,15.327169,608.3315,626.93384,628.9076,
601,182.0779372622318,2.692522,,,,,,,,,,,451.09174,447.897,398.4591,0,0,0,
602,360.1276688453304,2.7091944,,,,,,,,,,,628.9076,617.1904,496.24805,0,0,0,
603,211.1066529029449,2.7586555,,,,,,,,,,,5297.7603,5218.6494,5246.1616,0,0,0,
607,295.16411164943213,2.8815415,,,,,,,,,,,10.596778,2.3181844,8.1069355,415.80792,443.5822,402.62143,
609,229.15355656942128,2.9029553,,,,,,,,,,,4628.998,277.1692,4563.787,4750.1055,4624.4126,4788.99,
617,262.048540649907,3.0083888,,,,30,,,,,,,708.2267,698.58984,695.50525,0,0,0,
624,238.1062472225716,3.0392554,,,,,,,,,,,506.61792,529.6596,495.5547,398.65634,402.63416,387.83832,
626,122.0954941676436,3.162639,,,,,,,,,,,324.26492,299.60336,351.21857,411.9117,347.8756,409.0245,
628,217.09625748430983,3.2189999,,,,,,,,,,,394.7624,428.76596,421.91403,341.05594,330.31567,380.5187,
629,298.0955007148121,3.237067,,,,,,,,,,,1025.427,994.17474,1005.0282,1281.401,1267.7605,1277.596,
630,337.17440177418575,3.267275,,,,,,,,,,,346.26205,316.7102,329.60883,709.75507,691.07477,718.1662,
634,421.1664874516812,3.3800306,,,,,,,,,,,1070.5625,1016.1346,1073.7137,1498.5295,1480.19,1533.8169,
636,318.2010473749853,3.4107583,,,,,,,,,,,6.8069115,2.6730943,2.4371111,354.99243,194.01529,44.457207,
638,265.1533821377989,3.5184975,,,,,,,,,,,114.26878,55.16232,61.26432,666.06665,649.548,662.76495,
645,295.12878724264266,3.6509,,,,,,,,,,,515.3711,514.11456,502.82825,1088.9078,1071.8071,1109.6093,
655,181.13245169066383,3.6986582,,,,,,,,,,,1006.1547,940.1884,922.3157,42.561054,58.24006,13.7419815,
662,471.1446964847185,3.766278,,,,,,,,,,,249.69765,177.23431,217.22101,592.95374,606.5004,604.2014,
668,381.21319528465295,3.791792,,,,,,,,,,,278.77695,266.81042,228.5527,442.5318,423.27228,454.41913,
669,448.1921701694983,3.7920275,,,,,,,,,,,741.8589,733.4567,747.97205,858.4661,869.95996,864.40796,
670,471.1297231348451,3.7996778,,,,,,,,,,,41.24344,132.51581,26.643494,25.43512,194.61343,235.95439,
667,307.17505857477425,3.818097,,,,31,,,,,,,31.018717,22.47655,50.058575,471.81735,338.40823,579.6674,
671,380.2161848553219,3.8251865,,,,,,,,,,,272.634,254.16318,253.64981,733.10693,729.20593,740.0487,
673,455.1506581716462,3.832053,,,,31,,,,,,,533.1584,475.79303,500.6426,992.49603,999.6998,998.1631,
677,425.17677839862154,3.834739,,,,,,,,,,,28.79708,8.487601,7.2410145,310.9631,296.12955,305.82544,
675,360.23321821436747,3.8404586,,,,,,,,,,,390.98602,366.9891,370.8511,414.63733,420.29306,423.4636,
678,701.246487062246,3.8434029,,,,,,,,,,,126.85011,127.95491,123.955536,214.60336,206.30055,230.19733,
679,679.2645821392656,3.8452332,,,,,,,,,,,219.40332,172.04892,198.66718,350.86514,269.852,290.20477,
680,300.1903661912385,3.851236,,,,,,,,,,,278.4965,250.68604,291.75208,445.78958,653.54486,668.9944,
683,346.23207444714626,3.8583555,,,,,,,,,,,27.129765,84.58037,104.552315,330.81454,353.3343,362.52655,
688,389.2379084020143,3.8717527,,,,,,,,,,,181.85359,188.64238,199.80833,602.9967,584.25146,572.4409,
689,319.1498782455714,3.875036,,,,33,,,,,,,1275.3528,1263.587,1268.0431,1383.9297,1416.7988,1421.364,
692,265.1532375985627,3.8821862,,,,33,,,,,,,323.89627,458.46518,45.989624,1186.6676,1116.0532,1143.3824,
694,865.194776855607,3.8959777,,,,,,,,,,,340.3528,249.94775,316.8852,507.54538,602.3215,570.28033,
695,288.190064989469,3.9026973,,,,,,,,,,,11.131647,3.7198966,2.3870673,259.81616,244.60616,248.85794,
697,255.12151124969841,3.9171526,,,,,,,,,,,243.03918,233.57954,249.94795,228.89383,219.53966,224.59364,
701,427.19885021876644,3.9174004,,,,,,,,,,,53.364597,44.215984,42.051525,362.6046,319.15,420.8006,
698,619.8081560586719,3.9185503,,,,,,,,,,,116.60304,96.082214,87.69126,530.94995,518.46454,527.31586,
705,196.09357259208787,3.935579,,,,,,,,,,,11.799185,509.27402,4.405408,0,326.67715,0,
706,510.73896063414344,3.9355557,,,,,,,,,,,37.772324,4.8412013,17.944277,401.07266,258.223,204.76085,
704,377.14890314945603,3.9362366,,,,,,,,,,,2840.9885,2531.9897,2770.9043,3.1597948,0,2.8076172,
707,519.7441667855937,3.9376554,,,,32,,,,,,,316.3792,313.79346,294.92203,1107.208,1111.7477,939.64233,
708,530.7347393787344,3.9379609,,,,32,,,,,,,39.021072,13.021921,94.261345,271.7872,281.31754,294.49982,
710,399.2333189890562,3.947636,,,,,,,,,,,54.171177,76.89044,64.63116,282.60626,274.11215,286.3616,
711,422.08876460337655,3.9496114,,,,,,,,,,,14.157389,36.769424,15.254977,219.2261,223.68918,247.61455,
713,409.2065174143795,3.9584892,,,,36,,,,,,,12.574233,112.5537,112.6179,533.1294,510.13803,516.3962,
715,590.8481704594179,3.9686973,,,,,,,,,,,2.3387623,3.942415,7.913206,224.70175,228.77519,256.6371,
718,345.5369748862802,3.969736,,,,,,,,,,,14.184034,11.456973,15.698297,179.8904,174.88686,179.6059,
719,316.22005597138485,3.9721167,,,,36,,,,,,,349.95435,323.84082,327.30548,921.771,954.65784,958.2182,
722,225.12221386187045,3.9785223,,,,36,,,,,,,1469.281,1391.7218,1425.2289,0,0,0,
724,154.04884220134593,3.9882777,,,,,,,,,,,559.60706,544.3037,557.45416,206.48573,215.30075,221.45308,
726,345.2116116420982,3.995322,,,,,,,,,,,15.878696,44.125763,30.855011,248.0096,253.23853,249.0108,
727,374.2521184276446,4.0115776,,,,,,,,,,,249.88817,225.49516,215.06671,246.37883,253.847,249.61026,
729,300.19045107698133,4.027797,,,,,,,,,,,296.67365,358.4118,299.24844,1444.9495,771.1322,792.09906,
728,466.2280386443874,4.034622,,,,,,,,,,,50.90667,4.435857,53.731804,301.142,278.18698,262.7749,
732,360.2112776812644,4.038533,,,,,,,,,,,78.71102,82.132675,68.66552,224.96797,99.217804,235.53241,
730,318.20096714935795,4.039714,,,,,,,,,,,58.392246,96.861,39.60805,324.6498,319.2287,335.97516,
733,379.87111741997336,4.0451164,,,,,,,,,,,19.494888,19.249228,13.483887,222.35071,250.27332,227.94029,
742,385.19389736388285,4.0503254,,,,,,,,,,,33.33305,26.005627,39.617027,238.75119,308.4842,269.44717,
738,322.1725819070318,4.057478,,,,44,,,,,,,18.961733,5.94242,8.729258,340.00482,279.6274,318.89352,
741,304.16426032709575,4.0614,,,,,,,,,,,252.45767,243.12251,249.56941,533.6344,539.2412,545.36993,
744,281.13823267761154,4.066281,,,,,,,,,,,371.19772,411.908,373.8402,314.90598,246.68378,281.34222,
747,632.3227429623304,4.069922,,,,,,,,,,,35.357212,36.877563,61.721226,210.96452,206.02455,196.45296,
748,499.12469656478856,4.072931,,,,,,,,,,,224.89145,224.35873,215.41643,291.07294,295.17422,297.05215,
750,483.1593869254047,4.0781302,,,,44,,,,,,,380.93924,368.37524,379.32913,414.7192,405.98267,424.236,
751,288.19047808845283,4.0783777,,,,44,,,,,,,401.0168,396.40356,389.2113,1042.0072,1022.8252,1013.77783,
752,265.14253689565373,4.079278,,,,44,,,,,,,880.36176,998.1865,990.5084,1272.0471,1268.3021,1239.2305,
753,467.18694285891615,4.079275,,,,44,,,,,,,3036.249,2934.0835,3011.0134,3316.75,3233.48,3268.98,
754,332.2163317364234,4.0838723,,,,,,,,,,,43.14209,3.7662935,10.061001,184.20085,135.31604,172.44385,
755,310.1727584571924,4.084483,,,,,,,,,,,19.954119,39.20334,21.833845,193.55188,183.55342,206.9177,
757,245.1847604147863,4.087797,,,,44,,,,,,,866.27795,845.4285,848.1661,1812.7539,1813.268,1833.318,
760,403.1559048708836,4.0939136,,,,,,,,,,,134.58948,111.99948,124.642334,178.29178,155.62276,161.821,
763,302.20601708393156,4.1119666,,,,,,,,,,,188.89125,193.34644,188.8989,565.90967,559.42896,547.6589,
767,587.2292358730322,4.1292553,,,,,,,,,,,184.33797,148.90634,158.86908,438.72092,410.71854,436.5034,
769,494.2744482834668,4.1371613,,,,,,,,,,,9.763008,14.775608,17.092438,331.4152,332.70853,488.61478,
776,405.2114789464729,4.162205,,,,,,,,,,,12.30986,27.728355,12.967779,58.509655,185.75658,144.22797,
775,352.1852235296581,4.1686554,,,,,,,,,,,23.815933,36.65829,8.939192,317.76227,267.7992,295.17654,
779,402.22592191823895,4.1826,,,,,,,,,,,19.930313,10.043388,23.098019,385.07602,351.02264,401.0617,
781,567.275351661846,4.182903,,,,34,,,,,,,199.33719,197.66942,202.19937,748.7242,737.317,740.11993,
782,314.1730370310078,4.184417,,,,34,,,,,,,10521.982,10298.97,10352.812,12791.678,12696.387,12940.319,
785,401.88687712683077,4.189378,,,,,,,,,,,20.210579,13.540651,18.809595,202.33234,206.21454,203.24725,
788,485.16134775754637,4.197861,,,,,,,,,,,19.692936,35.21572,107.14841,202.87347,196.25679,203.8077,
790,599.2290565536387,4.214372,,,,,,,,,,,158.18279,151.73363,157.78891,160.35661,150.49832,158.05891,
791,358.16345896183293,4.2244554,,,,,,,,,,,233.98814,231.292,243.4946,280.6385,284.46527,295.3442,
794,430.2643214142365,4.2287555,,,,,,,,,,,279.57477,292.33826,281.2492,698.9268,712.7785,676.7699,
798,394.19680049716277,4.2309246,,,,,,,,,,,51.417145,24.941456,33.355072,114.11749,91.44867,115.69788,
799,452.2462491933622,4.23185,,,,,,,,,,,14.457941,19.833317,12.599444,214.99185,209.88837,225.4346,
797,300.1580016570002,4.2336836,,,,,,,,,,,180.9113,166.48799,160.09067,218.89462,240.92249,250.0466,
804,532.9280532625766,4.239203,,,,45,,,,,,,15.779368,14.313812,25.792286,282.1361,280.33826,267.4354,
803,241.1422679017411,4.241653,,,,45,,,,,,,51.82155,32.979446,38.080666,280.36694,306.1559,294.8542,
805,425.1769298825159,4.2438474,,,,45,,,,,,,907.36536,869.4259,889.6009,1989.5227,1941.9241,1890.8655,
806,560.2866715984765,4.247256,,,,,,,,,,,21.68411,13.948837,8.795982,321.6318,299.2352,328.27594,
807,328.15293778578285,4.250925,,,,,,,,,,,253.99054,237.4993,234.51161,422.15738,405.4452,423.6313,
809,531.2755157538726,4.2542863,,,,,,,,,,,99.56591,92.41469,98.682686,255.60004,235.68634,236.02219,
810,347.1297979433164,4.255817,,,,45,,,,,,,1007.4012,982.4275,978.661,1630.472,1599.5503,1635.4976,
814,435.71824903050987,4.2617054,,,,,,,,,,,128.82211,121.367096,120.05272,478.9954,481.5778,475.22238,
821,518.9272183553172,4.2681165,,,,38,,,,,,,8.039581,14.594452,16.95437,167.11491,178.4851,169.66719,
822,194.08008771963057,4.2715106,,,,37,8,[M+H-H2O]+,,2,822;826,211.08336,461.9729,448.19226,458.59912,192.63585,181.4531,184.96262,
823,518.5929398548383,4.2751136,,,,,,,,,,,15.996645,11.345722,85.313675,230.0478,223.10281,235.5411,
826,234.0725558579309,4.2758193,,,,37,8,[M+Na]+,,2,822;826,211.08336,802.3785,769.2436,765.849,276.78342,271.53104,280.5739,
829,288.19060779777345,4.2979918,,,,,,,,,,,70.20158,14.706762,67.6161,234.3842,239.05103,240.30124,
831,812.9029167054236,4.2995415,,,,48,,,,,,,8.019805,13.544306,11.902856,208.74081,228.01108,221.60825,
836,542.2716757147626,4.3017282,,,,48,,,,,,,330.40027,471.85468,372.46393,1400.1875,1347.5421,1328.0348,
838,518.2802877875968,4.3036637,,,,48,,,,,,,310.10745,293.79678,301.1407,546.2474,578.92474,530.79486,
845,395.13002955407757,4.313264,,,,,,,,,,,48.964417,7.7011833,40.238422,211.11397,200.9726,208.51721,
844,554.2914370908568,4.3145027,,,,39,,,,,,,783.2675,809.74945,785.41156,1222.9474,1228.6854,1239.7047,
848,584.9578960451142,4.3280416,,,,41,,,,,,,56.395664,75.95615,31.517887,285.61023,269.41837,251.73141,
850,555.3103824704141,4.328966,,,,,,,,,,,412.6494,985.72034,970.77454,1433.2947,1467.2759,1551.9652,
860,641.6689006558859,4.3299613,,,,40,,,,,,,8.023161,2.2498884,7.992971,298.8446,256.95847,297.31357,
851,642.0024599459331,4.331425,,,,40,,,,,,,4.820036,12.209035,3.616064,296.67633,305.56244,282.75107,
818,328.22167304697996,4.3353667,,,,,,,,,,,310.10272,186.83295,299.04385,440.0636,166.08238,161.6756,
865,263.1377344416732,4.3486385,,,,,,,,,,,1927.8405,1892.3564,1898.05,2747.5847,2732.1985,2767.2986,
869,499.5855388746996,4.35125,,,,46,,,,,,,238.6635,217.86438,235.13531,697.17163,682.0913,704.9198,
872,350.2041970097834,4.3591833,,,,,,,,,,,301.6901,267.3432,326.04614,718.80536,504.10632,690.0496,
873,434.17922617924273,4.361933,,,,43,,,,,,,100.70744,59.118378,94.9064,166.9568,168.60628,143.30586,
876,479.1715201660567,4.372803,,,,,,,,,,,282.47452,277.82382,278.72665,250.90701,259.57803,236.36285,
880,403.15595303976835,4.3832498,,,,53,,,,,,,1858.651,1791.7745,1850.9812,2461.0303,2399.097,2387.0464,
881,346.1957977840212,4.3839393,,,,53,,,,,,,543.88824,546.9683,529.6827,752.7605,761.108,764.7428,
882,328.2216684687598,4.387217,,,,53,,,,,,,1223.402,1228.5021,941.1577,2203.142,2174.224,2185.8884,
884,481.7428364300251,4.388439,,,,,,,,,,,102.347275,132.71228,113.74481,828.60266,791.7617,830.5729,
886,322.17476536383634,4.393994,,,,,,,,,,,10.339558,4.715284,38.18601,171.15991,175.88805,157.89937,
889,283.1250948585942,4.401764,,,,53,,,,,,,361.02405,306.74356,285.53372,296.76712,285.4813,292.7026,
890,319.08140959688643,4.401775,,,,,,,,,,,268.8872,273.30264,265.4515,38.58943,19.998924,12.961824,
897,218.59961361762603,4.4018273,,,,,,,,,,,229.27335,59.453682,83.35266,14.683642,16.672058,10.784886,
893,218.097945837274,4.404013,,,,53,,,,,,,1455.0236,1428.6802,1440.1508,413.7602,422.1543,423.37,
899,233.00951605604328,4.4086695,,,,53,,,,,,,1005.5286,1025.0887,1027.9552,490.74893,477.89914,516.6328,
902,349.11563782504203,4.409983,,,,53,,,,,,,438.07666,476.5489,456.97867,121.86773,150.86092,124.45183,
904,249.06375183563765,4.4163666,,,,,,,,,,,489.17636,473.637,473.76477,175.08354,205.99748,47.436935,
907,318.200968754445,4.418522,,,,,,,,,,,51.48316,58.550503,30.51616,253.54349,226.84969,221.11139,
914,397.14537881298793,4.4613,,,,,,,,,,,222.01537,200.63828,198.04492,475.63367,469.77365,470.07452,
915,528.7504788572875,4.4664664,,,,,,,,,,,7.5595255,6.7689495,4.536785,144.11781,139.69948,123.359795,
919,226.05211790552278,4.472297,,,,,,,,,,,208.22697,206.82231,205.3216,199.19272,201.64821,192.69334,
922,572.2659925216475,4.4811115,,,,,,,,,,,174.19353,152.70178,161.76183,603.3188,595.03876,604.1672,
923,360.2108731080232,4.484455,,,,,,,,,,,293.03622,288.08786,314.91202,724.0002,674.54175,701.10266,
926,332.21651523057955,4.4927526,,,,,,,,,,,148.92003,141.47964,142.15865,375.71143,375.7116,395.42218,
930,394.10934562197014,4.4990196,,,,,,,,,,,271.48373,267.55923,259.63538,414.60867,400.2766,394.23724,
932,358.1634518149155,4.504528,,,,,,,,,,,220.6122,215.26729,207.8963,301.8762,304.29297,305.1413,
934,441.17146266407696,4.514736,,,,,,,,,,,242.80434,230.93356,244.75859,516.2006,504.90103,513.4169,
935,441.11406835673773,4.5207887,,,,47,9,[M+K]+,,2,938;935,402.15105,534.9698,523.9807,564.42926,514.0716,500.08557,518.0855,
937,664.8515141229135,4.5230584,,,,,,,,,,,108.804504,89.30461,96.99842,343.9833,445.13562,454.5741,
936,664.3499675644638,4.523603,,,,,,,,,,,189.97353,203.19087,193.30907,654.2236,647.09595,674.1487,
938,425.1404158141779,4.525183,,,,47,9,[M+Na]+,,2,938;935,402.15105,3523.1501,3345.1318,3509.4802,3829.199,3701.7742,3836.5718,
940,279.16871660007064,4.5304446,,,,,,,,,,,128.92613,113.52679,130.49124,216.50348,238.04953,224.01906,
945,480.24475336598243,4.530911,,,,,,,,,,,5.4110794,2.5650272,4.6312037,204.43423,211.97682,167.97585,
950,557.215546755678,4.558175,,,,,,,,,,,175.21652,157.38405,194.51146,322.6078,334.80447,309.9801,
951,589.317281429847,4.5603614,,,,,,,,,,,4.31273,7.455724,2.1149182,159.47754,147.2391,166.60088,
952,541.2236235252273,4.56255,,,,,,,,,,,631.9046,607.89124,632.55334,698.1188,679.20917,714.161,
953,543.237957800596,4.5759945,,,,,,,,,,,176.56424,185.64758,185.63112,220.56935,233.70763,237.99529,
954,344.1842040852858,4.577219,,,,,,,,,,,27428.264,27341.492,27476.857,32409.717,32150.201,32405.76,
957,344.12705321474203,4.5836387,,,,,,,,,,,14.341447,28.754372,98.62902,171.00835,28.501595,150.14629,
956,318.17988026894943,4.5844913,,,,,,,,,,,109.387344,90.07388,104.386024,244.41551,232.45947,228.5571,
955,600.320896017898,4.584722,,,,,,,,,,,2.5491405,4.4442534,12.856373,160.49754,165.30241,153.70892,
964,405.2117017399826,4.6146913,,,,,,,,,,,92.305984,7.7322044,89.990105,304.93497,293.3777,342.53113,
965,279.1689476468842,4.6239643,,,,49,,,,,,,455.93484,445.96475,443.92294,1245.1764,1228.0665,1255.2789,
966,330.1645641107954,4.6251607,,,,,,,,,,,216.47664,221.36073,213.43286,234.5157,248.73935,223.73216,
971,328.15299882851014,4.632642,,,,57,,,,,,,4384.0625,4385.4307,4356.6357,4834.689,4904.683,4875.4146,
970,309.68308373369456,4.633922,,,,,,,,,,,24.113453,4.3188562,22.231375,165.66989,160.79556,160.62453,
973,531.28479509133,4.6345196,,,,57,,,,,,,120.20398,98.604294,126.74536,418.28818,404.70026,430.40515,
975,329.1561872800888,4.6357636,,,,57,,,,,,,843.5992,832.67206,814.09784,645.2654,961.7064,575.00024,
978,393.24555970668536,4.650255,,,,50,,,,,,,453.42413,645.346,564.6841,553.92444,323.2909,422.5415,
968,330.2374173779824,4.6597195,,,,49,,,,,,,67.16866,58.87995,68.243454,192.03673,190.80598,190.26196,
980,427.2507026197309,4.6640553,,,,60,,,,,,,44.565983,89.8633,62.807545,313.26846,325.3716,295.87387,
982,431.24806497466824,4.6663,,,,,,,,,,,144.95415,51.847095,185.38017,233.82915,344.10092,223.69463,
983,426.74925172137335,4.6678414,,,,60,,,,,,,286.09933,275.13898,263.87436,735.3137,715.5465,714.41266,
985,635.9926664449596,4.668811,,,,60,,,,,,,780.40845,789.76044,754.3698,2319.3145,2347.0925,2367.6824,
992,523.2741819666692,4.6696477,,,,,,,,,,,96.10339,120.71404,126.8553,5.487449,8.696578,17.39991,
990,415.2533215484393,4.6716695,,,,60,,,,,,,377.07822,370.84274,371.00412,689.25696,710.711,697.0337,
984,637.327409729727,4.671889,,,,60,,,,,,,3.4876022,5.096567,6.0842614,193.7045,183.52931,203.18028,
993,501.22892335043406,4.6757855,,,,,,,,,,,190.52824,191.41138,192.23422,238.90324,217.74934,230.00781,
1027,342.2372324154176,4.6848607,,,,50,,,,,,,305.2306,323.22403,157.13005,602.37866,581.1722,587.02,
1002,508.2300282028389,4.703347,,,,51,,,,,,,229.92331,215.45135,231.97351,0,7.532537,2.8837056,
1004,336.09994970425913,4.7039857,,,,,,,,,,,95.33847,85.94539,82.52771,163.52869,144.3679,157.57864,
1001,486.24995113713885,4.71935,,,,51,,,,,,,380.36865,371.02338,375.35507,8.29645,9.501748,4.227934,
1015,579.7790431947797,4.7307477,,,,,,,,,,,39.73463,29.918589,39.469997,258.39038,259.39554,281.14386,
1021,174.11145758649687,4.7410884,,,,56,10,[M+H]+,,2,1021;1020,173.10419,202.59613,185.56143,188.3815,12.685956,27.381443,40.582954,
1019,316.2216951516295,4.7411447,,,,56,,,,,,,245.6735,236.12846,249.42755,690.0641,690.02386,720.2713,
1020,196.09340811103402,4.7430224,,,,56,10,[M+Na]+,,2,1021;1020,173.10419,500.06177,481.85333,485.90234,164.78484,162.62926,130.95113,
1012,279.1450452179116,4.7440505,,,,52,,,,,,,466.94135,504.65082,489.49216,631.37616,641.4076,787.3337,
1024,491.2615390864946,4.747267,,,,,,,,,,,19.838879,43.778965,20.208088,283.5987,271.32697,277.8328,
1009,251.02145272408606,4.7555833,,,,52,,,,,,,351.34805,305.99222,371.82236,220.6181,309.19342,323.18564,
1029,318.1798202503206,4.763111,,,,65,,,,,,,373.65778,379.3001,369.5301,1040.5516,1071.4757,1071.249,
1031,386.04355930602264,4.766825,,,,65,,,,,,,1111.744,1103.4019,1093.0236,805.0389,815.0727,806.95685,
1032,352.10563146237854,4.767164,,,,65,,,,,,,538.86664,519.7323,525.2182,369.93192,387.29312,376.26605,
1033,266.993822515296,4.7680335,,,,,,,,,,,481.10437,470.78055,463.9168,369.4301,352.23334,366.3494,
1035,387.0504692392561,4.7693167,,,,65,,,,,,,1724.6764,1719.3782,1696.9143,1254.7029,1205.931,1211.7406,
1047,265.14220076964705,4.7717776,,,,65,11,[M+H-H2O]+,,2,1047;1046,282.14541,637.4087,637.7873,635.198,43.626125,23.654108,65.646255,
1046,305.13454338268474,4.77302,,,,65,11,[M+Na]+,,2,1047;1046,282.14541,744.0986,769.0996,742.4473,55.073357,59.499596,46.709064,
1041,269.07427889180093,4.7733197,,,,65,,,,,,,3525.194,3509.627,3478.8074,2646.8765,2613.9595,2650.0967,
1045,261.08549763476094,4.7742004,,,,65,,,,,,,304.53253,322.0907,301.7352,166.7049,195.06174,276.20218,
1038,411.1978021399409,4.774822,,,,,,,,,,,32.291092,34.99399,65.05618,191.01276,199.29088,228.5001,
1040,589.2083460797342,4.775167,,,,65,,,,,,,61.59784,65.93835,40.31251,240.81348,249.03241,248.02019,
1054,371.0787102300744,4.785581,,,,65,,,,,,,2058.2197,1996.1146,2059.1738,1576.4972,1544.6002,1574.5942,
1056,442.26517423886463,4.7929444,,,,,,,,,,,120.50945,117.78583,107.815094,311.0648,311.242,301.98282,
1057,349.18186732592744,4.7981944,,,,,,,,,,,514.37555,546.97894,520.8204,469.139,486.3529,473.009,
1061,251.02147107291736,4.8080583,,,,59,,,,,,,903.84674,904.7695,862.326,1062.207,1007.3662,1062.1393,
1062,583.3069213947952,4.809233,,,,,,,,,,,354.61517,349.3561,335.40125,460.726,464.473,483.6547,
1064,563.2079244025625,4.8146663,,,,59,,,,,,,319.06436,312.22897,325.1409,465.9709,452.79712,477.16727,
1065,374.2270124974486,4.8149724,,,,59,,,,,,,109.22385,128.005,127.34372,313.32352,300.40512,306.51212,
1066,541.2237336681587,4.8166475,,,,,,,,,,,245.8401,231.52765,255.75897,278.46747,267.9264,278.18768,
1068,279.16717360072374,4.827786,,,,,,,,,,,481.5121,462.89713,483.8748,1502.487,1494.6799,1506.8787,
1070,364.21997440313527,4.843878,,,,,,,,,,,159.28116,151.01558,159.68503,331.4189,326.97952,343.4546,
1072,425.66773382385765,4.846422,,,,63,,,,,,,260.75104,260.01855,267.72623,279.26837,292.5239,277.82877,
1073,196.04163773732748,4.8470197,,,,63,,,,,,,204.7063,212.12808,207.63618,232.39372,235.56052,252.65814,
1075,471.352530133229,4.848181,,,,,,,,,,,35.84066,215.89137,24.419071,27.148563,34.837654,31.832125,
1077,347.1199616518029,4.8512473,,,,63,12,[M+Na]+,,2,1078;1077,324.1304,485.22437,459.43994,484.1501,490.54156,475.8863,503.509,
1092,316.2217189480357,4.8516083,,,,,,,,,,,23.252842,3.7487655,27.90559,315.10843,312.6086,291.42932,
1078,325.13734131141456,4.8524723,,,,63,12,[M+H]+,,2,1078;1077,324.1304,465.67535,453.19464,456.45148,495.84418,476.41626,502.567,
1071,332.21645579828686,4.853108,,,,,,,,,,,38.48305,40.717125,6.134346,114.091324,165.87671,193.802,
1079,693.3419340038894,4.85615,,,,63,,,,,,,41.25681,67.31946,16.446606,263.57703,263.27042,272.48358,
1087,228.06210981052558,4.8713746,,,,68,13,[M+Na]+,,2,1087;1088,205.07283,1770.149,1597.1299,1721.3141,508.86832,460.00403,507.76147,
1088,206.08004369507447,4.872561,,,,68,13,[M+H]+,,2,1087;1088,205.07283,2399.9617,2294.5515,2326.603,629.3792,602.16565,640.68567,
1090,193.0961241318754,4.874039,,,,,,,,,,,181.45363,185.34859,173.24895,0,0,0,
1091,359.22729585010956,4.878097,,,,,,,,,,,225.93712,238.35501,222.69614,663.2269,642.2457,651.5807,
1093,405.17153966445716,4.880553,,,,68,,,,,,,358.59454,331.35617,339.01465,486.39206,475.48557,491.86612,
1094,302.20608274470015,4.88152,,,,,,,,,,,404.64526,401.5578,399.37,882.48615,896.38464,931.1362,
1095,472.25386032522897,4.8820915,,,,54,,,,,,,118.959724,120.30812,105.959404,316.89917,326.5548,308.722,
1136,342.23722222238894,4.8839417,,,,54,,,,,,,149.00139,151.4024,169.1837,359.02545,507.96692,353.93448,
1100,343.171799688597,4.8904967,,,,55,,,,,,,932.2012,360.38693,924.2198,976.0628,1101.8981,1158.423,
1099,377.1438735468985,4.8908553,,,,,,,,,,,178.8808,189.5213,182.65639,4.9585094,23.082771,21.325706,
1097,342.16852643932265,4.891636,,,,55,,,,,,,4661.073,4436.9077,4554.6694,5548.063,5441.313,5623.75,
1098,413.27421495384334,4.891733,,,,,,,,,,,150.5982,152.8781,157.57867,174.61873,185.90608,183.19644,
1102,188.12719522561824,4.905144,,,,61,14,[M+H]+,,2,1103;1102,187.11983,98.064125,515.23486,77.721375,12.279261,354.42108,4.6404333,
1101,170.11648913976117,4.9063945,,,,61,14,[M+H-H2O]+,,2,1103;1101,187.11983,135.80933,648.3713,134.62894,18.15734,437.09985,2.182913,
1103,210.10899631526095,4.90673,,,,61,14,[M+Na]+,,3,1103;1102;1101,187.11983,388.62985,1440.7961,344.77997,111.02599,951.7847,108.09672,
1107,360.21149470482504,4.926831,,,,,,,,,,,415.3914,434.5104,402.84082,1099.5802,369.1676,424.40967,
1119,421.24057822210483,4.949083,,,,,,,,,,,121.28769,166.66801,157.9434,291.71893,154.82483,214.16,
1121,394.2291421159485,4.9587636,,,,,,,,,,,569.7083,654.9681,694.0912,826.90906,501.9027,655.21924,
1123,455.1320379440961,4.9657273,,,,70,,,,,,,260.70645,217.54839,257.9201,315.63885,265.35767,330.577,
1124,364.2211895782364,4.966008,,,,,,,,,,,81.50883,101.28537,88.68593,221.80772,207.43243,218.15234,
1126,589.2081160121539,4.9694057,,,,70,,,,,,,256.9235,236.63515,261.10962,449.15543,433.59302,454.0639,
1128,439.1560367253133,4.9700613,,,,70,,,,,,,1130.3306,1062.229,1106.0096,1579.7775,1495.8945,1573.3812,
1129,465.2325423949747,4.9791746,,,,,,,,,,,300.47534,272.86472,276.04855,477.41623,443.55066,476.70218,
1131,374.2271843194667,4.9807196,,,,,,,,,,,261.69125,255.2298,261.71014,465.01566,280.2541,291.73965,
1132,137.106365186106,4.9811225,,,,70,,,,,,,462.8225,444.37125,470.739,0,0,0,
1138,230.07760018613183,4.9919944,,,,75,15,[M+Na]+,,2,1143;1138,207.08842,1062.5367,944.73804,1011.7683,105.388596,90.62641,93.019646,
1135,541.2236692281846,4.9936223,,,,75,,,,,,,279.48605,252.06662,305.9541,410.58224,375.20288,407.45102,
1141,346.23211227074535,4.994564,,,,75,,,,,,,52.675056,90.49202,53.61266,331.8726,333.36487,346.58627,
1140,313.153391020309,4.995672,,,,75,,,,,,,302.7825,284.84064,291.9429,896.2419,896.73206,908.00507,
1143,208.09572606525091,4.999411,,,,75,15,[M+H]+,,2,1143;1138,207.08842,1214.7152,1165.7975,1192.8005,156.4781,134.28108,150.12231,
1144,166.08515288070438,5.0016665,,,,75,,,,,,,195.83014,188.3811,182.76144,0,4.3712234,0,
1147,609.2342223010784,5.0118613,,,,,,,,,,,177.58739,165.50473,189.81322,558.4536,528.3707,561.4943,
1149,182.08011561324278,5.017961,,,,64,16,[M+H]+,,2,1150;1149,181.07283,698.85925,675.4734,712.1748,340.01035,332.20026,343.12573,
1150,204.0620430598842,5.0194364,,,,64,16,[M+Na]+,,2,1150;1149,181.07283,2135.7976,1846.3578,2107.4282,1069.8772,847.09406,1056.529,
1151,154.085272372956,5.0206637,,,,,,,,,,,283.82584,281.66635,296.8307,102.92577,109.45093,108.941696,
1154,791.3948292593532,5.0261784,,,,,,,,,,,51.913704,77.08661,89.86736,263.68436,278.0391,286.4088,
1153,155.1056375644118,5.029775,,,,67,18,[M+H]+,,2,1157;1153,154.09834,28.369726,209.24823,20.251835,0,189.4141,0,
1157,172.13214390352672,5.031606,,,,67,18,[M+NH4]+,,2,1157;1153,154.09834,296.85324,1025.6521,337.02283,162.45802,927.28613,179.74905,
1158,194.1144136223115,5.0325084,,,,,,,,,,,277.4255,763.3496,303.33234,168.56503,637.4333,146.51764,
1159,563.2081843833789,5.034303,,,,,,,,,,,57.196434,49.256042,195.62297,420.34363,372.76852,454.1038,
1156,852.6454096877231,5.035003,,,,67,,,,,,,243.01413,250.37854,261.0976,4.917244,8.464157,10.711762,
1160,443.24825534971643,5.0355415,,,,,,,,,,,270.6182,277.53265,240.51562,458.7464,480.52527,461.4503,
1173,394.2094307333284,5.0449,,,,,,,,,,,209.07831,73.554535,171.7169,457.98883,103.4351,109.75065,
1165,360.21147748138446,5.047997,,,,,,,,,,,212.50633,250.32246,180.36499,345.24573,1054.4407,656.97064,
1168,366.2007938647734,5.0493197,,,,79,,,,,,,27.310406,22.30075,14.282035,201.83257,211.95334,208.18437,
1166,204.12218262962529,5.050428,,,,79,,,,,,,416.33337,391.5177,403.85294,548.1042,551.3848,570.81744,
1145,344.25285725064145,5.0514555,,,,,,,,,,,29.209282,54.669918,69.19079,187.64581,200.57509,179.90163,
1169,393.2086483482474,5.055353,,,,79,,,,,,,555.2758,536.8321,489.38806,466.37793,618.2086,723.2667,
1171,389.2166897181134,5.055736,,,,79,,,,,,,26.618252,46.50857,36.33148,282.23312,278.5898,272.8056,
1172,350.20586455206427,5.055983,,,,79,,,,,,,48.53019,36.953533,40.42507,309.95792,260.09998,322.62732,
1174,207.13687428854917,5.057122,,,,,,,,,,,137.42964,120.23572,110.89238,3.6867182,8.046406,12.375669,
1176,374.15820306565405,5.066278,,,,,,,,,,,500.87134,489.0222,503.23187,687.18933,682.8069,709.239,
1179,336.1902634432908,5.0747194,,,,,,,,,,,63.873024,31.266298,68.69129,355.20148,240.88112,241.81897,
1180,393.1502470385722,5.0921164,,,,,,,,,,,138.80374,135.73318,139.71042,142.12082,147.74928,153.4331,
1188,561.3173228057531,5.098733,,,,,,,,,,,175.47192,170.91434,160.43208,3.964601,2.2626266,0,
1181,727.3656588205417,5.105447,,,,,,,,,,,46.77302,57.43212,13.808136,272.4814,257.15915,258.05707,
1186,344.2528444970953,5.109797,,,,,,,,,,,202.30272,207.27321,197.42523,384.86353,381.7069,376.35617,
1190,209.07971526546353,5.1122327,,,,62,,,,,,,236.23761,209.14757,200.39984,331.49896,311.65686,326.02277,
1194,434.135072151742,5.117986,,,,82,19,[M+H]+,,2,1194;1195,433.12772,408.16635,413.5986,417.25137,413.76062,438.59738,440.27225,
1195,884.2891197131111,5.118894,,,,82,19,[2M+NH4]+,,2,1194;1195,433.12772,219.89731,231.23746,232.60529,261.99075,271.9868,273.96326,
1197,442.6482040557473,5.120128,,,,82,,,,,,,2965.0105,2893.313,2941.104,2991.0752,2914.769,3014.9832,
1193,514.7545086285667,5.120128,,,,82,,,,,,,25.411432,74.39575,70.009964,262.0165,279.15903,297.28384,
1199,177.05354995997092,5.1207805,,,,62,,,,,,,214.37076,202.35245,217.28305,319.68204,325.6254,320.32034,
1200,593.2200255816912,5.1216555,,,,82,,,,,,,363.95773,326.16827,364.17258,531.7273,511.4545,537.6303,
1206,595.2556580152144,5.1328664,,,,,,,,,,,75.09714,44.693054,57.76332,217.24883,238.07129,234.09442,
1207,579.2755584715873,5.13565,,,,,,,,,,,149.84033,161.57146,142.27492,398.04987,413.10178,422.62704,
1212,210.10244652605112,5.143175,,,,,,,,,,,190.80406,201.68013,191.8046,0,3.7029874,0,
1208,439.21363169039415,5.143814,,,,,,,,,,,4.0184107,15.9570265,31.747486,107.30241,110.07002,99.42574,
1211,526.2256874291653,5.1525836,,,,,,,,,,,134.95598,122.87582,138.84406,224.93698,220.06746,235.59265,
1230,344.2527393331886,5.1581473,,,,,,,,,,,120.34495,75.99545,61.434967,194.90471,175.4299,201.04735,
1216,599.3741895108877,5.163889,,,,,,,,,,,370.0672,376.23083,365.03424,393.18546,387.35315,394.34125,
1217,493.2655980150243,5.173714,,,,,,,,,,,29.927643,34.43333,40.92947,185.04286,194.05893,177.3723,
1220,382.1934461331303,5.1791887,,,,,,,,,,,319.48642,319.78772,301.08737,562.4002,575.99146,585.2447,
1222,450.1841432702816,5.1865473,,,,66,,,,,,,164.00243,136.99455,136.25285,254.51091,234.08131,271.21768,
1223,428.2025207181489,5.188942,,,,76,,,,,,,325.4263,277.47968,320.64478,527.86005,504.07834,536.2034,
1224,415.2334231604685,5.191364,,,,66,,,,,,,288.14804,288.4646,262.8302,639.4702,660.4625,549.4972,
1227,389.21671593655077,5.193811,,,,76,,,,,,,232.46541,218.40303,222.01054,720.7252,750.09955,751.0031,
1229,376.2215733655751,5.201728,,,,84,,,,,,,666.9674,680.2756,680.8886,1781.3221,1777.7601,1847.3392,
1232,595.1637858163932,5.205939,,,,84,,,,,,,316.23514,311.95538,313.48367,450.83948,453.01044,447.66327,
1233,763.2030483638168,5.207678,,,,84,20,[M+Na]+,,2,1233;1240,740.21397,810.95605,790.0149,806.4949,839.68054,817.12006,832.79535,
1234,287.0537339274949,5.2083445,,,,84,,,,,,,638.14166,617.48047,615.81354,922.3585,935.7339,902.15643,
1237,449.106203229767,5.2116275,,,,,,,,,,,174.96213,171.33893,171.95616,253.34334,273.3622,249.6481,
1240,741.2213818678309,5.2156224,,,,84,20,[M+H]+,,2,1233;1240,740.21397,338.53876,337.7371,322.5756,462.9022,470.40796,498.00674,
1245,395.2126464408787,5.2285056,,,,,,,,,,,234.80869,135.89647,197.1652,314.16306,258.6601,279.24756,
1253,593.2183976591012,5.2287087,,,,83,,,,,,,121.486694,107.54989,37.35519,268.63065,272.86176,277.72678,
1246,260.0881200012442,5.2305474,,,,78,21,[M+Na]+,,2,1248;1246,237.09891,1058.9363,972.86835,1015.9335,1294.3243,1245.7043,1276.2322,
1249,394.19610179435045,5.2306943,,,,,,,,,,,40.457737,31.912033,67.146576,312.26416,337.67822,252.10666,
1247,192.10078901406644,5.2309136,,,,78,,,,,,,92.61799,108.83267,88.49577,159.46509,155.17014,153.22739,
1248,238.10618529291096,5.232111,,,,78,21,[M+H]+,,2,1248;1246,237.09891,1251.0055,1270.728,1250.622,1796.4054,1796.703,1774.4376,
1284,415.23514271505724,5.247228,,,,,,,,,,,17.159798,24.242922,71.53771,137.34433,90.66429,111.702995,
1256,437.2331703581767,5.247822,,,,83,,,,,,,560.65076,586.7409,585.7341,590.7904,572.85974,567.4344,
1262,569.3059300418304,5.265494,,,,,,,,,,,116.61742,105.54853,115.36321,279.08914,287.2236,273.53125,
1244,207.10643646811806,5.2675586,,,,,,,,,,,207.73245,250.4639,222.82741,158.28922,156.13884,183.63904,
1263,585.2499311467369,5.2692056,,,,,,,,,,,162.9278,152.54503,151.67148,166.24469,164.58101,171.27838,
1265,378.2368039602907,5.2708087,,,,,,,,,,,47.041115,63.49915,66.99849,255.69481,256.77905,253.3503,
1274,401.15552554548685,5.2899055,,,,80,,,,,,,4748.163,4369.1436,4686.726,4152.702,4000.7815,4111.64,
1276,541.2236697417643,5.295653,,,,71,,,,,,,586.3711,560.1145,579.0127,1274.0883,1215.0457,1191.934,
1277,331.15258474702915,5.296042,,,,80,,,,,,,781.22784,772.58276,770.00775,908.9654,896.70465,903.11926,
1278,447.18193994852965,5.2999024,,,,71,,,,,,,502.45395,473.84952,497.33115,1228.5642,1195.357,1223.6465,
1280,443.1271879291007,5.3050857,,,,81,,,,,,,242.5716,229.73282,249.49341,388.3074,358.0199,390.39633,
1281,427.1558079950116,5.3065834,,,,81,,,,,,,1605.0184,1491.559,1837.3381,3037.1929,3043.3997,3092.1794,
1288,527.2519067758973,5.306831,,,,72,,,,,,,15.741026,46.79208,47.11753,229.266,240.70473,224.23488,
1285,866.6496690846276,5.3092055,,,,,,,,,,,209.66791,198.18738,214.39684,0,0,0,
1286,225.11076172508277,5.310203,,,,,,,,,,,150.94221,166.82019,158.14536,292.8449,294.78372,285.73526,
1291,415.13482380118745,5.316875,,,,73,,,,,,,586.53735,552.1007,593.6248,199.84282,197.95087,230.49513,
1294,207.10686439059228,5.3239055,,,,72,,,,,,,202.18584,115.73222,176.61258,268.5031,272.9404,276.11768,
1296,414.22346980873255,5.3240695,,,,86,,,,,,,160.67831,160.75714,156.3959,361.2204,355.84882,360.0608,
1298,407.1660026126854,5.3258557,,,,86,,,,,,,352.6405,330.8255,348.8781,588.52924,531.682,581.8424,
1299,431.16640169672,5.326203,,,,,,,,,,,555.04,522.8501,539.2106,597.7821,596.3384,594.3387,
1302,265.1420700330736,5.330775,,,,86,,,,,,,125.570015,113.003006,41.864227,211.09996,59.967186,194.0003,
1301,467.18705724956317,5.3319945,,,,86,,,,,,,390.52103,394.50385,407.94952,684.2462,662.6034,683.4784,
1304,575.3506682578341,5.3370614,,,,86,,,,,,,331.03577,333.51846,330.33698,0,0,0,
1305,169.05971301523854,5.337811,,,,86,,,,,,,271.6282,283.13385,271.69077,305.6786,304.5664,318.18027,
1335,566.2776996173778,5.340236,,,,74,22,[M+Na]+,,2,1335;1338,543.28847,415.4316,410.79495,399.09705,313.09274,291.35428,326.36057,
1332,207.1126125390861,5.343925,,,,,,,,,,,115.394455,27.674147,113.788506,166.8541,166.4062,136.45872,
1338,544.2957377382331,5.3457313,,,,74,22,[M+H]+,,2,1335;1338,543.28847,304.69482,275.86426,278.2009,193.83336,189.53854,203.63849,
1312,410.20573143770594,5.347708,,,,,,,,,,,20.33851,79.539795,60.6537,461.23618,451.0274,418.17892,
1311,697.5198621128992,5.3551254,,,,,,,,,,,50.74289,211.32233,51.393177,75.312035,69.49282,76.71684,
1313,349.26371207456054,5.3563943,,,,,,,,,,,105.809875,283.36322,92.2586,102.69446,40.989002,86.1009,
1314,719.5020336174545,5.3581557,,,,,,,,,,,20.704987,137.51295,13.046469,8.574904,2.0911903,12.35144,
1318,245.13603626845858,5.370203,,,,77,,,,,,,550.2967,533.2764,533.6584,868.561,854.6907,864.15894,
1319,413.11928811163904,5.371078,,,,,,,,,,,176.07753,154.25854,187.22894,130.26877,138.47992,144.97945,
1326,433.2028790784159,5.4031415,,,,,,,,,,,316.61972,288.6427,311.90576,882.1287,788.69073,931.80914,
1327,299.1087809354228,5.4031806,,,,85,23,[M+Na]+,,2,1330;1327,276.11959,4230.4995,4119.542,4157.667,2196.5742,2179.8655,2239.0476,
1330,277.1268939679071,5.4053216,,,,85,23,[M+H]+,,2,1330;1327,276.11959,191.96782,182.42583,182.3882,71.01028,78.42419,70.74498,
1334,545.1974545229845,5.409247,,,,,,,,,,,198.64229,169.34778,185.92947,449.07092,444.09976,443.77228,
1337,779.427161640625,5.413814,,,,,,,,,,,131.59467,131.62952,131.50072,160.6057,150.47864,161.50557,
1336,481.2601276304218,5.416825,,,,,,,,,,,328.16232,272.72604,82.26004,302.29337,254.16852,328.19687,
1339,311.0683156473556,5.4260554,,,,,,,,,,,183.4406,168.64998,179.2403,193.5767,179.61365,187.3571,
1342,359.16591062639895,5.429161,,,,,,,,,,,30.586021,37.26632,17.057962,277.75864,305.16486,294.9548,
1343,575.2096377374654,5.431875,,,,,,,,,,,114.45376,24.969872,111.840775,232.46811,239.35434,229.5695,
1345,409.1825004511141,5.4399776,,,,,,,,,,,140.15988,117.93593,118.846504,370.8891,382.93048,338.20764,
1346,619.413155588768,5.4491057,,,,,,,,,,,303.0456,412.56113,397.77945,449.44724,246.91968,338.4538,
1349,411.198336220126,5.450311,,,,,,,,,,,5.1163545,31.178225,21.191671,228.95671,252.11899,204.23743,
1347,341.15556570852027,5.4518833,,,,,,,,,,,165.29782,146.02655,154.30121,205.43346,205.628,204.50983,
1352,408.24533545651633,5.479502,,,,,,,,,,,159.12875,231.41527,227.39351,150.55492,20.51969,105.334335,
1357,429.15245459467354,5.5056167,,,,,,,,,,,517.948,476.00824,508.13925,575.9011,584.57306,564.45795,
1359,603.2027727689238,5.509195,,,,,,,,,,,105.87795,41.624428,91.69028,257.7719,251.04405,258.15347,
1361,563.2356022267928,5.5122056,,,,90,,,,,,,170.97705,171.67526,165.97627,264.8428,252.49086,259.8663,
1363,317.06639531365863,5.514258,,,,,,,,,,,133.0393,152.17082,134.57272,174.02194,159.7552,170.57217,
1364,285.12956381202304,5.5142975,,,,90,24,[M+Na]+,,2,1365;1364,262.14038,6012.3794,5639.504,5863.997,7303.8784,7228.6924,7356.57,
1365,245.13712196178093,5.5145836,,,,90,24,[M+H-H2O]+,,2,1365;1364,262.14038,3318.369,3243.6008,3267.8042,4355.1333,4314.753,4407.517,
1366,282.1263791316673,5.51515,,,,,,,,,,,78.32105,148.30025,88.88999,148.07321,169.34396,145.01686,
1367,227.12656588621837,5.5157866,,,,90,,,,,,,685.8788,660.35205,684.1782,898.4406,897.84875,897.9418,
1370,392.2527713698086,5.5206223,,,,,,,,,,,83.069595,31.730238,91.56705,284.77005,278.2841,268.94617,
1374,427.15593253654606,5.536711,,,,,,,,,,,427.23645,427.0796,433.2474,820.2571,786.7747,823.867,
1378,417.1713388763546,5.5583496,,,,,,,,,,,219.83122,204.35753,227.96594,21.861368,13.684243,25.330345,
1376,525.2856764528975,5.5603943,,,,,,,,,,,255.34583,265.12585,287.02646,283.20383,264.90366,266.7875,
1377,247.1332991300532,5.5605083,,,,,,,,,,,236.91003,256.34106,216.8635,193.36348,141.22318,192.25475,
1383,431.16597364771906,5.579119,,,,,,,,,,,3197.3733,2946.503,3072.9805,2773.5505,2720.5132,2793.0276,
1386,376.1849567342094,5.5886974,,,,,,,,,,,206.3313,212.62213,210.90375,282.9336,279.62183,269.4579,
1387,265.12478550274886,5.592194,,,,93,,,,,,,1289.7296,1228.9268,1260.3627,373.83786,572.3414,773.634,
1389,398.1671671442214,5.59345,,,,,,,,,,,489.79,447.6556,469.9928,649.14355,604.4974,633.90735,
1391,207.10030064448688,5.5982327,,,,93,,,,,,,338.61905,329.05392,340.26346,186.89885,189.83331,184.97128,
1395,257.13705269414504,5.6030025,,,,93,,,,,,,209.54262,200.96127,213.14464,115.52536,117.52019,103.62023,
1396,225.11099010296175,5.6041913,,,,93,,,,,,,408.64578,414.10464,405.26096,265.74274,229.78937,231.00203,
1397,301.16133027691734,5.6083527,,,,,,,,,,,171.25504,122.73278,146.96361,303.5259,262.66675,322.68912,
1434,265.1150515129401,5.609017,,,,,,,,,,,991.9283,877.3958,762.4729,232.31448,408.0396,410.7073,
1401,620.3971716692646,5.616692,,,,,,,,,,,441.21515,427.29852,535.2738,575.34,365.63324,463.89465,
1381,341.1477262913661,5.620667,,,,,,,,,,,102.977394,78.84846,93.79851,152.77948,125.22796,137.98389,
1403,399.180076988523,5.6301217,,,,101,,,,,,,276.594,244.29329,248.05957,239.768,273.8246,233.90498,
1404,211.09313370330082,5.631905,,,,101,25,[M+Na]+,,2,1411;1404,188.10387,4485.822,4339.1587,4474.586,3851.5422,3840.5007,3871.9534,
1405,217.1423502666989,5.6319165,,,,101,,,,,,,1357.2712,1393.0757,1379.977,1233.1898,1235.8112,1261.1444,
1410,385.160698072358,5.6322274,,,,101,,,,,,,728.6876,734.7259,720.54517,31.81383,24.301561,77.013695,
1406,415.1648226991585,5.632502,,,,101,,,,,,,894.10803,833.1862,879.17615,430.41068,403.8938,424.60947,
1407,203.12674554897822,5.633425,,,,101,,,,,,,504.84708,506.2281,505.0571,444.11145,429.29153,438.0317,
1409,227.06493358613477,5.634333,,,,,,,,,,,143.51476,159.85594,162.52261,131.8337,122.432816,147.11766,
1411,171.1005321420521,5.635203,,,,101,25,[M+H-H2O]+,,2,1411;1404,188.10387,354.2021,352.13406,327.97668,301.4389,317.42035,303.17624,
1418,271.15035989123334,5.637317,,,,101,26,[M+Na]+,,2,1418;1422,248.16119,1217.816,1151.328,1207.1676,2186.3706,2203.036,2212.763,
1422,231.15794676291708,5.6400223,,,,101,26,[M+H-H2O]+,,2,1418;1422,248.16119,848.20374,847.2075,848.87836,1634.6577,1619.446,1639.9794,
1428,311.1263985025695,5.6652775,,,,96,,,,,,,116.87067,114.79148,119.11598,299.57016,213.33812,217.6847,
1429,341.1388793459551,5.6658416,,,,96,,,,,,,211.70813,160.84093,173.35762,461.0406,427.69272,428.3628,
1430,479.2458435872499,5.666153,,,,96,27,[M+Na]+,,2,1430;1435,456.25665,1753.5698,1329.2252,1506.7383,2211.3586,2076.4744,2244.4155,
1452,431.16600760024374,5.671884,,,,,,,,,,,125.3901,606.0543,608.2901,243.5614,258.8058,252.97148,
1435,457.2639590368811,5.673078,,,,96,27,[M+H]+,,2,1430;1435,456.25665,851.82764,857.2048,829.3953,1058.8293,1066.5646,1055.9648,
1442,476.23842721812656,5.6990356,,,,,,,,,,,33.93041,128.59297,33.757164,66.61367,70.063614,46.133656,
1444,453.3418150568053,5.7014413,,,,103,28,[M+H]+,,3,1448;1447;1444,452.33444,3678.0413,5754.292,3514.7832,3830.5012,3273.4565,3800.1743,
1445,475.23089508395975,5.7026086,,,,103,,,,,,,592.3114,883.1092,609.35535,731.8584,680.3711,699.3979,
1446,331.1525667577841,5.7032495,,,,103,,,,,,,1182.7434,1153.1987,1193.7762,1709.7823,1653.0205,1675.7306,
1447,475.32372469642775,5.7032495,,,,103,28,[M+Na]+,,3,1448;1447;1444,452.33444,14214.421,19476.506,13640.41,14461.956,12897.333,14294.982,
1448,491.2974425149486,5.7044253,,,,103,28,[M+K]+,,3,1448;1447;1444,452.33444,378.52625,577.5404,399.42178,472.43195,391.1332,450.8522,
1450,383.144999505773,5.7074637,,,,103,,,,,,,1366.5322,1217.5814,1313.4839,1729.9846,1682.6473,1648.417,
1454,384.14839729413364,5.7096024,,,,103,,,,,,,121.429985,219.79999,135.44574,321.87848,260.7559,351.73767,
1453,536.3014624701991,5.7137914,,,,,,,,,,,115.32309,129.70096,133.15115,312.90408,301.86115,295.75403,
1456,361.16305433623216,5.727072,,,,87,,,,,,,560.802,555.7703,549.90314,806.1488,829.47327,797.78644,
1457,263.12636332004274,5.7310166,,,,,,,,,,,147.66635,139.78998,141.19409,136.92958,140.38622,138.57309,
1458,413.15547766157897,5.732225,,,,87,,,,,,,576.1659,504.29834,563.2744,757.2946,721.44763,775.8474,
1461,195.0981890940659,5.746025,,,,88,,,,,,,283.16968,286.08163,280.2767,314.23773,257.30777,309.4435,
1462,453.171497564919,5.7460194,,,,,,,,,,,317.53583,293.50372,305.27304,625.25244,625.83923,657.34534,
1464,227.12823992143254,5.748408,,,,88,,,,,,,815.18054,814.7823,794.6599,761.62,738.2017,727.12,
1472,945.9129180331048,5.7701607,,,,100,,,,,,,409.46738,389.71225,390.91974,0,0,0,
1475,630.9447702719809,5.773117,,,,108,,,,,,,211.19414,193.66223,241.67334,0,0,0,
1481,197.11279533140578,5.776289,,,,108,,,,,,,2965.002,2872.433,2991.8054,2734.873,2697.4636,2755.291,
1486,387.20376422295226,5.777767,,,,108,,,,,,,385.29742,356.8681,377.1984,333.3602,317.83563,323.26425,
1487,599.3993371250262,5.779591,,,,108,,,,,,,150.51248,138.57799,145.63919,173.67088,110.91686,151.68948,
1488,621.3811609067587,5.781414,,,,108,,,,,,,717.31525,528.377,687.9954,785.98004,659.0271,706.59393,
1489,297.1659298990528,5.782616,,,,108,,,,,,,198.35435,189.5281,172.61159,164.44823,158.7737,162.60274,
1494,748.2608475167663,5.7905116,,,,,,,,,,,196.24284,181.11784,194.95946,340.1667,347.70447,371.4308,
1512,331.1525081543968,5.8097444,,,,,,,,,,,125.60316,21.018383,80.838936,166.34926,201.60722,180.62283,
1499,243.08659198827743,5.824739,,,,91,,,,,,,240.94217,249.59322,243.14923,95.50693,80.72525,15.16943,
1501,323.14523692652784,5.829286,,,,91,,,,,,,226.12207,191.9809,223.59106,447.30313,459.3468,459.08447,
1508,772.6796292172902,5.84975,,,,99,,,,,,,990.9947,1011.38495,958.19476,0,0,0,
1497,317.0642599682269,5.856575,,,,,,,,,,,26.275795,18.872795,19.834778,87.08665,79.33861,133.29553,
1514,413.16505915844203,5.8659253,,,,,,,,,,,94.95429,30.47163,44.999306,251.11143,83.69485,247.16194,
1515,371.15783550992575,5.8795414,,,,,,,,,,,273.4704,224.5868,263.06262,501.32513,500.76648,503.20013,
1517,369.2231039043174,5.8855023,,,,,,,,,,,246.4729,218.31375,217.9457,170.11441,181.41364,177.2019,
1518,247.1314376854992,5.88705,,,,92,29,[M+H-H2O]+,,2,1520;1518,264.13481,858.73627,854.1686,823.74854,834.18475,810.5606,848.6849,
1519,551.2595603060144,5.887955,,,,,,,,,,,105.586296,91.308426,108.16138,119.60375,114.06694,127.76178,
1520,287.1241113470149,5.889408,,,,92,29,[M+Na]+,,2,1520;1518,264.13481,1524.3782,1387.3103,1432.3939,1558.8738,1508.6495,1585.458,
1525,317.0642212819815,5.9007835,,,,105,,,,,,,177.86842,162.46892,178.61116,460.04626,465.29504,476.20163,
1526,625.1747710843334,5.9019885,,,,105,,,,,,,111.41561,122.43976,123.66523,312.67673,300.82886,316.58502,
1527,647.1561517845615,5.9061856,,,,105,,,,,,,359.1173,323.66895,349.23743,861.6417,799.5603,848.6975,
1528,479.11667965912847,5.908547,,,,105,,,,,,,29.839989,53.006546,34.971535,202.57033,202.14435,201.62958,
1531,236.1271727535487,5.915608,,,,107,30,[M+H]+,,2,1530;1531,235.11977,356.50928,351.9776,337.95416,0,2.7596524,0,
1530,258.1088541637776,5.9160333,,,,107,30,[M+Na]+,,2,1530;1531,235.11977,305.90173,296.2007,286.1667,0,0,0,
1532,778.0113564375914,5.917278,,,,107,,,,,,,203.00093,241.0478,203.88899,0,0,0,
1537,196.09579036883727,5.924484,,,,95,,,,,,,210.39714,195.13286,208.17944,85.4365,70.6652,74.39133,
1538,413.1762043836864,5.9265895,,,,,,,,,,,58.7994,76.99306,55.288124,280.8207,339.90732,300.3097,
1540,385.14558524672174,5.936842,,,,,,,,,,,958.4158,922.22046,949.8644,1373.7765,1325.8296,1346.3915,
1544,359.14739210444355,5.9419665,,,,,,,,,,,154.56041,122.47126,143.02312,119.0588,103.45061,114.00245,
1567,380.1847461843275,5.943953,,,,,,,,,,,3.3692932,5.204219,2.2726207,9.0833645,318.07428,7.0426693,
1546,609.2284849914107,5.946453,,,,,,,,,,,585.7528,504.69156,566.8222,372.58398,342.34784,379.04974,
1547,341.13703381241703,5.9479527,,,,,,,,,,,119.355934,121.44213,121.41284,181.54596,179.42636,182.84839,
1549,441.1504938036757,5.9533887,,,,,,,,,,,160.60336,144.04726,142.11015,92.34328,93.35305,98.98987,
1551,846.5648395742361,5.963211,,,,,,,,,,,132.91168,107.71318,150.47151,198.62834,99.90635,145.6008,
1554,195.06424590137695,5.968519,,,,109,32,[M+H]+,,2,1554;1555,194.0569,175.18805,152.6184,169.4808,192.37009,149.6814,172.69974,
1555,217.04605052363922,5.968825,,,,109,32,[M+Na]+,,2,1554;1555,194.0569,1068.3973,916.9633,1013.15717,1077.3524,906.2103,1062.2633,
1557,705.3994315470487,5.9721394,,,,,,,,,,,148.78633,75.99172,154.93439,168.59526,159.6263,164.9008,
1556,471.27989070823054,5.9723754,,,,,,,,,,,117.40905,112.279594,100.56663,171.8993,168.70673,175.42769,
1559,493.26146526504886,5.979654,,,,97,,,,,,,270.27945,195.95235,237.85298,324.9671,337.25363,327.73624,
1563,777.2186370864979,5.987106,,,,,,,,,,,127.77561,131.8657,121.16682,229.21916,206.79437,223.09383,
1564,410.1612640428603,5.9980874,,,,,,,,,,,0,354.1136,15.83259,0,687.16113,2.0406175,
1566,541.223617520447,5.998858,,,,,,,,,,,8.958357,33.93923,27.53883,226.01573,218.09325,235.0043,
1568,447.18575566791395,6.0065002,,,,98,,,,,,,223.48615,215.65604,202.9283,0,0,0,
1569,441.24414801474103,6.012875,,,,,,,,,,,415.4394,21.89598,55.755714,697.77484,708.4362,728.92145,
1571,333.2603334193173,6.0132003,,,,,,,,,,,137.663,75.24117,116.19512,182.4122,174.49986,186.91464,
1570,332.2569797966089,6.0137916,,,,98,,,,,,,757.0143,734.3219,770.6486,956.9983,949.3097,948.6191,
1572,453.17153087771794,6.019522,,,,,,,,,,,15.106089,18.13068,18.314037,140.29457,134.26465,144.60817,
1577,717.4863995779133,6.035908,,,,,,,,,,,33.77075,185.46106,103.6176,134.62436,25.382246,102.50671,
1574,291.1188089423079,6.0371194,,,,,,,,,,,251.51396,221.19319,222.24954,12.332505,51.636642,13.482563,
1580,367.2075924415114,6.047489,,,,,,,,,,,1601.384,1456.6952,1674.7869,1286.055,1277.0613,1274.3281,
1581,334.2724278462959,6.0550365,,,,102,,,,,,,517.333,498.76,519.7579,456.56168,457.91382,455.1968,
1582,510.340859616274,6.0603366,,,,102,,,,,,,63.073654,67.827126,68.35587,213.06613,211.97212,217.63269,
1589,847.5489149330944,6.0752335,,,,113,33,[2M+Na]+,,2,1592;1589,412.27995,376.9155,223.56642,374.87054,411.42474,325.2854,396.57858,
1590,435.2689243587388,6.075617,,,,,,,,,,,142.30252,89.09671,148.8506,161.4384,126.76896,158.51123,
1592,413.2873328116059,6.0764728,,,,113,33,[M+H]+,,2,1592;1589,412.27995,433.01947,295.37027,460.34457,498.6611,401.4965,477.72,
1594,195.09796976240457,6.07765,,,,113,,,,,,,356.3686,343.51794,349.29565,246.1816,236.2889,279.6416,
1598,438.2443941109627,6.080978,,,,113,,,,,,,355.77194,315.61328,299.58734,230.78273,120.043015,274.26364,
1601,197.1138306170178,6.100836,,,,,,,,,,,181.64949,175.59285,191.85693,150.3171,168.7729,147.65991,
1602,395.1795521187042,6.106539,,,,112,35,[M+H]+,,2,1603;1602,394.17225,204.99724,189.38376,201.82176,0,0,0,
1603,417.1614401344104,6.107161,,,,112,35,[M+Na]+,,2,1603;1602,394.17225,369.07526,359.4945,362.72122,0,0,0,
1604,167.08763032962167,6.1097913,,,,,,,,,,,1042.3881,989.47614,1079.6997,1051.5609,1044.3812,1017.13763,
1606,463.3237783589604,6.1116695,,,,112,,,,,,,262.54657,360.67764,344.82013,430.65982,246.5566,326.9429,
1605,441.3420313322451,6.1131444,,,,,,,,,,,16.332664,98.619545,90.68421,124.985596,41.45585,91.22293,
1609,301.0694025027327,6.1140666,,,,112,,,,,,,79.01168,82.92143,88.85286,174.7331,171.16005,174.13458,
1610,631.1613998236637,6.1146607,,,,112,,,,,,,231.8366,218.28513,227.03807,392.90433,377.52493,371.4003,
1611,348.2519325149612,6.1197085,,,,,,,,,,,130.23723,104.710075,107.28992,189.51556,192.44507,188.33319,
1619,320.25701640970755,6.1378365,,,,104,,,,,,,289.56485,266.9143,297.00803,278.42535,243.02148,284.8722,
1620,246.2416218381065,6.138117,,,,104,,,,,,,516.294,452.60806,849.2844,478.08664,500.41132,831.62744,
1623,786.6832779265643,6.1424165,,,,118,,,,,,,811.8163,722.3866,811.3945,0,0,0,
1630,794.010414834895,6.147217,,,,118,,,,,,,351.78912,315.34186,378.04938,0,0,0,
1636,702.3645780916244,6.1749806,,,,,,,,,,,379.67563,547.9732,465.27847,45.322395,361.16864,409.81216,
1637,704.4999670605926,6.17748,,,,123,36,[2M+Na]+,,2,1637;1662,340.75524,479.9424,548.29565,464.42618,492.497,493.58276,482.9933,
1642,340.7599413566316,6.1799808,,,,123,39,[M+H]+,,2,1642;1641,339.75261,14741.971,19323.963,15290.805,16512.576,15897.642,17485.682,
1644,717.4650984700176,6.181261,,,,123,38,[2M+K]+,,3,1656;1658;1644,339.25105,785.1228,1034.0277,814.73285,912.465,816.71405,874.9998,
1647,340.3250701463008,6.1818976,,,,123,,,,,,,77.333916,252.62553,52.99703,132.4365,74.20097,110.77051,
1648,351.2487500290747,6.181914,,,,123,,,,,,,4959.7866,6099.3125,4787.1006,5439.9014,4870.172,5259.056,
1653,679.5093848063772,6.182522,,,,123,38,[2M+H]+,,2,1656;1653,339.25105,9101.004,12497.615,8571.911,10251.93,9106.509,10009.764,
1656,362.2402000331039,6.1831307,,,,123,38,[M+Na]+,,4,1656;1658;1644;1653,339.25105,1215.3441,1413.9423,1139.6133,1269.4673,1186.9059,1289.2689,
1657,359.2320423964463,6.1831384,,,,123,,,,,,,3214.77,3917.788,3100.2625,3455.1099,3167.692,3379.626,
1658,340.2584645021255,6.183155,,,,123,38,[M+H]+,,4,1656;1658;1663;1644,339.25105,35681.953,44431.99,34227.582,38879.477,35534.457,38221.945,
1659,698.483171777607,6.1831307,,,,123,,,,,,,226.3539,349.79883,201.62338,265.52905,238.48026,253.2109,
1662,341.76238493140886,6.1838164,,,,123,36,[M+H]+,,2,1637;1662,340.75524,579.81287,787.4758,545.56696,671.19653,597.8905,649.2873,
1663,701.4912868764394,6.1838164,,,,123,38,[2M+Na]+,,2,1658;1663,339.25105,31000.62,35344.996,29990.95,31875.414,30153.875,31886.031,
1667,679.3891287609416,6.1843944,,,,123,,,,,,,174.9396,271.9872,140.11958,210.78386,185.49307,172.48718,
1668,340.57971472399186,6.186936,,,,,,,,,,,238.88586,314.56137,255.5558,291.32138,225.80272,288.21243,
1675,679.383241224854,6.1869164,,,,123,,,,,,,34.832325,128.42056,56.840588,58.544567,68.48824,44.50092,
1674,701.360595949163,6.189486,,,,,,,,,,,1137.963,1365.0383,1099.0977,1280.8846,1095.9537,1099.4353,
1641,362.7417813051946,6.190717,,,,123,39,[M+Na]+,,2,1642;1641,339.75261,451.47342,549.42175,278.66205,293.88196,447.07635,408.149,
1679,701.3001134533323,6.2070527,,,,,,,,,,,101.462395,33.05069,34.15686,25.591303,39.801697,29.554413,
1661,350.2459551628593,6.2181945,,,,,,,,,,,377.86777,162.55367,359.58737,101.99567,100.39375,94.39165,
1683,244.0956536044365,6.248178,,,,110,,,,,,,164.82884,135.49341,171.0082,96.503746,95.820465,95.92574,
1685,415.1922947392759,6.249375,,,,,,,,,,,105.553246,85.87175,117.10743,405.5806,418.71762,412.04202,
1686,300.17939062328225,6.269647,,,,122,,,,,,,499.41122,480.23648,478.4632,481.38754,473.91513,505.15936,
1687,382.25724928391725,6.2705917,,,,122,,,,,,,568.74225,559.5039,574.10535,541.56177,546.95355,549.56146,
1688,282.1687324117175,6.2712226,,,,,,,,,,,158.68254,145.89519,164.49782,160.63171,136.62267,149.13014,
1691,400.2678021982133,6.273028,,,,122,40,[M+H-H2O]+,,2,1691;1693,417.27097,246.15182,256.1062,268.35355,259.24506,252.12715,240.90584,
1693,440.26006070299377,6.274542,,,,122,40,[M+Na]+,,2,1691;1693,417.27097,1370.4724,1293.1345,1352.3922,1290.042,1301.6726,1308.2423,
1695,526.3710810675112,6.284453,,,,,,,,,,,256.10428,178.20567,284.92838,281.76157,233.74695,293.26038,
1696,548.3529728871341,6.2921867,,,,,,,,,,,210.22214,79.143654,244.65404,202.97676,191.19893,199.61638,
1703,471.18279299384363,6.3077335,,,,119,,,,,,,406.2029,393.13763,407.48343,712.9071,706.1446,737.3322,
1710,422.2496843972669,6.3281217,,,,,,,,,,,299.1742,281.67105,317.35208,211.16658,204.10622,220.11604,
1711,225.1086691963434,6.331408,,,,,,,,,,,205.64957,212.50967,207.2625,206.34042,189.96738,198.64655,
1714,513.2650704946118,6.334767,,,,,,,,,,,421.44254,319.12918,422.6433,1077.3395,1083.3127,1120.9371,
1749,367.2146197082497,6.357819,,,,,,,,,,,153.4998,99.19429,363.73154,252.08766,99.435936,432.07928,
1717,410.24956876793937,6.3629856,,,,111,,,,,,,944.91986,882.1262,928.8071,905.32007,899.50226,907.81055,
1720,352.24477710216934,6.385956,,,,120,,,,,,,3256.6013,3222.9858,3230.7053,1714.1284,2003.7422,1817.7462,
1722,294.24139194330655,6.387775,,,,120,,,,,,,457.21722,484.84222,439.03317,184.33739,275.85007,195.15347,
1712,425.24958802792617,6.3931556,,,,,,,,,,,27.239689,273.11298,302.79794,245.15181,258.4994,948.00604,
1724,368.22661626210487,6.3946557,,,,,,,,,,,437.84308,670.55566,362.56067,226.56802,698.8928,309.27768,
1727,396.27198235293787,6.403628,,,,,,,,,,,201.71194,167.84541,215.39905,183.98135,185.97919,185.89696,
1728,589.3175008145143,6.4045386,,,,,,,,,,,142.25815,114.824356,137.01823,506.14835,459.37936,483.7385,
1729,454.27562369344633,6.4048557,,,,126,,,,,,,411.8622,329.11462,428.98962,434.60425,420.47296,456.13757,
1732,290.2463642296828,6.409078,,,,126,,,,,,,372.52817,343.81097,358.69632,417.9922,414.26733,433.9177,
1733,334.2700556846134,6.4121056,,,,,,,,,,,167.78815,179.43517,144.32867,133.52896,127.81231,99.21437,
1735,325.1607182121423,6.4160004,,,,126,41,[M+Na]+,,2,1735;1739,302.17157,672.052,632.9953,658.0799,1269.392,1277.6553,1330.6531,
1737,689.4914988844271,6.417503,,,,,,,,,,,71.100426,111.95555,114.25602,152.45631,51.676674,100.41662,
1739,285.1683460762451,6.41962,,,,126,41,[M+H-H2O]+,,2,1735;1739,302.17157,396.88916,386.74423,388.42584,809.13995,811.417,809.37805,
1744,348.2881881874862,6.4292054,,,,114,,,,,,,548.283,529.9428,502.9561,460.04492,451.22327,458.43738,
1745,269.1727205030567,6.4294915,,,,,,,,,,,161.1421,148.77887,150.57753,359.91415,362.8967,352.7336,
1747,425.2496932735773,6.431,,,,114,,,,,,,652.4424,573.93317,662.24854,1754.6318,2522.3538,1987.5898,
1770,167.0876290632567,6.4313416,,,,,,,,,,,1544.7705,1468.1904,1500.1462,1484.766,1475.0446,1456.6882,
1738,286.19289864737357,6.435161,,,,115,,,,,,,149.91806,268.8376,256.0952,118.26073,89.12815,99.06635,
1755,300.2308388717552,6.449222,,,,,,,,,,,128.03622,97.96075,97.48594,157.12294,157.677,161.1912,
1756,286.21528055521054,6.451306,,,,115,,,,,,,275.75034,267.4449,253.79823,336.1121,366.70923,323.14737,
1751,350.2307387835951,6.4529023,,,,,,,,,,,35.182125,426.32364,71.12545,71.40794,193.26228,45.461624,
1758,515.2804785472854,6.453734,,,,116,,,,,,,886.74316,716.6574,842.54236,2134.9983,2092.452,2181.3254,
1760,288.2308538240812,6.4542975,,,,117,,,,,,,824.7603,798.5398,804.83386,990.25995,989.6162,997.6332,
1762,245.1735254295119,6.4558663,,,,,,,,,,,106.26642,107.42047,112.56356,81.71954,91.326324,84.71553,
1769,480.3018266790957,6.4806137,,,,,,,,,,,189.6913,181.83191,188.5507,186.29205,157.76718,189.56418,
1771,927.6587547995881,6.4808974,,,,130,43,[2M+Na]+,,2,1774;1771,452.33482,6566.388,6502.4434,6786.5947,7012.818,6427.924,7041.4033,
1772,905.6767489949399,6.4812164,,,,130,43,[2M+H]+,,2,1772;1785,452.33482,386.28394,385.7127,403.8566,464.33826,400.97552,475.18933,
1774,453.34219295831434,6.4818215,,,,130,43,[M+H]+,,3,1774;1785;1771,452.33482,12987.034,13070.118,13682.998,14505.448,12189.938,14417.046,
1775,454.8465629062812,6.4821086,,,,130,,,,,,,475.43152,483.71542,503.92654,545.2992,446.53705,552.601,
1779,472.31587235243796,6.483458,,,,130,,,,,,,1289.1554,1296.929,1363.5154,1398.998,1208.4674,1383.6262,
1777,472.81744138727316,6.4843946,,,,130,,,,,,,536.1248,716.2412,763.5842,754.4505,633.40063,624.01385,
1781,930.6676613811551,6.484713,,,,,,,,,,,133.84334,80.47806,94.97049,198.17894,84.25099,210.90161,
1783,927.4855615550524,6.486856,,,,,,,,,,,119.97358,105.43508,130.28497,178.82886,135.39684,133.82797,
1785,475.3240888533287,6.4902306,,,,130,43,[M+Na]+,,3,1774;1772;1785,452.33482,2350.99,2123.8323,2365.9033,2166.9258,1942.3729,2204.9343,
1790,425.256367255509,6.507225,,,,,,,,,,,340.76004,348.98517,375.06635,557.306,1275.357,621.98285,
1786,284.18441440879195,6.518719,,,,125,,,,,,,355.03296,340.16962,338.98715,334.1284,344.37442,343.9053,
1787,424.2648292759693,6.5187945,,,,125,,,,,,,1167.8807,1092.4578,1145.3047,1241.0344,1233.3239,1292.83,
1789,339.2127483120834,6.5197086,,,,,,,,,,,55.906677,140.38487,68.91481,152.04074,154.88457,146.87885,
1788,366.26059720370046,6.5203114,,,,125,,,,,,,336.01312,354.63852,326.40997,349.5831,298.98602,347.2526,
1792,384.2730386601488,6.523678,,,,,,,,,,,142.04414,148.49107,145.92133,143.28691,147.75526,144.15402,
1798,300.2307565739849,6.549486,,,,,,,,,,,169.0118,166.18195,151.72676,227.20657,230.19054,229.58278,
1803,314.2477637440088,6.5694027,,,,,,,,,,,574.2367,664.02783,538.8497,840.1369,811.7293,837.116,
1793,369.2614375275676,6.576734,,,,121,,,,,,,233.12573,234.31577,223.3924,249.05817,244.27776,254.12555,
1802,311.20649267715845,6.597697,,,,133,,,,,,,679.2511,739.18555,794.24884,94.33705,100.90612,800.7162,
1811,701.4182378534766,6.603006,,,,133,45,[2M-H+2Na]+,,3,1853;1826;1811,328.22355,709.9283,504.42026,688.9121,556.9824,275.4693,568.19104,
1812,213.147392104955,6.604258,,,,133,,,,,,,959.14136,916.824,934.6251,864.3221,839.6227,888.5742,
1813,512.3167153339663,6.6042523,,,,133,,,,,,,636.12024,594.44495,633.5769,536.6133,532.60736,538.6941,
1818,711.3740908677,6.607994,,,,133,,,,,,,649.70404,630.2146,646.1225,573.03314,586.30786,591.277,
1820,351.21279079349455,6.6092362,,,,133,45,[M+Na]+,,3,1820;1853;1826,328.22355,44620.246,43285.41,44393.133,41596.79,40819.508,42118.07,
1821,241.17864281146774,6.6098723,,,,133,,,,,,,914.7686,887.3245,872.5518,859.9067,863.7161,883.2936,
1822,367.1833685660226,6.610489,,,,133,,,,,,,3517.8386,3428.2969,3587.486,3269.694,3194.049,3336.041,
1826,346.2574214150615,6.6111393,,,,133,45,[M+NH4]+,,5,1820;1853;1826;1811;1842,328.22355,613.1028,666.2647,650.0381,582.48456,611.3732,585.2588,
1828,235.1681027081362,6.611733,,,,133,,,,,,,577.52136,583.4597,609.4974,586.5069,594.22614,582.3998,
1829,195.13687961380128,6.611756,,,,133,,,,,,,1818.195,1775.8601,1819.3345,1756.2296,1766.3156,1809.2429,
1830,307.22541521306016,6.612366,,,,133,,,,,,,1491.3068,1457.4366,1471.3903,1433.3861,1423.4115,1428.8383,
1824,276.2029530031696,6.6123695,,,,133,,,,,,,1325.6985,1184.3699,1318.6572,1265.0594,1279.5071,1277.212,
1833,695.4019210034822,6.6123753,,,,133,,,,,,,2066.4854,2020.0182,2029.2897,1839.8059,1785.5424,1846.9404,
1834,227.16307582921362,6.612983,,,,133,,,,,,,3430.9858,3403.08,3421.0125,3363.6436,3348.906,3380.2302,
1837,505.3505758604452,6.6129975,,,,133,,,,,,,653.04236,613.45654,623.77094,635.1249,625.75946,633.6287,
1847,679.4252996837291,6.613609,,,,133,,,,,,,731.0252,714.4666,720.2608,598.1537,665.88074,682.8652,
1842,373.1946428244837,6.614225,,,,133,45,[M-H+2Na]+,,3,1853;1826;1842,328.22355,704.53784,602.82825,671.30286,578.29425,503.76318,544.8278,
1843,275.1996517817819,6.614247,,,,133,,,,,,,6697.4453,6608.665,6642.478,6637.227,6517.824,6696.201,
1845,293.20981761385116,6.614863,,,,133,,,,,,,10060.486,9836.017,9974.336,9868.669,9679.811,9833.896,
1854,294.2132579509634,6.6154995,,,,133,,,,,,,1932.2906,1876.21,1893.2799,1871.012,1851.5255,1870.9406,
1851,348.2049219651896,6.6160855,,,,133,,,,,,,1491.3815,1541.1687,1460.7928,1326.0681,1372.9667,1296.2334,
1853,311.22029038539773,6.616136,,,,133,45,[M+H-H2O]+,,5,1820;1826;1853;1811;1842,328.22355,935.0062,898.643,944.47833,912.78864,891.9456,906.9795,
1848,351.2655822756758,6.617376,,,,133,,,,,,,156.0857,111.39805,143.33481,1232.1869,1172.0012,55.302303,
1841,348.70638212407016,6.6174054,,,,133,,,,,,,568.1073,546.1392,558.301,499.99832,529.9352,506.66016,
1860,443.23901110157703,6.6267776,,,,133,46,[M+K]+,,2,1863;1860,404.2758,312.77383,301.04803,326.71667,676.5066,757.89557,801.6611,
1861,369.26203626593883,6.6274033,,,,133,,,,,,,577.126,595.7721,598.259,1462.8677,1458.3003,1501.2194,
1863,427.26497248506706,6.628672,,,,133,46,[M+Na]+,,2,1863;1860,404.2758,6564.6714,6171.9775,6499.2373,14365.895,13400.202,14000.643,
1864,550.3428528038371,6.628664,,,,133,,,,,,,257.0548,252.12752,242.34113,514.2846,515.4578,542.5777,
1865,269.1734813065416,6.629295,,,,133,,,,,,,753.557,739.6629,739.1119,1755.4573,1767.4227,1804.8638,
1867,557.2185380005177,6.631178,,,,133,,,,,,,353.06906,346.31818,354.73434,660.19214,677.48456,674.56793,
1872,386.2306579428364,6.646069,,,,,,,,,,,166.41516,163.68784,166.90997,378.85883,347.48346,388.55737,
1878,383.1501011523913,6.652069,,,,,,,,,,,607.8117,584.8191,608.7912,534.9401,527.08484,523.6529,
1875,244.189547202748,6.6766915,,,,124,,,,,,,190.29852,210.19833,208.67229,252.09259,235.36378,242.52013,
1879,366.2239673438953,6.6815505,,,,,,,,,,,199.61588,558.18066,202.4338,31.461187,572.2549,41.75804,
1881,588.4079404093469,6.6942363,,,,,,,,,,,293.09583,264.52713,320.5384,262.29456,206.55322,271.37524,
1886,566.4260346355518,6.7073274,,,,127,47,[M+H]+,,2,1886;1887,565.41866,1079.0168,1119.649,1209.7949,1186.9375,1017.22235,1156.3074,
1887,1153.8263476373472,6.7085667,,,,127,47,[2M+Na]+,,2,1886;1887,565.41866,551.679,555.61414,560.2472,578.7277,521.32794,592.71265,
1894,274.6507594706333,6.7382774,,,,135,,,,,,,540.29224,476.19037,499.67444,491.4315,508.2359,529.34625,
1895,274.27324643387703,6.738278,,,,135,,,,,,,49041.668,45803.875,46425.62,46667.63,48098.91,49430.043,
1913,274.63623471115517,6.738897,,,,135,,,,,,,542.40015,471.9728,489.9317,486.69556,486.1716,523.1284,
1896,274.87312440635606,6.7389054,,,,135,,,,,,,378.53522,351.9468,363.18277,358.60062,369.7363,380.48572,
1897,274.71927504489645,6.739536,,,,135,,,,,,,399.6554,367.8354,379.40985,378.92737,352.84488,425.45615,
1898,274.4789990867686,6.739561,,,,,,,,,,,186.5856,115.79672,334.68936,321.56708,341.20093,357.56247,
1899,274.34156923662243,6.74015,,,,135,,,,,,,2389.877,2096.7756,2139.9185,2169.9128,2318.7056,2427.585,
1901,296.25462498304927,6.7413974,,,,135,,,,,,,873.58997,692.7577,800.6297,782.9414,758.6934,884.7794,
1909,275.2762294212991,6.7432637,,,,135,,,,,,,14830.26,13649.717,15248.334,14042.312,14501.478,15021.598,
1916,304.26207247526787,6.776848,,,,128,,,,,,,436.40338,460.43915,483.81818,530.12134,599.0626,608.8061,
1924,230.24669345312938,6.789442,,,,143,,,,,,,6615.0073,7991.1714,6848.928,8798.503,6000.619,7328.917,
1926,272.2534074110441,6.7913556,,,,143,,,,,,,1026.2957,789.6354,1065.4193,1426.7438,938.62463,1156.357,
1930,705.4496518372983,6.8003197,,,,143,48,[2M+H]+,,2,1930;1931,352.22114,1161.9331,607.02155,526.23145,426.84253,1023.2015,616.6461,
1931,375.21031750981666,6.8009667,,,,143,48,[M+Na]+,,2,1930;1931,352.22114,520.36884,428.59866,452.16675,398.34677,1034.3054,416.62515,
1932,318.29890007752914,6.80225,,,,143,,,,,,,8729.802,6885.5327,8227.469,7418.9272,8374.06,9077.532,
1934,244.26230832915303,6.805464,,,,143,,,,,,,2660.5293,1909.1489,2624.722,2987.3909,2387.1594,2801.6235,
1939,369.19962690168114,6.809345,,,,143,,,,,,,5579.7817,5389.095,5665.7573,5480.6953,5502.2383,5603.3315,
1937,355.2346224311038,6.811259,,,,143,,,,,,,1788.1326,2421.654,2648.5398,1721.506,1739.574,2548.8567,
1943,354.23175024271023,6.811275,,,,143,,,,,,,12277.123,16496.32,12209.731,16393.354,16563.371,16624.615,
1944,353.228463204528,6.811917,,,,143,,,,,,,78712.4,75690.12,77977.68,75863.66,75695.44,76866.56,
1953,683.4566307965353,6.815147,,,,143,,,,,,,1358.2332,1320.4825,1345.3495,1308.1185,1313.3613,1286.5629,
1963,295.22550338197067,6.819017,,,,143,,,,,,,21618.572,21171.037,21319.465,21635.822,21720.852,21691.363,
1965,227.1630567256809,6.819025,,,,143,,,,,,,10944.266,10729.447,10838.306,10968.474,11362.644,10958.749,
1967,489.35562235023764,6.819664,,,,143,,,,,,,1912.2025,1885.9144,1872.5721,1971.7494,2015.4663,2011.6906,
1968,177.12631981216808,6.8203087,,,,143,,,,,,,1128.7876,1079.956,1121.9774,1121.3212,1185.383,1120.6263,
1969,277.2149104814625,6.8203053,,,,143,,,,,,,6215.9526,6135.57,6193.7246,6338.7,6359.948,6313.7515,
1970,507.3661382964971,6.8203087,,,,143,,,,,,,2747.86,2726.7688,2737.568,2896.5012,2933.152,2900.2397,
1971,195.13688335283237,6.8209553,,,,143,,,,,,,5864.7695,5682.399,5880.819,6056.567,5921.7734,5879.4683,
1975,296.2289719438058,6.8209496,,,,143,,,,,,,3599.801,3606.73,3597.672,3643.678,4121.131,4327.365,
1972,241.17864569125427,6.8215976,,,,143,,,,,,,2812.7742,2743.9846,2786.4756,2872.7197,2865.0042,2872.1458,
1976,309.2409885122233,6.8222365,,,,143,,,,,,,1117.6396,1110.6934,1056.5051,1116.3854,1128.0516,1120.368,
1977,607.4547257822024,6.822233,,,,143,,,,,,,496.32135,449.36484,473.82806,503.14886,493.57352,492.24585,
1978,699.4330719565819,6.822886,,,,143,49,[M+Na]+,,2,1990;1978,676.4429,3575.9348,3521.1016,3510.709,3384.856,3407.6968,3342.7637,
1984,213.14741987754044,6.824817,,,,143,,,,,,,2009.4471,1901.3771,1977.4343,1933.2964,1896.357,1979.4437,
1985,313.2360458237817,6.8248196,,,,143,,,,,,,678.4668,687.17645,727.4218,692.4839,729.1227,643.6278,
1990,715.4051040164259,6.8299785,,,,143,49,[M+K]+,,2,1990;1978,676.4429,1304.4781,1268.1984,1309.3771,1217.5269,1232.43,1234.0204,
1999,290.3060478556135,6.846739,,,,132,,,,,,,313.02118,338.9417,332.91656,118.843765,246.22105,84.167305,
2000,290.26774008619407,6.8493114,,,,132,,,,,,,19396.723,20114.488,20218.482,23188.148,18242.11,21571.566,
2003,515.3400825939198,6.861403,,,,,,,,,,,1005.83295,956.1343,977.9278,926.5611,938.41547,918.9548,
2005,348.27434507481547,6.8706474,,,,,,,,,,,1085.0369,1075.5553,1048.8221,1070.8613,1072.5071,1039.0314,
2007,362.32494618756914,6.8746777,,,,136,,,,,,,1048.6572,811.0252,995.55853,866.9159,1027.8037,1150.1455,
2008,334.29356430144054,6.876572,,,,136,,,,,,,3311.571,3335.2012,3524.4001,3867.7468,2952.9465,3845.568,
2009,497.27026562783226,6.879086,,,,136,,,,,,,544.81323,476.98965,534.65985,1357.6445,1465.7466,1398.9897,
2010,457.27774204650404,6.880953,,,,136,,,,,,,116.9199,110.884636,98.18398,414.34326,399.02237,404.1403,
2012,350.7219431547967,6.8946395,,,,131,,,,,,,717.4916,703.2531,737.0002,696.4438,679.3066,709.95233,
2013,306.2420770103651,6.8953,,,,,,,,,,,625.77466,617.79297,618.6641,728.11426,755.40656,748.4044,
2018,350.22134343677493,6.9020863,,,,131,,,,,,,2086.679,2585.1282,2142.1938,1959.2983,2422.28,2010.1139,
2021,260.2572262310327,6.910105,,,,,,,,,,,608.2115,546.094,752.7719,1011.49335,531.8692,801.7572,
2024,349.1986364503222,6.926394,,,,,,,,,,,473.3223,528.3991,500.3599,413.87653,429.81323,429.1898,
2022,318.2474057790887,6.9264054,,,,,,,,,,,13480.027,154.80875,150.22476,183.64838,192.55498,206.4887,
2025,282.27783780572855,6.929461,,,,137,,,,,,,1325.6111,1327.4474,1351.847,1590.8766,1559.638,1567.5663,
2026,643.2555047991203,6.933128,,,,137,,,,,,,181.92743,168.0713,167.87457,383.325,394.4293,402.9258,
2027,385.1656386764364,6.9343276,,,,,,,,,,,727.824,659.45844,678.7021,620.2189,608.5725,553.91925,
2033,351.21294555707004,6.9416885,,,,137,,,,,,,3353.0667,2987.803,3173.0046,2781.0452,2799.4043,3147.012,
2035,441.2439757273906,6.9435215,,,,140,,,,,,,184.18163,177.22417,176.39676,344.94135,323.59735,354.46024,
2037,427.2649195095112,6.9502244,,,,,,,,,,,224.80719,110.72842,188.97556,601.3573,395.35895,513.8414,
2040,425.24916926727315,6.9544945,,,,,,,,,,,848.6075,739.56555,839.5115,672.94196,608.51294,734.2106,
2044,501.30163753428496,6.9716473,,,,134,,,,,,,321.6269,254.70795,308.2071,187.41524,223.331,209.8527,
2032,352.22615822890594,6.971781,,,,140,,,,,,,602.9452,1445.0581,587.77246,549.34265,1082.3682,518.3852,
2046,332.29337734803283,6.972264,,,,134,,,,,,,3639.4058,3661.5098,3583.4368,3740.8665,3879.2666,3839.6829,
2052,318.27788203297996,6.988936,,,,138,,,,,,,20486.066,19803.723,19617.256,20472.639,20906.514,21067.54,
2054,318.3356871372486,6.988939,,,,138,,,,,,,282.83936,266.16507,39.988953,70.61627,71.10956,82.0931,
2055,318.2260307966291,6.990158,,,,138,,,,,,,545.319,387.69757,368.24954,363.90176,396.48386,393.82217,
2060,387.17480226972975,7.005581,,,,141,,,,,,,1702.9506,1737.0133,1667.201,1422.755,1565.464,1365.0392,
2061,409.16061405935244,7.0061975,,,,141,,,,,,,2563.424,2413.1047,2319.0928,1776.6471,2001.6385,1813.7548,
2062,693.5289398939063,7.0233083,,,,,,,,,,,772.5255,1248.3906,1748.2095,2901.1284,2143.4949,2200.2954,
2068,376.2579300022167,7.032434,,,,147,50,[M+H]+,,3,2072;2071;2068,375.25079,1174.1349,2187.2786,3311.6611,6153.271,3844.6763,3785.2522,
2074,398.17275115216745,7.0354476,,,,147,,,,,,,4.011557,7.4704742,62.260963,179.47813,33.250576,108.051384,
2071,398.23992842257127,7.0360756,,,,147,50,[M+Na]+,,3,2071;2068;2073,375.25079,2065.358,3692.1353,4994.3647,8151.046,5817.284,5333.6357,
2072,773.4911284492779,7.0366864,,,,147,50,[2M+Na]+,,3,2072;2068;2073,375.25079,23.947195,186.03142,336.09006,863.75745,438.51663,417.78937,
2082,277.19273444338904,7.040541,,,,144,,,,,,,304.25735,365.56772,293.6968,314.65366,96.72751,337.92343,
2073,414.2140170209989,7.0409164,,,,147,50,[M+K]+,,3,2072;2071;2073,375.25079,38.86653,117.145386,176.63292,292.56128,213.09933,201.75336,
2075,435.3312891929998,7.0409145,,,,147,,,,,,,403.73862,670.3694,999.4996,1498.6628,985.7269,1044.5231,
2076,393.2575850178864,7.042092,,,,147,,,,,,,448.50092,476.86935,632.182,652.011,447.6027,483.39236,
2077,421.3158175418902,7.0433335,,,,147,,,,,,,93.626,176.95596,252.4775,403.2236,270.12402,263.11472,
2078,429.28288874342,7.043342,,,,147,51,[M+H-H2O]+,,2,2078;2080,446.28616,167.40472,141.23514,159.99973,313.61383,294.12424,336.58252,
2080,469.27535246753615,7.043945,,,,147,51,[M+Na]+,,2,2078;2080,446.28616,405.3754,350.30573,382.53256,632.1154,600.52344,687.8814,
2079,330.26312727365274,7.048778,,,,,,,,,,,13.3424015,934.1386,49.2117,4.25438,630.1146,3.87331,
2084,203.10560692172479,7.0741363,,,,,,,,,,,177.96828,135.54613,191.8575,200.68184,146.31378,199.26332,
2085,317.17094476606485,7.074736,,,,144,,,,,,,958.4235,733.30176,1007.2112,993.22345,764.02026,1008.87744,
2090,348.28609397156714,7.078075,,,,,,,,,,,137.77132,383.59174,61.268585,337.51105,388.269,190.25795,
2091,355.2423885882826,7.082583,,,,144,,,,,,,888.645,860.7592,827.3208,690.63995,612.27094,679.61444,
2092,368.2395732827522,7.0831833,,,,144,,,,,,,420.03748,1031.053,414.14178,195.04065,957.94965,167.41678,
2095,383.2412153758849,7.0958996,,,,142,52,[M+H-H2O]+,,2,2096;2095,400.2445,589.5439,572.4828,473.78876,1160.0424,1156.8397,1246.2384,
2099,424.2373807646458,7.097994,,,,142,,,,,,,85.03263,192.65956,211.755,489.3393,448.75323,502.56656,
2096,423.23371686115433,7.098316,,,,142,52,[M+Na]+,,2,2096;2095,400.2445,1218.7029,1001.4546,1164.1672,2531.0732,2225.5176,2652.1858,
2086,387.2726719086734,7.1103806,,,,,,,,,,,124.65337,111.07265,114.72239,335.7864,172.92038,280.62592,
2106,352.2443418791672,7.117247,,,,,,,,,,,2514.4128,7317.284,2360.5015,1190.8402,6401.7754,1139.9186,
2109,320.2602729786593,7.127886,,,,145,,,,,,,360.92126,343.41553,320.63165,460.23282,387.17374,439.86533,
2110,332.29330903241885,7.128491,,,,145,,,,,,,1939.4572,1847.4456,1921.24,2255.39,2220.5537,2329.5056,
2111,365.228780353769,7.13208,,,,145,,,,,,,604.61694,540.35443,565.0942,621.00824,512.93604,594.7427,
2113,441.28080789934825,7.1393247,,,,,,,,,,,92.20194,33.850887,44.822853,703.9218,331.11957,454.53387,
2117,278.24635255427273,7.1471086,,,,154,,,,,,,940.608,2262.658,1024.1471,718.0381,2163.4814,682.7174,
2118,296.2570892788245,7.1471114,,,,154,,,,,,,2646.3591,3116.2188,2615.7847,2606.383,3375.54,2566.254,
2114,297.25954753002094,7.148922,,,,154,,,,,,,256.7086,350.92908,510.2511,450.1672,472.59552,434.94455,
2120,296.2523463483651,7.1513305,,,,,,,,,,,2351.3567,2843.365,2300.4207,183.59538,2754.5227,2329.0684,
2121,288.2673179172148,7.160967,,,,154,,,,,,,4186.4155,4049.5479,4221.445,5066.4136,4874.1606,5175.173,
2122,699.4333681085969,7.1615777,,,,154,,,,,,,196.76689,194.4437,187.81854,189.57262,194.86314,195.20946,
2124,353.2283960131892,7.1621747,,,,154,,,,,,,8546.61,7355.568,8571.798,8711.955,7366.024,8673.395,
2123,350.22570239879127,7.162781,,,,154,,,,,,,891.69073,1102.5857,742.9465,528.96564,1571.011,526.2818,
2130,295.2254976793675,7.1633916,,,,154,,,,,,,1493.4675,1198.0554,1090.6069,1321.7626,913.2887,934.522,
2131,354.23177975813087,7.164589,,,,154,,,,,,,1671.4159,2010.125,2344.19,1753.1313,1481.353,2344.952,
2135,308.2934646593515,7.173956,,,,146,,,,,,,1713.2661,1669.8099,1723.0802,2025.5333,1995.7253,2064.0137,
2134,309.2967742092283,7.176638,,,,146,,,,,,,355.78473,225.2349,340.35956,411.1325,387.29028,414.0841,
2136,427.2648989339089,7.179086,,,,146,53,[M+Na]+,,2,2137;2136,404.2758,1811.139,1473.1097,1770.8784,2204.4011,1819.1195,2283.739,
2137,387.2726398354098,7.1791,,,,146,53,[M+H-H2O]+,,2,2137;2136,404.2758,811.63745,691.9093,786.00037,1012.4609,768.37524,971.12256,
2138,405.28321507302024,7.1808867,,,,,,,,,,,175.99362,163.11548,171.28236,147.80797,140.62227,150.65372,
2119,275.19930960952684,7.185572,,,,,,,,,,,368.91855,323.45673,353.27823,168.40677,115.16281,68.3846,
2140,300.2884011178745,7.203056,,,,150,,,,,,,528.75586,503.2392,527.6398,581.24243,560.90094,595.3642,
2141,729.2915952163785,7.20425,,,,,,,,,,,123.979774,113.13891,116.33887,289.55023,303.17432,313.3376,
2142,312.24746323334506,7.2072415,,,,150,,,,,,,466.30167,1629.2574,422.52057,127.557205,1366.3419,132.98665,
2143,334.2337560781548,7.2126136,,,,150,,,,,,,1186.7186,3018.9446,1128.1237,651.7102,2390.2922,628.8942,
2145,298.30910775869916,7.215597,,,,155,,,,,,,213.42867,194.3883,206.68306,248.22638,225.60226,255.01718,
2147,302.2464556171415,7.220384,,,,155,,,,,,,981.5416,944.9747,1007.4491,1272.489,1222.8904,1292.6583,
2146,303.24983535430283,7.221567,,,,155,,,,,,,184.55003,147.23198,187.97086,243.51709,229.24756,127.006256,
2151,306.204995278902,7.229338,,,,155,,,,,,,427.0198,420.49768,406.69638,488.0004,487.81284,499.38867,
2152,284.29303453397205,7.229344,,,,155,,,,,,,3235.2148,3002.8125,3194.3948,3739.1113,3494.2217,3807.5413,
2153,285.29694487105695,7.2317276,,,,155,,,,,,,567.01965,526.08856,530.4144,634.28046,635.1017,727.872,
2155,311.2202373515854,7.2335362,,,,,,,,,,,807.90753,697.5936,960.21387,118.72407,589.2456,611.1027,
2157,351.2128050233905,7.23777,,,,,,,,,,,3584.7144,3351.7869,3675.134,2470.207,2349.6438,815.53516,
2156,365.22847542209496,7.238914,,,,155,,,,,,,753.50275,550.4102,707.99164,700.3356,574.4925,713.9167,
2144,294.24089278631595,7.2419662,,,,150,,,,,,,446.4902,1657.4939,477.19482,78.69589,685.4177,141.3333,
2160,395.2390977775564,7.2460837,,,,155,54,[M+Na]+,,2,2161;2160,372.24986,3194.2124,2796.7947,2859.9512,2325.4822,2087.8054,2170.1948,
2161,373.257108260003,7.2478805,,,,155,54,[M+H]+,,2,2161;2160,372.24986,328.34802,312.60168,339.93158,274.00748,260.27518,273.41684,
2165,275.1993308884905,7.2520695,,,,,,,,,,,309.57776,271.50067,301.64584,382.81143,344.31854,371.4837,
2166,460.32528197323774,7.252069,,,,,,,,,,,189.0462,183.40082,208.11368,142.17487,131.0044,131.31328,
2167,336.24820318917597,7.2544723,,,,,,,,,,,825.65753,1876.635,811.5371,362.811,1012.8558,250.90404,
2164,333.2021990993708,7.256266,,,,,,,,,,,1183.0066,494.98343,1200.0251,1690.7378,1422.4613,1725.5648,
2168,361.341047436789,7.259275,,,,,,,,,,,206.7643,165.848,208.62988,271.2602,192.39905,266.52417,
2170,397.2533373158373,7.2646527,,,,,,,,,,,591.48737,520.31085,565.00665,274.8127,239.89748,253.14595,
2189,312.25051670666295,7.277897,,,,159,,,,,,,333.53738,1243.4054,104.93172,24.803654,986.11316,46.88414,
2186,425.25647843805876,7.2898307,,,,,,,,,,,134.3823,31.550055,72.09405,425.8468,316.49536,488.07394,
2190,334.2338930220297,7.3024197,,,,159,,,,,,,1198.4915,3218.9744,1111.8396,646.5833,2685.6765,84.10379,
2181,294.24098300632403,7.303614,,,,159,,,,,,,475.58276,1651.0236,414.69522,202.83272,2769.8542,245.79082,
2182,349.1971226917349,7.3042083,,,,159,55,[M+Na]+,,2,2182;2188,326.20796,1178.8108,954.8644,1160.4473,1794.4115,1524.4537,1784.318,
2187,341.2308830013281,7.306011,,,,159,,,,,,,162.48672,153.70265,152.66124,314.22913,299.22684,320.81796,
2183,335.2196963266322,7.306597,,,,159,,,,,,,696.69403,716.0773,806.76416,1128.6383,1066.1594,1182.7356,
2188,327.21529592311134,7.3096027,,,,159,55,[M+H]+,,2,2182;2188,326.20796,95.680916,81.12278,92.35285,209.23859,185.67981,191.38397,
2191,293.20980998123775,7.3245673,,,,,,,,,,,885.7728,1269.6934,1312.6765,403.90875,575.7723,849.72986,
2196,302.3040058758895,7.3353252,,,,156,,,,,,,889.7965,1044.1271,1657.3093,907.56836,643.4778,1315.0662,
2198,383.213994873124,7.337755,,,,156,,,,,,,431.39972,374.71048,442.58728,446.2884,358.17035,454.47034,
2200,367.2440408159177,7.3416467,,,,156,,,,,,,5845.4375,4961.9414,5718.2036,5858.4043,4800.7393,5800.158,
2193,304.2682384696421,7.343698,,,,,,,,,,,106.09419,206.03732,130.45915,318.63873,296.2106,321.81693,
2202,368.2446785861273,7.3470273,,,,156,,,,,,,1933.2136,2384.6272,1878.4636,1577.0895,2255.7988,1432.6085,
2185,350.21943243925034,7.3501587,,,,159,,,,,,,1099.7417,2882.0576,938.02924,360.9444,2604.6018,339.95398,
2204,599.4262559208087,7.365069,,,,,,,,,,,1630.8535,1285.4484,1447.9253,1439.803,2445.0825,1430.8745,
2205,316.28329481535195,7.365717,,,,160,,,,,,,5089.258,4864.013,5022.321,2640.1646,2590.625,2603.0232,
2197,411.27008155401523,7.367125,,,,,,,,,,,21.458542,8.538588,44.21861,263.81973,186.32321,250.73123,
2206,350.22863396675916,7.370814,,,,,,,,,,,1012.7198,4508.481,1075.2052,556.46466,4015.5845,523.8698,
2211,460.3252244098774,7.380386,,,,160,,,,,,,584.41895,617.11084,612.0268,1228.8099,1161.8092,1238.9218,
2210,328.24734308284565,7.381292,,,,,,,,,,,184.77353,1022.6934,146.74043,58.560196,1001.1423,35.64627,
2212,346.330164838901,7.3831058,,,,,,,,,,,98.85417,115.70053,192.22635,111.29568,73.533325,137.62059,
2214,354.2317890439087,7.3845525,,,,160,,,,,,,1001.36255,898.94,974.9322,555.20337,311.40784,803.1921,
2224,310.23773099360795,7.386744,,,,,,,,,,,58.717777,530.52295,9.784609,13.078938,441.37103,8.239381,
2217,331.2465470802512,7.388792,,,,160,56,[M+H]+,,2,2218;2217,330.23923,485.92993,451.69946,467.25552,365.72534,343.3118,381.01675,
2218,353.2283971649371,7.391192,,,,160,56,[M+Na]+,,2,2218;2217,330.23923,4719.098,3889.3435,4669.476,3878.4614,3344.348,4056.7854,
2219,313.2360266480241,7.391203,,,,160,,,,,,,2638.197,2507.4255,2680.7615,1971.9469,1924.1064,1950.193,
2220,409.2545949354658,7.392391,,,,,,,,,,,108.46311,131.94604,235.83531,1324.9542,1080.926,801.61865,
2256,367.24406457219317,7.402214,,,,,,,,,,,4906.895,4050.3445,4854.927,3075.03,4061.394,3190.6243,
2226,430.3151231295833,7.404364,,,,,,,,,,,11.619435,4.1805496,13.804407,252.70241,191.42552,276.40536,
2246,625.5122796571045,7.4346886,,,,164,,,,,,,36.208286,357.04315,40.537895,25.912146,340.96457,5.173166,
2228,277.21488442107346,7.4349747,,,,,,,,,,,1182.9364,1782.2245,1747.3641,1065.043,1665.6986,725.732,
2247,609.5179343905317,7.4353137,,,,164,,,,,,,34.004887,330.18036,24.770254,4.858625,305.51627,5.1175404,
2232,280.2622869644905,7.4365296,,,,164,57,[M+H-H2O]+,,2,2242;2232,297.26552,13764.283,13092.002,13746.611,14587.137,14472.844,14700.236,
2233,304.2629149961188,7.436542,,,,164,,,,,,,1195.5012,1042.7369,1291.4565,1374.6436,1335.0927,1384.2611,
2234,298.34397740975555,7.437144,,,,164,,,,,,,392.86423,354.5985,375.35605,427.04324,404.2433,431.08618,
2237,298.27281722575276,7.437761,,,,164,57,[M+H]+,,2,2242;2237,297.26552,33052.61,31071.785,32843.332,34656.42,34106.008,34809.973,
2245,611.5322531965571,7.439003,,,,164,,,,,,,57.321785,249.32953,23.469675,32.76768,248.09026,25.30172,
2242,320.25466491211677,7.439625,,,,164,57,[M+Na]+,,3,2237;2242;2232,297.26552,760.3183,557.1706,775.2106,834.6059,604.67114,838.21844,
2250,295.22546927908326,7.4530053,,,,149,,,,,,,2597.9917,2492.502,2541.1091,2170.495,2110.1624,2177.9717,
2251,310.30904112278444,7.453811,,,,148,,,,,,,291.1426,248.99329,265.9347,328.91425,318.21576,351.45093,
2260,350.2287413114509,7.455275,,,,,,,,,,,115.711914,1067.4932,286.8167,71.25128,810.1379,21.866188,
2255,335.2181295783789,7.4618554,,,,,,,,,,,4203.1675,3805.0234,4234.966,2480.853,2224.389,2459.6694,
2257,333.202216408517,7.4720283,,,,,,,,,,,2087.575,1803.5632,2122.8882,2229.9622,2010.1799,2272.3325,
2263,275.199341159341,7.4925084,,,,,,,,,,,456.62488,558.706,442.73312,399.99774,426.89374,400.2231,
2268,336.2650680684778,7.5059,,,,151,,,,,,,1594.4883,1473.4832,1498.1984,1552.8258,3582.8071,1813.549,
2269,364.24537308529807,7.513128,,,,,,,,,,,16.841705,259.30316,18.352047,78.04389,350.9556,64.952736,
2272,411.27004531730284,7.5173697,,,,153,58,[M+Na]+,,2,2271;2272,388.28096,401.9672,357.88437,429.9096,1136.8524,1003.69165,1216.1748,
2278,231.15795022692055,7.530575,,,,168,,,,,,,235.29826,217.82556,219.21164,212.13936,205.40924,217.23645,
2280,712.4759833448767,7.5413556,,,,158,,,,,,,581.54205,417.26245,575.32086,678.70325,571.58026,711.09045,
2281,337.2333101311535,7.5437527,,,,158,,,,,,,986.33307,878.4026,977.0733,721.14087,657.3632,718.3259,
2297,334.21717549544394,7.5440807,,,,,,,,,,,435.11368,907.2479,127.480606,489.52625,551.643,492.89026,
2282,599.4262420531753,7.5452695,,,,,,,,,,,844.21423,669.5431,769.5765,739.97314,1276.2777,786.0111,
2295,397.38128689633976,7.5488358,,,,,,,,,,,1461.4767,1443.8547,1184.0621,1195.3815,6959.5938,1276.7405,
2285,415.20989753817815,7.553028,,,,163,59,[M+H]+,,3,2285;2286;2287,414.20265,1680.7885,1386.0212,1639.9147,1483.011,1424.302,1562.6942,
2286,437.19186506363553,7.553622,,,,163,59,[M+Na]+,,3,2285;2286;2287,414.20265,4211.3794,3179.8406,4210.6963,3993.383,3268.0103,4233.1895,
2287,453.16582485401597,7.5539002,,,,163,59,[M+K]+,,3,2285;2286;2287,414.20265,339.5661,276.47183,360.51593,364.89957,289.3957,376.58395,
2288,460.2676851606266,7.553936,,,,163,,,,,,,205.72525,127.22746,197.47392,209.63206,131.13986,190.7137,
2271,371.27780461276507,7.5643973,,,,153,58,[M+H-H2O]+,,2,2271;2272,388.28096,82.51736,94.638245,88.12662,301.5429,285.04376,288.2714,
2296,480.35131900716465,7.570072,,,,,,,,,,,374.17984,379.0537,378.84274,582.57935,605.2192,610.5229,
2298,268.2259063816332,7.5797057,,,,168,,,,,,,212.10283,953.2737,238.40509,18.421179,763.93024,5.378008,
2299,308.21930503968036,7.580858,,,,168,,,,,,,568.86536,1110.0421,949.4605,549.0929,1100.9298,574.53955,
2302,409.25456425774905,7.582066,,,,,,,,,,,1607.7758,1325.5701,1654.2916,1647.6455,1399.0471,3032.5752,
2303,288.2520862089781,7.589311,,,,168,,,,,,,7970.039,5962.0195,8355.104,9843.628,7347.4976,9541.771,
2262,292.2245436432154,7.589325,,,,,,,,,,,465.46387,1787.3213,602.488,354.5929,1405.5026,252.72833,
2306,252.23101710583384,7.590528,,,,168,,,,,,,589.2005,2046.4287,769.921,422.13828,1815.2845,422.37665,
2308,732.5020784794086,7.5954223,,,,,,,,,,,633.32904,425.38297,596.2452,638.7565,486.8435,655.90454,
2343,310.2355292187115,7.598583,,,,168,,,,,,,511.98395,471.05652,436.1754,371.69452,573.7351,356.72977,
2309,350.2288179848133,7.6089783,,,,173,,,,,,,488.77292,1524.3339,477.3231,65.14313,1960.8317,38.333057,
2314,318.29917380986524,7.6164,,,,173,,,,,,,37011.918,36414.1,36971.023,37669.76,37181.66,37954.508,
2315,318.37272873837713,7.6164,,,,173,,,,,,,652.1759,610.66437,642.36926,671.0787,644.8203,682.27496,
2316,318.6969182275674,7.6164055,,,,173,,,,,,,199.8234,187.27559,183.42273,211.44115,196.54689,197.65166,
2317,340.2787672352001,7.6164055,,,,173,,,,,,,519.0516,382.49945,502.12747,534.30426,598.576,545.26337,
2320,300.28772629948867,7.6170197,,,,173,,,,,,,782.3532,1148.4032,1283.2235,807.3295,792.1023,1291.0243,
2321,333.2022504548949,7.6171145,,,,,,,,,,,2494.6372,2146.6655,2388.3157,940.4506,754.93536,925.5179,
2318,645.5388763248915,7.6176224,,,,173,,,,,,,95.068474,379.4828,76.77963,11.990108,329.75415,8.545004,
2328,318.6756495339149,7.6188636,,,,173,,,,,,,171.04398,188.26399,201.06168,203.89268,194.55556,195.93513,
2329,411.27015676709675,7.6207194,,,,173,,,,,,,1896.6981,1480.2123,1850.771,4566.8906,3610.897,4566.0635,
2336,371.2778608349881,7.6336503,,,,,,,,,,,450.07736,419.34744,411.28323,1036.1653,985.9206,1046.9169,
2362,300.2762585950232,7.642636,,,,,,,,,,,612.30365,1003.20996,577.811,148.87848,147.40283,966.81464,
2338,370.2933168282954,7.6465836,,,,157,,,,,,,420.3905,401.45853,404.84094,124.65484,136.11888,139.98076,
2339,316.28175348536973,7.6472087,,,,,,,,,,,304.30017,577.23773,225.53015,119.96495,495.34988,155.61339,
2341,308.29348197088854,7.649039,,,,,,,,,,,218.18272,207.66853,222.77357,293.5561,266.43564,287.6129,
2342,717.3643620739323,7.650261,,,,157,,,,,,,44.81827,54.84562,16.479815,554.81805,592.95636,581.6971,
2344,368.31441761549166,7.6575694,,,,,,,,,,,650.3122,605.8689,636.369,175.3359,221.52982,212.6453,
2355,340.2664645646976,7.6592975,,,,174,,,,,,,1338.6372,788.0165,928.17847,444.23788,533.1656,244.64276,
2347,302.26761596939286,7.671659,,,,,,,,,,,246.37315,183.95566,257.0012,294.57324,210.4493,280.2331,
2350,313.23598978404806,7.682592,,,,,,,,,,,1207.4628,715.7719,1176.657,927.0856,885.75543,867.13385,
2349,277.2149711497236,7.6838055,,,,,,,,,,,459.8514,850.14734,786.29297,701.71484,622.9296,751.1846,
2351,339.24946926163085,7.6928697,,,,174,,,,,,,4694.8965,4050.1006,4732.1675,1495.7362,1415.896,1488.238,
2354,281.2459271406217,7.6934667,,,,174,,,,,,,404.4326,391.66092,415.4542,48.80224,37.104366,48.368305,
2352,317.26774090289985,7.693472,,,,174,,,,,,,683.69006,806.90533,698.69525,196.47203,178.84428,201.96126,
2357,263.2357148012061,7.694075,,,,174,,,,,,,312.8679,296.01837,311.1736,39.00164,33.88061,25.68235,
2353,299.25739844781793,7.6946864,,,,174,,,,,,,3572.6252,3185.3726,3552.0137,1044.6971,929.75757,989.1775,
2356,302.30393352429115,7.6952972,,,,174,,,,,,,321.60068,331.06146,342.7304,407.87488,390.18365,424.7256,
2360,335.21784833567193,7.6995187,,,,174,,,,,,,6381.4897,5227.668,6523.0938,6174.2295,4888.9824,6113.7847,
2361,367.24407031986584,7.700647,,,,,,,,,,,3055.821,2728.6562,3092.1335,2822.0994,2403.2786,2856.5369,
2364,336.2373245903805,7.704353,,,,174,,,,,,,1605.8684,6968.839,1438.3469,1225.8914,3817.065,1169.8405,
2375,268.2258240268088,7.7084446,,,,169,60,[M+H]+,,2,2375;2373,267.21858,32.574905,363.8702,56.697884,16.143208,328.96188,4.362346,
2367,314.2624675449919,7.7109666,,,,174,,,,,,,426.63586,2027.4642,371.5493,167.5375,1374.5858,156.28761,
2370,381.2597972663453,7.7170053,,,,169,,,,,,,467.94962,320.789,438.96912,136.45978,105.40668,138.01575,
2373,290.20783446153274,7.7230277,,,,169,60,[M+Na]+,,2,2375;2373,267.21858,115.48171,408.91016,153.45096,7.2336197,363.41528,34.33321,
2378,352.2444296731242,7.726064,,,,,,,,,,,449.88965,1388.3751,427.5678,231.94139,1334.2496,156.73647,
2377,312.3247112865959,7.7278614,,,,175,,,,,,,392.24036,376.5928,387.81348,457.41843,431.90253,454.36707,
2381,338.2478116394691,7.7320366,,,,175,,,,,,,1538.6106,1883.8708,1511.4038,1931.3022,853.6421,2137.344,
2386,311.2483549687019,7.7345047,,,,175,,,,,,,636.59735,584.18726,432.45877,725.8815,667.92365,692.223,
2387,279.23059695808814,7.734511,,,,175,,,,,,,1283.4619,1261.5862,1292.1377,1700.1047,1646.8096,1732.2236,
2389,315.25176932423716,7.736325,,,,175,61,[M+H]+,,2,2393;2389,314.24435,640.7617,612.18463,629.79254,879.165,855.97186,879.9702,
2391,667.4435894514726,7.736319,,,,175,,,,,,,166.35713,156.69717,174.39581,170.85428,168.18634,187.57925,
2392,297.241068791114,7.73753,,,,175,61,[M+H-H2O]+,,2,2393;2392,314.24435,1736.9275,1643.168,1717.7533,2455.5105,2265.1099,2486.4592,
2393,337.23342960924055,7.7375274,,,,175,61,[M+Na]+,,3,2393;2389;2392,314.24435,6827.586,5886.8457,6820.3276,9299.612,7605.498,9336.923,
2366,296.2476758484338,7.7411284,,,,174,,,,,,,249.00833,1019.6905,214.98744,89.73324,744.5956,83.811554,
2405,320.2934835080584,7.773705,,,,178,,,,,,,5745.0527,5586.6597,5799.9775,6958.8354,6917.2983,7004.324,
2408,302.282782009755,7.7755218,,,,178,,,,,,,255.74872,232.2446,225.26517,298.29773,279.84344,273.14484,
2406,599.4262347875814,7.776123,,,,,,,,,,,1388.8088,961.37854,1204.207,1236.4606,1376.7148,1188.1556,
2410,333.201859220273,7.7809587,,,,178,,,,,,,879.0318,836.7727,820.9101,800.6687,679.7211,880.4986,
2400,423.27071160071455,7.781011,,,,,,,,,,,953.3772,800.95026,940.72253,73.57842,92.111916,79.06748,
2415,291.1941748257503,7.784597,,,,178,62,[M+H-H2O]+,,2,2415;2417,308.19746,4151.2393,4055.049,4295.394,3552.3552,2726.5562,3398.604,
2417,331.18666698819663,7.785197,,,,178,62,[M+Na]+,,2,2415;2417,308.19746,5182.763,4875.81,5423.4473,4761.0415,3204.8743,4326.2246,
2412,332.19034742322,7.7852,,,,178,,,,,,,901.9888,893.7014,999.5937,807.1691,591.13416,751.1934,
2421,203.10560500099845,7.7864137,,,,178,,,,,,,566.5623,540.1315,578.9928,518.75684,388.69083,443.39236,
2422,165.05364395323045,7.7870164,,,,178,,,,,,,209.85143,175.80402,207.26262,190.8887,117.6143,169.59172,
2388,316.27772668109645,7.7882805,,,,175,,,,,,,240.3994,646.08887,213.45604,152.07588,544.9187,133.64792,
2424,354.25847267687504,7.789491,,,,172,,,,,,,618.9037,813.4856,844.552,275.5224,786.14,163.8484,
2426,292.2054670535128,7.795555,,,,178,,,,,,,893.08765,667.246,896.24695,699.7153,1157.2728,622.7182,
2402,351.20038608893543,7.796747,,,,,,,,,,,1092.94,716.8721,1278.4622,398.5544,671.0222,398.37256,
2428,316.2826573854367,7.8033886,,,,,,,,,,,226.13123,727.10803,212.319,147.79501,624.59094,150.72722,
2453,292.20768907608834,7.8034806,,,,162,,,,,,,855.61127,814.75916,791.46783,624.3639,1156.877,558.78046,
2431,384.309334870922,7.80945,,,,,,,,,,,1755.5184,1528.6614,1671.802,897.04694,833.4064,907.7987,
2435,404.33558011809686,7.819752,,,,,,,,,,,503.9817,421.83875,505.719,258.6964,227.67747,247.85321,
2439,437.1919182915995,7.824014,,,,172,63,[M+Na]+,,2,2437;2439,414.2027,259.1942,148.79099,312.20383,286.67,199.65605,348.65186,
2437,415.2099685623261,7.8258305,,,,172,63,[M+H]+,,2,2437;2439,414.2027,112.628235,39.585506,157.15962,103.952934,18.274803,154.17787,
2440,302.30407840478074,7.8264136,,,,179,,,,,,,482.39838,464.8954,471.91104,505.5221,465.34518,499.96713,
2441,330.335278209659,7.827633,,,,179,,,,,,,995.06744,1007.48987,1689.1764,921.4247,750.032,1466.0114,
2447,331.3386716925059,7.8306785,,,,179,,,,,,,153.20256,192.0318,351.75266,142.04575,140.46213,299.95782,
2423,293.20935779481886,7.832819,,,,,,,,,,,696.24506,255.96625,497.5409,463.88882,608.33356,314.38806,
2444,314.26765777757515,7.8331223,,,,179,,,,,,,285.11392,920.4305,252.32112,133.64372,861.9871,153.45047,
2446,336.2269761753622,7.8337693,,,,179,,,,,,,2708.9226,2910.799,2712.3105,2340.5164,2748.5583,2443.0117,
2448,330.26254279561175,7.8380694,,,,,,,,,,,444.04245,443.00986,446.89157,426.59653,432.98642,418.38525,
2450,364.31313795341975,7.8423142,,,,178,,,,,,,140.49344,299.84848,127.73155,357.63678,345.85727,378.2963,
2451,350.2289242448515,7.84353,,,,162,,,,,,,572.17523,2098.77,537.48254,198.72075,1520.9711,171.33614,
2454,335.21791665944784,7.847833,,,,179,64,[M+Na]+,,2,2454;2456,312.22874,14593.017,12798.167,14475.657,14598.695,12514.916,14664.59,
2442,296.24237987798887,7.8515778,,,,,,,,,,,385.02142,563.92365,145.20468,366.76236,532.17554,63.051933,
2456,295.2254827449313,7.8527694,,,,179,64,[M+H-H2O]+,,2,2454;2456,312.22874,4826.6357,4694.7393,4944.261,4412.727,4220.917,4458.172,
2460,665.4278880133966,7.855847,,,,,,,,,,,339.49234,319.6541,352.5071,371.8306,324.05978,347.42236,
2464,311.2559484514971,7.85893,,,,183,,,,,,,1868.8176,1791.6223,2046.6041,1919.9124,1812.542,1944.8771,
2466,369.1677367359328,7.8601613,,,,183,,,,,,,702.55914,960.44617,1084.5262,1000.8936,1038.6603,1097.4889,
2452,352.2474763078997,7.864983,,,,,,,,,,,494.7989,1145.7545,481.24463,69.91115,1104.7273,312.88638,
2483,333.202636745627,7.866408,,,,183,65,[M+Na]+,,2,2483;2489,310.21321,789.397,870.68713,819.55774,994.31946,858.62463,982.6134,
2468,279.2320125542262,7.8669333,,,,183,,,,,,,3627.148,3507.171,3633.0537,3756.5815,3683.0298,3797.5488,
2445,298.25592758463563,7.8669777,,,,183,,,,,,,909.1672,477.31186,987.21295,762.6375,420.24973,726.3177,
2469,310.30907296597235,7.8687973,,,,165,,,,,,,484.13477,456.85953,467.5633,580.4813,548.45856,575.2781,
2474,555.3119986282264,7.874327,,,,165,,,,,,,346.17517,238.70949,367.3757,1241.1089,1302.8458,1320.5441,
2477,277.19219093528693,7.8767915,,,,183,,,,,,,1293.4309,1376.747,1396.6111,1815.0157,1532.606,1738.5383,
2489,293.20971834665806,7.887833,,,,183,65,[M+H-H2O]+,,2,2483;2489,310.21321,1081.3716,1140.6052,660.0123,718.19305,1067.1611,1129.7383,
2490,667.4432966736182,7.8878193,,,,183,,,,,,,758.4782,734.4568,760.9534,795.1793,758.3443,800.9521,
2492,651.4650619210173,7.889656,,,,,,,,,,,236.0624,234.00659,242.01942,260.02988,251.68947,260.00543,
2493,338.23904687410555,7.894556,,,,183,,,,,,,4939.154,3823.429,4713.0303,4893.399,4914.668,4480.075,
2501,351.2322253588286,7.8951225,,,,183,,,,,,,498.79233,261.04428,411.46664,1216.9558,1126.1622,1054.1104,
2495,337.2334752946685,7.89765,,,,183,66,[M+Na]+,,2,2495;2500,314.24431,23033.18,20091.693,22437.836,24251.479,20660.146,23995.084,
2496,315.2508580314152,7.897659,,,,183,,,,,,,2590.7844,2374.305,2465.354,2614.7434,2534.6392,2700.6797,
2500,297.2410773389888,7.901933,,,,183,66,[M+H-H2O]+,,2,2495;2500,314.24431,4525.403,4372.2124,4539.427,4736.2935,4491.1465,4752.7573,
2504,298.2460745978321,7.9025416,,,,183,,,,,,,1028.4917,752.3738,832.6554,888.30273,780.6829,726.3177,
2503,371.17117429395427,7.905603,,,,183,,,,,,,590.32056,538.8023,570.93286,647.6656,613.0278,664.1518,
2507,391.243932958939,7.912314,,,,166,,,,,,,750.7632,553.8181,741.267,1207.0153,932.64087,1232.2673,
2497,339.24293672418725,7.9157505,,,,183,,,,,,,863.06226,739.6341,949.68115,199.57454,570.08826,719.9943,
2523,476.25851539438617,7.92553,,,,182,67,[M+H]+,,2,2524;2523,475.24264,186.55867,181.7092,190.6975,3.9781857,12.5947,4.081972,
2510,235.16809466978395,7.929992,,,,167,,,,,,,389.28543,354.13644,404.16693,428.6831,353.19727,414.11746,
2515,266.23374291109525,7.9503303,,,,167,,,,,,,100.538605,495.5816,116.51219,68.9172,462.9941,56.77968,
2518,496.2222598921303,7.9506583,,,,182,68,[M+Na]+,,2,2521;2518,473.23297,3167.0732,3009.408,3121.7744,3.9440525,0,0,
2521,474.2401794180153,7.9524627,,,,182,68,[M+H]+,,2,2521;2518,473.23297,2400.0637,2241.455,2308.466,3.6625922,0,0,
2519,249.06808960319782,7.954016,,,,182,,,,,,,169.97781,181.86383,176.57774,0,0,0,
2522,292.2236799796149,7.9559274,,,,182,69,[M+Na]+,,2,2522;2530,269.23435,450.60242,1262.4563,459.70114,320.57916,1239.1986,361.9664,
2524,498.22326052666887,7.9564223,,,,182,67,[M+Na]+,,2,2524;2523,475.24264,280.9142,244.79564,263.32678,0,0,0,
2525,270.2415302967116,7.956514,,,,182,,,,,,,213.32314,741.2446,202.11876,140.49992,727.3055,152.13007,
2526,288.2520509382978,7.9619274,,,,,,,,,,,209.8567,185.13263,220.29143,340.04126,237.80392,299.79245,
2530,252.2309456630097,7.9637446,,,,182,69,[M+H-H2O]+,,2,2522;2530,269.23435,116.957664,398.10556,86.148026,35.152752,386.73236,54.03031,
2528,413.28586700027404,7.964936,,,,170,,,,,,,124.72543,85.287025,117.57147,289.048,218.3397,393.07336,
2529,356.3508361427794,7.9673305,,,,,,,,,,,246.40959,230.45537,394.4153,235.71515,180.34766,327.1014,
2531,286.30914267992085,7.976933,,,,186,,,,,,,818.711,773.238,817.26483,946.7941,906.4886,960.0909,
2533,318.2389797001549,7.985311,,,,186,70,[M+Na]+,,2,2533;2536,295.24978,1266.1774,1256.8374,1264.1263,1202.07,1313.4989,1375.6486,
2535,334.2319697527105,7.986222,,,,186,,,,,,,1798.4686,3476.8054,2149.4265,1368.3217,3217.2786,1489.6002,
2536,278.2465065891948,7.9877496,,,,186,70,[M+H-H2O]+,,2,2533;2536,295.24978,2032.0946,2821.0872,2084.2053,1973.5941,2781.0571,2175.4075,
2537,365.2286207056898,7.987747,,,,186,,,,,,,295.60144,390.97018,461.05124,493.69528,300.24548,374.7536,
2544,423.27081747510596,7.995603,,,,,,,,,,,208.06612,168.00116,467.08295,3.6142817,3.8305283,3.7518525,
2541,294.2401624967569,8.000655,,,,186,,,,,,,990.4916,1654.9324,871.5447,795.3474,1583.5065,818.7041,
2572,334.23385701412826,8.003005,,,,,,,,,,,724.9634,1843.4484,1354.9814,546.8805,1299.354,525.7263,
2543,316.22336176060503,8.004241,,,,186,,,,,,,639.61005,1043.3744,680.9509,578.52985,947.75323,634.9958,
2545,339.2484004334124,8.007562,,,,186,,,,,,,837.6258,728.81305,349.45102,437.21893,383.44598,436.4168,
2547,402.35637011948614,8.008147,,,,186,,,,,,,113.29797,96.422745,277.1395,190.34508,85.16462,126.069336,
2548,397.3812854017953,8.008477,,,,,,,,,,,9725.875,9524.195,9724.526,9610.069,9526.379,10394.494,
2550,389.22831656858784,8.015641,,,,,,,,,,,105.52426,102.22321,167.60405,366.38803,304.84012,371.04047,
2551,315.19161659316075,8.015971,,,,,,,,,,,192.91776,173.86925,187.84651,278.9037,178.26207,254.18744,
2552,275.19933287937397,8.01897,,,,,,,,,,,218.4096,230.0219,233.72415,328.47977,309.83,324.72546,
2553,330.2988709439353,8.027661,,,,,,,,,,,478.82092,463.54883,480.0817,373.48837,382.449,375.05157,
2560,599.4262080008,8.046284,,,,,,,,,,,3683.4656,2291.7227,2986.196,3164.541,9077.565,3065.3542,
2567,418.3048464255243,8.0682,,,,,,,,,,,599.4774,554.0111,610.73615,108.04341,100.91612,104.743576,
2569,366.33518652721295,8.073286,,,,,,,,,,,784.3019,770.3365,755.9465,1808.6395,1686.8174,1803.4719,
2571,367.33845602217417,8.073875,,,,,,,,,,,179.4751,166.71678,138.88046,372.8522,348.71216,373.547,
2574,293.2095879559246,8.084664,,,,180,,,,,,,727.9738,696.65265,801.07336,605.8929,546.12134,590.05426,
2579,316.22336213380123,8.096392,,,,,,,,,,,668.55194,870.7398,661.98883,589.4758,886.4084,678.4849,
2586,278.2285943102459,8.099434,,,,184,,,,,,,2502.614,1145.8584,2473.1992,2835.2236,2487.0564,2726.917,
2583,277.21497795489387,8.113894,,,,184,71,[M+H-H2O]+,,2,2583;2585,294.21832,11520.103,9184.125,11510.302,12935.705,10240.3,12961.04,
2584,320.2546162866251,8.113894,,,,184,,,,,,,4747.439,9205.043,4775.3354,3521.3574,7643.395,3391.7334,
2585,317.2075855923091,8.115111,,,,184,71,[M+Na]+,,2,2583;2585,294.21832,7641.1523,5354.1665,7550.4727,8642.208,5570.945,8580.623,
2590,379.2440760842,8.124805,,,,,,,,,,,232.1841,165.68607,272.8595,238.98181,138.5654,242.11302,
2580,350.2654155033192,8.128828,,,,,,,,,,,232.4845,876.1045,388.2144,172.68872,731.263,299.67978,
2593,424.24435112128157,8.142314,,,,,,,,,,,113.2174,113.56488,132.25233,145.96588,143.5138,168.45534,
2594,409.23432208898583,8.14533,,,,,,,,,,,16.408913,49.921207,71.273705,219.67966,116.06629,212.44977,
2595,393.25954592461363,8.148344,,,,181,72,[M+Na]+,,2,2598;2595,370.27039,5017.7764,3420.8198,5047.456,9599.361,6407.2544,9571.267,
2598,353.26716379122007,8.154372,,,,181,72,[M+H-H2O]+,,2,2598;2595,370.27039,2244.3179,1725.5913,2239.833,5571.672,4198.8506,5633.615,
2599,261.22006170811795,8.156189,,,,,,,,,,,139.14267,109.62119,129.57684,390.6637,437.54642,395.88806,
2601,279.2300960864722,8.167042,,,,176,,,,,,,1134.7397,1296.6208,1101.3137,1098.8679,1115.4049,1118.2667,
2603,339.24932845943687,8.170051,,,,176,,,,,,,2134.4346,745.303,2160.4805,1764.1781,1011.9324,1675.1211,
2609,313.27240410897394,8.176069,,,,,,,,,,,290.5771,120.80694,262.5435,317.72614,259.65277,381.15582,
2608,350.26528366529016,8.180297,,,,,,,,,,,694.0452,1011.4787,351.2352,224.24812,839.79083,244.22237,
2610,391.24397132078184,8.183867,,,,177,,,,,,,2015.2059,582.2173,958.822,3571.8245,2399.956,3278.4924,
2611,351.2512141365448,8.186318,,,,177,,,,,,,893.44666,371.02463,890.62494,1367.8774,613.9895,1691.4614,
2614,328.2832244162476,8.190494,,,,187,,,,,,,460.45905,1275.8081,515.7802,328.5157,1208.7556,330.51135,
2602,319.2364443800368,8.205434,,,,,,,,,,,592.62585,1935.2916,810.3037,721.2579,1578.2644,242.56354,
2617,861.4064053084909,8.215776,,,,187,,,,,,,33.76023,0,11.740313,322.04184,354.40314,333.07993,
2624,336.24950651189187,8.217153,,,,192,73,[M+Na]+,,2,2624;2625,313.26044,11634.298,20998.264,14605.366,10769.857,21494.111,11290.375,
2625,352.2237475681818,8.21835,,,,192,73,[M+K]+,,2,2624;2625,313.26044,463.34824,883.8166,623.5208,451.9293,899.3797,504.04456,
2627,337.2463592334004,8.218961,,,,192,,,,,,,2894.751,4259.3423,3986.1848,2746.2046,3943.7463,2755.369,
2648,316.20293283009624,8.221264,,,,192,,,,,,,468.04272,222.04486,493.6209,226.45541,204.75015,307.0477,
2604,358.36013452862295,8.224256,,,,,,,,,,,83.384964,510.5427,999.55005,638.3919,438.5103,972.9487,
2630,155.1056503600785,8.224389,,,,192,75,[M+H]+,,2,2631;2630,154.09836,153.07881,414.97604,181.08504,67.9139,406.98987,52.20963,
2631,172.13217763501265,8.225639,,,,192,75,[M+NH4]+,,2,2631;2630,154.09836,656.0189,1678.4722,814.8045,584.1579,1774.3596,647.4204,
2633,293.2095400428231,8.231414,,,,192,76,[M+H]+,,2,2633;2640,292.20246,2537.7742,1616.3263,2496.7957,1549.0046,979.465,1561.9889,
2635,281.26493830577084,8.233498,,,,192,,,,,,,3243.117,7875.627,3586.565,2565.7021,7567.318,2642.7937,
2636,358.3665352507829,8.2335005,,,,192,,,,,,,805.24915,619.83154,1238.4515,787.47375,539.6556,1174.5107,
2637,275.19932651673207,8.234464,,,,192,76,[M+H-H2O]+,,2,2637;2640,292.20246,838.2939,539.8985,825.4251,524.04175,314.4271,490.91418,
2638,245.2252093703365,8.234731,,,,192,,,,,,,326.99323,943.9635,374.5516,220.43864,912.753,249.08746,
2639,280.2622630536002,8.234745,,,,192,77,[M+NH4]+,,2,2639;2642,262.22842,16071.258,35153.875,17679.646,12497.88,33527.055,13089.098,
2640,315.19171350974995,8.234748,,,,192,76,[M+Na]+,,3,2637;2633;2640,292.20246,3087.8118,1476.1376,2924.0366,2067.7097,866.2818,2025.1852,
2642,263.23568356452796,8.235381,,,,192,77,[M+H]+,,2,2639;2642,262.22842,1356.8114,3010.1606,1510.3208,1056.9161,2890.2966,1140.707,
2644,320.25344802345086,8.239919,,,,192,,,,,,,4214.6084,6281.363,4199.1826,3221.3127,5662.4526,3804.754,
2647,321.25780306777364,8.24052,,,,192,,,,,,,866.14374,1857.8754,929.18945,856.04236,873.33594,513.00867,
2655,631.1402235784877,8.265994,,,,,,,,,,,632.443,312.5382,541.43665,464.44992,263.73883,427.3218,
2663,365.1345551034313,8.288569,,,,195,,,,,,,1428.8464,894.7421,1408.5248,1519.941,921.3252,1527.184,
2671,297.24849833726535,8.2971,,,,195,,,,,,,2569.0298,4151.2295,2560.479,2172.1338,3679.765,2217.4377,
2674,318.2363133336455,8.301926,,,,195,,,,,,,8714.043,19804.688,8625.695,6075.707,16219.23,6144.807,
2675,296.25711750788827,8.302564,,,,195,,,,,,,7203.54,20665.871,7193.303,4988.351,18154.318,5209.074,
2677,355.3182812679702,8.303172,,,,195,,,,,,,192.47267,297.24136,91.00122,67.57576,370.23056,154.2795,
2680,368.3508402987143,8.304412,,,,,,,,,,,186.70297,182.60306,197.26445,443.46417,395.31033,445.81958,
2666,353.16063766411384,8.304545,,,,195,,,,,,,628.04675,345.8376,577.5954,211.49016,46.1025,204.88084,
2682,613.4891943267809,8.305622,,,,195,,,,,,,114.67342,976.7129,124.10941,15.669825,675.6991,9.98176,
2684,439.1896964067167,8.311103,,,,,,,,,,,5.5626535,7.734179,30.913277,256.35867,159.40132,228.96625,
2695,353.26720122832313,8.312628,,,,,,,,,,,154.79646,469.66354,574.16736,2018.5778,1141.0474,1991.5388,
2688,861.4064250053447,8.316586,,,,,,,,,,,411.11362,350.81308,405.56827,1550.9276,1489.9177,1567.2976,
2664,163.05883752661776,8.320389,,,,196,,,,,,,229.57024,564.72705,50.5483,130.72241,92.803665,122.90768,
2690,226.21546387930493,8.3308525,,,,,,,,,,,1396.3844,865.24054,1142.7144,1242.8589,1052.4054,1532.2142,
2670,261.22012332025975,8.339107,,,,195,,,,,,,349.44043,385.95987,309.8972,320.07935,243.58847,371.00473,
2705,280.1606685017737,8.346667,,,,196,,,,,,,185.56688,865.43866,181.3405,250.50856,192.37791,219.2687,
2697,205.08484380063112,8.347283,,,,196,,,,,,,653.776,2443.1875,610.84686,765.3433,619.7762,747.17993,
2700,383.2025195258152,8.347882,,,,196,,,,,,,344.863,307.27176,257.20227,260.82904,183.39047,243.07855,
2686,599.426239415592,8.347949,,,,,,,,,,,617.1455,617.6679,132.38249,596.76843,946.8265,627.43274,
2701,181.0485177522115,8.349109,,,,196,,,,,,,106.75457,453.04413,98.97163,111.7571,83.487,111.65655,
2702,163.04468773631612,8.349119,,,,196,,,,,,,271.75848,749.38446,251.73822,173.47313,140.34962,152.44571,
2703,279.1578711578231,8.349111,,,,196,78,[M+H]+,,3,2709;2703;2706,278.15066,1642.6145,5230.1304,1584.2107,1820.7778,1424.348,1823.082,
2704,356.27977807802745,8.349744,,,,196,,,,,,,781.91223,786.82,816.16046,539.11206,540.9739,530.1454,
2706,301.1397589566485,8.350345,,,,196,78,[M+Na]+,,2,2703;2706,278.15066,4474.211,11541.287,4249.4263,5201.8447,3545.169,5113.3965,
2707,699.3540718238231,8.350337,,,,196,,,,,,,413.3069,322.6672,395.84985,2465.7546,2294.8164,2412.4944,
2665,335.1955543038228,8.350739,,,,195,,,,,,,411.54437,274.648,676.92944,348.33478,302.85233,398.1049,
2709,579.2909267907338,8.350967,,,,196,78,[2M+Na]+,,2,2709;2703,278.15066,208.81903,1735.8837,199.29593,289.1127,153.8876,300.42972,
2721,420.2829910422486,8.3523,,,,196,,,,,,,476.93726,438.90015,462.8609,38.670567,4.125061,24.822414,
2716,488.2560423124589,8.360884,,,,196,79,[M+H]+,,2,2720;2716,487.24873,1068.1719,927.4786,1039.0027,0,0,0,
2752,318.2373357686519,8.361905,,,,198,,,,,,,2927.5837,7169.63,3126.3945,1981.058,12926.714,4235.2173,
2717,494.2430996332793,8.362128,,,,196,,,,,,,354.0545,282.33844,365.33435,0,0,0,
2730,280.23579382716235,8.36267,,,,198,,,,,,,6264.4097,4844.1284,8706.833,7014.213,5535.6494,6884.023,
2720,510.2379097424776,8.363383,,,,196,79,[M+Na]+,,2,2720;2716,487.24873,4200.909,4000.5503,4244.244,0,0,0,
2731,279.23071334303035,8.379225,,,,198,80,[M+H]+,,2,2731;2733,278.2234,32997.14,30111.12,32905.508,31562.316,28955.46,31526.924,
2732,426.25999390514954,8.379222,,,,198,,,,,,,644.17834,647.0453,652.5185,679.424,635.8023,709.3038,
2733,301.2125812222337,8.379856,,,,198,80,[M+Na]+,,2,2731;2733,278.2234,94.03663,7.719306,106.44473,129.34386,79.44785,123.19109,
2735,279.299418799035,8.380494,,,,198,,,,,,,266.1281,151.12073,260.15955,325.00928,240.18288,328.3271,
2738,395.2747096672242,8.381125,,,,198,,,,,,,946.3834,589.1064,990.57214,1355.2858,853.1914,1291.6,
2742,631.4227278707903,8.382411,,,,198,,,,,,,412.4664,286.88834,412.91055,410.888,323.91708,398.2267,
2744,335.1502411803013,8.384941,,,,198,,,,,,,431.2735,324.64096,425.823,457.154,367.77808,451.15945,
2747,319.22405759511685,8.386859,,,,198,,,,,,,22965.438,16841.773,22971.855,20143.969,17907.828,20600.486,
2749,335.1997579078345,8.388111,,,,198,,,,,,,567.0997,422.03784,997.74457,913.292,563.35474,876.8896,
2755,348.25184893145075,8.394458,,,,198,81,[M+H]+,,2,2756;2755,347.24459,315.96127,290.49594,323.73505,395.36603,396.89795,426.64536,
2756,370.2338245101968,8.3951,,,,198,81,[M+Na]+,,2,2756;2755,347.24459,308.04263,217.33237,316.64352,471.949,311.57077,458.5654,
2711,317.2073150994243,8.397839,,,,196,82,[M+Na]+,,2,2711;2708,294.21797,1676.565,1015.7831,1704.3241,3428.9263,2409.0452,4074.9841,
2760,370.2936956360445,8.402667,,,,198,,,,,,,2851.6025,2657.8765,2878.9753,2988.8499,2928.7466,3001.4985,
2708,295.22511641452314,8.413491,,,,196,82,[M+H]+,,2,2711;2708,294.21797,1177.9001,1915.0574,1191.5139,1699.0876,1153.0193,1638.2,
2766,393.2607167538406,8.455014,,,,200,,,,,,,1379.0233,1139.0945,1422.9733,2803.7534,2216.1619,2785.0706,
2768,282.2724983093195,8.456227,,,,190,,,,,,,4196.8354,4161.585,4255.651,3730.0435,3903.1025,3673.9092,
2794,296.23615997798566,8.4565115,,,,206,,,,,,,2329.2595,4770.196,2257.7727,1675.472,4460.369,1833.6926,
2773,421.2310957170601,8.462312,,,,200,,,,,,,177.60811,173.25026,163.02867,203.34537,183.97935,203.88509,
2777,353.26716403256677,8.464142,,,,200,,,,,,,1049.5642,729.0971,939.6382,3085.0552,2977.4324,3121.7205,
2780,699.354050711031,8.465362,,,,200,83,[M+Na]+,,3,2780;2783;2775,676.36481,2191.4133,1762.9742,2132.7117,7603.0254,6551.545,7488.1235,
2783,694.3986167318004,8.4659815,,,,200,83,[M+NH4]+,,2,2780;2783,676.36481,31.00737,25.014772,10.256581,239.8106,229.79773,247.82779,
2782,354.2705603759294,8.46782,,,,200,,,,,,,165.12344,208.49226,193.157,732.04254,699.38617,761.40063,
2775,715.3279749004337,8.46903,,,,200,83,[M+K]+,,2,2780;2775,676.36481,16.287922,8.400285,22.12918,225.52629,196.64876,228.80573,
2785,863.4219288689284,8.469639,,,,200,,,,,,,265.17862,253.22623,290.79572,1051.4788,988.07385,1081.36,
2765,322.2648116387681,8.480618,,,,190,,,,,,,1642.6375,3710.0767,1656.3025,2947.4897,2294.934,1624.169,
2790,258.241593837085,8.483743,,,,206,,,,,,,1103.2766,1077.9915,1208.2307,1792.7833,988.69867,1419.4763,
2793,309.2410856687972,8.488671,,,,206,,,,,,,677.07825,607.2769,653.30133,592.1199,547.97797,567.2595,
2796,318.2114312460332,8.4911585,,,,206,,,,,,,4226.0464,3142.2903,4045.0088,3449.6956,2280.9597,3451.58,
2797,295.22549905012124,8.49178,,,,206,84,[M+H]+,,3,2799;2797;2801,294.21812,11576.168,11386.683,11491.793,9427.524,8637.56,9462.651,
2798,333.1875767527694,8.491819,,,,206,,,,,,,668.6783,554.97736,671.8326,688.2072,532.5524,670.86035,
2799,611.4250029891832,8.491797,,,,206,84,[2M+Na]+,,3,2799;2797;2800,294.21812,499.5693,437.12604,534.2337,354.42355,294.21277,384.83133,
2800,277.2149741709297,8.492402,,,,206,84,[M+H-H2O]+,,3,2799;2800;2801,294.21812,4779.3916,4412.6123,4736.8184,4165.4507,3799.0344,4166.518,
2801,317.20732978275254,8.4930105,,,,206,84,[M+Na]+,,3,2797;2800;2801,294.21812,23330.725,19191.24,23307.002,19125.71,15424.264,18957.482,
2774,355.28150739886456,8.493758,,,,200,,,,,,,97.536835,113.77111,113.41434,392.39572,363.59778,380.39172,
2802,690.5045821739166,8.500234,,,,,,,,,,,0,0,2851.82,2826.5327,2979.7402,5098.181,
2809,398.43305888061064,8.51173,,,,,,,,,,,393.03778,204.32275,313.68005,406.14523,342.83636,418.71375,
2815,299.25975966637793,8.520497,,,,206,,,,,,,5185.74,5666.0283,5143.4385,1466.7611,918.55725,1505.2289,
2827,264.23917316851015,8.527509,,,,206,,,,,,,862.7718,1199.7517,1030.3318,293.0164,522.0412,157.51933,
2822,426.2599509288814,8.532459,,,,206,,,,,,,1496.8723,1458.519,1555.9419,1333.0604,1288.9956,1345.986,
2824,653.4269477212217,8.53442,,,,206,,,,,,,881.2503,847.66406,900.01874,114.8053,125.88335,104.04913,
2826,635.4542035793874,8.5350275,,,,206,,,,,,,977.9562,973.71466,980.435,127.77348,149.42216,135.36755,
2829,281.2468550002997,8.535682,,,,206,,,,,,,12887.192,11788.161,12943.871,3554.162,3710.3828,3503.876,
2833,331.2108346080981,8.53748,,,,206,,,,,,,1662.3036,1450.9404,1522.3967,2802.533,2176.293,2774.586,
2839,337.21372385126887,8.537525,,,,206,,,,,,,1021.72986,785.98285,1102.5581,386.6129,310.1098,217.21725,
2834,322.2520499174536,8.537553,,,,206,,,,,,,6778.053,7148.3633,6834.3823,3779.3345,3162.6138,2077.5142,
2836,299.184446454411,8.538108,,,,206,,,,,,,2744.85,2358.0215,2659.186,4518.332,3596.043,4511.8657,
2837,321.23919513029097,8.538792,,,,206,,,,,,,31432.756,26839.928,31602.389,10301.435,8879.194,10165.68,
2854,376.30435590920706,8.545005,,,,206,,,,,,,531.6698,522.6389,536.68256,350.282,344.00452,356.75464,
2855,263.235717007048,8.546208,,,,206,,,,,,,6119.238,6042.07,6233.1597,2389.3618,2710.8423,2465.6443,
2859,355.17629466854015,8.55017,,,,206,,,,,,,681.4715,562.7068,904.1918,325.7155,268.71072,314.26495,
2870,425.2880938320957,8.566817,,,,201,,,,,,,234.86844,201.52083,243.75122,516.11053,415.78503,508.8174,
2871,440.19743500132444,8.566825,,,,201,,,,,,,238.63501,188.47429,245.21878,368.1852,303.78784,380.19727,
2876,863.4220211374771,8.569278,,,,201,85,[M+Na]+,,2,2876;2881,840.4328,2305.1028,2000.7932,2289.601,5059.0312,4351.731,4922.881,
2881,858.4666114739144,8.574284,,,,201,85,[M+NH4]+,,2,2876;2881,840.4328,125.862976,92.6653,117.65491,319.9133,273.6284,323.93546,
2882,245.22520870236926,8.574373,,,,206,,,,,,,1270.5094,1353.2561,1287.6106,575.648,678.09534,611.8831,
2884,452.27550059983804,8.580392,,,,201,,,,,,,1517.6592,1403.6526,1505.5569,2429.512,2176.8467,2438.435,
2885,390.31988935456076,8.580436,,,,201,,,,,,,1700.9442,1569.6921,1740.9257,1357.704,1315.3755,1398.9608,
2904,337.244075594977,8.583097,,,,206,,,,,,,526.66754,891.4935,597.46484,1622.7943,1411.2958,1630.2087,
2887,311.2566438270099,8.587247,,,,,,,,,,,1249.7937,1091.0078,1261.6073,461.0418,451.75983,484.16095,
2892,320.2543480092109,8.592808,,,,206,86,[M+Na]+,,2,2892;2895,297.26515,8557.674,20812.945,8586.809,4650.521,14497.899,4909.128,
2927,279.23059790900106,8.593564,,,,,,,,,,,2581.1204,2303.0193,1925.0444,1469.8143,1137.6494,1407.8735,
2895,298.27243878850544,8.594047,,,,206,86,[M+H]+,,2,2892;2895,297.26515,4462.7446,12944.1875,4475.915,3077.8477,12597.283,3320.4255,
2897,537.3015297907929,8.595292,,,,206,,,,,,,386.30896,294.50647,386.17984,1073.0275,802.76306,1082.6102,
2899,617.519659506818,8.598332,,,,206,,,,,,,143.1995,617.06024,142.44034,8.202246,420.73337,5.985772,
2902,280.2613993257635,8.6008415,,,,206,,,,,,,2826.6245,8520.303,2820.5166,1645.3834,7566.471,1733.6714,
2906,361.23353199688694,8.607658,,,,206,,,,,,,2299.6392,2126.7393,2186.175,2415.6826,1657.1133,2235.209,
2908,356.283529504585,8.610127,,,,206,,,,,,,398.97638,356.14966,387.49265,986.3287,809.89844,1006.30853,
2912,355.2827878338001,8.615087,,,,206,,,,,,,845.9683,771.2583,847.11224,3165.019,2841.7761,3289.9756,
2921,701.3691010269231,8.619414,,,,206,87,[M+Na]+,,3,2921;2909;2918,678.3802,2888.015,2231.5923,2873.4526,10928.143,9233.122,10793.334,
2914,499.32506106344334,8.647587,,,,206,,,,,,,17.320423,17.456459,19.949419,348.567,307.3733,337.59628,
2936,395.2750325081267,8.648866,,,,,,,,,,,599.6139,471.42825,622.54675,450.5547,356.45685,497.26425,
2937,364.2806687223826,8.650111,,,,,,,,,,,151.21425,409.37796,216.39748,60.40174,294.12985,78.001564,
2909,696.4141902913187,8.655453,,,,206,87,[M+NH4]+,,3,2921;2909;2918,678.3802,27.618935,24.731892,88.11459,320.6823,258.66666,299.64426,
2929,297.2407999125812,8.656888,,,,211,89,[M+H]+,,2,2933;2929,296.23371,4226.6143,3685.9854,4156.2065,1896.4132,742.6672,960.54175,
2911,701.2406949022746,8.657901,,,,,,,,,,,23.117813,54.4824,45.057693,341.24173,238.29086,311.11008,
2939,440.2872903611908,8.661078,,,,,,,,,,,324.72867,282.33936,323.9044,57.67767,38.443264,37.096756,
2944,308.2933693575972,8.663526,,,,197,,,,,,,251.23479,589.2245,274.48056,142.11224,446.1311,155.95798,
2925,359.171062299728,8.664047,,,,193,,,,,,,88.61632,69.55391,105.22609,363.6938,288.19742,877.3087,
2918,717.3435186942858,8.664034,,,,206,87,[M+K]+,,3,2921;2909;2918,678.3802,89.53721,64.92024,118.37547,315.78085,271.70026,343.42734,
2948,965.613886543507,8.664717,,,,203,,,,,,,0,0,0,0,0,1281.1595,
2950,405.2596833074106,8.669617,,,,203,88,[M+Na]+,,2,2952;2950,382.2705,2441.0117,2497.2808,2202.5105,2488.9004,1959.0856,2288.1152,
2952,383.27780238893547,8.670834,,,,203,88,[M+H]+,,2,2950;2952,382.2705,288.81592,305.57108,280.7748,361.61786,276.78394,336.8285,
2973,322.26027744958185,8.676392,,,,211,,,,,,,1114.7118,837.2795,1018.63824,780.5149,923.27795,958.7101,
2954,476.2752856126463,8.678737,,,,,,,,,,,427.28348,362.2905,399.5561,777.96063,763.6231,762.4311,
2960,401.28822929420534,8.689694,,,,199,,,,,,,373.71555,379.06824,394.77612,482.63156,455.2969,545.0662,
2953,640.3436994161948,8.69045,,,,203,,,,,,,37.48596,28.913717,68.63333,334.78113,331.85876,341.84048,
2963,558.4349761932282,8.694583,,,,194,,,,,,,782.5947,510.95975,704.2874,389.29813,531.4536,548.6919,
3002,263.2356826247597,8.696061,,,,211,,,,,,,891.402,853.21106,516.5871,1969.0897,1945.3337,1946.2352,
2933,319.22293787767757,8.7006445,,,,211,89,[M+Na]+,,3,2933;3018;2929,296.23371,9046.944,6289.842,8751.832,7050.3438,5596.6733,7135.7764,
2967,537.3015530815372,8.701317,,,,211,,,,,,,2242.7576,1849.058,2217.4324,4089.654,3581.9192,3954.4673,
2941,506.5276845232667,8.703275,,,,203,,,,,,,153.6587,264.46948,1268.506,1290.2778,922.027,719.038,
2970,368.1574332971748,8.704553,,,,193,,,,,,,195.97105,184.51566,210.31,782.0002,705.41656,785.2145,
2971,353.26706571327236,8.706262,,,,211,,,,,,,1059.5236,737.2793,725.33325,1802.7562,1812.7224,1857.4027,
2959,677.3696200232371,8.707744,,,,199,,,,,,,1198.576,1026.1382,564.7309,625.50256,1285.1537,845.50073,
2974,250.21295676555943,8.708725,,,,211,90,[M+Na]+,,2,2977;2974,227.22377,730.27515,628.4471,590.82446,414.56082,449.16498,498.70422,
2976,362.2649059270079,8.710586,,,,211,,,,,,,1054.5508,921.914,588.94086,505.26593,246.54082,249.6412,
2977,228.23107968143927,8.714931,,,,211,90,[M+H]+,,2,2977;2974,227.22377,8022.431,7582.666,6923.919,6235.034,6968.703,7083.9194,
2984,449.28573149098935,8.719895,,,,211,,,,,,,523.28687,614.1986,497.5882,562.792,445.2047,469.71573,
2985,698.361356388078,8.720516,,,,211,,,,,,,134.59703,133.67635,138.87074,447.34784,434.1846,414.53964,
3009,539.3132902558616,8.722328,,,,,,,,,,,581.4315,457.58093,564.25745,355.18488,263.49063,308.095,
2989,1130.6564654718295,8.722363,,,,211,,,,,,,198.45108,208.98796,212.96729,507.09796,473.64148,516.22644,
2983,356.2855969465538,8.723002,,,,211,,,,,,,737.46716,553.2266,552.13043,1522.4648,1505.7249,1507.7383,
2986,702.3730339299124,8.723002,,,,211,,,,,,,4800.2173,3895.5132,4399.2334,10767.971,10563.396,10428.864,
2993,337.2722013454284,8.72363,,,,211,,,,,,,845.8263,888.46936,902.25415,2722.1863,2745.3777,2979.3215,
2994,452.2755031489592,8.723622,,,,211,92,[M+H]+,,2,3017;2994,451.26817,8539.8125,8418.116,8671.571,8735.289,8528.272,8576.187,
2996,717.3433707144809,8.724236,,,,211,91,[M+K]+,,3,3012;2997;2996,678.38037,335.5376,299.0056,343.77936,877.63885,783.5926,847.09186,
2997,696.4142703897593,8.724244,,,,211,91,[M+NH4]+,,3,3012;2997;2996,678.38037,395.97867,373.86884,404.85016,1088.5631,1034.5665,1135.1935,
3004,704.3784781411406,8.724253,,,,211,,,,,,,218.4126,179.93591,221.15126,564.3156,239.22333,482.33685,
2998,245.22522198208551,8.7248535,,,,211,,,,,,,227.28014,219.08086,209.18817,580.72736,591.14923,571.52576,
2999,355.28275769981457,8.724866,,,,211,,,,,,,2099.8408,2123.2744,2105.843,6408.183,6068.33,6344.3447,
3001,701.2407164743232,8.725469,,,,211,,,,,,,376.43613,309.80072,340.70697,981.1283,903.9741,967.1816,
3012,701.3696534880049,8.727959,,,,211,91,[M+Na]+,,3,3012;2997;2996,678.38037,12764.797,11083.09,12282.625,29304.654,26424.992,28292.678,
3016,311.2567259293737,8.731686,,,,211,,,,,,,934.51074,854.4696,948.51306,978.12,954.3111,983.83484,
3017,474.25732566796097,8.732292,,,,211,92,[M+Na]+,,2,3017;2994,451.26817,621.3352,601.8781,637.6208,374.3535,343.09988,352.3536,
3018,279.23058630732726,8.736042,,,,211,89,[M+H-H2O]+,,2,2933;3018,296.23371,1504.5562,1480.2566,1450.5703,1543.6322,1860.5166,1591.4011,
2978,323.2663608720007,8.745831,,,,,,,,,,,8104.584,145.28758,183.45355,88.20034,90.10395,2929.7705,
3021,297.24326828864577,8.745927,,,,211,,,,,,,2597.4868,2459.8694,2664.7942,3505.0085,3177.9946,2539.353,
3025,475.34364915610143,8.762576,,,,211,,,,,,,67.23641,731.47064,24.666508,3.9808488,430.4063,4.0940323,
3033,295.165572450879,8.770606,,,,210,93,[M+Na]+,,2,3036;3033,272.17636,601.78656,559.39307,608.29626,925.4395,879.7264,914.0445,
3034,577.1321568207339,8.770597,,,,210,94,[M+H]+,,2,3044;3034,576.12488,1413.5441,1177.7352,1189.0878,1597.7756,1431.3787,1490.6891,
3036,273.1836476404865,8.771222,,,,210,93,[M+H]+,,2,3036;3033,272.17636,931.7091,897.99475,907.7083,1257.6034,1193.4115,1238.7739,
3040,305.20978578619844,8.772445,,,,210,,,,,,,613.67474,592.4106,606.83575,834.5862,805.428,844.2537,
3044,599.1140755897023,8.777372,,,,210,94,[M+Na]+,,3,3044;3034;3046,576.12488,1166.406,965.04425,1026.9174,915.928,807.0573,816.5537,
3046,594.1587105944573,8.779217,,,,210,94,[M+NH4]+,,2,3044;3046,576.12488,302.94693,257.63312,269.1813,255.8102,225.16608,242.41408,
3057,360.3094616211397,8.802831,,,,214,96,[M+H]+,,2,3057;3060,359.30214,176.67223,176.354,200.50783,54.9137,61.96736,69.00243,
3060,382.2913196433853,8.802836,,,,214,96,[M+Na]+,,2,3057;3060,359.30214,200.94942,158.54622,183.82208,33.03989,9.412228,24.67751,
3066,283.261936489477,8.806588,,,,214,97,[M+H-H2O]+,,2,3066;3067,300.26517,7760.4697,7592.465,7494.1133,1919.0399,1764.8875,1845.5276,
3067,323.2543366879654,8.806588,,,,214,97,[M+Na]+,,2,3066;3067,300.26517,17499.725,16383.08,17441.81,5156.594,4746.162,5108.425,
3069,500.27307044742537,8.806588,,,,214,98,[M+Na]+,,2,3077;3069,477.28387,163.91887,144.41345,164.38808,325.66403,287.50452,331.19778,
3071,247.24079616048047,8.80783,,,,214,,,,,,,455.05475,430.72433,437.95804,83.44613,78.56689,80.43352,
3073,657.4561883265869,8.807819,,,,214,,,,,,,550.97205,575.76996,586.201,51.263096,37.73171,36.025856,
3075,640.3436202185272,8.807878,,,,214,,,,,,,661.8567,673.5228,697.57513,2292.9424,2260.1406,2300.6648,
3076,265.25125854509974,8.808463,,,,214,,,,,,,2236.253,2268.881,2217.2524,679.55646,728.4848,640.69257,
3077,478.29116780163287,8.808467,,,,214,98,[M+H]+,,2,3077;3069,477.28387,1806.7257,1758.3835,1806.5985,4340.936,4257.09,4331.7563,
3120,322.25710765171175,8.810697,,,,215,,,,,,,3279.3801,3024.9233,3295.0278,248.80225,273.12454,247.75912,
3086,440.275666765159,8.816588,,,,,,,,,,,353.29233,254.29861,350.57303,546.7381,529.0489,535.8401,
3090,427.30277518123813,8.818794,,,,215,,,,,,,866.08307,818.9359,829.6456,349.50366,346.2695,377.1859,
3092,623.4551460205839,8.822192,,,,,,,,,,,206.2683,216.25877,233.28554,285.9843,297.35355,302.57608,
3084,965.6147336539691,8.836279,,,,,,,,,,,0,0,41.253788,4.2093086,7.6739902,2365.5645,
3103,299.2567936347861,8.844014,,,,215,,,,,,,2244.7612,2075.8032,2263.6848,146.32178,137.40611,146.01514,
3104,321.2384272213199,8.844033,,,,215,,,,,,,16359.393,15489.689,16617.172,1160.1151,1066.6273,1105.7028,
3108,555.2911583368781,8.845898,,,,215,99,[M+K]+,,3,3105;3108;3107,516.3281,38.084442,32.020172,74.58687,231.8437,202.70677,228.79727,
3107,539.3171407659988,8.846497,,,,215,99,[M+Na]+,,3,3105;3108;3107,516.3281,2412.933,2036.1991,2461.3723,6683.1567,5487.147,6157.6343,
3112,355.28269998194963,8.84838,,,,215,,,,,,,684.9121,601.1015,643.8728,2077.0312,1957.428,2043.6001,
3115,672.4142854437961,8.849597,,,,215,100,[M+NH4]+,,2,3115;3119,654.3804,105.65156,48.330414,83.37355,283.38803,265.21106,269.28534,
3105,499.3250844703482,8.850281,,,,215,99,[M+H-H2O]+,,3,3105;3108;3107,516.3281,52.000835,41.51495,37.711807,289.94843,268.17322,287.9605,
3117,313.27240080627627,8.851472,,,,215,,,,,,,6250.0376,6307.615,6273.856,1912.317,1930.816,1964.1868,
3118,263.23565085570607,8.851524,,,,215,,,,,,,332.3528,319.53378,348.61282,523.1018,544.3179,540.1886,
3119,677.3696859209589,8.851492,,,,215,100,[M+Na]+,,3,3115;3119;3122,654.3804,5626.443,4819.4497,4867.3833,11495.681,10383.925,10832.194,
3027,865.4375008856796,8.852109,,,,215,,,,,,,905.0894,811.86395,853.85645,1304.475,1251.9335,1239.421,
3122,693.3434362198477,8.85648,,,,215,100,[M+K]+,,2,3119;3122,654.3804,30.342693,52.55819,93.47394,298.79492,268.20227,280.764,
3132,331.2828362715901,8.858358,,,,215,,,,,,,226.31343,216.46661,208.95139,791.8206,734.9544,774.9764,
3137,279.2488160727334,8.8745,,,,218,,,,,,,1813.6788,1267.1642,1635.6526,1424.2162,1153.8102,1628.6636,
3136,278.2465696959994,8.875739,,,,218,101,[M+NH4]+,,2,3136;3138,260.21275,10026.212,7146.5503,8903.78,8220.538,6542.2524,9273.204,
3138,261.2200286915129,8.877591,,,,218,101,[M+H]+,,2,3136;3138,260.21275,637.5622,441.47028,533.82184,518.7545,434.87085,590.3023,
3146,357.2980348097355,8.886264,,,,218,,,,,,,432.14148,444.19843,426.51602,1319.2339,1237.201,1300.1906,
3148,300.22957731004357,8.887514,,,,218,,,,,,,4009.625,2636.626,3347.1052,2943.3599,2167.9849,3278.7998,
3150,339.2875914384431,8.888747,,,,218,,,,,,,218.2855,266.17615,172.00253,728.344,692.6888,885.9491,
3153,325.23401299905,8.891228,,,,218,,,,,,,1411.4165,1670.9689,1485.7957,1395.7559,1131.3546,1197.5607,
3155,466.29106681963657,8.892472,,,,218,,,,,,,1285.9846,1326.1394,1301.0187,1053.8549,968.7012,1003.48035,
3156,489.3643363581339,8.892478,,,,218,,,,,,,497.15366,2266.03,460.97446,195.6616,1542.1677,185.75266,
3157,703.384753069303,8.892481,,,,218,103,[M+Na]+,,2,3157;3158,680.39565,1371.6476,1218.1053,1302.3561,3667.6196,3431.5444,3355.04,
3166,531.4864163060658,8.908164,,,,224,,,,,,,486.93466,294.08896,408.1476,399.28708,294.10544,496.8493,
3168,507.49779815489006,8.910058,,,,224,,,,,,,2365.7441,1882.4172,2888.1243,3414.131,3320.4556,2936.656,
3171,219.20962000978147,8.911328,,,,224,102,[M+H-H2O]+,,2,3173;3171,236.21294,258.49722,218.03783,226.10497,215.10342,207.07933,240.37125,
3172,237.22018740239983,8.91195,,,,224,102,[M+H]+,,2,3172;3173,236.21294,569.9589,515.9066,537.7134,490.95016,497.64825,571.9225,
3173,254.24682157829503,8.912578,,,,224,102,[M+NH4]+,,3,3172;3171;3173,236.21294,27254.236,24780.512,25389.21,24629.416,24058.906,26420.91,
3174,254.31234188739037,8.913842,,,,224,,,,,,,338.52707,251.13121,273.73477,243.66084,226.96764,318.9411,
3125,539.2217244434161,8.914108,,,,,,,,,,,76.117966,38.723824,45.68153,123.749115,107.46893,85.221016,
3176,276.2285351309866,8.914475,,,,224,104,[M+Na]+,,2,3176;3173,253.23943,6632.1704,5560.28,5829.366,5308.4243,5111.906,5759.8027,
3178,277.2313541838268,8.914484,,,,224,,,,,,,1002.22687,842.0855,906.2855,800.9496,770.39,920.8933,
3179,375.2491048732511,8.917625,,,,224,,,,,,,438.63165,454.4811,469.45947,608.99146,604.1707,586.3068,
3183,242.24668243584895,8.924583,,,,224,,,,,,,1873.571,1973.9595,1758.7751,1506.2156,1785.1515,1630.2588,
3187,405.2610756995236,8.9309,,,,224,,,,,,,443.2827,449.0389,657.8479,13.182004,7.396632,34.635475,
3158,719.3589181611928,8.93152,,,,218,103,[M+K]+,,2,3157;3158,680.39565,45.063618,36.15473,0,100.6699,87.28155,88.93759,
3232,321.23871718345083,8.932523,,,,,,,,,,,4777.707,2364.5925,4949.005,520.18695,488.76685,518.0077,
3189,500.27308225613297,8.9391365,,,,223,105,[M+Na]+,,3,3190;3189;3194,477.28395,758.1089,695.2422,719.4128,995.1422,940.4038,988.7294,
3190,955.5754719622222,8.940419,,,,223,105,[2M+H]+,,2,3190;3189,477.28395,81.29269,91.495514,97.68223,357.01364,335.31802,320.60223,
3191,288.23087073919686,8.94168,,,,223,,,,,,,542.0862,551.1232,593.3232,602.6682,595.34393,610.4439,
3192,616.34354306653,8.943572,,,,223,,,,,,,306.05322,295.896,324.60733,885.4985,835.2325,841.7736,
3193,454.29112609855605,8.943589,,,,223,,,,,,,1239.0753,1238.472,1320.6611,1844.1925,1810.629,1831.7019,
3194,478.2911630534558,8.944228,,,,223,105,[M+H]+,,2,3189;3194,477.28395,10679.517,10658.669,11153.447,23468.121,22715.709,22845.514,
3202,555.2911965613529,8.957527,,,,223,106,[M+K]+,,3,3202;3204;3213,516.32806,386.35422,337.22366,417.91043,823.62476,701.45026,804.9249,
3204,539.317235430114,8.958144,,,,223,106,[M+Na]+,,4,3211;3202;3213;3204,516.32806,12883.976,11157.311,12753.083,23904.121,20956.959,23219.42,
3207,539.2215438532579,8.958802,,,,223,,,,,,,276.70416,209.4627,248.54077,624.704,570.3463,588.0725,
3211,499.3248852006487,8.960022,,,,223,106,[M+H-H2O]+,,3,3211;3204;3213,516.32806,116.48675,104.05158,118.5884,275.096,265.40372,279.14844,
3212,355.28259510093767,8.960039,,,,223,,,,,,,2747.3335,2653.6467,2632.4236,4890.767,4802.4277,5014.2,
3213,534.3618181438234,8.960029,,,,223,106,[M+NH4]+,,4,3211;3202;3204;3213,516.32806,358.35455,336.6785,307.6928,616.69934,578.2766,591.95575,
3216,337.2723341629627,8.960675,,,,223,,,,,,,1129.7267,1136.9415,1128.0829,2250.3152,2235.722,2313.1772,
3217,282.2777947314775,8.961303,,,,223,,,,,,,1078.4402,1228.0354,1231.8782,1112.1176,1050.5681,1097.6453,
3219,245.22521276116944,8.961934,,,,223,,,,,,,198.2269,195.55371,204.70909,425.00076,385.91907,412.16046,
3220,263.23565469131626,8.962578,,,,223,,,,,,,833.20953,828.92426,851.19037,1469.8748,1451.7054,1469.4146,
3223,350.27334739223534,8.964004,,,,224,,,,,,,4263.0,4360.8857,4419.9224,2877.3804,2027.2994,2400.8748,
3226,328.2832690369509,8.967006,,,,223,,,,,,,852.374,873.96643,913.50195,771.0283,779.90137,699.40625,
3227,518.3226438327179,8.971406,,,,202,,,,,,,151.27737,151.19061,169.98534,444.3908,451.57974,399.9685,
3228,515.3172395999649,8.973298,,,,202,,,,,,,406.866,359.87308,411.06067,389.56277,339.98138,344.99667,
3286,931.5754195293406,8.985272,,,,234,108,[2M+H]+,,2,3287;3286,465.28389,84.988205,81.32804,87.648575,70.21386,71.65341,70.45874,
3240,277.2152844681839,8.992714,,,,224,,,,,,,708.5155,707.8136,741.6938,680.40924,679.02734,696.01166,
3241,719.3591340785061,8.992698,,,,224,107,[M+K]+,,2,3242;3241,680.39606,158.12134,129.02603,164.87314,369.8521,323.31644,350.98828,
3242,703.3852616508779,8.993953,,,,224,107,[M+Na]+,,3,3256;3242;3241,680.39606,6735.8647,5729.724,6240.3306,12865.01,11495.502,12307.166,
3243,703.2572653799757,8.993958,,,,,,,,,,,150.6222,111.49355,138.86224,406.48096,335.80817,381.16513,
3245,357.29822925551645,8.995845,,,,224,,,,,,,1615.1198,1480.629,1465.4657,3383.33,3360.058,3448.9287,
3247,299.1943397469783,8.9964695,,,,224,,,,,,,750.4785,584.50555,669.80896,605.0616,498.52185,588.72015,
3251,339.2877064297964,8.997714,,,,224,,,,,,,797.5066,767.00415,765.0182,1778.6263,1752.3671,1882.456,
3252,309.2409164037523,8.99958,,,,224,,,,,,,668.68146,651.6899,692.6548,647.69183,632.6334,624.4943,
3256,698.4299945041486,9.000831,,,,224,107,[M+NH4]+,,2,3256;3242,680.39606,165.853,142.04173,149.09894,342.4333,333.14465,353.67648,
3261,390.2965892038039,9.004556,,,,224,,,,,,,2164.8093,1870.5945,2110.8225,127.96771,93.943855,116.68768,
3274,261.2200666480671,9.02452,,,,234,,,,,,,361.48093,338.84616,370.00964,490.51132,442.81448,465.9006,
3275,353.26717166551526,9.02452,,,,234,109,[M+H]+,,3,3279;3275;3277,352.2599,3361.6997,3165.8455,3226.595,4882.4897,4696.395,4829.298,
3277,375.2491180176721,9.026402,,,,234,109,[M+Na]+,,3,3279;3275;3277,352.2599,5514.4473,5006.324,5368.34,7339.448,6782.203,7220.3306,
3279,370.2937210703205,9.028916,,,,234,109,[M+NH4]+,,3,3279;3275;3277,352.2599,215.49417,204.57236,214.4177,289.07126,281.3177,294.77853,
3282,466.291059751976,9.033913,,,,234,108,[M+H]+,,2,3287;3282,465.28389,9656.046,9435.354,9986.493,5969.654,5645.787,5745.172,
3287,488.2730302708,9.037683,,,,234,108,[M+Na]+,,3,3287;3286;3282,465.28389,605.0289,539.4476,545.84735,210.82832,209.36064,220.92792,
3291,506.5276669916339,9.044553,,,,,,,,,,,2977.9517,2490.2441,7675.7573,9633.024,8744.891,2504.3254,
3294,485.2882600335409,9.047723,,,,232,110,[M+H]+,,3,3296;3300;3294,484.28086,813.2786,811.78143,814.87,598.138,565.7604,596.00287,
3411,385.2910471843432,9.048356,,,,,,,,,,,1006.18964,968.2068,988.7687,1074.2094,826.95435,798.1649,
3296,507.26997857639435,9.048353,,,,232,110,[M+Na]+,,2,3296;3294,484.28086,1967.677,1678.6423,1965.1797,1399.2427,1217.05,1340.3445,
3259,351.2702762427532,9.048558,,,,,,,,,,,919.20605,880.814,955.4292,880.9215,767.09076,1117.1609,
3299,544.3593345122204,9.050841,,,,232,,,,,,,591.677,539.4169,583.73047,424.58215,372.71396,389.46463,
3300,523.2440043284078,9.052722,,,,232,110,[M+K]+,,2,3300;3294,484.28086,100.255844,77.60068,89.27315,63.902164,27.071178,81.56261,
3304,376.3171611226141,9.056485,,,,232,111,[M+Na]+,,2,3304;3308,353.32796,460.8497,459.648,446.64236,199.42575,226.31294,210.95822,
3305,429.3711798125725,9.056597,,,,232,,,,,,,0,2177.4058,2349.8225,1833.1517,2067.3425,2099.516,
3308,336.3246964528894,9.058351,,,,232,111,[M+H-H2O]+,,2,3304;3308,353.32796,507.41492,581.0851,513.7838,268.627,366.689,257.06854,
3309,679.483833991667,9.058422,,,,,,,,,,,487.87973,2038.2472,644.50604,369.05664,2238.9756,393.56113,
3311,580.5033340037265,9.05897,,,,232,,,,,,,395.2484,387.941,400.60336,445.82004,565.8621,615.84515,
3320,343.3376856738928,9.065259,,,,232,,,,,,,7246.573,7262.1265,7018.8,5437.3984,5403.668,5276.853,
3316,409.38134682656863,9.065833,,,,232,,,,,,,247.35234,568.01373,1387.6515,998.2727,368.71356,422.9935,
3375,357.29836541407957,9.070422,,,,213,,,,,,,461.65125,147.14029,284.1782,1135.1443,777.95654,2025.4565,
3343,580.4848620885767,9.072117,,,,229,,,,,,,396.62085,580.7481,700.5204,575.8093,537.98004,506.19128,
3326,663.4894147274473,9.073375,,,,232,,,,,,,1326.2717,4091.0894,1844.2524,1082.2156,3260.784,1099.1333,
3329,476.27304331048407,9.077149,,,,234,112,[M+Na]+,,3,3337;3336;3329,453.2839,614.5295,563.0993,558.3432,868.24664,817.29816,850.7105,
3336,454.29118953417986,9.079656,,,,234,112,[M+H]+,,2,3336;3329,453.2839,8976.428,8797.629,9260.437,17440.361,16454.453,16515.158,
3337,436.28065908398474,9.080283,,,,234,112,[M+H-H2O]+,,2,3337;3329,453.2839,294.10342,290.19406,308.89893,573.52716,557.15875,551.77637,
3341,429.3171390956839,9.083397,,,,232,,,,,,,1903.2484,1310.2136,1319.6683,1515.234,1050.0431,1078.2319,
3342,515.3172786621768,9.08343,,,,234,,,,,,,4268.6865,3510.7585,3947.4175,6473.7944,5475.5615,6217.0356,
3346,313.2723944229736,9.085944,,,,234,,,,,,,947.1858,960.7088,934.5774,1212.7347,1211.5293,1217.2694,
3348,331.2827432887879,9.086567,,,,234,,,,,,,344.59134,331.5896,323.30637,447.94495,467.5437,472.7317,
3350,480.3065001228617,9.087836,,,,234,,,,,,,1258.3728,1248.7739,1314.6738,1673.2362,1636.8474,1605.3969,
3356,329.26727934880137,9.090978,,,,234,113,[M+H]+,,2,3356;3359,328.26,465.0486,461.04062,441.05026,585.3173,579.5525,626.15283,
3359,351.24921190559513,9.092233,,,,234,113,[M+Na]+,,2,3356;3359,328.26,890.65924,921.47314,899.43054,1034.4376,1027.5916,1004.62555,
3360,647.4945069427246,9.092855,,,,234,,,,,,,766.47925,2811.1865,860.3496,808.08606,2549.8809,832.40674,
3361,473.34316321234127,9.094739,,,,232,,,,,,,921.4637,1181.3202,1130.5128,827.7297,863.1897,809.1185,
3443,469.3439503132511,9.105156,,,,208,,,,,,,1579.4551,326.08386,277.23178,756.1719,494.59784,355.24762,
3379,541.3325480946393,9.11631,,,,213,,,,,,,985.2305,849.9725,915.3969,1889.9087,1578.489,1828.8517,
3388,280.3315104896186,9.132472,,,,237,,,,,,,854.158,502.34637,713.40344,705.9221,502.61243,819.7406,
3389,302.2442011594863,9.132475,,,,237,114,[M+Na]+,,4,3390;3391;3389;3392,279.2549,20691.752,15217.382,17796.24,16036.636,13430.823,17233.252,
3390,280.26241638709035,9.133114,,,,237,114,[M+H]+,,3,3390;3391;3389,279.2549,44134.754,37667.184,41422.31,41354.78,37883.33,43634.543,
3397,281.26559084483245,9.133125,,,,237,117,[M+NH4]+,,2,3397;3406,263.23182,12118.016,8374.778,10959.372,9774.216,8343.036,10454.132,
3391,318.2176735719033,9.13313,,,,237,114,[M+K]+,,4,3390;3391;3389;3392,279.2549,406.30463,327.3977,370.94717,334.5623,290.71005,379.3191,
3399,560.5200424804269,9.133122,,,,237,,,,,,,2629.4014,1710.7198,2291.611,2362.3003,2137.0906,2804.4658,
3392,559.5172260832368,9.133124,,,,237,114,[2M+H]+,,3,3391;3389;3392,279.2549,6243.8,4210.1733,5615.092,5879.174,4522.4355,6785.432,
3396,282.27049265252464,9.133778,,,,237,,,,,,,1360.7258,1147.4343,1326.3903,1253.1647,1131.8589,1365.1761,
3398,303.24747738296264,9.133783,,,,237,115,[M+Na]+,,2,3397;3398,280.25829,4189.9907,2908.101,3847.8093,3078.028,2576.0942,3385.2334,
3401,245.22524325595919,9.135734,,,,237,,,,,,,1256.858,1018.615,1168.6058,1280.3568,1135.9445,1353.7794,
3404,263.2357308694656,9.13767,,,,237,,,,,,,4305.982,3522.0723,3986.6082,4337.1465,3922.6619,4632.5757,
3406,264.2391493869451,9.142234,,,,237,117,[M+H]+,,2,3397;3406,263.23182,878.0045,437.4345,748.80743,882.0905,859.1019,960.46875,
3409,299.184699114606,9.151389,,,,229,118,[M+H-H2O]+,,2,3409;3413,316.18785,625.91547,826.624,755.4801,671.20026,624.2282,622.2761,
3413,339.1769270815842,9.154656,,,,229,118,[M+Na]+,,2,3409;3413,316.18785,487.14755,536.65955,576.854,441.92374,384.5764,340.4567,
3419,337.27233995844983,9.162475,,,,238,121,[M+H-H2O]+,,3,3419;3423;3427,354.27551,900.6521,959.07336,951.0257,2224.3455,2405.2783,2205.7961,
3423,377.26479076784125,9.166364,,,,238,121,[M+Na]+,,3,3419;3423;3427,354.27551,3374.4692,3592.8445,3534.5017,8144.954,8020.647,7487.6616,
3425,387.24912697644004,9.167016,,,,238,119,[M+Na]+,,2,3430;3425,364.25982,834.41016,823.28595,820.1327,1220.6233,1154.0481,1134.4146,
3426,547.5179088544083,9.167706,,,,238,,,,,,,1407.0125,1076.0039,1292.1433,1302.9994,1200.2413,1534.1556,
3430,347.25643681984155,9.17026,,,,238,119,[M+H-H2O]+,,2,3425;3430,364.25982,348.4516,565.2115,371.46243,497.18726,500.56262,479.48196,
3434,268.2622872718875,9.172866,,,,238,120,[M+H]+,,2,3434;3438,267.25498,7362.0547,7038.0747,7008.5347,6791.8086,6816.6064,7065.972,
3438,290.24417530055274,9.176089,,,,238,120,[M+Na]+,,2,3434;3438,267.25498,1130.0609,1067.4136,1040.0465,774.5182,807.37067,850.5453,
3441,518.3224530512648,9.177397,,,,238,,,,,,,1308.0752,1321.5106,1499.8494,3385.1296,3185.9797,3174.3997,
3473,376.2677342752981,9.183497,,,,241,,,,,,,469.30075,481.6199,503.93436,22.716055,12.370619,4.084663,
3446,645.4793119518396,9.186961,,,,,,,,,,,493.0113,2214.2686,691.40186,331.87717,1920.2839,328.07312,
3456,528.5473010571963,9.197926,,,,227,,,,,,,214.26678,141.21742,250.79823,358.02692,181.06657,245.85599,
3461,343.3376473829797,9.206828,,,,228,,,,,,,3674.4163,3688.7292,3882.6555,4036.9153,736.7793,3498.4084,
3414,399.32329195163237,9.211353,,,,,,,,,,,170.25351,209.76767,109.74134,84.060776,68.47926,101.90852,
3427,393.23864249559324,9.213514,,,,238,121,[M+K]+,,4,3421;3419;3423;3427,354.27551,299.28033,290.25882,339.23483,170.55457,192.14531,168.21454,
3468,502.2886639427993,9.215758,,,,241,,,,,,,436.94354,399.9892,402.81293,304.36536,264.01028,274.27704,
3470,480.30681342759436,9.2176695,,,,241,,,,,,,8778.678,8515.39,9197.433,9298.106,8475.97,8444.899,
3471,450.29631437993925,9.217751,,,,241,,,,,,,349.51865,345.7849,388.88025,0,0,0,
3472,541.3328711805353,9.218952,,,,241,122,[M+Na]+,,2,3472;3479,518.34356,7381.718,6036.86,7148.0015,10338.581,8637.125,9488.754,
3476,542.3329738854432,9.219592,,,,241,,,,,,,2608.8118,2181.1985,2492.2935,4146.008,3238.4753,3610.851,
3475,339.28498530707793,9.220227,,,,241,,,,,,,1645.8474,1631.1295,1590.9834,1701.9067,1686.9244,1689.0747,
3477,357.2977645159145,9.220867,,,,241,,,,,,,2754.1343,2692.0186,2689.4785,4051.1196,3180.8171,3999.4136,
3479,557.3066320313391,9.222163,,,,241,122,[M+K]+,,2,3472;3479,518.34356,216.65762,178.91084,211.30424,337.53177,289.98834,324.46066,
3421,355.2826123408832,9.231317,,,,238,121,[M+H]+,,2,3421;3427,354.27551,1759.8616,5030.768,4764.33,9212.4375,3451.1519,8644.487,
3489,718.5356986604471,9.232022,,,,,,,,,,,0,0,0,2796.052,2593.9949,2340.968,
3494,535.517821174982,9.236403,,,,222,,,,,,,1595.8292,1210.4712,1350.9087,1305.4156,1174.4004,1554.6769,
3498,278.24433918947346,9.242341,,,,244,123,[M+Na]+,,2,3498;3521,255.25517,2826.7922,2823.0125,2420.7314,1420.1094,1619.0131,1588.2549,
3528,263.2357061054444,9.246966,,,,244,,,,,,,4497.432,2828.8726,2974.906,5004.143,4726.25,4981.7637,
3510,511.51788232808457,9.255036,,,,244,,,,,,,3731.9968,3710.8154,3264.7998,2728.258,3270.295,3111.419,
3513,256.3283418868966,9.255716,,,,244,,,,,,,571.25446,572.6697,497.6114,417.66663,509.17712,492.8924,
3521,256.26250451542643,9.259053,,,,244,123,[M+H]+,,2,3498;3521,255.25517,29072.648,29393.168,27942.943,26755.623,28625.984,28026.395,
3522,245.22519354221586,9.259073,,,,244,,,,,,,965.74365,842.5867,906.3722,1584.471,1491.7053,1590.528,
3526,337.2723102570653,9.261092,,,,244,124,[M+H-H2O]+,,4,3531;3526;3530;3533,354.27559,3887.5862,3914.0632,4013.5789,7155.517,6804.0903,6906.664,
3535,356.28594490882165,9.263117,,,,244,,,,,,,2429.6663,1980.0806,2234.0752,3741.5898,3289.629,3353.0386,
3529,355.2818373855378,9.263792,,,,244,,,,,,,10836.219,11156.207,11172.683,19081.666,15194.501,18369.904,
3530,372.3094482730042,9.264466,,,,244,124,[M+NH4]+,,4,3531;3526;3533;3530,354.27559,743.6242,722.11346,808.5313,1167.3629,1133.0049,1065.3507,
3531,393.2386484461474,9.265805,,,,244,124,[M+K]+,,4,3526;3531;3530;3533,354.27559,816.5699,830.6069,873.34705,1430.7465,1333.1703,1428.5071,
3533,377.2648631319187,9.266472,,,,244,124,[M+Na]+,,4,3531;3526;3530;3533,354.27559,37134.543,35026.06,36325.098,50251.0,48838.875,50471.12,
3536,494.3226626026055,9.267812,,,,244,,,,,,,938.215,998.0848,986.6084,2004.8438,1882.974,1967.3374,
3557,520.3379417267034,9.29955,,,,246,,,,,,,5267.3623,5314.2236,5608.2925,15817.153,15293.535,15533.084,
3561,261.22010129682036,9.302231,,,,246,,,,,,,504.621,515.53906,516.60516,492.50537,493.40045,478.7215,
3563,279.2307269523122,9.305599,,,,246,,,,,,,11974.265,11948.0625,11860.917,11295.941,11359.602,11104.395,
3553,313.27241755139676,9.306666,,,,230,,,,,,,5725.2534,5823.1523,5993.1187,4138.4863,9754.566,3913.3872,
3567,705.4008764623886,9.310264,,,,246,,,,,,,790.62726,573.8095,747.74445,1708.7534,1503.0931,1536.763,
3571,399.3066173818463,9.31495,,,,246,,,,,,,1292.024,1275.0374,1270.9275,1135.0267,1049.7297,1034.0769,
3569,390.29654918766374,9.316591,,,,246,125,[M+Na]+,,2,3572;3569,367.30732,285.58112,299.59055,290.5207,4.892038,0,0,
3580,590.5464581084676,9.323534,,,,246,,,,,,,418.04462,414.91165,449.434,1008.9501,955.2502,940.2586,
3572,368.3145800895731,9.324183,,,,246,125,[M+H]+,,2,3572;3569,367.30732,393.0245,385.7203,400.00528,13.526923,22.132315,8.12211,
3588,301.21234903964853,9.327472,,,,246,,,,,,,1845.1113,1792.5929,1874.3003,1556.4237,1516.5848,1461.5497,
3591,335.1504636591504,9.328753,,,,246,,,,,,,530.5479,515.6065,514.97186,416.4765,428.24677,404.13864,
3592,365.26529606340137,9.331328,,,,246,,,,,,,485.1762,447.4973,483.2249,374.8926,345.32635,353.6736,
3598,487.35877260628035,9.333975,,,,,,,,,,,855.0553,899.7022,814.19934,801.0371,803.35986,750.18164,
3600,343.33768138371397,9.335295,,,,246,,,,,,,4508.8843,4361.682,4606.851,3740.3218,3680.6497,3488.3687,
3602,409.38133122658354,9.339833,,,,246,,,,,,,672.4923,2328.8418,4058.5938,3341.0957,2935.5107,1414.1575,
3603,443.3327212653738,9.340458,,,,,,,,,,,1299.465,1257.4225,1320.7375,1134.5048,1105.0278,1083.1506,
3611,397.38108613437504,9.344333,,,,,,,,,,,965.61945,114.8963,186.69333,120.83471,92.59826,778.28156,
3613,255.23071891169624,9.348866,,,,246,,,,,,,323.42865,333.5893,320.6505,209.8219,225.02972,204.42773,
3622,268.26227096640076,9.355997,,,,242,,,,,,,1539.9463,1452.7524,1479.1948,1334.7031,1438.7687,1569.7365,
3623,306.2763307454195,9.357301,,,,242,,,,,,,1931.4391,495.43448,576.5882,556.9859,429.83398,731.6576,
3635,482.32227457292396,9.367145,,,,250,,,,,,,782.94794,746.79877,774.24,2109.116,2036.0293,2095.6514,
3639,331.2829250676182,9.369811,,,,250,126,[M+H]+,,3,3658;3656;3639,330.27566,5079.2554,5411.6587,5432.469,4825.935,4266.921,4345.3643,
3646,313.27242420931293,9.3718195,,,,250,126,[M+H-H2O]+,,3,3658;3656;3646,330.27566,9653.132,11384.669,9820.398,10348.308,12994.087,8436.27,
3662,402.297221348068,9.373831,,,,250,,,,,,,1022.7991,974.10864,1034.84,20.08654,15.582779,18.953678,
3656,369.2387583409158,9.375173,,,,250,126,[M+K]+,,4,3658;3656;3646;3639,330.27566,517.3883,577.2435,575.9564,549.9581,511.3653,541.8947,
3658,353.2649062534394,9.376508,,,,250,126,[M+Na]+,,4,3658;3656;3646;3639,330.27566,47088.07,49008.43,49825.28,36292.7,32526.463,33968.457,
3659,353.2899029514313,9.377183,,,,,,,,,,,546.68494,496.3625,560.3779,447.4161,28999.918,439.1001,
3663,354.26829541471034,9.378528,,,,250,,,,,,,8315.777,8322.629,11253.138,8202.754,5975.4634,6869.3813,
3678,353.27864237243176,9.38665,,,,,,,,,,,25.884592,35138.395,29.156652,32298.955,29012.873,30515.598,
3684,282.52618810058874,9.419723,,,,,,,,,,,141.51192,380.44006,329.34995,279.48053,311.26038,1039.4471,
3683,563.5492594506549,9.420428,,,,252,127,[2M+H]+,,3,3683;3725;3712,281.27081,50100.332,47061.855,48600.363,45903.336,44798.543,47533.895,
3694,282.64624994452157,9.425105,,,,252,,,,,,,1180.6136,1151.4596,1166.8046,1093.807,1091.009,1112.8534,
3698,282.71886778117647,9.426431,,,,252,,,,,,,910.9713,914.4207,902.2582,841.32166,815.9892,862.57245,
3705,282.3476717264877,9.427797,,,,252,,,,,,,5127.8794,4905.464,5043.9526,4612.9126,4521.584,4709.0435,
3706,282.2784121146818,9.427802,,,,252,127,[M+H]+,,3,3706;3725;3712,281.27081,104589.0,104561.51,106553.914,103752.055,102552.12,101829.58,
3711,283.2813970914991,9.428455,,,,252,,,,,,,39012.484,38312.074,28075.938,37462.49,26792.145,27360.09,
3709,265.251419482833,9.42848,,,,252,,,,,,,2789.6465,2588.3274,2712.941,2664.4626,2641.7458,2797.0679,
3712,304.2598376986334,9.42915,,,,252,127,[M+Na]+,,4,3706;3683;3725;3712,281.27081,43129.12,42227.973,43606.766,31563.635,31170.875,32090.152,
3713,247.24089088493497,9.429811,,,,252,,,,,,,1124.917,1467.7913,1001.59,1118.861,1081.1561,1104.5964,
3723,282.2194135948611,9.432498,,,,,,,,,,,126.5187,242.91948,398.18967,510.41064,120.70555,195.22964,
3725,320.23363057515786,9.43382,,,,252,127,[M+K]+,,4,3706;3683;3725;3712,281.27081,755.2084,776.6405,833.2067,834.59283,763.9606,778.17816,
3724,282.4226946110095,9.435705,,,,252,,,,,,,1292.3928,546.1302,513.90125,507.50055,473.32056,505.25665,
3738,551.549123303096,9.453166,,,,226,,,,,,,738.5527,816.3674,687.7125,920.7233,1036.4558,660.14966,
3747,356.2968547533225,9.470097,,,,245,,,,,,,458.63037,463.31564,440.63925,5.0257745,14.279043,13.285605,
3763,282.3900547864616,9.477981,,,,,,,,,,,219.27966,1823.269,143.89697,1460.4462,1597.7299,160.2651,
3744,496.33812766222076,9.488167,,,,245,,,,,,,3677.6843,2893.5483,3056.7966,5075.452,4960.7656,5490.5796,
3750,279.23068098320374,9.498662,,,,245,,,,,,,281.90543,316.87234,311.7109,269.81268,276.12823,202.74123,
3752,1015.6692040264312,9.507813,,,,,,,,,,,49.500504,52.888348,43.798183,398.76523,352.76486,431.05856,
3759,1039.6692293455383,9.515625,,,,231,,,,,,,280.38257,289.65518,298.9084,1990.0206,1813.0374,2102.8035,
3803,265.2512349874175,9.515808,,,,260,,,,,,,2091.5076,2210.2383,2191.848,1858.0336,1829.6425,1651.8733,
3762,520.2565499533306,9.521455,,,,,,,,,,,179.3958,152.09956,147.238,412.8885,398.91318,464.8234,
3766,427.2474395322134,9.531861,,,,257,129,[M+Na]+,,2,3766;3786,404.25824,1256.7268,1298.2532,1375.5289,1031.1697,1003.0049,939.0933,
3780,521.3414523653204,9.533168,,,,257,,,,,,,10426.819,8614.729,8905.426,20932.188,20684.826,23047.912,
3771,520.3380931530925,9.53382,,,,257,,,,,,,40300.69,34051.805,35360.875,67503.73,67170.63,71868.34,
3772,270.2779602873477,9.534481,,,,257,,,,,,,2489.0198,3172.239,2803.0278,2497.7131,2859.3743,2269.2556,
3782,520.3963214068054,9.535137,,,,257,,,,,,,144.4122,30.30216,61.235085,381.19455,377.41953,560.7743,
3786,405.2655350433757,9.537753,,,,257,129,[M+H]+,,2,3766;3786,404.25824,964.89777,975.76587,1008.7483,761.5166,751.0691,736.8438,
3794,542.3199556865912,9.546353,,,,257,,,,,,,3843.659,2940.9043,3071.42,9141.155,8695.325,8863.104,
3800,522.2814757277453,9.554402,,,,260,,,,,,,1133.8787,932.85266,909.77765,1746.9257,1571.1195,1675.4547,
3804,339.2880144128756,9.564517,,,,260,130,[M+H-H2O]+,,3,3805;3804;3809,356.2913,2941.3064,3640.0645,3741.5496,5597.448,5582.91,4707.2744,
3805,395.254406871534,9.566562,,,,260,130,[M+K]+,,4,3805;3804;3807;3809,356.2913,445.97397,470.46332,481.19028,732.21375,729.8316,692.0087,
3806,543.340142251109,9.566627,,,,260,,,,,,,3911.3716,2108.5032,2243.5098,3622.4983,3386.975,4850.6396,
3807,357.2986032242414,9.567237,,,,260,130,[M+H]+,,3,3805;3807;3809,356.2913,5689.8247,7104.4087,6922.525,10248.685,9956.826,8443.913,
3809,379.2805327928675,9.56791,,,,260,130,[M+Na]+,,4,3805;3804;3807;3809,356.2913,23286.041,25271.129,25964.953,32655.87,31210.791,28527.018,
3812,359.30879216471493,9.570656,,,,260,,,,,,,397.89188,361.75003,349.01913,469.22256,468.6657,523.4796,
3824,245.22525506054987,9.580768,,,,260,,,,,,,990.4987,1226.3899,1247.327,1258.118,1288.0334,1107.4415,
3834,295.26190532633376,9.58141,,,,260,,,,,,,587.0775,691.21924,337.5201,788.8483,688.6086,405.3474,
3829,264.23922536407264,9.582089,,,,260,,,,,,,763.7602,1238.2153,567.2005,1207.958,1188.1317,839.6513,
3828,281.2463269073208,9.582095,,,,260,,,,,,,9930.676,12109.564,11708.439,12100.633,11757.168,10460.22,
3832,263.23579676963044,9.582775,,,,260,,,,,,,5296.793,6456.7593,6249.656,6457.0923,6330.8403,5716.3354,
3840,397.38143651881154,9.599437,,,,260,,,,,,,37141.805,9826.429,9711.242,8513.78,8844.913,33484.02,
3843,482.322490806107,9.605477,,,,262,,,,,,,996.4666,722.80664,725.06537,1135.7399,1058.5798,1367.4634,
3851,428.31371137005294,9.612756,,,,239,,,,,,,684.4335,663.6392,672.01624,336.7806,323.31183,367.7507,
3852,647.4947322006349,9.613883,,,,,,,,,,,873.073,3539.7017,985.2988,376.43134,2400.2,406.5121,
3861,370.33017831125335,9.623799,,,,261,131,[M+H]+,,2,3861;3865,369.32268,1775.0746,1963.4027,2031.7595,111.46553,105.06365,85.15901,
3862,497.3951276759874,9.623836,,,,,,,,,,,1958.4108,1314.0494,1296.5603,733.1183,676.6312,957.66064,
3865,392.3116763763033,9.627109,,,,261,131,[M+Na]+,,2,3861;3865,369.32268,1014.5109,1204.6964,1216.2816,38.30612,27.715046,22.86495,
3900,382.3100469669471,9.628656,,,,262,,,,,,,553.00397,648.5549,664.7113,12.238125,49.21936,13.109171,
3872,335.24992004140034,9.631609,,,,261,,,,,,,732.17975,629.7822,654.42694,607.71625,564.99744,634.6193,
3879,337.1659506907537,9.641236,,,,261,,,,,,,2100.1687,2203.557,2175.5564,1995.7185,1935.9025,1925.7549,
3884,291.26708371175806,9.646308,,,,262,132,[M+H]+,,2,3884;3885,290.25965,210.91908,242.45047,291.61264,225.79198,181.30522,185.00685,
3885,308.2933250328601,9.646338,,,,262,133,[M+H]+,,2,3886;3885,307.28615,4760.5845,4917.5054,5602.7563,4402.9204,3752.8057,3787.6206,
3886,330.27546661440965,9.646989,,,,262,133,[M+Na]+,,2,3886;3885,307.28615,2259.815,2166.3452,2568.243,1984.4641,1567.6003,1588.5925,
3892,574.479167878857,9.659614,,,,262,,,,,,,3384.3218,559.0626,680.64746,403.99667,416.76117,635.4218,
3853,409.3814044896797,9.662169,,,,,,,,,,,1803.561,3138.7769,6582.147,5212.458,3573.6501,5568.0195,
3893,534.486335549071,9.662839,,,,262,,,,,,,6450.2812,1678.0504,1804.2009,1224.9374,1075.5376,1425.4662,
3898,552.4870333081809,9.672292,,,,262,,,,,,,1292.9095,568.7225,647.54816,449.88245,298.63733,441.53497,
3904,575.4855255011865,9.677853,,,,262,,,,,,,1681.115,303.2249,427.6638,50.923523,117.04081,359.32547,
3907,367.280524243338,9.68105,,,,262,134,[M+Na]+,,2,3910;3907,344.29141,1219.8016,1357.5925,1485.1715,1681.6833,1450.8121,1330.0588,
3909,631.495885620788,9.681653,,,,,,,,,,,302.8984,2214.0212,1198.0167,332.1979,878.92725,555.3635,
3910,327.28822802000633,9.682314,,,,262,134,[M+H-H2O]+,,2,3907;3910,344.29141,269.49185,387.98486,406.7629,400.43338,379.7631,278.83188,
3937,397.3814533036754,9.700903,,,,251,,,,,,,29528.057,7699.48,7124.4165,6687.983,7037.5405,18913.092,
3920,522.3531961775155,9.701741,,,,,,,,,,,4232.0117,3634.8726,3613.1562,8462.755,8249.864,9221.436,
3912,506.52776541231714,9.706641,,,,262,,,,,,,158.94371,241.22316,832.80817,833.06665,388.04468,52.162163,
3923,687.6026767578156,9.707586,,,,251,,,,,,,8.904611,238.3557,948.2382,542.0372,31.05249,251.26909,
3935,409.38142122954173,9.715117,,,,251,,,,,,,3224.8572,6670.181,13527.751,9502.597,6609.5566,3596.3354,
3925,318.2754734699234,9.715694,,,,256,135,[M+Na]+,,2,3927;3925,295.28614,1911.1287,1964.3655,2073.1704,1703.2589,1549.7885,1479.554,
3928,297.2969228772389,9.717003,,,,256,,,,,,,1315.3357,1331.8296,1404.8325,1187.1383,967.9247,1174.949,
3927,296.29329708631604,9.717622,,,,256,135,[M+H]+,,2,3927;3925,295.28614,6803.762,6688.0605,7367.437,6630.801,6051.18,6038.162,
3921,554.4705908179918,9.717847,,,,262,,,,,,,582.50574,9.188629,32.14569,7.9372644,14.011535,9.23064,
3932,544.3362856260868,9.726617,,,,243,,,,,,,483.33975,371.13785,399.48642,1144.4111,988.3377,999.3361,
3947,345.19220337522944,9.750603,,,,263,,,,,,,901.57587,976.9928,953.71375,794.3083,640.9806,702.7569,
3949,426.29672229108274,9.751175,,,,254,,,,,,,2078.104,2198.529,2180.9246,5.1474276,12.63438,4.8689957,
3950,534.2938139354802,9.753169,,,,263,136,[M+K]+,,2,3950;3955,495.33084,128.82806,125.87959,126.837975,444.92453,386.29614,380.3058,
3955,518.3200427465018,9.753828,,,,263,136,[M+Na]+,,3,3978;3950;3955,495.33084,4906.6763,4776.869,4902.5454,12938.575,11914.579,10925.638,
3958,404.3144125018005,9.755115,,,,254,,,,,,,6302.84,6388.915,6585.6187,207.62996,206.34677,192.90239,
3946,519.3234078690666,9.755145,,,,263,,,,,,,1276.5474,1245.0358,1275.767,3395.808,3091.434,2867.9011,
3954,499.34761998015057,9.757755,,,,263,,,,,,,209.82268,259.6132,193.386,624.82886,606.4643,694.25275,
3959,496.8212561577081,9.759042,,,,263,,,,,,,25.922268,30.030159,14.00301,280.32526,308.20175,305.64694,
3965,478.32760804108676,9.759697,,,,263,,,,,,,345.60394,305.89438,308.16373,300.91504,305.4766,323.3178,
3969,343.19156116105165,9.760311,,,,263,,,,,,,971.78436,911.21857,1068.4362,871.0484,847.34924,752.82294,
3974,547.3585948331771,9.761592,,,,263,,,,,,,606.50555,470.76636,479.89005,851.5235,767.70306,984.3066,
3970,496.39547246468493,9.76336,,,,263,,,,,,,60.486748,0,41.33125,820.73425,803.93616,895.65594,
3983,496.2603743912641,9.764153,,,,263,,,,,,,54.800507,187.48068,141.30737,587.7151,608.2461,640.79456,
3978,496.3383183911263,9.764228,,,,263,136,[M+H]+,,2,3978;3955,495.33084,39302.746,37106.836,38592.76,74960.164,73386.37,77493.93,
3982,991.6692976032891,9.766128,,,,263,,,,,,,0,0,0,577.6886,407.6786,351.71976,
3984,507.36650438794163,9.768734,,,,,,,,,,,151.67104,107.41943,40.80827,258.86142,222.74294,314.65112,
3989,615.4977910560671,9.776058,,,,247,,,,,,,122.2466,745.97076,260.418,12.207966,1791.3204,1740.4585,
3988,343.33774675660334,9.780894,,,,255,,,,,,,15568.557,20066.02,20873.895,18164.473,18125.791,12134.987,
4003,961.5829569029145,9.790823,,,,247,,,,,,,0,12.863781,18.342289,4.5101166,1914.8119,2285.2063,
3998,375.24071425722076,9.797527,,,,249,,,,,,,308.03653,340.64383,342.96393,467.25546,442.33316,395.63568,
3999,405.2950120552184,9.797524,,,,249,,,,,,,252.15561,224.0879,225.16933,342.7565,292.44626,320.20224,
3926,418.3277028897545,9.814396,,,,258,,,,,,,553.3486,979.1527,541.99133,0,123.85426,0,
4015,631.4934727389742,9.817569,,,,,,,,,,,810.2559,470.3773,290.76648,318.63696,621.9793,579.53375,
4017,306.27537020148816,9.845469,,,,266,137,[M+Na]+,,3,4021;4020;4017,283.28636,5290.0254,5489.851,4768.872,4908.1274,5231.065,4865.0225,
4008,396.3617819971917,9.850419,,,,258,,,,,,,998.399,1021.38385,1012.0247,9.965313,17.384052,34.724922,
4020,284.2936311404626,9.851836,,,,266,137,[M+H]+,,2,4020;4017,283.28636,28665.324,30194.588,28389.049,27155.848,28706.625,27133.936,
4021,567.5804169700467,9.852464,,,,266,137,[2M+H]+,,2,4021;4017,283.28636,2935.5054,2900.272,2438.1807,2318.5427,2609.6235,2552.0273,
4022,284.36285391427646,9.853103,,,,266,,,,,,,170.75539,228.70287,187.03061,146.88438,201.79626,138.34354,
4025,371.220137102402,9.855615,,,,266,,,,,,,437.22095,389.88876,701.9292,507.075,496.34888,463.92905,
4026,381.2961124865419,9.855626,,,,266,138,[M+Na]+,,3,4028;4026;4029,358.30697,11388.53,11069.787,11422.194,7605.144,5987.1714,6710.944,
4028,341.30371779475587,9.858161,,,,266,138,[M+H-H2O]+,,2,4028;4026,358.30697,5265.149,5458.841,5728.145,3846.3118,3043.85,3278.343,
4029,359.3142773348737,9.858167,,,,266,138,[M+H]+,,2,4026;4029,358.30697,1765.6172,1821.6534,1845.7693,1272.3085,1051.8202,1131.249,
4007,419.35032764472453,9.858473,,,,,,,,,,,1323.7612,1375.922,1268.2622,325.46786,444.39307,411.28992,
4014,617.5140476256175,9.868555,,,,,,,,,,,31.966227,330.42273,66.52642,39.188652,1468.2701,370.87744,
4033,471.3427939865857,9.881473,,,,,,,,,,,313.02264,363.58823,314.08795,301.32687,232.06633,228.09222,
4016,284.25111261603075,9.893069,,,,266,,,,,,,230.07664,202.49469,287.4931,299.44147,90.50057,112.65137,
4039,506.52776739955215,9.893936,,,,,,,,,,,969.8208,929.25714,2440.694,1837.0685,2733.8577,1202.3112,
4040,383.3214377697837,9.893981,,,,253,,,,,,,734.4732,811.1408,794.71826,837.5518,758.7937,688.07733,
4110,383.335716423483,9.909644,,,,,,,,,,,451.4869,406.2358,467.29126,562.3894,548.4824,433.30637,
4063,397.3813499932813,9.924361,,,,,,,,,,,4409.7417,437.04926,464.5731,341.02478,515.85,3308.9917,
4051,475.4130104225033,9.933037,,,,273,,,,,,,905.18176,913.90186,849.17926,1371.018,1446.7766,1410.3539,
4057,375.2855376963079,9.940575,,,,273,139,[M+Na]+,,2,4057;4090,352.29638,4428.2695,3963.9768,3872.6284,3681.1538,3585.722,3332.3328,
4059,343.33773945489855,9.941189,,,,273,,,,,,,12174.359,12441.836,11503.873,10785.79,10850.642,11238.935,
4064,716.5203134454922,9.942396,,,,273,,,,,,,0,0,3098.1663,2689.0972,2352.208,3790.4446,
4066,553.4573752435562,9.944313,,,,273,,,,,,,4230.7163,4079.9248,4091.4023,3338.4094,2154.559,1814.3038,
4068,518.3201276168527,9.945567,,,,273,,,,,,,167.27592,126.34759,117.70771,475.78775,415.40378,482.9904,
4070,409.38139198674634,9.9468355,,,,273,,,,,,,1208.6149,3720.3413,5796.3823,5036.9634,3282.9087,1883.7384,
4077,419.35041386606827,9.948119,,,,273,,,,,,,1211.2701,1259.3636,1189.784,1117.3672,1097.2538,1094.5046,
4072,339.1816213992403,9.948752,,,,273,,,,,,,913.9551,901.9096,884.84644,903.9735,919.1215,860.02484,
4073,792.5936020621483,9.949989,,,,273,141,[M+Na]+,,2,4113;4073,769.60445,246.07843,399.4373,2521.2878,1931.1132,1523.2197,1799.9598,
4074,483.3504167064919,9.950034,,,,273,,,,,,,791.024,721.4793,614.3193,675.86304,705.37897,635.19965,
4078,393.29602070068864,9.952531,,,,273,140,[M+Na]+,,2,4090;4078,370.3069,494.18765,427.29877,386.73822,418.7772,417.57166,370.10696,
4086,430.3299892016619,9.955061,,,,273,,,,,,,3847.5847,3760.1204,3512.6306,147.82611,135.9251,145.30008,
4088,263.2357385121477,9.956981,,,,273,,,,,,,427.67136,472.42065,455.53064,499.279,459.95505,459.3273,
4090,353.3037108755407,9.957608,,,,273,140,[M+H-H2O]+,,2,4078;4090,370.3069,1817.7323,1776.6208,1682.5837,1718.6906,1707.0922,1637.4196,
4092,247.24086425028588,9.958233,,,,273,,,,,,,351.4272,358.78464,344.4039,363.7637,332.04877,335.0723,
4093,939.598727512914,9.9584,,,,273,,,,,,,0,778.543,685.7227,638.98816,1468.4777,1531.9863,
4094,297.27761439637214,9.959508,,,,273,,,,,,,592.1829,600.8168,589.0697,616.38855,579.0622,571.62756,
4097,283.26239851919007,9.9614105,,,,273,,,,,,,4908.3545,5072.703,5494.854,5949.4673,5713.628,4907.14,
4100,265.25142720760414,9.962688,,,,273,,,,,,,1898.9946,2086.4946,1981.7123,2042.3107,2080.293,2050.0842,
4101,334.3088122862687,9.963323,,,,,,,,,,,1743.294,1669.1012,1636.4474,810.16644,801.3691,804.59216,
4103,413.3762221467441,9.965288,,,,,,,,,,,2539.9285,2419.5596,1458.913,1294.1665,1250.952,1382.3922,
4079,431.3404498750074,9.965317,,,,273,,,,,,,1335.5793,1315.2069,1200.1494,97.04218,13.161848,30.349983,
4104,544.3355899700209,9.967139,,,,273,,,,,,,1606.8088,1443.892,1519.9592,4916.5615,4725.762,4814.1665,
4109,525.3640723200459,9.967141,,,,,,,,,,,210.18039,97.74394,128.8911,495.74246,508.81067,502.80893,
4113,752.6012200919998,9.97651,,,,273,141,[M+H-H2O]+,,2,4113;4073,769.60445,882.4583,1103.1746,11049.907,9483.086,8371.63,10398.096,
4114,522.353751907788,9.9787,,,,273,,,,,,,20913.338,21119.738,22070.072,49706.184,49078.348,48793.086,
4115,770.6117730325572,9.979686,,,,273,,,,,,,619.1359,467.9949,5155.211,4328.1943,2377.9048,3023.2583,
4117,590.5487667032004,9.980925,,,,273,,,,,,,341.62402,240.74846,3462.5105,2714.964,2923.6877,2923.9243,
4082,452.2936972660396,9.995463,,,,273,,,,,,,1126.4851,1030.6556,983.39716,99.696014,11.193357,12.477233,
4127,397.2700461274094,10.014167,,,,273,142,[M+K]+,,4,4129;4127;4140;4131,358.30698,1280.2515,1262.0867,1324.8154,1158.7988,1037.7528,1152.7067,
4129,341.3037460052911,10.014803,,,,273,142,[M+H-H2O]+,,3,4129;4127;4140,358.30698,28662.02,28223.703,26852.873,24183.607,20984.023,23108.182,
4131,359.31428606930825,10.015483,,,,273,142,[M+H]+,,3,4127;4140;4131,358.30698,14286.541,13706.635,13154.2705,11878.583,10465.472,11361.683,
4134,565.428169120549,10.017473,,,,273,,,,,,,613.4071,506.59207,399.2725,313.19724,262.23734,295.9097,
4136,557.4420825012671,10.018134,,,,273,,,,,,,650.361,579.01953,465.84875,402.52313,313.81827,362.18103,
4139,566.4286644050327,10.018784,,,,273,,,,,,,939.8469,827.53394,649.3954,525.38696,435.95163,496.95157,
4140,381.29619312938047,10.019443,,,,273,142,[M+Na]+,,4,4129;4127;4140;4131,358.30698,62594.434,58510.758,58639.29,52462.83,46745.12,50345.504,
4128,417.2383241470804,10.019479,,,,273,,,,,,,66.133804,70.738495,29.307573,556.0593,555.0583,519.8862,
4137,381.3456099829478,10.020775,,,,273,,,,,,,285.9652,238.4508,228.56807,123.01563,80.011215,108.46086,
4148,378.2880647886118,10.0261,,,,273,,,,,,,442.06543,408.13126,381.1445,316.9177,273.9572,316.65372,
4154,293.28271782133424,10.047241,,,,270,143,[M+H]+,,2,4155;4154,292.27545,489.16434,451.43552,447.07382,308.10803,296.5374,317.05417,
4155,310.30927464841335,10.0479,,,,270,144,[M+H]+,,2,4155;4162,309.302,34091.242,31876.428,32466.242,25546.791,25350.133,26723.219,
4156,310.3527267142429,10.048566,,,,270,,,,,,,176.23344,158.14372,522.6166,75.144226,139.89398,109.09795,
4160,619.6116212352373,10.054436,,,,270,144,[2M+H]+,,2,4162;4160,309.302,2053.657,1708.4036,1787.8285,1023.6158,1026.5045,1181.4374,
4162,332.29105898975365,10.060275,,,,270,144,[M+Na]+,,3,4155;4160;4162,309.302,4628.902,3877.4866,3829.397,2805.4702,2926.4807,3007.7761,
4176,480.5122489746393,10.09324,,,,271,,,,,,,78.05381,1059.6865,1726.3563,1427.617,37.386524,330.6738,
4177,506.5278814231881,10.097614,,,,271,,,,,,,604.071,93.72179,983.8502,1036.5573,1290.6453,785.985,
4178,454.2911992416098,10.104508,,,,271,,,,,,,217.8032,1579.4224,1544.3854,1321.3398,680.66895,620.36847,
4179,298.30916743594423,10.105135,,,,271,,,,,,,523.75085,537.4281,489.95486,506.5005,566.52234,556.92664,
4181,580.5281783613467,10.109456,,,,271,,,,,,,62.396,1644.2072,1733.0624,1626.8511,995.75574,970.9636,
4171,339.31214279404065,10.120847,,,,,,,,,,,902.1721,220.87888,260.67105,174.54544,83.29331,71.89052,
4185,452.2756513094621,10.124892,,,,,,,,,,,18.537455,1335.1602,1257.4329,1148.5927,476.10037,460.2542,
4190,468.24435793474413,10.141448,,,,279,145,[M+Na]+,,2,4196;4190,445.25517,2210.46,3331.202,2097.6775,1900.7478,1687.6837,1861.9641,
4189,429.2494388642913,10.142051,,,,279,146,[M+H-H2O]+,,2,4189;4197,446.25281,846.4957,1296.7618,804.1097,796.625,675.75385,774.001,
4191,427.24994763196537,10.142692,,,,279,147,[M+H-H2O]+,,3,4200;4191;4195,444.25321,5124.38,7810.932,4908.2754,4775.935,4167.4463,4801.071,
4192,430.24973181035676,10.143287,,,,279,,,,,,,183.98004,309.308,204.09077,168.69398,136.09804,174.93718,
4196,428.25192084257674,10.143887,,,,279,145,[M+H-H2O]+,,2,4196;4190,445.25517,1753.3297,2904.8457,1846.4847,1751.1544,1524.5465,1810.8053,
4195,467.24242733995374,10.143916,,,,279,147,[M+Na]+,,3,4200;4191;4195,444.25321,5945.831,8831.767,5598.9307,5243.5815,4549.0615,5019.3726,
4197,469.2421102267094,10.145142,,,,279,146,[M+Na]+,,2,4189;4197,446.25281,1004.52155,1527.0762,964.70984,887.751,760.4794,829.7235,
4198,441.26560785223757,10.145148,,,,279,,,,,,,1948.1,3110.7222,1934.0521,1905.5507,1611.7557,1852.2687,
4200,483.216356773971,10.146364,,,,279,147,[M+K]+,,3,4200;4191;4195,444.25321,108.82788,213.01927,122.96536,126.02713,77.56648,109.39209,
4202,470.2427495705019,10.147571,,,,279,,,,,,,215.25627,333.05756,205.65341,193.39235,165.43698,181.95842,
4207,485.3584626222619,10.1531105,,,,279,148,[M+Na]+,,2,4210;4207,462.36926,2177.6382,1870.2802,1758.039,1731.0554,1573.2959,1448.9349,
4208,427.35551121087906,10.153717,,,,279,,,,,,,478.01807,416.8256,345.34302,334.45816,367.11984,330.60492,
4209,477.3922436686057,10.153714,,,,279,,,,,,,691.441,578.10156,490.62497,500.52444,502.66766,483.67014,
4210,445.3659804327481,10.15433,,,,279,148,[M+H-H2O]+,,2,4210;4207,462.36926,1210.8354,1030.5037,860.0805,872.7944,930.6809,904.93115,
4214,801.5465963048673,10.165208,,,,,,,,,,,20.015781,4.7207456,1198.8904,1164.9502,1025.3185,2853.3557,
4218,381.3503873369877,10.195114,,,,,,,,,,,4.528246,467.96967,459.97073,438.7688,1656.6869,520.24286,
4220,510.35379358906835,10.199956,,,,275,,,,,,,926.0992,881.2404,989.981,2253.8647,2159.5073,2133.531,
4221,941.614148952225,10.201789,,,,,,,,,,,801.7168,627.78687,1010.32697,973.8116,900.2457,3235.2131,
4222,395.3657684873997,10.204217,,,,275,,,,,,,687.8688,473.9627,591.02356,818.09265,1079.58,1154.5746,
4225,419.35045572046783,10.209422,,,,269,,,,,,,5488.389,4809.7812,4727.304,6801.5635,6756.7812,6588.606,
4227,553.4573108641373,10.2097025,,,,269,,,,,,,10441.614,7985.4307,5110.686,7260.0254,10191.2295,9951.043,
4229,293.24385479734156,10.210902,,,,275,,,,,,,1534.6165,1111.7428,1108.5913,2481.1924,2505.8557,2577.3489,
4231,475.41295610054664,10.213983,,,,269,,,,,,,4513.925,3688.961,3562.0715,3790.9312,3389.0933,3186.1697,
4234,619.2832325961164,10.221264,,,,,,,,,,,413.41165,365.88818,320.63766,1378.0884,1428.6656,1267.5206,
4236,548.5019445086938,10.222817,,,,,,,,,,,1217.9034,987.2329,467.25012,733.55365,721.0268,860.9,
4224,337.272320505295,10.225011,,,,264,,,,,,,346.86,397.55292,360.2222,1721.8145,1832.7688,1962.2388,
4223,617.5121558122495,10.230052,,,,,,,,,,,492.16696,674.65906,338.303,329.42868,584.9039,4856.903,
4240,298.3092340949557,10.23045,,,,,,,,,,,506.3699,492.9627,437.09985,463.86176,514.4211,495.42227,
4239,577.5171631447923,10.2360115,,,,,,,,,,,1025.3455,671.9699,446.99042,264.2677,253.97705,856.1231,
4250,427.3556036706373,10.269511,,,,,,,,,,,647.80554,422.09943,442.29657,421.3298,409.35608,428.34598,
4251,582.4837659372726,10.283348,,,,,,,,,,,221.94507,6098.9517,6213.358,5599.6074,3605.9656,3633.251,
4255,542.491294761815,10.289805,,,,267,,,,,,,763.667,16083.008,17759.621,17244.145,11233.901,11289.81,
4256,560.5018014940442,10.290376,,,,267,,,,,,,600.34174,12979.185,13776.503,12902.85,9230.3955,8395.098,
4257,524.4807327953649,10.29047,,,,,,,,,,,0,395.25217,424.11493,465.4559,270.23053,236.28885,
4263,445.3658160970644,10.306464,,,,274,150,[M+H-H2O]+,,2,4266;4263,462.36916,912.2997,595.63416,640.99243,730.3788,744.56116,722.3604,
4264,457.2310092360299,10.307381,,,,268,149,[M+Na]+,,2,4264;4265,434.24184,986.1889,881.9156,824.89685,1967.456,1971.4652,1939.9967,
4265,417.23860112487745,10.308005,,,,268,149,[M+H-H2O]+,,2,4264;4265,434.24184,1210.5857,995.2086,934.72656,2405.6958,2449.786,2558.337,
4266,485.3584371910154,10.30952,,,,274,150,[M+Na]+,,2,4266;4263,462.36916,1371.7964,966.38525,993.5615,1093.7808,1134.5823,1046.2256,
4268,435.2492520445189,10.317189,,,,,,,,,,,400.8338,345.36227,269.8378,770.19305,808.0429,806.5549,
4271,548.3692974186915,10.330356,,,,282,,,,,,,70.19792,72.967155,53.244637,467.39426,425.403,445.97186,
4273,524.3691700836522,10.337672,,,,282,,,,,,,1271.5588,1242.1865,1475.3766,2623.4224,2493.203,2566.7476,
4276,312.32174551874357,10.344992,,,,282,,,,,,,794.85504,680.3156,679.393,654.7287,730.1937,770.46234,
4277,598.475167075574,10.349251,,,,282,,,,,,,647.71497,719.1529,772.9195,533.26166,442.02988,426.1508,
4278,777.5464056742212,10.349413,,,,282,,,,,,,0,0,414.02673,380.7475,329.309,1863.8068,
4279,540.4755891917217,10.349861,,,,282,,,,,,,559.6991,571.7575,601.3516,354.49762,362.95285,332.79083,
4281,599.4981502279203,10.351703,,,,282,,,,,,,1587.6644,432.99365,912.3855,564.739,1188.1691,1339.7024,
4282,336.3247757531465,10.352301,,,,282,151,[M+NH4]+,,2,4285;4282,318.29099,7684.9014,7018.3257,7167.08,3981.5183,3916.979,3977.7185,
4283,558.4881988942147,10.352317,,,,282,,,,,,,412.8102,495.14005,512.70593,354.04425,341.8791,305.40063,
4285,319.29831244250727,10.354125,,,,282,151,[M+H]+,,2,4285;4282,318.29099,380.41736,351.398,347.9846,170.77878,162.5573,177.34174,
4286,358.3066496727685,10.355348,,,,282,152,[M+Na]+,,2,4286;4282,335.31747,2071.4817,1680.1449,1677.4277,871.36304,852.85144,882.7101,
4287,645.3741502970621,10.358399,,,,282,,,,,,,526.3661,401.0234,394.449,558.4856,523.89075,520.4839,
4288,593.3818699429047,10.360842,,,,282,,,,,,,466.1613,340.57498,308.71652,451.97195,447.61996,473.522,
4295,716.5202273136015,10.395192,,,,,,,,,,,0,0,2979.9998,2804.3752,2541.61,5385.6543,
4296,500.2729599575219,10.397121,,,,277,153,[M+Na]+,,2,4298;4296,477.28385,821.52545,738.0488,757.3121,625.0224,588.9175,585.7422,
4298,478.2912397339508,10.402002,,,,277,153,[M+H]+,,2,4296;4298,477.28385,1882.1102,1485.8063,1486.3875,1212.3717,1155.5828,1108.358,
4299,306.2777841860358,10.405391,,,,277,,,,,,,1134.452,891.6866,905.4482,702.19293,669.8706,661.5348,
4315,479.2968417803607,10.41085,,,,,,,,,,,690.4937,467.56613,529.04626,186.55281,143.54665,90.06588,
4314,801.546205911162,10.412714,,,,,,,,,,,283.52325,32.993603,86.74481,147.16556,43.727722,715.4883,
4300,639.4936613730971,10.419378,,,,,,,,,,,1144.0264,3381.8179,3699.4226,2216.3894,3012.482,2933.133,
4309,355.3192319124316,10.422169,,,,272,154,[M+H]+,,2,4310;4309,354.31198,1085.2173,1014.6817,997.7842,911.13556,876.92004,883.3789,
4310,377.3012157817023,10.423389,,,,272,154,[M+Na]+,,2,4310;4309,354.31198,2509.1443,2265.6284,2216.4043,1808.2014,1754.0262,1780.866,
4306,682.6321064284965,10.432857,,,,,,,,,,,634.3639,1970.4628,1384.1455,2204.1958,7471.738,1895.4757,
4318,413.3761760209224,10.449325,,,,280,,,,,,,664.74146,457.5781,443.18246,513.00134,461.23492,506.72247,
4319,324.3247849652129,10.44993,,,,280,,,,,,,1052.8242,897.56683,939.8163,680.8511,673.2821,722.6517,
4320,395.36572445412753,10.449928,,,,,,,,,,,216.23816,299.9159,393.80255,706.6957,1524.3218,1525.363,
4294,409.3813849179165,10.452384,,,,,,,,,,,2166.7432,5891.5664,9755.334,8869.319,6139.651,12864.23,
4332,639.4936147991154,10.463372,,,,,,,,,,,5137.5225,824.9565,614.7734,476.08218,292.50232,310.53986,
4322,937.5831596965487,10.46533,,,,,,,,,,,0,16.798939,31.412798,60.08886,1740.195,1780.1702,
4324,637.4791793431992,10.471272,,,,,,,,,,,1460.6436,1107.5472,1072.2875,805.88306,644.0565,640.9499,
4325,297.2775550092888,10.471925,,,,,,,,,,,497.02426,407.50494,408.30823,286.58054,303.61124,271.97723,
4307,615.4595131858587,10.48,,,,,,,,,,,192.73679,494.89972,188.29893,651.22266,130.0023,552.34625,
4329,542.4913232639539,10.486628,,,,,,,,,,,352.40298,4122.2344,4337.6,3807.365,3113.5654,2891.1301,
4375,560.5018711510776,10.498895,,,,289,,,,,,,900.67596,2814.6892,2898.707,2107.1243,1592.3746,593.3265,
4328,613.4491155353145,10.512061,,,,,,,,,,,791.816,571.5913,578.6814,707.05835,565.2281,576.3095,
4330,544.5036651950272,10.520667,,,,,,,,,,,44.481407,801.0386,709.58344,688.447,760.64246,703.70624,
4337,397.30862638883315,10.528697,,,,,,,,,,,193.02338,165.58412,161.7178,215.37337,178.00934,215.8302,
4338,615.4632214697241,10.529317,,,,289,,,,,,,1505.5511,1317.65,1170.6093,1254.7836,1310.024,612.4577,
4340,764.5623471968055,10.533633,,,,289,155,[M+Na]+,,3,4342;4349;4340,741.57307,1805.0651,8508.363,8744.049,7853.082,9136.196,9188.669,
4342,742.580434309437,10.534258,,,,289,155,[M+H]+,,2,4342;4340,741.57307,2146.1633,5861.5376,5555.75,5027.697,6119.542,6429.5244,
4351,355.25060262897296,10.534873,,,,,,,,,,,296.93704,233.68927,261.48596,136.1256,125.71939,106.473236,
4354,563.5206276871719,10.535483,,,,289,,,,,,,282.73788,178.57507,1686.8556,703.6738,1077.2625,698.9344,
4348,562.5170228254501,10.536728,,,,289,,,,,,,1492.1206,4612.246,4672.769,4243.4077,5025.88,4974.32,
4349,724.5696482446107,10.537338,,,,289,155,[M+H-H2O]+,,2,4340;4349,741.57307,4167.0547,13058.121,13053.239,11638.719,14314.085,14445.563,
4353,580.5276807731844,10.537964,,,,289,,,,,,,1116.4796,1083.2227,1070.1714,916.0171,971.65295,968.6685,
4339,311.3116334401975,10.538562,,,,,,,,,,,1055.2241,303.47055,1316.9323,192.69957,205.64742,182.66199,
4341,682.632097266895,10.5392,,,,,,,,,,,2388.1072,560.1831,227.80568,494.9257,1490.0875,108.924324,
4357,373.2227774737662,10.540439,,,,289,,,,,,,720.5414,635.74854,587.7025,434.6159,399.6443,436.91595,
4358,405.24898951920994,10.540436,,,,289,,,,,,,790.3738,624.06885,549.123,372.52594,344.00162,369.68265,
4356,410.38477530354686,10.543458,,,,,,,,,,,288.8763,2319.1692,12677.363,11014.822,7439.0674,1204.8262,
4362,343.3377243354141,10.545356,,,,276,,,,,,,93201.195,80770.82,78727.29,81721.16,80175.39,82947.76,
4364,371.30825745683,10.549077,,,,289,,,,,,,682.22925,787.16046,508.03986,488.42627,425.56516,443.73764,
4365,393.29465678738126,10.551551,,,,289,,,,,,,815.4445,1563.2897,548.5559,593.0091,517.73834,499.10706,
4366,409.38138178039213,10.552747,,,,,,,,,,,8389.941,6963.918,38280.273,32956.0,22550.273,3594.94,
4367,307.26188535600323,10.554016,,,,289,,,,,,,288.80948,265.031,282.05728,140.06523,133.98076,131.21634,
4381,782.5611534691517,10.560137,,,,,,,,,,,0,3.9875221,4.3334646,1473.409,1158.5618,1443.0844,
4376,600.4980280436585,10.564431,,,,289,,,,,,,1263.2517,725.0265,765.7087,4.7522736,24.18944,13.950234,
4383,564.5304008302438,10.573661,,,,278,,,,,,,33.767384,365.1087,4557.4487,4279.7627,4202.8447,1983.7948,
4378,536.3692225213725,10.574325,,,,,,,,,,,211.73256,243.1976,249.7377,745.38257,698.4454,886.4229,
4377,797.5148067547569,10.574327,,,,289,,,,,,,47.02477,463.85202,483.1412,422.4348,758.6153,731.0888,
4379,556.5280584446056,10.579242,,,,,,,,,,,667.4635,3180.134,3207.8887,2763.0254,1109.8408,1148.1176,
4386,586.5150563989296,10.586863,,,,,,,,,,,0,0,1436.9697,1192.9609,1024.2587,379.638,
4374,617.5104440142077,10.589002,,,,289,,,,,,,6562.3643,1420.612,1282.7771,1101.8667,1162.056,322.8382,
4397,546.5220472084904,10.594547,,,,278,,,,,,,20.35907,92.8812,5849.0947,5598.2163,5244.732,2295.8318,
4390,561.2804128190536,10.602506,,,,288,,,,,,,273.71014,186.43939,172.77129,541.5548,489.68698,495.78983,
4391,579.2908929120148,10.602513,,,,288,156,[M+H-H2O]+,,2,4398;4391,596.2941,2901.115,2157.2114,2087.056,5263.7695,4929.57,4999.9736,
4392,597.3013911019085,10.603105,,,,288,156,[M+H]+,,2,4398;4392,596.2941,664.99915,440.09045,425.19504,1173.0753,1097.8673,1121.8702,
4398,619.2832336808383,10.611678,,,,288,156,[M+Na]+,,3,4398;4392;4391,596.2941,2437.397,1999.9456,1909.905,4580.3853,4218.0415,4184.5483,
4399,541.2609751224962,10.615373,,,,288,,,,,,,264.69937,522.91376,249.88698,197.50906,158.17139,202.9444,
4403,587.4684685374541,10.620855,,,,288,,,,,,,1437.5978,1246.8632,1301.0145,1182.452,1203.6418,1111.7872,
4406,383.3657705237573,10.629917,,,,,,,,,,,790.0483,1803.4231,1760.46,93.52557,0,0,
4408,436.34063341881,10.655028,,,,291,,,,,,,345.90726,410.83743,282.913,452.3313,377.27887,387.4454,
4411,391.2826980405127,10.65625,,,,291,157,[M+H]+,,4,4412;4411;4414;4413,390.27558,3854.2053,5141.927,3733.5972,6299.5083,5097.993,5286.2456,
4412,429.23871741696877,10.657489,,,,291,157,[M+K]+,,3,4411;4412;4414,390.27558,185.69653,278.11728,196.4831,341.27106,284.13278,327.16617,
4413,803.5410015202455,10.65808,,,,291,157,[2M+Na]+,,2,4411;4413,390.27558,194.34361,298.53952,144.18956,422.16888,283.66104,329.54913,
4414,413.26465191461153,10.658698,,,,291,157,[M+Na]+,,3,4411;4412;4414,390.27558,8095.059,9897.677,7015.145,11614.344,9422.691,9823.783,
4417,312.32409339275586,10.661756,,,,291,,,,,,,4235.1514,4206.4263,3798.6775,3367.9812,3608.5696,3732.1992,
4407,393.24378720374654,10.668445,,,,,,,,,,,218.85272,135.18512,116.43093,513.2882,411.5305,544.4137,
4420,264.2392391559336,10.683877,,,,,,,,,,,164.93025,102.58454,36.86602,338.29688,187.05606,162.74667,
4421,263.235732121342,10.6851015,,,,290,,,,,,,1054.9755,1061.1495,1027.1282,1897.2245,1960.2245,1973.3685,
4422,295.2619061424278,10.685689,,,,290,158,[M+H]+,,2,4422;4424,294.2546,5595.3296,5370.818,5294.702,10258.04,10396.738,10448.228,
4423,245.22525194789478,10.689078,,,,290,,,,,,,262.46823,284.09113,276.55002,539.81256,548.478,554.9627,
4424,317.24378865155956,10.689372,,,,290,158,[M+Na]+,,2,4422;4424,294.2546,4571.956,4002.5803,4094.126,6658.5947,6824.4756,6908.4746,
4426,296.2652398563486,10.689958,,,,290,,,,,,,1166.5167,1100.9355,1118.4716,2051.071,2159.8635,2110.7476,
4425,395.1864271470588,10.691859,,,,,,,,,,,167.2902,136.91205,135.32822,251.957,241.1054,251.41582,
4427,524.3693208180626,10.69678,,,,290,,,,,,,9406.24,9831.534,10489.833,18395.32,18154.79,17613.188,
4428,546.351142722759,10.706944,,,,,,,,,,,230.40771,162.66907,137.96162,361.77682,344.39413,375.30652,
4433,965.6142311419555,10.73307,,,,,,,,,,,0,258.46054,254.55435,217.8196,690.51105,770.6942,
4435,439.35405078817297,10.736495,,,,,,,,,,,220.78893,211.5781,173.8352,0,0,0,
4438,613.4417530310026,10.74295,,,,,,,,,,,240.87337,183.74442,196.06471,204.70296,206.71414,228.7413,
4439,410.3848038664509,10.744166,,,,281,,,,,,,2821.6287,7835.269,3378.2578,2650.8792,1848.909,650.9935,
4437,409.381363033539,10.760681,,,,281,,,,,,,1023.0847,23225.182,10223.361,8125.0938,5535.1665,3054.5796,
4443,687.6024932381231,10.76083,,,,,,,,,,,0,333.6723,2013.8857,402.31302,57.600098,7.745899,
4460,744.5597122643959,10.764706,,,,,,,,,,,3.4573507,4.595417,12.539101,880.9469,777.63055,754.13666,
4450,411.25238308011285,10.77042,,,,285,159,[M+Na]+,,2,4450;4451,388.26321,1458.812,1206.1853,1174.4813,1187.6752,1123.9087,1208.3228,
4434,617.510478165572,10.771417,,,,,,,,,,,1558.1519,4696.9214,4580.1875,1261.2081,1163.2936,1061.4332,
4451,389.2705349020951,10.772259,,,,285,159,[M+H]+,,2,4450;4451,388.26321,808.3317,714.3635,734.27466,694.9904,725.2344,744.70905,
4458,531.2673954559758,10.782655,,,,,,,,,,,389.55576,337.7386,331.87198,705.6099,688.41974,726.09283,
4459,577.5171606188171,10.787238,,,,,,,,,,,1605.1398,1279.2473,728.32477,984.78455,1960.9736,1150.5095,
4463,313.2724729516373,10.792443,,,,283,,,,,,,1177.5618,726.84845,744.0208,1742.5479,1820.5393,1781.022,
4464,507.26748993643713,10.79554,,,,283,,,,,,,663.4985,545.65826,541.04456,1456.7573,1397.168,1509.4742,
4470,518.4913701820525,10.815175,,,,292,160,[M+H-H2O]+,,2,4470;4475,535.49465,1160.0306,20975.15,21718.105,21896.854,11172.358,10901.28,
4471,500.48092009297005,10.8170395,,,,,,,,,,,0,550.9435,524.7995,550.3355,225.36707,217.39053,
4469,559.4871622306708,10.817975,,,,292,,,,,,,28.379272,2004.5457,2039.2213,1931.546,533.2515,1028.0906,
4472,536.5019210059442,10.817988,,,,292,160,[M+H]+,,2,4472;4475,535.49465,846.2311,14069.148,14340.3125,14517.859,7575.952,7431.0527,
4474,1093.9783293389426,10.819975,,,,,,,,,,,0,236.72163,235.86188,236.24452,0,4.253969,
4475,558.483849129553,10.826911,,,,292,160,[M+Na]+,,3,4470;4472;4475,535.49465,171.45111,6361.0503,6461.8203,6026.1074,2721.9907,2864.2388,
4478,560.4923865309877,10.829686,,,,292,,,,,,,0,474.82883,429.67218,215.75456,92.308334,185.7945,
4476,369.3453580840165,10.833528,,,,292,,,,,,,708.4653,628.6385,584.03815,624.632,1946.701,893.0228,
4482,409.32761830441586,10.852509,,,,284,,,,,,,761.9067,613.34515,541.2449,656.27576,541.8211,690.79486,
4483,461.3009321291868,10.860072,,,,284,,,,,,,580.03864,534.45807,505.32968,578.6495,488.12082,525.91,
4488,360.3222660769548,10.883008,,,,293,162,[M+Na]+,,4,4497;4488;4498;4496,337.33314,18135.715,15150.357,14769.186,10121.999,9194.499,10059.869,
4489,321.31387186263265,10.884277,,,,293,,,,,,,1223.9028,1148.6182,1125.5957,817.78796,808.35126,860.6521,
4494,338.4162890188406,10.886209,,,,293,,,,,,,1241.7095,1032.798,1033.0026,511.34976,498.13977,547.7634,
4496,338.3405959597666,10.886856,,,,293,162,[M+H]+,,3,4488;4498;4496,337.33314,60400.137,57502.426,57667.086,47690.73,46788.484,48521.113,
4497,675.6740030850563,10.88684,,,,293,162,[2M+H]+,,3,4488;4497;4498,337.33314,8937.18,7762.995,7600.748,4474.0703,4444.9683,4671.4956,
4498,376.2959724166549,10.888752,,,,293,162,[M+K]+,,4,4497;4488;4498;4496,337.33314,367.365,337.19904,358.7394,241.93163,209.10358,259.37564,
4500,338.7409177258475,10.889408,,,,293,,,,,,,367.8414,327.53275,327.59964,194.62152,156.63486,218.49948,
4503,338.2811512794711,10.893832,,,,,,,,,,,428.36502,56.13336,177.54723,136.6512,363.86835,409.58337,
4504,1000.7851959510546,10.907208,,,,,,,,,,,1039.0486,852.61316,859.24493,676.3717,1041.8132,1046.323,
4505,580.5280241367174,10.933655,,,,,,,,,,,185.59492,171.44064,165.95189,0,0,0,
4508,615.4572188604503,10.939677,,,,286,,,,,,,697.8699,677.7571,945.2321,1015.4479,947.35547,929.6615,
4507,550.3850024747321,10.943447,,,,286,,,,,,,58.381042,242.90822,282.75357,597.6496,516.00085,511.53687,
4509,463.3165411441984,10.947461,,,,287,163,[M+Na]+,,2,4510;4509,440.32743,814.8814,731.0457,722.251,0,0,0,
4510,423.3242575164414,10.952495,,,,287,163,[M+H-H2O]+,,2,4510;4509,440.32743,654.3016,582.20905,568.62006,0,0,0,
