formulaRank	molecularFormula	adduct	precursorFormula	NPC#pathway	NPC#pathway Probability	NPC#superclass	NPC#superclass Probability	NPC#class	NPC#class Probability	ClassyFire#superclass	ClassyFire#superclass probability	ClassyFire#class	ClassyFire#class Probability	ClassyFire#subclass	ClassyFire#subclass Probability	ClassyFire#level 5	ClassyFire#level 5 Probability	ClassyFire#most specific class	ClassyFire#most specific class Probability	ClassyFire#all classifications	ionMass	retentionTimeInSeconds	retentionTimeInMinutes	formulaId	alignedFeatureId	compoundId	mappingFeatureId	overallFeatureQuality
3	C17H28N6O6	[M + H]+	C17H29N6O6+	Amino acids and Peptides	0.719	Small peptides	0.669	Dipeptides	0.248	Organic acids and derivatives	0.890	Carboxylic acids and derivatives	0.731	Amino acids, peptides, and analogues	0.600	Amino acids and derivatives	0.589	Amino acids and derivatives	0.589	Organic compounds; Amino acids, peptides, and analogues; Organic acids and derivatives; Carboxylic acids and derivatives; Organonitrogen compounds; Organooxygen compounds; Amino acids and derivatives; Carboxylic acid amides; Carboxylic acid derivatives; Carbonyl compounds; Amines; Primary amines; Organic oxides; Hydrocarbon derivatives; Organopnictogen compounds; Organic oxygen compounds; Organic nitrogen compounds; Chemical entities	413.211	36	0.607	816974037128036617	816973399728025968	816973399723831663	8	
1	C6H11O5P	[M + K]+	C6H11KO5P+	Fatty acids	0.822	Fatty Acids and Conjugates	0.690	Halogenated fatty acids	0.026	Lipids and lipid-like molecules	0.716	Fatty Acyls	0.620					Fatty Acyls	0.620	Organic compounds; Lipids and lipid-like molecules; Organic acids and derivatives; Carboxylic acids and derivatives; Organooxygen compounds; Organophosphorus compounds; Organic phosphonic acids and derivatives; Carboxylic acid derivatives; Monocarboxylic acids and derivatives; Carboxylic acids; Carboxylic acid esters; Carbonyl compounds; Methyl esters; Fatty Acyls; Organic oxides; Hydrocarbon derivatives; Organic oxygen compounds; Chemical entities	232.998	37	0.611	816974022372471171	816973399870632309	816973399866438004	13	
1	C12H6O7	[M + K]+	C12H6KO7+	Shikimates and Phenylpropanoids	0.614	Naphthalenes	0.461	Naphthoquinones	0.535	Benzenoids	0.981	Phenols	0.568	1-hydroxy-2-unsubstituted benzenoids	0.508			1-hydroxy-2-unsubstituted benzenoids	0.508	Organic compounds; Organoheterocyclic compounds; Pyrans; Phenols; Ethers; Organic acids and derivatives; Carboxylic acids and derivatives; Organooxygen compounds; Pyranones and derivatives; Benzenoids; Organic oxides; Oxacyclic compounds; Hydrocarbon derivatives; Organic oxygen compounds; 1-hydroxy-2-unsubstituted benzenoids; Chemical entities	300.973	37	0.612	816974031184706091	816973399983878522	816973399983878521	17	
1	C7H13O5P	[M + K]+	C7H13KO5P+	Fatty acids	0.911	Fatty Acids and Conjugates	0.720	Halogenated fatty acids	0.014	Lipids and lipid-like molecules	0.548							Lipids and lipid-like molecules	0.548	Organic compounds; Lipids and lipid-like molecules; Organic acids and derivatives; Carboxylic acids and derivatives; Organooxygen compounds; Organophosphorus compounds; Monocarboxylic acids and derivatives; Carboxylic acids; Carbonyl compounds; Organic oxides; Hydrocarbon derivatives; Organic oxygen compounds; Chemical entities	247.014	37	0.618	816974067574497519	816973400092930431	816973400088736126	48	
10	C9H13Cl3N2O2S3	[M + H]+	C9H14Cl3N2O2S3+	Fatty acids	0.230	Oligopeptides	0.383	Primary amides	0.056	Organic acids and derivatives	0.984	Carboxylic acids and derivatives	0.937	Carboxylic acid derivatives	0.896	Carboxylic acid amides	0.822	Secondary carboxylic acid amides	0.536	Organic compounds; Organoheterocyclic compounds; Organosulfur compounds; Organic acids and derivatives; Carboxylic acids and derivatives; Organohalogen compounds; Organonitrogen compounds; Organooxygen compounds; Carboxylic acid amides; Alkyl chlorides; Carboxylic acid derivatives; Organochlorides; Secondary carboxylic acid amides; Carbonyl compounds; Organic disulfides; Alkyl halides; Sulfenyl compounds; Organic oxides; Azacyclic compounds; Hydrocarbon derivatives; Organopnictogen compounds; Organic oxygen compounds; Organic nitrogen compounds; Chemical entities	382.927	37	0.618	816974094527097454	816973400201982340	816973400201982339	49	
2	C13H12O9S2	[M + K]+	C13H12KO9S2+	Polyketides	0.290	Phenolic acids (C6-C1)	0.439	Simple phenolic acids	0.356	Organic acids and derivatives	0.988	Carboxylic acids and derivatives	0.941	Dicarboxylic acids and derivatives	0.506			Dicarboxylic acids and derivatives	0.506	Organic compounds; Organosulfur compounds; Organic acids and derivatives; Carboxylic acids and derivatives; Organooxygen compounds; Dicarboxylic acids and derivatives; Carboxylic acid derivatives; Carboxylic acids; Carboxylic acid esters; Carbonyl compounds; Sulfenyl compounds; Organic oxides; Hydrocarbon derivatives; Organic oxygen compounds; Chemical entities	414.953	37	0.620	816974084230080647	816973400281674121	816973400277479816	61	
1	C15H30N2O9	[M + H]+	C15H31N2O9+	Carbohydrates	0.999	Aminosugars and aminoglycosides	0.921	Amino cyclitols	0.729	Organic oxygen compounds	1.000	Organooxygen compounds	1.000	Carbohydrates and carbohydrate conjugates	0.960	Aminosaccharides	0.826	2-deoxystreptamine aminoglycosides	0.662	Organic compounds; Organoheterocyclic compounds; Carbohydrates and carbohydrate conjugates; Alcohols and polyols; Ethers; Organic acids and derivatives; Organonitrogen compounds; Aminoglycosides; Primary alcohols; Organooxygen compounds; Monoalkylamines; Carboxylic acids; Cyclic alcohols and derivatives; Monosaccharides; Acetals; Secondary alcohols; Aminocyclitol glycosides; 1,2-aminoalcohols; Oxanes; Glycosyl compounds; O-glycosyl compounds; Dialkylamines; Polyols; Amines; Secondary amines; Alkanolamines; Cyclitols and derivatives; Aminocyclitols and derivatives; Cyclohexanols; Cyclohexylamines; Aminosaccharides; 2-deoxystreptamine aminoglycosides; Organic oxides; Oxacyclic compounds; Hydrocarbon derivatives; Organopnictogen compounds; Organic oxygen compounds; Organic nitrogen compounds; Chemical entities	383.201	37	0.621	816974035907493791	816973400361365902	816973400361365901	69	
1	C10H22N2O5	[M + H]+	C10H23N2O5+	Amino acids and Peptides	0.803	Small peptides	0.718	Aminoacids	0.347	Organic acids and derivatives	0.973	Carboxylic acids and derivatives	0.973	Amino acids, peptides, and analogues	0.765	Amino acids and derivatives	0.763	Amino acids	0.821	Organic compounds; Lipids and lipid-like molecules; Amino acids, peptides, and analogues; Alcohols and polyols; Fatty acids and conjugates; Organic acids and derivatives; Carboxylic acids and derivatives; Organonitrogen compounds; Primary alcohols; Organooxygen compounds; Branched fatty acids; Hydroxy fatty acids; Amino acids and derivatives; Monoalkylamines; Amino fatty acids; Monocarboxylic acids and derivatives; Carboxylic acids; Secondary alcohols; Carbonyl compounds; Amines; Primary amines; Alkanolamines; Medium-chain fatty acids; Fatty Acyls; Organic oxides; Hydrocarbon derivatives; Amino acids; Organopnictogen compounds; Organic oxygen compounds; Organic nitrogen compounds; Chemical entities	251.159	37	0.621	816974026235426191	816973400441057683	816973400436863378	70	
1	C9H24N2OSi2	[M + H]+	C9H25N2OSi2+	Alkaloids	0.455	Pseudoalkaloids (transamidation)	0.219	Polyamines	0.103	Organic nitrogen compounds	0.996	Organonitrogen compounds	0.991	Amines	0.880	Primary amines	0.875	Monoalkylamines	0.892	Organic compounds; Organonitrogen compounds; Organooxygen compounds; Monoalkylamines; Amines; Primary amines; Organic oxides; Hydrocarbon derivatives; Organopnictogen compounds; Organic oxygen compounds; Organic nitrogen compounds; Chemical entities	233.148	38	0.626	816974019008638261	816973400621412765	816973400621412764	80	
2	C9H20N2O4	[M + H]+	C9H21N2O4+	Amino acids and Peptides	0.950	Small peptides	0.964	Aminoacids	0.753	Organic acids and derivatives	1.000	Carboxylic acids and derivatives	0.999	Amino acids, peptides, and analogues	0.951	Amino acids and derivatives	0.951	Amino acids	0.875	Organic compounds; Lipids and lipid-like molecules; Amino acids, peptides, and analogues; Fatty acids and conjugates; Organic acids and derivatives; Carboxylic acids and derivatives; Organonitrogen compounds; Organooxygen compounds; Amino acids and derivatives; Monoalkylamines; Carboxylic acid amides; Amino fatty acids; Carboxylic acid derivatives; Monocarboxylic acids and derivatives; Carboxylic acids; Secondary carboxylic acid amides; Carbonyl compounds; Amines; Primary amines; Medium-chain fatty acids; Fatty Acyls; Organic oxides; Hydrocarbon derivatives; Amino acids; Organopnictogen compounds; Organic oxygen compounds; Organic nitrogen compounds; Chemical entities	221.149	38	0.632	816974026583553555	816973400717881762	816973400717881761	86	
2	C11H19N3O5	[M + H]+	C11H20N3O5+	Carbohydrates	0.861	Nucleosides	0.597	Pyrimidine nucleosides	0.306	Organic oxygen compounds	1.000	Organooxygen compounds	0.999	Carbohydrates and carbohydrate conjugates	0.906	Glycosyl compounds	0.704	Glycosyl compounds	0.704	Organic compounds; Organoheterocyclic compounds; Carbohydrates and carbohydrate conjugates; Pyrimidines and pyrimidine derivatives; Alcohols and polyols; Organonitrogen compounds; Primary alcohols; Organooxygen compounds; Aminopyrimidines and derivatives; Diazines; Monosaccharides; Secondary alcohols; Glycosyl compounds; Polyols; Amines; Primary amines; Azacyclic compounds; Oxacyclic compounds; Heteroaromatic compounds; Hydrocarbon derivatives; Organopnictogen compounds; Organic oxygen compounds; Organic nitrogen compounds; Chemical entities	274.138	38	0.637	816974016911485482	816973400814350759	816973400810156454	92	
2	C11H22N4O2	[M + Na]+	C11H22N4NaO2+	Alkaloids	0.573	Small peptides	0.684	Dipeptides	0.316	Organic acids and derivatives	0.688	Carboxylic acids and derivatives	0.585					Carboxylic acids and derivatives	0.585	Organic compounds; Organic acids and derivatives; Carboxylic acids and derivatives; Organonitrogen compounds; Organooxygen compounds; Carbonyl compounds; Amines; Primary amines; Organic oxides; Hydrocarbon derivatives; Organopnictogen compounds; Organic oxygen compounds; Organic nitrogen compounds; Chemical entities	265.161	39	0.644	816974040839996742	816973400894042540	816973400894042539	96	
1	C10H22N2O4	[M + H]+	C10H23N2O4+	Amino acids and Peptides	0.927	Small peptides	0.932	Aminoacids	0.713	Organic acids and derivatives	1.000	Carboxylic acids and derivatives	0.999	Amino acids, peptides, and analogues	0.926	Amino acids and derivatives	0.925	Amino acids	0.943	Organic compounds; Lipids and lipid-like molecules; Amino acids, peptides, and analogues; Fatty acids and conjugates; Organic acids and derivatives; Carboxylic acids and derivatives; Organonitrogen compounds; Organooxygen compounds; Hydroxy fatty acids; Amino acids and derivatives; Monoalkylamines; Amino fatty acids; Monocarboxylic acids and derivatives; Carboxylic acids; Carbonyl compounds; Amines; Primary amines; Medium-chain fatty acids; Fatty Acyls; Organic oxides; Hydrocarbon derivatives; Amino acids; Organopnictogen compounds; Organic oxygen compounds; Organic nitrogen compounds; Chemical entities	235.164	39	0.646	816974034095553921	816973400986317233	816973400982122928	98	
4	C13H20N4S	[M + H]+	C13H21N4S+	Alkaloids	0.543	Histidine alkaloids	0.230	Imidazole alkaloids	0.231	Organoheterocyclic compounds	0.971	Diazines	0.549	Pyrimidines and pyrimidine derivatives	0.560			Pyrimidines and pyrimidine derivatives	0.560	Organic compounds; Organoheterocyclic compounds; Organosulfur compounds; Pyrimidines and pyrimidine derivatives; Organonitrogen compounds; Thioethers; Diazines; Sulfenyl compounds; Azacyclic compounds; Heteroaromatic compounds; Hydrocarbon derivatives; Organopnictogen compounds; Organic nitrogen compounds; Chemical entities	265.147	39	0.649	816974018748591315	816973401091174838	816973401091174837	99	
1	C12H24N2O7	[M + H]+	C12H25N2O7+	Amino acids and Peptides	0.790	Aminosugars and aminoglycosides	0.707	Aminoacids	0.664	Organic acids and derivatives	0.968	Carboxylic acids and derivatives	0.971	Amino acids, peptides, and analogues	0.957	Amino acids and derivatives	0.958	Alpha amino acids	0.895	Organic compounds; Carbohydrates and carbohydrate conjugates; Lipids and lipid-like molecules; Amino acids, peptides, and analogues; Alpha amino acids and derivatives; Alcohols and polyols; Ethers; Fatty acids and conjugates; Organic acids and derivatives; Carboxylic acids and derivatives; Organonitrogen compounds; Primary alcohols; Organooxygen compounds; Hydroxy fatty acids; Amino acids and derivatives; Monoalkylamines; Amino fatty acids; Monocarboxylic acids and derivatives; Carboxylic acids; Monosaccharides; Secondary alcohols; Carbonyl compounds; Polyols; Alpha amino acids; Amines; Primary amines; Medium-chain fatty acids; Fatty Acyls; Organic oxides; Oxacyclic compounds; Hydrocarbon derivatives; Amino acids; Organopnictogen compounds; Organic oxygen compounds; Organic nitrogen compounds; Chemical entities	309.164	39	0.652	816974017305750250	816973401175060923	816973401175060922	100	
2	C12H18N6O3	[M + H]+	C12H19N6O3+	Carbohydrates	0.966	Nucleosides	0.980	Purine nucleosides	0.983	Organic acids and derivatives	0.959	Carboxylic acids and derivatives	0.943	Amino acids, peptides, and analogues	0.941	Amino acids and derivatives	0.941	Alpha amino acids	0.833	Organic compounds; Organoheterocyclic compounds; Carbohydrates and carbohydrate conjugates; Amino acids, peptides, and analogues; Alpha amino acids and derivatives; Pyrimidines and pyrimidine derivatives; Imidazoles; Alcohols and polyols; Purines and purine derivatives; Organic acids and derivatives; Carboxylic acids and derivatives; Organonitrogen compounds; Nucleosides, nucleotides, and analogues; Organooxygen compounds; Amino acids and derivatives; Azoles; Monoalkylamines; Monocarboxylic acids and derivatives; Carboxylic acids; Aminopyrimidines and derivatives; Diazines; Secondary alcohols; Imidazopyrimidines; Carbonyl compounds; Glycosyl compounds; Glycosylamines; Substituted imidazoles; N-substituted imidazoles; Alpha amino acids; Amines; Primary amines; 6-aminopurines; 6-alkylaminopurines; Imidolactams; Organic oxides; Azacyclic compounds; Oxacyclic compounds; Heteroaromatic compounds; Hydrocarbon derivatives; Amino acids; Organopnictogen compounds; Organic oxygen compounds; Organic nitrogen compounds; Chemical entities	295.149	39	0.653	816974023416853105	816973401242169792	816973401237975487	101	
3	C15H7Cl7O4	[M + Na]+	C15H7Cl7NaO4+	Polyketides	0.724	Coumarins	0.187	Anthraquinones and anthrones	0.181	Benzenoids	0.977	Benzene and substituted derivatives	0.610	Benzoic acids and derivatives	0.488	Halobenzoic acids and derivatives	0.492	2-halobenzoic acids and derivatives	0.576	Organic compounds; Organic acids and derivatives; Carboxylic acids and derivatives; Organohalogen compounds; Organooxygen compounds; Aryl chlorides; Carboxylic acid derivatives; Organochlorides; Benzene and substituted derivatives; Benzenoids; Aryl halides; Vinyl halides; 2-halobenzoic acids and derivatives; Vinylogous halides; Organic oxides; Hydrocarbon derivatives; Organic oxygen compounds; Chemical entities	518.806	40	0.667	816974014701086314	816973401313472965	816973401313472964	114	
6	C13H20FN4O7PS	[M + K]+	C13H20FKN4O7PS+	Carbohydrates	0.959	Nucleosides	0.942	Purine nucleotides	0.103	Organic acids and derivatives	0.941	Carboxylic acids and derivatives	0.641	Amino acids, peptides, and analogues	0.668	Amino acids and derivatives	0.669	Amino acids and derivatives	0.669	Organic compounds; Organoheterocyclic compounds; Organosulfur compounds; Amino acids, peptides, and analogues; Pyrimidines and pyrimidine derivatives; Imidazoles; Purines and purine derivatives; Organic acids and derivatives; Carboxylic acids and derivatives; Organohalogen compounds; Organonitrogen compounds; Nucleosides, nucleotides, and analogues; Organooxygen compounds; Amino acids and derivatives; Organic phosphoric acids and derivatives; Phosphate esters; Azoles; Alkyl fluorides; Monocarboxylic acids and derivatives; Diazines; Organofluorides; Imidazopyrimidines; Carbonyl compounds; Glycosyl compounds; Glycosylamines; Substituted imidazoles; N-substituted imidazoles; Amines; Primary amines; Alkyl halides; Organic oxides; Azacyclic compounds; Oxacyclic compounds; Heteroaromatic compounds; Hydrocarbon derivatives; 5'-deoxyribonucleosides; Organopnictogen compounds; Organic oxygen compounds; Organic nitrogen compounds; Chemical entities	465.039	44	0.727	816974019126078847	816973402206859767	816973402206859766	226	
1	C5H12N2O4	[M + K]+	C5H12KN2O4+	Amino acids and Peptides	1.000	Small peptides	1.000	Aminoacids	1.000	Organic acids and derivatives	1.000	Carboxylic acids and derivatives	1.000	Amino acids, peptides, and analogues	0.998	Amino acids and derivatives	0.998	Alpha amino acids	0.976	Organic compounds; Lipids and lipid-like molecules; Amino acids, peptides, and analogues; Alpha amino acids and derivatives; Fatty acids and conjugates; Organic acids and derivatives; Carboxylic acids and derivatives; Organonitrogen compounds; Organooxygen compounds; Dicarboxylic acids and derivatives; Amino acids and derivatives; Monoalkylamines; Monocarboxylic acids and derivatives; Carboxylic acids; Carbonyl compounds; Alpha amino acids; Amines; Primary amines; Fatty Acyls; Organic oxides; Hydrocarbon derivatives; Amino acids; Organopnictogen compounds; Organic oxygen compounds; Organic nitrogen compounds; Chemical entities	203.044	44	0.741	816974024339600218	816973402374631937	816973402374631936	235	
1	C10H19NO7	[M + H]+	C10H20NO7+	Carbohydrates	0.908	Aminosugars and aminoglycosides	0.907	Aminosugars	0.919	Organic oxygen compounds	1.000	Organooxygen compounds	1.000	Carbohydrates and carbohydrate conjugates	0.916	Monosaccharides	0.775	Monosaccharides	0.775	Organic compounds; Organoheterocyclic compounds; Carbohydrates and carbohydrate conjugates; Alcohols and polyols; Organic acids and derivatives; Carboxylic acids and derivatives; Organonitrogen compounds; Primary alcohols; Organooxygen compounds; Carboxylic acid amides; Carboxylic acid derivatives; Monocarboxylic acids and derivatives; Carboxylic acids; Monosaccharides; Secondary alcohols; Secondary carboxylic acid amides; Carbonyl compounds; Oxanes; Polyols; Amines; Organic oxides; Oxacyclic compounds; Hydrocarbon derivatives; Organopnictogen compounds; Organic oxygen compounds; Organic nitrogen compounds; Chemical entities	266.122	46	0.770	816974014650754627	816973403104440883	816973403104440882	270	
1	C8H8N6O5	[M + Na]+	C8H8N6NaO5+	Alkaloids	0.500	Small peptides	0.325	Purine alkaloids	0.337	Organic 1,3-dipolar compounds	0.986	Allyl-type 1,3-dipolar organic compounds	0.987	Organic nitro compounds	0.988	C-nitro compounds	0.984	Nitroaromatic compounds	0.975	Organic compounds; Organoheterocyclic compounds; Imidazoles; Organic acids and derivatives; Carboxylic acids and derivatives; Organonitrogen compounds; Organooxygen compounds; Azoles; Monocarboxylic acids and derivatives; Organic nitro compounds; Organic oxoazanium compounds; Substituted imidazoles; N-substituted imidazoles; Organic zwitterions; Organic 1,3-dipolar compounds; Allyl-type 1,3-dipolar organic compounds; Propargyl-type 1,3-dipolar organic compounds; Organic oxides; C-nitro compounds; Azacyclic compounds; Heteroaromatic compounds; Hydrocarbon derivatives; Organopnictogen compounds; Organic oxygen compounds; Nitroaromatic compounds; Organic nitrogen compounds; Chemical entities	291.047	48	0.802	816974010351591191	816973403674866267	816973403674866266	301	
1	C5H12O11	[M + H]+	C5H13O11+	Carbohydrates	0.926	Saccharides	0.915	Monosaccharides	0.571	Organic oxygen compounds	1.000	Organooxygen compounds	1.000	Carbohydrates and carbohydrate conjugates	0.968	Monosaccharides	0.893	Monosaccharides	0.893	Organic compounds; Carbohydrates and carbohydrate conjugates; Alcohols and polyols; Ethers; Organic acids and derivatives; Primary alcohols; Organooxygen compounds; Monosaccharides; Secondary alcohols; Carbonyl compounds; Sugar alcohols; Polyols; Organic oxides; Hydrocarbon derivatives; Organic oxygen compounds; Chemical entities	249.042	50	0.826	816974011135926316	816973403830055525	816973403830055524	306	
2	C5H5N5	[M + H]+	C5H6N5+	Alkaloids	0.996	Pseudoalkaloids (transamidation)	0.633	Purine alkaloids	0.608	Organoheterocyclic compounds	1.000	Imidazopyrimidines	0.977	Purines and purine derivatives	0.978	6-aminopurines	0.897	6-aminopurines	0.897	Organic compounds; Organoheterocyclic compounds; Pyrimidines and pyrimidine derivatives; Imidazoles; Purines and purine derivatives; Organonitrogen compounds; Azoles; Aminopyrimidines and derivatives; Diazines; Imidazopyrimidines; Amines; Primary amines; 6-aminopurines; Imidolactams; Azacyclic compounds; Heteroaromatic compounds; Hydrocarbon derivatives; Organopnictogen compounds; Organic nitrogen compounds; Chemical entities	136.061	51	0.855	816974023005811218	816973403964273263	816973403960078958	287	
2	C11H22O11S2	[M + H]+	C11H23O11S2+	Carbohydrates	0.321	Amino acid glycosides	0.876	Glucosinolates	0.569	Organic oxygen compounds	1.000	Organooxygen compounds	0.999	Carbohydrates and carbohydrate conjugates	0.980	Monosaccharides	0.952	Hexoses	0.832	Organic compounds; Organoheterocyclic compounds; Organosulfur compounds; Carbohydrates and carbohydrate conjugates; Alcohols and polyols; Organic acids and derivatives; Primary alcohols; Organooxygen compounds; Organic sulfuric acids and derivatives; Thioacetals; Hexoses; Monosaccharides; Secondary alcohols; Oxanes; Glycosyl compounds; Monothioacetals; Thioglycosides; Polyols; Sulfenyl compounds; Organic oxides; Oxacyclic compounds; Hydrocarbon derivatives; Organic oxygen compounds; Chemical entities	395.066	52	0.870	816974026457724387	816973404039770740	816973404039770739	317	
3	C14H20O11S	[M + H]+	C14H21O11S+	Shikimates and Phenylpropanoids	0.337	Amino acid glycosides	0.813	Glucosinolates	0.184	Organic oxygen compounds	1.000	Organooxygen compounds	1.000	Carbohydrates and carbohydrate conjugates	0.974	Monosaccharides	0.954	Hexoses	0.694	Organic compounds; Organoheterocyclic compounds; Organosulfur compounds; Carbohydrates and carbohydrate conjugates; Alcohols and polyols; Ethers; Organic acids and derivatives; Primary alcohols; Organooxygen compounds; Organic sulfuric acids and derivatives; Thioacetals; Hexoses; Monosaccharides; Secondary alcohols; Oxanes; Glycosyl compounds; Monothioacetals; Thioglycosides; Benzene and substituted derivatives; Polyols; Benzenoids; Sulfenyl compounds; Sulfuric acid esters; Organic oxides; Oxacyclic compounds; Hydrocarbon derivatives; Organic oxygen compounds; Chemical entities	397.076	52	0.872	816974060863609246	816973404123656825	816973404123656824	312	
2	C5H5N5O	[M + H]+	C5H6N5O+	Alkaloids	0.983	Pseudoalkaloids (transamidation)	0.883	Purine alkaloids	0.962	Organoheterocyclic compounds	0.999	Imidazopyrimidines	0.881	Purines and purine derivatives	0.651			Purines and purine derivatives	0.651	Organic compounds; Organoheterocyclic compounds; Pyrimidines and pyrimidine derivatives; Imidazoles; Purines and purine derivatives; Organic acids and derivatives; Organonitrogen compounds; Pyrimidones; Organooxygen compounds; Azoles; Aminopyrimidines and derivatives; Diazines; Imidazopyrimidines; Amines; Primary amines; Vinylogous amides; Organic oxides; Azacyclic compounds; Heteroaromatic compounds; Hydrocarbon derivatives; Organopnictogen compounds; Organic oxygen compounds; Organic nitrogen compounds; Chemical entities	152.056	53	0.877	816974014432650717	816973404274651779	816973404266263170	315	
2	C11H21NO7	[M + H]+	C11H22NO7+	Carbohydrates	0.537	Aminosugars and aminoglycosides	0.392	Aminosugars	0.600	Organic acids and derivatives	0.989	Carboxylic acids and derivatives	0.992	Amino acids, peptides, and analogues	0.960	Amino acids and derivatives	0.960	Alpha amino acids	0.842	Organic compounds; Organoheterocyclic compounds; Carbohydrates and carbohydrate conjugates; Lipids and lipid-like molecules; Amino acids, peptides, and analogues; Alpha amino acids and derivatives; Alcohols and polyols; Fatty acids and conjugates; Organic acids and derivatives; Carboxylic acids and derivatives; Organonitrogen compounds; Primary alcohols; Organooxygen compounds; Hydroxy fatty acids; Amino acids and derivatives; Hydroxy acids and derivatives; Monocarboxylic acids and derivatives; Carboxylic acids; Monosaccharides; Secondary alcohols; Carbonyl compounds; C-glycosyl compounds; Dialkylamines; Polyols; Alpha amino acids; Amines; Secondary amines; Alkanolamines; Fatty Acyls; Organic oxides; Oxacyclic compounds; Hydrocarbon derivatives; Amino acids; Organopnictogen compounds; Organic oxygen compounds; Organic nitrogen compounds; Chemical entities	280.137	54	0.902	816974013270827947	816973404492755602	816973404484366993	325	
1	C10H22N2O5	[M + H]+	C10H23N2O5+	Amino acids and Peptides	0.958	Small peptides	0.954	Aminoacids	0.860	Organic acids and derivatives	1.000	Carboxylic acids and derivatives	1.000	Amino acids, peptides, and analogues	0.965	Amino acids and derivatives	0.965	Amino acids	0.963	Organic compounds; Lipids and lipid-like molecules; Amino acids, peptides, and analogues; Alcohols and polyols; Fatty acids and conjugates; Organic acids and derivatives; Carboxylic acids and derivatives; Organonitrogen compounds; Organooxygen compounds; Branched fatty acids; Hydroxy fatty acids; Amino acids and derivatives; Monoalkylamines; Hydroxy acids and derivatives; Amino fatty acids; Monocarboxylic acids and derivatives; Carboxylic acids; Carbonyl compounds; Amines; Primary amines; Medium-chain fatty acids; Fatty Acyls; Organic oxides; Hydrocarbon derivatives; Amino acids; Organopnictogen compounds; Organic oxygen compounds; Organic nitrogen compounds; Chemical entities	251.159	54	0.903	816974021311311919	816973404606001815	816973404601807510	326	
1	C8H8N6O5	[M + Na]+	C8H8N6NaO5+	Alkaloids	0.571	Small peptides	0.318	Purine alkaloids	0.326	Organic 1,3-dipolar compounds	0.992	Allyl-type 1,3-dipolar organic compounds	0.993	Organic nitro compounds	0.994	C-nitro compounds	0.992	Nitroaromatic compounds	0.987	Organic compounds; Organoheterocyclic compounds; Imidazoles; Organic acids and derivatives; Carboxylic acids and derivatives; Organonitrogen compounds; Organooxygen compounds; Azoles; Organic nitro compounds; Organic oxoazanium compounds; Substituted imidazoles; Organic zwitterions; Organic 1,3-dipolar compounds; Allyl-type 1,3-dipolar organic compounds; Propargyl-type 1,3-dipolar organic compounds; Organic oxides; C-nitro compounds; Azacyclic compounds; Heteroaromatic compounds; Hydrocarbon derivatives; Organopnictogen compounds; Organic oxygen compounds; Nitroaromatic compounds; Organic nitrogen compounds; Chemical entities	291.047	54	0.908	816974011165286465	816973404681499292	816973404681499291	336	
8	C14H22N4O3S	[M + K]+	C14H22KN4O3S+	Amino acids and Peptides	0.467	Oligopeptides	0.174	Cyclamides	0.432	Organoheterocyclic compounds	0.958	Azoles	0.554					Azoles	0.554	Organic compounds; Organoheterocyclic compounds; Organosulfur compounds; Organic acids and derivatives; Organonitrogen compounds; Organooxygen compounds; Azoles; Thioethers; Sulfenyl compounds; Organic oxides; Azacyclic compounds; Heteroaromatic compounds; Hydrocarbon derivatives; Organopnictogen compounds; Organic oxygen compounds; Organic nitrogen compounds; Chemical entities	365.104	56	0.928	816974041062294941	816973404832494246	816973404832494245	338	
1	C5H4N4O	[M + H]+	C5H5N4O+	Alkaloids	0.949	Pseudoalkaloids (transamidation)	0.860	Purine alkaloids	0.958	Organoheterocyclic compounds	1.000	Imidazopyrimidines	0.944	Purines and purine derivatives	0.933	Purinones	0.899	6-oxopurines	0.786	Organic compounds; Organoheterocyclic compounds; Pyrimidines and pyrimidine derivatives; Imidazoles; Purines and purine derivatives; Hypoxanthines; Organic acids and derivatives; Organonitrogen compounds; Pyrimidones; Organooxygen compounds; Azoles; Purinones; Diazines; 6-oxopurines; Imidazopyrimidines; Vinylogous amides; Organic oxides; Azacyclic compounds; Heteroaromatic compounds; Hydrocarbon derivatives; Organopnictogen compounds; Organic oxygen compounds; Organic nitrogen compounds; Chemical entities	137.045	57	0.952	816974042744211344	816973405092541109	816973405092541108	347	
1	C9H11NO3	[M + H]+	C9H12NO3+	Amino acids and Peptides	1.000	Small peptides	1.000	Aminoacids	1.000	Organic acids and derivatives	1.000	Carboxylic acids and derivatives	1.000	Amino acids, peptides, and analogues	0.999	Amino acids and derivatives	0.999	Tyrosine and derivatives	0.802	Organic compounds; Amino acids, peptides, and analogues; Alpha amino acids and derivatives; Phenols; Phenethylamines; Amphetamines and derivatives; Phenylpropanoids and polyketides; Organic acids and derivatives; Carboxylic acids and derivatives; Organonitrogen compounds; Organooxygen compounds; Amino acids and derivatives; Monoalkylamines; Monocarboxylic acids and derivatives; Carboxylic acids; Carbonyl compounds; Benzene and substituted derivatives; Alpha amino acids; Benzenoids; Amines; Primary amines; Phenylpropanoic acids; Aralkylamines; Organic oxides; Hydrocarbon derivatives; Amino acids; Tyrosine and derivatives; Phenylalanine and derivatives; Organopnictogen compounds; Organic oxygen compounds; 1-hydroxy-2-unsubstituted benzenoids; Organic nitrogen compounds; Chemical entities	182.080	58	0.963	816974017406413596	816973405264507583	816973405264507582	352	
8	C10H10N4O8	[M + K]+	C10H10KN4O8+	Carbohydrates	0.916	Nucleosides	0.633	Pyrimidine nucleosides	0.373	Benzenoids	0.809	Benzene and substituted derivatives	0.657	Nitrobenzenes	0.549			Nitrobenzenes	0.549	Organic compounds; Organoheterocyclic compounds; Nitrobenzenes; Alcohols and polyols; Organic acids and derivatives; Organonitrogen compounds; Organooxygen compounds; Organic nitro compounds; Organic oxoazanium compounds; Benzene and substituted derivatives; Benzenoids; Organic 1,3-dipolar compounds; Allyl-type 1,3-dipolar organic compounds; Propargyl-type 1,3-dipolar organic compounds; Vinylogous amides; Organic oxides; C-nitro compounds; Azacyclic compounds; Hydrocarbon derivatives; Organopnictogen compounds; Organic oxygen compounds; Nitroaromatic compounds; Organic nitrogen compounds; Chemical entities	353.015	58	0.968	816974067087958035	816973405436474057	816973405436474056	354	
4	C15H21NO8	[M + H]+	C15H22NO8+	Amino acids and Peptides	0.702	Small peptides	0.217	Phenylethylamines	0.141	Organic acids and derivatives	0.996	Carboxylic acids and derivatives	0.994	Amino acids, peptides, and analogues	0.988	Amino acids and derivatives	0.988	Tyrosine and derivatives	0.786	Organic compounds; Organoheterocyclic compounds; Carbohydrates and carbohydrate conjugates; Amino acids, peptides, and analogues; Alpha amino acids and derivatives; Alcohols and polyols; Phenols; Phenethylamines; Amphetamines and derivatives; Phenylpropanoids and polyketides; Organic acids and derivatives; Carboxylic acids and derivatives; Organonitrogen compounds; Primary alcohols; Organooxygen compounds; Amino acids and derivatives; Monocarboxylic acids and derivatives; Carboxylic acids; Hexoses; Monosaccharides; Secondary alcohols; Carbonyl compounds; Oxanes; Glycosyl compounds; Dialkylamines; Benzene and substituted derivatives; Polyols; Alpha amino acids; Benzenoids; Amines; Secondary amines; Phenylpropanoic acids; Aralkylamines; Organic oxides; Oxacyclic compounds; Hydrocarbon derivatives; Amino acids; Tyrosine and derivatives; Phenylalanine and derivatives; Organopnictogen compounds; Organic oxygen compounds; 1-hydroxy-2-unsubstituted benzenoids; Organic nitrogen compounds; Chemical entities	344.133	60	0.995	816974024775808007	816973405725881053	816973405725881052	363	
2	C5H4N4O2	[M + H]+	C5H5N4O2+	Alkaloids	0.998	Pseudoalkaloids (transamidation)	0.999	Purine alkaloids	1.000	Organoheterocyclic compounds	1.000	Imidazopyrimidines	0.958	Purines and purine derivatives	0.955	Xanthines	0.954	Xanthines	0.954	Organic compounds; Organoheterocyclic compounds; Pyrimidines and pyrimidine derivatives; Imidazoles; Lactams; Purines and purine derivatives; Xanthines; Organic acids and derivatives; Organonitrogen compounds; Alkaloids and derivatives; Pyrimidones; Organooxygen compounds; Organic carbonic acids and derivatives; Azoles; Ureas; Purinones; Diazines; 6-oxopurines; Imidazopyrimidines; Vinylogous amides; Organic oxides; Azacyclic compounds; Heteroaromatic compounds; Hydrocarbon derivatives; Organopnictogen compounds; Organic oxygen compounds; Organic nitrogen compounds; Chemical entities	153.040	60	0.996	816974025849550113	816973405797184226	816973405792989921	364	
3	C7H14N2O7S	[M + Na]+	C7H14N2NaO7S+	Amino acids and Peptides	0.957	Small peptides	0.897	Aminoacids	0.210	Organic acids and derivatives	0.987	Carboxylic acids and derivatives	0.938	Amino acids, peptides, and analogues	0.742	Amino acids and derivatives	0.736	Alpha amino acids	0.649	Organic compounds; Organosulfur compounds; Lipids and lipid-like molecules; Amino acids, peptides, and analogues; Alpha amino acids and derivatives; Fatty acids and conjugates; Organic acids and derivatives; Carboxylic acids and derivatives; Organonitrogen compounds; Organooxygen compounds; Amino acids and derivatives; Monoalkylamines; Sulfonyls; Carboxylic acids; Carbonyl compounds; Alpha amino acids; Amines; Primary amines; Fatty Acyls; Organic oxides; Hydrocarbon derivatives; Amino acids; Organopnictogen compounds; Organic oxygen compounds; Organic nitrogen compounds; Chemical entities	293.044	60	0.998	816974012843008735	816973405872681703	816973405872681702	367	
3	C10H12N2O2S	[M + Na]+	C10H12N2NaO2S+	Alkaloids	0.388	Nicotinic acid alkaloids	0.446	Pyridine alkaloids	0.445	Organic acids and derivatives	0.579	Carboxylic acids and derivatives	0.529					Carboxylic acids and derivatives	0.529	Organic compounds; Organoheterocyclic compounds; Organosulfur compounds; Organic acids and derivatives; Carboxylic acids and derivatives; Organonitrogen compounds; Organooxygen compounds; Carbonyl compounds; Organic oxides; Hydrocarbon derivatives; Organopnictogen compounds; Organic oxygen compounds; Organic nitrogen compounds; Chemical entities	247.050	60	1.007	816974008099249097	816973405985927916	816973405981733611	358	
5	C11H6F2N2OS	[M + K]+	C11H6F2KN2OS+	Alkaloids	0.873	Nicotinic acid alkaloids	0.319	Pyridine alkaloids	0.320	Organosulfur compounds	0.731	Thioethers	0.495	Aryl thioethers	0.536			Aryl thioethers	0.536	Organic compounds; Organoheterocyclic compounds; Organosulfur compounds; Halobenzenes; Organohalogen compounds; Organonitrogen compounds; Organooxygen compounds; Aryl fluorides; Fluorobenzenes; Organofluorides; Benzene and substituted derivatives; Benzenoids; Aryl halides; Azacyclic compounds; Heteroaromatic compounds; Hydrocarbon derivatives; Organopnictogen compounds; Organic oxygen compounds; Aryl thioethers; Organic nitrogen compounds; Chemical entities	290.979	61	1.017	816974011861541277	816973406078202609	816973406074008304	378	
3	C8H13O6P	[M + K]+	C8H13KO6P+	Fatty acids	0.960	Fatty Acids and Conjugates	0.760	Dicarboxylic acids	0.533	Organic acids and derivatives	1.000	Carboxylic acids and derivatives	0.998	Dicarboxylic acids and derivatives	0.824			Dicarboxylic acids and derivatives	0.824	Organic compounds; Lipids and lipid-like molecules; Organic acids and derivatives; Carboxylic acids and derivatives; Organooxygen compounds; Dicarboxylic acids and derivatives; Organophosphorus compounds; Carboxylic acid derivatives; Carboxylic acids; Carbonyl compounds; Fatty Acyls; Organic oxides; Hydrocarbon derivatives; Organic oxygen compounds; Chemical entities	275.006	61	1.017	816974008661286080	816973406166282998	816973406166282997	379	
1	C19H32N2O13	[M + H]+	C19H33N2O13+	Carbohydrates	1.000	Aminosugars and aminoglycosides	0.981	Aminosugars	0.979	Organic oxygen compounds	1.000	Organooxygen compounds	1.000	Carbohydrates and carbohydrate conjugates	0.999	Aminosaccharides	0.997	Acylaminosugars	0.791	Organic compounds; Organoheterocyclic compounds; Carbohydrates and carbohydrate conjugates; Alcohols and polyols; Acylaminosugars; Ethers; Organic acids and derivatives; Carboxylic acids and derivatives; Organonitrogen compounds; Primary alcohols; Organooxygen compounds; Carboxylic acid amides; Hemiacetals; Carboxylic acid derivatives; Amino sugars; Acetals; Secondary alcohols; Secondary carboxylic acid amides; Carbonyl compounds; Oxanes; Glycosyl compounds; O-glycosyl compounds; N-acyl-alpha-hexosamines; Aminosaccharides; Acetamides; Organic oxides; Oxacyclic compounds; Hydrocarbon derivatives; Organopnictogen compounds; Organic oxygen compounds; Organic nitrogen compounds; Chemical entities	497.196	61	1.020	816974009126853994	816973406325666560	816973406321472255	374	
1	C10H13N5O4	[M + H]+	C10H14N5O4+	Carbohydrates	1.000	Nucleosides	1.000	Purine nucleosides	1.000	Nucleosides, nucleotides, and analogues	0.993	Purine nucleosides	0.975					Purine nucleosides	0.975	Organic compounds; Organoheterocyclic compounds; Carbohydrates and carbohydrate conjugates; Pyrimidines and pyrimidine derivatives; Imidazoles; Alcohols and polyols; Purines and purine derivatives; Organonitrogen compounds; Primary alcohols; Nucleosides, nucleotides, and analogues; Organooxygen compounds; Azoles; Purine nucleosides; Aminopyrimidines and derivatives; Diazines; Pentoses; Monosaccharides; Secondary alcohols; Imidazopyrimidines; Glycosyl compounds; Glycosylamines; Substituted imidazoles; N-substituted imidazoles; Amines; Primary amines; Tetrahydrofurans; 6-aminopurines; Imidolactams; Azacyclic compounds; Oxacyclic compounds; Heteroaromatic compounds; Hydrocarbon derivatives; Organopnictogen compounds; Organic oxygen compounds; Organic nitrogen compounds; Chemical entities	268.103	62	1.029	816974012415189574	816973406409552645	816973406409552644	382	
1	C14H15NO9	[M + K]+	C14H15KNO9+	Amino acids and Peptides	0.423	Amino acid glycosides	0.696	Cyanogenic glycosides	0.516	Organic oxygen compounds	1.000	Organooxygen compounds	0.991	Carbohydrates and carbohydrate conjugates	0.796	Sugar acids and derivatives	0.510	Glucuronides	0.517	Organic compounds; Organoheterocyclic compounds; Carbohydrates and carbohydrate conjugates; Nitrobenzenes; Alcohols and polyols; Sugar acids and derivatives; Ethers; Organic acids and derivatives; Carboxylic acids and derivatives; Organonitrogen compounds; Organooxygen compounds; Glucuronides; Carboxylic acid derivatives; Monocarboxylic acids and derivatives; Organic nitro compounds; Organic oxoazanium compounds; Monosaccharides; Acetals; Secondary alcohols; Beta hydroxy acids and derivatives; Carbonyl compounds; Oxanes; Glucuronic acid derivatives; Glycosyl compounds; Benzene and substituted derivatives; Benzenoids; Organic 1,3-dipolar compounds; Allyl-type 1,3-dipolar organic compounds; Organic oxides; C-nitro compounds; Oxacyclic compounds; Hydrocarbon derivatives; Organopnictogen compounds; Organic oxygen compounds; Nitroaromatic compounds; Organic nitrogen compounds; Chemical entities	380.038	64	1.062	816974056849659537	816973406833177374	816973406833177373	387	
1	C10H13N5O3	[M + H]+	C10H14N5O3+	Carbohydrates	0.999	Nucleosides	0.999	Purine nucleosides	0.998	Nucleosides, nucleotides, and analogues	0.969	Purine nucleosides	0.756	Purine 2'-deoxyribonucleosides	0.523			Purine 2'-deoxyribonucleosides	0.523	Organic compounds; Organoheterocyclic compounds; Pyrimidines and pyrimidine derivatives; Imidazoles; Alcohols and polyols; Purines and purine derivatives; Organonitrogen compounds; Primary alcohols; Nucleosides, nucleotides, and analogues; Organooxygen compounds; Azoles; Purine nucleosides; Aminopyrimidines and derivatives; Diazines; Secondary alcohols; Imidazopyrimidines; Purine 2'-deoxyribonucleosides; Glycosylamines; Substituted imidazoles; N-substituted imidazoles; Amines; Primary amines; Tetrahydrofurans; 6-aminopurines; Imidolactams; Azacyclic compounds; Oxacyclic compounds; Heteroaromatic compounds; Hydrocarbon derivatives; Organopnictogen compounds; Organic oxygen compounds; Organic nitrogen compounds; Chemical entities	252.108	67	1.120	816974022280196449	816973407286162231	816973407286162230	401	
8	C11H14BN3O2	[M + Na]+	C11H14BN3NaO2+	Alkaloids	0.198	Small peptides	0.261	Pinane monoterpenoids	0.410	Organoheterocyclic compounds	0.882	Heteroaromatic compounds	0.657					Heteroaromatic compounds	0.657	Organic compounds; Organoheterocyclic compounds; Organic acids and derivatives; Organonitrogen compounds; Organooxygen compounds; Boronic acids; Organometallic compounds; Boronic acid derivatives; Organometalloid compounds; Metalloheterocyclic compounds; Organoboron compounds; Organic salts; Organic metalloid salts; Organic metal salts; Azacyclic compounds; Heteroaromatic compounds; Hydrocarbon derivatives; Organic oxygen compounds; Organic nitrogen compounds; Chemical entities	253.112	67	1.120	816974024591258563	816973407365854012	816973407361659707	402	
1	C10H13N5O4	[M + H]+	C10H14N5O4+	Carbohydrates	1.000	Nucleosides	0.999	Purine nucleosides	0.998	Nucleosides, nucleotides, and analogues	0.966	Purine nucleosides	0.966	Purine 2'-deoxyribonucleosides	0.918			Purine 2'-deoxyribonucleosides	0.918	Organic compounds; Organoheterocyclic compounds; Pyrimidines and pyrimidine derivatives; Imidazoles; Alcohols and polyols; Purines and purine derivatives; Hypoxanthines; Organic acids and derivatives; Organonitrogen compounds; Primary alcohols; Nucleosides, nucleotides, and analogues; Pyrimidones; Organooxygen compounds; Azoles; Purine nucleosides; Purinones; Aminopyrimidines and derivatives; Diazines; 6-oxopurines; Secondary alcohols; Imidazopyrimidines; Purine 2'-deoxyribonucleosides; Substituted imidazoles; N-substituted imidazoles; Amines; Primary amines; Tetrahydrofurans; Vinylogous amides; Organic oxides; Azacyclic compounds; Oxacyclic compounds; Heteroaromatic compounds; Hydrocarbon derivatives; Organopnictogen compounds; Organic oxygen compounds; Organic nitrogen compounds; Chemical entities	268.103	68	1.132	816974023504933524	816973407432962881	816973407432962880	413	
3	C18H33NO12	[M + H]+	C18H34NO12+	Amino acids and Peptides	0.731	Amino acid glycosides	0.701	Cyanogenic glycosides	0.730	Organic acids and derivatives	0.214	Carboxylic acids and derivatives	0.363	Amino acids, peptides, and analogues	0.422	Amino acids and derivatives	0.425	Alpha amino acids	0.522	Organic compounds; Organoheterocyclic compounds; Carbohydrates and carbohydrate conjugates; Alcohols and polyols; Ethers; Organonitrogen compounds; Primary alcohols; Organooxygen compounds; Carboxylic acids; Disaccharides; Acetals; Secondary alcohols; Oxanes; Glycosyl compounds; O-glycosyl compounds; Dialkylamines; Polyols; Alpha amino acids; Amines; Secondary amines; Oxacyclic compounds; Hydrocarbon derivatives; Amino acids; Organopnictogen compounds; Organic oxygen compounds; Organic nitrogen compounds; Chemical entities	456.206	68	1.136	816974026315118006	816973407521043270	816973407521043269	405	
2	C12H23NO7	[M - H2O + H]+	C12H22NO6+	Amino acids and Peptides	0.557	Small peptides	0.638	Aminoacids	0.531	Organic acids and derivatives	0.993	Carboxylic acids and derivatives	0.993	Amino acids, peptides, and analogues	0.978	Amino acids and derivatives	0.978	Alpha amino acids	0.889	Organic compounds; Carbohydrates and carbohydrate conjugates; Lipids and lipid-like molecules; Amino acids, peptides, and analogues; Alpha amino acids and derivatives; Alcohols and polyols; Fatty acids and conjugates; Organic acids and derivatives; Carboxylic acids and derivatives; Organonitrogen compounds; Primary alcohols; Organooxygen compounds; Branched fatty acids; Hydroxy fatty acids; Amino acids and derivatives; Hydroxy acids and derivatives; Amino fatty acids; Monocarboxylic acids and derivatives; Carboxylic acids; Monosaccharides; Secondary alcohols; Carbonyl compounds; Dialkylamines; Polyols; Alpha amino acids; Amines; Secondary amines; Alkanolamines; Fatty Acyls; Organic oxides; Hydrocarbon derivatives; Amino acids; Organopnictogen compounds; Organic oxygen compounds; Organic nitrogen compounds; Chemical entities	276.143	69	1.153	816974051761967412	816973407701398352	816973407697204047	408	
1	C12H23NO7	[M + H]+	C12H24NO7+	Carbohydrates	0.573	Aminosugars and aminoglycosides	0.388	Aminosugars	0.466	Organic acids and derivatives	0.988	Carboxylic acids and derivatives	0.990	Amino acids, peptides, and analogues	0.952	Amino acids and derivatives	0.952	Alpha amino acids	0.786	Organic compounds; Organoheterocyclic compounds; Carbohydrates and carbohydrate conjugates; Lipids and lipid-like molecules; Amino acids, peptides, and analogues; Alpha amino acids and derivatives; Alcohols and polyols; Fatty acids and conjugates; Organic acids and derivatives; Carboxylic acids and derivatives; Organonitrogen compounds; Primary alcohols; Organooxygen compounds; Hydroxy fatty acids; Amino acids and derivatives; Monocarboxylic acids and derivatives; Carboxylic acids; Monosaccharides; Secondary alcohols; Carbonyl compounds; C-glycosyl compounds; Dialkylamines; Polyols; Alpha amino acids; Amines; Secondary amines; Alkanolamines; Fatty Acyls; Organic oxides; Oxacyclic compounds; Hydrocarbon derivatives; Amino acids; Organopnictogen compounds; Organic oxygen compounds; Organic nitrogen compounds; Chemical entities	294.153	69	1.157	816974045948660485	816973407776895829	816973407772701524	409	
5	C12H26O4S3	[M + Na]+	C12H26NaO4S3+	Fatty acids	0.994	Fatty esters	0.591	Wax monoesters	0.349	Organic acids and derivatives	0.971	Carboxylic acids and derivatives	0.750	Dicarboxylic acids and derivatives	0.561			Dicarboxylic acids and derivatives	0.561	Organic compounds; Organosulfur compounds; Organic acids and derivatives; Carboxylic acids and derivatives; Organooxygen compounds; Dicarboxylic acids and derivatives; Carboxylic acid derivatives; Carboxylic acid esters; Carbonyl compounds; Sulfenyl compounds; Organic oxides; Hydrocarbon derivatives; Organic oxygen compounds; Chemical entities	353.088	70	1.162	816974046850436116	816973407885947738	816973407881753433	410	
3	C13H17N5O4	[M + H]+	C13H18N5O4+	Carbohydrates	0.846	Nucleosides	0.908	Purine alkaloids	0.867	Nucleosides, nucleotides, and analogues	0.916	Purine nucleosides	0.694					Purine nucleosides	0.694	Organic compounds; Organoheterocyclic compounds; Carbohydrates and carbohydrate conjugates; Pyrimidines and pyrimidine derivatives; Imidazoles; Alcohols and polyols; Purines and purine derivatives; Organonitrogen compounds; Nucleosides, nucleotides, and analogues; Organooxygen compounds; Azoles; Purine nucleosides; Aminopyrimidines and derivatives; Diazines; Pentoses; Monosaccharides; Secondary alcohols; Imidazopyrimidines; Glycosyl compounds; Glycosylamines; Benzene and substituted derivatives; Polyols; Substituted imidazoles; N-substituted imidazoles; Amines; Primary amines; 6-aminopurines; 6-alkylaminopurines; Imidolactams; Azacyclic compounds; Oxacyclic compounds; Heteroaromatic compounds; Hydrocarbon derivatives; Organopnictogen compounds; Organic oxygen compounds; Organic nitrogen compounds; Chemical entities	308.133	70	1.166	816974046607166401	816973407974028127	816973407974028126	411	
3	C15H15N5O3	[M + K]+	C15H15KN5O3+	Alkaloids	0.742	Pseudoalkaloids (transamidation)	0.206	Purine alkaloids	0.344	Organoheterocyclic compounds	0.981	Imidazopyrimidines	0.366	Purines and purine derivatives	0.450	Purinones	0.597	6-oxopurines	0.674	Organic compounds; Organoheterocyclic compounds; Imidazoles; Alkyl aryl ethers; Ethers; Organic acids and derivatives; Carboxylic acids and derivatives; Organonitrogen compounds; Pyrimidones; Organooxygen compounds; Azoles; Purinones; Carboxylic acid derivatives; 6-oxopurines; Benzene and substituted derivatives; Phenol ethers; Benzenoids; Vinylogous amides; Organic oxides; Azacyclic compounds; Heteroaromatic compounds; Hydrocarbon derivatives; Organopnictogen compounds; Organic oxygen compounds; Organic nitrogen compounds; Phenoxy compounds; Chemical entities	352.080	70	1.169	816974038054978066	816973408074691428	816973408074691427	412	
1	C11H20N2O3	[M + H]+	C11H21N2O3+	Amino acids and Peptides	0.367	Small peptides	0.595	Aminoacids	0.150	Organic acids and derivatives	0.912	Carboxylic acids and derivatives	0.921	Amino acids, peptides, and analogues	0.868	Amino acids and derivatives	0.866	Amino acids and derivatives	0.866	Organic compounds; Organoheterocyclic compounds; Amino acids, peptides, and analogues; Oxazinanes; Ethers; Organic acids and derivatives; Carboxylic acids and derivatives; Organonitrogen compounds; Organooxygen compounds; Amino acids and derivatives; Morpholines; Carboxylic acid amides; Carboxylic acid derivatives; Dialkyl ethers; Carbonyl compounds; Trialkylamines; Amines; Tertiary amines; Organic oxides; Azacyclic compounds; Oxacyclic compounds; Hydrocarbon derivatives; Organopnictogen compounds; Organic oxygen compounds; Organic nitrogen compounds; Chemical entities	229.154	70	1.172	816974039371989921	816973408229880686	816973408229880685	414	
2	C11H21NO6	[M + H]+	C11H22NO6+	Fatty acids	0.662	Small peptides	0.298	N-acyl amines	0.114	Organic acids and derivatives	1.000	Carboxylic acids and derivatives	1.000	Amino acids, peptides, and analogues	0.950	Amino acids and derivatives	0.949	Alpha amino acids and derivatives	0.851	Organic compounds; Lipids and lipid-like molecules; Amino acids, peptides, and analogues; Alpha amino acids and derivatives; Alcohols and polyols; Fatty acids and conjugates; Organic acids and derivatives; Carboxylic acids and derivatives; Organonitrogen compounds; Organooxygen compounds; Branched fatty acids; Hydroxy fatty acids; Dicarboxylic acids and derivatives; Amino acids and derivatives; Hydroxy acids and derivatives; Carboxylic acid amides; Amino fatty acids; Carboxylic acid derivatives; Carboxylic acids; Secondary carboxylic acid amides; Carbonyl compounds; Amines; Fatty Acyls; Organic oxides; Hydrocarbon derivatives; Amino acids; Organopnictogen compounds; Organic oxygen compounds; Organic nitrogen compounds; Chemical entities	264.143	71	1.184	816974043004258304	816973408296989555	816973408296989554	418	
1	C11H12N2O3	[M + H]+	C11H13N2O3+	Amino acids and Peptides	0.999	Small peptides	1.000	Aminoacids	0.999	Organic acids and derivatives	1.000	Carboxylic acids and derivatives	1.000	Amino acids, peptides, and analogues	0.999	Amino acids and derivatives	0.999	Alpha amino acids	0.959	Organic compounds; Organoheterocyclic compounds; Amino acids, peptides, and analogues; Alpha amino acids and derivatives; Pyrroles; Indoles and derivatives; Organic acids and derivatives; Carboxylic acids and derivatives; Organonitrogen compounds; Organooxygen compounds; Amino acids and derivatives; Monoalkylamines; Monocarboxylic acids and derivatives; Carboxylic acids; Indolyl carboxylic acids and derivatives; Serotonins; Carbonyl compounds; Substituted pyrroles; Alpha amino acids; Benzenoids; Amines; Primary amines; Indoles; Aralkylamines; Organic oxides; Azacyclic compounds; Heteroaromatic compounds; Hydrocarbon derivatives; Amino acids; 3-alkylindoles; Organopnictogen compounds; Organic oxygen compounds; Organic nitrogen compounds; Chemical entities	221.091	72	1.194	816974043700512962	816973408515093378	816973408510899073	426	
4	C14H14N2O2	[M + K]+	C14H14KN2O2+	Alkaloids	0.726	Small peptides	0.360	Pyridine alkaloids	0.348	Benzenoids	0.950	Benzene and substituted derivatives	0.717					Benzene and substituted derivatives	0.717	Organic compounds; Organic acids and derivatives; Carboxylic acids and derivatives; Organonitrogen compounds; Organooxygen compounds; Carboxylic acid amides; Carboxylic acid derivatives; Carbonyl compounds; Benzene and substituted derivatives; Benzenoids; Organic oxides; Hydrocarbon derivatives; Organopnictogen compounds; Organic oxygen compounds; Organic nitrogen compounds; Chemical entities	281.067	72	1.198	816974053225779812	816973408598979463	816973408598979462	423	
8	C10H19NO2Si2	[M + K]+	C10H19KNO2Si2+	Fatty acids	0.355	Monoterpenoids	0.185	Halogenated fatty acids	0.263	Organometallic compounds	0.512	Organometalloid compounds	0.512					Organometalloid compounds	0.512	Organic compounds; Organonitrogen compounds; Organooxygen compounds; Organometallic compounds; Organometalloid compounds; Organic salts; Organic oxides; Hydrocarbon derivatives; Organic oxygen compounds; Organic nitrogen compounds; Chemical entities	280.059	72	1.207	816974051178958986	816973408745780113	816973408741585808	427	
2	C11H12N4O4	[M + H]+	C11H13N4O4+	Carbohydrates	0.586	Nucleosides	0.653	Purine nucleosides	0.268	Organoheterocyclic compounds	0.936	Diazines	0.560	Pyrimidines and pyrimidine derivatives	0.552			Pyrimidines and pyrimidine derivatives	0.552	Organic compounds; Organoheterocyclic compounds; Pyrimidines and pyrimidine derivatives; Alcohols and polyols; Organic acids and derivatives; Carboxylic acids and derivatives; Organonitrogen compounds; Organooxygen compounds; Diazines; Secondary alcohols; Carbonyl compounds; Organic oxides; Azacyclic compounds; Heteroaromatic compounds; Hydrocarbon derivatives; Organopnictogen compounds; Organic oxygen compounds; Organic nitrogen compounds; Chemical entities	265.094	73	1.209	816974047240506536	816973408842249110	816973408838054805	429	
1	C10H12N2O	[M + H]+	C10H13N2O+	Alkaloids	0.975	Tryptophan alkaloids	0.570	Simple indole alkaloids	0.633	Organoheterocyclic compounds	0.981	Indoles and derivatives	0.703	Indoles	0.667	3-alkylindoles	0.698	3-alkylindoles	0.698	Organic compounds; Organoheterocyclic compounds; Pyrroles; Indoles and derivatives; Organonitrogen compounds; Organooxygen compounds; Monoalkylamines; Substituted pyrroles; Benzenoids; Amines; Primary amines; Indoles; Aralkylamines; Organic oxides; Azacyclic compounds; Heteroaromatic compounds; Hydrocarbon derivatives; 3-alkylindoles; Organopnictogen compounds; Organic oxygen compounds; Organic nitrogen compounds; Chemical entities	177.101	77	1.279	816974039296492420	816973409068741541	816973409068741540	445	
1	C10H9NO	[M + H]+	C10H10NO+	Alkaloids	1.000	Tryptophan alkaloids	0.979	Carbazole alkaloids	0.492	Organoheterocyclic compounds	0.991	Indoles and derivatives	0.772	Indoles	0.795			Indoles	0.795	Organic compounds; Organoheterocyclic compounds; Pyrroles; Alkyl aryl ethers; Anisoles; Indoles and derivatives; Ethers; Organonitrogen compounds; Organooxygen compounds; Phenol ethers; Benzenoids; Indoles; Azacyclic compounds; Heteroaromatic compounds; Hydrocarbon derivatives; Organopnictogen compounds; Organic oxygen compounds; Organic nitrogen compounds; Chemical entities	160.075	77	1.280	816974061756996162	816973409005826976	816973409005826975	444	
1	C8H9N5O3	[M + H]+	C8H10N5O3+	Alkaloids	0.246	Pseudoalkaloids (transamidation)	0.580	Purine alkaloids	0.761	Organic acids and derivatives	0.987	Carboxylic acids and derivatives	0.801	Amino acids, peptides, and analogues	0.687	Amino acids and derivatives	0.686	Alpha amino acids and derivatives	0.506	Organic compounds; Organoheterocyclic compounds; Amino acids, peptides, and analogues; Alpha amino acids and derivatives; Pyrimidines and pyrimidine derivatives; Pteridines and derivatives; Pterins and derivatives; Organic acids and derivatives; Carboxylic acids and derivatives; Organonitrogen compounds; Pyrimidones; Organooxygen compounds; Amino acids and derivatives; Monocarboxylic acids and derivatives; Carboxylic acids; Aminopyrimidines and derivatives; Diazines; Carbonyl compounds; Amines; Primary amines; Vinylogous amides; Organic oxides; Azacyclic compounds; Heteroaromatic compounds; Hydrocarbon derivatives; Amino acids; Organopnictogen compounds; Organic oxygen compounds; Organic nitrogen compounds; Chemical entities	224.077	83	1.377	816974049845170007	816973409270068148	816973409265873843	452	
1	C9H16O9S	[M + Na]+	C9H16NaO9S+	Fatty acids	0.937	Fatty Acids and Conjugates	0.570	Dicarboxylic acids	0.413	Organic acids and derivatives	0.995	Carboxylic acids and derivatives	0.985	Dicarboxylic acids and derivatives	0.775			Dicarboxylic acids and derivatives	0.775	Organic compounds; Organosulfur compounds; Lipids and lipid-like molecules; Alcohols and polyols; Organic acids and derivatives; Carboxylic acids and derivatives; Organooxygen compounds; Dicarboxylic acids and derivatives; Carboxylic acid derivatives; Carboxylic acids; Carboxylic acid esters; Secondary alcohols; Carbonyl compounds; Fatty Acyls; Organic oxides; Hydrocarbon derivatives; Organic oxygen compounds; Chemical entities	323.041	85	1.421	816974053888480064	816973409580446659	816973409580446658	462	
1	C9H11NO2	[M + H]+	C9H12NO2+	Amino acids and Peptides	1.000	Small peptides	1.000	Aminoacids	1.000	Organic acids and derivatives	1.000	Carboxylic acids and derivatives	1.000	Amino acids, peptides, and analogues	0.997	Amino acids and derivatives	0.997	Phenylalanine and derivatives	0.944	Organic compounds; Amino acids, peptides, and analogues; Alpha amino acids and derivatives; Phenethylamines; Amphetamines and derivatives; Phenylpropanoids and polyketides; Organic acids and derivatives; Carboxylic acids and derivatives; Organonitrogen compounds; Organooxygen compounds; Amino acids and derivatives; Monoalkylamines; Monocarboxylic acids and derivatives; Carboxylic acids; Carbonyl compounds; Benzene and substituted derivatives; Alpha amino acids; Benzenoids; Amines; Primary amines; Phenylpropanoic acids; Aralkylamines; Organic oxides; Hydrocarbon derivatives; Amino acids; Phenylalanine and derivatives; Organopnictogen compounds; Organic oxygen compounds; Organic nitrogen compounds; Chemical entities	166.085	91	1.517	816974051543863524	816973409899213783	816973409895019478	466	
3	C8H13NO2	[M + C2H3N + H]+	C10H17N2O2+	Alkaloids	0.723	Small peptides	0.606	Phenylethylamines	0.610	Organic acids and derivatives	0.500	Carboxylic acids and derivatives	0.549	Amino acids, peptides, and analogues	0.502	Amino acids and derivatives	0.503	Amino acids and derivatives	0.503	Organic compounds; Amino acids, peptides, and analogues; Organic acids and derivatives; Carboxylic acids and derivatives; Organonitrogen compounds; Organooxygen compounds; Amino acids and derivatives; Carboxylic acids; Carbonyl compounds; Benzene and substituted derivatives; Amines; Aralkylamines; Organic oxides; Hydrocarbon derivatives; Organopnictogen compounds; Organic oxygen compounds; Organic nitrogen compounds; Chemical entities	197.127	93	1.558	816974055465538826	816973410054403041	816973410054403040	470	
1	C8H14N2O	[M + Na]+	C8H14N2NaO+	Alkaloids	0.837	Lysine alkaloids	0.159	Primary amides	0.391	Organic acids and derivatives	0.930	Carboxylic acids and derivatives	0.897	Amino acids, peptides, and analogues	0.675	Amino acids and derivatives	0.675	Amino acids and derivatives	0.675	Organic compounds; Organoheterocyclic compounds; Amino acids, peptides, and analogues; Organic acids and derivatives; Carboxylic acids and derivatives; Organonitrogen compounds; Organooxygen compounds; Amino acids and derivatives; Carboxylic acid amides; Carboxylic acid derivatives; Primary carboxylic acid amides; Carbonyl compounds; Amines; Organic oxides; Azacyclic compounds; Hydrocarbon derivatives; Organopnictogen compounds; Organic oxygen compounds; Organic nitrogen compounds; Chemical entities	177.101	95	1.577	816974055771723130	816973410134094822	816973410129900517	471	
2	C16H16N6	[M + CH2O2 + H]+	C17H19N6O2+	Alkaloids	0.874	Tryptophan alkaloids	0.053	Carboline alkaloids	0.020	Benzenoids	0.976	Benzene and substituted derivatives	0.543					Benzene and substituted derivatives	0.543	Organic compounds; Organoheterocyclic compounds; Organonitrogen compounds; Azoles; Benzene and substituted derivatives; Benzenoids; Amines; Azacyclic compounds; Heteroaromatic compounds; Hydrocarbon derivatives; Organopnictogen compounds; Organic nitrogen compounds; Chemical entities	339.154	97	1.615	816974072100152400	816973410255729643	816973410251535338	475	
2	C12H28N6O4	[M + K]+	C12H28KN6O4+	Amino acids and Peptides	0.781	Small peptides	0.752	Tripeptides	0.370	Organic 1,3-dipolar compounds	0.625	Allyl-type 1,3-dipolar organic compounds	0.509	Organic nitro compounds	0.522			Organic nitro compounds	0.522	Organic compounds; Alcohols and polyols; Organic acids and derivatives; Organonitrogen compounds; Primary alcohols; Organooxygen compounds; Organic nitro compounds; Carbonyl compounds; Amines; Primary amines; Organic 1,3-dipolar compounds; Allyl-type 1,3-dipolar organic compounds; Propargyl-type 1,3-dipolar organic compounds; Organic oxides; Hydrocarbon derivatives; Organopnictogen compounds; Organic oxygen compounds; Organic nitrogen compounds; Chemical entities	359.180	98	1.627	816974074469934503	816973410339615728	816973410335421423	477	
2	C19H33NO12	[M + Na]+	C19H33NNaO12+	Carbohydrates	0.914	Saccharides	0.504	Cyanogenic glycosides	0.576	Organic oxygen compounds	1.000	Organooxygen compounds	1.000	Carbohydrates and carbohydrate conjugates	0.999	Disaccharides	0.848	Disaccharides	0.848	Organic compounds; Organoheterocyclic compounds; Carbohydrates and carbohydrate conjugates; Alcohols and polyols; Ethers; Organonitrogen compounds; Primary alcohols; Organooxygen compounds; Disaccharides; Acetals; Secondary alcohols; Carbonyl compounds; Oxanes; Glycosyl compounds; O-glycosyl compounds; Dialkylamines; Polyols; Amines; Secondary amines; Oxacyclic compounds; Hydrocarbon derivatives; Organopnictogen compounds; Organic oxygen compounds; Organic nitrogen compounds; Chemical entities	490.190	100	1.659	816974074713204220	816973410398335989	816973410394141684	480	
2	C15H21NO7	[M - H2O + H]+	C15H20NO6+	Amino acids and Peptides	0.347	Small peptides	0.086	Dipeptides	0.042	Organic acids and derivatives	0.985	Carboxylic acids and derivatives	0.978	Amino acids, peptides, and analogues	0.961	Amino acids and derivatives	0.960	Phenylalanine and derivatives	0.918	Organic compounds; Organoheterocyclic compounds; Carbohydrates and carbohydrate conjugates; Amino acids, peptides, and analogues; Alpha amino acids and derivatives; Alcohols and polyols; Phenethylamines; Amphetamines and derivatives; Organic acids and derivatives; Carboxylic acids and derivatives; Organonitrogen compounds; Primary alcohols; Organooxygen compounds; Amino acids and derivatives; Carboxylic acid derivatives; Monocarboxylic acids and derivatives; Carboxylic acids; Monosaccharides; Secondary alcohols; Carbonyl compounds; Glycosyl compounds; Dialkylamines; Benzene and substituted derivatives; Polyols; Alpha amino acids; Benzenoids; Amines; Secondary amines; Phenylpropanoic acids; Aralkylamines; Organic oxides; Oxacyclic compounds; Hydrocarbon derivatives; Amino acids; Phenylalanine and derivatives; Organopnictogen compounds; Organic oxygen compounds; Organic nitrogen compounds; Chemical entities	310.128	100	1.667	816974060427401533	816973410498999290	816973410494804985	482	
1	C15H21NO7	[M + H]+	C15H22NO7+	Carbohydrates	0.198	Small peptides	0.049	Aminosugars	0.034	Organic acids and derivatives	0.999	Carboxylic acids and derivatives	0.998	Amino acids, peptides, and analogues	0.994	Amino acids and derivatives	0.994	Phenylalanine and derivatives	0.904	Organic compounds; Organoheterocyclic compounds; Carbohydrates and carbohydrate conjugates; Amino acids, peptides, and analogues; Alpha amino acids and derivatives; Alcohols and polyols; Phenethylamines; Amphetamines and derivatives; Organic acids and derivatives; Carboxylic acids and derivatives; Organonitrogen compounds; Primary alcohols; Organooxygen compounds; Amino acids and derivatives; Monocarboxylic acids and derivatives; Carboxylic acids; Pentoses; Monosaccharides; Secondary alcohols; Carbonyl compounds; Glycosyl compounds; C-glycosyl compounds; Dialkylamines; Benzene and substituted derivatives; Polyols; Alpha amino acids; Benzenoids; Amines; Secondary amines; Phenylpropanoic acids; Aralkylamines; Organic oxides; Oxacyclic compounds; L-alpha-amino acids; Hydrocarbon derivatives; Amino acids; Phenylalanine and derivatives; Organopnictogen compounds; Organic oxygen compounds; Organic nitrogen compounds; Chemical entities	328.138	100	1.669	816974069092835867	816973410608051199	816973410603856894	485	
1	C12H21NO6	[M + Na]+	C12H21NNaO6+	Amino acids and Peptides	0.311	Small peptides	0.363	Aminoacids	0.346	Organic acids and derivatives	0.981	Carboxylic acids and derivatives	0.981	Amino acids, peptides, and analogues	0.976	Amino acids and derivatives	0.976	Alpha amino acids	0.885	Organic compounds; Organoheterocyclic compounds; Carbohydrates and carbohydrate conjugates; Lipids and lipid-like molecules; Amino acids, peptides, and analogues; Alpha amino acids and derivatives; Alcohols and polyols; Fatty acids and conjugates; Organic acids and derivatives; Carboxylic acids and derivatives; Organonitrogen compounds; Organooxygen compounds; Hydroxy fatty acids; Amino acids and derivatives; Carboxylic acids; Carboxylic acid esters; Monosaccharides; Secondary alcohols; Carbonyl compounds; Dialkylamines; Polyols; Alpha amino acids; Amines; Secondary amines; Fatty Acyls; Organic oxides; Hydrocarbon derivatives; Amino acids; Organopnictogen compounds; Organic oxygen compounds; Organic nitrogen compounds; Chemical entities	298.127	106	1.759	816974067230564437	816973410901652499	816973410897458194	493	
1	C14H18N2O4	[M + H]+	C14H19N2O4+	Amino acids and Peptides	1.000	Small peptides	0.999	Dipeptides	0.990	Organic acids and derivatives	1.000	Carboxylic acids and derivatives	1.000	Amino acids, peptides, and analogues	1.000	Peptides	0.966	Dipeptides	0.722	Organic compounds; Organoheterocyclic compounds; Amino acids, peptides, and analogues; Alpha amino acids and derivatives; Phenols; Phenethylamines; Amphetamines and derivatives; Pyrrolidines; Organic acids and derivatives; Carboxylic acids and derivatives; Organonitrogen compounds; Organooxygen compounds; Amino acids and derivatives; Peptides; Monoalkylamines; Carboxylic acid amides; Carboxylic acid derivatives; Monocarboxylic acids and derivatives; N-acyl-alpha amino acids and derivatives; Carboxylic acids; Tertiary carboxylic acid amides; Carbonyl compounds; Pyrrolidine carboxylic acids and derivatives; Benzene and substituted derivatives; Alpha amino acid amides; N-acyl-alpha amino acids; Pyrrolidine carboxylic acids; Benzenoids; Amines; Primary amines; N-acylpyrrolidines; Aralkylamines; Organic oxides; Azacyclic compounds; Hydrocarbon derivatives; Amino acids; Proline and derivatives; Organopnictogen compounds; Organic oxygen compounds; 1-hydroxy-2-unsubstituted benzenoids; Organic nitrogen compounds; Dipeptides; Chemical entities	279.134	106	1.769	816974066941157332	816973410977149976	816973410972955671	492	
1	C7H10N2O2	[M + Na]+	C7H10N2NaO2+	Amino acids and Peptides	0.930	Small peptides	0.897	Aminoacids	0.864	Organoheterocyclic compounds	0.995	Azoles	0.710	Imidazoles	0.586			Imidazoles	0.586	Organic compounds; Organoheterocyclic compounds; Imidazoles; Organic acids and derivatives; Carboxylic acids and derivatives; Organonitrogen compounds; Organooxygen compounds; Azoles; Monocarboxylic acids and derivatives; Carboxylic acids; Organic oxides; Azacyclic compounds; Heteroaromatic compounds; Hydrocarbon derivatives; Organopnictogen compounds; Organic oxygen compounds; Organic nitrogen compounds; Chemical entities	177.064	108	1.804	816974066366537502	816973411140727842	816973411140727841	495	
1	C12H16N2O4	[M + H]+	C12H17N2O4+	Amino acids and Peptides	1.000	Small peptides	1.000	Dipeptides	0.974	Organic acids and derivatives	1.000	Carboxylic acids and derivatives	1.000	Amino acids, peptides, and analogues	0.999	Peptides	0.989	Dipeptides	0.628	Organic compounds; Lipids and lipid-like molecules; Amino acids, peptides, and analogues; Alpha amino acids and derivatives; Alcohols and polyols; Phenethylamines; Amphetamines and derivatives; Phenylpropanoids and polyketides; Organic acids and derivatives; Carboxylic acids and derivatives; Organonitrogen compounds; Primary alcohols; Organooxygen compounds; Fatty amides; Amino acids and derivatives; Peptides; Monoalkylamines; Hydroxy acids and derivatives; Carboxylic acid amides; Carboxylic acid derivatives; Monocarboxylic acids and derivatives; N-acyl-alpha amino acids and derivatives; Carboxylic acids; Secondary carboxylic acid amides; Beta hydroxy acids and derivatives; Carbonyl compounds; Benzene and substituted derivatives; Alpha amino acid amides; N-acyl-alpha amino acids; Benzenoids; Amines; Primary amines; Phenylpropanoic acids; Aralkylamines; Fatty Acyls; Organic oxides; Hydrocarbon derivatives; Amino acids; Serine and derivatives; Phenylalanine and derivatives; Organopnictogen compounds; Organic oxygen compounds; Organic nitrogen compounds; Dipeptides; Chemical entities	253.117	117	1.954	816974067448668341	816973411325277233	816973411321082928	509	
1	C8H13N3O2	[M + Na]+	C8H13N3NaO2+	Amino acids and Peptides	0.998	Small peptides	0.999	Aminoacids	0.999	Organic acids and derivatives	1.000	Carboxylic acids and derivatives	1.000	Amino acids, peptides, and analogues	0.996	Amino acids and derivatives	0.996	Histidine and derivatives	0.528	Organic compounds; Organoheterocyclic compounds; Amino acids, peptides, and analogues; Alpha amino acids and derivatives; Imidazoles; Organic acids and derivatives; Carboxylic acids and derivatives; Organonitrogen compounds; Organooxygen compounds; Amino acids and derivatives; Azoles; Monoalkylamines; Monocarboxylic acids and derivatives; Carboxylic acids; Imidazolyl carboxylic acids and derivatives; Carbonyl compounds; Substituted imidazoles; Alpha amino acids; Amines; Primary amines; Aralkylamines; Organic oxides; Azacyclic compounds; Heteroaromatic compounds; Hydrocarbon derivatives; Amino acids; Histidine and derivatives; Organopnictogen compounds; Organic oxygen compounds; Organic nitrogen compounds; Chemical entities	206.091	120	1.996	816974070095274740	816973411383997494	816973411383997493	510	
2	C11H14N2O3	[M + H]+	C11H15N2O3+	Amino acids and Peptides	0.999	Small peptides	1.000	Dipeptides	0.991	Organic acids and derivatives	1.000	Carboxylic acids and derivatives	1.000	Amino acids, peptides, and analogues	0.999	Peptides	0.961	Dipeptides	0.835	Organic compounds; Lipids and lipid-like molecules; Amino acids, peptides, and analogues; Alpha amino acids and derivatives; Phenethylamines; Amphetamines and derivatives; Organic acids and derivatives; Carboxylic acids and derivatives; Organonitrogen compounds; Organooxygen compounds; Fatty amides; Amino acids and derivatives; Peptides; Monoalkylamines; Carboxylic acid amides; Carboxylic acid derivatives; Monocarboxylic acids and derivatives; N-acyl-alpha amino acids and derivatives; Carboxylic acids; Secondary carboxylic acid amides; Carbonyl compounds; Benzene and substituted derivatives; Alpha amino acid amides; N-acyl-alpha amino acids; Benzenoids; Amines; Primary amines; Aralkylamines; Fatty Acyls; Organic oxides; Hydrocarbon derivatives; Amino acids; Phenylalanine and derivatives; Organopnictogen compounds; Organic oxygen compounds; Organic nitrogen compounds; Dipeptides; Chemical entities	223.107	126	2.094	816974074474128817	816973411522409536	816973411518215231	513	
2	C7H16N2O2	[M + Na]+	C7H16N2NaO2+	Amino acids and Peptides	1.000	Small peptides	1.000	Aminoacids	1.000	Organic acids and derivatives	1.000	Carboxylic acids and derivatives	1.000	Amino acids, peptides, and analogues	0.999	Amino acids and derivatives	0.999	Alpha amino acids	0.945	Organic compounds; Lipids and lipid-like molecules; Amino acids, peptides, and analogues; Alpha amino acids and derivatives; Fatty acids and conjugates; Organic acids and derivatives; Carboxylic acids and derivatives; Organonitrogen compounds; Organooxygen compounds; Amino acids and derivatives; Monoalkylamines; Amino fatty acids; Monocarboxylic acids and derivatives; Carboxylic acids; Carbonyl compounds; Alpha amino acids; Amines; Primary amines; Medium-chain fatty acids; Fatty Acyls; Organic oxides; Hydrocarbon derivatives; Amino acids; Organopnictogen compounds; Organic oxygen compounds; Organic nitrogen compounds; Chemical entities	183.112	126	2.095	816974070527288136	816973411597907013	816973411593712708	514	
2	C7H16N2O	[M + Na]+	C7H16N2NaO+	Amino acids and Peptides	0.425	Small peptides	0.492	Primary amides	0.326	Organic acids and derivatives	0.933	Carboxylic acids and derivatives	0.831	Amino acids, peptides, and analogues	0.740	Amino acids and derivatives	0.739	Amino acids and derivatives	0.739	Organic compounds; Amino acids, peptides, and analogues; Organic acids and derivatives; Carboxylic acids and derivatives; Organonitrogen compounds; Organooxygen compounds; Amino acids and derivatives; Monoalkylamines; Carboxylic acid amides; Carboxylic acid derivatives; Carbonyl compounds; Amines; Primary amines; Organic oxides; Hydrocarbon derivatives; Organopnictogen compounds; Organic oxygen compounds; Organic nitrogen compounds; Chemical entities	167.117	129	2.152	816974074629318110	816973411669210186	816973411665015881	518	
6	C16H28N2O2S2	[M + H]+	C16H29N2O2S2+	Amino acids and Peptides	0.765	Oligopeptides	0.160	Thiodiketopiperazine alkaloids	0.066	Organic acids and derivatives	0.952	Carboxylic acids and derivatives	0.856	Amino acids, peptides, and analogues	0.570	Amino acids and derivatives	0.568	Amino acids and derivatives	0.568	Organic compounds; Organoheterocyclic compounds; Organosulfur compounds; Amino acids, peptides, and analogues; Organic acids and derivatives; Carboxylic acids and derivatives; Organonitrogen compounds; Organooxygen compounds; Amino acids and derivatives; Carboxylic acid amides; Carboxylic acid derivatives; Lipoamides; Carbonyl compounds; Organic disulfides; 1,2-dithiolanes; Organic oxides; Hydrocarbon derivatives; Organopnictogen compounds; Organic oxygen compounds; Organic nitrogen compounds; Chemical entities	345.164	131	2.180	816974078106396439	816973411736319055	816973411732124750	521	
1	C13H26N2O6	[M + Na]+	C13H26N2NaO6+	Carbohydrates	0.618	Small peptides	0.662	Aminosugars	0.365	Organic acids and derivatives	0.852	Carboxylic acids and derivatives	0.803	Amino acids, peptides, and analogues	0.682	Amino acids and derivatives	0.681	Alpha amino acids	0.562	Organic compounds; Lipids and lipid-like molecules; Amino acids, peptides, and analogues; Alpha amino acids and derivatives; Alcohols and polyols; Fatty acids and conjugates; Organic acids and derivatives; Carboxylic acids and derivatives; Organonitrogen compounds; Primary alcohols; Organooxygen compounds; Amino acids and derivatives; Carboxylic acids; Secondary alcohols; Carbonyl compounds; Alpha amino acids; Amines; Alkanolamines; Fatty Acyls; Organic oxides; Hydrocarbon derivatives; Amino acids; Organopnictogen compounds; Organic oxygen compounds; Organic nitrogen compounds; Chemical entities	329.169	131	2.186	816974083265390676	816973411828593748	816973411820205139	523	
1	C4H8N6O3	[M + H]+	C4H9N6O3+	Alkaloids	0.691	Pseudoalkaloids (transamidation)	0.885	Purine alkaloids	0.949	Organoheterocyclic compounds	0.974	Heteroaromatic compounds	0.945					Heteroaromatic compounds	0.945	Organic compounds; Organoheterocyclic compounds; Organic acids and derivatives; Organonitrogen compounds; Organooxygen compounds; Amines; Primary amines; Organic oxides; Azacyclic compounds; Heteroaromatic compounds; Hydrocarbon derivatives; Organopnictogen compounds; Organic oxygen compounds; Organic nitrogen compounds; Chemical entities	189.073	132	2.196	816974078437746491	816973411895702617	816973411895702616	525	
1	C11H12N2O2	[M + H]+	C11H13N2O2+	Amino acids and Peptides	1.000	Small peptides	1.000	Aminoacids	1.000	Organic acids and derivatives	1.000	Carboxylic acids and derivatives	1.000	Amino acids, peptides, and analogues	1.000	Amino acids and derivatives	1.000	Alpha amino acids	0.968	Organic compounds; Organoheterocyclic compounds; Amino acids, peptides, and analogues; Alpha amino acids and derivatives; Pyrroles; Indoles and derivatives; Organic acids and derivatives; Carboxylic acids and derivatives; Organonitrogen compounds; Organooxygen compounds; Amino acids and derivatives; Monoalkylamines; Monocarboxylic acids and derivatives; Carboxylic acids; Indolyl carboxylic acids and derivatives; Carbonyl compounds; Substituted pyrroles; Alpha amino acids; Benzenoids; Amines; Primary amines; Indoles; Aralkylamines; Organic oxides; Azacyclic compounds; Heteroaromatic compounds; Hydrocarbon derivatives; Amino acids; 3-alkylindoles; Organopnictogen compounds; Organic oxygen compounds; Organic nitrogen compounds; Chemical entities	205.095	132	2.206	816974088265001453	816973411983783006	816973411983783005	526	
1	C11H9NO2	[M + H]+	C11H10NO2+	Alkaloids	0.992	Tryptophan alkaloids	0.984	Simple indole alkaloids	0.814	Organoheterocyclic compounds	0.994	Indoles and derivatives	0.946	Indoles	0.948			Indoles	0.948	Organic compounds; Organoheterocyclic compounds; Pyrroles; Indoles and derivatives; Organic acids and derivatives; Carboxylic acids and derivatives; Organonitrogen compounds; Organooxygen compounds; Monocarboxylic acids and derivatives; Carboxylic acids; Carbonyl compounds; Substituted pyrroles; Benzenoids; Indoles; Organic oxides; Azacyclic compounds; Heteroaromatic compounds; Hydrocarbon derivatives; Organopnictogen compounds; Organic oxygen compounds; Organic nitrogen compounds; Chemical entities	188.070	132	2.208	816974098192919433	816973412050891875	816973412050891874	527	
1	C4H8N6O3	[M + H3N + H]+	C4H12N7O3+	Alkaloids	0.948	Pseudoalkaloids (transamidation)	0.941	Purine alkaloids	0.985	Organoheterocyclic compounds	0.981	Diazines	0.650	Pyrimidines and pyrimidine derivatives	0.618	Pyrimidones	0.523	Pyrimidones	0.523	Organic compounds; Organoheterocyclic compounds; Pyrimidines and pyrimidine derivatives; Organic acids and derivatives; Organonitrogen compounds; Pyrimidones; Organooxygen compounds; Diazines; Amines; Primary amines; Vinylogous amides; Organic oxides; Azacyclic compounds; Heteroaromatic compounds; Hydrocarbon derivatives; Organopnictogen compounds; Organic oxygen compounds; Organic nitrogen compounds; Chemical entities	206.099	133	2.209	816974113548266864	816973412134777960	816973412130583655	528	
1	C3H8N6O	[M + H]+	C3H9N6O+	Alkaloids	0.869	Guanidine alkaloids	0.698	Imidazole alkaloids	0.300	Organoheterocyclic compounds	0.812	Azacyclic compounds	0.830					Azacyclic compounds	0.830	Organic compounds; Organoheterocyclic compounds; Organonitrogen compounds; Amines; Primary amines; Azacyclic compounds; Hydrocarbon derivatives; Organopnictogen compounds; Organic oxygen compounds; Organic nitrogen compounds; Chemical entities	145.083	139	2.323	816974145634693221	816973412306744434	816973412302550129	535	
1	C10H9N	[M + H3N + H]+	C10H13N2+	Alkaloids	0.940	Tryptophan alkaloids	0.857	Simple indole alkaloids	0.400	Benzenoids	0.998	Naphthalenes	0.898					Naphthalenes	0.898	Organic compounds; Naphthalenes; Organonitrogen compounds; Benzenoids; Amines; Primary amines; Hydrocarbon derivatives; Organopnictogen compounds; Organic nitrogen compounds; Chemical entities	161.106	139	2.324	816974145672441972	816973412365464695	816973412361270390	537	
3	C17H22N2O7	[M + H]+	C17H23N2O7+	Alkaloids	0.669	Tryptophan alkaloids	0.864	Simple indole alkaloids	0.687	Nucleosides, nucleotides, and analogues	0.556	Nucleoside and nucleotide analogues	0.221	1-pyranosylindoles	0.649			1-pyranosylindoles	0.649	Organic compounds; Organoheterocyclic compounds; Carbohydrates and carbohydrate conjugates; Amino acids, peptides, and analogues; Alpha amino acids and derivatives; Pyrroles; Alcohols and polyols; Indoles and derivatives; Organic acids and derivatives; Carboxylic acids and derivatives; Organonitrogen compounds; Primary alcohols; Nucleosides, nucleotides, and analogues; Organooxygen compounds; Amino acids and derivatives; Carboxylic acid derivatives; Monocarboxylic acids and derivatives; Carboxylic acids; Indolyl carboxylic acids and derivatives; Monosaccharides; Secondary alcohols; Carbonyl compounds; Oxanes; Glycosyl compounds; Glycosylamines; Substituted pyrroles; Polyols; Alpha amino acids; Benzenoids; Amines; Indoles; 1-pyranosylindoles; Organic oxides; Azacyclic compounds; Oxacyclic compounds; Heteroaromatic compounds; Hydrocarbon derivatives; Amino acids; 3-alkylindoles; Organopnictogen compounds; Organic oxygen compounds; Organic nitrogen compounds; Chemical entities	367.149	139	2.324	816974148444877077	816973412428379260	816973412424184955	538	
1	C10H9N	[M + H]+	C10H10N+	Alkaloids	0.992	Tryptophan alkaloids	0.849	Simple indole alkaloids	0.286	Organoheterocyclic compounds	0.899	Quinolines and derivatives	0.511					Quinolines and derivatives	0.511	Organic compounds; Organoheterocyclic compounds; Pyridines and derivatives; Organonitrogen compounds; Quinolines and derivatives; Benzenoids; Azacyclic compounds; Heteroaromatic compounds; Hydrocarbon derivatives; Organopnictogen compounds; Organic nitrogen compounds; Chemical entities	144.080	140	2.327	816974156443414872	816973412478710913	816973412478710912	539	
1	C9H8O7S	[M + Na]+	C9H8NaO7S+	Shikimates and Phenylpropanoids	0.902	Phenolic acids (C6-C1)	0.550	Simple phenolic acids	0.608	Benzenoids	0.899	Benzene and substituted derivatives	0.798					Benzene and substituted derivatives	0.798	Organic compounds; Organosulfur compounds; Organic acids and derivatives; Carboxylic acids and derivatives; Organooxygen compounds; Dicarboxylic acids and derivatives; Carboxylic acids; Carbonyl compounds; Benzene and substituted derivatives; Benzenoids; Organic oxides; Hydrocarbon derivatives; Organic oxygen compounds; Chemical entities	282.989	144	2.403	816974176076954848	816973412650677392	816973412650677391	544	
4	C16H16N6	[M + H]+	C16H17N6+	Alkaloids	0.976	Tryptophan alkaloids	0.820	Carboline alkaloids	0.288	Organoheterocyclic compounds	1.000	Indoles and derivatives	0.927	Indoles	0.926	3-alkylindoles	0.631	3-alkylindoles	0.631	Organic compounds; Organoheterocyclic compounds; Pyrroles; Indoles and derivatives; Organonitrogen compounds; Diazines; Substituted pyrroles; Benzenoids; Amines; Indoles; Imidolactams; Azacyclic compounds; Heteroaromatic compounds; Hydrocarbon derivatives; 3-alkylindoles; Organopnictogen compounds; Organic nitrogen compounds; Chemical entities	293.148	147	2.451	816974171647769029	816973412768117914	816973412768117913	546	
3	C15H20N6O	[M + Na]+	C15H20N6NaO+	Alkaloids	0.890	Pseudoalkaloids (transamidation)	0.596	Purine alkaloids	0.491	Benzenoids	0.616							Benzenoids	0.616	Organic compounds; Organoheterocyclic compounds; Organonitrogen compounds; Organooxygen compounds; Azoles; Diazines; Benzenoids; Amines; Primary amines; Imidolactams; Azacyclic compounds; Heteroaromatic compounds; Hydrocarbon derivatives; Organopnictogen compounds; Organic oxygen compounds; Organic nitrogen compounds; Chemical entities	323.159	155	2.588	816974189402260751	816973412982027433	816973412977833128	553	
1	C11H11N3O3	[M + H]+	C11H12N3O3+	Alkaloids	0.867	Anthranilic acid alkaloids	0.497	Quinazoline alkaloids	0.164	Organic acids and derivatives	0.949	Carboxylic acids and derivatives	0.902	Amino acids, peptides, and analogues	0.625	Amino acids and derivatives	0.624	Amino acids and derivatives	0.624	Organic compounds; Organoheterocyclic compounds; Amino acids, peptides, and analogues; Organic acids and derivatives; Carboxylic acids and derivatives; Organonitrogen compounds; Organooxygen compounds; Amino acids and derivatives; Carboxylic acids; Carbonyl compounds; Benzene and substituted derivatives; Benzenoids; Amines; Organic oxides; Azacyclic compounds; Hydrocarbon derivatives; Organopnictogen compounds; Organic oxygen compounds; Organic nitrogen compounds; Chemical entities	234.086	156	2.602	816974183173717861	816973413124633779	816973413120439474	554	
1	C10H14N2O3	[M + H]+	C10H15N2O3+	Alkaloids	0.800	Nicotinic acid alkaloids	0.858	Pyridine alkaloids	0.857	Organoheterocyclic compounds	0.598	Pyridines and derivatives	0.677					Pyridines and derivatives	0.677	Organic compounds; Organoheterocyclic compounds; Pyridines and derivatives; Alcohols and polyols; Organic acids and derivatives; Carboxylic acids and derivatives; Organonitrogen compounds; Organooxygen compounds; Monoalkylamines; Amines; Primary amines; Organic oxides; Azacyclic compounds; Heteroaromatic compounds; Hydrocarbon derivatives; Organopnictogen compounds; Organic oxygen compounds; Organic nitrogen compounds; Chemical entities	211.107	165	2.758	816974185128264170	816973413208519864	816973413204325559	557	
5	C9H19NOS	[M + Na]+	C9H19NNaOS+	Fatty acids	0.314	Fatty amides	0.057	Phenylalanine-derived alkaloids	0.067	Organic nitrogen compounds	0.982	Organonitrogen compounds	0.978	Amines	0.684	Secondary amines	0.633	Dialkylamines	0.730	Organic compounds; Organosulfur compounds; Alcohols and polyols; Organonitrogen compounds; Organooxygen compounds; Thioethers; Dialkylamines; Amines; Secondary amines; Sulfenyl compounds; Dialkylthioethers; Hydrocarbon derivatives; Organopnictogen compounds; Organic oxygen compounds; Organic nitrogen compounds; Chemical entities	212.110	166	2.763	816974183647674487	816973413284017341	816973413279823036	558	
2	C16H16N6	[M + H]+	C16H17N6+	Alkaloids	0.954	Tryptophan alkaloids	0.689	Simple indole alkaloids	0.274	Organoheterocyclic compounds	1.000	Indoles and derivatives	0.935	Indoles	0.932	3-alkylindoles	0.673	3-alkylindoles	0.673	Organic compounds; Organoheterocyclic compounds; Pyrroles; Indoles and derivatives; Organonitrogen compounds; Azoles; Diazines; Substituted pyrroles; Benzenoids; Amines; Indoles; Imidolactams; Azacyclic compounds; Heteroaromatic compounds; Hydrocarbon derivatives; 3-alkylindoles; Organopnictogen compounds; Organic nitrogen compounds; Chemical entities	293.148	167	2.775	816974189465175335	816973413372097730	816973413367903425	559	
4	C12H10N6O	[M + H]+	C12H11N6O+	Alkaloids	0.913	Pseudoalkaloids (transamidation)	0.334	Purine alkaloids	0.535	Benzenoids	0.965	Benzene and substituted derivatives	0.505					Benzene and substituted derivatives	0.505	Organic compounds; Organoheterocyclic compounds; Organic acids and derivatives; Organonitrogen compounds; Organooxygen compounds; Azoles; Benzene and substituted derivatives; Benzenoids; Amines; Organic oxides; Azacyclic compounds; Heteroaromatic compounds; Hydrocarbon derivatives; Organopnictogen compounds; Organic oxygen compounds; Organic nitrogen compounds; Chemical entities	255.096	171	2.847	816974186755654534	816973413455983815	816973413455983814	561	
3	C17H20N6O4	[M + H]+	C17H21N6O4+	Carbohydrates	0.562	Nucleosides	0.483	Purine nucleosides	0.193	Organic nitrogen compounds	1.000	Organonitrogen compounds	1.000	Amines	0.950	Tertiary amines	0.771	Dialkylarylamines	0.767	Organic compounds; Organoheterocyclic compounds; Alcohols and polyols; Organic acids and derivatives; Organonitrogen compounds; Aniline and substituted anilines; Primary alcohols; Organooxygen compounds; Azoles; Diazines; Secondary alcohols; Benzene and substituted derivatives; Benzenoids; Amines; Tertiary amines; Tertiary alkylarylamines; Dialkylarylamines; Organic oxides; Azacyclic compounds; Heteroaromatic compounds; Hydrocarbon derivatives; Organopnictogen compounds; Organic oxygen compounds; Organic nitrogen compounds; Chemical entities	373.159	177	2.949	816974207001567147	816973413619561681	816973413619561680	564	
5	C16H18N6O3	[M + H]+	C16H19N6O3+	Amino acids and Peptides	0.796	Small peptides	0.170	Purine alkaloids	0.155	Organic acids and derivatives	0.940	Carboxylic acids and derivatives	0.868	Amino acids, peptides, and analogues	0.542	Amino acids and derivatives	0.537	Amino acids and derivatives	0.537	Organic compounds; Organoheterocyclic compounds; Amino acids, peptides, and analogues; Lactams; Organic acids and derivatives; Carboxylic acids and derivatives; Organonitrogen compounds; Organooxygen compounds; Amino acids and derivatives; Azoles; Carboxylic acid amides; Carboxylic acid derivatives; Carbonyl compounds; Benzene and substituted derivatives; Benzenoids; Amines; Organic oxides; Azacyclic compounds; Heteroaromatic compounds; Hydrocarbon derivatives; Organopnictogen compounds; Organic oxygen compounds; Organic nitrogen compounds; Chemical entities	343.149	183	3.055	816974191566522895	816973413778945243	816973413774750938	567	
1	C8H11N	[M + H]+	C8H12N+	Alkaloids	0.843	Nicotinic acid alkaloids	0.086	Phenylalanine-derived alkaloids	0.464	Benzenoids	0.997	Benzene and substituted derivatives	0.987	Aniline and substituted anilines	0.921			Aniline and substituted anilines	0.921	Organic compounds; Organonitrogen compounds; Aniline and substituted anilines; Toluenes; Benzene and substituted derivatives; Benzenoids; Amines; Primary amines; Hydrocarbon derivatives; Organopnictogen compounds; Organic nitrogen compounds; Chemical entities	122.095	189	3.142	816974190983514426	816973413917357285	816973413917357284	571	
1	C12H12N2O2	[M + H]+	C12H13N2O2+	Alkaloids	0.999	Tryptophan alkaloids	0.997	Carboline alkaloids	0.993	Organic acids and derivatives	1.000	Carboxylic acids and derivatives	1.000	Amino acids, peptides, and analogues	0.993	Amino acids and derivatives	0.993	L-alpha-amino acids	0.517	Organic compounds; Organoheterocyclic compounds; Amino acids, peptides, and analogues; Alpha amino acids and derivatives; Pyrroles; Indoles and derivatives; Organic acids and derivatives; Carboxylic acids and derivatives; Organonitrogen compounds; Alkaloids and derivatives; Organooxygen compounds; Amino acids and derivatives; Monocarboxylic acids and derivatives; Harmala alkaloids; Carboxylic acids; Pyridoindoles; Carbonyl compounds; Beta carbolines; Dialkylamines; Alpha amino acids; Benzenoids; Amines; Secondary amines; Indoles; Aralkylamines; Organic oxides; Azacyclic compounds; Heteroaromatic compounds; L-alpha-amino acids; Hydrocarbon derivatives; Amino acids; 3-alkylindoles; Organopnictogen compounds; Organic oxygen compounds; Organic nitrogen compounds; Chemical entities	217.096	193	3.218	816974196356419613	816973413963494634	816973413963494633	573	
2	C11H15N5O3S	[M + H]+	C11H16N5O3S+	Carbohydrates	1.000	Nucleosides	1.000	Purine nucleosides	0.999	Nucleosides, nucleotides, and analogues	0.980	5'-deoxyribonucleosides	0.998	5'-deoxy-5'-thionucleosides	0.995			5'-deoxy-5'-thionucleosides	0.995	Organic compounds; Organoheterocyclic compounds; Organosulfur compounds; Carbohydrates and carbohydrate conjugates; Pyrimidines and pyrimidine derivatives; Imidazoles; Alcohols and polyols; Purines and purine derivatives; Organonitrogen compounds; Nucleosides, nucleotides, and analogues; Organooxygen compounds; Azoles; Thioethers; Aminopyrimidines and derivatives; Diazines; Pentoses; Monosaccharides; Secondary alcohols; Imidazopyrimidines; Glycosyl compounds; Glycosylamines; Polyols; Substituted imidazoles; N-substituted imidazoles; Amines; Primary amines; 1,2-diols; Tetrahydrofurans; 6-aminopurines; Dialkylthioethers; Imidolactams; Azacyclic compounds; Oxacyclic compounds; Heteroaromatic compounds; Hydrocarbon derivatives; 5'-deoxyribonucleosides; 5'-deoxy-5'-thionucleosides; Organopnictogen compounds; Organic oxygen compounds; Organic nitrogen compounds; Chemical entities	298.096	194	3.229	816974194905189966	816973414013826287	816973414009631982	574	
4	C16H18N6O3	[M + H]+	C16H19N6O3+	Amino acids and Peptides	0.531	Small peptides	0.183	Purine alkaloids	0.214	Benzenoids	0.916	Benzene and substituted derivatives	0.751					Benzene and substituted derivatives	0.751	Organic compounds; Organoheterocyclic compounds; Tetrazoles; Lactams; Organic acids and derivatives; Carboxylic acids and derivatives; Organonitrogen compounds; Organooxygen compounds; Azoles; Carboxylic acid derivatives; Carbonyl compounds; Benzene and substituted derivatives; Benzenoids; Organic oxides; Azacyclic compounds; Heteroaromatic compounds; Hydrocarbon derivatives; Organopnictogen compounds; Organic oxygen compounds; Organic nitrogen compounds; Chemical entities	343.149	197	3.289	816974194859052579	816973414076740852	816973414072546547	576	
1	C20H32O6	[M + Na]+	C20H32NaO6+	Terpenoids	0.981	Diterpenoids	0.902	Tetracyclic diterpenoids	0.491	Lipids and lipid-like molecules	0.780	Prenol lipids	0.530	Diterpenoids	0.658			Diterpenoids	0.658	Organic compounds; Lipids and lipid-like molecules; Alcohols and polyols; Prenol lipids; Organic acids and derivatives; Carboxylic acids and derivatives; Primary alcohols; Organooxygen compounds; Monocarboxylic acids and derivatives; Cyclic alcohols and derivatives; Diterpenoids; Secondary alcohols; Carbonyl compounds; Organic oxides; Oxacyclic compounds; Hydrocarbon derivatives; Organic oxygen compounds; Chemical entities	391.206	214	3.564	816974207798485086	816973414143849721	816973414139655416	580	
2	C15H22N2O4	[M + H]+	C15H23N2O4+	Amino acids and Peptides	1.000	Small peptides	1.000	Dipeptides	0.999	Organic acids and derivatives	1.000	Carboxylic acids and derivatives	1.000	Amino acids, peptides, and analogues	1.000	Peptides	0.997	Dipeptides	0.953	Organic compounds; Lipids and lipid-like molecules; Amino acids, peptides, and analogues; Alpha amino acids and derivatives; Phenols; Phenethylamines; Amphetamines and derivatives; Organic acids and derivatives; Carboxylic acids and derivatives; Organonitrogen compounds; Organooxygen compounds; Fatty amides; Amino acids and derivatives; Peptides; Monoalkylamines; Carboxylic acid amides; Carboxylic acid derivatives; Monocarboxylic acids and derivatives; N-acyl-alpha amino acids and derivatives; Carboxylic acids; Secondary carboxylic acid amides; Carbonyl compounds; Benzene and substituted derivatives; Alpha amino acid amides; N-acyl-alpha amino acids; Benzenoids; Amines; Primary amines; Aralkylamines; Fatty Acyls; Organic oxides; N-acyl-L-alpha-amino acids; Hydrocarbon derivatives; Amino acids; Tyrosine and derivatives; Phenylalanine and derivatives; Leucine and derivatives; Organopnictogen compounds; Organic oxygen compounds; 1-hydroxy-2-unsubstituted benzenoids; Organic nitrogen compounds; Dipeptides; Chemical entities	295.164	215	3.589	816974193063889913	816973414265484547	816973414261290242	582	
1	C11H12N2	[M + H]+	C11H13N2+	Alkaloids	0.999	Tryptophan alkaloids	0.992	Carboline alkaloids	0.984	Organoheterocyclic compounds	0.999	Indoles and derivatives	0.964	Pyridoindoles	0.790	Beta carbolines	0.794	Beta carbolines	0.794	Organic compounds; Organoheterocyclic compounds; Pyrroles; Indoles and derivatives; Organonitrogen compounds; Pyridoindoles; Beta carbolines; Dialkylamines; Benzenoids; Amines; Secondary amines; Indoles; Aralkylamines; Azacyclic compounds; Heteroaromatic compounds; Hydrocarbon derivatives; 3-alkylindoles; Organopnictogen compounds; Organic nitrogen compounds; Chemical entities	173.106	220	3.662	816974195790188377	816973414403896589	816973414399702284	585	
1	C10H9N	[M + H]+	C10H10N+	Alkaloids	0.999	Tryptophan alkaloids	0.575	Pyridine alkaloids	0.161	Organoheterocyclic compounds	0.999	Quinolines and derivatives	0.874					Quinolines and derivatives	0.874	Organic compounds; Organoheterocyclic compounds; Pyridines and derivatives; Organonitrogen compounds; Quinolines and derivatives; Benzenoids; Azacyclic compounds; Heteroaromatic compounds; Hydrocarbon derivatives; Methylpyridines; Organopnictogen compounds; Organic nitrogen compounds; Chemical entities	144.080	220	3.670	816974193105832977	816973414491976978	816973414491976977	586	
1	C13H14N2O2	[M + H]+	C13H15N2O2+	Alkaloids	0.999	Tryptophan alkaloids	0.998	Carboline alkaloids	0.992	Organic acids and derivatives	1.000	Carboxylic acids and derivatives	0.999	Amino acids, peptides, and analogues	0.987	Amino acids and derivatives	0.987	Alpha amino acids	0.908	Organic compounds; Organoheterocyclic compounds; Amino acids, peptides, and analogues; Alpha amino acids and derivatives; Pyrroles; Indoles and derivatives; Organic acids and derivatives; Carboxylic acids and derivatives; Organonitrogen compounds; Alkaloids and derivatives; Organooxygen compounds; Amino acids and derivatives; Monocarboxylic acids and derivatives; Harmala alkaloids; Carboxylic acids; Pyridoindoles; Carbonyl compounds; Beta carbolines; Dialkylamines; Alpha amino acids; Benzenoids; Amines; Secondary amines; Indoles; Aralkylamines; Organic oxides; Azacyclic compounds; Heteroaromatic compounds; Hydrocarbon derivatives; Amino acids; 3-alkylindoles; Organopnictogen compounds; Organic oxygen compounds; Organic nitrogen compounds; Chemical entities	231.112	225	3.746	816974194888412730	816973414580057367	816973414575863062	589	
1	C9H13NO4	[M + Na]+	C9H13NNaO4+	Alkaloids	0.848	Ornithine alkaloids	0.793	Pyrrolidine alkaloids	0.882	Organic acids and derivatives	0.991	Carboxylic acids and derivatives	0.989	Amino acids, peptides, and analogues	0.896	Amino acids and derivatives	0.896	Alpha amino acids	0.737	Organic compounds; Organoheterocyclic compounds; Amino acids, peptides, and analogues; Alpha amino acids and derivatives; Alcohols and polyols; Pyrrolidines; Organic acids and derivatives; Carboxylic acids and derivatives; Organonitrogen compounds; Organooxygen compounds; Amino acids and derivatives; Monocarboxylic acids and derivatives; Carboxylic acids; Secondary alcohols; Carbonyl compounds; Pyrrolidine carboxylic acids and derivatives; Alpha amino acids; Pyrrolidine carboxylic acids; Amines; Organic oxides; Azacyclic compounds; Hydrocarbon derivatives; Amino acids; Organopnictogen compounds; Organic oxygen compounds; Organic nitrogen compounds; Chemical entities	222.075	226	3.771	816974196817793250	816973414642971932	816973414642971931	590	
1	C12H16N2O5	[M + H]+	C12H17N2O5+	Amino acids and Peptides	0.988	Small peptides	0.992	Aminoacids	0.698	Organic acids and derivatives	0.999	Carboxylic acids and derivatives	0.997	Amino acids, peptides, and analogues	0.975	Amino acids and derivatives	0.974	Phenylalanine and derivatives	0.905	Organic compounds; Amino acids, peptides, and analogues; Alpha amino acids and derivatives; Phenethylamines; Amphetamines and derivatives; Phenylpropanoids and polyketides; Organic acids and derivatives; Carboxylic acids and derivatives; Organonitrogen compounds; Primary alcohols; Organooxygen compounds; Amino acids and derivatives; Monoalkylamines; Carboxylic acid amides; Carboxylic acid derivatives; Monocarboxylic acids and derivatives; N-acyl-alpha amino acids and derivatives; Carboxylic acids; Carbonyl compounds; Benzene and substituted derivatives; N-acyl-alpha amino acids; Alpha amino acids; Benzenoids; Amines; Primary amines; Phenylpropanoic acids; Organic oxides; Hydrocarbon derivatives; Amino acids; Phenylalanine and derivatives; Organopnictogen compounds; Organic oxygen compounds; Organic nitrogen compounds; Chemical entities	269.112	237	3.953	816974200479423080	816973415104345402	816973415100151097	603	
1	C11H16N2O3	[M + H]+	C11H17N2O3+	Amino acids and Peptides	0.840	Small peptides	0.759	Aminoacids	0.485	Organic acids and derivatives	0.963	Carboxylic acids and derivatives	0.879	Amino acids, peptides, and analogues	0.556	Amino acids and derivatives	0.556	Amino acids and derivatives	0.556	Organic compounds; Organoheterocyclic compounds; Amino acids, peptides, and analogues; Organic acids and derivatives; Carboxylic acids and derivatives; Organonitrogen compounds; Organooxygen compounds; Amino acids and derivatives; Carboxylic acid derivatives; Monocarboxylic acids and derivatives; Carbonyl compounds; Organic oxides; Azacyclic compounds; Heteroaromatic compounds; Hydrocarbon derivatives; Organopnictogen compounds; Organic oxygen compounds; Organic nitrogen compounds; Chemical entities	225.122	238	3.972	816974193583983805	816973415171454271	816973415167259966	605	
1	C15H27N3O5	[M + H]+	C15H28N3O5+	Amino acids and Peptides	1.000	Small peptides	1.000	Dipeptides	0.948	Organic acids and derivatives	1.000	Carboxylic acids and derivatives	1.000	Amino acids, peptides, and analogues	1.000	Peptides	0.995	Dipeptides	0.821	Organic compounds; Organoheterocyclic compounds; Amino acids, peptides, and analogues; Alpha amino acids and derivatives; Pyrrolidines; Organic acids and derivatives; Carboxylic acids and derivatives; Organonitrogen compounds; Organooxygen compounds; Amino acids and derivatives; Peptides; Monoalkylamines; Carboxylic acid amides; Carboxylic acid derivatives; Monocarboxylic acids and derivatives; N-acyl-alpha amino acids and derivatives; Carboxylic acids; Tertiary carboxylic acid amides; Carbonyl compounds; Pyrrolidine carboxylic acids and derivatives; Alpha amino acid amides; N-acyl-alpha amino acids; Pyrrolidine carboxylic acids; Amines; Primary amines; N-acylpyrrolidines; Organic oxides; Azacyclic compounds; N-acyl-L-alpha-amino acids; Hydrocarbon derivatives; Amino acids; Proline and derivatives; Organopnictogen compounds; Organic oxygen compounds; Organic nitrogen compounds; Dipeptides; Chemical entities	330.200	242	4.029	816974197254001059	816973415385363795	816973415385363794	610	
1	C8H10N2O2	[M + H]+	C8H11N2O2+	Amino acids and Peptides	0.884	Small peptides	0.907	Aminoacids	0.857	Organic acids and derivatives	0.997	Carboxylic acids and derivatives	0.995	Amino acids, peptides, and analogues	0.886	Amino acids and derivatives	0.885	Alpha amino acids and derivatives	0.798	Organic compounds; Organoheterocyclic compounds; Amino acids, peptides, and analogues; Alpha amino acids and derivatives; Organic acids and derivatives; Carboxylic acids and derivatives; Organonitrogen compounds; Organooxygen compounds; Amino acids and derivatives; Monocarboxylic acids and derivatives; Carboxylic acids; Carbonyl compounds; Organic oxides; Azacyclic compounds; Heteroaromatic compounds; Hydrocarbon derivatives; Organopnictogen compounds; Organic oxygen compounds; Organic nitrogen compounds; Chemical entities	167.081	242	4.032	816974197933478541	816973415506998621	816973415506998620	613	
4	C14H28N6O9	[M + K]+	C14H28KN6O9+	Carbohydrates	0.995	Nucleosides	0.850	Purine nucleosides	0.734	Organic acids and derivatives	0.778	Carboxylic acids and derivatives	0.471	Amino acids, peptides, and analogues	0.586	Amino acids and derivatives	0.579	Alpha amino acids and derivatives	0.653	Organic compounds; Organoheterocyclic compounds; Carbohydrates and carbohydrate conjugates; Amino acids, peptides, and analogues; Alpha amino acids and derivatives; Imidazoles; Alcohols and polyols; Organic acids and derivatives; Organonitrogen compounds; Primary alcohols; Organooxygen compounds; Amino acids and derivatives; Monoalkylamines; Pentoses; Monosaccharides; Secondary alcohols; Carbonyl compounds; Glycosyl compounds; Glycosylamines; Substituted imidazoles; N-substituted imidazoles; Amines; Primary amines; Tetrahydrofurans; Organic oxides; Oxacyclic compounds; Hydrocarbon derivatives; Organopnictogen compounds; Organic oxygen compounds; Organic nitrogen compounds; Chemical entities	463.156	247	4.122	816974212479328919	816973415683159404	816973415683159403	626	
5	C14H26FNO4	[M + Na]+	C14H26FNNaO4+	Alkaloids	0.244	Ornithine alkaloids	0.425	Tropane alkaloids	0.049	Organic acids and derivatives	0.992	Carboxylic acids and derivatives	0.987	Amino acids, peptides, and analogues	0.699	Amino acids and derivatives	0.698	Amino acids and derivatives	0.698	Organic compounds; Lipids and lipid-like molecules; Amino acids, peptides, and analogues; Organic acids and derivatives; Carboxylic acids and derivatives; Organohalogen compounds; Organonitrogen compounds; Organooxygen compounds; Amino acids and derivatives; Carboxylic acid amides; Alkyl fluorides; Carboxylic acid derivatives; Monocarboxylic acids and derivatives; Carboxylic acid esters; Organofluorides; Carbonyl compounds; Amines; Alkyl halides; Fatty Acyls; Organic oxides; Hydrocarbon derivatives; Organopnictogen compounds; Organic oxygen compounds; Organic nitrogen compounds; Chemical entities	314.174	251	4.186	816974206074625749	816973415817377147	816973415817377146	632	
1	C15H25N3O6	[M + H]+	C15H26N3O6+	Amino acids and Peptides	1.000	Small peptides	1.000	Dipeptides	0.972	Organic acids and derivatives	1.000	Carboxylic acids and derivatives	1.000	Amino acids, peptides, and analogues	1.000	Peptides	0.985	Dipeptides	0.865	Organic compounds; Organoheterocyclic compounds; Amino acids, peptides, and analogues; Alpha amino acids and derivatives; Pyrrolidines; Organic acids and derivatives; Carboxylic acids and derivatives; Organonitrogen compounds; Organooxygen compounds; Amino acids and derivatives; Peptides; Monoalkylamines; Carboxylic acid amides; Carboxylic acid derivatives; Monocarboxylic acids and derivatives; N-acyl-alpha amino acids and derivatives; Carboxylic acids; Tertiary carboxylic acid amides; Carbonyl compounds; Pyrrolidine carboxylic acids and derivatives; Alpha amino acid amides; N-acyl-alpha amino acids; Pyrrolidine carboxylic acids; Amines; Primary amines; N-acylpyrrolidines; Organic oxides; Azacyclic compounds; N-acyl-L-alpha-amino acids; Hydrocarbon derivatives; Amino acids; Proline and derivatives; Organopnictogen compounds; Organic oxygen compounds; Organic nitrogen compounds; Dipeptides; Chemical entities	344.180	252	4.205	816974205579697739	816973415867708800	816973415867708799	633	
1	C24H44O11	[M + Na]+	C24H44NaO11+	Terpenoids	0.442	Macrolides	0.190	Open-chain polyketides	0.145	Organic oxygen compounds	1.000	Organooxygen compounds	0.999	Carbohydrates and carbohydrate conjugates	0.929	Glycosyl compounds	0.793	O-glycosyl compounds	0.782	Organic compounds; Organoheterocyclic compounds; Carbohydrates and carbohydrate conjugates; Lipids and lipid-like molecules; Alcohols and polyols; Ethers; Organic acids and derivatives; Carboxylic acids and derivatives; Primary alcohols; Organooxygen compounds; Carboxylic acid derivatives; Carboxylic acid esters; Monosaccharides; Acetals; Secondary alcohols; Carbonyl compounds; Oxanes; Glycosyl compounds; O-glycosyl compounds; Polyols; Fatty Acyls; Organic oxides; Oxacyclic compounds; Hydrocarbon derivatives; Organic oxygen compounds; Chemical entities	531.275	255	4.253	816974212278002269	816973416064841103	816973416060646798	636	
1	C10H13NO4	[M - H2O + H]+	C10H12NO3+	Amino acids and Peptides	0.846	Small peptides	0.923	Dipeptides	0.680	Organic acids and derivatives	1.000	Carboxylic acids and derivatives	1.000	Amino acids, peptides, and analogues	0.989	Amino acids and derivatives	0.989	Tyrosine and derivatives	0.973	Organic compounds; Amino acids, peptides, and analogues; Alpha amino acids and derivatives; Phenols; Phenethylamines; Amphetamines and derivatives; Phenylpropanoids and polyketides; Organic acids and derivatives; Carboxylic acids and derivatives; Organonitrogen compounds; Organooxygen compounds; Amino acids and derivatives; Carboxylic acid amides; Carboxylic acid derivatives; Monocarboxylic acids and derivatives; N-acyl-alpha amino acids and derivatives; Carboxylic acids; Secondary carboxylic acid amides; Carbonyl compounds; Benzene and substituted derivatives; N-acyl-alpha amino acids; Benzenoids; Phenylpropanoic acids; Acetamides; Organic oxides; Hydrocarbon derivatives; Tyrosine and derivatives; Phenylalanine and derivatives; Organopnictogen compounds; Organic oxygen compounds; 1-hydroxy-2-unsubstituted benzenoids; Organic nitrogen compounds; Chemical entities	194.080	256	4.270	816974206577942354	816973416127755668	816973416127755667	638	
1	C14H18N2O3	[M + H]+	C14H19N2O3+	Amino acids and Peptides	1.000	Small peptides	1.000	Dipeptides	0.999	Organic acids and derivatives	1.000	Carboxylic acids and derivatives	1.000	Amino acids, peptides, and analogues	1.000	Peptides	0.965	Dipeptides	0.951	Organic compounds; Organoheterocyclic compounds; Amino acids, peptides, and analogues; Alpha amino acids and derivatives; Phenethylamines; Amphetamines and derivatives; Pyrrolidines; Organic acids and derivatives; Carboxylic acids and derivatives; Organonitrogen compounds; Organooxygen compounds; Amino acids and derivatives; Peptides; Monoalkylamines; Carboxylic acid amides; Carboxylic acid derivatives; Monocarboxylic acids and derivatives; N-acyl-alpha amino acids and derivatives; Carboxylic acids; Tertiary carboxylic acid amides; Carbonyl compounds; Pyrrolidine carboxylic acids and derivatives; Benzene and substituted derivatives; Alpha amino acid amides; N-acyl-alpha amino acids; Pyrrolidine carboxylic acids; Benzenoids; Amines; Primary amines; N-acylpyrrolidines; Aralkylamines; Organic oxides; Azacyclic compounds; N-acyl-L-alpha-amino acids; Hydrocarbon derivatives; Amino acids; Proline and derivatives; Organopnictogen compounds; Organic oxygen compounds; Organic nitrogen compounds; Dipeptides; Chemical entities	263.138	260	4.327	816974207278391275	816973416182281625	816973416182281624	644	
2	C17H15FN2O	[M + H]+	C17H16FN2O+	Alkaloids	0.367	Tryptophan alkaloids	0.223	Carboline alkaloids	0.094	Benzenoids	1.000	Naphthalenes	0.785					Naphthalenes	0.785	Organic compounds; Naphthalenes; Halobenzenes; Benzoic acids and derivatives; Benzamides; Organic acids and derivatives; Carboxylic acids and derivatives; Organohalogen compounds; Organonitrogen compounds; Benzoyl derivatives; Organooxygen compounds; Carboxylic acid amides; Aryl fluorides; Carboxylic acid derivatives; Fluorobenzenes; Organofluorides; Secondary carboxylic acid amides; Benzene and substituted derivatives; Benzenoids; Aryl halides; Halobenzoic acids and derivatives; Organic oxides; Hydrocarbon derivatives; Organopnictogen compounds; Organic oxygen compounds; Organic nitrogen compounds; Chemical entities	283.125	264	4.396	816974216795268605	816973416358442408	816973416350053799	648	
2	C20H16N2O4	[M + H]+	C20H17N2O4+	Alkaloids	0.944	Tryptophan alkaloids	0.548	Pyridine alkaloids	0.256	Benzenoids	0.984	Benzene and substituted derivatives	0.502					Benzene and substituted derivatives	0.502	Organic compounds; Organoheterocyclic compounds; Organic acids and derivatives; Carboxylic acids and derivatives; Organonitrogen compounds; Organooxygen compounds; Carboxylic acid amides; Carboxylic acid derivatives; Carbonyl compounds; Benzene and substituted derivatives; Benzenoids; Organic oxides; Azacyclic compounds; Heteroaromatic compounds; Hydrocarbon derivatives; Organopnictogen compounds; Organic oxygen compounds; Organic nitrogen compounds; Chemical entities	349.116	264	4.403	816974221660662298	816973416488465842	816973416488465841	656	
1	C10H8N4O4	[M + H]+	C10H9N4O4+	Alkaloids	0.729	Pseudoalkaloids (transamidation)	0.450	Purine alkaloids	0.647	Organoheterocyclic compounds	0.966	Pteridines and derivatives	0.581	Alloxazines and isoalloxazines	0.586			Alloxazines and isoalloxazines	0.586	Organic compounds; Organoheterocyclic compounds; Pyrimidines and pyrimidine derivatives; Pteridines and derivatives; Organic acids and derivatives; Organonitrogen compounds; Pyrimidones; Organooxygen compounds; Alloxazines and isoalloxazines; Diazines; Benzenoids; Organic 1,3-dipolar compounds; Vinylogous amides; Organic oxides; Azacyclic compounds; Heteroaromatic compounds; Hydrocarbon derivatives; Organopnictogen compounds; Organic oxygen compounds; Organic nitrogen compounds; Chemical entities	249.063	265	4.410	816974219328628846	816973416551380407	816973416547186102	659	
1	C20H25NO4	[M + H]+	C20H26NO4+	Alkaloids	0.996	Tyrosine alkaloids	0.947	Isoquinoline alkaloids	0.387	Organoheterocyclic compounds	0.596	Isoquinolines and derivatives	0.560	Benzylisoquinolines	0.703			Benzylisoquinolines	0.703	Organic compounds; Organoheterocyclic compounds; Benzylisoquinolines; Alkyl aryl ethers; Phenols; Anisoles; Methoxyphenols; Ethers; Organic acids and derivatives; Carboxylic acids and derivatives; Organonitrogen compounds; Organooxygen compounds; Carboxylic acid derivatives; Benzene and substituted derivatives; Phenol ethers; Benzenoids; Isoquinolines and derivatives; Tetrahydroisoquinolines; Organic oxides; Methoxybenzenes; Azacyclic compounds; Hydrocarbon derivatives; Organopnictogen compounds; Organic oxygen compounds; 1-hydroxy-2-unsubstituted benzenoids; Organic nitrogen compounds; Phenoxy compounds; Chemical entities	344.184	275	4.586	816974221266397585	816973416937256410	816973416933062105	675	
1	C10H20O4S	[M + H]+	C10H21O4S+	Fatty acids	0.263	Phenylpropanoids (C6-C3)	0.087	Cinnamic acids and derivatives	0.097	Benzenoids	0.859	Benzene and substituted derivatives	0.837					Benzene and substituted derivatives	0.837	Organic compounds; Organosulfur compounds; Lipids and lipid-like molecules; Organic acids and derivatives; Carboxylic acids and derivatives; Organosulfonic acids and derivatives; Organooxygen compounds; Monocarboxylic acids and derivatives; Sulfonyls; Organosulfonic acid esters; Carboxylic acid esters; Carbonyl compounds; Benzene and substituted derivatives; Benzenoids; Alkanesulfonic acids and derivatives; Fatty Acyls; Organic oxides; Hydrocarbon derivatives; Organic sulfonic acids and derivatives; Sulfonic acid esters; Organic oxygen compounds; Chemical entities	237.113	276	4.593	816974223480990997	816973417000170975	816973417000170974	677	
4	C23H45N9	[M + Na]+	C23H45N9Na+	Alkaloids	0.917	Guanidine alkaloids	0.678	Polyamines	0.461	Organic nitrogen compounds	1.000	Organonitrogen compounds	1.000	Guanidines	0.791			Guanidines	0.791	Organic compounds; Organoheterocyclic compounds; Organonitrogen compounds; Guanidines; Carboximidamides; Azacyclic compounds; Hydrocarbon derivatives; Organopnictogen compounds; Organic nitrogen compounds; Chemical entities	470.368	276	4.598	816974227742404545	816973417105028585	816973417105028584	676	
1	C19H21NO4	[M + H]+	C19H22NO4+	Alkaloids	0.998	Tyrosine alkaloids	0.993	Aporphine alkaloids	0.574	Alkaloids and derivatives	0.667	Aporphines	0.664					Aporphines	0.664	Organic compounds; Organoheterocyclic compounds; Naphthalenes; Phenanthrenes and derivatives; Alkyl aryl ethers; Anisoles; Ethers; Organonitrogen compounds; Alkaloids and derivatives; Organooxygen compounds; Aporphines; Phenol ethers; Benzenoids; Azacyclic compounds; Hydrocarbon derivatives; Organopnictogen compounds; Organic oxygen compounds; Organic nitrogen compounds; Chemical entities	328.153	278	4.632	816974229294297209	816973417155360238	816973417151165933	682	
1	C19H34N4O6	[M + H]+	C19H35N4O6+	Amino acids and Peptides	0.998	Small peptides	0.995	Tripeptides	0.691	Organic acids and derivatives	1.000	Carboxylic acids and derivatives	1.000	Amino acids, peptides, and analogues	0.998	Peptides	0.975	Oligopeptides	0.780	Organic compounds; Organoheterocyclic compounds; Lipids and lipid-like molecules; Amino acids, peptides, and analogues; Alpha amino acids and derivatives; Pyrrolidines; Organic acids and derivatives; Carboxylic acids and derivatives; Organonitrogen compounds; Organooxygen compounds; Amino acids and derivatives; Peptides; Monoalkylamines; Carboxylic acid amides; Carboxylic acid derivatives; Monocarboxylic acids and derivatives; N-acyl-alpha amino acids and derivatives; Carboxylic acids; Secondary carboxylic acid amides; Tertiary carboxylic acid amides; Carbonyl compounds; Pyrrolidine carboxylic acids and derivatives; Alpha amino acid amides; N-acyl-alpha amino acids; Pyrrolidine carboxylic acids; Amines; Primary amines; N-acylpyrrolidines; Fatty Acyls; Organic oxides; Azacyclic compounds; Hydrocarbon derivatives; Amino acids; Proline and derivatives; Organopnictogen compounds; Organic oxygen compounds; Organic nitrogen compounds; Oligopeptides; Chemical entities	415.252	280	4.661	816974229055221854	816973417209886195	816973417209886194	685	
4	C18H15FN2	[M + H]+	C18H16FN2+	Alkaloids	0.877	Tryptophan alkaloids	0.382	Carboline alkaloids	0.100	Benzenoids	1.000	Benzene and substituted derivatives	0.993	Phenethylamines	0.614			Phenethylamines	0.614	Organic compounds; Organoheterocyclic compounds; Halobenzenes; Phenethylamines; Organohalogen compounds; Organonitrogen compounds; Aryl fluorides; Fluorobenzenes; Organofluorides; Benzene and substituted derivatives; Benzenoids; Amines; Secondary amines; Aryl halides; Aralkylamines; Azacyclic compounds; Heteroaromatic compounds; Hydrocarbon derivatives; Organopnictogen compounds; Organic nitrogen compounds; Chemical entities	279.130	284	4.727	816974241210315637	816973417578984972	816973417578984971	689	
2	C7H14N2O2	[M + Na]+	C7H14N2NaO2+	Amino acids and Peptides	0.728	Small peptides	0.878	Aminoacids	0.819	Organic acids and derivatives	0.998	Carboxylic acids and derivatives	0.996	Amino acids, peptides, and analogues	0.984	Amino acids and derivatives	0.984	Alpha amino acids	0.594	Organic compounds; Organoheterocyclic compounds; Amino acids, peptides, and analogues; Alpha amino acids and derivatives; Organic acids and derivatives; Carboxylic acids and derivatives; Organonitrogen compounds; Organooxygen compounds; Amino acids and derivatives; Monocarboxylic acids and derivatives; Carboxylic acids; Carbonyl compounds; Trialkylamines; Alpha amino acids; Amines; Tertiary amines; Organic oxides; Azacyclic compounds; Hydrocarbon derivatives; Amino acids; Organopnictogen compounds; Organic oxygen compounds; Organic nitrogen compounds; Chemical entities	181.096	286	4.761	816974244704171150	816973417688036886	816973417688036885	693	
10	C20H10N4O4	[M + H]+	C20H11N4O4+	Alkaloids	0.784	Anthranilic acid alkaloids	0.497	Pyrroloquinoline alkaloids	0.392	Benzenoids	0.988	Benzene and substituted derivatives	0.789	Nitrobenzenes	0.622			Nitrobenzenes	0.622	Organic compounds; Organoheterocyclic compounds; Nitrobenzenes; Organic acids and derivatives; Carboxylic acids and derivatives; Organonitrogen compounds; Organooxygen compounds; Organic nitro compounds; Organic oxoazanium compounds; Benzene and substituted derivatives; Benzenoids; Organic 1,3-dipolar compounds; Allyl-type 1,3-dipolar organic compounds; Propargyl-type 1,3-dipolar organic compounds; Organic oxides; C-nitro compounds; Azacyclic compounds; Heteroaromatic compounds; Hydrocarbon derivatives; Organopnictogen compounds; Organic oxygen compounds; Nitroaromatic compounds; Organic nitrogen compounds; Chemical entities	371.079	286	4.770	816974264887163405	816973417880974885	816973417880974884	699	
10	C14H20O8S	[M + K]+	C14H20KO8S+	Polyketides	0.230	Macrolides	0.410	Macrolide lactones	0.303	Organic acids and derivatives	0.982	Organic sulfonic acids and derivatives	0.485	Sulfonic acid esters	0.626			Sulfonic acid esters	0.626	Organic compounds; Organoheterocyclic compounds; Organosulfur compounds; Organic acids and derivatives; Carboxylic acids and derivatives; Organooxygen compounds; Carboxylic acid derivatives; Sulfonyls; Organosulfonic acid esters; Carboxylic acid esters; Carbonyl compounds; Organic oxides; Oxacyclic compounds; Hydrocarbon derivatives; Sulfonic acid esters; Organic oxygen compounds; Chemical entities	387.051	286	4.771	816974270503337149	816973417952278058	816973417948083753	700	
1	C9H8O6S	[M + Na]+	C9H8NaO6S+	Shikimates and Phenylpropanoids	0.880	Phenolic acids (C6-C1)	0.902	Simple phenolic acids	0.904	Benzenoids	0.591	Benzene and substituted derivatives	0.621					Benzene and substituted derivatives	0.621	Organic compounds; Organosulfur compounds; Organic acids and derivatives; Carboxylic acids and derivatives; Organooxygen compounds; Carboxylic acids; Carbonyl compounds; Benzene and substituted derivatives; Benzenoids; Organic oxides; Hydrocarbon derivatives; Organic oxygen compounds; Chemical entities	266.994	286	4.773	816974261972121835	816973418010998319	816973418010998318	701	
3	C26H43N3O6	[M + Na]+	C26H43N3NaO6+	Amino acids and Peptides	0.956	Oligopeptides	0.750	Tripeptides	0.167	Organic acids and derivatives	1.000	Carboxylic acids and derivatives	0.999	Amino acids, peptides, and analogues	0.995	Peptides	0.780	Peptides	0.780	Organic compounds; Organoheterocyclic compounds; Lipids and lipid-like molecules; Amino acids, peptides, and analogues; Alpha amino acids and derivatives; Organic acids and derivatives; Carboxylic acids and derivatives; Organonitrogen compounds; Organooxygen compounds; Fatty amides; Amino acids and derivatives; Peptides; Alpha amino acid esters; Carboxylic acid amides; Carboxylic acid derivatives; N-acyl amines; Monocarboxylic acids and derivatives; N-acyl-alpha amino acids and derivatives; Carboxylic acid esters; Secondary carboxylic acid amides; Carbonyl compounds; Alpha amino acid amides; Fatty Acyls; Organic oxides; Hydrocarbon derivatives; Valine and derivatives; Organopnictogen compounds; Organic oxygen compounds; Organic nitrogen compounds; Chemical entities	516.300	288	4.792	816974269442178080	816973418149410361	816973418149410360	709	
1	C13H12N2O	[M + H]+	C13H13N2O+	Alkaloids	1.000	Tryptophan alkaloids	0.994	Carboline alkaloids	0.989	Alkaloids and derivatives	0.621	Harmala alkaloids	0.707					Harmala alkaloids	0.707	Organic compounds; Organoheterocyclic compounds; Pyridines and derivatives; Pyrroles; Alcohols and polyols; Indoles and derivatives; Organonitrogen compounds; Alkaloids and derivatives; Primary alcohols; Organooxygen compounds; Harmala alkaloids; Pyridoindoles; Beta carbolines; Benzenoids; Indoles; Azacyclic compounds; Heteroaromatic compounds; Hydrocarbon derivatives; Organopnictogen compounds; Organic oxygen compounds; Organic nitrogen compounds; Chemical entities	213.101	290	4.831	816974271665159429	816973418300405315	816973418296211010	710	
1	C24H46N4O5	[M + H]+	C24H47N4O5+	Amino acids and Peptides	0.965	Small peptides	0.668	Tripeptides	0.675	Organic acids and derivatives	0.997	Carboxylic acids and derivatives	0.993	Amino acids, peptides, and analogues	0.942	Peptides	0.701	Peptides	0.701	Organic compounds; Lipids and lipid-like molecules; Amino acids, peptides, and analogues; Alpha amino acids and derivatives; Alcohols and polyols; Organic acids and derivatives; Carboxylic acids and derivatives; Organonitrogen compounds; Organooxygen compounds; Fatty amides; Amino acids and derivatives; Peptides; Carboxylic acid amides; Carboxylic acid derivatives; N-acyl amines; N-acyl-alpha amino acids and derivatives; Secondary carboxylic acid amides; Carbonyl compounds; Alpha amino acid amides; Fatty Acyls; Organic oxides; Hydrocarbon derivatives; Organopnictogen compounds; Organic oxygen compounds; Organic nitrogen compounds; Chemical entities	471.352	292	4.859	816974281144286991	816973418501731922	816973418501731921	713	
2	C4H10N6O4	[M + H]+	C4H11N6O4+	Amino acids and Peptides	0.631	Small peptides	0.651	Aminoacids	0.642	Organic acids and derivatives	0.979	Carboxylic acids and derivatives	0.953	Amino acids, peptides, and analogues	0.806	Amino acids and derivatives	0.800	Alpha amino acids and derivatives	0.640	Organic compounds; Amino acids, peptides, and analogues; Alpha amino acids and derivatives; Alcohols and polyols; Organic acids and derivatives; Carboxylic acids and derivatives; Organonitrogen compounds; Organooxygen compounds; Amino acids and derivatives; Guanidines; Monocarboxylic acids and derivatives; Carboxylic acids; Secondary alcohols; Carbonyl compounds; Amines; Primary amines; Organic oxides; Hydrocarbon derivatives; Amino acids; Organopnictogen compounds; Organic oxygen compounds; Organic nitrogen compounds; Chemical entities	207.083	292	4.871	816974283782504542	816973418568840791	816973418568840790	716	
1	C11H11NO3	[M + H]+	C11H12NO3+	Alkaloids	0.999	Tryptophan alkaloids	0.996	Simple indole alkaloids	0.996	Organoheterocyclic compounds	1.000	Indoles and derivatives	0.997	Indolyl carboxylic acids and derivatives	0.771			Indolyl carboxylic acids and derivatives	0.771	Organic compounds; Organoheterocyclic compounds; Pyrroles; Alcohols and polyols; Indoles and derivatives; Organic acids and derivatives; Carboxylic acids and derivatives; Organonitrogen compounds; Organooxygen compounds; Hydroxy acids and derivatives; Monocarboxylic acids and derivatives; Carboxylic acids; Indolyl carboxylic acids and derivatives; Alpha hydroxy acids and derivatives; Secondary alcohols; Carbonyl compounds; Substituted pyrroles; Benzenoids; Indoles; Organic oxides; Azacyclic compounds; Heteroaromatic compounds; Hydrocarbon derivatives; 3-alkylindoles; Organopnictogen compounds; Organic oxygen compounds; Organic nitrogen compounds; Chemical entities	206.080	292	4.871	816974287746122401	816973418652726876	816973418652726875	717	
2	C17H31N3O4	[M + H]+	C17H32N3O4+	Amino acids and Peptides	0.927	Small peptides	0.743	Dipeptides	0.642	Organic acids and derivatives	0.973	Carboxylic acids and derivatives	0.962	Amino acids, peptides, and analogues	0.847	Amino acids and derivatives	0.840	N-acyl-alpha amino acids and derivatives	0.729	Organic compounds; Lipids and lipid-like molecules; Amino acids, peptides, and analogues; Alpha amino acids and derivatives; Organic acids and derivatives; Carboxylic acids and derivatives; Organonitrogen compounds; Organooxygen compounds; Fatty amides; Amino acids and derivatives; Carboxylic acid amides; Carboxylic acid derivatives; Monocarboxylic acids and derivatives; N-acyl-alpha amino acids and derivatives; Secondary carboxylic acid amides; Carbonyl compounds; Benzene and substituted derivatives; Alpha amino acid amides; Benzenoids; Fatty Acyls; Organic oxides; Hydrocarbon derivatives; Organopnictogen compounds; Organic oxygen compounds; Organic nitrogen compounds; Chemical entities	342.237	293	4.887	816974298735208274	816973418770167398	816973418765973093	722	
1	C9H17NO3	[M + H]+	C9H18NO3+	Amino acids and Peptides	0.973	Small peptides	0.996	Dipeptides	0.870	Organic acids and derivatives	1.000	Carboxylic acids and derivatives	1.000	Amino acids, peptides, and analogues	0.974	Amino acids and derivatives	0.973	N-acyl-alpha amino acids	0.952	Organic compounds; Lipids and lipid-like molecules; Amino acids, peptides, and analogues; Alpha amino acids and derivatives; Fatty acids and conjugates; Organic acids and derivatives; Carboxylic acids and derivatives; Organonitrogen compounds; Organooxygen compounds; Amino acids and derivatives; Carboxylic acid amides; Carboxylic acid derivatives; Monocarboxylic acids and derivatives; N-acyl-alpha amino acids and derivatives; Carboxylic acids; Secondary carboxylic acid amides; Carbonyl compounds; N-acyl-alpha amino acids; Fatty Acyls; Acetamides; Organic oxides; Hydrocarbon derivatives; Organopnictogen compounds; Organic oxygen compounds; Organic nitrogen compounds; Chemical entities	188.127	294	4.904	816974291919455051	816973418942133877	816973418942133876	726	
5	C16H32N6O7	[M + H]+	C16H33N6O7+	Amino acids and Peptides	0.923	Small peptides	0.703	Dipeptides	0.325	Organic acids and derivatives	0.995	Carboxylic acids and derivatives	0.991	Amino acids, peptides, and analogues	0.961	Amino acids and derivatives	0.959	Alpha amino acids	0.730	Organic compounds; Organoheterocyclic compounds; Amino acids, peptides, and analogues; Alpha amino acids and derivatives; Organic acids and derivatives; Carboxylic acids and derivatives; Organonitrogen compounds; Organooxygen compounds; Amino acids and derivatives; Monocarboxylic acids and derivatives; Carboxylic acids; Carbonyl compounds; Alpha amino acids; Amines; Organic oxides; Azacyclic compounds; Hydrocarbon derivatives; Amino acids; Organopnictogen compounds; Organic oxygen compounds; Organic nitrogen compounds; Chemical entities	421.240	297	4.952	816974305152494165	816973419130877572	816973419126683267	734	
4	C24H32N10O2	[M + H]+	C24H33N10O2+	Alkaloids	0.605	Tryptophan alkaloids	0.040	Purine alkaloids	0.024	Benzenoids	0.801	Benzene and substituted derivatives	0.667	N-phenylureas	0.625			N-phenylureas	0.625	Organic compounds; Organoheterocyclic compounds; Pyrimidines and pyrimidine derivatives; Oxazinanes; Ethers; Organic acids and derivatives; Organonitrogen compounds; Organooxygen compounds; Organic carbonic acids and derivatives; Morpholines; Azoles; Ureas; Dialkyl ethers; Aminopyrimidines and derivatives; Diazines; Carbonyl compounds; N-phenylureas; Trialkylamines; Benzene and substituted derivatives; Benzenoids; Amines; Tertiary amines; Imidolactams; Organic oxides; Azacyclic compounds; Oxacyclic compounds; Heteroaromatic compounds; Hydrocarbon derivatives; Organopnictogen compounds; Organic oxygen compounds; Organic nitrogen compounds; Chemical entities	493.280	299	4.979	816974310261157954	816973419227346574	816973419227346573	740	
1	C9H11NO3	[M + H]+	C9H12NO3+	Amino acids and Peptides	0.997	Small peptides	1.000	Aminoacids	0.997	Organic acids and derivatives	1.000	Carboxylic acids and derivatives	1.000	Amino acids, peptides, and analogues	0.997	Amino acids and derivatives	0.997	Tyrosine and derivatives	0.735	Organic compounds; Amino acids, peptides, and analogues; Alpha amino acids and derivatives; Phenols; Phenethylamines; Amphetamines and derivatives; Phenylpropanoids and polyketides; Organic acids and derivatives; Carboxylic acids and derivatives; Organonitrogen compounds; Organooxygen compounds; Amino acids and derivatives; Monoalkylamines; Monocarboxylic acids and derivatives; Carboxylic acids; Carbonyl compounds; Benzene and substituted derivatives; Benzenoids; Amines; Primary amines; Phenylpropanoic acids; Organic oxides; Hydrocarbon derivatives; Amino acids; Tyrosine and derivatives; Phenylalanine and derivatives; Organopnictogen compounds; Organic oxygen compounds; 1-hydroxy-2-unsubstituted benzenoids; Organic nitrogen compounds; Chemical entities	182.080	301	5.020	816974307908152728	816973419390924445	816973419390924444	752	
2	C10H21NO3	[M + Na]+	C10H21NNaO3+	Amino acids and Peptides	0.886	Small peptides	0.869	Aminoacids	0.535	Organic acids and derivatives	0.982	Carboxylic acids and derivatives	0.980	Amino acids, peptides, and analogues	0.748	Amino acids and derivatives	0.745	Amino acids and derivatives	0.745	Organic compounds; Lipids and lipid-like molecules; Amino acids, peptides, and analogues; Alcohols and polyols; Organic acids and derivatives; Carboxylic acids and derivatives; Organonitrogen compounds; Primary alcohols; Organooxygen compounds; Amino acids and derivatives; Carboxylic acid derivatives; Monocarboxylic acids and derivatives; Carbonyl compounds; Amines; Fatty Acyls; Organic oxides; Azacyclic compounds; Hydrocarbon derivatives; Organopnictogen compounds; Organic oxygen compounds; Organic nitrogen compounds; Chemical entities	226.140	301	5.024	816974307438390513	816973419449644706	816973419445450401	753	
1	C9H17NO2	[M + Na]+	C9H17NNaO2+	Amino acids and Peptides	0.910	Small peptides	0.931	Aminoacids	0.878	Organic acids and derivatives	0.994	Carboxylic acids and derivatives	0.990	Amino acids, peptides, and analogues	0.805	Amino acids and derivatives	0.805	Alpha amino acids and derivatives	0.503	Organic compounds; Lipids and lipid-like molecules; Amino acids, peptides, and analogues; Alpha amino acids and derivatives; Organic acids and derivatives; Carboxylic acids and derivatives; Organonitrogen compounds; Organooxygen compounds; Amino acids and derivatives; Quaternary ammonium salts; Carboxylic acid derivatives; Monocarboxylic acids and derivatives; Carboxylic acids; Carbonyl compounds; Amines; Organic salts; Fatty Acyls; Organic oxides; Hydrocarbon derivatives; Tetraalkylammonium salts; Organopnictogen compounds; Organic oxygen compounds; Organic nitrogen compounds; Chemical entities	194.115	302	5.027	816974309485211534	816973419558696620	816973419558696619	755	
2	C9H16N6O	[M + Na]+	C9H16N6NaO+	Alkaloids	0.646	Small peptides	0.185	Purine alkaloids	0.087	Organoheterocyclic compounds	0.948	Azoles	0.630					Azoles	0.630	Organic compounds; Organoheterocyclic compounds; Organic acids and derivatives; Organonitrogen compounds; Organooxygen compounds; Azoles; Amines; Organic oxides; Azacyclic compounds; Heteroaromatic compounds; Hydrocarbon derivatives; Organopnictogen compounds; Organic oxygen compounds; Organic nitrogen compounds; Chemical entities	247.129	302	5.037	816974317794128370	816973419764217531	816973419764217530	757	
1	C13H20O3	[M - H2O + H]+	C13H19O2+	Terpenoids	0.788	Sesquiterpenoids	0.307	Bisabolane sesquiterpenoids	0.395	Benzenoids	0.795	Benzene and substituted derivatives	0.671	Phenylpropanes	0.535			Phenylpropanes	0.535	Organic compounds; Ketones; Alcohols and polyols; Organooxygen compounds; Carbonyl compounds; Benzene and substituted derivatives; Benzenoids; Phenylpropanes; Organic oxides; Hydrocarbon derivatives; Organic oxygen compounds; Chemical entities	207.137	303	5.042	816974312412836112	816973419839715008	816973419839715007	761	
1	C10H11NO5	[M + H]+	C10H12NO5+	Alkaloids	0.819	Tryptophan alkaloids	0.280	Aminoacids	0.086	Organic acids and derivatives	0.999	Carboxylic acids and derivatives	0.998	Amino acids, peptides, and analogues	0.940	Amino acids and derivatives	0.939	N-acyl-alpha amino acids	0.575	Organic compounds; Amino acids, peptides, and analogues; Alpha amino acids and derivatives; Organic acids and derivatives; Carboxylic acids and derivatives; Organonitrogen compounds; Organooxygen compounds; Amino acids and derivatives; Carboxylic acid amides; Carboxylic acid derivatives; N-acyl-alpha amino acids and derivatives; Carboxylic acids; Carbonyl compounds; Benzene and substituted derivatives; N-acyl-alpha amino acids; Benzenoids; Organic oxides; Hydrocarbon derivatives; Organopnictogen compounds; Organic oxygen compounds; Organic nitrogen compounds; Chemical entities	226.070	303	5.053	816974322256873500	816973419990709967	816973419990709966	767	
3	C8H5FN4O	[M + H]+	C8H6FN4O+	Alkaloids	0.964	Pseudoalkaloids (transamidation)	0.530	Purine alkaloids	0.505	Organohalogen compounds	0.998	Aryl halides	0.938	Aryl fluorides	0.897			Aryl fluorides	0.897	Organic compounds; Organoheterocyclic compounds; Organohalogen compounds; Organonitrogen compounds; Organooxygen compounds; Azoles; Aryl fluorides; Diazines; Organofluorides; Aryl halides; Azacyclic compounds; Heteroaromatic compounds; Hydrocarbon derivatives; Organopnictogen compounds; Organic oxygen compounds; Organic nitrogen compounds; Chemical entities	193.053	303	5.057	816974326266630089	816973420087178969	816973420087178968	770	
2	C9H7NO	[M + H]+	C9H8NO+	Alkaloids	0.997	Tryptophan alkaloids	0.941	Simple indole alkaloids	0.947	Organoheterocyclic compounds	0.999	Indoles and derivatives	0.974	Indoles	0.971			Indoles	0.971	Organic compounds; Organoheterocyclic compounds; Pyrroles; Aldehydes; Indoles and derivatives; Organic acids and derivatives; Organonitrogen compounds; Organooxygen compounds; Carbonyl compounds; Substituted pyrroles; Benzenoids; Indoles; Aryl-aldehydes; Vinylogous amides; Organic oxides; Azacyclic compounds; Heteroaromatic compounds; Hydrocarbon derivatives; Organopnictogen compounds; Organic oxygen compounds; Organic nitrogen compounds; Chemical entities	146.059	304	5.064	816974321334126297	816973420145899230	816973420145899229	773	
3	C11H13N5	[M + Na]+	C11H13N5Na+	Alkaloids	0.840	Pseudoalkaloids (transamidation)	0.042	Imidazole alkaloids	0.015	Organoheterocyclic compounds	0.985	Triazines	0.532	Aminotriazines	0.594			Aminotriazines	0.594	Organic compounds; Organoheterocyclic compounds; Triazines; Organonitrogen compounds; Azoles; Aminotriazines; Benzene and substituted derivatives; Benzenoids; Amines; Primary amines; Azacyclic compounds; Heteroaromatic compounds; Hydrocarbon derivatives; Organopnictogen compounds; Organic nitrogen compounds; Chemical entities	238.106	314	5.235	816974326023360327	816973420561135366	816973420556941061	794	
3	C14H14N2O2	[M + Na]+	C14H14N2NaO2+	Amino acids and Peptides	0.747	Small peptides	0.866	Aminoacids	0.759	Organic acids and derivatives	0.999	Carboxylic acids and derivatives	0.998	Amino acids, peptides, and analogues	0.923	Amino acids and derivatives	0.922	Alpha amino acids	0.868	Organic compounds; Organoheterocyclic compounds; Amino acids, peptides, and analogues; Alpha amino acids and derivatives; Pyrroles; Indoles and derivatives; Organic acids and derivatives; Carboxylic acids and derivatives; Organonitrogen compounds; Organooxygen compounds; Amino acids and derivatives; Monocarboxylic acids and derivatives; Carboxylic acids; Indolyl carboxylic acids and derivatives; Carbonyl compounds; Substituted pyrroles; Alpha amino acids; Benzenoids; Amines; Indoles; Aralkylamines; Organic oxides; Azacyclic compounds; Heteroaromatic compounds; Hydrocarbon derivatives; Amino acids; 3-alkylindoles; Organopnictogen compounds; Organic oxygen compounds; Organic nitrogen compounds; Chemical entities	265.096	315	5.253	816974326883193004	816973420787627802	816973420787627801	799	
1	C20H31N3O4	[M + H]+	C20H32N3O4+	Amino acids and Peptides	0.999	Small peptides	0.987	Tripeptides	0.860	Organic acids and derivatives	1.000	Carboxylic acids and derivatives	1.000	Amino acids, peptides, and analogues	0.999	Peptides	0.984	Oligopeptides	0.842	Organic compounds; Lipids and lipid-like molecules; Amino acids, peptides, and analogues; Alpha amino acids and derivatives; Phenethylamines; Amphetamines and derivatives; Phenylpropanoids and polyketides; Organic acids and derivatives; Carboxylic acids and derivatives; Organonitrogen compounds; Organooxygen compounds; Fatty amides; Amino acids and derivatives; Peptides; Monoalkylamines; Carboxylic acid amides; Carboxylic acid derivatives; N-acyl amines; Monocarboxylic acids and derivatives; N-acyl-alpha amino acids and derivatives; Carboxylic acids; Secondary carboxylic acid amides; Carbonyl compounds; Benzene and substituted derivatives; Alpha amino acid amides; N-acyl-alpha amino acids; Benzenoids; Amines; Primary amines; Phenylpropanoic acids; Fatty Acyls; Organic oxides; Hydrocarbon derivatives; Amino acids; Phenylalanine and derivatives; Organopnictogen compounds; Organic oxygen compounds; Organic nitrogen compounds; Oligopeptides; Chemical entities	378.237	317	5.277	816974325465517658	816973420926039844	816973420921845539	800	
2	C23H38N2O4	[M + Na]+	C23H38N2NaO4+	Amino acids and Peptides	0.661	Small peptides	0.543	Aminoacids	0.304	Organic acids and derivatives	0.996	Carboxylic acids and derivatives	0.982	Amino acids, peptides, and analogues	0.810	Amino acids and derivatives	0.809	Alpha amino acids and derivatives	0.706	Organic compounds; Lipids and lipid-like molecules; Amino acids, peptides, and analogues; Alpha amino acids and derivatives; Fatty acids and conjugates; Organic acids and derivatives; Carboxylic acids and derivatives; Organonitrogen compounds; Organooxygen compounds; Amino acids and derivatives; Carboxylic acid amides; Carboxylic acid derivatives; Monocarboxylic acids and derivatives; Carboxylic acids; Carbonyl compounds; Amines; Fatty Acyls; Organic oxides; Hydrocarbon derivatives; Organopnictogen compounds; Organic oxygen compounds; Organic nitrogen compounds; Chemical entities	429.269	317	5.290	816974326941913291	816973420967982889	816973420967982888	805	
1	C18H28O10	[M + Na]+	C18H28NaO10+	Fatty acids	0.893	Fatty acyl glycosides	0.941	Fatty acyl glycosides of mono- and disaccharides	0.841	Lipids and lipid-like molecules	0.929	Fatty Acyls	0.903	Fatty acyl glycosides	0.657	Fatty acyl glycosides of mono- and disaccharides	0.614	Fatty acyl glycosides of mono- and disaccharides	0.614	Organic compounds; Organoheterocyclic compounds; Carbohydrates and carbohydrate conjugates; Lipids and lipid-like molecules; Alcohols and polyols; Ethers; Fatty acids and conjugates; Organic acids and derivatives; Carboxylic acids and derivatives; Primary alcohols; Organooxygen compounds; Unsaturated fatty acids; Hydroxy fatty acids; Jasmonic acids; Monocarboxylic acids and derivatives; Carboxylic acids; Hexoses; Monosaccharides; Acetals; Secondary alcohols; Fatty acyl glycosides; Carbonyl compounds; Heterocyclic fatty acids; Oxanes; Glycosyl compounds; O-glycosyl compounds; Polyols; Fatty acyl glycosides of mono- and disaccharides; Fatty Acyls; Organic oxides; Oxacyclic compounds; Hydrocarbon derivatives; Organic oxygen compounds; Chemical entities	427.156	318	5.306	816974332679728926	816973421022508846	816973421022508845	807	
1	C7H8N2O3	[M + H]+	C7H9N2O3+	Alkaloids	0.859	Nicotinic acid alkaloids	0.724	Pyridine alkaloids	0.718	Benzenoids	0.894	Benzene and substituted derivatives	0.899	Nitrobenzenes	0.841	Nitrophenyl ethers	0.812	Nitrophenyl ethers	0.812	Organic compounds; Nitrobenzenes; Alkyl aryl ethers; Anisoles; Ethers; Organonitrogen compounds; Aniline and substituted anilines; Organooxygen compounds; Organic nitro compounds; Organic oxoazanium compounds; Benzene and substituted derivatives; Phenol ethers; Benzenoids; Organic zwitterions; Organic 1,3-dipolar compounds; Allyl-type 1,3-dipolar organic compounds; Propargyl-type 1,3-dipolar organic compounds; Organic oxides; Methoxyanilines; Methoxybenzenes; C-nitro compounds; Hydrocarbon derivatives; Organopnictogen compounds; Organic oxygen compounds; Nitroaromatic compounds; Nitrophenyl ethers; Organic nitrogen compounds; Phenoxy compounds; Chemical entities	169.060	320	5.333	816974343316487386	816973421198669629	816973421198669628	811	
2	C20H35NO3	[M + Na]+	C20H35NNaO3+	Terpenoids	0.227	Ornithine alkaloids	0.097	Open-chain polyketides	0.046	Organic acids and derivatives	0.962	Carboxylic acids and derivatives	0.955	Amino acids, peptides, and analogues	0.555	Amino acids and derivatives	0.554	Amino acids and derivatives	0.554	Organic compounds; Lipids and lipid-like molecules; Amino acids, peptides, and analogues; Organic acids and derivatives; Carboxylic acids and derivatives; Organonitrogen compounds; Organooxygen compounds; Amino acids and derivatives; Carboxylic acid derivatives; Monocarboxylic acids and derivatives; Carboxylic acid esters; Carbonyl compounds; Trialkylamines; Amines; Tertiary amines; Organic oxides; Hydrocarbon derivatives; Organopnictogen compounds; Organic oxygen compounds; Organic nitrogen compounds; Chemical entities	360.255	320	5.340	816974336051949897	816973421307721543	816973421307721542	813	
1	C12H27NO2	[M + H]+	C12H28NO2+	Fatty acids	0.900	Spingolipids	0.137	Sphingoid bases	0.411	Organic nitrogen compounds	1.000	Organonitrogen compounds	1.000	Amines	0.970	Alkanolamines	0.764	1,2-aminoalcohols	0.598	Organic compounds; Alcohols and polyols; Organonitrogen compounds; Primary alcohols; Organooxygen compounds; 1,2-aminoalcohols; Amines; Alkanolamines; Hydrocarbon derivatives; Organopnictogen compounds; Organic oxygen compounds; Organic nitrogen compounds; Chemical entities	218.210	324	5.393	816974332872666979	816973421429356369	816973421429356368	819	
1	C17H33N3O3	[M + H]+	C17H34N3O3+	Alkaloids	0.256	Ornithine alkaloids	0.192	Polyamines	0.030	Organic acids and derivatives	0.985	Carboxylic acids and derivatives	0.963	Amino acids, peptides, and analogues	0.902	Amino acids and derivatives	0.898	Amino acids and derivatives	0.898	Organic compounds; Organoheterocyclic compounds; Lipids and lipid-like molecules; Amino acids, peptides, and analogues; Oxazinanes; Ethers; Organic acids and derivatives; Carboxylic acids and derivatives; Organonitrogen compounds; Organooxygen compounds; Fatty amides; Amino acids and derivatives; Morpholines; Carboxylic acid amides; Carboxylic acid derivatives; N-acyl amines; Dialkyl ethers; Secondary carboxylic acid amides; Carbonyl compounds; Trialkylamines; Amines; Tertiary amines; Fatty Acyls; Organic oxides; Azacyclic compounds; Oxacyclic compounds; Hydrocarbon derivatives; Organopnictogen compounds; Organic oxygen compounds; Organic nitrogen compounds; Chemical entities	328.258	333	5.556	816974339604527062	816973421911701374	816973421911701373	843	
3	C11H24O2	[M + Na]+	C11H24NaO2+	Fatty acids	0.986	Fatty acyls	0.963	Fatty alcohols	0.985	Lipids and lipid-like molecules	0.705	Fatty Acyls	0.727	Fatty alcohols	0.527			Fatty alcohols	0.527	Organic compounds; Lipids and lipid-like molecules; Alcohols and polyols; Primary alcohols; Organooxygen compounds; Fatty alcohols; Fatty Acyls; Hydrocarbon derivatives; Organic oxygen compounds; Chemical entities	211.168	334	5.567	816974340086872216	816973422150776722	816973422150776721	850	
2	C28H48N6O11	[M + H]+	C28H49N6O11+	Carbohydrates	0.764	Nucleosides	0.713	Purine nucleosides	0.460	Organic oxygen compounds	1.000	Organooxygen compounds	0.996	Carbohydrates and carbohydrate conjugates	0.568			Carbohydrates and carbohydrate conjugates	0.568	Organic compounds; Organoheterocyclic compounds; Carbohydrates and carbohydrate conjugates; Imidazoles; Alcohols and polyols; Organic acids and derivatives; Carboxylic acids and derivatives; Organonitrogen compounds; Organooxygen compounds; Azoles; Carboxylic acid derivatives; Secondary alcohols; Carbonyl compounds; Substituted imidazoles; N-substituted imidazoles; Amines; Primary amines; Organic oxides; Azacyclic compounds; Oxacyclic compounds; Heteroaromatic compounds; Hydrocarbon derivatives; Organopnictogen compounds; Organic oxygen compounds; Organic nitrogen compounds; Chemical entities	645.343	337	5.616	816974346206364580	816973422406629286	816973422402434981	855	
3	C28H48N6O11	[M + Na]+	C28H48N6NaO11+	Amino acids and Peptides	0.918	Oligopeptides	0.988	Lipopeptides	0.612	Organic acids and derivatives	0.999	Carboxylic acids and derivatives	0.995	Amino acids, peptides, and analogues	0.991	Peptides	0.716	Oligopeptides	0.622	Organic compounds; Lipids and lipid-like molecules; Amino acids, peptides, and analogues; Alpha amino acids and derivatives; Alcohols and polyols; Organic acids and derivatives; Carboxylic acids and derivatives; Organonitrogen compounds; Primary alcohols; Organooxygen compounds; Fatty amides; Amino acids and derivatives; Peptides; Carboxylic acid amides; Carboxylic acid derivatives; N-acyl amines; Monocarboxylic acids and derivatives; N-acyl-alpha amino acids and derivatives; Carboxylic acids; Secondary alcohols; Secondary carboxylic acid amides; Carbonyl compounds; Alpha amino acid amides; Fatty Acyls; Organic oxides; Hydrocarbon derivatives; Serine and derivatives; Organopnictogen compounds; Organic oxygen compounds; Organic nitrogen compounds; Oligopeptides; Chemical entities	667.325	337	5.620	816974347020060297	816973422469543851	816973422469543850	858	
10	C15H30O11Si	[M + H]+	C15H31O11Si+	Fatty acids	0.531	Fatty acyl glycosides	0.748	Fatty acyl glycosides of mono- and disaccharides	0.440	Organic oxygen compounds	1.000	Organooxygen compounds	0.999	Carbohydrates and carbohydrate conjugates	0.978	Glycosyl compounds	0.844	O-glycosyl compounds	0.849	Organic compounds; Organoheterocyclic compounds; Carbohydrates and carbohydrate conjugates; Lipids and lipid-like molecules; Alcohols and polyols; Ethers; Primary alcohols; Organooxygen compounds; Monosaccharides; Acetals; Secondary alcohols; Oxanes; Glycosyl compounds; O-glycosyl compounds; Polyols; Fatty Acyls; Oxacyclic compounds; Hydrocarbon derivatives; Organic oxygen compounds; Chemical entities	415.162	338	5.630	816974345522692496	816973422528264112	816973422524069807	862	
2	C9H16N4	[M + Na]+	C9H16N4Na+	Alkaloids	0.950	Guanidine alkaloids	0.222	Tricyclic guanidine alkaloids	0.165	Organoheterocyclic compounds	0.622	Azacyclic compounds	0.649					Azacyclic compounds	0.649	Organic compounds; Organoheterocyclic compounds; Organonitrogen compounds; Azacyclic compounds; Hydrocarbon derivatives; Organopnictogen compounds; Organic nitrogen compounds; Chemical entities	203.127	338	5.635	816974343559757331	816973422691841983	816973422687647678	869	
1	C24H44N4O4	[M + H]+	C24H45N4O4+	Amino acids and Peptides	0.921	Small peptides	0.463	Tripeptides	0.357	Organic acids and derivatives	0.994	Carboxylic acids and derivatives	0.975	Amino acids, peptides, and analogues	0.801	Amino acids and derivatives	0.774	Alpha amino acid amides	0.642	Organic compounds; Lipids and lipid-like molecules; Amino acids, peptides, and analogues; Alpha amino acids and derivatives; Organic acids and derivatives; Carboxylic acids and derivatives; Organonitrogen compounds; Organooxygen compounds; Fatty amides; Amino acids and derivatives; Carboxylic acid amides; Carboxylic acid derivatives; N-acyl amines; Secondary carboxylic acid amides; Carbonyl compounds; Alpha amino acid amides; Fatty Acyls; Organic oxides; Hydrocarbon derivatives; Organopnictogen compounds; Organic oxygen compounds; Organic nitrogen compounds; Chemical entities	453.342	342	5.704	816974345082290372	816973423044163544	816973423039969239	882	
3	C29H43N5O5	[M + K]+	C29H43KN5O5+	Amino acids and Peptides	0.991	Oligopeptides	0.928	Tripeptides	0.498	Organic acids and derivatives	0.997	Carboxylic acids and derivatives	0.990	Amino acids, peptides, and analogues	0.991	Peptides	0.850	Peptides	0.850	Organic compounds; Lipids and lipid-like molecules; Amino acids, peptides, and analogues; Alpha amino acids and derivatives; Alcohols and polyols; Organic acids and derivatives; Carboxylic acids and derivatives; Organonitrogen compounds; Primary alcohols; Organooxygen compounds; Fatty amides; Amino acids and derivatives; Peptides; Carboxylic acid amides; Carboxylic acid derivatives; N-acyl amines; N-acyl-alpha amino acids and derivatives; Secondary carboxylic acid amides; Carbonyl compounds; Benzene and substituted derivatives; Alpha amino acid amides; Benzenoids; Fatty Acyls; Organic oxides; Azacyclic compounds; Hydrocarbon derivatives; Organopnictogen compounds; Organic oxygen compounds; Organic nitrogen compounds; Chemical entities	580.293	345	5.757	816974373821682643	816973423249684465	816973423249684464	899	
5	C21H39N11O7	[M + H]+	C21H40N11O7+	Amino acids and Peptides	0.856	Oligopeptides	0.940	Linear peptides	0.777	Organic acids and derivatives	0.997	Carboxylic acids and derivatives	0.986	Amino acids, peptides, and analogues	0.922	Peptides	0.716	Peptides	0.716	Organic compounds; Lipids and lipid-like molecules; Amino acids, peptides, and analogues; Alpha amino acids and derivatives; Alcohols and polyols; Organic acids and derivatives; Carboxylic acids and derivatives; Organonitrogen compounds; Organooxygen compounds; Fatty amides; Amino acids and derivatives; Peptides; Hydroxamic acids; Monoalkylamines; Carboxylic acid amides; Carboxylic acid derivatives; N-acyl amines; Monocarboxylic acids and derivatives; N-acyl-alpha amino acids and derivatives; Carboxylic acids; Primary carboxylic acid amides; Secondary carboxylic acid amides; Carbonyl compounds; Alpha amino acid amides; Amines; Primary amines; Fatty Acyls; Organic oxides; Hydrocarbon derivatives; Organopnictogen compounds; Organic oxygen compounds; Organic nitrogen compounds; Chemical entities	558.311	345	5.758	816974363566601749	816973423291627510	816973423291627509	900	
2	C32H57N3O5	[M + Na]+	C32H57N3NaO5+	Amino acids and Peptides	0.934	Oligopeptides	0.966	Microcolins and mirabimids	0.475	Organic acids and derivatives	0.999	Carboxylic acids and derivatives	0.997	Amino acids, peptides, and analogues	0.947	Amino acids and derivatives	0.936	Alpha amino acid amides	0.570	Organic compounds; Lipids and lipid-like molecules; Amino acids, peptides, and analogues; Alpha amino acids and derivatives; Organic acids and derivatives; Carboxylic acids and derivatives; Organonitrogen compounds; Organooxygen compounds; Fatty amides; Amino acids and derivatives; Carboxylic acid amides; Carboxylic acid derivatives; N-acyl amines; Monocarboxylic acids and derivatives; Secondary carboxylic acid amides; Tertiary carboxylic acid amides; Carbonyl compounds; Alpha amino acid amides; Fatty Acyls; Organic oxides; Hydrocarbon derivatives; Valine and derivatives; Organopnictogen compounds; Organic oxygen compounds; Organic nitrogen compounds; Chemical entities	586.422	349	5.813	816974363071673604	816973423547480084	816973423547480083	914	
2	C25H60N8O4	[M + K]+	C25H60KN8O4+	Amino acids and Peptides	0.831	Oligopeptides	0.458	Linear peptides	0.681	Organic acids and derivatives	0.953	Carboxylic acids and derivatives	0.883	Amino acids, peptides, and analogues	0.950	Peptides	0.542	Peptides	0.542	Organic compounds; Lipids and lipid-like molecules; Amino acids, peptides, and analogues; Alpha amino acids and derivatives; Organic acids and derivatives; Carboxylic acids and derivatives; Organonitrogen compounds; Organooxygen compounds; Fatty amides; Amino acids and derivatives; Peptides; Monoalkylamines; Carboxylic acid amides; Carboxylic acid derivatives; N-acyl amines; N-acyl-alpha amino acids and derivatives; Primary carboxylic acid amides; Secondary carboxylic acid amides; Carbonyl compounds; Alpha amino acid amides; Amines; Primary amines; Fatty Acyls; Organic oxides; Hydrocarbon derivatives; Organopnictogen compounds; Organic oxygen compounds; Organic nitrogen compounds; Chemical entities	575.432	349	5.815	816974363465938220	816973423593617433	816973423589423128	911	
1	C23H44N4O4	[M + H]+	C23H45N4O4+	Amino acids and Peptides	0.969	Small peptides	0.886	Tripeptides	0.774	Organic acids and derivatives	0.998	Carboxylic acids and derivatives	0.994	Amino acids, peptides, and analogues	0.972	Amino acids and derivatives	0.967	N-acyl-alpha amino acids and derivatives	0.669	Organic compounds; Organoheterocyclic compounds; Lipids and lipid-like molecules; Amino acids, peptides, and analogues; Alpha amino acids and derivatives; Ethers; Organic acids and derivatives; Carboxylic acids and derivatives; Organonitrogen compounds; Organooxygen compounds; Fatty amides; Amino acids and derivatives; Carboxylic acid amides; Carboxylic acid derivatives; N-acyl amines; Dialkyl ethers; N-acyl-alpha amino acids and derivatives; Secondary carboxylic acid amides; Carbonyl compounds; Alpha amino acid amides; Amines; Tertiary amines; Fatty Acyls; Organic oxides; Azacyclic compounds; Hydrocarbon derivatives; Valine and derivatives; Leucine and derivatives; Organopnictogen compounds; Organic oxygen compounds; Organic nitrogen compounds; Chemical entities	441.342	350	5.827	816974362958427188	816973423736223784	816973423736223783	919	
1	C30H55N5O5	[M + H]+	C30H56N5O5+	Amino acids and Peptides	0.987	Small peptides	0.519	Tripeptides	0.704	Organic acids and derivatives	0.998	Carboxylic acids and derivatives	0.996	Amino acids, peptides, and analogues	0.986	Peptides	0.780	Dipeptides	0.510	Organic compounds; Lipids and lipid-like molecules; Amino acids, peptides, and analogues; Alpha amino acids and derivatives; Organic acids and derivatives; Carboxylic acids and derivatives; Organonitrogen compounds; Organooxygen compounds; Fatty amides; Amino acids and derivatives; Peptides; Carboxylic acid amides; Carboxylic acid derivatives; N-acyl amines; N-acyl-alpha amino acids and derivatives; Primary carboxylic acid amides; Secondary carboxylic acid amides; Carbonyl compounds; Alpha amino acid amides; Fatty Acyls; Organic oxides; Hydrocarbon derivatives; Valine and derivatives; Leucine and derivatives; Organopnictogen compounds; Organic oxygen compounds; Organic nitrogen compounds; Dipeptides; Chemical entities	566.426	350	5.841	816974368524275278	816973423899801655	816973423895607350	923	
2	C27H34O11	[M + H]+	C27H35O11+	Terpenoids	0.323	Lignans	0.291	Depsides and depsidones	0.261	Benzenoids	0.800	Benzene and substituted derivatives	0.536					Benzene and substituted derivatives	0.536	Organic compounds; Organoheterocyclic compounds; Lipids and lipid-like molecules; Lactones; Alcohols and polyols; Ethers; Organic acids and derivatives; Carboxylic acids and derivatives; Organooxygen compounds; Carboxylic acid derivatives; Carboxylic acid esters; Secondary alcohols; Carbonyl compounds; Oxanes; Benzene and substituted derivatives; Benzenoids; Organic oxides; Oxacyclic compounds; Hydrocarbon derivatives; Organic oxygen compounds; Chemical entities	535.217	356	5.937	816974373138010807	816973424222763093	816973424222763092	939	
1	C27H34O11	[M + Na]+	C27H34NaO11+	Terpenoids	0.633	Triterpenoids	0.334	Limonoids	0.180	Benzenoids	0.578							Benzenoids	0.578	Organic compounds; Organoheterocyclic compounds; Lipids and lipid-like molecules; Lactones; Ketones; Alcohols and polyols; Ethers; Organic acids and derivatives; Carboxylic acids and derivatives; Organooxygen compounds; Carboxylic acid derivatives; Carboxylic acid esters; Secondary alcohols; Carbonyl compounds; Oxanes; Benzenoids; Organic oxides; Oxacyclic compounds; Hydrocarbon derivatives; Organic oxygen compounds; Chemical entities	557.199	356	5.940	816974383665718902	816973424260511834	816973424256317529	940	
2	C24H46N2O6	[M + H]+	C24H47N2O6+	Amino acids and Peptides	0.199	Macrolides	0.126	Pyrrolizidine alkaloids	0.084	Organic acids and derivatives	0.995	Carboxylic acids and derivatives	0.991	Amino acids, peptides, and analogues	0.873	Amino acids and derivatives	0.872	Amino acids and derivatives	0.872	Organic compounds; Organoheterocyclic compounds; Lipids and lipid-like molecules; Amino acids, peptides, and analogues; Oxazinanes; Ethers; Organic acids and derivatives; Carboxylic acids and derivatives; Organonitrogen compounds; Organooxygen compounds; Fatty acid esters; Amino acids and derivatives; Morpholines; Carboxylic acid amides; Carboxylic acid derivatives; Dialkyl ethers; Carboxylic acid esters; Secondary carboxylic acid amides; Carbonyl compounds; Trialkylamines; Amines; Tertiary amines; Fatty Acyls; Organic oxides; Azacyclic compounds; Oxacyclic compounds; Hydrocarbon derivatives; Organopnictogen compounds; Organic oxygen compounds; Organic nitrogen compounds; Chemical entities	459.346	357	5.952	816974371485454444	816973424306649183	816973424306649182	946	
3	C16H26N6O4	[M + H]+	C16H27N6O4+	Amino acids and Peptides	0.581	Small peptides	0.536	Purine nucleosides	0.244	Benzenoids	0.509	Benzene and substituted derivatives	0.640					Benzene and substituted derivatives	0.640	Organic compounds; Organoheterocyclic compounds; Alcohols and polyols; Organic acids and derivatives; Organonitrogen compounds; Organooxygen compounds; Azoles; Benzene and substituted derivatives; Benzenoids; Amines; Primary amines; Tertiary amines; Organic oxides; Azacyclic compounds; Oxacyclic compounds; Heteroaromatic compounds; Hydrocarbon derivatives; Organopnictogen compounds; Organic oxygen compounds; Organic nitrogen compounds; Chemical entities	367.210	362	6.037	816974386228439603	816973424755439751	816973424751245446	978	
1	C30H55N5O5	[M + H]+	C30H56N5O5+	Amino acids and Peptides	0.985	Small peptides	0.609	Tripeptides	0.684	Organic acids and derivatives	0.998	Carboxylic acids and derivatives	0.996	Amino acids, peptides, and analogues	0.987	Peptides	0.794	Dipeptides	0.653	Organic compounds; Lipids and lipid-like molecules; Amino acids, peptides, and analogues; Alpha amino acids and derivatives; Organic acids and derivatives; Carboxylic acids and derivatives; Organonitrogen compounds; Organooxygen compounds; Fatty amides; Amino acids and derivatives; Peptides; Carboxylic acid amides; Carboxylic acid derivatives; N-acyl amines; N-acyl-alpha amino acids and derivatives; Secondary carboxylic acid amides; Carbonyl compounds; Alpha amino acid amides; Fatty Acyls; Organic oxides; Hydrocarbon derivatives; Valine and derivatives; Leucine and derivatives; Organopnictogen compounds; Organic oxygen compounds; Organic nitrogen compounds; Dipeptides; Chemical entities	566.426	363	6.043	816974376199853672	816973424830937228	816973424830937227	972	
1	C22H38N4O7	[M + Na]+	C22H38N4NaO7+	Amino acids and Peptides	0.999	Small peptides	0.987	Tripeptides	0.760	Organic acids and derivatives	1.000	Carboxylic acids and derivatives	1.000	Amino acids, peptides, and analogues	1.000	Peptides	0.993	Oligopeptides	0.911	Organic compounds; Organoheterocyclic compounds; Amino acids, peptides, and analogues; Alpha amino acids and derivatives; Pyrrolidines; Organic acids and derivatives; Carboxylic acids and derivatives; Organonitrogen compounds; Organooxygen compounds; Amino acids and derivatives; Peptides; Carboxylic acid amides; Carboxylic acid derivatives; Monocarboxylic acids and derivatives; N-acyl-alpha amino acids and derivatives; Carboxylic acids; Secondary carboxylic acid amides; Tertiary carboxylic acid amides; Carbonyl compounds; Pyrrolidine carboxylic acids and derivatives; Pyrrolidinecarboxamides; Alpha amino acid amides; N-acyl-alpha amino acids; Pyrrolidine carboxylic acids; Amines; N-acylpyrrolidines; Organic oxides; Azacyclic compounds; Hydrocarbon derivatives; Amino acids; Proline and derivatives; Organopnictogen compounds; Organic oxygen compounds; Organic nitrogen compounds; Oligopeptides; Chemical entities	493.261	363	6.044	816974381388209475	816973424868685969	816973424868685968	975	
1	C18H33N3O3	[M + H]+	C18H34N3O3+	Amino acids and Peptides	0.942	Small peptides	0.970	Tripeptides	0.714	Organic acids and derivatives	0.999	Carboxylic acids and derivatives	0.998	Amino acids, peptides, and analogues	0.968	Amino acids and derivatives	0.964	N-acyl-alpha amino acids and derivatives	0.849	Organic compounds; Organoheterocyclic compounds; Lipids and lipid-like molecules; Amino acids, peptides, and analogues; Alpha amino acids and derivatives; Organic acids and derivatives; Carboxylic acids and derivatives; Organonitrogen compounds; Organooxygen compounds; Fatty amides; Amino acids and derivatives; Carboxylic acid amides; Carboxylic acid derivatives; N-acyl amines; N-acyl-alpha amino acids and derivatives; Secondary carboxylic acid amides; Carbonyl compounds; Alpha amino acid amides; Fatty Acyls; Organic oxides; Heteroaromatic compounds; Hydrocarbon derivatives; Valine and derivatives; Leucine and derivatives; Organopnictogen compounds; Organic oxygen compounds; Organic nitrogen compounds; Chemical entities	340.258	363	6.048	816974371602895033	816973425221007535	816973425221007534	983	
1	C7H10BN3O3	[M + H]+	C7H11BN3O3+	Amino acids and Peptides	0.233	Small peptides	0.285	Pinane monoterpenoids	0.258	Organic acids and derivatives	0.772	Boronic acid derivatives	0.682	Boronic acids	0.715			Boronic acids	0.715	Organic compounds; Organoheterocyclic compounds; Organic acids and derivatives; Organonitrogen compounds; Organooxygen compounds; Boronic acids; Organometallic compounds; Boronic acid derivatives; Organometalloid compounds; Organoboron compounds; Organic salts; Organic metalloid salts; Organic metal salts; Hydrocarbon derivatives; Organic oxygen compounds; Organic nitrogen compounds; Chemical entities	195.092	363	6.051	816974374228530293	816973425447499971	816973425447499970	953	
1	C22H38N4O7	[M + H]+	C22H39N4O7+	Amino acids and Peptides	0.992	Small peptides	0.941	Tripeptides	0.906	Organic acids and derivatives	1.000	Carboxylic acids and derivatives	0.999	Amino acids, peptides, and analogues	0.994	Peptides	0.978	Oligopeptides	0.926	Organic compounds; Organoheterocyclic compounds; Lipids and lipid-like molecules; Amino acids, peptides, and analogues; Alpha amino acids and derivatives; Pyrrolidines; Fatty acids and conjugates; Organic acids and derivatives; Carboxylic acids and derivatives; Organonitrogen compounds; Organooxygen compounds; Fatty amides; Amino acids and derivatives; Peptides; Monoalkylamines; Carboxylic acid amides; Carboxylic acid derivatives; N-acyl amines; Monocarboxylic acids and derivatives; N-acyl-alpha amino acids and derivatives; Carboxylic acids; Secondary carboxylic acid amides; Tertiary carboxylic acid amides; Carbonyl compounds; Pyrrolidine carboxylic acids and derivatives; Pyrrolidinecarboxamides; Alpha amino acid amides; N-acyl-alpha amino acids; Pyrrolidine carboxylic acids; Amines; Primary amines; N-acylpyrrolidines; Fatty Acyls; Organic oxides; Azacyclic compounds; Hydrocarbon derivatives; Amino acids; Proline and derivatives; Organopnictogen compounds; Organic oxygen compounds; Organic nitrogen compounds; Oligopeptides; Chemical entities	471.280	363	6.052	816974376048858692	816973425497831624	816973425497831623	993	
1	C19H36N6O4	[M + H]+	C19H37N6O4+	Amino acids and Peptides	0.992	Small peptides	0.940	Tripeptides	0.935	Organic acids and derivatives	0.995	Carboxylic acids and derivatives	0.988	Amino acids, peptides, and analogues	0.989	Peptides	0.855	Dipeptides	0.616	Organic compounds; Lipids and lipid-like molecules; Amino acids, peptides, and analogues; Alpha amino acids and derivatives; Organic acids and derivatives; Carboxylic acids and derivatives; Organonitrogen compounds; Organooxygen compounds; Fatty amides; Amino acids and derivatives; Peptides; Guanidines; Monoalkylamines; Carboxylic acid amides; Carboxylic acid derivatives; N-acyl amines; N-acyl-alpha amino acids and derivatives; Primary carboxylic acid amides; Secondary carboxylic acid amides; Carbonyl compounds; Alpha amino acid amides; Amines; Primary amines; Carboximidamides; Fatty Acyls; Organic oxides; Hydrocarbon derivatives; Organopnictogen compounds; Organic oxygen compounds; Organic nitrogen compounds; Dipeptides; Chemical entities	413.287	364	6.071	816974377915324468	816973425984370923	816973425984370922	998	
2	C5H12N6O	[M + Na]+	C5H12N6NaO+	Alkaloids	0.608	Histidine alkaloids	0.190	Imidazole alkaloids	0.187	Organoheterocyclic compounds	0.947	Azoles	0.766					Azoles	0.766	Organic compounds; Organoheterocyclic compounds; Organic acids and derivatives; Carboxylic acids and derivatives; Organonitrogen compounds; Organooxygen compounds; Azoles; Carboxylic acid derivatives; Carboxylic acid hydrazides; Organic oxides; Azacyclic compounds; Heteroaromatic compounds; Hydrocarbon derivatives; Organopnictogen compounds; Organic oxygen compounds; Organic nitrogen compounds; Chemical entities	195.097	365	6.085	816974379169421856	816973426210863364	816973426206669059	1004	
1	C18H33N3O3	[M + H]+	C18H34N3O3+	Amino acids and Peptides	0.985	Small peptides	0.983	Tripeptides	0.895	Organic acids and derivatives	1.000	Carboxylic acids and derivatives	1.000	Amino acids, peptides, and analogues	0.997	Amino acids and derivatives	0.997	N-acyl-alpha amino acids and derivatives	0.884	Organic compounds; Organoheterocyclic compounds; Lipids and lipid-like molecules; Amino acids, peptides, and analogues; Alpha amino acids and derivatives; Ethers; Organic acids and derivatives; Carboxylic acids and derivatives; Organonitrogen compounds; Organooxygen compounds; Fatty amides; Amino acids and derivatives; Carboxylic acid amides; Carboxylic acid derivatives; N-acyl amines; Dialkyl ethers; N-acyl-alpha amino acids and derivatives; Secondary carboxylic acid amides; Carbonyl compounds; Alpha amino acid amides; Fatty Acyls; Organic oxides; Oxacyclic compounds; Hydrocarbon derivatives; Leucine and derivatives; Organopnictogen compounds; Organic oxygen compounds; Organic nitrogen compounds; Chemical entities	340.258	366	6.096	816974380633234579	816973426269583625	816973426269583624	1031	
1	C17H30N6O2	[M + H]+	C17H31N6O2+	Alkaloids	0.696	Pseudoalkaloids (transamidation)	0.073	Purine alkaloids	0.062	Organoheterocyclic compounds	0.999	Oxazinanes	0.970	Morpholines	0.975			Morpholines	0.975	Organic compounds; Organoheterocyclic compounds; Oxazinanes; Ethers; Organonitrogen compounds; Organooxygen compounds; Morpholines; Azoles; Dialkyl ethers; Trialkylamines; Amines; Tertiary amines; Azacyclic compounds; Oxacyclic compounds; Heteroaromatic compounds; Hydrocarbon derivatives; Organopnictogen compounds; Organic oxygen compounds; Organic nitrogen compounds; Chemical entities	351.249	366	6.100	816974388036185032	816973426546407719	816973426546407718	1046	
1	C21H30N2O3	[M + H]+	C21H31N2O3+	Amino acids and Peptides	0.513	Small peptides	0.162	Dipeptides	0.053	Benzenoids	0.635							Benzenoids	0.635	Organic compounds; Lipids and lipid-like molecules; Organic acids and derivatives; Carboxylic acids and derivatives; Organonitrogen compounds; Organooxygen compounds; Carbonyl compounds; Benzenoids; Amines; Organic oxides; Hydrocarbon derivatives; Organopnictogen compounds; Organic oxygen compounds; Organic nitrogen compounds; Chemical entities	359.232	367	6.112	816974385804814796	816973426588350764	816973426588350763	1057	
1	C14H31NO2	[M + H]+	C14H32NO2+	Fatty acids	0.998	Fatty amides	0.773	Sphingoid bases	0.877	Organic nitrogen compounds	1.000	Organonitrogen compounds	0.999	Amines	0.779	Alkanolamines	0.867	1,2-aminoalcohols	0.645	Organic compounds; Alcohols and polyols; Organonitrogen compounds; Primary alcohols; Organooxygen compounds; 1,2-aminoalcohols; Amines; Alkanolamines; Hydrocarbon derivatives; Organopnictogen compounds; Organic oxygen compounds; Organic nitrogen compounds; Chemical entities	246.242	368	6.135	816974381941857941	816973426739345728	816973426739345727	1014	
2	C9H14OSi	[M + H]+	C9H15OSi+	Fatty acids	0.417	Fatty acyls	0.366	Halogenated fatty acids	0.217	Organic oxygen compounds	0.973	Organooxygen compounds	0.938					Organooxygen compounds	0.938	Organic compounds; Organooxygen compounds; Hydrocarbon derivatives; Organic oxygen compounds; Chemical entities	167.088	368	6.138	816974383757993680	816973426781288773	816973426781288772	1015	
1	C20H41N3O	[M + H]+	C20H42N3O+	Terpenoids	0.205	Fatty amides	0.186	N-acyl amines	0.091	Organic acids and derivatives	0.984	Organic carbonic acids and derivatives	0.888	Ureas	0.922			Ureas	0.922	Organic compounds; Organic acids and derivatives; Organonitrogen compounds; Organooxygen compounds; Organic carbonic acids and derivatives; Ureas; Carbonyl compounds; Organic oxides; Hydrocarbon derivatives; Organopnictogen compounds; Organic oxygen compounds; Organic nitrogen compounds; Chemical entities	340.334	371	6.178	816974389244145058	816973426936478036	816973426936478035	1032	
1	C28H52N10O8	[M + Na]+	C28H52N10NaO8+	Amino acids and Peptides	0.986	Oligopeptides	0.934	Linear peptides	0.852	Organic acids and derivatives	0.993	Carboxylic acids and derivatives	0.975	Amino acids, peptides, and analogues	0.973	Peptides	0.654	Peptides	0.654	Organic compounds; Lipids and lipid-like molecules; Amino acids, peptides, and analogues; Alpha amino acids and derivatives; Alcohols and polyols; Organic acids and derivatives; Carboxylic acids and derivatives; Organonitrogen compounds; Organooxygen compounds; Fatty amides; Amino acids and derivatives; Peptides; Monoalkylamines; Carboxylic acid amides; Carboxylic acid derivatives; N-acyl amines; N-acyl-alpha amino acids and derivatives; Primary carboxylic acid amides; Secondary carboxylic acid amides; Carbonyl compounds; Alpha amino acid amides; Amines; Primary amines; Fatty Acyls; Organic oxides; Hydrocarbon derivatives; Organopnictogen compounds; Organic oxygen compounds; Organic nitrogen compounds; Chemical entities	679.390	371	6.190	816974630643156104	816973427066501470	816973427066501469	1055	
1	C21H39N3O4	[M + H]+	C21H40N3O4+	Amino acids and Peptides	0.926	Small peptides	0.907	Tripeptides	0.737	Organic acids and derivatives	0.998	Carboxylic acids and derivatives	0.997	Amino acids, peptides, and analogues	0.977	Amino acids and derivatives	0.974	N-acyl-alpha amino acids and derivatives	0.646	Organic compounds; Organoheterocyclic compounds; Lipids and lipid-like molecules; Amino acids, peptides, and analogues; Alpha amino acids and derivatives; Oxazinanes; Ethers; Organic acids and derivatives; Carboxylic acids and derivatives; Organonitrogen compounds; Organooxygen compounds; Fatty amides; Amino acids and derivatives; Morpholines; Carboxylic acid amides; Carboxylic acid derivatives; N-acyl amines; Dialkyl ethers; N-acyl-alpha amino acids and derivatives; Secondary carboxylic acid amides; Carbonyl compounds; Trialkylamines; Alpha amino acid amides; Amines; Tertiary amines; Fatty Acyls; Organic oxides; Azacyclic compounds; Oxacyclic compounds; Hydrocarbon derivatives; Leucine and derivatives; Organopnictogen compounds; Organic oxygen compounds; Organic nitrogen compounds; Chemical entities	398.305	372	6.206	816974396441571537	816973427578206603	816973427578206602	1094	
1	C14H24N2O7S2	[M + H]+	C14H25N2O7S2+	Fatty acids	0.584	Small peptides	0.295	N-acyl amines	0.454	Organic acids and derivatives	1.000	Carboxylic acids and derivatives	0.984	Amino acids, peptides, and analogues	0.576	Amino acids and derivatives	0.574	Amino acids	0.550	Organic compounds; Organosulfur compounds; Lipids and lipid-like molecules; Amino acids, peptides, and analogues; Fatty acids and conjugates; Organic acids and derivatives; Carboxylic acids and derivatives; Organosulfonic acids and derivatives; Organonitrogen compounds; Organooxygen compounds; Fatty amides; Amino acids and derivatives; Carboxylic acid amides; Carboxylic acid derivatives; N-acyl amines; Monocarboxylic acids and derivatives; Sulfonyls; Organosulfonic acids; Carboxylic acids; Secondary carboxylic acid amides; Carbonyl compounds; Amines; Medium-chain fatty acids; Alkanesulfonic acids and derivatives; Alkanesulfonic acids; Fatty Acyls; Organic oxides; Hydrocarbon derivatives; Amino acids; Organic sulfonic acids and derivatives; Organopnictogen compounds; Organic oxygen compounds; Organic nitrogen compounds; Chemical entities	397.108	372	6.206	816974440070733153	816973427674675605	816973427670481300	1095	
4	C9H14OSi	[M + H]+	C9H15OSi+	Fatty acids	0.378	Fatty acyls	0.318	Halogenated fatty acids	0.173	Benzenoids	0.565	Benzene and substituted derivatives	0.608					Benzene and substituted derivatives	0.608	Organic compounds; Organooxygen compounds; Benzene and substituted derivatives; Benzenoids; Hydrocarbon derivatives; Organic oxygen compounds; Chemical entities	167.088	378	6.302	816974395715956801	816973428463204822	816973428463204821	1114	
1	C25H46N2O5	[M + H]+	C25H47N2O5+	Amino acids and Peptides	0.232	Linear polyketides	0.162	Open-chain polyketides	0.154	Organic acids and derivatives	0.992	Carboxylic acids and derivatives	0.985	Amino acids, peptides, and analogues	0.885	Amino acids and derivatives	0.883	Amino acids and derivatives	0.883	Organic compounds; Organoheterocyclic compounds; Lipids and lipid-like molecules; Amino acids, peptides, and analogues; Oxazinanes; Ethers; Organic acids and derivatives; Carboxylic acids and derivatives; Organonitrogen compounds; Organooxygen compounds; Amino acids and derivatives; Morpholines; Carboxylic acid amides; Carboxylic acid derivatives; Monocarboxylic acids and derivatives; Dialkyl ethers; Carboxylic acid esters; Secondary carboxylic acid amides; Carbonyl compounds; Trialkylamines; Amines; Tertiary amines; Fatty Acyls; Organic oxides; Azacyclic compounds; Oxacyclic compounds; Hydrocarbon derivatives; Organopnictogen compounds; Organic oxygen compounds; Organic nitrogen compounds; Chemical entities	455.347	380	6.330	816974407350957959	816973428643559914	816973428643559913	1140	
1	C27H42O5	[M + H3N + H]+	C27H46NO5+	Terpenoids	0.971	Steroids	0.733	Ergostane steroids	0.084	Lipids and lipid-like molecules	0.968	Steroids and steroid derivatives	0.825	Oxosteroids	0.691	3-oxosteroids	0.612	3-oxosteroids	0.612	Organic compounds; Lipids and lipid-like molecules; Ketones; Alcohols and polyols; Steroids and steroid derivatives; Organic acids and derivatives; Carboxylic acids and derivatives; Organooxygen compounds; Monocarboxylic acids and derivatives; Oxosteroids; Carboxylic acid esters; Carbonyl compounds; 3-oxosteroids; Cyclic ketones; Organic oxides; Hydrocarbon derivatives; Organic oxygen compounds; Chemical entities	464.333	380	6.331	816974398433866140	816973428748417524	816973428748417523	1143	
1	C27H52N2O3	[M + H]+	C27H53N2O3+	Fatty acids	0.974	Fatty amides	0.669	N-acyl ethanolamines (endocannabinoids)	0.253	Lipids and lipid-like molecules	0.924	Fatty Acyls	0.918	Fatty amides	0.844	N-acyl amines	0.868	N-acyl amines	0.868	Organic compounds; Lipids and lipid-like molecules; Organic acids and derivatives; Carboxylic acids and derivatives; Organonitrogen compounds; Organooxygen compounds; Fatty amides; Carboxylic acid amides; Carboxylic acid derivatives; N-acyl amines; Secondary carboxylic acid amides; Carbonyl compounds; Amines; Fatty Acyls; Organic oxides; Hydrocarbon derivatives; Organopnictogen compounds; Organic oxygen compounds; Organic nitrogen compounds; Chemical entities	453.403	380	6.331	816974401273410184	816973428849080830	816973428840692221	1146	
4	C21H37N9O4	[M + H]+	C21H38N9O4+	Amino acids and Peptides	0.975	Oligopeptides	0.946	Tripeptides	0.280	Organic acids and derivatives	0.978	Carboxylic acids and derivatives	0.963	Amino acids, peptides, and analogues	0.931	Amino acids and derivatives	0.920	N-acyl-alpha amino acids and derivatives	0.644	Organic compounds; Organoheterocyclic compounds; Lipids and lipid-like molecules; Amino acids, peptides, and analogues; Alpha amino acids and derivatives; Organic acids and derivatives; Carboxylic acids and derivatives; Organonitrogen compounds; Organooxygen compounds; Fatty amides; Amino acids and derivatives; Azoles; Carboxylic acid amides; Carboxylic acid derivatives; N-acyl amines; N-acyl-alpha amino acids and derivatives; Secondary carboxylic acid amides; Carbonyl compounds; Benzene and substituted derivatives; Alpha amino acid amides; Benzenoids; Amines; Fatty Acyls; Organic oxides; Azacyclic compounds; Heteroaromatic compounds; Hydrocarbon derivatives; Organopnictogen compounds; Organic oxygen compounds; Organic nitrogen compounds; Chemical entities	480.302	380	6.333	816974410995809024	816973428970715656	816973428970715655	1152	
1	C24H44N4O4	[M + H]+	C24H45N4O4+	Amino acids and Peptides	0.933	Small peptides	0.812	Tripeptides	0.720	Organic acids and derivatives	0.999	Carboxylic acids and derivatives	0.995	Amino acids, peptides, and analogues	0.956	Peptides	0.564	Dipeptides	0.550	Organic compounds; Lipids and lipid-like molecules; Amino acids, peptides, and analogues; Alpha amino acids and derivatives; Organic acids and derivatives; Carboxylic acids and derivatives; Organonitrogen compounds; Organooxygen compounds; Fatty amides; Amino acids and derivatives; Peptides; Carboxylic acid amides; Carboxylic acid derivatives; N-acyl amines; N-acyl-alpha amino acids and derivatives; Secondary carboxylic acid amides; Carbonyl compounds; Alpha amino acid amides; Fatty Acyls; Organic oxides; Hydrocarbon derivatives; Leucine and derivatives; Organopnictogen compounds; Organic oxygen compounds; Organic nitrogen compounds; Dipeptides; Chemical entities	453.342	381	6.345	816974408995125513	816973429335620139	816973429331425834	1145	
2	C21H42N8O3	[M + H]+	C21H43N8O3+	Alkaloids	0.443	Pseudoalkaloids (transamidation)	0.052	Purine alkaloids	0.040	Organic acids and derivatives	0.759	Carboxylic acids and derivatives	0.511	Amino acids, peptides, and analogues	0.542	Amino acids and derivatives	0.539	Amino acids and derivatives	0.539	Organic compounds; Organoheterocyclic compounds; Amino acids, peptides, and analogues; Pyrimidines and pyrimidine derivatives; Oxazinanes; Ethers; Organic acids and derivatives; Carboxylic acids and derivatives; Organonitrogen compounds; Organooxygen compounds; Amino acids and derivatives; Morpholines; Azoles; Carboxylic acid amides; Carboxylic acid derivatives; Dialkyl ethers; Aminopyrimidines and derivatives; Diazines; Secondary carboxylic acid amides; Trialkylamines; Amines; Tertiary amines; Organic oxides; Azacyclic compounds; Oxacyclic compounds; Heteroaromatic compounds; Hydrocarbon derivatives; Organopnictogen compounds; Organic oxygen compounds; Organic nitrogen compounds; Chemical entities	455.347	382	6.359	816974411587206165	816973429444672053	816973429444672052	1185	
1	C24H44N4O4	[M + H]+	C24H45N4O4+	Amino acids and Peptides	0.955	Small peptides	0.778	Tripeptides	0.701	Organic acids and derivatives	0.998	Carboxylic acids and derivatives	0.995	Amino acids, peptides, and analogues	0.970	Peptides	0.573	Dipeptides	0.538	Organic compounds; Lipids and lipid-like molecules; Amino acids, peptides, and analogues; Alpha amino acids and derivatives; Organic acids and derivatives; Carboxylic acids and derivatives; Organonitrogen compounds; Organooxygen compounds; Fatty amides; Amino acids and derivatives; Peptides; Carboxylic acid amides; Carboxylic acid derivatives; N-acyl amines; N-acyl-alpha amino acids and derivatives; Secondary carboxylic acid amides; Carbonyl compounds; Alpha amino acid amides; Fatty Acyls; Organic oxides; Hydrocarbon derivatives; Leucine and derivatives; Organopnictogen compounds; Organic oxygen compounds; Organic nitrogen compounds; Dipeptides; Chemical entities	453.342	384	6.398	816974418063214306	816973429759244878	816973429759244877	1222	
1	C27H45NO5	[M + H]+	C27H46NO5+	Alkaloids	0.858	Pseudoalkaloids (transamidation)	0.840	Steroidal alkaloids	0.377	Organic acids and derivatives	0.793	Carboxylic acids and derivatives	0.777	Amino acids, peptides, and analogues	0.584	Amino acids and derivatives	0.583	Amino acids and derivatives	0.583	Organic compounds; Organoheterocyclic compounds; Lipids and lipid-like molecules; Amino acids, peptides, and analogues; Oxazinanes; Ketones; Ethers; Organic acids and derivatives; Carboxylic acids and derivatives; Organonitrogen compounds; Organooxygen compounds; Amino acids and derivatives; Morpholines; Carboxylic acid derivatives; Monocarboxylic acids and derivatives; Dialkyl ethers; Carboxylic acid esters; Carbonyl compounds; Trialkylamines; Amines; Tertiary amines; Organic oxides; Azacyclic compounds; Oxacyclic compounds; Hydrocarbon derivatives; Organopnictogen compounds; Organic oxygen compounds; Organic nitrogen compounds; Chemical entities	464.333	384	6.399	816974413000687080	816973429872491096	816973429872491095	1225	
1	C18H33N3O3	[M + H]+	C18H34N3O3+	Amino acids and Peptides	0.452	Small peptides	0.567	Tripeptides	0.092	Organic acids and derivatives	0.997	Carboxylic acids and derivatives	0.996	Amino acids, peptides, and analogues	0.987	Amino acids and derivatives	0.987	Alpha amino acid amides	0.759	Organic compounds; Organoheterocyclic compounds; Lipids and lipid-like molecules; Amino acids, peptides, and analogues; Alpha amino acids and derivatives; Oxazinanes; Ethers; Organic acids and derivatives; Carboxylic acids and derivatives; Organonitrogen compounds; Organooxygen compounds; Fatty amides; Amino acids and derivatives; Morpholines; Carboxylic acid amides; Carboxylic acid derivatives; N-acyl amines; Dialkyl ethers; Secondary carboxylic acid amides; Carbonyl compounds; Trialkylamines; Alpha amino acid amides; Amines; Tertiary amines; Fatty Acyls; Organic oxides; Azacyclic compounds; Oxacyclic compounds; Hydrocarbon derivatives; Organopnictogen compounds; Organic oxygen compounds; Organic nitrogen compounds; Chemical entities	340.259	386	6.431	816974413927628461	816973430065429095	816973430065429094	1201	
3	C9H14OSi	[M + H]+	C9H15OSi+	Fatty acids	0.392	Fatty acyls	0.328	Halogenated fatty acids	0.194	Benzenoids	0.467	Benzene and substituted derivatives	0.529					Benzene and substituted derivatives	0.529	Organic compounds; Organooxygen compounds; Benzene and substituted derivatives; Hydrocarbon derivatives; Organic oxygen compounds; Chemical entities	167.088	386	6.439	816974412811943356	816973430132537964	816973430128343659	1176	
1	C26H41N5O4	[M + Na]+	C26H41N5NaO4+	Amino acids and Peptides	0.986	Small peptides	0.744	Tripeptides	0.521	Organic acids and derivatives	0.999	Carboxylic acids and derivatives	0.996	Amino acids, peptides, and analogues	0.974	Peptides	0.456	Dipeptides	0.527	Organic compounds; Organoheterocyclic compounds; Lipids and lipid-like molecules; Amino acids, peptides, and analogues; Alpha amino acids and derivatives; Organic acids and derivatives; Carboxylic acids and derivatives; Organonitrogen compounds; Organooxygen compounds; Fatty amides; Amino acids and derivatives; Carboxylic acid amides; Carboxylic acid derivatives; N-acyl amines; N-acyl-alpha amino acids and derivatives; Secondary carboxylic acid amides; Carbonyl compounds; Benzene and substituted derivatives; Alpha amino acid amides; Benzenoids; Amines; Fatty Acyls; Organic oxides; Azacyclic compounds; Hydrocarbon derivatives; Valine and derivatives; Organopnictogen compounds; Organic oxygen compounds; Organic nitrogen compounds; Dipeptides; Chemical entities	510.310	386	6.441	816974521389905935	816973430191258225	816973430191258224	1188	
2	C32H50N2O3	[M + H]+	C32H51N2O3+	Alkaloids	0.581	Pseudoalkaloids (transamidation)	0.582	Steroidal alkaloids	0.489	Lipids and lipid-like molecules	0.845	Steroids and steroid derivatives	0.817					Steroids and steroid derivatives	0.817	Organic compounds; Organoheterocyclic compounds; Lipids and lipid-like molecules; Oxazinanes; Ketones; Ethers; Steroids and steroid derivatives; Organic acids and derivatives; Carboxylic acids and derivatives; Organonitrogen compounds; Organooxygen compounds; Morpholines; Carboxylic acid amides; Carboxylic acid derivatives; Dialkyl ethers; Carbonyl compounds; Trialkylamines; Amines; Tertiary amines; Organic oxides; Azacyclic compounds; Oxacyclic compounds; Hydrocarbon derivatives; Organopnictogen compounds; Organic oxygen compounds; Organic nitrogen compounds; Chemical entities	511.389	387	6.444	816974426145639960	816973430564551311	816973430560357006	1197	
1	C30H55N5O5	[M + H]+	C30H56N5O5+	Amino acids and Peptides	0.982	Small peptides	0.562	Tripeptides	0.664	Organic acids and derivatives	0.997	Carboxylic acids and derivatives	0.991	Amino acids, peptides, and analogues	0.977	Peptides	0.684	Dipeptides	0.614	Organic compounds; Lipids and lipid-like molecules; Amino acids, peptides, and analogues; Alpha amino acids and derivatives; Organic acids and derivatives; Carboxylic acids and derivatives; Organonitrogen compounds; Organooxygen compounds; Fatty amides; Amino acids and derivatives; Peptides; Carboxylic acid amides; Carboxylic acid derivatives; N-acyl amines; N-acyl-alpha amino acids and derivatives; Secondary carboxylic acid amides; Carbonyl compounds; Alpha amino acid amides; Fatty Acyls; Organic oxides; Hydrocarbon derivatives; Valine and derivatives; Organopnictogen compounds; Organic oxygen compounds; Organic nitrogen compounds; Dipeptides; Chemical entities	566.426	393	6.544	816974430931342645	816973431160142529	816973431155948224	1238	
2	C17H18N4O3	[M + Na]+	C17H18N4NaO3+	Alkaloids	0.776	Small peptides	0.217	Dipeptides	0.087	Organic acids and derivatives	0.997	Carboxylic acids and derivatives	0.986	Amino acids, peptides, and analogues	0.951	Amino acids and derivatives	0.949	Alpha amino acids and derivatives	0.954	Organic compounds; Organoheterocyclic compounds; Amino acids, peptides, and analogues; Alpha amino acids and derivatives; Organic acids and derivatives; Carboxylic acids and derivatives; Organonitrogen compounds; Anilides; Organooxygen compounds; Amino acids and derivatives; Organic carbonic acids and derivatives; Carboxylic acid amides; Ureas; Carboxylic acid derivatives; Secondary carboxylic acid amides; Carbonyl compounds; Benzene and substituted derivatives; Benzenoids; N-arylamides; Organic oxides; Azacyclic compounds; Hydrocarbon derivatives; Organopnictogen compounds; Organic oxygen compounds; Organic nitrogen compounds; Chemical entities	349.128	397	6.609	816974431917004410	816973431298554576	816973431298554575	1250	
3	C18H28O3	[M - H2O + H]+	C18H27O2+	Fatty acids	0.996	Octadecanoids	0.876	Other Octadecanoids	0.908	Lipids and lipid-like molecules	0.979	Fatty Acyls	0.959	Lineolic acids and derivatives	0.628			Lineolic acids and derivatives	0.628	Organic compounds; Lipids and lipid-like molecules; Ketones; Fatty acids and conjugates; Organic acids and derivatives; Carboxylic acids and derivatives; Organooxygen compounds; Unsaturated fatty acids; Lineolic acids and derivatives; Monocarboxylic acids and derivatives; Carboxylic acids; Secondary alcohols; Carbonyl compounds; Long-chain fatty acids; Fatty Acyls; Organic oxides; Hydrocarbon derivatives; Organic oxygen compounds; Chemical entities	275.200	397	6.623	816974431715677730	816973431369857754	816973431369857753	1255	
1	C30H55N5O5	[M + H]+	C30H56N5O5+	Amino acids and Peptides	0.995	Oligopeptides	0.966	Cyclic peptides	0.596	Organic acids and derivatives	0.999	Carboxylic acids and derivatives	0.998	Amino acids, peptides, and analogues	0.991	Peptides	0.818	Dipeptides	0.522	Organic compounds; Lipids and lipid-like molecules; Amino acids, peptides, and analogues; Alpha amino acids and derivatives; Organic acids and derivatives; Carboxylic acids and derivatives; Organonitrogen compounds; Organooxygen compounds; Fatty amides; Amino acids and derivatives; Peptides; Carboxylic acid amides; Carboxylic acid derivatives; N-acyl amines; N-acyl-alpha amino acids and derivatives; Secondary carboxylic acid amides; Tertiary carboxylic acid amides; Carbonyl compounds; Alpha amino acid amides; Fatty Acyls; Organic oxides; Azacyclic compounds; Hydrocarbon derivatives; Valine and derivatives; Organopnictogen compounds; Organic oxygen compounds; Organic nitrogen compounds; Dipeptides; Chemical entities	566.426	398	6.627	816974428284735988	816973431441160932	816973431436966627	1292	
1	C22H22O10	[M - H2O + H]+	C22H21O9+	Shikimates and Phenylpropanoids	0.615	Phenolic acids (C6-C1)	0.614	Simple phenolic acids	0.566	Benzenoids	0.997	Benzene and substituted derivatives	0.991	Benzoic acids and derivatives	0.998	Phthalic acid and derivatives	0.924	p-Phthalate esters	0.937	Organic compounds; Alcohols and polyols; Benzoic acids and derivatives; Organic acids and derivatives; Carboxylic acids and derivatives; Primary alcohols; Benzoyl derivatives; Organooxygen compounds; Dicarboxylic acids and derivatives; Carboxylic acid derivatives; Phthalic acid and derivatives; P-phthalic acid and derivatives; Dialkyl ethers; Carboxylic acid esters; Benzoic acid esters; Benzene and substituted derivatives; Benzenoids; Organic oxides; Phthalate esters; p-Phthalate esters; Hydrocarbon derivatives; Organic oxygen compounds; Chemical entities	429.116	398	6.633	816974430113453116	816973431579572979	816973431579572978	1264	
4	C34H62N4O6	[M + H]+	C34H63N4O6+	Amino acids and Peptides	0.976	Oligopeptides	0.984	Microcolins and mirabimids	0.723	Organic acids and derivatives	1.000	Carboxylic acids and derivatives	0.998	Amino acids, peptides, and analogues	0.992	Peptides	0.711	Peptides	0.711	Organic compounds; Lipids and lipid-like molecules; Amino acids, peptides, and analogues; Alpha amino acids and derivatives; Organic acids and derivatives; Carboxylic acids and derivatives; Organonitrogen compounds; Organooxygen compounds; Fatty amides; Amino acids and derivatives; Peptides; Carboxylic acid amides; Carboxylic acid derivatives; N-acyl amines; Monocarboxylic acids and derivatives; N-acyl-alpha amino acids and derivatives; Carboxylic acid esters; Secondary carboxylic acid amides; Tertiary carboxylic acid amides; Carbonyl compounds; Alpha amino acid amides; Fatty Acyls; Organic oxides; Hydrocarbon derivatives; Valine and derivatives; Organopnictogen compounds; Organic oxygen compounds; Organic nitrogen compounds; Chemical entities	623.470	398	6.634	816974428800635591	816973431617321720	816973431617321719	1270	
1	C16H30O3	[M + Na]+	C16H30NaO3+	Fatty acids	0.960	Fatty acyls	0.628	Fatty alcohols	0.642	Lipids and lipid-like molecules	0.810	Fatty Acyls	0.811					Fatty Acyls	0.811	Organic compounds; Lipids and lipid-like molecules; Alcohols and polyols; Organic acids and derivatives; Carboxylic acids and derivatives; Organooxygen compounds; Monocarboxylic acids and derivatives; Secondary alcohols; Carbonyl compounds; Fatty Acyls; Organic oxides; Hydrocarbon derivatives; Organic oxygen compounds; Chemical entities	293.210	399	6.650	816974433926076649	816973431936088859	816973431936088858	1260	
6	C15H22N4S	[M + H]+	C15H23N4S+	Alkaloids	0.881	Histidine alkaloids	0.158	Imidazole alkaloids	0.157	Benzenoids	0.797							Benzenoids	0.797	Organic compounds; Organoheterocyclic compounds; Organosulfur compounds; Organonitrogen compounds; Azoles; Benzenoids; Azacyclic compounds; Heteroaromatic compounds; Hydrocarbon derivatives; Organopnictogen compounds; Organic nitrogen compounds; Chemical entities	291.165	403	6.709	816974436845313165	816973432124832559	816973432124832558	1327	
1	C16H35NO2	[M + H]+	C16H36NO2+	Fatty acids	0.938	Spingolipids	0.596	Sphingoid bases	0.910	Organic nitrogen compounds	1.000	Organonitrogen compounds	1.000	Amines	0.997	Alkanolamines	0.962	1,2-aminoalcohols	0.951	Organic compounds; Alcohols and polyols; Organonitrogen compounds; Primary alcohols; Organooxygen compounds; 1,2-aminoalcohols; Trialkylamines; Amines; Tertiary amines; Alkanolamines; Hydrocarbon derivatives; Organopnictogen compounds; Organic oxygen compounds; Organic nitrogen compounds; Chemical entities	274.273	405	6.746	816974443568783034	816973432359713608	816973432359713607	1317	
3	C15H22NO5P	[M + Na]+	C15H22NNaO5P+	Amino acids and Peptides	0.941	Small peptides	0.938	Aminoacids	0.735	Organic acids and derivatives	1.000	Carboxylic acids and derivatives	0.998	Amino acids, peptides, and analogues	0.964	Amino acids and derivatives	0.964	Alpha amino acids and derivatives	0.948	Organic compounds; Amino acids, peptides, and analogues; Alpha amino acids and derivatives; Organic acids and derivatives; Carboxylic acids and derivatives; Organonitrogen compounds; Organooxygen compounds; Amino acids and derivatives; Organophosphorus compounds; Organic phosphonic acids and derivatives; Monocarboxylic acids and derivatives; Carboxylic acids; Organic phosphonic acids; Carbonyl compounds; Benzene and substituted derivatives; Benzenoids; Organic oxides; Hydrocarbon derivatives; Amino acids; Organopnictogen compounds; Organic oxygen compounds; Organic nitrogen compounds; Chemical entities	350.112	406	6.768	816974449830880036	816973432565234519	816973432561040214	1330	
1	C18H39NO3	[M + H]+	C18H40NO3+	Fatty acids	0.887	Spingolipids	0.201	Sphingoid bases	0.721	Organic nitrogen compounds	1.000	Organonitrogen compounds	1.000	Amines	0.999	Alkanolamines	0.973	1,2-aminoalcohols	0.964	Organic compounds; Alcohols and polyols; Organonitrogen compounds; Primary alcohols; Organooxygen compounds; 1,2-aminoalcohols; Trialkylamines; Amines; Tertiary amines; Alkanolamines; Hydrocarbon derivatives; Organopnictogen compounds; Organic oxygen compounds; Organic nitrogen compounds; Chemical entities	318.299	409	6.810	816974448186712501	816973432959499130	816973432959499129	1339	
1	C37H62O12	[M + H]+	C37H63O12+	Polyketides	0.995	Polyethers	0.907	Polyether ionophores	0.942	Lipids and lipid-like molecules	0.846	Prenol lipids	0.515	Terpene glycosides	0.649	Diterpene glycosides	0.704	Diterpene glycosides	0.704	Organic compounds; Organoheterocyclic compounds; Lipids and lipid-like molecules; Alcohols and polyols; Ethers; Prenol lipids; Organic acids and derivatives; Carboxylic acids and derivatives; Organooxygen compounds; Branched fatty acids; Hydroxy fatty acids; Monocarboxylic acids and derivatives; Dialkyl ethers; Carboxylic acids; Diterpenoids; Secondary alcohols; Diterpene glycosides; Carbonyl compounds; Oxanes; Terpene glycosides; Fatty Acyls; Organic oxides; Oxacyclic compounds; Hydrocarbon derivatives; Organic oxygen compounds; Chemical entities	699.433	409	6.815	816974475642629585	816973433190185870	816973433190185869	1343	
7	C31H64O16	[M + Na]+	C31H64NaO16+	Fatty acids	0.913	Fatty acyls	0.979	Fatty alcohols	0.591	Organic oxygen compounds	0.997	Organooxygen compounds	0.995	Carbohydrates and carbohydrate conjugates	0.893	Glycosyl compounds	0.493	O-glycosyl compounds	0.626	Organic compounds; Organoheterocyclic compounds; Carbohydrates and carbohydrate conjugates; Lipids and lipid-like molecules; Alcohols and polyols; Ethers; Primary alcohols; Organooxygen compounds; Acetals; Secondary alcohols; Oxanes; O-glycosyl compounds; Polyols; Fatty Acyls; Oxacyclic compounds; Hydrocarbon derivatives; Organic oxygen compounds; Chemical entities	715.405	409	6.818	816974456176863469	816973433240517523	816973433240517522	1348	
2	C18H34O5	[M + H3N + H]+	C18H38NO5+	Fatty acids	0.926	Fatty acyls	0.432	Fatty alcohols	0.660	Lipids and lipid-like molecules	0.959	Fatty Acyls	0.910	Fatty alcohols	0.502			Fatty alcohols	0.502	Organic compounds; Lipids and lipid-like molecules; Alcohols and polyols; Fatty acids and conjugates; Organic acids and derivatives; Carboxylic acids and derivatives; Primary alcohols; Organooxygen compounds; Hydroxy fatty acids; Monocarboxylic acids and derivatives; Carboxylic acids; Fatty alcohols; Secondary alcohols; Carbonyl compounds; Polyols; Fatty Acyls; Organic oxides; Hydrocarbon derivatives; Organic oxygen compounds; Chemical entities	348.273	410	6.829	816974465395944208	816973433500564396	816973433500564395	1359	
1	C16H32O3	[M + Na]+	C16H32NaO3+	Fatty acids	0.944	Fatty esters	0.372	Wax monoesters	0.319	Lipids and lipid-like molecules	0.772	Fatty Acyls	0.741					Fatty Acyls	0.741	Organic compounds; Lipids and lipid-like molecules; Ethers; Organic acids and derivatives; Carboxylic acids and derivatives; Organooxygen compounds; Carboxylic acid derivatives; Monocarboxylic acids and derivatives; Dialkyl ethers; Carboxylic acid esters; Carbonyl compounds; Fatty Acyls; Organic oxides; Hydrocarbon derivatives; Organic oxygen compounds; Chemical entities	295.226	410	6.832	816974453496702543	816973433563478961	816973433563478960	1364	
1	C21H36O9	[M - H2O + H]+	C21H35O8+	Fatty acids	0.853	Fatty acyls	0.181	Fatty alcohols	0.204	Lipids and lipid-like molecules	0.885	Fatty Acyls	0.848	Fatty acid esters	0.638			Fatty acid esters	0.638	Organic compounds; Lipids and lipid-like molecules; Alcohols and polyols; Organic acids and derivatives; Carboxylic acids and derivatives; Organooxygen compounds; Fatty acid esters; Carboxylic acid derivatives; Carboxylic acid esters; Secondary alcohols; Carbonyl compounds; Polyols; Fatty Acyls; Organic oxides; Hydrocarbon derivatives; Organic oxygen compounds; Chemical entities	415.231	410	6.832	816974464741632755	816973433651559355	816973433651559354	1367	
1	C21H36O9	[M + Na]+	C21H36NaO9+	Polyketides	0.948	Macrolides	0.471	Open-chain polyketides	0.305	Organic oxygen compounds	1.000	Organooxygen compounds	0.999	Carbohydrates and carbohydrate conjugates	0.630			Carbohydrates and carbohydrate conjugates	0.630	Organic compounds; Organoheterocyclic compounds; Carbohydrates and carbohydrate conjugates; Alcohols and polyols; Ethers; Organooxygen compounds; Dialkyl ethers; Acetals; Secondary alcohols; Oxanes; Polyols; Organic oxides; Oxacyclic compounds; Hydrocarbon derivatives; Organic oxygen compounds; Chemical entities	455.223	410	6.835	816974457967831595	816973433743834053	816973433743834052	1370	
1	C21H22N4O2	[M + Na]+	C21H22N4NaO2+	Alkaloids	0.685	Histidine alkaloids	0.257	Imidazole alkaloids	0.256	Benzenoids	0.959	Benzene and substituted derivatives	0.509					Benzene and substituted derivatives	0.509	Organic compounds; Organoheterocyclic compounds; Organic acids and derivatives; Carboxylic acids and derivatives; Organonitrogen compounds; Organooxygen compounds; Azoles; Benzene and substituted derivatives; Benzenoids; Organic oxides; Azacyclic compounds; Heteroaromatic compounds; Hydrocarbon derivatives; Organopnictogen compounds; Organic oxygen compounds; Organic nitrogen compounds; Chemical entities	385.165	410	6.837	816974482328351011	816973433844497359	816973433840303054	1362	
1	C16H35NO3	[M + H]+	C16H36NO3+	Fatty acids	0.995	Spingolipids	0.916	Sphingoid bases	0.967	Lipids and lipid-like molecules	0.519							Lipids and lipid-like molecules	0.519	Organic compounds; Lipids and lipid-like molecules; Alcohols and polyols; Organonitrogen compounds; Primary alcohols; Organooxygen compounds; Secondary alcohols; 1,2-aminoalcohols; Amines; Alkanolamines; Hydrocarbon derivatives; Organopnictogen compounds; Organic oxygen compounds; Organic nitrogen compounds; Chemical entities	290.268	411	6.847	816974474065571041	816973433894829012	816973433890634707	1373	
3	C22H27N3O	[M + H]+	C22H28N3O+	Alkaloids	0.975	Tryptophan alkaloids	0.925	Ergot alkaloids	0.406	Organic acids and derivatives	0.658	Carboxylic acids and derivatives	0.609	Amino acids, peptides, and analogues	0.508	Amino acids and derivatives	0.507	Amino acids and derivatives	0.507	Organic compounds; Organoheterocyclic compounds; Amino acids, peptides, and analogues; Pyrroles; Indoles and derivatives; Organic acids and derivatives; Carboxylic acids and derivatives; Organonitrogen compounds; Organooxygen compounds; Amino acids and derivatives; Carboxylic acid amides; Carboxylic acid derivatives; Quinolines and derivatives; Trialkylamines; Substituted pyrroles; Benzenoids; Amines; Tertiary amines; Indoles; Organic oxides; Azacyclic compounds; Heteroaromatic compounds; Hydrocarbon derivatives; Organopnictogen compounds; Organic oxygen compounds; Organic nitrogen compounds; Chemical entities	350.225	411	6.850	816974478935158873	816973433940966361	816973433936772056	1350	
2	C11H24O3	[M + Na]+	C11H24NaO3+	Fatty acids	0.973	Fatty acyls	0.925	Fatty alcohols	0.965	Lipids and lipid-like molecules	0.828	Fatty Acyls	0.597					Fatty Acyls	0.597	Organic compounds; Lipids and lipid-like molecules; Alcohols and polyols; Primary alcohols; Organooxygen compounds; Secondary alcohols; Fatty Acyls; Hydrocarbon derivatives; Organic oxygen compounds; Chemical entities	227.162	411	6.851	816974479740465327	816973434008075230	816973434003880925	1371	
1	C18H36O4	[M + H3N + H]+	C18H40NO4+	Fatty acids	1.000	Glycerolipids	0.988	Monoacylglycerols	0.996	Lipids and lipid-like molecules	0.999	Glycerolipids	0.978	Monoradylglycerols	0.988	Monoacylglycerols	0.980	1-monoacylglycerols	0.920	Organic compounds; Lipids and lipid-like molecules; Alcohols and polyols; Glycerolipids; Organic acids and derivatives; Carboxylic acids and derivatives; Primary alcohols; Organooxygen compounds; Fatty acid esters; Carboxylic acid derivatives; Monoacylglycerols; Monocarboxylic acids and derivatives; Carboxylic acid esters; 1-monoacylglycerols; Secondary alcohols; Carbonyl compounds; Polyols; 1,2-diols; Monoradylglycerols; Fatty Acyls; Organic oxides; Hydrocarbon derivatives; Organic oxygen compounds; Chemical entities	334.294	412	6.870	816974477253242706	816973434117127144	816973434117127143	1378	
1	C20H43NO4	[M + H]+	C20H44NO4+	Fatty acids	0.991	Spingolipids	0.093	Sphingoid bases	0.453	Organic nitrogen compounds	0.985	Organonitrogen compounds	0.990	Amines	0.990	Alkanolamines	0.909	1,2-aminoalcohols	0.884	Organic compounds; Alcohols and polyols; Ethers; Organonitrogen compounds; Primary alcohols; Organooxygen compounds; Dialkyl ethers; 1,2-aminoalcohols; Amines; Alkanolamines; Hydrocarbon derivatives; Organopnictogen compounds; Organic oxygen compounds; Organic nitrogen compounds; Chemical entities	362.325	412	6.873	816974506638537639	816973434217790450	816973434217790449	1379	
2	C17H33N3O2	[M + K]+	C17H33KN3O2+	Alkaloids	0.553	Tryptophan alkaloids	0.496	Simple indole alkaloids	0.253	Benzenoids	0.816	Benzene and substituted derivatives	0.514					Benzene and substituted derivatives	0.514	Organic compounds; Organic acids and derivatives; Carboxylic acids and derivatives; Organonitrogen compounds; Organooxygen compounds; Carboxylic acid amides; Carboxylic acid derivatives; Carbonyl compounds; Benzene and substituted derivatives; Benzenoids; Organic oxides; Hydrocarbon derivatives; Organopnictogen compounds; Organic oxygen compounds; Organic nitrogen compounds; Chemical entities	350.218	414	6.904	816974547180682149	816973434465254406	816973434465254405	1386	
7	C19H26N4O	[M + Na]+	C19H26N4NaO+	Alkaloids	0.808	Nicotinic acid alkaloids	0.154	Pyridine alkaloids	0.155	Organoheterocyclic compounds	0.991	Diazinanes	0.825	Piperazines	0.810	Pyridinylpiperazines	0.639	Pyridinylpiperazines	0.639	Organic compounds; Organoheterocyclic compounds; Pyridines and derivatives; Phenylmethylamines; Piperazines; Organonitrogen compounds; Aminopyridines and derivatives; Organooxygen compounds; Pyridinylpiperazines; Trialkylamines; Benzene and substituted derivatives; Diazinanes; Benzenoids; Amines; Tertiary amines; Tertiary alkylarylamines; Benzylamines; N-alkylpiperazines; N-arylpiperazines; Imidolactams; Aralkylamines; Dialkylarylamines; Azacyclic compounds; Heteroaromatic compounds; Hydrocarbon derivatives; Organopnictogen compounds; Organic oxygen compounds; Organic nitrogen compounds; Chemical entities	349.197	414	6.905	816974522555922642	816973434528168971	816973434528168970	1387	
5	C40H70N4O4	[M + Na]+	C40H70N4NaO4+	Amino acids and Peptides	0.875	Oligopeptides	0.752	Lipopeptides	0.121	Organic acids and derivatives	0.998	Carboxylic acids and derivatives	0.993	Amino acids, peptides, and analogues	0.861	Amino acids and derivatives	0.838	Alpha amino acids and derivatives	0.805	Organic compounds; Organoheterocyclic compounds; Lipids and lipid-like molecules; Amino acids, peptides, and analogues; Alpha amino acids and derivatives; Alcohols and polyols; Organic acids and derivatives; Carboxylic acids and derivatives; Organonitrogen compounds; Organooxygen compounds; Fatty amides; Amino acids and derivatives; Carboxylic acid amides; Carboxylic acid derivatives; N-acyl amines; Secondary alcohols; Secondary carboxylic acid amides; Carbonyl compounds; Fatty Acyls; Organic oxides; Azacyclic compounds; Hydrocarbon derivatives; Organopnictogen compounds; Organic oxygen compounds; Organic nitrogen compounds; Chemical entities	693.529	421	7.010	816974560208191918	816973435295726678	816973435295726677	1416	
2	C18H28O4	[M - H2O + H]+	C18H27O3+	Fatty acids	0.985	Octadecanoids	0.646	Phytoprostanes	0.430	Lipids and lipid-like molecules	0.929	Fatty Acyls	0.890	Fatty acids and conjugates	0.775	Long-chain fatty acids	0.708	Long-chain fatty acids	0.708	Organic compounds; Lipids and lipid-like molecules; Alcohols and polyols; Fatty acids and conjugates; Organic acids and derivatives; Carboxylic acids and derivatives; Organooxygen compounds; Unsaturated fatty acids; Monocarboxylic acids and derivatives; Carboxylic acids; Secondary alcohols; Carbonyl compounds; Long-chain fatty acids; Fatty Acyls; Organic oxides; Hydrocarbon derivatives; Organic oxygen compounds; Chemical entities	291.194	421	7.017	816974560673759749	816973435362835547	816973435362835546	1418	
2	C21H33N3O3	[M + H]+	C21H34N3O3+	Alkaloids	0.533	Small peptides	0.163	Carboline alkaloids	0.089	Organic acids and derivatives	0.961	Carboxylic acids and derivatives	0.960	Amino acids, peptides, and analogues	0.699	Amino acids and derivatives	0.694	Amino acids and derivatives	0.694	Organic compounds; Organoheterocyclic compounds; Lipids and lipid-like molecules; Amino acids, peptides, and analogues; Ethers; Organic acids and derivatives; Carboxylic acids and derivatives; Organonitrogen compounds; Organooxygen compounds; Fatty amides; Amino acids and derivatives; Carboxylic acid amides; Carboxylic acid derivatives; N-acyl amines; Dialkyl ethers; Secondary carboxylic acid amides; Carbonyl compounds; Benzenoids; Amines; Fatty Acyls; Organic oxides; Azacyclic compounds; Heteroaromatic compounds; Hydrocarbon derivatives; Organopnictogen compounds; Organic oxygen compounds; Organic nitrogen compounds; Chemical entities	376.258	422	7.029	816974564582851602	816973435459304549	816973435455110244	1423	
3	C19H36N10O	[M + H]+	C19H37N10O+	Alkaloids	0.981	Pseudoalkaloids (transamidation)	0.747	Purine alkaloids	0.860	Organic nitrogen compounds	1.000	Organonitrogen compounds	1.000	Amines	0.999	Tertiary amines	0.991	Dialkylarylamines	0.752	Organic compounds; Organoheterocyclic compounds; Pyrimidines and pyrimidine derivatives; Organonitrogen compounds; Organooxygen compounds; Aminopyrimidines and derivatives; Diazines; Trialkylamines; Amines; Tertiary amines; Tertiary alkylarylamines; Secondary alkylarylamines; Imidolactams; Dialkylarylamines; Azacyclic compounds; Heteroaromatic compounds; Hydrocarbon derivatives; Organopnictogen compounds; Organic oxygen compounds; Organic nitrogen compounds; Chemical entities	421.316	422	7.031	816974563131622268	816973435622882415	816973435622882414	1427	
1	C21H33N3O3	[M + H3N + H]+	C21H37N4O3+	Amino acids and Peptides	0.742	Small peptides	0.794	Dipeptides	0.260	Organic acids and derivatives	0.991	Carboxylic acids and derivatives	0.988	Amino acids, peptides, and analogues	0.949	Amino acids and derivatives	0.946	Alpha amino acid amides	0.672	Organic compounds; Organoheterocyclic compounds; Lipids and lipid-like molecules; Amino acids, peptides, and analogues; Alpha amino acids and derivatives; Piperidines; Organic acids and derivatives; Carboxylic acids and derivatives; Organonitrogen compounds; Organooxygen compounds; Fatty amides; Amino acids and derivatives; Carboxylic acid amides; Carboxylic acid derivatives; Secondary carboxylic acid amides; Carbonyl compounds; Benzene and substituted derivatives; Alpha amino acid amides; Benzenoids; Amines; Tertiary amines; Tertiary alkylarylamines; Dialkylarylamines; Fatty Acyls; Organic oxides; Azacyclic compounds; Hydrocarbon derivatives; Organopnictogen compounds; Organic oxygen compounds; Organic nitrogen compounds; Chemical entities	393.284	422	7.032	816974568852653496	816973435870346366	816973435870346365	1431	
2	C18H25N5O4	[M + H]+	C18H26N5O4+	Alkaloids	0.573	Small peptides	0.105	Purine alkaloids	0.173	Organoheterocyclic compounds	0.987	Diazines	0.669	Pyrimidines and pyrimidine derivatives	0.655	Aminopyrimidines and derivatives	0.572	Aminopyrimidines and derivatives	0.572	Organic compounds; Organoheterocyclic compounds; Pyrimidines and pyrimidine derivatives; Organic acids and derivatives; Organonitrogen compounds; Organooxygen compounds; Aminopyrimidines and derivatives; Diazines; Benzenoids; Amines; Imidolactams; Organic oxides; Azacyclic compounds; Heteroaromatic compounds; Hydrocarbon derivatives; Organopnictogen compounds; Organic oxygen compounds; Organic nitrogen compounds; Chemical entities	376.198	422	7.037	816974589899671760	816973436042312845	816973436042312844	1434	
1	C30H55N5O5	[M + H]+	C30H56N5O5+	Amino acids and Peptides	0.986	Oligopeptides	0.667	Tripeptides	0.420	Organic acids and derivatives	0.998	Carboxylic acids and derivatives	0.994	Amino acids, peptides, and analogues	0.950	Peptides	0.620	Peptides	0.620	Organic compounds; Lipids and lipid-like molecules; Amino acids, peptides, and analogues; Alpha amino acids and derivatives; Alcohols and polyols; Organic acids and derivatives; Carboxylic acids and derivatives; Organonitrogen compounds; Organooxygen compounds; Fatty amides; Amino acids and derivatives; Peptides; Carboxylic acid amides; Carboxylic acid derivatives; N-acyl amines; N-acyl-alpha amino acids and derivatives; Secondary carboxylic acid amides; Carbonyl compounds; Alpha amino acid amides; Fatty Acyls; Organic oxides; Hydrocarbon derivatives; Valine and derivatives; Organopnictogen compounds; Organic oxygen compounds; Organic nitrogen compounds; Chemical entities	566.426	424	7.064	816974622376172621	816973436176530588	816973436176530587	1440	
1	C11H16O2	[M + Na]+	C11H16NaO2+	Terpenoids	0.926	Apocarotenoids	0.260	Apocarotenoids(ε-)	0.203	Organic oxygen compounds	1.000	Organooxygen compounds	0.999	Carbonyl compounds	0.798	Ketones	0.681	Ketones	0.681	Organic compounds; Ketones; Alcohols and polyols; Organooxygen compounds; Carbonyl compounds; Organic oxides; Hydrocarbon derivatives; Organic oxygen compounds; Chemical entities	203.106	424	7.068	816974611512923355	816973436285582502	816973436285582501	1443	
1	C17H26O4	[M - H2O + H]+	C17H25O3+	Fatty acids	0.486	Sesquiterpenoids	0.163	Macrolide lactones	0.094	Organic acids and derivatives	0.993	Carboxylic acids and derivatives	0.988	Dicarboxylic acids and derivatives	0.542			Dicarboxylic acids and derivatives	0.542	Organic compounds; Lipids and lipid-like molecules; Organic acids and derivatives; Carboxylic acids and derivatives; Organooxygen compounds; Dicarboxylic acids and derivatives; Carboxylic acid derivatives; Carboxylic acid esters; Carbonyl compounds; Fatty Acyls; Organic oxides; Hydrocarbon derivatives; Organic oxygen compounds; Chemical entities	277.179	424	7.073	816974616000829768	816973436369468592	816973436369468591	1447	
2	C16H29N7O2	[M + H]+	C16H30N7O2+	Alkaloids	0.934	Pseudoalkaloids (transamidation)	0.905	Purine alkaloids	0.884	Organoheterocyclic compounds	1.000	Imidazopyrimidines	0.908	Purines and purine derivatives	0.925	6-aminopurines	0.769	6-aminopurines	0.769	Organic compounds; Organoheterocyclic compounds; Pyrimidines and pyrimidine derivatives; Imidazoles; Purines and purine derivatives; Ethers; Organonitrogen compounds; Organooxygen compounds; Azoles; Dialkyl ethers; Aminopyrimidines and derivatives; Diazines; Imidazopyrimidines; Substituted imidazoles; N-substituted imidazoles; Amines; Primary amines; Tertiary amines; Tertiary alkylarylamines; 6-aminopurines; Imidolactams; Dialkylarylamines; Azacyclic compounds; Heteroaromatic compounds; Hydrocarbon derivatives; Organopnictogen compounds; Organic oxygen compounds; Organic nitrogen compounds; Chemical entities	352.242	425	7.078	816974617905044199	816973436667264206	816973436667264205	1439	
7	C30H23N5O7	[M + K]+	C30H23KN5O7+	Alkaloids	0.151	Nicotinic acid alkaloids	0.206	Pyridine alkaloids	0.209	Organic acids and derivatives	0.996	Carboxylic acids and derivatives	0.982	Amino acids, peptides, and analogues	0.550	Amino acids and derivatives	0.540	Alpha amino acid amides	0.525	Organic compounds; Amino acids, peptides, and analogues; Alpha amino acids and derivatives; Phenols; Benzoic acids and derivatives; Benzamides; Organic acids and derivatives; Carboxylic acids and derivatives; Organonitrogen compounds; Benzoyl derivatives; Organooxygen compounds; Amino acids and derivatives; Carboxylic acid amides; Carboxylic acid derivatives; Benzenediols; Secondary carboxylic acid amides; Carbonyl compounds; Benzene and substituted derivatives; Alpha amino acid amides; Benzenoids; Benzoic acids; Organic oxides; Hydrocarbon derivatives; Organopnictogen compounds; Organic oxygen compounds; 1-hydroxy-2-unsubstituted benzenoids; Organic nitrogen compounds; Chemical entities	604.121	427	7.120	816974643922323935	816973436889562348	816973436889562347	1471	
5	C18H35NO4	[M + Na]+	C18H35NNaO4+	Fatty acids	0.557	Fatty amides	0.363	Piperidine alkaloids	0.155	Lipids and lipid-like molecules	0.668	Fatty Acyls	0.639					Fatty Acyls	0.639	Organic compounds; Organoheterocyclic compounds; Lipids and lipid-like molecules; Alcohols and polyols; Ethers; Organic acids and derivatives; Carboxylic acids and derivatives; Organonitrogen compounds; Organooxygen compounds; Carboxylic acid amides; Carboxylic acid derivatives; Dialkyl ethers; Carbonyl compounds; Fatty Acyls; Organic oxides; Azacyclic compounds; Oxacyclic compounds; Hydrocarbon derivatives; Organopnictogen compounds; Organic oxygen compounds; Organic nitrogen compounds; Chemical entities	352.244	431	7.180	816974630626378866	816973437564845357	816973437560651052	1506	
1	C18H27NO3	[M + H]+	C18H28NO3+	Alkaloids	0.999	Pseudoalkaloids (transamidation)	1.000	Capsaicins and Capsaicinoids	1.000	Lipids and lipid-like molecules	0.995	Fatty Acyls	0.996	Fatty amides	0.996	N-acyl amines	0.969	N-acyl amines	0.969	Organic compounds; Lipids and lipid-like molecules; Alkyl aryl ethers; Phenols; Anisoles; Methoxyphenols; Ethers; Organic acids and derivatives; Carboxylic acids and derivatives; Organonitrogen compounds; Organooxygen compounds; Fatty amides; Carboxylic acid amides; Carboxylic acid derivatives; N-acyl amines; Secondary carboxylic acid amides; Carbonyl compounds; Benzene and substituted derivatives; Phenol ethers; Benzenoids; Fatty Acyls; Organic oxides; Methoxybenzenes; Hydrocarbon derivatives; Organic oxygen compounds; 1-hydroxy-2-unsubstituted benzenoids; Organic nitrogen compounds; Phenoxy compounds; Chemical entities	306.205	434	7.227	816974642747918635	816973437967498581	816973437967498580	1513	
1	C20H44N2O3	[M + H]+	C20H45N2O3+	Fatty acids	1.000	Fatty amides	0.985	N-acyl ethanolamines (endocannabinoids)	0.596	Lipids and lipid-like molecules	0.800	Fatty Acyls	0.812	Fatty amides	0.750	N-acyl amines	0.784	N-acyl amines	0.784	Organic compounds; Lipids and lipid-like molecules; Alcohols and polyols; Organic acids and derivatives; Carboxylic acids and derivatives; Organonitrogen compounds; Primary alcohols; Organooxygen compounds; Fatty amides; Carboxylic acid amides; Carboxylic acid derivatives; N-acyl amines; Amines; Fatty Acyls; Organic oxides; Hydrocarbon derivatives; Organopnictogen compounds; Organic oxygen compounds; Organic nitrogen compounds; Chemical entities	361.341	435	7.255	816974646308883423	816973438152047977	816973438152047976	1519	
3	C18H35NO5	[M + Na]+	C18H35NNaO5+	Fatty acids	0.997	Fatty Acids and Conjugates	0.608	Nitro fatty acids	0.770	Lipids and lipid-like molecules	0.964	Fatty Acyls	0.964	Fatty acids and conjugates	0.900	Long-chain fatty acids	0.651	Long-chain fatty acids	0.651	Organic compounds; Lipids and lipid-like molecules; Alcohols and polyols; Fatty acids and conjugates; Organic acids and derivatives; Carboxylic acids and derivatives; Organonitrogen compounds; Organooxygen compounds; Hydroxy fatty acids; Amino fatty acids; Monocarboxylic acids and derivatives; Carboxylic acids; Secondary alcohols; Carbonyl compounds; Long-chain fatty acids; Fatty Acyls; Organic oxides; Hydrocarbon derivatives; Organopnictogen compounds; Organic oxygen compounds; Organic nitrogen compounds; Chemical entities	368.240	437	7.278	816974650532548417	816973438290460024	816973438290460023	1527	
1	C18H33NO3	[M + H]+	C18H34NO3+	Fatty acids	0.993	Fatty amides	0.893	Primary amides	0.453	Lipids and lipid-like molecules	0.909	Fatty Acyls	0.894	Fatty amides	0.773			Fatty amides	0.773	Organic compounds; Lipids and lipid-like molecules; Alcohols and polyols; Organic acids and derivatives; Carboxylic acids and derivatives; Organonitrogen compounds; Organooxygen compounds; Fatty amides; Carboxylic acid amides; Carboxylic acid derivatives; Secondary alcohols; Primary carboxylic acid amides; Carbonyl compounds; Fatty Acyls; Organic oxides; Hydrocarbon derivatives; Organopnictogen compounds; Organic oxygen compounds; Organic nitrogen compounds; Chemical entities	312.252	438	7.301	816974651375603695	816973438412094855	816973438412094854	1534	
1	C18H33NO3	[M - H2O + H]+	C18H32NO2+	Fatty acids	0.790	Fatty amides	0.350	Open-chain polyketides	0.162	Lipids and lipid-like molecules	0.796	Fatty Acyls	0.692	Fatty amides	0.656	N-acyl amines	0.652	N-acyl amines	0.652	Organic compounds; Lipids and lipid-like molecules; Alcohols and polyols; Organic acids and derivatives; Carboxylic acids and derivatives; Organonitrogen compounds; Primary alcohols; Organooxygen compounds; Fatty amides; Carboxylic acid amides; Carboxylic acid derivatives; N-acyl amines; Secondary alcohols; Secondary carboxylic acid amides; Carbonyl compounds; 1,2-aminoalcohols; Benzene and substituted derivatives; Amines; Alkanolamines; Fatty Acyls; Organic oxides; Hydrocarbon derivatives; Organopnictogen compounds; Organic oxygen compounds; Organic nitrogen compounds; Chemical entities	294.241	438	7.307	816974660561130101	816973438508563857	816973438504369552	1539	
1	C18H39NO2	[M + H]+	C18H40NO2+	Fatty acids	1.000	Spingolipids	0.998	Sphingoid bases	0.999	Organic nitrogen compounds	1.000	Organonitrogen compounds	1.000	Amines	0.905	Alkanolamines	0.940	1,2-aminoalcohols	0.884	Organic compounds; Alcohols and polyols; Organonitrogen compounds; Primary alcohols; Organooxygen compounds; Monoalkylamines; Secondary alcohols; 1,2-aminoalcohols; Amines; Primary amines; Alkanolamines; Hydrocarbon derivatives; Organopnictogen compounds; Organic oxygen compounds; Organic nitrogen compounds; Chemical entities	302.304	440	7.334	816974662637310992	816973438701501861	816973438701501860	1542	
1	C24H47NO8	[M + H]+	C24H48NO8+	Fatty acids	0.979	Spingolipids	0.894	Sphingoid bases	0.431	Lipids and lipid-like molecules	0.936	Fatty Acyls	0.931	Fatty acyl glycosides	0.685	Alkyl glycosides	0.571	Alkyl glycosides	0.571	Organic compounds; Organoheterocyclic compounds; Carbohydrates and carbohydrate conjugates; Lipids and lipid-like molecules; Alcohols and polyols; Ethers; Organic acids and derivatives; Carboxylic acids and derivatives; Organonitrogen compounds; Primary alcohols; Organooxygen compounds; Fatty amides; Carboxylic acid amides; Carboxylic acid derivatives; N-acyl amines; Hexoses; Monosaccharides; Secondary alcohols; Secondary carboxylic acid amides; Fatty acyl glycosides; Carbonyl compounds; Oxanes; Glycosyl compounds; Alkyl glycosides; Polyols; Amines; Fatty acyl glycosides of mono- and disaccharides; Fatty Acyls; Organic oxides; Oxacyclic compounds; Hydrocarbon derivatives; Organopnictogen compounds; Organic oxygen compounds; Organic nitrogen compounds; Chemical entities	478.336	442	7.368	816974665510409424	816973438785387951	816973438785387950	1549	
2	C16H27N7O2	[M + H]+	C16H28N7O2+	Alkaloids	0.933	Pseudoalkaloids (transamidation)	0.219	Purine alkaloids	0.413	Organoheterocyclic compounds	0.997	Diazines	0.700	Pyrimidines and pyrimidine derivatives	0.679	Aminopyrimidines and derivatives	0.736	Aminopyrimidines and derivatives	0.736	Organic compounds; Organoheterocyclic compounds; Pyrimidines and pyrimidine derivatives; Ethers; Organonitrogen compounds; Organooxygen compounds; Azoles; Dialkyl ethers; Aminopyrimidines and derivatives; Diazines; Amines; Tertiary amines; Imidolactams; Azacyclic compounds; Heteroaromatic compounds; Hydrocarbon derivatives; Organopnictogen compounds; Organic oxygen compounds; Organic nitrogen compounds; Chemical entities	350.229	442	7.371	816974668509337111	816973438881856953	816973438881856952	1551	
1	C24H45NO7	[M + H]+	C24H46NO7+	Fatty acids	0.884	Spingolipids	0.852	Sphingoid bases	0.543	Organic oxygen compounds	1.000	Organooxygen compounds	0.999	Carbohydrates and carbohydrate conjugates	0.612	Monosaccharides	0.702	Monosaccharides	0.702	Organic compounds; Carbohydrates and carbohydrate conjugates; Lipids and lipid-like molecules; Alcohols and polyols; Organonitrogen compounds; Primary alcohols; Organooxygen compounds; Monoalkylamines; Cyclic alcohols and derivatives; Monosaccharides; Secondary alcohols; Polyols; Amines; Alkanolamines; Fatty Acyls; Hydrocarbon derivatives; Organopnictogen compounds; Organic oxygen compounds; Organic nitrogen compounds; Chemical entities	460.325	443	7.381	816974668509337121	816973438923799998	816973438919605693	1554	
1	C18H37NO3	[M + H]+	C18H38NO3+	Fatty acids	0.994	Spingolipids	0.994	Sphingoid bases	0.999	Organic nitrogen compounds	1.000	Organonitrogen compounds	1.000	Amines	0.991	Alkanolamines	0.968	1,3-aminoalcohols	0.598	Organic compounds; Alcohols and polyols; Organonitrogen compounds; Primary alcohols; Organooxygen compounds; Monoalkylamines; Secondary alcohols; 1,3-aminoalcohols; 1,2-aminoalcohols; Polyols; Amines; Primary amines; Alkanolamines; Hydrocarbon derivatives; Organopnictogen compounds; Organic oxygen compounds; Organic nitrogen compounds; Chemical entities	316.283	445	7.417	816974672716224214	816973439120932311	816973439120932310	1564	
1	C18H35NO2	[M + H]+	C18H36NO2+	Fatty acids	1.000	Spingolipids	1.000	Sphingoid bases	1.000	Organic nitrogen compounds	1.000	Organonitrogen compounds	1.000	Amines	0.989	Alkanolamines	0.933	1,2-aminoalcohols	0.959	Organic compounds; Alcohols and polyols; Organonitrogen compounds; Primary alcohols; Organooxygen compounds; Monoalkylamines; Secondary alcohols; 1,2-aminoalcohols; Amines; Primary amines; Alkanolamines; Hydrocarbon derivatives; Organopnictogen compounds; Organic oxygen compounds; Organic nitrogen compounds; Chemical entities	298.273	446	7.439	816974681775922264	816973439385173493	816973439385173492	1571	
1	C22H20O9	[M + H]+	C22H21O9+	Shikimates and Phenylpropanoids	0.754	Lignans	0.159	Neolignans	0.041	Benzenoids	0.988	Benzene and substituted derivatives	0.565	Benzoic acids and derivatives	0.472	Benzoic acid esters	0.514	Benzoic acid esters	0.514	Organic compounds; Organoheterocyclic compounds; Ethers; Organic acids and derivatives; Carboxylic acids and derivatives; Organooxygen compounds; Carboxylic acid derivatives; Carboxylic acid esters; Benzoic acid esters; Carbonyl compounds; Benzene and substituted derivatives; Benzenoids; Organic oxides; Oxacyclic compounds; Hydrocarbon derivatives; Organic oxygen compounds; Chemical entities	429.116	449	7.488	816974690432968737	816973439519391236	816973439519391235	1582	
1	C42H65NO8	[M + H]+	C42H66NO8+	Fatty acids	0.373	Macrolides	0.686	Open-chain polyketides	0.281	Organic oxygen compounds	0.998	Organooxygen compounds	0.993	Carbohydrates and carbohydrate conjugates	0.479	Glycosyl compounds	0.555	Glycosyl compounds	0.555	Organic compounds; Organoheterocyclic compounds; Lipids and lipid-like molecules; Alcohols and polyols; Ethers; Organic acids and derivatives; Carboxylic acids and derivatives; Organonitrogen compounds; Organooxygen compounds; Carboxylic acid derivatives; Carboxylic acid esters; Monosaccharides; Secondary alcohols; Carbonyl compounds; Glycosyl compounds; Amines; Fatty Acyls; Organic oxides; Oxacyclic compounds; Hydrocarbon derivatives; Organopnictogen compounds; Organic oxygen compounds; Organic nitrogen compounds; Chemical entities	712.476	452	7.540	816974685718569756	816973439636831763	816973439636831762	1597	
1	C18H28O3	[M + H3N + H]+	C18H32NO3+	Fatty acids	0.991	Octadecanoids	0.828	Other Octadecanoids	0.754	Lipids and lipid-like molecules	0.959	Fatty Acyls	0.940	Lineolic acids and derivatives	0.504			Lineolic acids and derivatives	0.504	Organic compounds; Lipids and lipid-like molecules; Alcohols and polyols; Fatty acids and conjugates; Organic acids and derivatives; Carboxylic acids and derivatives; Organooxygen compounds; Unsaturated fatty acids; Lineolic acids and derivatives; Monocarboxylic acids and derivatives; Carboxylic acids; Secondary alcohols; Carbonyl compounds; Long-chain fatty acids; Fatty Acyls; Organic oxides; Hydrocarbon derivatives; Organic oxygen compounds; Chemical entities	310.236	453	7.550	816974685332693668	816973439674580504	816973439674580503	1599	
1	C24H30O6	[M + H]+	C24H31O6+	Shikimates and Phenylpropanoids	0.410	Lignans	0.753	Dibenzocyclooctadienes lignans	0.475	Benzenoids	0.897	Phenol ethers	0.564					Phenol ethers	0.564	Organic compounds; Organoheterocyclic compounds; Alkyl aryl ethers; Alcohols and polyols; Ethers; Organooxygen compounds; Dialkyl ethers; Phenol ethers; Benzenoids; Organic oxides; Oxacyclic compounds; Hydrocarbon derivatives; Organic oxygen compounds; Chemical entities	415.210	453	7.555	816974686867809327	816973439884295729	816973439880101424	1605	
1	C24H49NO8	[M + H]+	C24H50NO8+	Fatty acids	0.986	Spingolipids	0.482	Ceramides	0.312	Lipids and lipid-like molecules	0.976	Sphingolipids	0.287	Ceramides	0.507			Ceramides	0.507	Organic compounds; Carbohydrates and carbohydrate conjugates; Lipids and lipid-like molecules; Alcohols and polyols; Organic acids and derivatives; Carboxylic acids and derivatives; Organonitrogen compounds; Primary alcohols; Organooxygen compounds; Fatty amides; Carboxylic acid amides; Carboxylic acid derivatives; N-acyl amines; Ceramides; Monosaccharides; Secondary alcohols; Secondary carboxylic acid amides; Carbonyl compounds; Polyols; Fatty Acyls; Organic oxides; Hydrocarbon derivatives; Organopnictogen compounds; Organic oxygen compounds; Organic nitrogen compounds; Chemical entities	480.351	454	7.570	816974706211953721	816973439926238774	816973439922044469	1606	
1	C18H29NO3	[M + H]+	C18H30NO3+	Alkaloids	0.998	Pseudoalkaloids (transamidation)	1.000	Capsaicins and Capsaicinoids	1.000	Lipids and lipid-like molecules	0.986	Fatty Acyls	0.989	Fatty amides	0.986	N-acyl amines	0.946	N-acyl amines	0.946	Organic compounds; Lipids and lipid-like molecules; Alkyl aryl ethers; Phenols; Anisoles; Methoxyphenols; Ethers; Organic acids and derivatives; Carboxylic acids and derivatives; Organonitrogen compounds; Organooxygen compounds; Fatty amides; Carboxylic acid amides; Carboxylic acid derivatives; N-acyl amines; Secondary carboxylic acid amides; Carbonyl compounds; Benzene and substituted derivatives; Phenol ethers; Benzenoids; Fatty Acyls; Organic oxides; Methoxybenzenes; Hydrocarbon derivatives; Organic oxygen compounds; 1-hydroxy-2-unsubstituted benzenoids; Organic nitrogen compounds; Phenoxy compounds; Chemical entities	308.219	455	7.575	816974689719936903	816973439963987515	816973439959793210	1607	
2	C17H34N2O6	[M - H4O2 + H]+	C17H31N2O4+	Amino acids and Peptides	0.400	Polyols	0.072	Tripeptides	0.061	Organic acids and derivatives	0.992	Carboxylic acids and derivatives	0.983	Amino acids, peptides, and analogues	0.627	Amino acids and derivatives	0.616	Amino acids and derivatives	0.616	Organic compounds; Lipids and lipid-like molecules; Amino acids, peptides, and analogues; Alcohols and polyols; Ethers; Organic acids and derivatives; Carboxylic acids and derivatives; Organonitrogen compounds; Organooxygen compounds; Fatty amides; Amino acids and derivatives; Carboxylic acid amides; Carboxylic acid derivatives; N-acyl amines; Dialkyl ethers; Secondary alcohols; Secondary carboxylic acid amides; Carbonyl compounds; Polyols; Fatty Acyls; Organic oxides; Hydrocarbon derivatives; Organopnictogen compounds; Organic oxygen compounds; Organic nitrogen compounds; Chemical entities	327.226	455	7.585	816974692140050771	816973440098205258	816973440098205257	1609	
1	C18H29NO2	[M + H]+	C18H30NO2+	Alkaloids	0.310	Lysine alkaloids	0.308	Piperidine alkaloids	0.651	Benzenoids	0.558							Benzenoids	0.558	Organic compounds; Organoheterocyclic compounds; Organic acids and derivatives; Organonitrogen compounds; Organooxygen compounds; Carbonyl compounds; Benzenoids; Organic oxides; Azacyclic compounds; Hydrocarbon derivatives; Organopnictogen compounds; Organic oxygen compounds; Organic nitrogen compounds; Chemical entities	292.225	456	7.597	816974692144245090	816973440211451481	816973440211451480	1612	
2	C49H65NO4	[M + H]+	C49H66NO4+	Fatty acids	0.998	Spingolipids	0.973	Ceramides	0.675	Lipids and lipid-like molecules	0.959	Fatty Acyls	0.878	Fatty amides	0.556	N-acyl amines	0.542	N-acyl amines	0.542	Organic compounds; Lipids and lipid-like molecules; Alcohols and polyols; Organic acids and derivatives; Carboxylic acids and derivatives; Organonitrogen compounds; Organooxygen compounds; Fatty amides; Carboxylic acid amides; Carboxylic acid derivatives; N-acyl amines; Monocarboxylic acids and derivatives; Carboxylic acid esters; Secondary alcohols; Secondary carboxylic acid amides; Carbonyl compounds; Fatty Acyls; Organic oxides; Hydrocarbon derivatives; Organopnictogen compounds; Organic oxygen compounds; Organic nitrogen compounds; Chemical entities	732.502	456	7.603	816974706237119610	816973440249200222	816973440249200221	1613	
1	C18H39NO3	[M + H]+	C18H40NO3+	Fatty acids	0.998	Spingolipids	0.993	Sphingoid bases	0.998	Organic nitrogen compounds	1.000	Organonitrogen compounds	1.000	Amines	0.995	Alkanolamines	0.992	1,3-aminoalcohols	0.766	Organic compounds; Alcohols and polyols; Organonitrogen compounds; Primary alcohols; Organooxygen compounds; Monoalkylamines; Secondary alcohols; 1,3-aminoalcohols; 1,2-aminoalcohols; Polyols; Amines; Primary amines; Alkanolamines; Hydrocarbon derivatives; Organopnictogen compounds; Organic oxygen compounds; Organic nitrogen compounds; Chemical entities	318.299	457	7.617	816974706216148037	816973440328892008	816973440328892007	1617	
1	C18H30O3	[M + H]+	C18H31O3+	Fatty acids	0.880	Octadecanoids	0.415	Fatty alcohols	0.361	Lipids and lipid-like molecules	0.816	Fatty Acyls	0.720					Fatty Acyls	0.720	Organic compounds; Lipids and lipid-like molecules; Alcohols and polyols; Organic acids and derivatives; Carboxylic acids and derivatives; Organooxygen compounds; Monocarboxylic acids and derivatives; Secondary alcohols; Carbonyl compounds; Fatty Acyls; Organic oxides; Hydrocarbon derivatives; Organic oxygen compounds; Chemical entities	295.225	457	7.625	816974706220342346	816973440442138231	816973440442138230	1627	
1	C16H33NO3	[M + Na]+	C16H33NNaO3+	Fatty acids	0.886	Small peptides	0.622	Aminoacids	0.221	Organic acids and derivatives	0.998	Carboxylic acids and derivatives	0.993	Amino acids, peptides, and analogues	0.701	Amino acids and derivatives	0.699	Alpha amino acids and derivatives	0.607	Organic compounds; Lipids and lipid-like molecules; Amino acids, peptides, and analogues; Alpha amino acids and derivatives; Alcohols and polyols; Fatty acids and conjugates; Organic acids and derivatives; Carboxylic acids and derivatives; Organonitrogen compounds; Organooxygen compounds; Fatty amides; Amino acids and derivatives; Monoalkylamines; Carboxylic acid amides; Amino fatty acids; Carboxylic acid derivatives; N-acyl amines; Monocarboxylic acids and derivatives; Carboxylic acids; Secondary carboxylic acid amides; Carbonyl compounds; Amines; Primary amines; Fatty Acyls; Organic oxides; Hydrocarbon derivatives; Amino acids; Organopnictogen compounds; Organic oxygen compounds; Organic nitrogen compounds; Chemical entities	310.236	458	7.640	816974738550073168	816973440526024321	816973440526024320	1631	
2	C18H28O3	[M - H2O + H]+	C18H27O2+	Fatty acids	0.995	Octadecanoids	0.308	Other Octadecanoids	0.271	Lipids and lipid-like molecules	0.957	Fatty Acyls	0.903	Fatty acids and conjugates	0.888	Long-chain fatty acids	0.857	Long-chain fatty acids	0.857	Organic compounds; Lipids and lipid-like molecules; Fatty acids and conjugates; Organic acids and derivatives; Carboxylic acids and derivatives; Organooxygen compounds; Unsaturated fatty acids; Monocarboxylic acids and derivatives; Carboxylic acids; Carbonyl compounds; Long-chain fatty acids; Fatty Acyls; Organic oxides; Hydrocarbon derivatives; Organic oxygen compounds; Chemical entities	275.198	459	7.643	816974734213147813	816973440605716107	816973440601521802	1625	
2	C34H28O14	[M + H]+	C34H29O14+	Shikimates and Phenylpropanoids	0.978	Flavonoids	0.345	Flavones	0.318	Organic oxygen compounds	1.000	Organooxygen compounds	1.000	Carbohydrates and carbohydrate conjugates	0.892	Glycosyl compounds	0.660	Phenolic glycosides	0.750	Organic compounds; Organoheterocyclic compounds; Carbohydrates and carbohydrate conjugates; Pyrans; Benzopyrans; Alcohols and polyols; Phenols; Ethers; Phenylpropanoids and polyketides; Organic acids and derivatives; Carboxylic acids and derivatives; Organooxygen compounds; Pyranones and derivatives; Carboxylic acid derivatives; Carboxylic acid esters; Monosaccharides; Acetals; Secondary alcohols; Carbonyl compounds; Oxanes; Glycosyl compounds; O-glycosyl compounds; Benzene and substituted derivatives; Phenol ethers; Benzenoids; 1-benzopyrans; Cinnamic acid esters; Alpha,beta-unsaturated carboxylic esters; Organic oxides; Oxacyclic compounds; Heteroaromatic compounds; Hydrocarbon derivatives; Phenolic glycosides; Organic oxygen compounds; 1-hydroxy-2-unsubstituted benzenoids; Chemical entities	661.150	459	7.645	816974881198405726	816973440681213589	816973440681213588	1628	
2	C18H34O5	[M - H2O + H]+	C18H33O4+	Fatty acids	0.975	Fatty acyls	0.586	Fatty alcohols	0.787	Lipids and lipid-like molecules	0.969	Fatty Acyls	0.948	Fatty acids and conjugates	0.545	Long-chain fatty acids	0.624	Long-chain fatty acids	0.624	Organic compounds; Lipids and lipid-like molecules; Alcohols and polyols; Fatty acids and conjugates; Organic acids and derivatives; Carboxylic acids and derivatives; Primary alcohols; Organooxygen compounds; Hydroxy fatty acids; Monocarboxylic acids and derivatives; Carboxylic acids; Carboxylic acid esters; Fatty alcohols; Secondary alcohols; Carbonyl compounds; Long-chain fatty acids; Fatty Acyls; Organic oxides; Hydrocarbon derivatives; Organic oxygen compounds; Chemical entities	313.236	461	7.679	816974844938626592	816973440718962330	816973440718962329	1637	
1	C30H26O13	[M - H2O + H]+	C30H25O12+	Shikimates and Phenylpropanoids	0.939	Lignans	0.572	Flavones	0.326	Phenylpropanoids and polyketides	0.902	Cinnamic acids and derivatives	0.862	Hydroxycinnamic acids and derivatives	0.800	Coumaric acids and derivatives	0.838	Coumaric acids and derivatives	0.838	Organic compounds; Organoheterocyclic compounds; Lipids and lipid-like molecules; Styrenes; Coumaric acids and derivatives; Alkyl aryl ethers; Alcohols and polyols; Phenols; Ethers; Phenylpropanoids and polyketides; Organic acids and derivatives; Carboxylic acids and derivatives; Organooxygen compounds; Fatty acid esters; Cinnamic acids and derivatives; Carboxylic acid derivatives; Carboxylic acid esters; Hydroxycinnamic acids and derivatives; Secondary alcohols; Carbonyl compounds; Benzene and substituted derivatives; Benzenoids; Cinnamic acid esters; Enoate esters; Alpha,beta-unsaturated carboxylic esters; Fatty Acyls; Organic oxides; Oxacyclic compounds; Hydrocarbon derivatives; Organic oxygen compounds; 1-hydroxy-2-unsubstituted benzenoids; 1-hydroxy-4-unsubstituted benzenoids; Chemical entities	577.132	461	7.691	816974848776417224	816973440878345897	816973440878345896	1643	
2	C20H32N4O	[M + Na]+	C20H32N4NaO+	Alkaloids	0.975	Tryptophan alkaloids	0.540	Carboline alkaloids	0.241	Organoheterocyclic compounds	0.923	Imidolactams	0.559					Imidolactams	0.559	Organic compounds; Organoheterocyclic compounds; Ethers; Organonitrogen compounds; Organooxygen compounds; Dialkyl ethers; Amines; Imidolactams; Azacyclic compounds; Heteroaromatic compounds; Hydrocarbon derivatives; Organopnictogen compounds; Organic oxygen compounds; Organic nitrogen compounds; Chemical entities	367.244	462	7.700	816974848373763786	816973440958037683	816973440958037682	1645	
2	C18H35NO3	[M + H]+	C18H36NO3+	Fatty acids	0.996	Fatty amides	0.974	N-acyl amines	0.509	Lipids and lipid-like molecules	0.820	Fatty Acyls	0.792	Fatty amides	0.561	N-acyl amines	0.662	N-acyl amines	0.662	Organic compounds; Lipids and lipid-like molecules; Alcohols and polyols; Organic acids and derivatives; Carboxylic acids and derivatives; Organonitrogen compounds; Primary alcohols; Organooxygen compounds; Fatty amides; Carboxylic acid amides; Carboxylic acid derivatives; N-acyl amines; Monocarboxylic acids and derivatives; Carbonyl compounds; Fatty Acyls; Organic oxides; Hydrocarbon derivatives; Organopnictogen compounds; Organic oxygen compounds; Organic nitrogen compounds; Chemical entities	314.268	462	7.702	816974845030901338	816973440999980728	816973440995786423	1648	
1	C15H32N4Si	[M + H]+	C15H33N4Si+	Terpenoids	0.870	Monoterpenoids	0.420	Pinane monoterpenoids	0.204	Organic nitrogen compounds	0.924	Organonitrogen compounds	0.876					Organonitrogen compounds	0.876	Organic compounds; Organonitrogen compounds; Hydrocarbon derivatives; Organic nitrogen compounds; Chemical entities	297.247	464	7.741	816974846750566797	816973441360690907	816973441360690906	1655	
1	C18H28O4	[M - H2O + H]+	C18H27O3+	Terpenoids	0.579	Diterpenoids	0.318	Bisabolane sesquiterpenoids	0.108	Lipids and lipid-like molecules	0.811	Prenol lipids	0.502					Prenol lipids	0.502	Organic compounds; Lipids and lipid-like molecules; Alcohols and polyols; Prenol lipids; Organic acids and derivatives; Carboxylic acids and derivatives; Organooxygen compounds; Carboxylic acid derivatives; Monocarboxylic acids and derivatives; Carboxylic acid esters; Carbonyl compounds; Fatty Acyls; Organic oxides; Hydrocarbon derivatives; Organic oxygen compounds; Chemical entities	291.194	467	7.781	816974848126299640	816973441536851695	816973441536851694	1667	
1	C11H16O2	[M + Na]+	C11H16NaO2+	Terpenoids	0.888	Sesquiterpenoids	0.737	Bisabolane sesquiterpenoids	0.596	Benzenoids	0.825							Benzenoids	0.825	Organic compounds; Alcohols and polyols; Organooxygen compounds; Carbonyl compounds; Benzenoids; Organic oxides; Hydrocarbon derivatives; Organic oxygen compounds; Chemical entities	203.106	467	7.784	816974849753690703	816973441645903614	816973441645903613	1669	
1	C15H35N3O6	[M + H]+	C15H36N3O6+	Amino acids and Peptides	0.764	Small peptides	0.518	Polyamines	0.507	Organic acids and derivatives	0.997	Carboxylic acids and derivatives	0.989	Amino acids, peptides, and analogues	0.919	Peptides	0.512	Peptides	0.512	Organic compounds; Lipids and lipid-like molecules; Amino acids, peptides, and analogues; Alpha amino acids and derivatives; Fatty acids and conjugates; Organic acids and derivatives; Carboxylic acids and derivatives; Organonitrogen compounds; Organooxygen compounds; Fatty amides; Amino acids and derivatives; Peptides; Monoalkylamines; Carboxylic acid amides; Carboxylic acid derivatives; N-acyl amines; Monocarboxylic acids and derivatives; N-acyl-alpha amino acids and derivatives; Carboxylic acids; Secondary carboxylic acid amides; Carbonyl compounds; Alpha amino acid amides; N-acyl-alpha amino acids; Amines; Primary amines; Fatty Acyls; Organic oxides; Hydrocarbon derivatives; Amino acids; Organopnictogen compounds; Organic oxygen compounds; Organic nitrogen compounds; Chemical entities	354.260	468	7.799	816974852446435842	816973441763344141	816973441763344140	1679	
2	C18H38N2O2Si	[M + Na]+	C18H38N2NaO2Si+	Fatty acids	0.966	Fatty amides	0.783	N-acyl amines	0.157	Lipids and lipid-like molecules	0.794	Fatty Acyls	0.750	Fatty amides	0.715	N-acyl amines	0.610	N-acyl amines	0.610	Organic compounds; Lipids and lipid-like molecules; Organic acids and derivatives; Carboxylic acids and derivatives; Organonitrogen compounds; Organooxygen compounds; Fatty amides; Carboxylic acid amides; Carboxylic acid derivatives; N-acyl amines; Secondary carboxylic acid amides; Carbonyl compounds; Amines; Organic salts; Fatty Acyls; Organic oxides; Hydrocarbon derivatives; Organopnictogen compounds; Organic oxygen compounds; Organic nitrogen compounds; Chemical entities	365.258	468	7.801	816974858272328107	816973441805287186	816973441801092881	1681	
1	C22H41NO4	[M + H]+	C22H42NO4+	Alkaloids	0.959	Pseudoalkaloids (transamidation)	0.953	Terpenoid alkaloids	0.934	Lipids and lipid-like molecules	0.750	Prenol lipids	0.632	Diterpenoids	0.731			Diterpenoids	0.731	Organic compounds; Organoheterocyclic compounds; Lipids and lipid-like molecules; Alcohols and polyols; Piperidines; Prenol lipids; Organonitrogen compounds; Alkaloids and derivatives; Primary alcohols; Azepanes; Organooxygen compounds; Cyclic alcohols and derivatives; Diterpenoids; Secondary alcohols; 1,2-aminoalcohols; Polyols; Amines; Alkanolamines; Azacyclic compounds; Hydrocarbon derivatives; Organopnictogen compounds; Organic oxygen compounds; Organic nitrogen compounds; Chemical entities	384.309	468	7.808	816974857932589421	816973441847230231	816973441843035926	1682	
1	C18H39NO2	[M + H]+	C18H40NO2+	Fatty acids	0.999	Spingolipids	0.999	Sphingoid bases	1.000	Organic nitrogen compounds	1.000	Organonitrogen compounds	1.000	Amines	0.997	Alkanolamines	0.992	1,3-aminoalcohols	0.529	Organic compounds; Alcohols and polyols; Organonitrogen compounds; Primary alcohols; Organooxygen compounds; Monoalkylamines; Secondary alcohols; 1,3-aminoalcohols; 1,2-aminoalcohols; Amines; Primary amines; Alkanolamines; Hydrocarbon derivatives; Organopnictogen compounds; Organic oxygen compounds; Organic nitrogen compounds; Chemical entities	302.304	470	7.828	816974850479305564	816973441926922017	816973441926922016	1687	
1	C20H43NO2	[M + H]+	C20H44NO2+	Fatty acids	0.970	Spingolipids	0.745	Sphingoid bases	0.968	Organic nitrogen compounds	1.000	Organonitrogen compounds	1.000	Amines	1.000	Alkanolamines	0.992	1,2-aminoalcohols	0.991	Organic compounds; Alcohols and polyols; Organonitrogen compounds; Primary alcohols; Organooxygen compounds; 1,2-aminoalcohols; Trialkylamines; Amines; Tertiary amines; Alkanolamines; Hydrocarbon derivatives; Organopnictogen compounds; Organic oxygen compounds; Organic nitrogen compounds; Chemical entities	330.335	470	7.830	816974846838647261	816973441973059366	816973441973059365	1690	
1	C18H32O4	[M - H2O + H]+	C18H31O3+	Fatty acids	0.774	Octadecanoids	0.422	Fatty alcohols	0.209	Lipids and lipid-like molecules	0.842	Fatty Acyls	0.713					Fatty Acyls	0.713	Organic compounds; Lipids and lipid-like molecules; Alcohols and polyols; Organic acids and derivatives; Carboxylic acids and derivatives; Organooxygen compounds; Monocarboxylic acids and derivatives; Secondary alcohols; Carbonyl compounds; Fatty Acyls; Organic oxides; Hydrocarbon derivatives; Organic oxygen compounds; Chemical entities	295.226	470	7.839	816974848084356555	816973442128248634	816973442128248633	1695	
1	C18H35NO4	[M + Na]+	C18H35NNaO4+	Fatty acids	0.710	Small peptides	0.350	Aminoacids	0.258	Organic acids and derivatives	0.998	Carboxylic acids and derivatives	0.996	Amino acids, peptides, and analogues	0.953	Amino acids and derivatives	0.952	Alpha amino acid esters	0.701	Organic compounds; Lipids and lipid-like molecules; Amino acids, peptides, and analogues; Alpha amino acids and derivatives; Organic acids and derivatives; Carboxylic acids and derivatives; Organonitrogen compounds; Organooxygen compounds; Fatty acid esters; Dicarboxylic acids and derivatives; Amino acids and derivatives; Alpha amino acid esters; Carboxylic acid derivatives; Monocarboxylic acids and derivatives; Carboxylic acid esters; Carbonyl compounds; Fatty Acyls; Organic oxides; Hydrocarbon derivatives; Organopnictogen compounds; Organic oxygen compounds; Organic nitrogen compounds; Chemical entities	352.246	471	7.851	816974851389470308	816973442279243598	816973442279243597	1701	
2	C14H26N6	[M + H]+	C14H27N6+	Alkaloids	0.908	Pseudoalkaloids (transamidation)	0.109	Purine alkaloids	0.030	Organoheterocyclic compounds	0.979	Triazines	0.499	Aminotriazines	0.603	N-aliphatic s-triazines	0.628	N-aliphatic s-triazines	0.628	Organic compounds; Organoheterocyclic compounds; Organonitrogen compounds; Azoles; Aminotriazines; Amines; N-aliphatic s-triazines; 1,3,5-triazines; Azacyclic compounds; Heteroaromatic compounds; Hydrocarbon derivatives; Organopnictogen compounds; Organic nitrogen compounds; Chemical entities	279.231	472	7.861	816974851758569416	816973442312798035	816973442312798034	1704	
1	C10H23N5O4	[M + H]+	C10H24N5O4+	Alkaloids	0.467	Histidine alkaloids	0.579	Imidazole alkaloids	0.583	Organic acids and derivatives	0.953	Carboxylic acids and derivatives	0.924	Carboxylic acid derivatives	0.893	Carboxylic acid amides	0.759	Secondary carboxylic acid amides	0.530	Organic compounds; Organoheterocyclic compounds; Organic acids and derivatives; Carboxylic acids and derivatives; Organonitrogen compounds; Organooxygen compounds; Carboxylic acid amides; Carboxylic acid derivatives; Secondary carboxylic acid amides; Carbonyl compounds; Acetamides; Organic oxides; Azacyclic compounds; Hydrocarbon derivatives; Organopnictogen compounds; Organic oxygen compounds; Organic nitrogen compounds; Chemical entities	278.182	472	7.872	816974849023881334	816973442447015778	816973442442821473	1707	
1	C13H14O2	[M + H]+	C13H15O2+	Shikimates and Phenylpropanoids	0.825	Phenylpropanoids (C6-C3)	0.350	Cinnamic acids and derivatives	0.395	Organic oxygen compounds	1.000	Organooxygen compounds	1.000	Ethers	0.671	Alkyl aryl ethers	0.567	Alkyl aryl ethers	0.567	Organic compounds; Alkyl aryl ethers; Ethers; Organooxygen compounds; Benzenoids; Hydrocarbon derivatives; Organic oxygen compounds; Chemical entities	203.106	472	7.875	816974849019687017	816973442484764519	816973442480570214	1708	
1	C17H24O3	[M + H]+	C17H25O3+	Terpenoids	0.982	Sesquiterpenoids	0.878	Humulane sesquiterpenoids	0.221	Lipids and lipid-like molecules	0.842	Prenol lipids	0.759					Prenol lipids	0.759	Organic compounds; Lipids and lipid-like molecules; Ketones; Prenol lipids; Organic acids and derivatives; Carboxylic acids and derivatives; Organooxygen compounds; Carboxylic acid derivatives; Monocarboxylic acids and derivatives; Carboxylic acid esters; Carbonyl compounds; Cyclic ketones; Organic oxides; Hydrocarbon derivatives; Organic oxygen compounds; Chemical entities	277.182	472	7.875	816974854069632494	816973442522513260	816973442522513259	1709	
1	C11H12O	[M + H]+	C11H13O+	Shikimates and Phenylpropanoids	0.602	Phenylpropanoids (C6-C3)	0.857	Cinnamic acids and derivatives	0.857	Benzenoids	0.994	Phenol ethers	0.911	Anisoles	0.921			Anisoles	0.921	Organic compounds; Alkyl aryl ethers; Anisoles; Ethers; Organooxygen compounds; Benzene and substituted derivatives; Phenol ethers; Benzenoids; Methoxybenzenes; Hydrocarbon derivatives; Organic oxygen compounds; Phenoxy compounds; Chemical entities	161.095	473	7.877	816974850164732619	816973442560262001	816973442560262000	1710	
1	C18H32O4	[M + H]+	C18H33O4+	Fatty acids	0.999	Octadecanoids	0.920	Other Octadecanoids	0.935	Lipids and lipid-like molecules	0.991	Fatty Acyls	0.987	Lineolic acids and derivatives	0.517			Lineolic acids and derivatives	0.517	Organic compounds; Lipids and lipid-like molecules; Alcohols and polyols; Fatty acids and conjugates; Organic acids and derivatives; Carboxylic acids and derivatives; Organooxygen compounds; Unsaturated fatty acids; Hydroxy fatty acids; Lineolic acids and derivatives; Monocarboxylic acids and derivatives; Carboxylic acids; Secondary alcohols; Carbonyl compounds; Long-chain fatty acids; Fatty Acyls; Organic oxides; Hydrocarbon derivatives; Organic oxygen compounds; Chemical entities	313.236	473	7.879	816974849749496389	816973442598010742	816973442598010741	1692	
2	C23H30N2O	[M + H]+	C23H31N2O+	Alkaloids	0.623	Lysine alkaloids	0.035	Piperidine alkaloids	0.008	Organoheterocyclic compounds	0.978	Piperidines	0.940	Fentanyls	0.867			Fentanyls	0.867	Organic compounds; Organoheterocyclic compounds; Amino acids, peptides, and analogues; Phenethylamines; Piperidines; Organic acids and derivatives; Carboxylic acids and derivatives; Organonitrogen compounds; Anilides; Organooxygen compounds; Amino acids and derivatives; Fentanyls; Carboxylic acid amides; Toluenes; Carboxylic acid derivatives; Tertiary carboxylic acid amides; Carbonyl compounds; Trialkylamines; Benzene and substituted derivatives; Benzenoids; Amines; Tertiary amines; Aralkylamines; Organic oxides; Azacyclic compounds; Hydrocarbon derivatives; Organopnictogen compounds; Organic oxygen compounds; Organic nitrogen compounds; Chemical entities	351.244	474	7.905	816974854396788474	816973442849669012	816973442849669011	1721	
2	C13H24O2	[M + Na]+	C13H24NaO2+	Fatty acids	0.760	Fatty acyls	0.238	Fatty alcohols	0.097	Lipids and lipid-like molecules	0.643							Lipids and lipid-like molecules	0.643	Organic compounds; Lipids and lipid-like molecules; Ketones; Alcohols and polyols; Organooxygen compounds; Carbonyl compounds; Organic oxides; Hydrocarbon derivatives; Organic oxygen compounds; Chemical entities	235.168	475	7.923	816974855114014925	816973442933555102	816973442933555101	1726	
2	C24H38O3	[M + Na]+	C24H38NaO3+	Terpenoids	0.576	Steroids	0.680	Monacolins and Monacolin derivatives	0.092	Lipids and lipid-like molecules	0.873	Steroids and steroid derivatives	0.615					Steroids and steroid derivatives	0.615	Organic compounds; Lipids and lipid-like molecules; Steroids and steroid derivatives; Organic acids and derivatives; Carboxylic acids and derivatives; Organooxygen compounds; Carboxylic acid derivatives; Monocarboxylic acids and derivatives; Carboxylic acid esters; Carbonyl compounds; Organic oxides; Hydrocarbon derivatives; Organic oxygen compounds; Chemical entities	397.268	476	7.930	816974862579881786	816973442975498147	816973442971303842	1728	
1	C12H27N7	[M + Na]+	C12H27N7Na+	Alkaloids	0.955	Ornithine alkaloids	0.124	Polyamines	0.151	Organoheterocyclic compounds	0.694	Triazines	0.338	Aminotriazines	0.415	N-aliphatic s-triazines	0.510	N-aliphatic s-triazines	0.510	Organic compounds; Organoheterocyclic compounds; Organonitrogen compounds; Amines; Tertiary amines; N-aliphatic s-triazines; Azacyclic compounds; Heteroaromatic compounds; Hydrocarbon derivatives; Organopnictogen compounds; Organic nitrogen compounds; Chemical entities	292.224	477	7.956	816974851544659709	816973443210379201	816973443210379200	1738	
1	C22H45NO2	[M + H]+	C22H46NO2+	Fatty acids	0.993	Fatty amides	0.953	N-acyl ethanolamines (endocannabinoids)	0.460	Lipids and lipid-like molecules	0.718	Fatty Acyls	0.623	Fatty amides	0.509	N-acyl amines	0.528	N-acyl amines	0.528	Organic compounds; Lipids and lipid-like molecules; Alcohols and polyols; Organic acids and derivatives; Organonitrogen compounds; Primary alcohols; Organooxygen compounds; Fatty amides; N-acyl amines; Carbonyl compounds; 1,2-aminoalcohols; Amines; Alkanolamines; Fatty Acyls; Hydrocarbon derivatives; Organopnictogen compounds; Organic oxygen compounds; Organic nitrogen compounds; Chemical entities	356.351	478	7.968	816974850395419438	816973443260710854	816973443260710853	1744	
1	C18H33NO2	[M - H2O + H]+	C18H32NO+	Fatty acids	0.999	Spingolipids	0.907	Sphingoid bases	0.958	Organic oxygen compounds	1.000	Organooxygen compounds	0.995	Alcohols and polyols	0.924	Secondary alcohols	0.576	Secondary alcohols	0.576	Organic compounds; Alcohols and polyols; Organonitrogen compounds; Primary alcohols; Organooxygen compounds; Secondary alcohols; Amines; Alkanolamines; Hydrocarbon derivatives; Organopnictogen compounds; Organic oxygen compounds; Organic nitrogen compounds; Chemical entities	278.247	479	7.985	816974849535586776	816973443432677338	816973443432677337	1749	
3	C27H50	[M + Na]+	C27H50Na+	Terpenoids	0.978	Steroids	0.788	Cholestane steroids	0.663	Lipids and lipid-like molecules	0.982	Steroids and steroid derivatives	0.842					Steroids and steroid derivatives	0.842	Organic compounds; Lipids and lipid-like molecules; Steroids and steroid derivatives; Prenol lipids; Hydrocarbons; Olefins; Polycyclic hydrocarbons; Unsaturated hydrocarbons; Unsaturated aliphatic hydrocarbons; Chemical entities	397.381	482	8.029	816974855818658339	816973443747250173	816973443743055868	1762	
1	C20H36N2O5	[M + H]+	C20H37N2O5+	Alkaloids	0.589	Ornithine alkaloids	0.019	Phenylethylamines	0.014	Lipids and lipid-like molecules	0.661	Fatty Acyls	0.532					Fatty Acyls	0.532	Organic compounds; Lipids and lipid-like molecules; Alcohols and polyols; Ethers; Organic acids and derivatives; Carboxylic acids and derivatives; Organonitrogen compounds; Organooxygen compounds; Carboxylic acid derivatives; Carboxylic acid esters; Carbonyl compounds; 1,2-aminoalcohols; Amines; Alkanolamines; Fatty Acyls; Organic oxides; Hydrocarbon derivatives; Organopnictogen compounds; Organic oxygen compounds; Organic nitrogen compounds; Chemical entities	385.268	483	8.051	816974857324414818	816973443856302087	816973443856302086	1768	
1	C18H30O3	[M - H2O + H]+	C18H29O2+	Fatty acids	0.997	Octadecanoids	0.621	Other Octadecanoids	0.633	Lipids and lipid-like molecules	0.978	Fatty Acyls	0.946	Lineolic acids and derivatives	0.511			Lineolic acids and derivatives	0.511	Organic compounds; Lipids and lipid-like molecules; Alcohols and polyols; Fatty acids and conjugates; Organic acids and derivatives; Carboxylic acids and derivatives; Organooxygen compounds; Unsaturated fatty acids; Lineolic acids and derivatives; Monocarboxylic acids and derivatives; Carboxylic acids; Secondary alcohols; Carbonyl compounds; Long-chain fatty acids; Fatty Acyls; Organic oxides; Hydrocarbon derivatives; Organic oxygen compounds; Chemical entities	277.215	489	8.148	816974861120262776	816973444405755966	816973444401561661	1787	
1	C16H27N3O	[M + H]+	C16H28N3O+	Alkaloids	0.534	Monoterpenoids	0.164	Quinolizidine alkaloids	0.120	Lipids and lipid-like molecules	0.610	Prenol lipids	0.591					Prenol lipids	0.591	Organic compounds; Organoheterocyclic compounds; Lipids and lipid-like molecules; Prenol lipids; Organic acids and derivatives; Carboxylic acids and derivatives; Organonitrogen compounds; Organooxygen compounds; Carboxylic acid amides; Carboxylic acid derivatives; Carbonyl compounds; Organic oxides; Azacyclic compounds; Hydrocarbon derivatives; Organopnictogen compounds; Organic oxygen compounds; Organic nitrogen compounds; Chemical entities	278.223	489	8.148	816974858733701905	816973444439310403	816973444439310402	1788	
2	C17H34N6O3	[M - H2O + H]+	C17H33N6O2+	Alkaloids	0.412	Small peptides	0.351	Tripeptides	0.122	Organic acids and derivatives	0.869	Carboxylic acids and derivatives	0.806	Amino acids, peptides, and analogues	0.603	Amino acids and derivatives	0.592	Amino acids and derivatives	0.592	Organic compounds; Organoheterocyclic compounds; Amino acids, peptides, and analogues; Alcohols and polyols; Organic acids and derivatives; Carboxylic acids and derivatives; Organonitrogen compounds; Organooxygen compounds; Amino acids and derivatives; Carboxylic acid amides; Carboxylic acid derivatives; Carbonyl compounds; Amines; Organic oxides; Azacyclic compounds; Heteroaromatic compounds; Hydrocarbon derivatives; Organopnictogen compounds; Organic oxygen compounds; Organic nitrogen compounds; Chemical entities	353.267	489	8.152	816974860327538681	816973444519002189	816973444519002188	1790	
1	C16H32O2	[M + Na]+	C16H32NaO2+	Fatty acids	0.953	Fatty esters	0.379	Fatty alcohols	0.537	Lipids and lipid-like molecules	0.944	Fatty Acyls	0.877					Fatty Acyls	0.877	Organic compounds; Lipids and lipid-like molecules; Alcohols and polyols; Organic acids and derivatives; Carboxylic acids and derivatives; Organooxygen compounds; Carboxylic acid derivatives; Monocarboxylic acids and derivatives; Carboxylic acid esters; Secondary alcohols; Carbonyl compounds; Fatty Acyls; Organic oxides; Hydrocarbon derivatives; Organic oxygen compounds; Chemical entities	279.229	490	8.168	816974860897964523	816973444565139538	816973444560945233	1791	
1	C19H37NO3	[M + H]+	C19H38NO3+	Fatty acids	0.876	Fatty amides	0.691	N-acyl ethanolamines (endocannabinoids)	0.112	Organic acids and derivatives	0.988	Carboxylic acids and derivatives	0.970	Amino acids, peptides, and analogues	0.535	Amino acids and derivatives	0.528	Amino acids and derivatives	0.528	Organic compounds; Lipids and lipid-like molecules; Amino acids, peptides, and analogues; Alcohols and polyols; Organic acids and derivatives; Carboxylic acids and derivatives; Organonitrogen compounds; Organooxygen compounds; Fatty amides; Amino acids and derivatives; Carboxylic acid amides; Carboxylic acid derivatives; N-acyl amines; Monocarboxylic acids and derivatives; Secondary carboxylic acid amides; Carbonyl compounds; Fatty Acyls; Organic oxides; Hydrocarbon derivatives; Organopnictogen compounds; Organic oxygen compounds; Organic nitrogen compounds; Chemical entities	328.283	491	8.191	816974859857776336	816973444758077542	816973444758077541	1796	
2	C18H35NO3	[M + Na]+	C18H35NNaO3+	Fatty acids	0.954	Fatty amides	0.749	N-acyl amines	0.120	Lipids and lipid-like molecules	0.733	Fatty Acyls	0.742					Fatty Acyls	0.742	Organic compounds; Lipids and lipid-like molecules; Organic acids and derivatives; Carboxylic acids and derivatives; Organonitrogen compounds; Organooxygen compounds; Carboxylic acid derivatives; Carbonyl compounds; Fatty Acyls; Organic oxides; Hydrocarbon derivatives; Organopnictogen compounds; Organic oxygen compounds; Organic nitrogen compounds; Chemical entities	336.250	493	8.215	816974861002822239	816973444846157936	816973444846157935	1805	
1	C18H28O3	[M - H2O + H]+	C18H27O2+	Fatty acids	0.997	Octadecanoids	0.798	Other Octadecanoids	0.745	Lipids and lipid-like molecules	0.976	Fatty Acyls	0.961	Fatty acids and conjugates	0.894	Long-chain fatty acids	0.827	Long-chain fatty acids	0.827	Organic compounds; Lipids and lipid-like molecules; Alcohols and polyols; Fatty acids and conjugates; Organic acids and derivatives; Carboxylic acids and derivatives; Organooxygen compounds; Unsaturated fatty acids; Hydroxy fatty acids; Monocarboxylic acids and derivatives; Carboxylic acids; Secondary alcohols; Carbonyl compounds; Long-chain fatty acids; Fatty Acyls; Organic oxides; Hydrocarbon derivatives; Organic oxygen compounds; Chemical entities	275.199	494	8.229	816974860944101927	816973444888100981	816973444888100980	1812	
1	C18H28O3	[M + H]+	C18H29O3+	Terpenoids	0.766	Diterpenoids	0.378	Phytane diterpenoids	0.095	Lipids and lipid-like molecules	0.853							Lipids and lipid-like molecules	0.853	Organic compounds; Lipids and lipid-like molecules; Ketones; Alcohols and polyols; Organic acids and derivatives; Carboxylic acids and derivatives; Organooxygen compounds; Monocarboxylic acids and derivatives; Carbonyl compounds; Cyclic ketones; Organic oxides; Hydrocarbon derivatives; Organic oxygen compounds; Chemical entities	293.209	494	8.229	816974864307936229	816973444946821242	816973444946821241	1814	
1	C22H47NO2	[M + H]+	C22H48NO2+	Fatty acids	0.998	Fatty amides	0.914	Sphingoid bases	0.869	Lipids and lipid-like molecules	0.503							Lipids and lipid-like molecules	0.503	Organic compounds; Lipids and lipid-like molecules; Alcohols and polyols; Organonitrogen compounds; Primary alcohols; Organooxygen compounds; 1,2-aminoalcohols; Amines; Alkanolamines; Hydrocarbon derivatives; Organopnictogen compounds; Organic oxygen compounds; Organic nitrogen compounds; Chemical entities	358.366	494	8.231	816974861887821065	816973445043290244	816973445039095939	1816	
3	C14H34N4	[M + Na]+	C14H34N4Na+	Alkaloids	0.498	Fatty acyls	0.519	Acetate-derived alkaloids	0.254	Organic nitrogen compounds	0.999	Organonitrogen compounds	0.997					Organonitrogen compounds	0.997	Organic compounds; Organonitrogen compounds; Hydrocarbon derivatives; Organopnictogen compounds; Organic nitrogen compounds; Chemical entities	281.265	494	8.234	816974861942347067	816973445160730766	816973445160730765	1819	
2	C18H30O	[M + H3N + H]+	C18H34NO+	Terpenoids	0.968	Diterpenoids	0.722	Norlabdane diterpenoids	0.166	Lipids and lipid-like molecules	0.900	Prenol lipids	0.697					Prenol lipids	0.697	Organic compounds; Lipids and lipid-like molecules; Alcohols and polyols; Prenol lipids; Organooxygen compounds; Carbonyl compounds; Organic oxides; Hydrocarbon derivatives; Organic oxygen compounds; Chemical entities	280.262	494	8.235	816974865339735927	816973445202673811	816973445198479506	1818	
1	C28H32O14	[M + K]+	C28H32KO14+	Shikimates and Phenylpropanoids	0.765	Phenylpropanoids (C6-C3)	0.211	Cinnamic acids and derivatives	0.190	Phenylpropanoids and polyketides	0.965	Cinnamic acids and derivatives	0.983	Hydroxycinnamic acids and derivatives	0.981	Coumaric acids and derivatives	0.976	Coumaric acids and derivatives	0.976	Organic compounds; Organoheterocyclic compounds; Carbohydrates and carbohydrate conjugates; Lipids and lipid-like molecules; Styrenes; Coumaric acids and derivatives; Alkyl aryl ethers; Alcohols and polyols; Phenols; Anisoles; Methoxyphenols; Ethers; Phenylpropanoids and polyketides; Organic acids and derivatives; Carboxylic acids and derivatives; Primary alcohols; Organooxygen compounds; Fatty acid esters; Dicarboxylic acids and derivatives; Cinnamic acids and derivatives; Carboxylic acid derivatives; Carboxylic acid esters; Hydroxycinnamic acids and derivatives; Disaccharides; Acetals; Secondary alcohols; Carbonyl compounds; Oxanes; Glycosyl compounds; C-glycosyl compounds; O-glycosyl compounds; Benzene and substituted derivatives; Polyols; Phenol ethers; Benzenoids; Cinnamic acid esters; Enoate esters; Alpha,beta-unsaturated carboxylic esters; Fatty Acyls; Organic oxides; Dimethoxybenzenes; Methoxybenzenes; Oxacyclic compounds; Hydrocarbon derivatives; Organic oxygen compounds; Phenoxy compounds; Chemical entities	631.140	496	8.263	816974879495517290	816973445370445986	816973445370445985	1824	
3	C18H24O7	[M + H]+	C18H25O7+	Polyketides	0.545	Macrolides	0.526	Bisabolane sesquiterpenoids	0.231	Lipids and lipid-like molecules	0.556							Lipids and lipid-like molecules	0.556	Organic compounds; Organoheterocyclic compounds; Lipids and lipid-like molecules; Alcohols and polyols; Organic acids and derivatives; Carboxylic acids and derivatives; Organooxygen compounds; Secondary alcohols; Tertiary alcohols; Carbonyl compounds; Polyols; Organic oxides; Oxacyclic compounds; Hydrocarbon derivatives; Organic oxygen compounds; Chemical entities	353.161	497	8.291	816974874768534695	816973445412389031	816973445412389030	1831	
1	C18H33NO2	[M + H]+	C18H34NO2+	Terpenoids	0.273	Fatty amides	0.234	Open-chain polyketides	0.205	Lipids and lipid-like molecules	0.510							Lipids and lipid-like molecules	0.510	Organic compounds; Organoheterocyclic compounds; Lipids and lipid-like molecules; Organic acids and derivatives; Carboxylic acids and derivatives; Organonitrogen compounds; Organooxygen compounds; Carboxylic acid derivatives; Monocarboxylic acids and derivatives; Carbonyl compounds; Organic oxides; Oxacyclic compounds; Hydrocarbon derivatives; Organopnictogen compounds; Organic oxygen compounds; Organic nitrogen compounds; Chemical entities	296.257	498	8.301	816974867151676451	816973445647270080	816973445647270079	1840	
1	C14H34N4O	[M + Na]+	C14H34N4NaO+	Fatty acids	0.270	Ornithine alkaloids	0.316	Polyamines	0.541	Organic nitrogen compounds	0.999	Organonitrogen compounds	0.994					Organonitrogen compounds	0.994	Organic compounds; Organonitrogen compounds; Organooxygen compounds; Organic oxides; Hydrocarbon derivatives; Organopnictogen compounds; Organic oxygen compounds; Organic nitrogen compounds; Chemical entities	297.260	498	8.303	816974863104170024	816973445726961866	816973445726961865	1843	
1	C18H26N2O4	[M + H]+	C18H27N2O4+	Amino acids and Peptides	0.538	Small peptides	0.418	Dipeptides	0.204	Organic acids and derivatives	0.953	Carboxylic acids and derivatives	0.944	Amino acids, peptides, and analogues	0.773	Amino acids and derivatives	0.772	Amino acids and derivatives	0.772	Organic compounds; Organoheterocyclic compounds; Amino acids, peptides, and analogues; Ethers; Organic acids and derivatives; Carboxylic acids and derivatives; Organonitrogen compounds; Organooxygen compounds; Amino acids and derivatives; Carboxylic acid amides; Carboxylic acid derivatives; Carbonyl compounds; Trialkylamines; Benzene and substituted derivatives; Amines; Tertiary amines; Organic oxides; Azacyclic compounds; Hydrocarbon derivatives; Organopnictogen compounds; Organic oxygen compounds; Organic nitrogen compounds; Phenoxy compounds; Chemical entities	335.196	499	8.322	816974867080373222	816973445907316958	816973445907316957	1835	
3	C18H31B	[M + Na]+	C18H31BNa+	Terpenoids	0.994	Monoterpenoids	0.869	Pinane monoterpenoids	0.808	Organoheterocyclic compounds	0.261	Metalloheterocyclic compounds	0.406	Borinanes	0.730			Borinanes	0.730	Organic compounds; Lipids and lipid-like molecules; Prenol lipids; Organometallic compounds; Organometalloid compounds; Organoboron compounds; Borinanes; Organic salts; Organic metalloid salts; Organic metal salts; Hydrocarbon derivatives; Alkylboranes; Dialkylboranes; Trialkylboranes; Chemical entities	280.244	500	8.329	816974866769994544	816973445945065699	816973445945065698	1884	
8	C14H28N6S	[M + Na]+	C14H28N6NaS+	Alkaloids	0.885	Histidine alkaloids	0.341	Imidazole alkaloids	0.347	Organoheterocyclic compounds	0.795	Triazines	0.450	1,3,5-triazines	0.609			1,3,5-triazines	0.609	Organic compounds; Organoheterocyclic compounds; Organosulfur compounds; Organonitrogen compounds; Sulfenyl compounds; 1,3,5-triazines; Azacyclic compounds; Hydrocarbon derivatives; Organopnictogen compounds; Organic nitrogen compounds; Chemical entities	335.200	500	8.342	816974868246390342	816973445982814440	816973445982814439	1891	
1	C15H22O	[M + H]+	C15H23O+	Terpenoids	0.984	Sesquiterpenoids	0.961	Bisabolane sesquiterpenoids	0.373	Benzenoids	0.512							Benzenoids	0.512	Organic compounds; Lipids and lipid-like molecules; Ketones; Prenol lipids; Organooxygen compounds; Carbonyl compounds; Benzenoids; Organic oxides; Hydrocarbon derivatives; Organic oxygen compounds; Chemical entities	219.173	501	8.348	816974870930745078	816973446028951789	816973446024757484	1858	
9	C15H24N10O	[M + Na]+	C15H24N10NaO+	Alkaloids	0.759	Pseudoalkaloids (transamidation)	0.282	Purine alkaloids	0.479	Organoheterocyclic compounds	0.998	Imidolactams	0.518					Imidolactams	0.518	Organic compounds; Organoheterocyclic compounds; Organic acids and derivatives; Organonitrogen compounds; Organooxygen compounds; Azoles; Amines; Imidolactams; Organic oxides; Azacyclic compounds; Heteroaromatic compounds; Hydrocarbon derivatives; Organopnictogen compounds; Organic oxygen compounds; Organic nitrogen compounds; Chemical entities	383.203	501	8.350	816974878023315990	816973446200918268	816973446200918267	1864	
1	C18H39NO4	[M + Na]+	C18H39NNaO4+	Fatty acids	0.998	Spingolipids	0.595	Sphingoid bases	0.900	Organic nitrogen compounds	0.987	Organonitrogen compounds	0.987	Amines	0.751	Alkanolamines	0.749	1,2-aminoalcohols	0.583	Organic compounds; Alcohols and polyols; Ethers; Organonitrogen compounds; Primary alcohols; Organooxygen compounds; Dialkyl ethers; Secondary alcohols; 1,2-aminoalcohols; Amines; Alkanolamines; Hydrocarbon derivatives; Organopnictogen compounds; Organic oxygen compounds; Organic nitrogen compounds; Chemical entities	356.279	501	8.350	816974873254390433	816973446288998662	816973446288998661	1865	
1	C16H22O4	[M + H]+	C16H23O4+	Terpenoids	0.953	Sesquiterpenoids	0.957	Bisabolane sesquiterpenoids	0.199	Organic acids and derivatives	0.879	Carboxylic acids and derivatives	0.860	Carboxylic acid derivatives	0.620	Carboxylic acid esters	0.613	Carboxylic acid esters	0.613	Organic compounds; Alcohols and polyols; Organic acids and derivatives; Carboxylic acids and derivatives; Organooxygen compounds; Carboxylic acid derivatives; Carboxylic acid esters; Carbonyl compounds; Organic oxides; Hydrocarbon derivatives; Organic oxygen compounds; Chemical entities	279.158	501	8.351	816974871400507373	816973446335136011	816973446335136010	1868	
2	C9H10O5	[M - H2O + H]+	C9H9O4+	Shikimates and Phenylpropanoids	0.929	Phenylethanoids (C6-C2)	0.334	Simple phenolic acids	0.436	Benzenoids	0.992	Phenols	0.768	Methoxyphenols	0.592			Methoxyphenols	0.592	Organic compounds; Alkyl aryl ethers; Alcohols and polyols; Phenols; Anisoles; Methoxyphenols; Ethers; Organic acids and derivatives; Carboxylic acids and derivatives; Organooxygen compounds; Hydroxy acids and derivatives; Monocarboxylic acids and derivatives; Carboxylic acids; Secondary alcohols; Carbonyl compounds; Benzene and substituted derivatives; Phenol ethers; Benzenoids; Aromatic alcohols; Organic oxides; Methoxybenzenes; Hydrocarbon derivatives; Organic oxygen compounds; 1-hydroxy-2-unsubstituted benzenoids; 1-hydroxy-4-unsubstituted benzenoids; Phenoxy compounds; Chemical entities	181.048	501	8.352	816974871480199204	816973446385467664	816973446385467663	1862	
2	C14H34N4O	[M + Na]+	C14H34N4NaO+	Alkaloids	0.415	Ornithine alkaloids	0.658	Polyamines	0.812	Organic nitrogen compounds	0.999	Organonitrogen compounds	0.997					Organonitrogen compounds	0.997	Organic compounds; Organonitrogen compounds; Organooxygen compounds; Hydrocarbon derivatives; Organopnictogen compounds; Organic oxygen compounds; Organic nitrogen compounds; Chemical entities	297.260	501	8.356	816974873464105716	816973446460965146	816973446460965145	1890	
2	C29H33N3O4	[M + Na]+	C29H33N3NaO4+	Amino acids and Peptides	0.738	Small peptides	0.067	Dipeptides	0.029	Organic acids and derivatives	0.992	Carboxylic acids and derivatives	0.983	Amino acids, peptides, and analogues	0.907	Amino acids and derivatives	0.905	Alpha amino acids and derivatives	0.532	Organic compounds; Organoheterocyclic compounds; Amino acids, peptides, and analogues; Alpha amino acids and derivatives; Organic acids and derivatives; Carboxylic acids and derivatives; Organonitrogen compounds; Organooxygen compounds; Amino acids and derivatives; Carboxylic acid amides; Carboxylic acid derivatives; Carbonyl compounds; Trialkylamines; Benzene and substituted derivatives; Benzenoids; Amines; Tertiary amines; Aralkylamines; Organic oxides; Azacyclic compounds; Hydrocarbon derivatives; Organopnictogen compounds; Organic oxygen compounds; Organic nitrogen compounds; Chemical entities	510.238	501	8.358	816974880577648454	816973446498713887	816973446494519582	1875	
1	C21H38O5	[M - H2O + H]+	C21H37O4+	Fatty acids	0.723	Eicosanoids	0.637	Prostaglandins	0.310	Lipids and lipid-like molecules	0.973	Fatty Acyls	0.809	Fatty acids and conjugates	0.587	Hydroxy fatty acids	0.619	Hydroxy fatty acids	0.619	Organic compounds; Lipids and lipid-like molecules; Alcohols and polyols; Fatty acids and conjugates; Organic acids and derivatives; Carboxylic acids and derivatives; Organooxygen compounds; Hydroxy fatty acids; Monocarboxylic acids and derivatives; Carboxylic acids; Cyclic alcohols and derivatives; Secondary alcohols; Carbonyl compounds; Polyols; Fatty Acyls; Organic oxides; Hydrocarbon derivatives; Organic oxygen compounds; Chemical entities	353.267	502	8.366	816974874479127576	816973446574211369	816973446574211368	1866	
2	C18H32O3	[M - H2O + H]+	C18H31O2+	Fatty acids	0.999	Octadecanoids	0.720	Other Octadecanoids	0.838	Lipids and lipid-like molecules	0.991	Fatty Acyls	0.982	Lineolic acids and derivatives	0.575			Lineolic acids and derivatives	0.575	Organic compounds; Lipids and lipid-like molecules; Alcohols and polyols; Fatty acids and conjugates; Organic acids and derivatives; Carboxylic acids and derivatives; Organooxygen compounds; Unsaturated fatty acids; Hydroxy fatty acids; Lineolic acids and derivatives; Monocarboxylic acids and derivatives; Carboxylic acids; Secondary alcohols; Carbonyl compounds; Long-chain fatty acids; Fatty Acyls; Organic oxides; Hydrocarbon derivatives; Organic oxygen compounds; Chemical entities	279.231	503	8.377	816974874726591622	816973446653903155	816973446653903154	1881	
6	C18H38N2O7	[M + H]+	C18H39N2O7+	Amino acids and Peptides	0.604	Small peptides	0.438	Dipeptides	0.199	Organic acids and derivatives	0.994	Carboxylic acids and derivatives	0.984	Amino acids, peptides, and analogues	0.864	Amino acids and derivatives	0.860	Alpha amino acids and derivatives	0.806	Organic compounds; Lipids and lipid-like molecules; Amino acids, peptides, and analogues; Alpha amino acids and derivatives; Alcohols and polyols; Fatty acids and conjugates; Organic acids and derivatives; Carboxylic acids and derivatives; Organonitrogen compounds; Organooxygen compounds; Fatty amides; Amino acids and derivatives; Carboxylic acid amides; Carboxylic acid derivatives; N-acyl amines; Carboxylic acids; Secondary alcohols; Secondary carboxylic acid amides; Carbonyl compounds; Amines; Fatty Acyls; Organic oxides; Hydrocarbon derivatives; Amino acids; Organopnictogen compounds; Organic oxygen compounds; Organic nitrogen compounds; Chemical entities	395.275	503	8.379	816974879474545743	816973446700040504	816973446700040503	1883	
1	C14H24N4O2S	[M + Na]+	C14H24N4NaO2S+	Alkaloids	0.251	Histidine alkaloids	0.022	Menthane monoterpenoids	0.029	Organosulfur compounds	0.960	Thioethers	0.949	Aryl thioethers	0.914	Alkylarylthioethers	0.933	Alkylarylthioethers	0.933	Organic compounds; Organoheterocyclic compounds; Organosulfur compounds; Triazoles; Organic acids and derivatives; Carboxylic acids and derivatives; Organonitrogen compounds; Organooxygen compounds; Azoles; Carboxylic acid derivatives; Thioethers; Carbonyl compounds; Amines; Sulfenyl compounds; Alkylarylthioethers; Organic oxides; Azacyclic compounds; Heteroaromatic compounds; Hydrocarbon derivatives; Organopnictogen compounds; Organic oxygen compounds; Aryl thioethers; Organic nitrogen compounds; Chemical entities	335.149	503	8.380	816974877922652638	816973446733594941	816973446733594940	1886	
2	C12H31N7	[M + Na]+	C12H31N7Na+	Alkaloids	0.941	Guanidine alkaloids	0.878	Tricyclic guanidine alkaloids	0.455	Organic nitrogen compounds	1.000	Organonitrogen compounds	1.000	Guanidines	0.620			Guanidines	0.620	Organic compounds; Organoheterocyclic compounds; Organonitrogen compounds; Guanidines; Carboximidamides; Organic 1,3-dipolar compounds; Azacyclic compounds; Hydrocarbon derivatives; Organopnictogen compounds; Organic nitrogen compounds; Chemical entities	296.252	503	8.390	816974879789118769	816973446800703815	816973446800703814	1901	
1	C19H41NO4	[M + Na]+	C19H41NNaO4+	Fatty acids	0.999	Spingolipids	0.990	Sphingoid bases	0.996	Lipids and lipid-like molecules	0.660							Lipids and lipid-like molecules	0.660	Organic compounds; Lipids and lipid-like molecules; Alcohols and polyols; Organonitrogen compounds; Primary alcohols; Organooxygen compounds; Secondary alcohols; 1,2-aminoalcohols; Amines; Alkanolamines; Hydrocarbon derivatives; Organopnictogen compounds; Organic oxygen compounds; Organic nitrogen compounds; Chemical entities	370.294	504	8.401	816974880040777249	816973446897172817	816973446897172816	1899	
1	C21H47N7	[M + H]+	C21H48N7+	Alkaloids	0.974	Pseudoalkaloids (transamidation)	0.278	Tricyclic guanidine alkaloids	0.215	Organoheterocyclic compounds	0.849	Triazines	0.562	Aminotriazines	0.666	N-aliphatic s-triazines	0.644	N-aliphatic s-triazines	0.644	Organic compounds; Organoheterocyclic compounds; Triazines; Organonitrogen compounds; Aminotriazines; Trialkylamines; Amines; Tertiary amines; N-aliphatic s-triazines; 1,3,5-triazines; Azacyclic compounds; Heteroaromatic compounds; Hydrocarbon derivatives; Organopnictogen compounds; Organic nitrogen compounds; Chemical entities	398.394	507	8.446	816974880430847739	816973447014613344	816973447010419039	1928	
1	C18H37NO2	[M + H]+	C18H38NO2+	Fatty acids	0.999	Fatty amides	0.701	Sphingoid bases	0.794	Organic nitrogen compounds	1.000	Organonitrogen compounds	1.000	Amines	0.814	Alkanolamines	0.606	1,2-aminoalcohols	0.506	Organic compounds; Alcohols and polyols; Organonitrogen compounds; Primary alcohols; Organooxygen compounds; 1,2-aminoalcohols; Amines; Alkanolamines; Hydrocarbon derivatives; Organopnictogen compounds; Organic oxygen compounds; Organic nitrogen compounds; Chemical entities	300.288	507	8.455	816974885505956642	816973447043973477	816973447043973476	1904	
1	C18H35NO	[M + H]+	C18H36NO+	Fatty acids	1.000	Fatty amides	1.000	Primary amides	1.000	Lipids and lipid-like molecules	0.872	Fatty Acyls	0.898	Fatty amides	0.869			Fatty amides	0.869	Organic compounds; Lipids and lipid-like molecules; Organic acids and derivatives; Carboxylic acids and derivatives; Organonitrogen compounds; Organooxygen compounds; Fatty amides; Carboxylic acid amides; Carboxylic acid derivatives; Primary carboxylic acid amides; Carbonyl compounds; Fatty Acyls; Organic oxides; Hydrocarbon derivatives; Organopnictogen compounds; Organic oxygen compounds; Organic nitrogen compounds; Chemical entities	282.278	507	8.457	816974883706599919	816973447077527914	816973447077527913	1905	
1	C19H32O3	[M + H]+	C19H33O3+	Terpenoids	0.835	Diterpenoids	0.787	Labdane diterpenoids	0.142	Lipids and lipid-like molecules	0.836	Prenol lipids	0.705	Diterpenoids	0.675			Diterpenoids	0.675	Organic compounds; Lipids and lipid-like molecules; Alcohols and polyols; Prenol lipids; Primary alcohols; Organooxygen compounds; Dialkyl ethers; Diterpenoids; Carbonyl compounds; Hydrocarbon derivatives; Organic oxygen compounds; Chemical entities	309.241	509	8.487	816974890832723484	816973447425655191	816973447425655190	1923	
1	C18H30O3	[M + H]+	C18H31O3+	Terpenoids	0.727	Diterpenoids	0.231	Prenyl quinone meroterpenoids	0.055	Lipids and lipid-like molecules	0.850							Lipids and lipid-like molecules	0.850	Organic compounds; Lipids and lipid-like molecules; Ketones; Alcohols and polyols; Organic acids and derivatives; Carboxylic acids and derivatives; Organooxygen compounds; Monocarboxylic acids and derivatives; Carbonyl compounds; Cyclic ketones; Organic oxides; Hydrocarbon derivatives; Organic oxygen compounds; Chemical entities	295.225	509	8.487	816974892300729996	816973447459209628	816973447459209627	1924	
3	C13H30N2O5	[M + Na]+	C13H30N2NaO5+	Fatty acids	0.545	Ornithine alkaloids	0.530	Polyamines	0.661	Organic oxygen compounds	0.997	Organooxygen compounds	0.992	Alcohols and polyols	0.586			Alcohols and polyols	0.586	Organic compounds; Alcohols and polyols; Organic acids and derivatives; Organonitrogen compounds; Organooxygen compounds; Monoalkylamines; Amines; Primary amines; Organic oxides; Hydrocarbon derivatives; Organopnictogen compounds; Organic oxygen compounds; Organic nitrogen compounds; Chemical entities	317.207	509	8.488	816974892678217532	816973447496958369	816973447492764064	1925	
1	C18H34O3	[M + H]+	C18H35O3+	Terpenoids	0.933	Diterpenoids	0.817	Labdane diterpenoids	0.454	Lipids and lipid-like molecules	0.893	Prenol lipids	0.757	Diterpenoids	0.510			Diterpenoids	0.510	Organic compounds; Lipids and lipid-like molecules; Alcohols and polyols; Prenol lipids; Organooxygen compounds; Cyclic alcohols and derivatives; Diterpenoids; Secondary alcohols; Tertiary alcohols; Hydrocarbon derivatives; Organic oxygen compounds; Chemical entities	299.258	511	8.520	816974902966845693	816973447534707110	816973447534707109	1932	
1	C37H62O8	[M + H]+	C37H63O8+	Fatty acids	0.992	Glycerolipids	0.959	Diacylglycerols	0.375	Lipids and lipid-like molecules	0.986	Fatty Acyls	0.985	Fatty alcohols	0.863			Fatty alcohols	0.863	Organic compounds; Lipids and lipid-like molecules; Alcohols and polyols; Glycerolipids; Organic acids and derivatives; Carboxylic acids and derivatives; Organooxygen compounds; Fatty acid esters; Dicarboxylic acids and derivatives; Carboxylic acid derivatives; Carboxylic acid esters; Fatty alcohols; Secondary alcohols; Carbonyl compounds; Fatty Acyls; Organic oxides; Hydrocarbon derivatives; Organic oxygen compounds; Chemical entities	635.454	511	8.524	816974916493476646	816973447580844459	816973447576650154	1936	
1	C18H34O3	[M - H2O + H]+	C18H33O2+	Fatty acids	0.645	Diterpenoids	0.269	Other Octadecanoids	0.249	Lipids and lipid-like molecules	0.965	Fatty Acyls	0.800					Fatty Acyls	0.800	Organic compounds; Lipids and lipid-like molecules; Alcohols and polyols; Organooxygen compounds; Secondary alcohols; Carbonyl compounds; Fatty Acyls; Hydrocarbon derivatives; Organic oxygen compounds; Chemical entities	281.246	512	8.525	816974945539038437	816973447618593200	816973447614398895	1938	
1	C18H30O	[M + H]+	C18H31O+	Terpenoids	0.905	Diterpenoids	0.759	Norlabdane diterpenoids	0.296	Lipids and lipid-like molecules	0.844	Prenol lipids	0.688					Prenol lipids	0.688	Organic compounds; Lipids and lipid-like molecules; Prenol lipids; Organooxygen compounds; Carbonyl compounds; Organic oxides; Hydrocarbon derivatives; Organic oxygen compounds; Chemical entities	263.236	512	8.526	816974945891360119	816973447652147637	816973447652147636	1939	
1	C36H60O10	[M + H]+	C36H61O10+	Polyketides	0.952	Macrolides	0.532	Open-chain polyketides	0.330	Lipids and lipid-like molecules	0.618	Fatty Acyls	0.556					Fatty Acyls	0.556	Organic compounds; Organoheterocyclic compounds; Lipids and lipid-like molecules; Alcohols and polyols; Ethers; Organic acids and derivatives; Carboxylic acids and derivatives; Organooxygen compounds; Carboxylic acid derivatives; Carboxylic acid esters; Secondary alcohols; Carbonyl compounds; Fatty Acyls; Organic oxides; Oxacyclic compounds; Hydrocarbon derivatives; Organic oxygen compounds; Chemical entities	653.427	512	8.526	816974961187991377	816973447689896378	816973447689896377	1940	
1	C34H66O9	[M + H]+	C34H67O9+	Fatty acids	0.995	Fatty acyl glycosides	0.925	Fatty alcohols	0.074	Lipids and lipid-like molecules	0.958	Fatty Acyls	0.960	Fatty acid esters	0.871			Fatty acid esters	0.871	Organic compounds; Organoheterocyclic compounds; Carbohydrates and carbohydrate conjugates; Lipids and lipid-like molecules; Alcohols and polyols; Glycerolipids; Organic acids and derivatives; Carboxylic acids and derivatives; Organooxygen compounds; Fatty acid esters; Carboxylic acid derivatives; Carboxylic acid esters; Monosaccharides; Secondary alcohols; Carbonyl compounds; Oxanes; Polyols; Fatty Acyls; Organic oxides; Oxacyclic compounds; Hydrocarbon derivatives; Organic oxygen compounds; Chemical entities	619.476	512	8.530	816974945501289674	816973447819919817	816973447819919816	1945	
1	C16H30	[M + Na]+	C16H30Na+	Terpenoids	0.671	Sesquiterpenoids	0.625	Hydrocarbons	0.347	Lipids and lipid-like molecules	0.589	Prenol lipids	0.583					Prenol lipids	0.583	Organic compounds; Lipids and lipid-like molecules; Prenol lipids; Hydrocarbons; Olefins; Unsaturated hydrocarbons; Unsaturated aliphatic hydrocarbons; Chemical entities	245.225	512	8.535	816974939599902501	816973447975109085	816973447975109084	1949	
1	C18H26O7	[M + H]+	C18H27O7+	Fatty acids	0.453	Macrolides	0.295	Macrolide lactones	0.395	Lipids and lipid-like molecules	0.804	Fatty Acyls	0.770	Fatty acid esters	0.654			Fatty acid esters	0.654	Organic compounds; Organoheterocyclic compounds; Lipids and lipid-like molecules; Alcohols and polyols; Ethers; Organic acids and derivatives; Carboxylic acids and derivatives; Organooxygen compounds; Fatty acid esters; Dicarboxylic acids and derivatives; Carboxylic acid derivatives; Carboxylic acid esters; Secondary alcohols; Carbonyl compounds; Polyols; Fatty Acyls; Organic oxides; Oxacyclic compounds; Hydrocarbon derivatives; Organic oxygen compounds; Chemical entities	355.176	512	8.538	816974951721444883	816973448050606567	816973448050606566	1951	
1	C18H30O2	[M + H]+	C18H31O2+	Fatty acids	1.000	Fatty Acids and Conjugates	0.880	Unsaturated fatty acids	0.872	Lipids and lipid-like molecules	0.983	Fatty Acyls	0.971	Fatty acids and conjugates	0.956	Long-chain fatty acids	0.954	Long-chain fatty acids	0.954	Organic compounds; Lipids and lipid-like molecules; Fatty acids and conjugates; Organic acids and derivatives; Carboxylic acids and derivatives; Organooxygen compounds; Straight chain fatty acids; Unsaturated fatty acids; Monocarboxylic acids and derivatives; Carboxylic acids; Carbonyl compounds; Long-chain fatty acids; Fatty Acyls; Organic oxides; Hydrocarbon derivatives; Organic oxygen compounds; Chemical entities	279.231	512	8.539	816974944117168854	816973448088355308	816973448084161003	1975	
1	C14H28O5	[M + Na]+	C14H28NaO5+	Fatty acids	0.985	Fatty Acids and Conjugates	0.890	Dicarboxylic acids	0.836	Lipids and lipid-like molecules	0.963	Fatty Acyls	0.955	Fatty acids and conjugates	0.857	Branched fatty acids	0.844	Branched fatty acids	0.844	Organic compounds; Lipids and lipid-like molecules; Alcohols and polyols; Fatty acids and conjugates; Organic acids and derivatives; Carboxylic acids and derivatives; Organooxygen compounds; Branched fatty acids; Hydroxy fatty acids; Dicarboxylic acids and derivatives; Hydroxy acids and derivatives; Carboxylic acids; Secondary alcohols; Carbonyl compounds; Fatty Acyls; Organic oxides; Hydrocarbon derivatives; Organic oxygen compounds; Chemical entities	299.184	512	8.539	816974947141263170	816973448121909745	816973448121909744	1952	
1	C21H43NO5	[M + H]+	C21H44NO5+	Fatty acids	0.998	Spingolipids	0.992	Sphingoid bases	0.976	Organic acids and derivatives	0.999	Carboxylic acids and derivatives	0.999	Amino acids, peptides, and analogues	0.947	Amino acids and derivatives	0.946	Alpha amino acids	0.731	Organic compounds; Lipids and lipid-like molecules; Amino acids, peptides, and analogues; Alpha amino acids and derivatives; Alcohols and polyols; Fatty acids and conjugates; Organic acids and derivatives; Carboxylic acids and derivatives; Organonitrogen compounds; Organooxygen compounds; Unsaturated fatty acids; Hydroxy fatty acids; Amino acids and derivatives; Monoalkylamines; Hydroxy acids and derivatives; Amino fatty acids; Monocarboxylic acids and derivatives; Carboxylic acids; Secondary alcohols; Beta hydroxy acids and derivatives; Carbonyl compounds; Alpha amino acids; Amines; Primary amines; Long-chain fatty acids; Fatty Acyls; Organic oxides; Hydrocarbon derivatives; Amino acids; Organopnictogen compounds; Organic oxygen compounds; Organic nitrogen compounds; Chemical entities	390.320	515	8.576	816974952803575870	816973448344207882	816973448340013577	1971	
3	C17H36O3	[M + Na]+	C17H36NaO3+	Fatty acids	0.951	Fatty acyls	0.952	Fatty alcohols	0.979	Lipids and lipid-like molecules	0.853	Fatty Acyls	0.637	Fatty alcohols	0.736			Fatty alcohols	0.736	Organic compounds; Lipids and lipid-like molecules; Alcohols and polyols; Primary alcohols; Organooxygen compounds; Fatty alcohols; Secondary alcohols; Polyols; Fatty Acyls; Hydrocarbon derivatives; Organic oxygen compounds; Chemical entities	311.257	515	8.588	816974946948325123	816973448377762319	816973448377762318	1976	
1	C14H31N7	[M + Na]+	C14H31N7Na+	Alkaloids	0.570	Guanidine alkaloids	0.235	Acetate-derived alkaloids	0.182	Organic nitrogen compounds	0.998	Organonitrogen compounds	0.988					Organonitrogen compounds	0.988	Organic compounds; Organonitrogen compounds; Hydrocarbon derivatives; Organopnictogen compounds; Organic nitrogen compounds; Chemical entities	320.254	516	8.594	816974939973195626	816973448411316756	816973448411316755	1979	
1	C18H35NO2	[M + H]+	C18H36NO2+	Fatty acids	0.998	Fatty amides	0.969	N-acyl ethanolamines (endocannabinoids)	0.858	Lipids and lipid-like molecules	0.871	Fatty Acyls	0.783	Fatty amides	0.736	N-acyl amines	0.633	N-acyl amines	0.633	Organic compounds; Lipids and lipid-like molecules; Alcohols and polyols; Organic acids and derivatives; Carboxylic acids and derivatives; Organonitrogen compounds; Organooxygen compounds; Fatty amides; Carboxylic acid amides; Carboxylic acid derivatives; N-acyl amines; Secondary carboxylic acid amides; Carbonyl compounds; Fatty Acyls; Organic oxides; Hydrocarbon derivatives; Organopnictogen compounds; Organic oxygen compounds; Organic nitrogen compounds; Chemical entities	298.272	516	8.594	816974947174817628	816973448449065497	816973448449065496	1980	
2	C18H35NO2	[M - H2O + H]+	C18H34NO+	Fatty acids	1.000	Spingolipids	0.960	Sphingoid bases	0.971	Organic nitrogen compounds	1.000	Organonitrogen compounds	1.000	Amines	0.787	Alkanolamines	0.782	1,2-aminoalcohols	0.810	Organic compounds; Alcohols and polyols; Organonitrogen compounds; Primary alcohols; Organooxygen compounds; Secondary alcohols; 1,2-aminoalcohols; Amines; Alkanolamines; Hydrocarbon derivatives; Organopnictogen compounds; Organic oxygen compounds; Organic nitrogen compounds; Chemical entities	280.262	516	8.600	816974945291574385	816973448558117416	816973448558117415	1985	
1	C21H36O4	[M + H]+	C21H37O4+	Fatty acids	0.979	Glycerolipids	0.911	Monoacylglycerols	0.932	Lipids and lipid-like molecules	0.984	Fatty Acyls	0.902	Fatty alcohols	0.479	Long-chain fatty alcohols	0.615	Long-chain fatty alcohols	0.615	Organic compounds; Lipids and lipid-like molecules; Alcohols and polyols; Glycerolipids; Organic acids and derivatives; Carboxylic acids and derivatives; Primary alcohols; Organooxygen compounds; Carboxylic acid derivatives; Monoacylglycerols; Monocarboxylic acids and derivatives; Carboxylic acid esters; 1-monoacylglycerols; Secondary alcohols; Carbonyl compounds; Polyols; 1,2-diols; Long-chain fatty alcohols; Monoradylglycerols; Fatty Acyls; Organic oxides; Hydrocarbon derivatives; Organic oxygen compounds; Chemical entities	353.267	516	8.600	816974959258611036	816973448600060461	816973448600060460	1986	
1	C21H38O4	[M + H]+	C21H39O4+	Fatty acids	0.998	Fatty acyls	0.864	Fatty alcohols	0.947	Lipids and lipid-like molecules	0.994	Fatty Acyls	0.979	Fatty alcohols	0.811	Long-chain fatty alcohols	0.751	Long-chain fatty alcohols	0.751	Organic compounds; Lipids and lipid-like molecules; Alcohols and polyols; Glycerolipids; Organic acids and derivatives; Carboxylic acids and derivatives; Primary alcohols; Organooxygen compounds; Fatty acid esters; Carboxylic acid derivatives; Monoacylglycerols; Monocarboxylic acids and derivatives; Carboxylic acid esters; Fatty alcohols; 1-monoacylglycerols; Secondary alcohols; Fatty alcohol esters; Carbonyl compounds; 1,2-diols; Long-chain fatty alcohols; Monoradylglycerols; Fatty Acyls; Organic oxides; Hydrocarbon derivatives; Organic oxygen compounds; Chemical entities	355.283	517	8.613	816974944062642860	816973448713306684	816973448713306683	1997	
1	C18H32O3	[M + H]+	C18H33O3+	Fatty acids	1.000	Octadecanoids	0.877	Other Octadecanoids	0.937	Lipids and lipid-like molecules	0.993	Fatty Acyls	0.987	Lineolic acids and derivatives	0.564			Lineolic acids and derivatives	0.564	Organic compounds; Lipids and lipid-like molecules; Alcohols and polyols; Fatty acids and conjugates; Organic acids and derivatives; Carboxylic acids and derivatives; Organooxygen compounds; Unsaturated fatty acids; Hydroxy fatty acids; Lineolic acids and derivatives; Monocarboxylic acids and derivatives; Carboxylic acids; Secondary alcohols; Carbonyl compounds; Long-chain fatty acids; Fatty Acyls; Organic oxides; Hydrocarbon derivatives; Organic oxygen compounds; Chemical entities	297.241	517	8.621	816974942930180459	816973448826552907	816973448826552906	1977	
2	C30H46O16	[M + K]+	C30H46KO16+	Polyketides	0.307	Flavonoids	0.118	Flavonols	0.074	Organic oxygen compounds	1.000	Organooxygen compounds	1.000	Carbohydrates and carbohydrate conjugates	0.980	Disaccharides	0.523	Disaccharides	0.523	Organic compounds; Organoheterocyclic compounds; Carbohydrates and carbohydrate conjugates; Lipids and lipid-like molecules; Alcohols and polyols; Ethers; Phenylpropanoids and polyketides; Organic acids and derivatives; Carboxylic acids and derivatives; Primary alcohols; Organooxygen compounds; Carboxylic acid derivatives; Carboxylic acid esters; Disaccharides; Acetals; Secondary alcohols; Carbonyl compounds; Oxanes; Glycosyl compounds; O-glycosyl compounds; Polyols; Benzenoids; Enoate esters; Alpha,beta-unsaturated carboxylic esters; Fatty Acyls; Organic oxides; Oxacyclic compounds; Hydrocarbon derivatives; Organic oxygen compounds; Chemical entities	701.240	518	8.637	816975067442313650	816973448931410522	816973448931410521	1993	
8	C17H38N2O7	[M + H]+	C17H39N2O7+	Fatty acids	0.448	Ornithine alkaloids	0.626	Pyrrolidine alkaloids	0.338	Lipids and lipid-like molecules	0.503							Lipids and lipid-like molecules	0.503	Organic compounds; Lipids and lipid-like molecules; Alcohols and polyols; Ethers; Organic acids and derivatives; Organonitrogen compounds; Organooxygen compounds; Monoalkylamines; Secondary alcohols; Amines; Organic oxides; Hydrocarbon derivatives; Organopnictogen compounds; Organic oxygen compounds; Organic nitrogen compounds; Chemical entities	383.278	520	8.666	816974949603320425	816973449120154227	816973449120154226	2008	
1	C22H38O5	[M + H3N + H]+	C22H42NO5+	Terpenoids	0.367	Aromatic polyketides	0.201	Catechols with side chains	0.100	Benzenoids	0.956	Phenol ethers	0.779					Phenol ethers	0.779	Organic compounds; Alkyl aryl ethers; Ethers; Organic acids and derivatives; Carboxylic acids and derivatives; Organooxygen compounds; Carboxylic acid derivatives; Carboxylic acid esters; Carbonyl compounds; Benzene and substituted derivatives; Phenol ethers; Benzenoids; Organic oxides; Hydrocarbon derivatives; Organic oxygen compounds; Phenoxy compounds; Chemical entities	400.304	520	8.673	816974950194717571	816973449237594754	816973449233400449	2014	
1	C23H42NO7P	[M + H]+	C23H43NO7P+	Fatty acids	1.000	Glycerophospholipids	1.000	Glycerophosphoethanolamines	1.000	Organic acids and derivatives	1.000	Carboxylic acids and derivatives	0.999	Amino acids, peptides, and analogues	0.994	Amino acids and derivatives	0.994	Amino acids and derivatives	0.994	Organic compounds; Lipids and lipid-like molecules; Amino acids, peptides, and analogues; Alcohols and polyols; Glycerophospholipids; Organic acids and derivatives; Carboxylic acids and derivatives; Organonitrogen compounds; Organooxygen compounds; Fatty acid esters; Amino acids and derivatives; Organic phosphoric acids and derivatives; Phosphate esters; Monoalkylamines; Carboxylic acid derivatives; Monocarboxylic acids and derivatives; Carboxylic acid esters; Phosphoethanolamines; Lysophosphatidylethanolamines; Secondary alcohols; 1-acyl-sn-glycero-3-phosphoethanolamines; Carbonyl compounds; Glycerophosphoethanolamines; Amines; Primary amines; Alkyl phosphates; Dialkyl phosphates; Fatty Acyls; Organic oxides; Hydrocarbon derivatives; Organopnictogen compounds; Organic oxygen compounds; Organic nitrogen compounds; Chemical entities	476.275	521	8.678	816974949674623642	816973449334063756	816973449334063755	2016	
2	C33H58O14	[M + H3N + H]+	C33H62NO14+	Fatty acids	1.000	Glycerolipids	0.912	Glycosyldiacylglycerols	0.215	Lipids and lipid-like molecules	0.989	Glycerolipids	0.735	Glycosylglycerols	0.771			Glycosylglycerols	0.771	Organic compounds; Organoheterocyclic compounds; Carbohydrates and carbohydrate conjugates; Lipids and lipid-like molecules; Alcohols and polyols; Glycerolipids; Ethers; Organic acids and derivatives; Carboxylic acids and derivatives; Primary alcohols; Organooxygen compounds; Fatty acid esters; Lineolic acids and derivatives; Glycosylglycerols; Carboxylic acid derivatives; Monocarboxylic acids and derivatives; Carboxylic acid esters; Disaccharides; Acetals; Secondary alcohols; Fatty acyl glycosides; Carbonyl compounds; Oxanes; Glycosyl compounds; O-glycosyl compounds; Polyols; Fatty acyl glycosides of mono- and disaccharides; Fatty Acyls; Organic oxides; Oxacyclic compounds; Hydrocarbon derivatives; Organic oxygen compounds; Chemical entities	696.414	521	8.689	816974958818208877	816973449199846013	816973449199846012	1996	
4	C38H55NO2	[M + H]+	C38H56NO2+	Fatty acids	0.991	Fatty amides	0.931	N-acyl ethanolamines (endocannabinoids)	0.346	Lipids and lipid-like molecules	0.932	Fatty Acyls	0.826	Fatty amides	0.877	N-acyl amines	0.768	N-acyl amines	0.768	Organic compounds; Lipids and lipid-like molecules; Organic acids and derivatives; Carboxylic acids and derivatives; Organonitrogen compounds; Organooxygen compounds; Fatty amides; Carboxylic acid amides; Carboxylic acid derivatives; N-acyl amines; Secondary carboxylic acid amides; Carbonyl compounds; Fatty Acyls; Organic oxides; Hydrocarbon derivatives; Organopnictogen compounds; Organic oxygen compounds; Organic nitrogen compounds; Chemical entities	558.435	522	8.692	816974962597277788	816973449493447323	816973449489253018	2020	
1	C19H38O4	[M + Na]+	C19H38NaO4+	Fatty acids	0.999	Glycerolipids	0.964	Monoacylglycerols	0.979	Lipids and lipid-like molecules	0.996	Fatty Acyls	0.971	Fatty alcohols	0.514	Long-chain fatty alcohols	0.595	Long-chain fatty alcohols	0.595	Organic compounds; Lipids and lipid-like molecules; Alcohols and polyols; Glycerolipids; Organic acids and derivatives; Carboxylic acids and derivatives; Primary alcohols; Organooxygen compounds; Fatty acid esters; Carboxylic acid derivatives; Monoacylglycerols; Monocarboxylic acids and derivatives; Carboxylic acid esters; Fatty alcohols; 1-monoacylglycerols; Secondary alcohols; Carbonyl compounds; Polyols; 1,2-diols; Long-chain fatty alcohols; Monoradylglycerols; Fatty Acyls; Organic oxides; Hydrocarbon derivatives; Organic oxygen compounds; Chemical entities	353.267	523	8.710	816974963306115317	816973449698968244	816973449698968243	2027	
1	C18H32O3	[M - H2O + H]+	C18H31O2+	Fatty acids	0.639	Diterpenoids	0.302	Other Octadecanoids	0.254	Lipids and lipid-like molecules	0.946	Fatty Acyls	0.770	Fatty acids and conjugates	0.578	Long-chain fatty acids	0.573	Long-chain fatty acids	0.573	Organic compounds; Lipids and lipid-like molecules; Alcohols and polyols; Fatty acids and conjugates; Organic acids and derivatives; Carboxylic acids and derivatives; Organooxygen compounds; Monocarboxylic acids and derivatives; Carboxylic acids; Secondary alcohols; Carbonyl compounds; Long-chain fatty acids; Fatty Acyls; Organic oxides; Hydrocarbon derivatives; Organic oxygen compounds; Chemical entities	279.231	523	8.711	816974958939843771	816973449740911289	816973449740911288	2052	
1	C21H38O4	[M + H]+	C21H39O4+	Fatty acids	1.000	Glycerolipids	0.985	Monoacylglycerols	0.986	Lipids and lipid-like molecules	0.998	Fatty Acyls	0.987	Lineolic acids and derivatives	0.609			Lineolic acids and derivatives	0.609	Organic compounds; Lipids and lipid-like molecules; Alcohols and polyols; Glycerolipids; Organic acids and derivatives; Carboxylic acids and derivatives; Primary alcohols; Organooxygen compounds; Fatty acid esters; Lineolic acids and derivatives; Carboxylic acid derivatives; Monoacylglycerols; Monocarboxylic acids and derivatives; Carboxylic acid esters; 1-monoacylglycerols; Secondary alcohols; Carbonyl compounds; Polyols; 1,2-diols; Monoradylglycerols; Fatty Acyls; Organic oxides; Hydrocarbon derivatives; Organic oxygen compounds; Chemical entities	355.282	523	8.719	816974974433611396	816973449900294861	816973449900294860	2039	
1	C37H42O11	[M + K]+	C37H42KO11+	Terpenoids	0.849	Triterpenoids	0.352	Tetracyclic diterpenoids	0.182	Lipids and lipid-like molecules	0.790	Prenol lipids	0.614					Prenol lipids	0.614	Organic compounds; Organoheterocyclic compounds; Lipids and lipid-like molecules; Alcohols and polyols; Ethers; Prenol lipids; Organic acids and derivatives; Carboxylic acids and derivatives; Organooxygen compounds; Carboxylic acid esters; Acetals; Secondary alcohols; Carbonyl compounds; Polyols; Organic oxides; Oxacyclic compounds; Hydrocarbon derivatives; Organic oxygen compounds; Chemical entities	701.242	523	8.720	816975220542828492	816973449979986647	816973449979986646	2038	
1	C33H58O14	[M + H3N + H]+	C33H62NO14+	Fatty acids	0.999	Fatty acyl glycosides	0.855	Sophorolipids	0.470	Lipids and lipid-like molecules	0.983	Fatty Acyls	0.983	Fatty acyl glycosides	0.731	Sophorolipids	0.544	Sophorolipids	0.544	Organic compounds; Organoheterocyclic compounds; Carbohydrates and carbohydrate conjugates; Lipids and lipid-like molecules; Alcohols and polyols; Ethers; Organic acids and derivatives; Carboxylic acids and derivatives; Primary alcohols; Organooxygen compounds; Fatty acid esters; Carboxylic acid derivatives; Monocarboxylic acids and derivatives; Carboxylic acid esters; Disaccharides; Acetals; Secondary alcohols; Fatty acyl glycosides; Carbonyl compounds; Oxanes; Glycosyl compounds; Sophorolipids; O-glycosyl compounds; Polyols; Fatty acyl glycosides of mono- and disaccharides; Fatty Acyls; Organic oxides; Oxacyclic compounds; Hydrocarbon derivatives; Organic oxygen compounds; Chemical entities	696.414	523	8.721	816974967798215481	816973449933849298	816973449933849297	2037	
1	C33H58O14	[M + Na]+	C33H58NaO14+	Terpenoids	0.601	Diterpenoids	0.473	Secoiridoid monoterpenoids	0.174	Lipids and lipid-like molecules	0.794	Prenol lipids	0.456	Diterpenoids	0.488	Kaurane diterpenoids	0.589	Kaurane diterpenoids	0.589	Organic compounds; Organoheterocyclic compounds; Carbohydrates and carbohydrate conjugates; Lipids and lipid-like molecules; Alcohols and polyols; Ethers; Organic acids and derivatives; Carboxylic acids and derivatives; Primary alcohols; Organooxygen compounds; Carboxylic acid derivatives; Monocarboxylic acids and derivatives; Carboxylic acid esters; Disaccharides; Acetals; Secondary alcohols; Carbonyl compounds; Oxanes; Glycosyl compounds; O-glycosyl compounds; Polyols; Kaurane diterpenoids; Fatty Acyls; Organic oxides; Oxacyclic compounds; Hydrocarbon derivatives; Organic oxygen compounds; Chemical entities	701.370	523	8.721	816974970704868804	816973450063872737	816973450063872736	2046	
1	C18H32O3	[M + H]+	C18H33O3+	Terpenoids	0.900	Diterpenoids	0.676	Labdane diterpenoids	0.137	Lipids and lipid-like molecules	0.940	Prenol lipids	0.742					Prenol lipids	0.742	Organic compounds; Lipids and lipid-like molecules; Alcohols and polyols; Prenol lipids; Organooxygen compounds; Secondary alcohols; Polyols; Fatty Acyls; Hydrocarbon derivatives; Organic oxygen compounds; Chemical entities	297.245	524	8.740	816974971019441654	816973450185507568	816973450185507567	2061	
1	C20H34O8	[M + Na]+	C20H34NaO8+	Terpenoids	0.681	Diterpenoids	0.348	Macrolide lactones	0.131	Lipids and lipid-like molecules	0.842							Lipids and lipid-like molecules	0.842	Organic compounds; Organoheterocyclic compounds; Lipids and lipid-like molecules; Alcohols and polyols; Organic acids and derivatives; Carboxylic acids and derivatives; Organooxygen compounds; Carboxylic acid derivatives; Carboxylic acid esters; Carbonyl compounds; Organic oxides; Oxacyclic compounds; Hydrocarbon derivatives; Organic oxygen compounds; Chemical entities	425.213	526	8.767	816974971577284190	816973450349085444	816973450344891139	2075	
1	C18H28O3	[M + H]+	C18H29O3+	Fatty acids	0.987	Octadecanoids	0.705	Other Octadecanoids	0.314	Lipids and lipid-like molecules	0.923	Fatty Acyls	0.891	Fatty acids and conjugates	0.702	Long-chain fatty acids	0.546	Long-chain fatty acids	0.546	Organic compounds; Lipids and lipid-like molecules; Ketones; Fatty acids and conjugates; Organic acids and derivatives; Carboxylic acids and derivatives; Organooxygen compounds; Monocarboxylic acids and derivatives; Carboxylic acids; Carbonyl compounds; Long-chain fatty acids; Fatty Acyls; Organic oxides; Hydrocarbon derivatives; Organic oxygen compounds; Chemical entities	293.210	526	8.768	816974972193846963	816973450386834185	816973450386834184	2070	
1	C31H28O13	[M + H]+	C31H29O13+	Shikimates and Phenylpropanoids	0.689	Naphthalenes	0.161	Bisnaphthalenes	0.162	Benzenoids	0.995	Benzene and substituted derivatives	0.768	Benzoic acids and derivatives	0.582	Benzoic acid esters	0.550	Benzoic acid esters	0.550	Organic compounds; Benzoic acids and derivatives; Ethers; Organic acids and derivatives; Carboxylic acids and derivatives; Organooxygen compounds; Carboxylic acid derivatives; Carboxylic acid esters; Benzoic acid esters; Carbonyl compounds; Benzene and substituted derivatives; Benzenoids; Methyl esters; Organic oxides; Hydrocarbon derivatives; Organic oxygen compounds; Chemical entities	609.158	526	8.768	816975184027204383	816973450432971534	816973450432971533	2077	
1	C30H24O12	[M + H]+	C30H25O12+	Shikimates and Phenylpropanoids	0.506	Lignans	0.208	Flavones	0.070	Organic oxygen compounds	1.000	Organooxygen compounds	1.000	Ethers	0.573	Alkyl aryl ethers	0.583	Alkyl aryl ethers	0.583	Organic compounds; Organoheterocyclic compounds; Alkyl aryl ethers; Ethers; Organic acids and derivatives; Carboxylic acids and derivatives; Organooxygen compounds; Carboxylic acid derivatives; Carboxylic acid esters; Carbonyl compounds; Benzene and substituted derivatives; Benzenoids; Organic oxides; Oxacyclic compounds; Hydrocarbon derivatives; Organic oxygen compounds; Chemical entities	577.132	526	8.769	816974983291981809	816973450487497491	816973450487497490	2080	
3	C30H24O12	[M + H3N + H]+	C30H28NO12+	Shikimates and Phenylpropanoids	0.849	Lignans	0.551	Flavones	0.433	Organoheterocyclic compounds	0.629	Benzopyrans	0.394	1-benzopyrans	0.390	Chromones	0.588	Chromones	0.588	Organic compounds; Organoheterocyclic compounds; Alkyl aryl ethers; Phenols; Chromones; Ethers; Phenylpropanoids and polyketides; Organic acids and derivatives; Carboxylic acids and derivatives; Organooxygen compounds; Pyranones and derivatives; Carboxylic acid derivatives; Carboxylic acid esters; Carbonyl compounds; Benzene and substituted derivatives; Benzenoids; Organic oxides; Oxacyclic compounds; Hydrocarbon derivatives; Organic oxygen compounds; 1-hydroxy-2-unsubstituted benzenoids; Phenoxy compounds; Chemical entities	594.159	526	8.771	816974983254233050	816973450533634840	816973450533634839	2081	
7	C36H49NO9	[M + H]+	C36H50NO9+	Alkaloids	0.688	Pseudoalkaloids (transamidation)	0.930	Steroidal alkaloids	0.721	Lipids and lipid-like molecules	0.769	Steroids and steroid derivatives	0.586					Steroids and steroid derivatives	0.586	Organic compounds; Organoheterocyclic compounds; Lipids and lipid-like molecules; Ketones; Alcohols and polyols; Steroids and steroid derivatives; Organic acids and derivatives; Carboxylic acids and derivatives; Organonitrogen compounds; Alkaloids and derivatives; Organooxygen compounds; Carboxylic acid derivatives; Carboxylic acid esters; Secondary alcohols; Carbonyl compounds; Amines; Organic oxides; Azacyclic compounds; Oxacyclic compounds; Hydrocarbon derivatives; Organopnictogen compounds; Organic oxygen compounds; Organic nitrogen compounds; Chemical entities	640.344	528	8.802	816975034873538239	816973450835624748	816973450831430443	2095	
1	C18H36O3	[M - H2O + H]+	C18H35O2+	Fatty acids	0.992	Fatty acyls	0.728	Fatty alcohols	0.895	Lipids and lipid-like molecules	0.963	Fatty Acyls	0.951	Fatty alcohols	0.680	Long-chain fatty alcohols	0.743	Long-chain fatty alcohols	0.743	Organic compounds; Lipids and lipid-like molecules; Alcohols and polyols; Organic acids and derivatives; Carboxylic acids and derivatives; Primary alcohols; Organooxygen compounds; Monocarboxylic acids and derivatives; Fatty alcohols; Secondary alcohols; Carbonyl compounds; Long-chain fatty alcohols; Fatty Acyls; Organic oxides; Hydrocarbon derivatives; Organic oxygen compounds; Chemical entities	283.262	528	8.806	816975004548715570	816973450869179185	816973450869179184	2099	
4	C16H32	[M + Na]+	C16H32Na+	Terpenoids	0.737	Sesquiterpenoids	0.601	Hydrocarbons	0.202	Lipids and lipid-like molecules	0.597	Prenol lipids	0.574					Prenol lipids	0.574	Organic compounds; Lipids and lipid-like molecules; Prenol lipids; Hydrocarbons; Saturated hydrocarbons; Unsaturated hydrocarbons; Unsaturated aliphatic hydrocarbons; Chemical entities	247.241	528	8.807	816975001692394319	816973450915316534	816973450911122229	2103	
1	C16H34O	[M + Na]+	C16H34NaO+	Fatty acids	0.998	Fatty acyls	0.998	Fatty alcohols	0.998	Lipids and lipid-like molecules	0.684	Fatty Acyls	0.716	Fatty alcohols	0.794			Fatty alcohols	0.794	Organic compounds; Lipids and lipid-like molecules; Alcohols and polyols; Primary alcohols; Organooxygen compounds; Fatty alcohols; Fatty Acyls; Hydrocarbon derivatives; Organic oxygen compounds; Chemical entities	265.251	528	8.807	816975003206538243	816973450965648187	816973450965648186	2104	
1	C36H64O10	[M + H]+	C36H65O10+	Polyketides	0.837	Aromatic polyketides	0.252	Depsides and depsidones	0.059	Benzenoids	0.756	Benzene and substituted derivatives	0.753	Benzoic acids and derivatives	0.796	Hydroxybenzoic acid derivatives	0.561	Hydroxybenzoic acid derivatives	0.561	Organic compounds; Lipids and lipid-like molecules; Alcohols and polyols; Phenols; Benzoic acids and derivatives; Ethers; Organic acids and derivatives; Carboxylic acids and derivatives; Benzoyl derivatives; Organooxygen compounds; Carboxylic acid derivatives; Carboxylic acids; Carboxylic acid esters; Hydroxybenzoic acid derivatives; Secondary alcohols; Carbonyl compounds; Benzene and substituted derivatives; Benzenoids; Fatty Acyls; Organic oxides; Hydrocarbon derivatives; Organic oxygen compounds; Chemical entities	657.456	528	8.807	816975017114853493	816973451003396928	816973450999202623	2105	
1	C37H66O8	[M + H]+	C37H67O8+	Fatty acids	0.999	Fatty esters	0.902	Fatty acid estolides	0.983	Organic acids and derivatives	1.000	Hydroxy acids and derivatives	0.667	Beta hydroxy acids and derivatives	0.591			Beta hydroxy acids and derivatives	0.591	Organic compounds; Lipids and lipid-like molecules; Alcohols and polyols; Organic acids and derivatives; Carboxylic acids and derivatives; Organooxygen compounds; Fatty acid esters; Dicarboxylic acids and derivatives; Hydroxy acids and derivatives; Carboxylic acid derivatives; Carboxylic acids; Carboxylic acid esters; Secondary alcohols; Beta hydroxy acids and derivatives; Carbonyl compounds; Fatty Acyls; Organic oxides; Hydrocarbon derivatives; Organic oxygen compounds; Chemical entities	639.485	528	8.808	816975002443174879	816973451083088714	816973451083088713	2106	
1	C40H62O7	[M + H]+	C40H63O7+	Terpenoids	0.850	Carotenoids (C40)	0.247	Carotenoids (C40, β-β)	0.059	Benzenoids	0.789							Benzenoids	0.789	Organic compounds; Lipids and lipid-like molecules; Prenol lipids; Organic acids and derivatives; Carboxylic acids and derivatives; Organooxygen compounds; Carboxylic acid derivatives; Carboxylic acid esters; Carbonyl compounds; Benzenoids; Organic oxides; Hydrocarbon derivatives; Organic oxygen compounds; Chemical entities	655.452	529	8.811	816975025516045444	816973451158586196	816973451158586195	2113	
1	C18H34O3	[M + H]+	C18H35O3+	Terpenoids	0.930	Diterpenoids	0.765	Labdane diterpenoids	0.298	Lipids and lipid-like molecules	0.850	Prenol lipids	0.769					Prenol lipids	0.769	Organic compounds; Lipids and lipid-like molecules; Alcohols and polyols; Prenol lipids; Organooxygen compounds; Secondary alcohols; Tertiary alcohols; Hydrocarbon derivatives; Organic oxygen compounds; Chemical entities	299.257	531	8.846	816975002141184924	816973451196334937	816973451196334936	2127	
1	C21H36O3	[M + H]+	C21H37O3+	Terpenoids	0.454	Diterpenoids	0.435	Labdane diterpenoids	0.169	Lipids and lipid-like molecules	0.943	Prenol lipids	0.669	Diterpenoids	0.643			Diterpenoids	0.643	Organic compounds; Lipids and lipid-like molecules; Alcohols and polyols; Prenol lipids; Fatty acids and conjugates; Organic acids and derivatives; Carboxylic acids and derivatives; Organooxygen compounds; Monocarboxylic acids and derivatives; Carboxylic acids; Diterpenoids; Carbonyl compounds; Fatty Acyls; Organic oxides; Hydrocarbon derivatives; Organic oxygen compounds; Chemical entities	337.272	531	8.847	816975010122946277	816973451343135587	816973451343135586	2131	
1	C21H38O4	[M + H]+	C21H39O4+	Fatty acids	1.000	Glycerolipids	0.992	Monoacylglycerols	0.987	Lipids and lipid-like molecules	0.998	Glycerolipids	0.985	Monoradylglycerols	0.973	Monoacylglycerols	0.973	1-monoacylglycerols	0.796	Organic compounds; Lipids and lipid-like molecules; Alcohols and polyols; Glycerolipids; Organic acids and derivatives; Carboxylic acids and derivatives; Primary alcohols; Organooxygen compounds; Fatty acid esters; Carboxylic acid derivatives; Monoacylglycerols; Monocarboxylic acids and derivatives; Carboxylic acid esters; 1-monoacylglycerols; Secondary alcohols; Carbonyl compounds; Polyols; 1,2-diols; Monoradylglycerols; Fatty Acyls; Organic oxides; Hydrocarbon derivatives; Organic oxygen compounds; Chemical entities	355.282	531	8.849	816975018247315718	816973451540267890	816973451540267889	2137	
1	C19H36O3	[M + H]+	C19H37O3+	Terpenoids	0.898	Diterpenoids	0.856	Labdane diterpenoids	0.522	Lipids and lipid-like molecules	0.922	Prenol lipids	0.758	Diterpenoids	0.625			Diterpenoids	0.625	Organic compounds; Lipids and lipid-like molecules; Alcohols and polyols; Prenol lipids; Organic acids and derivatives; Carboxylic acids and derivatives; Primary alcohols; Organooxygen compounds; Monocarboxylic acids and derivatives; Carboxylic acid esters; Diterpenoids; Secondary alcohols; Carbonyl compounds; Fatty Acyls; Organic oxides; Hydrocarbon derivatives; Organic oxygen compounds; Chemical entities	313.272	531	8.851	816975020369634090	816973451594793847	816973451590599542	2141	
2	C16H33NO	[M + Na]+	C16H33NNaO+	Fatty acids	0.980	Fatty amides	0.812	Primary amides	0.412	Lipids and lipid-like molecules	0.687	Fatty Acyls	0.553					Fatty Acyls	0.553	Organic compounds; Lipids and lipid-like molecules; Alcohols and polyols; Organonitrogen compounds; Organooxygen compounds; Monoalkylamines; Amines; Primary amines; Fatty Acyls; Hydrocarbon derivatives; Organopnictogen compounds; Organic oxygen compounds; Organic nitrogen compounds; Chemical entities	278.247	533	8.877	816975021460153269	816973451867423632	816973451863229327	2155	
1	C17H34O4	[M + H]+	C17H35O4+	Fatty acids	0.880	Fatty acyls	0.414	Fatty alcohols	0.634	Lipids and lipid-like molecules	0.919	Fatty Acyls	0.906					Fatty Acyls	0.906	Organic compounds; Lipids and lipid-like molecules; Alcohols and polyols; Organic acids and derivatives; Carboxylic acids and derivatives; Organooxygen compounds; Carboxylic acid derivatives; Monocarboxylic acids and derivatives; Carboxylic acid esters; Secondary alcohols; Carbonyl compounds; Polyols; Fatty Acyls; Organic oxides; Hydrocarbon derivatives; Organic oxygen compounds; Chemical entities	303.252	533	8.889	816975032822523483	816973451976475551	816973451976475550	2164	
2	C21H40O4	[M - H2O + H]+	C21H39O3+	Fatty acids	1.000	Fatty acyls	0.969	Fatty alcohols	0.988	Lipids and lipid-like molecules	0.987	Fatty Acyls	0.973	Fatty alcohols	0.822	Long-chain fatty alcohols	0.840	Long-chain fatty alcohols	0.840	Organic compounds; Lipids and lipid-like molecules; Alcohols and polyols; Organic acids and derivatives; Carboxylic acids and derivatives; Primary alcohols; Organooxygen compounds; Fatty acid esters; Carboxylic acid derivatives; Monocarboxylic acids and derivatives; Carboxylic acid esters; Fatty alcohols; Secondary alcohols; Fatty alcohol esters; Carbonyl compounds; Long-chain fatty alcohols; Fatty Acyls; Organic oxides; Hydrocarbon derivatives; Organic oxygen compounds; Chemical entities	339.288	533	8.890	816975038476445659	816973452022612900	816973452022612899	2167	
1	C21H40O4	[M + H]+	C21H41O4+	Fatty acids	0.978	Fatty acyls	0.738	Fatty alcohols	0.837	Lipids and lipid-like molecules	0.943	Fatty Acyls	0.872	Fatty alcohol esters	0.790			Fatty alcohol esters	0.790	Organic compounds; Lipids and lipid-like molecules; Alcohols and polyols; Glycerolipids; Organic acids and derivatives; Carboxylic acids and derivatives; Primary alcohols; Organooxygen compounds; Fatty acid esters; Dicarboxylic acids and derivatives; Carboxylic acid derivatives; Monocarboxylic acids and derivatives; Carboxylic acid esters; Secondary alcohols; Fatty alcohol esters; Carbonyl compounds; Fatty Acyls; Organic oxides; Hydrocarbon derivatives; Organic oxygen compounds; Chemical entities	357.298	533	8.891	816975041085302956	816973452098110382	816973452093916077	2169	
1	C15H31N5	[M + H]+	C15H32N5+	Alkaloids	0.981	Guanidine alkaloids	0.805	Tricyclic guanidine alkaloids	0.824	Organoheterocyclic compounds	0.728	Heteroaromatic compounds	0.574					Heteroaromatic compounds	0.574	Organic compounds; Organoheterocyclic compounds; Organonitrogen compounds; Guanidines; Carboximidamides; Azacyclic compounds; Heteroaromatic compounds; Hydrocarbon derivatives; Organopnictogen compounds; Organic nitrogen compounds; Chemical entities	282.267	535	8.911	816975040833644689	816973452211356605	816973452211356604	2128	
2	C18H31NO	[M + Na]+	C18H31NNaO+	Alkaloids	0.762	Fatty amides	0.135	Tropane alkaloids	0.117	Organic nitrogen compounds	1.000	Organonitrogen compounds	1.000	Amines	0.877	Tertiary amines	0.550	Trialkylamines	0.576	Organic compounds; Organonitrogen compounds; Organooxygen compounds; Carbonyl compounds; Trialkylamines; Amines; Tertiary amines; Organic oxides; Hydrocarbon derivatives; Organopnictogen compounds; Organic oxygen compounds; Organic nitrogen compounds; Chemical entities	300.232	535	8.912	816975043534776667	816973452127470515	816973452127470514	2178	
1	C16H31NO	[M + H]+	C16H32NO+	Fatty acids	0.998	Fatty amides	0.997	Primary amides	0.995	Lipids and lipid-like molecules	0.786	Fatty Acyls	0.781	Fatty amides	0.800			Fatty amides	0.800	Organic compounds; Lipids and lipid-like molecules; Organic acids and derivatives; Carboxylic acids and derivatives; Organonitrogen compounds; Organooxygen compounds; Fatty amides; Carboxylic acid amides; Carboxylic acid derivatives; Primary carboxylic acid amides; Carbonyl compounds; Fatty Acyls; Organic oxides; Hydrocarbon derivatives; Organopnictogen compounds; Organic oxygen compounds; Organic nitrogen compounds; Chemical entities	254.247	535	8.913	816975052837744045	816973452307825607	816973452303631302	2182	
1	C16H28O	[M + H]+	C16H29O+	Fatty acids	0.996	Fatty acyls	0.872	Unsaturated fatty acids	0.413	Lipids and lipid-like molecules	0.765	Fatty Acyls	0.739					Fatty Acyls	0.739	Organic compounds; Lipids and lipid-like molecules; Organooxygen compounds; Carbonyl compounds; Fatty Acyls; Organic oxides; Hydrocarbon derivatives; Organic oxygen compounds; Chemical entities	237.220	535	8.915	816975057598279860	816973452345574348	816973452341380043	2185	
1	C21H36O4	[M - H2O + H]+	C21H35O3+	Terpenoids	0.554	Diterpenoids	0.676	Fatty alcohols	0.226	Lipids and lipid-like molecules	0.968	Prenol lipids	0.620	Diterpenoids	0.634			Diterpenoids	0.634	Organic compounds; Lipids and lipid-like molecules; Alcohols and polyols; Prenol lipids; Organic acids and derivatives; Carboxylic acids and derivatives; Primary alcohols; Organooxygen compounds; Carboxylic acid derivatives; Monocarboxylic acids and derivatives; Carboxylic acid esters; Cyclic alcohols and derivatives; Diterpenoids; Secondary alcohols; Carbonyl compounds; Fatty Acyls; Organic oxides; Hydrocarbon derivatives; Organic oxygen compounds; Chemical entities	335.257	535	8.921	816975068864184623	816973452412683222	816973452412683221	2190	
1	C21H36O4	[M + H]+	C21H37O4+	Fatty acids	0.999	Glycerolipids	0.995	Monoacylglycerols	0.995	Lipids and lipid-like molecules	0.997	Glycerolipids	0.990	Monoradylglycerols	0.987	Monoacylglycerols	0.977	1-monoacylglycerols	0.837	Organic compounds; Lipids and lipid-like molecules; Alcohols and polyols; Glycerolipids; Organic acids and derivatives; Carboxylic acids and derivatives; Primary alcohols; Organooxygen compounds; Fatty acid esters; Carboxylic acid derivatives; Monoacylglycerols; Monocarboxylic acids and derivatives; Carboxylic acid esters; 1-monoacylglycerols; Secondary alcohols; Carbonyl compounds; Polyols; 1,2-diols; Monoradylglycerols; Fatty Acyls; Organic oxides; Hydrocarbon derivatives; Organic oxygen compounds; Chemical entities	353.267	535	8.922	816975072945243665	816973452454626267	816973452450431962	2191	
5	C21H37FOSi	[M + Na]+	C21H37FNaOSi+	Fatty acids	0.992	Fatty Acids and Conjugates	0.791	Halogenated fatty acids	0.826	Lipids and lipid-like molecules	0.849	Fatty Acyls	0.765					Fatty Acyls	0.765	Organic compounds; Lipids and lipid-like molecules; Organic acids and derivatives; Carboxylic acids and derivatives; Organohalogen compounds; Organooxygen compounds; Organofluorides; Carbonyl compounds; Alkyl halides; Fatty Acyls; Organic oxides; Hydrocarbon derivatives; Organic oxygen compounds; Chemical entities	375.249	535	8.922	816975066590869179	816973452488180704	816973452488180703	2192	
1	C15H31NO	[M + H]+	C15H32NO+	Fatty acids	0.920	Fatty amides	0.774	Primary amides	0.244	Organic nitrogen compounds	1.000	Organonitrogen compounds	1.000	Amines	0.695	Amine oxides and derivatives	0.676	Trisubstituted amine oxides and derivatives	0.677	Organic compounds; Organonitrogen compounds; Organooxygen compounds; Amine oxides and derivatives; Amines; Trisubstituted amine oxides and derivatives; Organic oxides; Aminoxides; Hydrocarbon derivatives; Trialkyl amine oxides; Organopnictogen compounds; Organic oxygen compounds; Organic nitrogen compounds; Chemical entities	242.247	536	8.925	816975067530394074	816973452525929445	816973452525929444	2193	
1	C23H44NO7P	[M + Na]+	C23H44NNaO7P+	Fatty acids	1.000	Glycerophospholipids	1.000	Glycerophosphoethanolamines	1.000	Organic acids and derivatives	0.999	Carboxylic acids and derivatives	0.995	Amino acids, peptides, and analogues	0.980	Amino acids and derivatives	0.980	Amino acids and derivatives	0.980	Organic compounds; Lipids and lipid-like molecules; Amino acids, peptides, and analogues; Alcohols and polyols; Glycerophospholipids; Organic acids and derivatives; Carboxylic acids and derivatives; Organonitrogen compounds; Organooxygen compounds; Fatty acid esters; Amino acids and derivatives; Organic phosphoric acids and derivatives; Phosphate esters; Monoalkylamines; Carboxylic acid derivatives; Monocarboxylic acids and derivatives; Carboxylic acid esters; Phosphoethanolamines; Lysophosphatidylethanolamines; Secondary alcohols; 1-acyl-sn-glycero-3-phosphoethanolamines; Carbonyl compounds; Glycerophosphoethanolamines; Amines; Primary amines; Alkyl phosphates; Dialkyl phosphates; Fatty Acyls; Organic oxides; Hydrocarbon derivatives; Organopnictogen compounds; Organic oxygen compounds; Organic nitrogen compounds; Chemical entities	500.273	536	8.940	816975071326242307	816973452567872490	816973452567872489	2198	
1	C23H44NO7P	[M + H]+	C23H45NO7P+	Fatty acids	1.000	Glycerophospholipids	1.000	Glycerophosphoethanolamines	0.999	Organic acids and derivatives	1.000	Carboxylic acids and derivatives	0.999	Amino acids, peptides, and analogues	0.989	Amino acids and derivatives	0.989	Amino acids and derivatives	0.989	Organic compounds; Lipids and lipid-like molecules; Amino acids, peptides, and analogues; Alcohols and polyols; Glycerophospholipids; Organic acids and derivatives; Carboxylic acids and derivatives; Organonitrogen compounds; Organooxygen compounds; Fatty acid esters; Amino acids and derivatives; Organic phosphoric acids and derivatives; Phosphate esters; Monoalkylamines; Carboxylic acid derivatives; Monocarboxylic acids and derivatives; Carboxylic acid esters; Phosphoethanolamines; Lysophosphatidylethanolamines; Secondary alcohols; 1-acyl-sn-glycero-3-phosphoethanolamines; Carbonyl compounds; Glycerophosphoethanolamines; Amines; Primary amines; Alkyl phosphates; Dialkyl phosphates; Fatty Acyls; Organic oxides; Hydrocarbon derivatives; Organopnictogen compounds; Organic oxygen compounds; Organic nitrogen compounds; Chemical entities	478.291	537	8.944	816975105086198346	816973452739838974	816973452739838973	2201	
1	C21H44NO7P	[M + H]+	C21H45NO7P+	Fatty acids	1.000	Glycerophospholipids	1.000	Glycerophosphoethanolamines	0.999	Organic acids and derivatives	0.999	Carboxylic acids and derivatives	0.997	Amino acids, peptides, and analogues	0.990	Amino acids and derivatives	0.990	Amino acids and derivatives	0.990	Organic compounds; Lipids and lipid-like molecules; Amino acids, peptides, and analogues; Alcohols and polyols; Glycerophospholipids; Organic acids and derivatives; Carboxylic acids and derivatives; Organonitrogen compounds; Organooxygen compounds; Fatty acid esters; Amino acids and derivatives; Organic phosphoric acids and derivatives; Phosphate esters; Monoalkylamines; Carboxylic acid derivatives; Monocarboxylic acids and derivatives; Carboxylic acid esters; Phosphoethanolamines; Lysophosphatidylethanolamines; Secondary alcohols; 1-acyl-sn-glycero-3-phosphoethanolamines; Carbonyl compounds; Glycerophosphoethanolamines; Amines; Primary amines; Alkyl phosphates; Dialkyl phosphates; Fatty Acyls; Organic oxides; Hydrocarbon derivatives; Organopnictogen compounds; Organic oxygen compounds; Organic nitrogen compounds; Chemical entities	454.291	537	8.945	816975083410033698	816973452773393411	816973452773393410	2202	
2	C30H48O16	[M + K]+	C30H48KO16+	Polyketides	0.530	Triterpenoids	0.357	Quassinoids	0.114	Organic oxygen compounds	1.000	Organooxygen compounds	1.000	Carbohydrates and carbohydrate conjugates	0.896	Glycosyl compounds	0.732	O-glycosyl compounds	0.736	Organic compounds; Organoheterocyclic compounds; Carbohydrates and carbohydrate conjugates; Lipids and lipid-like molecules; Pyrans; Alcohols and polyols; Ethers; Organic acids and derivatives; Carboxylic acids and derivatives; Organooxygen compounds; Carboxylic acid derivatives; Carboxylic acid esters; Monosaccharides; Acetals; Secondary alcohols; Carbonyl compounds; Oxanes; Glycosyl compounds; O-glycosyl compounds; Polyols; Organic oxides; Oxacyclic compounds; Hydrocarbon derivatives; Organic oxygen compounds; Chemical entities	703.253	537	8.948	816975510176334374	816973452655952884	816973452655952883	2176	
1	C19H37NO3	[M + H]+	C19H38NO3+	Fatty acids	1.000	Fatty amides	0.997	N-acyl ethanolamines (endocannabinoids)	0.692	Lipids and lipid-like molecules	0.900	Fatty Acyls	0.899	Fatty amides	0.816	N-acyl amines	0.823	N-acyl amines	0.823	Organic compounds; Lipids and lipid-like molecules; Organic acids and derivatives; Carboxylic acids and derivatives; Organonitrogen compounds; Organooxygen compounds; Fatty amides; Carboxylic acid amides; Carboxylic acid derivatives; N-acyl amines; Monocarboxylic acids and derivatives; Carboxylic acids; Secondary carboxylic acid amides; Carbonyl compounds; Fatty Acyls; Organic oxides; Hydrocarbon derivatives; Organopnictogen compounds; Organic oxygen compounds; Organic nitrogen compounds; Chemical entities	328.283	537	8.952	816975087864384841	816973452806947848	816973452806947847	2205	
7	C21H41O12P	[M + Na]+	C21H41NaO12P+	Fatty acids	1.000	Glycerophospholipids	1.000	Glycerophosphoinositols	0.990	Lipids and lipid-like molecules	0.998	Glycerophospholipids	1.000	Glycerophosphoinositols	0.997	Lysophosphatidylinositols	0.991	1-acyl-sn-glycerol-3-phosphoinositols	0.991	Organic compounds; Lipids and lipid-like molecules; Alcohols and polyols; Glycerophospholipids; Organic acids and derivatives; Carboxylic acids and derivatives; Organooxygen compounds; Fatty acid esters; Organic phosphoric acids and derivatives; Phosphate esters; Carboxylic acid derivatives; Monocarboxylic acids and derivatives; Carboxylic acid esters; Cyclic alcohols and derivatives; Lysophosphatidylinositols; Secondary alcohols; Carbonyl compounds; 1-acyl-sn-glycerol-3-phosphoinositols; Glycerophosphoinositols; Polyols; Cyclitols and derivatives; Inositol phosphates; Cyclohexanols; Alkyl phosphates; Dialkyl phosphates; Fatty Acyls; Organic oxides; Hydrocarbon derivatives; Organic oxygen compounds; Chemical entities	539.222	537	8.953	816975118411503433	816973452844696589	816973452840502284	2210	
1	C27H48O9	[M + H3N + H]+	C27H52NO9+	Fatty acids	1.000	Glycerolipids	0.992	Glycosyldiacylglycerols	0.318	Lipids and lipid-like molecules	0.995	Glycerolipids	0.933	Glycosylglycerols	0.975			Glycosylglycerols	0.975	Organic compounds; Organoheterocyclic compounds; Carbohydrates and carbohydrate conjugates; Lipids and lipid-like molecules; Alcohols and polyols; Glycerolipids; Ethers; Organic acids and derivatives; Carboxylic acids and derivatives; Primary alcohols; Organooxygen compounds; Fatty acid esters; Lineolic acids and derivatives; Glycosylglycerols; Carboxylic acid derivatives; Monocarboxylic acids and derivatives; Carboxylic acid esters; Hexoses; Monosaccharides; Acetals; Secondary alcohols; Fatty acyl glycosides; Carbonyl compounds; Oxanes; Glycosyl compounds; O-glycosyl compounds; Polyols; Fatty Acyls; Organic oxides; Oxacyclic compounds; Hydrocarbon derivatives; Organic oxygen compounds; Chemical entities	534.362	537	8.953	816975087222656235	816973452882445330	816973452882445329	2206	
3	C18H32O2	[M - H4O2 + H]+	C18H29+	Fatty acids	1.000	Octadecanoids	0.618	Other Octadecanoids	0.767	Lipids and lipid-like molecules	0.987	Fatty Acyls	0.983	Lineolic acids and derivatives	0.665			Lineolic acids and derivatives	0.665	Organic compounds; Lipids and lipid-like molecules; Fatty acids and conjugates; Organic acids and derivatives; Carboxylic acids and derivatives; Organooxygen compounds; Straight chain fatty acids; Unsaturated fatty acids; Lineolic acids and derivatives; Monocarboxylic acids and derivatives; Carboxylic acids; Carbonyl compounds; Long-chain fatty acids; Fatty Acyls; Organic oxides; Hydrocarbon derivatives; Organic oxygen compounds; Chemical entities	245.225	537	8.956	816975087663058220	816973452978914332	816973452978914331	2207	
1	C19H38O3	[M + Na]+	C19H38NaO3+	Fatty acids	1.000	Glycerolipids	0.973	Monoacylglycerols	0.990	Lipids and lipid-like molecules	0.998	Glycerolipids	0.972	Monoradylglycerols	0.981	Monoacylglycerols	0.972	1-monoacylglycerols	0.877	Organic compounds; Lipids and lipid-like molecules; Alcohols and polyols; Glycerolipids; Organic acids and derivatives; Carboxylic acids and derivatives; Primary alcohols; Organooxygen compounds; Fatty acid esters; Carboxylic acid derivatives; Monoacylglycerols; Monocarboxylic acids and derivatives; Carboxylic acid esters; 1-monoacylglycerols; Secondary alcohols; Carbonyl compounds; Polyols; 1,2-diols; Monoradylglycerols; Fatty Acyls; Organic oxides; Hydrocarbon derivatives; Organic oxygen compounds; Chemical entities	337.272	537	8.956	816975094248116143	816973453025051681	816973453025051680	2215	
1	C18H35NO	[M + H]+	C18H36NO+	Fatty acids	1.000	Fatty amides	0.999	Primary amides	0.997	Lipids and lipid-like molecules	0.789	Fatty Acyls	0.847	Fatty amides	0.837			Fatty amides	0.837	Organic compounds; Lipids and lipid-like molecules; Organic acids and derivatives; Carboxylic acids and derivatives; Organonitrogen compounds; Organooxygen compounds; Fatty amides; Carboxylic acid amides; Carboxylic acid derivatives; Primary carboxylic acid amides; Carbonyl compounds; Fatty Acyls; Organic oxides; Hydrocarbon derivatives; Organopnictogen compounds; Organic oxygen compounds; Organic nitrogen compounds; Chemical entities	282.277	538	8.960	816975087109410010	816973453062800422	816973453062800421	2217	
2	C21H38O4	[M + H]+	C21H39O4+	Fatty acids	1.000	Glycerolipids	0.993	Monoacylglycerols	0.993	Lipids and lipid-like molecules	0.998	Fatty Acyls	0.980	Lineolic acids and derivatives	0.545			Lineolic acids and derivatives	0.545	Organic compounds; Lipids and lipid-like molecules; Alcohols and polyols; Glycerolipids; Organic acids and derivatives; Carboxylic acids and derivatives; Primary alcohols; Organooxygen compounds; Fatty acid esters; Lineolic acids and derivatives; Carboxylic acid derivatives; Monoacylglycerols; Monocarboxylic acids and derivatives; Carboxylic acid esters; 1-monoacylglycerols; 2-monoacylglycerols; Secondary alcohols; Carbonyl compounds; Polyols; 1,2-diols; Monoradylglycerols; Fatty Acyls; Organic oxides; Hydrocarbon derivatives; Organic oxygen compounds; Chemical entities	355.281	538	8.960	816975105488851658	816973453096354859	816973453096354858	2218	
1	C16H32O	[M + Na]+	C16H32NaO+	Fatty acids	0.992	Fatty acyls	0.987	Fatty alcohols	0.980	Lipids and lipid-like molecules	0.846	Fatty Acyls	0.778	Fatty alcohols	0.628	Long-chain fatty alcohols	0.797	Long-chain fatty alcohols	0.797	Organic compounds; Lipids and lipid-like molecules; Alcohols and polyols; Organooxygen compounds; Fatty alcohols; Carbonyl compounds; Long-chain fatty alcohols; Fatty Acyls; Hydrocarbon derivatives; Organic oxygen compounds; Chemical entities	263.236	538	8.961	816975083774938230	816973453150880816	816973453150880815	2220	
1	C26H48NO7P	[M + H]+	C26H49NO7P+	Fatty acids	1.000	Glycerophospholipids	1.000	Glycerophosphocholines	0.995	Lipids and lipid-like molecules	0.989	Glycerophospholipids	0.999	Glycerophosphocholines	0.998	Lysophosphatidylcholines	0.972	1-acyl-sn-glycero-3-phosphocholines	0.913	Organic compounds; Lipids and lipid-like molecules; Alcohols and polyols; Glycerophospholipids; Organic acids and derivatives; Carboxylic acids and derivatives; Organonitrogen compounds; Organooxygen compounds; Fatty acid esters; Organic phosphoric acids and derivatives; Phosphate esters; Quaternary ammonium salts; Cholines; Carboxylic acid derivatives; Monocarboxylic acids and derivatives; Carboxylic acid esters; Phosphocholines; Lysophosphatidylcholines; 1-acyl-sn-glycero-3-phosphocholines; Secondary alcohols; Carbonyl compounds; Glycerophosphocholines; Amines; Alkyl phosphates; Dialkyl phosphates; Organic cations; Organic salts; Fatty Acyls; Organic oxides; Hydrocarbon derivatives; Tetraalkylammonium salts; Organopnictogen compounds; Organic oxygen compounds; Organic nitrogen compounds; Chemical entities	518.323	538	8.973	816975100476657898	816973453247349818	816973453247349817	2227	
1	C34H67NO	[M + H]+	C34H68NO+	Fatty acids	0.999	Fatty amides	0.996	Primary amides	0.587	Lipids and lipid-like molecules	0.978	Fatty Acyls	0.967	Fatty amides	0.981	N-acyl amines	0.876	N-acyl amines	0.876	Organic compounds; Lipids and lipid-like molecules; Organic acids and derivatives; Carboxylic acids and derivatives; Organonitrogen compounds; Organooxygen compounds; Fatty amides; Carboxylic acid amides; Carboxylic acid derivatives; N-acyl amines; Secondary carboxylic acid amides; Carbonyl compounds; Fatty Acyls; Organic oxides; Hydrocarbon derivatives; Organopnictogen compounds; Organic oxygen compounds; Organic nitrogen compounds; Chemical entities	506.528	539	8.976	816975096001335454	816973453280904255	816973453280904254	2229	
4	C29H46N6O8S3	[M + H]+	C29H47N6O8S3+	Amino acids and Peptides	0.993	Oligopeptides	1.000	Cyclamides	0.418	Organic acids and derivatives	0.998	Carboxylic acids and derivatives	0.983	Amino acids, peptides, and analogues	0.979	Peptides	0.592	Peptides	0.592	Organic compounds; Organoheterocyclic compounds; Organosulfur compounds; Lipids and lipid-like molecules; Amino acids, peptides, and analogues; Alpha amino acids and derivatives; Macrolactams; Alcohols and polyols; Lactams; Phenylpropanoids and polyketides; Organic acids and derivatives; Carboxylic acids and derivatives; Organonitrogen compounds; Organooxygen compounds; Fatty amides; Amino acids and derivatives; Peptides; Azoles; Carboxylic acid amides; Carboxylic acid derivatives; N-acyl amines; Monocarboxylic acids and derivatives; N-acyl-alpha amino acids and derivatives; Thioethers; Secondary alcohols; Secondary carboxylic acid amides; Tertiary carboxylic acid amides; Carbonyl compounds; Alpha amino acid amides; Amines; Primary amines; Dialkylthioethers; Fatty Acyls; Organic oxides; Azacyclic compounds; Heteroaromatic compounds; Hydrocarbon derivatives; Organopnictogen compounds; Organic oxygen compounds; Organic nitrogen compounds; Chemical entities	703.256	539	8.990	816975967431016875	816973453314458692	816973453314458691	2235	
1	C33H60O14	[M + Na]+	C33H60NaO14+	Fatty acids	0.927	Glycerolipids	0.358	Resin glycosides	0.107	Organic oxygen compounds	1.000	Organooxygen compounds	1.000	Carbohydrates and carbohydrate conjugates	0.995	Disaccharides	0.766	Disaccharides	0.766	Organic compounds; Organoheterocyclic compounds; Carbohydrates and carbohydrate conjugates; Lipids and lipid-like molecules; Alcohols and polyols; Ethers; Organic acids and derivatives; Carboxylic acids and derivatives; Primary alcohols; Organooxygen compounds; Fatty acid esters; Carboxylic acid derivatives; Monocarboxylic acids and derivatives; Carboxylic acid esters; Disaccharides; Acetals; Secondary alcohols; Carbonyl compounds; Oxanes; Glycosyl compounds; O-glycosyl compounds; Polyols; Fatty Acyls; Organic oxides; Oxacyclic compounds; Hydrocarbon derivatives; Organic oxygen compounds; Chemical entities	703.385	540	8.993	816975106919109447	816973453368984649	816973453368984648	2238	
2	C21H38O3	[M + H]+	C21H39O3+	Fatty acids	0.540	Diterpenoids	0.686	Monoacylglycerols	0.187	Lipids and lipid-like molecules	0.967	Prenol lipids	0.710	Diterpenoids	0.638			Diterpenoids	0.638	Organic compounds; Lipids and lipid-like molecules; Alcohols and polyols; Prenol lipids; Organic acids and derivatives; Carboxylic acids and derivatives; Primary alcohols; Organooxygen compounds; Carboxylic acid derivatives; Monocarboxylic acids and derivatives; Carboxylic acid esters; Diterpenoids; Secondary alcohols; Fatty alcohol esters; Carbonyl compounds; Fatty Acyls; Organic oxides; Hydrocarbon derivatives; Organic oxygen compounds; Chemical entities	339.288	540	8.994	816975100371800259	816973453457065043	816973453457065042	2242	
2	C21H42O5	[M - H2O + H]+	C21H41O4+	Fatty acids	1.000	Glycerolipids	0.984	Monoacylglycerols	0.995	Lipids and lipid-like molecules	0.999	Glycerolipids	0.981	Monoradylglycerols	0.989	Monoacylglycerols	0.987	1-monoacylglycerols	0.946	Organic compounds; Lipids and lipid-like molecules; Alcohols and polyols; Glycerolipids; Organic acids and derivatives; Carboxylic acids and derivatives; Primary alcohols; Organooxygen compounds; Fatty acid esters; Carboxylic acid derivatives; Monoacylglycerols; Monocarboxylic acids and derivatives; Carboxylic acid esters; 1-monoacylglycerols; Secondary alcohols; Carbonyl compounds; Polyols; 1,2-diols; Monoradylglycerols; Fatty Acyls; Organic oxides; Hydrocarbon derivatives; Organic oxygen compounds; Chemical entities	357.298	540	8.997	816975107858633675	816973453490619480	816973453490619479	2249	
1	C33H60O14	[M + H3N + H]+	C33H64NO14+	Fatty acids	1.000	Glycerolipids	0.999	Glycosyldiacylglycerols	0.752	Lipids and lipid-like molecules	0.995	Glycerolipids	0.956	Glycosylglycerols	0.995	Glycosyldiradylglycerols	0.549	Glycosyldiradylglycerols	0.549	Organic compounds; Organoheterocyclic compounds; Carbohydrates and carbohydrate conjugates; Lipids and lipid-like molecules; Alcohols and polyols; Glycerolipids; Ethers; Organic acids and derivatives; Carboxylic acids and derivatives; Primary alcohols; Organooxygen compounds; Fatty acid esters; Glycosylglycerols; Carboxylic acid derivatives; Monocarboxylic acids and derivatives; Carboxylic acid esters; Disaccharides; Acetals; Secondary alcohols; Fatty acyl glycosides; Carbonyl compounds; Oxanes; Glycosyl compounds; O-glycosyl compounds; Polyols; Glycosyldiradylglycerols; Fatty Acyls; Organic oxides; Oxacyclic compounds; Hydrocarbon derivatives; Organic oxygen compounds; Chemical entities	698.430	540	8.999	816975095636430876	816973453528368221	816973453528368220	2251	
1	C22H44O6	[M + Na]+	C22H44NaO6+	Fatty acids	0.992	Glycerolipids	0.518	Fatty alcohols	0.466	Lipids and lipid-like molecules	0.945	Fatty Acyls	0.915	Fatty acid esters	0.583			Fatty acid esters	0.583	Organic compounds; Lipids and lipid-like molecules; Alcohols and polyols; Ethers; Organic acids and derivatives; Carboxylic acids and derivatives; Primary alcohols; Organooxygen compounds; Fatty acid esters; Carboxylic acid derivatives; Monocarboxylic acids and derivatives; Dialkyl ethers; Carboxylic acid esters; Secondary alcohols; Carbonyl compounds; Polyols; Fatty Acyls; Organic oxides; Hydrocarbon derivatives; Organic oxygen compounds; Chemical entities	427.304	541	9.010	816975083166764007	816973453603865703	816973453603865702	2258	
1	C21H36O4	[M + H]+	C21H37O4+	Fatty acids	0.999	Glycerolipids	0.988	Monoacylglycerols	0.993	Lipids and lipid-like molecules	0.998	Fatty Acyls	0.981	Lineolic acids and derivatives	0.509			Lineolic acids and derivatives	0.509	Organic compounds; Lipids and lipid-like molecules; Alcohols and polyols; Glycerolipids; Organic acids and derivatives; Carboxylic acids and derivatives; Primary alcohols; Organooxygen compounds; Fatty acid esters; Lineolic acids and derivatives; Carboxylic acid derivatives; Monoacylglycerols; Monocarboxylic acids and derivatives; Carboxylic acid esters; 1-monoacylglycerols; Secondary alcohols; Carbonyl compounds; Polyols; 1,2-diols; Monoradylglycerols; Fatty Acyls; Organic oxides; Hydrocarbon derivatives; Organic oxygen compounds; Chemical entities	353.267	541	9.024	816975105937642244	816973453717111921	816973453717111920	2269	
1	C21H36O4	[M + H3N + H]+	C21H40NO4+	Fatty acids	0.999	Glycerolipids	0.996	Monoacylglycerols	0.993	Lipids and lipid-like molecules	0.997	Glycerolipids	0.990	Monoradylglycerols	0.988	Monoacylglycerols	0.980	1-monoacylglycerols	0.867	Organic compounds; Lipids and lipid-like molecules; Alcohols and polyols; Glycerolipids; Organic acids and derivatives; Carboxylic acids and derivatives; Primary alcohols; Organooxygen compounds; Fatty acid esters; Carboxylic acid derivatives; Monoacylglycerols; Monocarboxylic acids and derivatives; Carboxylic acid esters; 1-monoacylglycerols; 2-monoacylglycerols; Secondary alcohols; Carbonyl compounds; Polyols; 1,2-diols; Monoradylglycerols; Fatty Acyls; Organic oxides; Hydrocarbon derivatives; Organic oxygen compounds; Chemical entities	370.294	541	9.024	816975118356977451	816973453754860662	816973453750666357	2270	
1	C16H30O	[M + Na]+	C16H30NaO+	Terpenoids	0.953	Sesquiterpenoids	0.889	Eudesmane sesquiterpenoids	0.244	Lipids and lipid-like molecules	0.872	Prenol lipids	0.699	Sesquiterpenoids	0.595			Sesquiterpenoids	0.595	Organic compounds; Lipids and lipid-like molecules; Alcohols and polyols; Prenol lipids; Organooxygen compounds; Cyclic alcohols and derivatives; Sesquiterpenoids; Tertiary alcohols; Hydrocarbon derivatives; Organic oxygen compounds; Chemical entities	261.220	541	9.025	816975106633896753	816973453805192315	816973453805192314	2272	
1	C21H36O4	[M - H2O + H]+	C21H35O3+	Terpenoids	0.733	Diterpenoids	0.703	Tetracyclic diterpenoids	0.079	Lipids and lipid-like molecules	0.904	Prenol lipids	0.561	Diterpenoids	0.544			Diterpenoids	0.544	Organic compounds; Lipids and lipid-like molecules; Alcohols and polyols; Prenol lipids; Organic acids and derivatives; Carboxylic acids and derivatives; Organooxygen compounds; Carboxylic acid derivatives; Monocarboxylic acids and derivatives; Carboxylic acid esters; Diterpenoids; Secondary alcohols; Carbonyl compounds; Fatty Acyls; Organic oxides; Hydrocarbon derivatives; Organic oxygen compounds; Chemical entities	335.256	542	9.026	816975105035866688	816973453905855621	816973453905855620	2278	
5	C13H30N4	[M + Na]+	C13H30N4Na+	Alkaloids	0.889	Guanidine alkaloids	0.556	Tricyclic guanidine alkaloids	0.099	Organic nitrogen compounds	1.000	Organonitrogen compounds	1.000	Guanidines	0.795			Guanidines	0.795	Organic compounds; Organonitrogen compounds; Guanidines; Carboximidamides; Hydrocarbon derivatives; Organopnictogen compounds; Organic nitrogen compounds; Chemical entities	265.235	542	9.027	816975105488851654	816973453985547407	816973453981353102	2300	
1	C29H40O6	[M + H]+	C29H41O6+	Terpenoids	0.517	Triterpenoids	0.274	Other polyketide meroterpenoids	0.027	Benzenoids	0.638							Benzenoids	0.638	Organic compounds; Organoheterocyclic compounds; Lipids and lipid-like molecules; Alcohols and polyols; Ethers; Prenol lipids; Organic acids and derivatives; Carboxylic acids and derivatives; Organooxygen compounds; Carboxylic acid derivatives; Carboxylic acid esters; Secondary alcohols; Carbonyl compounds; Benzenoids; Organic oxides; Hydrocarbon derivatives; Organic oxygen compounds; Chemical entities	485.288	543	9.049	816975114296890747	816973454052656281	816973454052656280	2293	
1	C22H43NO2	[M - H2O + H]+	C22H42NO+	Fatty acids	0.996	Fatty amides	0.786	N-acyl ethanolamines (endocannabinoids)	0.480	Lipids and lipid-like molecules	0.774							Lipids and lipid-like molecules	0.774	Organic compounds; Lipids and lipid-like molecules; Alcohols and polyols; Organonitrogen compounds; Primary alcohols; Organooxygen compounds; Secondary alcohols; 1,2-aminoalcohols; Amines; Alkanolamines; Hydrocarbon derivatives; Organopnictogen compounds; Organic oxygen compounds; Organic nitrogen compounds; Chemical entities	336.325	543	9.057	816975119262947297	816973454153319592	816973454153319591	2302	
1	C32H64O8	[M + Na]+	C32H64NaO8+	Fatty acids	0.877	Glycerolipids	0.638	Fatty alcohols	0.233	Lipids and lipid-like molecules	0.971	Fatty Acyls	0.941	Fatty alcohols	0.574			Fatty alcohols	0.574	Organic compounds; Lipids and lipid-like molecules; Alcohols and polyols; Glycerolipids; Organic acids and derivatives; Carboxylic acids and derivatives; Primary alcohols; Organooxygen compounds; Fatty acid esters; Carboxylic acid derivatives; Carboxylic acid esters; Fatty alcohols; Secondary alcohols; Carbonyl compounds; Fatty Acyls; Organic oxides; Hydrocarbon derivatives; Organic oxygen compounds; Chemical entities	599.451	543	9.058	816975129018901637	816973454191068333	816973454191068332	2305	
2	C29H48O2	[M + H]+	C29H49O2+	Terpenoids	1.000	Meroterpenoids	1.000	Prenyl quinone meroterpenoids	1.000	Lipids and lipid-like molecules	0.941	Prenol lipids	0.965	Quinone and hydroquinone lipids	0.999	Vitamin E compounds	0.999	Tocopherols	0.936	Organic compounds; Organoheterocyclic compounds; Lipids and lipid-like molecules; Benzopyrans; Alkyl aryl ethers; Phenols; Tocopherols; Ethers; Prenol lipids; Organooxygen compounds; Quinone and hydroquinone lipids; Vitamin E compounds; Diterpenoids; Benzenoids; 1-benzopyrans; Oxacyclic compounds; Hydrocarbon derivatives; Organic oxygen compounds; Chemical entities	429.371	544	9.059	816975129027290257	816973454224622770	816973454224622769	2303	
2	C39H66O8	[M + H]+	C39H67O8+	Polyketides	0.352	Linear polyketides	0.126	Open-chain polyketides	0.171	Lipids and lipid-like molecules	0.875	Fatty Acyls	0.651					Fatty Acyls	0.651	Organic compounds; Organoheterocyclic compounds; Lipids and lipid-like molecules; Alcohols and polyols; Ethers; Organic acids and derivatives; Carboxylic acids and derivatives; Organooxygen compounds; Carboxylic acid derivatives; Carboxylic acid esters; Secondary alcohols; Carbonyl compounds; Fatty Acyls; Organic oxides; Oxacyclic compounds; Hydrocarbon derivatives; Organic oxygen compounds; Chemical entities	663.489	544	9.063	816975142256126929	816973454262371511	816973454262371510	2304	
1	C20H37NO2	[M + H]+	C20H38NO2+	Fatty acids	0.976	Fatty amides	0.910	N-acyl ethanolamines (endocannabinoids)	0.968	Lipids and lipid-like molecules	0.803	Fatty Acyls	0.615	Fatty amides	0.612	N-acyl amines	0.563	N-acyl amines	0.563	Organic compounds; Lipids and lipid-like molecules; Alcohols and polyols; Organic acids and derivatives; Carboxylic acids and derivatives; Organonitrogen compounds; Organooxygen compounds; Fatty amides; Carboxylic acid amides; Carboxylic acid derivatives; N-acyl amines; N-acylethanolamines; Secondary carboxylic acid amides; Carbonyl compounds; 1,2-aminoalcohols; Amines; Alkanolamines; Fatty Acyls; Organic oxides; Hydrocarbon derivatives; Organopnictogen compounds; Organic oxygen compounds; Organic nitrogen compounds; Chemical entities	324.288	544	9.069	816975165178000480	816973454295925948	816973454295925947	2306	
2	C18H36O4	[M + CH2O2 + H]+	C19H39O6+	Fatty acids	0.996	Fatty esters	0.674	Monoacylglycerols	0.782	Lipids and lipid-like molecules	0.969	Fatty Acyls	0.956	Fatty acid esters	0.851			Fatty acid esters	0.851	Organic compounds; Lipids and lipid-like molecules; Alcohols and polyols; Organic acids and derivatives; Carboxylic acids and derivatives; Organooxygen compounds; Fatty acid esters; Carboxylic acid derivatives; Monocarboxylic acids and derivatives; Dialkyl ethers; Carboxylic acid esters; Carbonyl compounds; Fatty Acyls; Organic oxides; Hydrocarbon derivatives; Organic oxygen compounds; Chemical entities	363.277	544	9.070	816975138753882853	816973454337868993	816973454337868992	2314	
1	C26H28O	[M + H]+	C26H29O+	Terpenoids	0.797	Meroterpenoids	0.380	Prenyl quinone meroterpenoids	0.361	Lipids and lipid-like molecules	0.761	Prenol lipids	0.777	Diterpenoids	0.599			Diterpenoids	0.599	Organic compounds; Lipids and lipid-like molecules; Naphthalenes; Ketones; Naphthoquinones; Prenol lipids; Organooxygen compounds; Vitamin K compounds; Diterpenoids; Carbonyl compounds; Benzenoids; Aryl ketones; Organic oxides; Hydrocarbon derivatives; Organic oxygen compounds; Chemical entities	357.224	544	9.073	816975145271831650	816973454409172171	816973454409172170	2311	
1	C21H44NO7P	[M + H]+	C21H45NO7P+	Fatty acids	1.000	Glycerophospholipids	1.000	Glycerophosphoethanolamines	1.000	Organic acids and derivatives	0.999	Carboxylic acids and derivatives	0.997	Amino acids, peptides, and analogues	0.989	Amino acids and derivatives	0.989	Amino acids and derivatives	0.989	Organic compounds; Lipids and lipid-like molecules; Amino acids, peptides, and analogues; Alcohols and polyols; Glycerophospholipids; Organic acids and derivatives; Carboxylic acids and derivatives; Organonitrogen compounds; Organooxygen compounds; Fatty acid esters; Amino acids and derivatives; Organic phosphoric acids and derivatives; Phosphate esters; Monoalkylamines; Carboxylic acid derivatives; Monocarboxylic acids and derivatives; Carboxylic acid esters; Phosphoethanolamines; Lysophosphatidylethanolamines; Secondary alcohols; 1-acyl-sn-glycero-3-phosphoethanolamines; Carbonyl compounds; Glycerophosphoethanolamines; Amines; Primary amines; Alkyl phosphates; Dialkyl phosphates; Fatty Acyls; Organic oxides; Hydrocarbon derivatives; Organopnictogen compounds; Organic oxygen compounds; Organic nitrogen compounds; Chemical entities	454.291	545	9.078	816975133875906716	816973454442726608	816973454442726607	2323	
2	C19H36O4	[M + H]+	C19H37O4+	Fatty acids	0.997	Fatty acyls	0.882	Fatty alcohols	0.938	Lipids and lipid-like molecules	0.980	Fatty Acyls	0.956	Fatty alcohols	0.711	Long-chain fatty alcohols	0.700	Long-chain fatty alcohols	0.700	Organic compounds; Lipids and lipid-like molecules; Alcohols and polyols; Glycerolipids; Organic acids and derivatives; Carboxylic acids and derivatives; Primary alcohols; Organooxygen compounds; Fatty acid esters; Carboxylic acid derivatives; Monoacylglycerols; Monocarboxylic acids and derivatives; Carboxylic acid esters; Fatty alcohols; 1-monoacylglycerols; Secondary alcohols; Fatty alcohol esters; Carbonyl compounds; Polyols; 1,2-diols; Long-chain fatty alcohols; Monoradylglycerols; Fatty Acyls; Organic oxides; Hydrocarbon derivatives; Organic oxygen compounds; Chemical entities	329.267	545	9.083	816975161780613738	816973454514029786	816973454514029785	2332	
1	C14H30BN3O5	[M + H]+	C14H31BN3O5+	Amino acids and Peptides	0.645	Small peptides	0.815	Pinane monoterpenoids	0.225	Organic acids and derivatives	0.952	Carboxylic acids and derivatives	0.571	Amino acids, peptides, and analogues	0.670	Amino acids and derivatives	0.666	Alpha amino acid amides	0.541	Organic compounds; Lipids and lipid-like molecules; Amino acids, peptides, and analogues; Alpha amino acids and derivatives; Organic acids and derivatives; Carboxylic acids and derivatives; Organonitrogen compounds; Organooxygen compounds; Amino acids and derivatives; Boronic acids; Organometallic compounds; Boronic acid derivatives; Organometalloid compounds; Secondary carboxylic acid amides; Carbonyl compounds; Alpha amino acid amides; Organoboron compounds; Organic salts; Organic oxides; Organic metalloid salts; Organic metal salts; Hydrocarbon derivatives; Organopnictogen compounds; Alkylboranes; Monoalkylboranes; Organic oxygen compounds; Organic nitrogen compounds; Chemical entities	331.241	545	9.084	816975136627370464	816973454555972831	816973454555972830	2382	
1	C16H34N2O6	[M + H]+	C16H35N2O6+	Amino acids and Peptides	0.684	Small peptides	0.670	Dipeptides	0.465	Organic acids and derivatives	0.999	Carboxylic acids and derivatives	0.994	Amino acids, peptides, and analogues	0.870	Amino acids and derivatives	0.866	N-acyl-alpha amino acids and derivatives	0.533	Organic compounds; Lipids and lipid-like molecules; Amino acids, peptides, and analogues; Alpha amino acids and derivatives; Fatty acids and conjugates; Organic acids and derivatives; Carboxylic acids and derivatives; Organonitrogen compounds; Organooxygen compounds; Fatty amides; Amino acids and derivatives; Monoalkylamines; Carboxylic acid amides; Carboxylic acid derivatives; N-acyl amines; Monocarboxylic acids and derivatives; N-acyl-alpha amino acids and derivatives; Carboxylic acids; Secondary carboxylic acid amides; Carbonyl compounds; Amines; Primary amines; Fatty Acyls; Organic oxides; Hydrocarbon derivatives; Amino acids; Organopnictogen compounds; Organic oxygen compounds; Organic nitrogen compounds; Chemical entities	351.250	545	9.085	816975167254181140	816973454610498788	816973454610498787	2333	
1	C21H46OSi	[M + H]+	C21H47OSi+	Fatty acids	0.995	Fatty acyls	0.972	Fatty alcohols	0.947	Lipids and lipid-like molecules	0.576	Fatty Acyls	0.582					Fatty Acyls	0.582	Organic compounds; Lipids and lipid-like molecules; Alcohols and polyols; Primary alcohols; Organooxygen compounds; Fatty Acyls; Hydrocarbon derivatives; Organic oxygen compounds; Chemical entities	343.338	545	9.086	816975155275247827	816973454656636137	816973454652441832	2331	
1	C23H46NO7P	[M + H]+	C23H47NO7P+	Fatty acids	1.000	Glycerophospholipids	1.000	Glycerophosphoethanolamines	0.998	Organic acids and derivatives	0.999	Carboxylic acids and derivatives	0.997	Amino acids, peptides, and analogues	0.981	Amino acids and derivatives	0.981	Amino acids and derivatives	0.981	Organic compounds; Lipids and lipid-like molecules; Amino acids, peptides, and analogues; Alcohols and polyols; Glycerophospholipids; Organic acids and derivatives; Carboxylic acids and derivatives; Organonitrogen compounds; Organooxygen compounds; Fatty acid esters; Amino acids and derivatives; Organic phosphoric acids and derivatives; Phosphate esters; Monoalkylamines; Carboxylic acid derivatives; Monocarboxylic acids and derivatives; Carboxylic acid esters; Phosphoethanolamines; Lysophosphatidylethanolamines; Secondary alcohols; 1-acyl-sn-glycero-3-phosphoethanolamines; Carbonyl compounds; Glycerophosphoethanolamines; Amines; Primary amines; Alkyl phosphates; Dialkyl phosphates; Fatty Acyls; Organic oxides; Hydrocarbon derivatives; Organopnictogen compounds; Organic oxygen compounds; Organic nitrogen compounds; Chemical entities	480.307	545	9.092	816975160648151656	816973454711162094	816973454711162093	2338	
2	C24H44O6	[M + H]+	C24H45O6+	Terpenoids	0.924	Meroterpenoids	0.336	Prenyl quinone meroterpenoids	0.609	Lipids and lipid-like molecules	0.900	Prenol lipids	0.674	Diterpenoids	0.597			Diterpenoids	0.597	Organic compounds; Organoheterocyclic compounds; Lipids and lipid-like molecules; Alcohols and polyols; Ethers; Prenol lipids; Organic acids and derivatives; Carboxylic acids and derivatives; Organooxygen compounds; Fatty acid esters; Carboxylic acid derivatives; Monocarboxylic acids and derivatives; Carboxylic acid esters; Diterpenoids; Carbonyl compounds; Benzenoids; Fatty Acyls; Organic oxides; Oxacyclic compounds; Hydrocarbon derivatives; Organic oxygen compounds; Chemical entities	429.317	546	9.092	816975169707849480	816973454753105139	816973454748910834	2340	
2	C36H70O7S	[M + H]+	C36H71O7S+	Polyketides	0.719	Macrolides	0.581	Macrolide lactones	0.080	Organic acids and derivatives	0.949	Carboxylic acids and derivatives	0.908	Dicarboxylic acids and derivatives	0.589			Dicarboxylic acids and derivatives	0.589	Organic compounds; Organoheterocyclic compounds; Organosulfur compounds; Lipids and lipid-like molecules; Organic acids and derivatives; Carboxylic acids and derivatives; Organooxygen compounds; Dicarboxylic acids and derivatives; Carboxylic acid derivatives; Thioethers; Carboxylic acid esters; Carbonyl compounds; Dialkylthioethers; Organic oxides; Hydrocarbon derivatives; Organic oxygen compounds; Chemical entities	647.493	547	9.111	816975164532077579	816973454824408317	816973454820214012	2342	
2	C21H42O5	[M - H2O + H]+	C21H41O4+	Fatty acids	1.000	Glycerolipids	0.994	Monoacylglycerols	0.998	Lipids and lipid-like molecules	0.999	Glycerolipids	0.990	Monoradylglycerols	0.995	Monoacylglycerols	0.992	1-monoacylglycerols	0.961	Organic compounds; Lipids and lipid-like molecules; Alcohols and polyols; Glycerolipids; Organic acids and derivatives; Carboxylic acids and derivatives; Primary alcohols; Organooxygen compounds; Fatty acid esters; Carboxylic acid derivatives; Monoacylglycerols; Monocarboxylic acids and derivatives; Carboxylic acid esters; 1-monoacylglycerols; Secondary alcohols; Carbonyl compounds; Polyols; 1,2-diols; Monoradylglycerols; Fatty Acyls; Organic oxides; Hydrocarbon derivatives; Organic oxygen compounds; Chemical entities	357.298	547	9.112	816975160455213658	816973454857962754	816973454857962753	2349	
1	C27H50O9	[M + Na]+	C27H50NaO9+	Fatty acids	0.999	Glycerolipids	0.991	Glycosyldiacylglycerols	0.418	Lipids and lipid-like molecules	0.987	Glycerolipids	0.942	Glycosylglycerols	0.918			Glycosylglycerols	0.918	Organic compounds; Organoheterocyclic compounds; Carbohydrates and carbohydrate conjugates; Lipids and lipid-like molecules; Alcohols and polyols; Glycerolipids; Ethers; Organic acids and derivatives; Carboxylic acids and derivatives; Primary alcohols; Organooxygen compounds; Fatty acid esters; Dicarboxylic acids and derivatives; Glycosylglycerols; Carboxylic acid derivatives; Carboxylic acid esters; Monosaccharides; Acetals; Secondary alcohols; Carbonyl compounds; Oxanes; Glycosyl compounds; O-glycosyl compounds; Polyols; Fatty Acyls; Organic oxides; Oxacyclic compounds; Hydrocarbon derivatives; Organic oxygen compounds; Chemical entities	541.333	547	9.113	816975165161223251	816973454891517191	816973454891517190	2350	
1	C21H38O3	[M + H]+	C21H39O3+	Terpenoids	0.781	Diterpenoids	0.753	Labdane diterpenoids	0.689	Lipids and lipid-like molecules	0.957	Prenol lipids	0.710	Diterpenoids	0.676			Diterpenoids	0.676	Organic compounds; Lipids and lipid-like molecules; Alcohols and polyols; Prenol lipids; Organic acids and derivatives; Carboxylic acids and derivatives; Organooxygen compounds; Monocarboxylic acids and derivatives; Cyclic alcohols and derivatives; Diterpenoids; Secondary alcohols; Carbonyl compounds; Fatty Acyls; Organic oxides; Hydrocarbon derivatives; Organic oxygen compounds; Chemical entities	339.288	547	9.114	816975160019005998	816973454933460236	816973454933460235	2352	
2	C23H46N6O7	[M - H2O + H]+	C23H45N6O6+	Amino acids and Peptides	0.946	Oligopeptides	0.768	Linear peptides	0.640	Organic acids and derivatives	0.983	Carboxylic acids and derivatives	0.963	Amino acids, peptides, and analogues	0.948	Peptides	0.848	Oligopeptides	0.646	Organic compounds; Lipids and lipid-like molecules; Amino acids, peptides, and analogues; Alpha amino acids and derivatives; Alcohols and polyols; Organic acids and derivatives; Carboxylic acids and derivatives; Organonitrogen compounds; Primary alcohols; Organooxygen compounds; Fatty amides; Amino acids and derivatives; Peptides; Guanidines; Monoalkylamines; Carboxylic acid amides; Carboxylic acid derivatives; N-acyl amines; Monocarboxylic acids and derivatives; N-acyl-alpha amino acids and derivatives; Carboxylic acids; Secondary carboxylic acid amides; Carbonyl compounds; Alpha amino acid amides; N-acyl-alpha amino acids; Amines; Primary amines; Carboximidamides; Organic 1,3-dipolar compounds; Fatty Acyls; Organic oxides; Hydrocarbon derivatives; Amino acids; Serine and derivatives; Organopnictogen compounds; Organic oxygen compounds; Organic nitrogen compounds; Oligopeptides; Chemical entities	501.341	547	9.122	816975159381471644	816973454987986193	816973454987986192	2358	
1	C34H68N2O2	[M + Na]+	C34H68N2NaO2+	Fatty acids	0.959	Fatty amides	0.617	N-acyl ethanolamines (endocannabinoids)	0.230	Lipids and lipid-like molecules	0.895	Fatty Acyls	0.693	Fatty amides	0.725	N-acyl amines	0.659	N-acyl amines	0.659	Organic compounds; Lipids and lipid-like molecules; Organic acids and derivatives; Carboxylic acids and derivatives; Organonitrogen compounds; Organooxygen compounds; Fatty amides; Carboxylic acid amides; Carboxylic acid derivatives; N-acyl amines; Secondary carboxylic acid amides; Carbonyl compounds; Amines; Fatty Acyls; Organic oxides; Hydrocarbon derivatives; Organopnictogen compounds; Organic oxygen compounds; Organic nitrogen compounds; Chemical entities	559.513	548	9.131	816975182416591539	816973455218672943	816973455218672942	2363	
2	C19H33F	[M + H]+	C19H34F+	Terpenoids	0.981	Diterpenoids	0.582	Camphane monoterpenoids	0.031	Lipids and lipid-like molecules	0.749	Prenol lipids	0.700					Prenol lipids	0.700	Organic compounds; Lipids and lipid-like molecules; Prenol lipids; Organohalogen compounds; Organofluorides; Alkyl halides; Hydrocarbon derivatives; Hydrofluorocarbons; Chemical entities	281.265	548	9.131	816975181288323599	816973455256421684	816973455252227379	2369	
1	C18H30O	[M + H3N + H]+	C18H34NO+	Terpenoids	0.954	Diterpenoids	0.770	Norlabdane diterpenoids	0.115	Lipids and lipid-like molecules	0.908	Prenol lipids	0.773					Prenol lipids	0.773	Organic compounds; Lipids and lipid-like molecules; Alcohols and polyols; Prenol lipids; Organooxygen compounds; Carbonyl compounds; Hydrocarbon derivatives; Organic oxygen compounds; Chemical entities	280.262	548	9.134	816975182542420679	816973455294170425	816973455294170424	2370	
2	C14H31N3	[M + Na]+	C14H31N3Na+	Fatty acids	0.659	Fatty acyls	0.775	Fatty nitriles	0.160	Organic nitrogen compounds	0.947	Organonitrogen compounds	0.875					Organonitrogen compounds	0.875	Organic compounds; Organonitrogen compounds; Hydrocarbon derivatives; Organic nitrogen compounds; Chemical entities	264.239	548	9.141	816975178226481390	816973455382250819	816973455382250818	2376	
1	C18H30O	[M - H2O + H]+	C18H29+	Fatty acids	0.807	Fatty acyls	0.555	Fatty alcohols	0.601	Lipids and lipid-like molecules	0.825							Lipids and lipid-like molecules	0.825	Organic compounds; Lipids and lipid-like molecules; Alcohols and polyols; Organooxygen compounds; Carbonyl compounds; Organic oxides; Hydrocarbon derivatives; Organic oxygen compounds; Chemical entities	245.225	548	9.141	816975181179271669	816973455432582472	816973455432582471	2378	
1	C18H30O	[M + H]+	C18H31O+	Terpenoids	0.951	Diterpenoids	0.812	Norlabdane diterpenoids	0.199	Lipids and lipid-like molecules	0.869	Prenol lipids	0.753	Diterpenoids	0.541			Diterpenoids	0.541	Organic compounds; Lipids and lipid-like molecules; Alcohols and polyols; Prenol lipids; Organooxygen compounds; Diterpenoids; Carbonyl compounds; Organic oxides; Hydrocarbon derivatives; Organic oxygen compounds; Chemical entities	263.236	549	9.142	816975181405764131	816973455470331213	816973455470331212	2380	
1	C16H28O6	[M + Na]+	C16H28NaO6+	Terpenoids	0.893	Monoterpenoids	0.843	Iridoids monoterpenoids	0.609	Lipids and lipid-like molecules	0.805	Prenol lipids	0.573	Terpene glycosides	0.570			Terpene glycosides	0.570	Organic compounds; Organoheterocyclic compounds; Carbohydrates and carbohydrate conjugates; Lipids and lipid-like molecules; Alcohols and polyols; Ethers; Prenol lipids; Carboxylic acids and derivatives; Primary alcohols; Organooxygen compounds; Hexoses; Monosaccharides; Acetals; Secondary alcohols; Carbonyl compounds; Oxanes; Terpene glycosides; Glycosyl compounds; O-glycosyl compounds; Polyols; Organic oxides; Oxacyclic compounds; Hydrocarbon derivatives; Organic oxygen compounds; Chemical entities	339.177	549	9.145	816975182349482653	816973455516468562	816973455516468561	2383	
1	C32H65NO3	[M + H]+	C32H66NO3+	Fatty acids	1.000	Fatty amides	0.975	N-acyl amines	0.757	Lipids and lipid-like molecules	0.992	Fatty Acyls	0.991	Fatty amides	0.980	N-acyl amines	0.968	N-acyl amines	0.968	Organic compounds; Lipids and lipid-like molecules; Alcohols and polyols; Organic acids and derivatives; Carboxylic acids and derivatives; Organonitrogen compounds; Primary alcohols; Organooxygen compounds; Fatty amides; Carboxylic acid amides; Carboxylic acid derivatives; N-acyl amines; Monocarboxylic acids and derivatives; Secondary carboxylic acid amides; Carbonyl compounds; Fatty Acyls; Organic oxides; Hydrocarbon derivatives; Organopnictogen compounds; Organic oxygen compounds; Organic nitrogen compounds; Chemical entities	512.502	549	9.149	816975192713612852	816973455570994519	816973455570994518	2388	
1	C28H50	[M + Na]+	C28H50Na+	Terpenoids	0.991	Steroids	0.546	Cholestane steroids	0.583	Lipids and lipid-like molecules	0.988	Steroids and steroid derivatives	0.752					Steroids and steroid derivatives	0.752	Organic compounds; Lipids and lipid-like molecules; Steroids and steroid derivatives; Prenol lipids; Hydrocarbons; Olefins; Cyclic olefins; Polycyclic hydrocarbons; Unsaturated hydrocarbons; Unsaturated aliphatic hydrocarbons; Branched unsaturated hydrocarbons; Chemical entities	409.381	549	9.151	816975195368612641	816973455101232416	816973455101232415	2330	
1	C21H38O4	[M - H2O + H]+	C21H37O3+	Fatty acids	0.581	Diterpenoids	0.648	Fatty alcohols	0.197	Lipids and lipid-like molecules	0.966	Prenol lipids	0.604	Diterpenoids	0.622			Diterpenoids	0.622	Organic compounds; Lipids and lipid-like molecules; Alcohols and polyols; Prenol lipids; Organic acids and derivatives; Carboxylic acids and derivatives; Primary alcohols; Organooxygen compounds; Carboxylic acid derivatives; Monocarboxylic acids and derivatives; Carboxylic acid esters; Diterpenoids; Secondary alcohols; Carbonyl compounds; Fatty Acyls; Organic oxides; Hydrocarbon derivatives; Organic oxygen compounds; Chemical entities	337.272	550	9.161	816975195402167111	816973455646492001	816973455646492000	2399	
2	C35H66N2O2	[M + H]+	C35H67N2O2+	Fatty acids	1.000	Fatty amides	0.996	Primary amides	0.445	Lipids and lipid-like molecules	0.980	Fatty Acyls	0.973	Fatty amides	0.973	N-acyl amines	0.939	N-acyl amines	0.939	Organic compounds; Lipids and lipid-like molecules; Organic acids and derivatives; Carboxylic acids and derivatives; Organonitrogen compounds; Organooxygen compounds; Fatty amides; Carboxylic acid amides; Carboxylic acid derivatives; N-acyl amines; Secondary carboxylic acid amides; Carbonyl compounds; Fatty Acyls; Organic oxides; Hydrocarbon derivatives; Organopnictogen compounds; Organic oxygen compounds; Organic nitrogen compounds; Chemical entities	547.518	550	9.163	816975195414750062	816973455780709744	816973455780709743	2403	
1	C17H33NO	[M + H]+	C17H34NO+	Fatty acids	1.000	Fatty amides	0.999	Primary amides	0.997	Lipids and lipid-like molecules	0.853	Fatty Acyls	0.895	Fatty amides	0.873			Fatty amides	0.873	Organic compounds; Lipids and lipid-like molecules; Organic acids and derivatives; Carboxylic acids and derivatives; Organonitrogen compounds; Organooxygen compounds; Fatty amides; Carboxylic acid amides; Carboxylic acid derivatives; Primary carboxylic acid amides; Carbonyl compounds; Fatty Acyls; Organic oxides; Hydrocarbon derivatives; Organopnictogen compounds; Organic oxygen compounds; Organic nitrogen compounds; Chemical entities	268.262	550	9.171	816975202981275045	816973455822652789	816973455818458484	2410	
1	C21H38O4	[M + H]+	C21H39O4+	Fatty acids	0.999	Glycerolipids	0.978	Monoacylglycerols	0.978	Lipids and lipid-like molecules	0.998	Fatty Acyls	0.983	Lineolic acids and derivatives	0.599			Lineolic acids and derivatives	0.599	Organic compounds; Lipids and lipid-like molecules; Alcohols and polyols; Glycerolipids; Organic acids and derivatives; Carboxylic acids and derivatives; Primary alcohols; Organooxygen compounds; Fatty acid esters; Lineolic acids and derivatives; Carboxylic acid derivatives; Monoacylglycerols; Monocarboxylic acids and derivatives; Carboxylic acid esters; 1-monoacylglycerols; Secondary alcohols; Carbonyl compounds; Polyols; 1,2-diols; Monoradylglycerols; Fatty Acyls; Organic oxides; Hydrocarbon derivatives; Organic oxygen compounds; Chemical entities	355.282	550	9.173	816975209230789524	816973455860401530	816973455860401529	2397	
1	C26H48NO7P	[M + H]+	C26H49NO7P+	Fatty acids	1.000	Glycerophospholipids	1.000	Glycerophosphocholines	0.996	Lipids and lipid-like molecules	0.991	Glycerophospholipids	0.999	Glycerophosphocholines	0.997	Lysophosphatidylcholines	0.985	1-acyl-sn-glycero-3-phosphocholines	0.956	Organic compounds; Lipids and lipid-like molecules; Alcohols and polyols; Glycerophospholipids; Organic acids and derivatives; Carboxylic acids and derivatives; Organonitrogen compounds; Organooxygen compounds; Fatty acid esters; Organic phosphoric acids and derivatives; Phosphate esters; Quaternary ammonium salts; Cholines; Carboxylic acid derivatives; Monocarboxylic acids and derivatives; Carboxylic acid esters; Phosphocholines; Lysophosphatidylcholines; 1-acyl-sn-glycero-3-phosphocholines; Secondary alcohols; Carbonyl compounds; Glycerophosphocholines; Amines; Alkyl phosphates; Dialkyl phosphates; Organic cations; Organic salts; Fatty Acyls; Organic oxides; Hydrocarbon derivatives; Tetraalkylammonium salts; Organopnictogen compounds; Organic oxygen compounds; Organic nitrogen compounds; Chemical entities	518.322	551	9.175	816975206152169597	816973455898150271	816973455898150270	2413	
1	C26H48NO7P	[M + Na]+	C26H48NNaO7P+	Fatty acids	1.000	Glycerophospholipids	1.000	Glycerophosphocholines	0.999	Lipids and lipid-like molecules	0.987	Glycerophospholipids	0.999	Glycerophosphocholines	0.998	Lysophosphatidylcholines	0.985	1-acyl-sn-glycero-3-phosphocholines	0.974	Organic compounds; Lipids and lipid-like molecules; Alcohols and polyols; Glycerophospholipids; Organic acids and derivatives; Carboxylic acids and derivatives; Organonitrogen compounds; Organooxygen compounds; Fatty acid esters; Organic phosphoric acids and derivatives; Phosphate esters; Quaternary ammonium salts; Cholines; Carboxylic acid derivatives; Monocarboxylic acids and derivatives; Carboxylic acid esters; Phosphocholines; Lysophosphatidylcholines; 1-acyl-sn-glycero-3-phosphocholines; Secondary alcohols; Carbonyl compounds; Glycerophosphocholines; Amines; Alkyl phosphates; Dialkyl phosphates; Organic cations; Organic salts; Fatty Acyls; Organic oxides; Hydrocarbon derivatives; Tetraalkylammonium salts; Organopnictogen compounds; Organic oxygen compounds; Organic nitrogen compounds; Chemical entities	540.305	551	9.176	816975208907828034	816973455935899012	816973455935899011	2414	
1	C21H46OSi	[M + H]+	C21H47OSi+	Fatty acids	0.996	Fatty acyls	0.988	Fatty alcohols	0.973	Lipids and lipid-like molecules	0.535	Fatty Acyls	0.569	Fatty alcohols	0.501			Fatty alcohols	0.501	Organic compounds; Lipids and lipid-like molecules; Alcohols and polyols; Primary alcohols; Organooxygen compounds; Fatty alcohols; Fatty Acyls; Hydrocarbon derivatives; Organic oxygen compounds; Chemical entities	343.338	552	9.197	816975209012685656	816973456154002845	816973456154002844	2430	
1	C27H42O2	[M + Na]+	C27H42NaO2+	Terpenoids	0.998	Meroterpenoids	0.524	Prenyl quinone meroterpenoids	0.590	Lipids and lipid-like molecules	0.960	Prenol lipids	0.912	Quinone and hydroquinone lipids	0.514	Vitamin E compounds	0.733	Vitamin E compounds	0.733	Organic compounds; Organoheterocyclic compounds; Lipids and lipid-like molecules; Ethers; Prenol lipids; Organooxygen compounds; Monocarboxylic acids and derivatives; Quinone and hydroquinone lipids; Vitamin E compounds; Diterpenoids; Carbonyl compounds; Organic oxides; Oxacyclic compounds; Hydrocarbon derivatives; Organic oxygen compounds; Chemical entities	421.309	552	9.199	816975209893489654	816973456191751586	816973456191751585	2431	
1	C29H42O3	[M + H]+	C29H43O3+	Terpenoids	1.000	Meroterpenoids	0.998	Prenyl quinone meroterpenoids	0.999	Lipids and lipid-like molecules	0.914	Prenol lipids	0.911	Quinone and hydroquinone lipids	0.975	Vitamin E compounds	0.993	Vitamin E compounds	0.993	Organic compounds; Organoheterocyclic compounds; Lipids and lipid-like molecules; Benzopyrans; Alkyl aryl ethers; Ethers; Prenol lipids; Organic acids and derivatives; Carboxylic acids and derivatives; Organooxygen compounds; Carboxylic acid derivatives; Monocarboxylic acids and derivatives; Carboxylic acid esters; Quinone and hydroquinone lipids; Vitamin E compounds; Diterpenoids; Carbonyl compounds; Benzenoids; 1-benzopyrans; Organic oxides; Oxacyclic compounds; Hydrocarbon derivatives; Organic oxygen compounds; Chemical entities	439.319	552	9.205	816975207758588389	816973456229500327	816973456229500326	2435	
7	C27H44N4O2	[M + K]+	C27H44KN4O2+	Alkaloids	0.992	Tryptophan alkaloids	0.868	Pyrroloindole alkaloids	0.667	Organic acids and derivatives	0.848	Carboxylic acids and derivatives	0.820	Amino acids, peptides, and analogues	0.748	Amino acids and derivatives	0.749	Amino acids and derivatives	0.749	Organic compounds; Organoheterocyclic compounds; Amino acids, peptides, and analogues; Pyrrolidines; Organic acids and derivatives; Carboxylic acids and derivatives; Organonitrogen compounds; Alkaloids and derivatives; Organooxygen compounds; Amino acids and derivatives; Carboxylic acid derivatives; Carbonyl compounds; Trialkylamines; Amines; Tertiary amines; N-alkylpyrrolidines; Organic oxides; Azacyclic compounds; Heteroaromatic compounds; Hydrocarbon derivatives; Organopnictogen compounds; Organic oxygen compounds; Organic nitrogen compounds; Chemical entities	495.310	552	9.207	816975210690407531	816973456267249068	816973456263054763	2437	
1	C25H34N2O4	[M + H]+	C25H35N2O4+	Alkaloids	0.701	Tryptophan alkaloids	0.125	Open-chain polyketides	0.044	Organic acids and derivatives	0.924	Carboxylic acids and derivatives	0.864	Carboxylic acid derivatives	0.790	Carboxylic acid esters	0.682	Carboxylic acid esters	0.682	Organic compounds; Organoheterocyclic compounds; Organic acids and derivatives; Carboxylic acids and derivatives; Organonitrogen compounds; Organooxygen compounds; Carboxylic acid derivatives; Monocarboxylic acids and derivatives; Carboxylic acid esters; Carbonyl compounds; Organic oxides; Azacyclic compounds; Hydrocarbon derivatives; Organopnictogen compounds; Organic oxygen compounds; Organic nitrogen compounds; Chemical entities	427.262	553	9.212	816975210803653767	816973456304997809	816973456300803504	2440	
1	C27H50O9	[M + H3N + H]+	C27H54NO9+	Fatty acids	1.000	Glycerolipids	0.998	Glycosylmonoacylglycerols	0.438	Lipids and lipid-like molecules	0.997	Glycerolipids	0.971	Glycosylglycerols	0.990			Glycosylglycerols	0.990	Organic compounds; Organoheterocyclic compounds; Carbohydrates and carbohydrate conjugates; Lipids and lipid-like molecules; Alcohols and polyols; Glycerolipids; Ethers; Organic acids and derivatives; Carboxylic acids and derivatives; Primary alcohols; Organooxygen compounds; Fatty acid esters; Lineolic acids and derivatives; Glycosylglycerols; Carboxylic acid derivatives; Monocarboxylic acids and derivatives; Carboxylic acid esters; Hexoses; Monosaccharides; Acetals; Secondary alcohols; Fatty acyl glycosides; Carbonyl compounds; Oxanes; Glycosyl compounds; O-glycosyl compounds; Polyols; Fatty Acyls; Organic oxides; Oxacyclic compounds; Hydrocarbon derivatives; Organic oxygen compounds; Chemical entities	536.378	553	9.215	816975214192651775	816973456363718070	816973456363718069	2445	
1	C27H46O11	[M + H]+	C27H47O11+	Fatty acids	0.578	Fatty acyl glycosides	0.237	Fatty acyl glycosides of mono- and disaccharides	0.209	Organic oxygen compounds	1.000	Organooxygen compounds	0.999	Carbohydrates and carbohydrate conjugates	0.943	Glycosyl compounds	0.787	O-glycosyl compounds	0.809	Organic compounds; Organoheterocyclic compounds; Carbohydrates and carbohydrate conjugates; Lipids and lipid-like molecules; Alcohols and polyols; Ethers; Primary alcohols; Organooxygen compounds; Monosaccharides; Acetals; Secondary alcohols; Oxanes; Glycosyl compounds; O-glycosyl compounds; Polyols; Fatty Acyls; Oxacyclic compounds; Hydrocarbon derivatives; Organic oxygen compounds; Chemical entities	547.311	553	9.219	816975216335941357	816973456401466811	816973456401466810	2456	
2	C23H46N6O7	[M + Na]+	C23H46N6NaO7+	Carbohydrates	0.850	Nucleosides	0.301	Purine nucleosides	0.583	Organic oxygen compounds	1.000	Organooxygen compounds	0.999	Carbohydrates and carbohydrate conjugates	0.972	Monosaccharides	0.941	Hexoses	0.506	Organic compounds; Organoheterocyclic compounds; Carbohydrates and carbohydrate conjugates; Pyrimidines and pyrimidine derivatives; Imidazoles; Alcohols and polyols; Organonitrogen compounds; Primary alcohols; Organooxygen compounds; Azoles; Monoalkylamines; Aminopyrimidines and derivatives; Diazines; Hexoses; Monosaccharides; Secondary alcohols; Oxanes; Glycosyl compounds; Glycosylamines; Polyols; Amines; Primary amines; 6-aminopurines; Oxacyclic compounds; Heteroaromatic compounds; Hydrocarbon derivatives; Organopnictogen compounds; Organic oxygen compounds; Organic nitrogen compounds; Chemical entities	541.333	553	9.219	816975213714501058	816973456439215552	816973456439215551	2457	
1	C21H38O3	[M + H]+	C21H39O3+	Terpenoids	0.801	Diterpenoids	0.829	Labdane diterpenoids	0.856	Lipids and lipid-like molecules	0.954	Prenol lipids	0.743	Diterpenoids	0.739			Diterpenoids	0.739	Organic compounds; Lipids and lipid-like molecules; Alcohols and polyols; Prenol lipids; Organic acids and derivatives; Carboxylic acids and derivatives; Primary alcohols; Organooxygen compounds; Monocarboxylic acids and derivatives; Cyclic alcohols and derivatives; Diterpenoids; Secondary alcohols; Tertiary alcohols; Carbonyl compounds; Fatty Acyls; Organic oxides; Hydrocarbon derivatives; Organic oxygen compounds; Chemical entities	339.288	553	9.221	816975225584382154	816973456506324426	816973456506324425	2464	
2	C21H42O5	[M - H2O + H]+	C21H41O4+	Fatty acids	0.999	Fatty acyls	0.957	Fatty alcohols	0.989	Lipids and lipid-like molecules	0.991	Fatty Acyls	0.981	Fatty alcohols	0.845	Long-chain fatty alcohols	0.856	Long-chain fatty alcohols	0.856	Organic compounds; Lipids and lipid-like molecules; Alcohols and polyols; Organic acids and derivatives; Carboxylic acids and derivatives; Primary alcohols; Organooxygen compounds; Carboxylic acid derivatives; Monocarboxylic acids and derivatives; Carboxylic acid esters; Fatty alcohols; Secondary alcohols; Fatty alcohol esters; Carbonyl compounds; Polyols; Long-chain fatty alcohols; Fatty Acyls; Organic oxides; Hydrocarbon derivatives; Organic oxygen compounds; Chemical entities	357.298	553	9.221	816975249080874135	816973456539878863	816973456539878862	2465	
1	C23H46NO7P	[M + H]+	C23H47NO7P+	Fatty acids	1.000	Glycerophospholipids	1.000	Glycerophosphoethanolamines	0.998	Organic acids and derivatives	0.999	Carboxylic acids and derivatives	0.997	Amino acids, peptides, and analogues	0.985	Amino acids and derivatives	0.985	Amino acids and derivatives	0.985	Organic compounds; Lipids and lipid-like molecules; Amino acids, peptides, and analogues; Alcohols and polyols; Glycerophospholipids; Organic acids and derivatives; Carboxylic acids and derivatives; Organonitrogen compounds; Organooxygen compounds; Fatty acid esters; Amino acids and derivatives; Organic phosphoric acids and derivatives; Phosphate esters; Monoalkylamines; Carboxylic acid derivatives; Monocarboxylic acids and derivatives; Carboxylic acid esters; Phosphoethanolamines; Lysophosphatidylethanolamines; Secondary alcohols; 1-acyl-sn-glycero-3-phosphoethanolamines; Carbonyl compounds; Glycerophosphoethanolamines; Amines; Primary amines; Alkyl phosphates; Dialkyl phosphates; Fatty Acyls; Organic oxides; Hydrocarbon derivatives; Organopnictogen compounds; Organic oxygen compounds; Organic nitrogen compounds; Chemical entities	480.307	553	9.221	816975234400809512	816973456602793428	816973456598599123	2466	
1	C18H32O	[M + H]+	C18H33O+	Fatty acids	0.994	Fatty Acids and Conjugates	0.521	Unsaturated fatty acids	0.711	Lipids and lipid-like molecules	0.906	Fatty Acyls	0.775	Fatty acids and conjugates	0.207	Straight chain fatty acids	0.619	Straight chain fatty acids	0.619	Organic compounds; Lipids and lipid-like molecules; Organooxygen compounds; Straight chain fatty acids; Carbonyl compounds; Fatty Acyls; Organic oxides; Hydrocarbon derivatives; Organic oxygen compounds; Chemical entities	265.251	553	9.222	816975245675099159	816973456640542169	816973456640542168	2472	
4	C20H36N4O13	[M + H]+	C20H37N4O13+	Carbohydrates	0.979	Aminosugars and aminoglycosides	0.916	Aminoglycosides	0.716	Organic oxygen compounds	1.000	Organooxygen compounds	0.998	Carbohydrates and carbohydrate conjugates	0.874	Aminosaccharides	0.714	Aminoglycosides	0.547	Organic compounds; Organoheterocyclic compounds; Carbohydrates and carbohydrate conjugates; Lipids and lipid-like molecules; Alcohols and polyols; Ethers; Organic acids and derivatives; Carboxylic acids and derivatives; Organonitrogen compounds; Aminoglycosides; Primary alcohols; Organooxygen compounds; Carboxylic acid amides; Monosaccharides; Acetals; Secondary alcohols; Secondary carboxylic acid amides; Carbonyl compounds; Oxanes; Glycosyl compounds; O-glycosyl compounds; Polyols; Amines; Aminosaccharides; Organic oxides; Oxacyclic compounds; Hydrocarbon derivatives; Organopnictogen compounds; Organic oxygen compounds; Organic nitrogen compounds; Chemical entities	541.238	553	9.224	816975561707555382	816973456682485214	816973456682485213	2474	
1	C34H66N2O2	[M + H]+	C34H67N2O2+	Fatty acids	1.000	Fatty amides	0.999	N-acyl amines	0.803	Lipids and lipid-like molecules	0.988	Fatty Acyls	0.983	Fatty amides	0.986	N-acyl amines	0.969	N-acyl amines	0.969	Organic compounds; Lipids and lipid-like molecules; Organic acids and derivatives; Carboxylic acids and derivatives; Organonitrogen compounds; Organooxygen compounds; Fatty amides; Carboxylic acid amides; Carboxylic acid derivatives; N-acyl amines; Secondary carboxylic acid amides; Carbonyl compounds; Fatty Acyls; Organic oxides; Hydrocarbon derivatives; Organopnictogen compounds; Organic oxygen compounds; Organic nitrogen compounds; Chemical entities	535.516	554	9.235	816975245217919983	816973456716039651	816973456716039650	2411	
1	C35H66O3	[M + H]+	C35H67O3+	Fatty acids	0.981	Fatty esters	0.820	Wax monoesters	0.432	Lipids and lipid-like molecules	0.993	Fatty Acyls	0.957	Lineolic acids and derivatives	0.633			Lineolic acids and derivatives	0.633	Organic compounds; Lipids and lipid-like molecules; Alcohols and polyols; Organic acids and derivatives; Carboxylic acids and derivatives; Organooxygen compounds; Fatty acid esters; Lineolic acids and derivatives; Carboxylic acid derivatives; Monocarboxylic acids and derivatives; Carboxylic acid esters; Carbonyl compounds; Fatty Acyls; Organic oxides; Hydrocarbon derivatives; Organic oxygen compounds; Chemical entities	535.512	555	9.243	816975251232552192	816973456749594088	816973456749594087	2479	
1	C24H48NO7P	[M + H]+	C24H49NO7P+	Fatty acids	1.000	Glycerophospholipids	1.000	Glycerophosphocholines	0.999	Lipids and lipid-like molecules	0.994	Glycerophospholipids	0.999	Glycerophosphocholines	0.998	Lysophosphatidylcholines	0.997	1-acyl-sn-glycero-3-phosphocholines	0.990	Organic compounds; Lipids and lipid-like molecules; Alcohols and polyols; Glycerophospholipids; Organic acids and derivatives; Carboxylic acids and derivatives; Organonitrogen compounds; Organooxygen compounds; Fatty acid esters; Organic phosphoric acids and derivatives; Phosphate esters; Quaternary ammonium salts; Cholines; Carboxylic acid derivatives; Monocarboxylic acids and derivatives; Carboxylic acid esters; Phosphocholines; Lysophosphatidylcholines; 1-acyl-sn-glycero-3-phosphocholines; Secondary alcohols; Carbonyl compounds; Glycerophosphocholines; Amines; Alkyl phosphates; Dialkyl phosphates; Organic cations; Organic salts; Fatty Acyls; Organic oxides; Hydrocarbon derivatives; Tetraalkylammonium salts; Organopnictogen compounds; Organic oxygen compounds; Organic nitrogen compounds; Chemical entities	494.322	555	9.247	816975250766984416	816973456791537133	816973456791537132	2483	
1	C16H33NO	[M + H]+	C16H34NO+	Fatty acids	0.998	Fatty amides	0.996	Primary amides	0.981	Lipids and lipid-like molecules	0.821	Fatty Acyls	0.817	Fatty amides	0.855	N-acyl amines	0.530	N-acyl amines	0.530	Organic compounds; Lipids and lipid-like molecules; Organic acids and derivatives; Carboxylic acids and derivatives; Organonitrogen compounds; Organooxygen compounds; Fatty amides; Carboxylic acid amides; Carboxylic acid derivatives; N-acyl amines; Primary carboxylic acid amides; Tertiary carboxylic acid amides; Carbonyl compounds; Fatty Acyls; Organic oxides; Hydrocarbon derivatives; Organopnictogen compounds; Organic oxygen compounds; Organic nitrogen compounds; Chemical entities	256.262	555	9.255	816975257129743856	816973456997058049	816973456992863744	2490	
1	C18H31B	[M + Na]+	C18H31BNa+	Terpenoids	0.988	Monoterpenoids	0.817	Pinane monoterpenoids	0.677	Organoheterocyclic compounds	0.209	Metalloheterocyclic compounds	0.353	Borinanes	0.754			Borinanes	0.754	Organic compounds; Lipids and lipid-like molecules; Prenol lipids; Organometallic compounds; Organometalloid compounds; Organoboron compounds; Borinanes; Organic salts; Organic metalloid salts; Organic metal salts; Hydrocarbon derivatives; Alkylboranes; Dialkylboranes; Trialkylboranes; Chemical entities	280.243	555	9.256	816975269125454496	816973457131275782	816973457131275781	2534	
1	C21H38O4	[M - H2O + H]+	C21H37O3+	Terpenoids	0.534	Diterpenoids	0.652	Fatty alcohols	0.238	Lipids and lipid-like molecules	0.961	Prenol lipids	0.699	Diterpenoids	0.614			Diterpenoids	0.614	Organic compounds; Lipids and lipid-like molecules; Alcohols and polyols; Prenol lipids; Organic acids and derivatives; Carboxylic acids and derivatives; Primary alcohols; Organooxygen compounds; Monocarboxylic acids and derivatives; Carboxylic acid esters; Fatty alcohols; Diterpenoids; Secondary alcohols; Carbonyl compounds; Polyols; 1,2-diols; Long-chain fatty alcohols; Fatty Acyls; Organic oxides; Hydrocarbon derivatives; Organic oxygen compounds; Chemical entities	337.272	556	9.260	816975265363163487	816973457231939088	816973457231939087	2502	
1	C18H30O	[M + H]+	C18H31O+	Terpenoids	0.713	Diterpenoids	0.599	Norlabdane diterpenoids	0.170	Lipids and lipid-like molecules	0.874	Prenol lipids	0.558					Prenol lipids	0.558	Organic compounds; Lipids and lipid-like molecules; Prenol lipids; Organooxygen compounds; Carbonyl compounds; Organic oxides; Hydrocarbon derivatives; Organic oxygen compounds; Chemical entities	263.236	556	9.261	816975268265622091	816973457294853653	816973457294853652	2503	
3	C19H40O4	[M + Na]+	C19H40NaO4+	Fatty acids	1.000	Glycerolipids	0.993	Monoacylglycerols	0.989	Lipids and lipid-like molecules	0.994	Fatty Acyls	0.930	Fatty alcohols	0.642	Long-chain fatty alcohols	0.628	Long-chain fatty alcohols	0.628	Organic compounds; Lipids and lipid-like molecules; Alcohols and polyols; Glycerolipids; Primary alcohols; Organooxygen compounds; Monoacylglycerols; Monocarboxylic acids and derivatives; Carboxylic acid esters; Fatty alcohols; Secondary alcohols; Polyols; 1,2-diols; Long-chain fatty alcohols; Monoalkylglycerols; Monoradylglycerols; Fatty Acyls; Hydrocarbon derivatives; Organic oxygen compounds; Chemical entities	355.282	556	9.262	816975269603605231	816973457332602394	816973457332602393	2505	
2	C19H38O4	[M - H2O + H]+	C19H37O3+	Fatty acids	1.000	Glycerolipids	0.961	Monoacylglycerols	0.965	Lipids and lipid-like molecules	0.995	Glycerolipids	0.907	Monoradylglycerols	0.899	Monoacylglycerols	0.911	1-monoacylglycerols	0.727	Organic compounds; Lipids and lipid-like molecules; Alcohols and polyols; Glycerolipids; Organic acids and derivatives; Carboxylic acids and derivatives; Primary alcohols; Organooxygen compounds; Fatty acid esters; Carboxylic acid derivatives; Monoacylglycerols; Monocarboxylic acids and derivatives; Carboxylic acid esters; 1-monoacylglycerols; Secondary alcohols; Carbonyl compounds; 1,2-diols; Monoradylglycerols; Fatty Acyls; Organic oxides; Hydrocarbon derivatives; Organic oxygen compounds; Chemical entities	313.272	557	9.290	816975270148864800	816973457416488484	816973457416488483	2520	
1	C26H50NO7P	[M + H]+	C26H51NO7P+	Fatty acids	1.000	Glycerophospholipids	1.000	Glycerophosphocholines	0.996	Lipids and lipid-like molecules	0.988	Glycerophospholipids	0.999	Glycerophosphocholines	0.998	Lysophosphatidylcholines	0.970	1-acyl-sn-glycero-3-phosphocholines	0.913	Organic compounds; Lipids and lipid-like molecules; Alcohols and polyols; Glycerophospholipids; Organic acids and derivatives; Carboxylic acids and derivatives; Organonitrogen compounds; Organooxygen compounds; Fatty acid esters; Organic phosphoric acids and derivatives; Phosphate esters; Quaternary ammonium salts; Cholines; Carboxylic acid derivatives; Monocarboxylic acids and derivatives; Carboxylic acid esters; Phosphocholines; Lysophosphatidylcholines; 1-acyl-sn-glycero-3-phosphocholines; Secondary alcohols; Carbonyl compounds; Glycerophosphocholines; Amines; Alkyl phosphates; Dialkyl phosphates; Organic cations; Organic salts; Fatty Acyls; Organic oxides; Hydrocarbon derivatives; Tetraalkylammonium salts; Organopnictogen compounds; Organic oxygen compounds; Organic nitrogen compounds; Chemical entities	520.338	558	9.298	816975279191787019	816973457454237225	816973457454237224	2524	
1	C18H30O2	[M + H]+	C18H31O2+	Fatty acids	0.989	Fatty Acids and Conjugates	0.784	Unsaturated fatty acids	0.829	Lipids and lipid-like molecules	0.971	Fatty Acyls	0.902	Fatty acids and conjugates	0.809	Long-chain fatty acids	0.841	Long-chain fatty acids	0.841	Organic compounds; Lipids and lipid-like molecules; Fatty acids and conjugates; Organic acids and derivatives; Carboxylic acids and derivatives; Organooxygen compounds; Straight chain fatty acids; Unsaturated fatty acids; Monocarboxylic acids and derivatives; Carboxylic acids; Carbonyl compounds; Long-chain fatty acids; Fatty Acyls; Organic oxides; Hydrocarbon derivatives; Organic oxygen compounds; Chemical entities	279.231	558	9.303	816975304001098484	816973457491985966	816973457491985965	2529	
2	C18H30O2	[M - H2O + H]+	C18H29O+	Fatty acids	0.999	Fatty Acids and Conjugates	0.761	Unsaturated fatty acids	0.760	Lipids and lipid-like molecules	0.978	Fatty Acyls	0.947	Lineolic acids and derivatives	0.616			Lineolic acids and derivatives	0.616	Organic compounds; Lipids and lipid-like molecules; Fatty acids and conjugates; Organic acids and derivatives; Carboxylic acids and derivatives; Organooxygen compounds; Straight chain fatty acids; Unsaturated fatty acids; Lineolic acids and derivatives; Monocarboxylic acids and derivatives; Carboxylic acids; Carbonyl compounds; Long-chain fatty acids; Fatty Acyls; Organic oxides; Hydrocarbon derivatives; Organic oxygen compounds; Chemical entities	261.220	558	9.304	816975293074934787	816973457567483448	816973457567483447	2533	
3	C37H74O2	[M + K]+	C37H74KO2+	Terpenoids	0.950	Carotenoids (C40)	0.209	Carotenoids (C40, β-β)	0.229	Lipids and lipid-like molecules	0.987	Steroids and steroid derivatives	0.326	Steroid esters	0.473	Cholesteryl esters	0.517	Cholesteryl esters	0.517	Organic compounds; Lipids and lipid-like molecules; Prenol lipids; Organic acids and derivatives; Carboxylic acids and derivatives; Organooxygen compounds; Carboxylic acid derivatives; Monocarboxylic acids and derivatives; Carboxylic acid esters; Cholesteryl esters; Carbonyl compounds; Fatty Acyls; Organic oxides; Hydrocarbon derivatives; Organic oxygen compounds; Chemical entities	589.535	558	9.308	816975297801916051	816973457601037885	816973457601037884	2538	
2	C19H38O4	[M + H]+	C19H39O4+	Fatty acids	0.953	Fatty acyls	0.864	Fatty alcohols	0.954	Lipids and lipid-like molecules	0.957	Fatty Acyls	0.915	Fatty alcohols	0.716	Long-chain fatty alcohols	0.714	Long-chain fatty alcohols	0.714	Organic compounds; Lipids and lipid-like molecules; Alcohols and polyols; Organic acids and derivatives; Carboxylic acids and derivatives; Primary alcohols; Organooxygen compounds; Carboxylic acid derivatives; Monocarboxylic acids and derivatives; Carboxylic acid esters; Fatty alcohols; Secondary alcohols; Fatty alcohol esters; Carbonyl compounds; Polyols; 1,2-diols; Long-chain fatty alcohols; Fatty Acyls; Organic oxides; Hydrocarbon derivatives; Organic oxygen compounds; Chemical entities	331.283	559	9.315	816975288742218010	816973457718478412	816973457718478411	2519	
1	C38H71NO3	[M + H]+	C38H72NO3+	Fatty acids	1.000	Spingolipids	0.999	Ceramides	0.996	Lipids and lipid-like molecules	0.981	Sphingolipids	0.915	Ceramides	0.953	Long-chain ceramides	0.605	Long-chain ceramides	0.605	Organic compounds; Lipids and lipid-like molecules; Alcohols and polyols; Sphingolipids; Organic acids and derivatives; Carboxylic acids and derivatives; Organonitrogen compounds; Primary alcohols; Organooxygen compounds; Fatty amides; Carboxylic acid amides; Carboxylic acid derivatives; N-acyl amines; Ceramides; Secondary alcohols; Secondary carboxylic acid amides; Long-chain ceramides; Carbonyl compounds; Fatty Acyls; Organic oxides; Hydrocarbon derivatives; Organopnictogen compounds; Organic oxygen compounds; Organic nitrogen compounds; Chemical entities	590.546	559	9.319	816975297441205831	816973457760421457	816973457760421456	2548	
2	C14H24N4O2S	[M + Na]+	C14H24N4NaO2S+	Terpenoids	0.271	Histidine alkaloids	0.082	Menthane monoterpenoids	0.099	Organosulfur compounds	0.952	Thioethers	0.827	Aryl thioethers	0.697	Alkylarylthioethers	0.735	Alkylarylthioethers	0.735	Organic compounds; Organoheterocyclic compounds; Organosulfur compounds; Triazoles; Organonitrogen compounds; Organooxygen compounds; Azoles; Thioethers; Sulfenyl compounds; Alkylarylthioethers; Azacyclic compounds; Heteroaromatic compounds; Hydrocarbon derivatives; Organopnictogen compounds; Organic oxygen compounds; Aryl thioethers; Organic nitrogen compounds; Chemical entities	335.150	560	9.325	816975303028019667	816973457802364502	816973457802364501	2560	
2	C14H24F2O5	[M + Na]+	C14H24F2NaO5+	Fatty acids	0.894	Fatty Acids and Conjugates	0.481	Halogenated fatty acids	0.501	Lipids and lipid-like molecules	0.781	Fatty Acyls	0.751	Fatty acid esters	0.521			Fatty acid esters	0.521	Organic compounds; Lipids and lipid-like molecules; Organic acids and derivatives; Carboxylic acids and derivatives; Organohalogen compounds; Organooxygen compounds; Fatty acid esters; Alkyl fluorides; Carboxylic acid derivatives; Monocarboxylic acids and derivatives; Carboxylic acid esters; Organofluorides; Carbonyl compounds; Alkyl halides; Fatty Acyls; Organic oxides; Hydrocarbon derivatives; Organic oxygen compounds; Chemical entities	333.150	560	9.326	816975306643510629	816973457835918939	816973457835918938	2562	
1	C30H48	[M + H]+	C30H49+	Terpenoids	0.999	Triterpenoids	0.991	Lupane triterpenoids	0.365	Lipids and lipid-like molecules	0.988	Prenol lipids	0.946	Triterpenoids	0.807			Triterpenoids	0.807	Organic compounds; Lipids and lipid-like molecules; Prenol lipids; Triterpenoids; Hydrocarbons; Olefins; Cyclic olefins; Polycyclic hydrocarbons; Unsaturated hydrocarbons; Unsaturated aliphatic hydrocarbons; Branched unsaturated hydrocarbons; Chemical entities	409.381	560	9.327	816975295096589636	816973457869473376	816973457869473375	2563	
1	C21H46OSi	[M + H]+	C21H47OSi+	Fatty acids	0.993	Fatty acyls	0.911	Fatty alcohols	0.837	Lipids and lipid-like molecules	0.666	Fatty Acyls	0.531					Fatty Acyls	0.531	Organic compounds; Lipids and lipid-like molecules; Alcohols and polyols; Primary alcohols; Organooxygen compounds; Dialkyl ethers; Fatty Acyls; Hydrocarbon derivatives; Organic oxygen compounds; Chemical entities	343.338	560	9.339	816975287018358977	816973457978525290	816973457978525289	2573	
1	C35H68O4	[M + Na]+	C35H68NaO4+	Fatty acids	0.980	Glycerolipids	0.987	Monoacylglycerols	0.798	Lipids and lipid-like molecules	0.991	Fatty Acyls	0.872	Fatty acid esters	0.639			Fatty acid esters	0.639	Organic compounds; Lipids and lipid-like molecules; Alcohols and polyols; Glycerolipids; Organic acids and derivatives; Carboxylic acids and derivatives; Organooxygen compounds; Fatty acid esters; Carboxylic acid derivatives; Monocarboxylic acids and derivatives; Carboxylic acid esters; Secondary alcohols; Carbonyl compounds; Fatty Acyls; Organic oxides; Hydrocarbon derivatives; Organic oxygen compounds; Chemical entities	575.495	560	9.342	816975292919745506	816973458028856943	816973458028856942	2594	
1	C26H42O	[M + Na]+	C26H42NaO+	Terpenoids	0.853	Steroids	0.463	Cholestane steroids	0.129	Lipids and lipid-like molecules	0.919	Prenol lipids	0.527					Prenol lipids	0.527	Organic compounds; Lipids and lipid-like molecules; Alcohols and polyols; Prenol lipids; Organooxygen compounds; Hydrocarbon derivatives; Organic oxygen compounds; Chemical entities	393.314	561	9.343	816975293741829304	816973458133714553	816973458133714552	2578	
2	C31H64N8O4	[M + H]+	C31H65N8O4+	Fatty acids	0.878	Fatty amides	0.696	N-acyl amines	0.833	Organic acids and derivatives	0.999	Carboxylic acids and derivatives	0.996	Amino acids, peptides, and analogues	0.979	Amino acids and derivatives	0.977	N-acyl-alpha amino acids	0.872	Organic compounds; Lipids and lipid-like molecules; Amino acids, peptides, and analogues; Alpha amino acids and derivatives; Alcohols and polyols; Fatty acids and conjugates; Organic acids and derivatives; Carboxylic acids and derivatives; Organonitrogen compounds; Organooxygen compounds; Fatty amides; Amino acids and derivatives; Guanidines; Monoalkylamines; Carboxylic acid amides; Carboxylic acid derivatives; N-acyl amines; Monocarboxylic acids and derivatives; N-acyl-alpha amino acids and derivatives; Carboxylic acids; Secondary carboxylic acid amides; Carbonyl compounds; N-acyl-alpha amino acids; Amines; Primary amines; Carboximidamides; Organic 1,3-dipolar compounds; Propargyl-type 1,3-dipolar organic compounds; Fatty Acyls; Organic oxides; Hydrocarbon derivatives; Organopnictogen compounds; Organic oxygen compounds; Organic nitrogen compounds; Chemical entities	613.513	561	9.344	816975292227685220	816973458184046206	816973458184046205	2579	
1	C20H39NO2	[M + H]+	C20H40NO2+	Fatty acids	1.000	Fatty amides	0.844	Sphingoid bases	0.855	Organic nitrogen compounds	1.000	Organonitrogen compounds	1.000	Amines	0.865	Alkanolamines	0.877	1,2-aminoalcohols	0.872	Organic compounds; Alcohols and polyols; Organonitrogen compounds; Primary alcohols; Organooxygen compounds; 1,2-aminoalcohols; Amines; Alkanolamines; Hydrocarbon derivatives; Organopnictogen compounds; Organic oxygen compounds; Organic nitrogen compounds; Chemical entities	326.304	561	9.349	816975291917306674	816973458267932296	816973458267932295	2584	
1	C17H33NO	[M + H]+	C17H34NO+	Fatty acids	0.998	Fatty amides	0.993	Primary amides	0.930	Lipids and lipid-like molecules	0.599	Fatty Acyls	0.620	Fatty amides	0.627			Fatty amides	0.627	Organic compounds; Lipids and lipid-like molecules; Organic acids and derivatives; Carboxylic acids and derivatives; Organonitrogen compounds; Organooxygen compounds; Fatty amides; Carboxylic acid amides; Carboxylic acid derivatives; Carbonyl compounds; Fatty Acyls; Organic oxides; Hydrocarbon derivatives; Organopnictogen compounds; Organic oxygen compounds; Organic nitrogen compounds; Chemical entities	268.262	561	9.357	816975292684864448	816973458305681037	816973458301486732	2595	
1	C18H28O3	[M + H]+	C18H29O3+	Fatty acids	0.917	Octadecanoids	0.605	Other Octadecanoids	0.177	Lipids and lipid-like molecules	0.852	Fatty Acyls	0.760					Fatty Acyls	0.760	Organic compounds; Lipids and lipid-like molecules; Ketones; Organic acids and derivatives; Carboxylic acids and derivatives; Organooxygen compounds; Monocarboxylic acids and derivatives; Carboxylic acids; Carbonyl compounds; Fatty Acyls; Organic oxides; Hydrocarbon derivatives; Organic oxygen compounds; Chemical entities	293.211	562	9.361	816975298938572691	816973458335041170	816973458335041169	2597	
1	C19H38O4	[M + H]+	C19H39O4+	Fatty acids	0.995	Fatty acyls	0.956	Fatty alcohols	0.990	Lipids and lipid-like molecules	0.988	Fatty Acyls	0.974	Fatty alcohols	0.825	Long-chain fatty alcohols	0.847	Long-chain fatty alcohols	0.847	Organic compounds; Lipids and lipid-like molecules; Alcohols and polyols; Glycerolipids; Organic acids and derivatives; Carboxylic acids and derivatives; Primary alcohols; Organooxygen compounds; Fatty acid esters; Carboxylic acid derivatives; Monoacylglycerols; Monocarboxylic acids and derivatives; Carboxylic acid esters; Fatty alcohols; Secondary alcohols; Fatty alcohol esters; Carbonyl compounds; Polyols; 1,2-diols; Long-chain fatty alcohols; Monoradylglycerols; Fatty Acyls; Organic oxides; Hydrocarbon derivatives; Organic oxygen compounds; Chemical entities	331.283	562	9.374	816975292382874502	816973458406344348	816973458406344347	2619	
1	C19H38O4	[M - H2O + H]+	C19H37O3+	Fatty acids	0.971	Fatty acyls	0.726	Fatty alcohols	0.916	Lipids and lipid-like molecules	0.985	Fatty Acyls	0.957	Fatty alcohols	0.820	Long-chain fatty alcohols	0.783	Long-chain fatty alcohols	0.783	Organic compounds; Lipids and lipid-like molecules; Alcohols and polyols; Organic acids and derivatives; Carboxylic acids and derivatives; Primary alcohols; Organooxygen compounds; Monocarboxylic acids and derivatives; Carboxylic acid esters; Fatty alcohols; Secondary alcohols; Fatty alcohol esters; Carbonyl compounds; Polyols; 1,2-diols; Long-chain fatty alcohols; Fatty Acyls; Organic oxides; Hydrocarbon derivatives; Organic oxygen compounds; Chemical entities	313.272	563	9.375	816975308484810483	816973458439898785	816973458439898784	2624	
1	C24H52N8O2	[M + K]+	C24H52KN8O2+	Alkaloids	0.446	Ornithine alkaloids	0.127	Imidazole alkaloids	0.041	Organic acids and derivatives	0.966	Carboxylic acids and derivatives	0.935	Amino acids, peptides, and analogues	0.628	Amino acids and derivatives	0.622	Amino acids and derivatives	0.622	Organic compounds; Organoheterocyclic compounds; Lipids and lipid-like molecules; Amino acids, peptides, and analogues; Organic acids and derivatives; Carboxylic acids and derivatives; Organonitrogen compounds; Organooxygen compounds; Fatty amides; Amino acids and derivatives; Azoles; Monoalkylamines; Carboxylic acid amides; Carboxylic acid derivatives; N-acyl amines; Secondary carboxylic acid amides; Carbonyl compounds; Amines; Primary amines; Fatty Acyls; Organic oxides; Azacyclic compounds; Heteroaromatic compounds; Hydrocarbon derivatives; Organopnictogen compounds; Organic oxygen compounds; Organic nitrogen compounds; Chemical entities	523.381	563	9.375	816975296602344895	816973458477647526	816973458477647525	2626	
8	C34H71NO6	[M + H]+	C34H72NO6+	Fatty acids	1.000	Spingolipids	1.000	Neutral glycosphingolipids	0.889	Lipids and lipid-like molecules	0.937	Sphingolipids	0.930	Ceramides	0.744			Ceramides	0.744	Organic compounds; Carbohydrates and carbohydrate conjugates; Lipids and lipid-like molecules; Alcohols and polyols; Sphingolipids; Organic acids and derivatives; Carboxylic acids and derivatives; Organonitrogen compounds; Primary alcohols; Organooxygen compounds; Fatty amides; Carboxylic acid amides; Carboxylic acid derivatives; N-acyl amines; Ceramides; Monosaccharides; Secondary alcohols; Secondary carboxylic acid amides; Carbonyl compounds; Polyols; Fatty Acyls; Organic oxides; Hydrocarbon derivatives; Organopnictogen compounds; Organic oxygen compounds; Organic nitrogen compounds; Chemical entities	590.530	563	9.381	816975304147899171	816973458582505141	816973458582505140	2686	
1	C18H32O	[M + H3N + H]+	C18H36NO+	Terpenoids	0.741	Diterpenoids	0.730	Norlabdane diterpenoids	0.327	Lipids and lipid-like molecules	0.838	Prenol lipids	0.565					Prenol lipids	0.565	Organic compounds; Lipids and lipid-like molecules; Prenol lipids; Organooxygen compounds; Hydrocarbon derivatives; Organic oxygen compounds; Chemical entities	282.278	565	9.420	816975305506853939	816973458733500100	816973458733500099	2665	
1	C18H32O	[M + H]+	C18H33O+	Fatty acids	0.988	Fatty Acids and Conjugates	0.752	Unsaturated fatty acids	0.716	Lipids and lipid-like molecules	0.870	Fatty Acyls	0.780	Fatty acids and conjugates	0.480	Long-chain fatty acids	0.558	Long-chain fatty acids	0.558	Organic compounds; Lipids and lipid-like molecules; Organic acids and derivatives; Carboxylic acids and derivatives; Organooxygen compounds; Straight chain fatty acids; Unsaturated fatty acids; Carbonyl compounds; Long-chain fatty acids; Fatty Acyls; Organic oxides; Hydrocarbon derivatives; Organic oxygen compounds; Chemical entities	265.251	565	9.420	816975307935356603	816973458775443145	816973458775443144	2667	
1	C18H32O	[M - H2O + H]+	C18H31+	Fatty acids	0.999	Fatty acyls	0.919	Unsaturated fatty acids	0.328	Lipids and lipid-like molecules	0.766	Fatty Acyls	0.751					Fatty Acyls	0.751	Organic compounds; Lipids and lipid-like molecules; Organooxygen compounds; Carbonyl compounds; Fatty Acyls; Organic oxides; Hydrocarbon derivatives; Organic oxygen compounds; Chemical entities	247.241	565	9.423	816975305385219073	816973458813191886	816973458808997581	2673	
1	C35H70N2O2	[M + H]+	C35H71N2O2+	Fatty acids	1.000	Fatty amides	0.999	N-acyl amines	0.542	Lipids and lipid-like molecules	0.964	Fatty Acyls	0.953	Fatty amides	0.961	N-acyl amines	0.924	N-acyl amines	0.924	Organic compounds; Lipids and lipid-like molecules; Organic acids and derivatives; Carboxylic acids and derivatives; Organonitrogen compounds; Organooxygen compounds; Fatty amides; Carboxylic acid amides; Carboxylic acid derivatives; N-acyl amines; Secondary carboxylic acid amides; Carbonyl compounds; Fatty Acyls; Organic oxides; Hydrocarbon derivatives; Organopnictogen compounds; Organic oxygen compounds; Organic nitrogen compounds; Chemical entities	551.549	567	9.445	816975307675309702	816973459060655852	816973459056461547	2702	
1	C21H40O4	[M - H2O + H]+	C21H39O3+	Fatty acids	0.883	Fatty acyls	0.761	Fatty alcohols	0.885	Lipids and lipid-like molecules	0.975	Fatty Acyls	0.870	Fatty alcohols	0.640	Long-chain fatty alcohols	0.691	Long-chain fatty alcohols	0.691	Organic compounds; Lipids and lipid-like molecules; Alcohols and polyols; Organic acids and derivatives; Carboxylic acids and derivatives; Primary alcohols; Organooxygen compounds; Carboxylic acid derivatives; Monocarboxylic acids and derivatives; Carboxylic acid esters; Fatty alcohols; Secondary alcohols; Fatty alcohol esters; Carbonyl compounds; Long-chain fatty alcohols; Fatty Acyls; Organic oxides; Hydrocarbon derivatives; Organic oxygen compounds; Chemical entities	339.288	567	9.452	816975307255879222	816973459144541942	816973459144541941	2706	
6	C16H30FN5O2	[M + K]+	C16H30FKN5O2+	Alkaloids	0.370	Small peptides	0.131	Menthane monoterpenoids	0.061	Organic acids and derivatives	0.965	Carboxylic acids and derivatives	0.971	Amino acids, peptides, and analogues	0.718	Amino acids and derivatives	0.721	Amino acids	0.678	Organic compounds; Organoheterocyclic compounds; Amino acids, peptides, and analogues; Pyrimidines and pyrimidine derivatives; Organic acids and derivatives; Carboxylic acids and derivatives; Organohalogen compounds; Organonitrogen compounds; Organooxygen compounds; Amino acids and derivatives; Aryl fluorides; Monocarboxylic acids and derivatives; Carboxylic acids; Aminopyrimidines and derivatives; Diazines; Organofluorides; Carbonyl compounds; Halopyrimidines; Benzenoids; Amines; Tertiary amines; Tertiary alkylarylamines; Aryl halides; Imidolactams; Dialkylarylamines; Organic oxides; Azacyclic compounds; Heteroaromatic compounds; Hydrocarbon derivatives; Amino acids; Organopnictogen compounds; Organic oxygen compounds; Organic nitrogen compounds; Chemical entities	382.203	568	9.474	816975314067429687	816973459190679291	816973459190679290	2719	
1	C28H53NO6	[M + H]+	C28H54NO6+	Fatty acids	1.000	Spingolipids	0.443	Ceramides	0.595	Lipids and lipid-like molecules	0.993	Fatty Acyls	0.994	Fatty amides	0.810	N-acyl amines	0.896	N-acyl amines	0.896	Organic compounds; Lipids and lipid-like molecules; Alcohols and polyols; Organic acids and derivatives; Carboxylic acids and derivatives; Organonitrogen compounds; Primary alcohols; Organooxygen compounds; Fatty acid esters; Fatty amides; Carboxylic acid amides; Carboxylic acid derivatives; N-acyl amines; Monocarboxylic acids and derivatives; Carboxylic acid esters; Secondary alcohols; Secondary carboxylic acid amides; Carbonyl compounds; Fatty Acyls; Organic oxides; Hydrocarbon derivatives; Organopnictogen compounds; Organic oxygen compounds; Organic nitrogen compounds; Chemical entities	500.392	569	9.477	816975311253051404	816973459228428032	816973459228428031	2717	
1	C18H30O2	[M + H]+	C18H31O2+	Fatty acids	0.992	Fatty Acids and Conjugates	0.892	Unsaturated fatty acids	0.856	Lipids and lipid-like molecules	0.976	Fatty Acyls	0.942	Fatty acids and conjugates	0.939	Long-chain fatty acids	0.917	Long-chain fatty acids	0.917	Organic compounds; Lipids and lipid-like molecules; Fatty acids and conjugates; Organic acids and derivatives; Carboxylic acids and derivatives; Organooxygen compounds; Straight chain fatty acids; Unsaturated fatty acids; Monocarboxylic acids and derivatives; Carboxylic acids; Carbonyl compounds; Long-chain fatty acids; Fatty Acyls; Organic oxides; Hydrocarbon derivatives; Organic oxygen compounds; Chemical entities	279.231	569	9.487	816975314868541788	816973459278759685	816973459278759684	2722	
1	C24H50NO7P	[M + H]+	C24H51NO7P+	Fatty acids	0.998	Glycerophospholipids	1.000	Glycerophosphocholines	0.998	Lipids and lipid-like molecules	0.971	Glycerophospholipids	0.995	Glycerophosphocholines	0.991	Lysophosphatidylcholines	0.951	1-acyl-sn-glycero-3-phosphocholines	0.948	Organic compounds; Lipids and lipid-like molecules; Alcohols and polyols; Glycerophospholipids; Organic acids and derivatives; Carboxylic acids and derivatives; Organonitrogen compounds; Organooxygen compounds; Fatty acid esters; Organic phosphoric acids and derivatives; Phosphate esters; Quaternary ammonium salts; Cholines; Carboxylic acid derivatives; Monocarboxylic acids and derivatives; Carboxylic acid esters; Phosphocholines; Lysophosphatidylcholines; 1-acyl-sn-glycero-3-phosphocholines; Secondary alcohols; Carbonyl compounds; Glycerophosphocholines; Amines; Alkyl phosphates; Dialkyl phosphates; Organic cations; Organic salts; Fatty Acyls; Organic oxides; Hydrocarbon derivatives; Tetraalkylammonium salts; Organopnictogen compounds; Organic oxygen compounds; Organic nitrogen compounds; Chemical entities	496.338	570	9.500	816975309713741625	816973459383617295	816973459383617294	2728	
1	C26H50NO7P	[M + H]+	C26H51NO7P+	Fatty acids	1.000	Glycerophospholipids	1.000	Glycerophosphocholines	0.991	Lipids and lipid-like molecules	0.986	Glycerophospholipids	0.999	Glycerophosphocholines	0.997	Lysophosphatidylcholines	0.957	1-acyl-sn-glycero-3-phosphocholines	0.884	Organic compounds; Lipids and lipid-like molecules; Alcohols and polyols; Glycerophospholipids; Organic acids and derivatives; Carboxylic acids and derivatives; Organonitrogen compounds; Organooxygen compounds; Fatty acid esters; Organic phosphoric acids and derivatives; Phosphate esters; Quaternary ammonium salts; Cholines; Carboxylic acid derivatives; Monocarboxylic acids and derivatives; Carboxylic acid esters; Phosphocholines; Lysophosphatidylcholines; 1-acyl-sn-glycero-3-phosphocholines; Secondary alcohols; Carbonyl compounds; Glycerophosphocholines; Amines; Alkyl phosphates; Dialkyl phosphates; Organic cations; Organic salts; Fatty Acyls; Organic oxides; Hydrocarbon derivatives; Tetraalkylammonium salts; Organopnictogen compounds; Organic oxygen compounds; Organic nitrogen compounds; Chemical entities	520.338	572	9.525	816975318790216477	816973459509446430	816973459509446429	2739	
6	C24H36O5	[M + Na]+	C24H36NaO5+	Terpenoids	0.858	Steroids	0.362	Cholane steroids	0.046	Lipids and lipid-like molecules	0.939	Steroids and steroid derivatives	0.631	Hydroxysteroids	0.503			Hydroxysteroids	0.503	Organic compounds; Lipids and lipid-like molecules; Alcohols and polyols; Steroids and steroid derivatives; Organic acids and derivatives; Carboxylic acids and derivatives; Organooxygen compounds; Carboxylic acid derivatives; Monocarboxylic acids and derivatives; Carboxylic acid esters; Cyclic alcohols and derivatives; Hydroxysteroids; Secondary alcohols; Carbonyl compounds; Organic oxides; Hydrocarbon derivatives; Organic oxygen compounds; Chemical entities	427.247	572	9.529	816975331490569659	816973459555583779	816973459555583778	2740	
1	C26H50NO7P	[M + Na]+	C26H50NNaO7P+	Fatty acids	1.000	Glycerophospholipids	1.000	Glycerophosphocholines	0.999	Lipids and lipid-like molecules	0.984	Glycerophospholipids	0.999	Glycerophosphocholines	0.997	Lysophosphatidylcholines	0.978	1-acyl-sn-glycero-3-phosphocholines	0.967	Organic compounds; Lipids and lipid-like molecules; Alcohols and polyols; Glycerophospholipids; Organic acids and derivatives; Carboxylic acids and derivatives; Organonitrogen compounds; Organooxygen compounds; Fatty acid esters; Organic phosphoric acids and derivatives; Phosphate esters; Quaternary ammonium salts; Cholines; Carboxylic acid derivatives; Monocarboxylic acids and derivatives; Carboxylic acid esters; Phosphocholines; Lysophosphatidylcholines; 1-acyl-sn-glycero-3-phosphocholines; Secondary alcohols; Carbonyl compounds; Glycerophosphocholines; Amines; Alkyl phosphates; Dialkyl phosphates; Organic cations; Organic salts; Fatty Acyls; Organic oxides; Hydrocarbon derivatives; Tetraalkylammonium salts; Organopnictogen compounds; Organic oxygen compounds; Organic nitrogen compounds; Chemical entities	542.320	572	9.530	816975330626542864	816973459589138216	816973459589138215	2741	
3	C20H40O6Si	[M + H]+	C20H41O6Si+	Fatty acids	0.979	Eicosanoids	0.250	Dicarboxylic acids	0.390	Lipids and lipid-like molecules	0.929	Fatty Acyls	0.920	Fatty acid esters	0.683			Fatty acid esters	0.683	Organic compounds; Lipids and lipid-like molecules; Alcohols and polyols; Fatty acids and conjugates; Organic acids and derivatives; Carboxylic acids and derivatives; Organooxygen compounds; Fatty acid esters; Hydroxy fatty acids; Dicarboxylic acids and derivatives; Carboxylic acid derivatives; Carboxylic acids; Carboxylic acid esters; Secondary alcohols; Carbonyl compounds; Fatty Acyls; Organic oxides; Hydrocarbon derivatives; Organic oxygen compounds; Chemical entities	405.266	572	9.533	816975329355668674	816973459622692653	816973459622692652	2742	
4	C16H32	[M + Na]+	C16H32Na+	Fatty acids	0.818	Fatty acyls	0.928	Hydrocarbons	0.863	Hydrocarbons	0.997	Unsaturated hydrocarbons	0.791	Unsaturated aliphatic hydrocarbons	0.811			Unsaturated aliphatic hydrocarbons	0.811	Organic compounds; Hydrocarbons; Saturated hydrocarbons; Unsaturated hydrocarbons; Unsaturated aliphatic hydrocarbons; Chemical entities	247.241	573	9.544	816975330173557991	816973459664635698	816973459664635697	2755	
3	C28H42N6O5	[M + H]+	C28H43N6O5+	Alkaloids	0.401	Small peptides	0.145	Dipeptides	0.069	Organic acids and derivatives	0.975	Carboxylic acids and derivatives	0.902	Amino acids, peptides, and analogues	0.827	Amino acids and derivatives	0.823	Amino acids and derivatives	0.823	Organic compounds; Organoheterocyclic compounds; Amino acids, peptides, and analogues; Organic acids and derivatives; Carboxylic acids and derivatives; Organonitrogen compounds; Organooxygen compounds; Amino acids and derivatives; Carboxylic acid amides; Carboxylic acid derivatives; Secondary carboxylic acid amides; Carbonyl compounds; Trialkylamines; Benzene and substituted derivatives; Benzenoids; Amines; Tertiary amines; Organic oxides; Azacyclic compounds; Heteroaromatic compounds; Hydrocarbon derivatives; Organopnictogen compounds; Organic oxygen compounds; Organic nitrogen compounds; Chemical entities	543.329	573	9.547	816975334879567834	816973459710773047	816973459706578742	2747	
1	C24H44NO9P	[M + H]+	C24H45NO9P+	Fatty acids	1.000	Glycerophospholipids	1.000	Glycerophosphocholines	0.964	Lipids and lipid-like molecules	0.992	Glycerophospholipids	0.999	Glycerophosphocholines	0.995	Lysophosphatidylcholines	0.986	1-acyl-sn-glycero-3-phosphocholines	0.965	Organic compounds; Lipids and lipid-like molecules; Alcohols and polyols; Glycerophospholipids; Organic acids and derivatives; Carboxylic acids and derivatives; Organonitrogen compounds; Organooxygen compounds; Fatty acid esters; Organic phosphoric acids and derivatives; Phosphate esters; Quaternary ammonium salts; Cholines; Carboxylic acid derivatives; Monocarboxylic acids and derivatives; Carboxylic acid esters; Phosphocholines; Lysophosphatidylcholines; 1-acyl-sn-glycero-3-phosphocholines; Secondary alcohols; Carbonyl compounds; Glycerophosphocholines; Amines; Alkyl phosphates; Dialkyl phosphates; Organic cations; Organic salts; Fatty Acyls; Organic oxides; Hydrocarbon derivatives; Tetraalkylammonium salts; Organopnictogen compounds; Organic oxygen compounds; Organic nitrogen compounds; Chemical entities	522.281	573	9.556	816975331817725436	816973459748521788	816973459748521787	2749	
2	C18H34O2	[M - H2O + H]+	C18H33O+	Fatty acids	1.000	Fatty Acids and Conjugates	0.987	Unsaturated fatty acids	0.974	Lipids and lipid-like molecules	0.978	Fatty Acyls	0.974	Fatty acids and conjugates	0.958	Long-chain fatty acids	0.884	Long-chain fatty acids	0.884	Organic compounds; Lipids and lipid-like molecules; Fatty acids and conjugates; Organic acids and derivatives; Carboxylic acids and derivatives; Organooxygen compounds; Straight chain fatty acids; Unsaturated fatty acids; Monocarboxylic acids and derivatives; Carboxylic acids; Carbonyl compounds; Long-chain fatty acids; Fatty Acyls; Organic oxides; Hydrocarbon derivatives; Organic oxygen compounds; Chemical entities	265.251	574	9.560	816975333436726917	816973459790464833	816973459790464832	2754	
1	C17H31NO2	[M + H]+	C17H32NO2+	Fatty acids	0.289	Fatty amides	0.453	N-acyl ethanolamines (endocannabinoids)	0.118	Lipids and lipid-like molecules	0.505							Lipids and lipid-like molecules	0.505	Organic compounds; Lipids and lipid-like molecules; Organic acids and derivatives; Carboxylic acids and derivatives; Organonitrogen compounds; Organooxygen compounds; Carboxylic acid derivatives; Carbonyl compounds; Amines; Organic oxides; Hydrocarbon derivatives; Organopnictogen compounds; Organic oxygen compounds; Organic nitrogen compounds; Chemical entities	282.243	574	9.562	816975339652685925	816973459870156619	816973459870156618	2721	
1	C21H40O4	[M + H]+	C21H41O4+	Fatty acids	1.000	Glycerolipids	0.995	Monoacylglycerols	0.998	Lipids and lipid-like molecules	0.998	Glycerolipids	0.987	Monoradylglycerols	0.993	Monoacylglycerols	0.991	1-monoacylglycerols	0.956	Organic compounds; Lipids and lipid-like molecules; Alcohols and polyols; Glycerolipids; Organic acids and derivatives; Carboxylic acids and derivatives; Primary alcohols; Organooxygen compounds; Fatty acid esters; Carboxylic acid derivatives; Monoacylglycerols; Monocarboxylic acids and derivatives; Carboxylic acid esters; 1-monoacylglycerols; Secondary alcohols; Carbonyl compounds; Polyols; 1,2-diols; Monoradylglycerols; Fatty Acyls; Organic oxides; Hydrocarbon derivatives; Organic oxygen compounds; Chemical entities	357.299	574	9.564	816975338046267454	816973459920488272	816973459916293967	2764	
1	C21H40O4	[M - H2O + H]+	C21H39O3+	Fatty acids	1.000	Glycerolipids	0.995	Monoacylglycerols	0.997	Lipids and lipid-like molecules	0.998	Glycerolipids	0.988	Monoradylglycerols	0.989	Monoacylglycerols	0.986	1-monoacylglycerols	0.935	Organic compounds; Lipids and lipid-like molecules; Alcohols and polyols; Glycerolipids; Organic acids and derivatives; Carboxylic acids and derivatives; Primary alcohols; Organooxygen compounds; Fatty acid esters; Carboxylic acid derivatives; Monoacylglycerols; Monocarboxylic acids and derivatives; Carboxylic acid esters; 1-monoacylglycerols; Secondary alcohols; Carbonyl compounds; Polyols; 1,2-diols; Monoradylglycerols; Fatty Acyls; Organic oxides; Hydrocarbon derivatives; Organic oxygen compounds; Chemical entities	339.288	574	9.565	816975341162635552	816973459966625621	816973459966625620	2766	
3	C21H40O4	[M + H3N + H]+	C21H44NO4+	Fatty acids	1.000	Glycerolipids	0.938	Monoacylglycerols	0.951	Lipids and lipid-like molecules	0.995	Fatty Acyls	0.981	Fatty alcohols	0.571	Long-chain fatty alcohols	0.507	Long-chain fatty alcohols	0.507	Organic compounds; Lipids and lipid-like molecules; Alcohols and polyols; Glycerolipids; Organic acids and derivatives; Carboxylic acids and derivatives; Primary alcohols; Organooxygen compounds; Fatty acid esters; Carboxylic acid derivatives; Monoacylglycerols; Monocarboxylic acids and derivatives; Carboxylic acid esters; Fatty alcohols; 1-monoacylglycerols; Secondary alcohols; Carbonyl compounds; Polyols; 1,2-diols; Long-chain fatty alcohols; Monoradylglycerols; Fatty Acyls; Organic oxides; Hydrocarbon derivatives; Organic oxygen compounds; Chemical entities	374.324	574	9.565	816975345742815699	816973460067288927	816973460067288926	2768	
3	C18H32O2	[M - H4O2 + H]+	C18H29+	Fatty acids	1.000	Fatty Acids and Conjugates	0.863	Unsaturated fatty acids	0.912	Lipids and lipid-like molecules	0.991	Fatty Acyls	0.987	Lineolic acids and derivatives	0.725			Lineolic acids and derivatives	0.725	Organic compounds; Lipids and lipid-like molecules; Fatty acids and conjugates; Organic acids and derivatives; Carboxylic acids and derivatives; Organooxygen compounds; Straight chain fatty acids; Unsaturated fatty acids; Lineolic acids and derivatives; Monocarboxylic acids and derivatives; Carboxylic acids; Carbonyl compounds; Long-chain fatty acids; Fatty Acyls; Organic oxides; Hydrocarbon derivatives; Organic oxygen compounds; Chemical entities	245.225	574	9.574	816975351036027919	816973460172146542	816973460172146541	2779	
1	C14H31N3	[M + Na]+	C14H31N3Na+	Alkaloids	0.639	Pseudoalkaloids (transamidation)	0.271	Acetate-derived alkaloids	0.214	Organic nitrogen compounds	0.999	Organonitrogen compounds	0.998					Organonitrogen compounds	0.998	Organic compounds; Organonitrogen compounds; Hydrocarbon derivatives; Organopnictogen compounds; Organic nitrogen compounds; Chemical entities	264.239	575	9.578	816975352583726551	816973460218283891	816973460214089586	2787	
2	C18H32O2	[M - H2O + H]+	C18H31O+	Fatty acids	0.994	Fatty Acids and Conjugates	0.735	Unsaturated fatty acids	0.650	Lipids and lipid-like molecules	0.972	Fatty Acyls	0.926	Fatty acids and conjugates	0.883	Long-chain fatty acids	0.917	Long-chain fatty acids	0.917	Organic compounds; Lipids and lipid-like molecules; Alcohols and polyols; Fatty acids and conjugates; Organic acids and derivatives; Carboxylic acids and derivatives; Organooxygen compounds; Straight chain fatty acids; Unsaturated fatty acids; Monocarboxylic acids and derivatives; Carboxylic acids; Carbonyl compounds; Long-chain fatty acids; Fatty Acyls; Organic oxides; Hydrocarbon derivatives; Organic oxygen compounds; Chemical entities	263.236	575	9.578	816975353183512353	816973460251838328	816973460251838327	2783	
2	C18H34O3	[M - H2O + H]+	C18H33O2+	Fatty acids	0.996	Octadecanoids	0.612	Other Octadecanoids	0.714	Lipids and lipid-like molecules	0.977	Fatty Acyls	0.956	Fatty acids and conjugates	0.773	Long-chain fatty acids	0.845	Long-chain fatty acids	0.845	Organic compounds; Lipids and lipid-like molecules; Alcohols and polyols; Fatty acids and conjugates; Organic acids and derivatives; Carboxylic acids and derivatives; Organooxygen compounds; Unsaturated fatty acids; Monocarboxylic acids and derivatives; Carboxylic acids; Secondary alcohols; Carbonyl compounds; Long-chain fatty acids; Fatty Acyls; Organic oxides; Hydrocarbon derivatives; Organic oxygen compounds; Chemical entities	281.246	575	9.581	816975355595237781	816973460289587069	816973460289587068	2786	
2	C36H64O4	[M + H]+	C36H65O4+	Fatty acids	0.994	Fatty esters	0.961	Fatty acid estolides	0.949	Lipids and lipid-like molecules	0.998	Fatty Acyls	0.978	Fatty acids and conjugates	0.355	Long-chain fatty acids	0.514	Long-chain fatty acids	0.514	Organic compounds; Lipids and lipid-like molecules; Organic acids and derivatives; Carboxylic acids and derivatives; Organooxygen compounds; Fatty acid esters; Dicarboxylic acids and derivatives; Carboxylic acid derivatives; Carboxylic acids; Carboxylic acid esters; Carbonyl compounds; Long-chain fatty acids; Fatty Acyls; Organic oxides; Hydrocarbon derivatives; Organic oxygen compounds; Chemical entities	561.486	575	9.581	816975353502279569	816973460327335810	816973460327335809	2785	
1	C27H50	[M + Na]+	C27H50Na+	Terpenoids	0.962	Steroids	0.763	Cholestane steroids	0.652	Lipids and lipid-like molecules	0.974	Steroids and steroid derivatives	0.844					Steroids and steroid derivatives	0.844	Organic compounds; Lipids and lipid-like molecules; Steroids and steroid derivatives; Prenol lipids; Hydrocarbons; Polycyclic hydrocarbons; Saturated hydrocarbons; Chemical entities	397.381	576	9.593	816975355532323203	816973460407027596	816973460407027595	2792	
2	C30H48	[M + H]+	C30H49+	Terpenoids	0.999	Triterpenoids	0.989	Taraxerane triterpenoids	0.152	Lipids and lipid-like molecules	0.982	Prenol lipids	0.942	Triterpenoids	0.754			Triterpenoids	0.754	Organic compounds; Lipids and lipid-like molecules; Prenol lipids; Triterpenoids; Hydrocarbons; Olefins; Cyclic olefins; Polycyclic hydrocarbons; Unsaturated hydrocarbons; Unsaturated aliphatic hydrocarbons; Branched unsaturated hydrocarbons; Chemical entities	409.381	576	9.595	816975354152396831	816973460453164945	816973460453164944	2794	
1	C25H50NO7P	[M + H]+	C25H51NO7P+	Fatty acids	1.000	Glycerophospholipids	1.000	Glycerophosphocholines	1.000	Lipids and lipid-like molecules	0.993	Glycerophospholipids	1.000	Glycerophosphocholines	0.999	Lysophosphatidylcholines	0.996	1-acyl-sn-glycero-3-phosphocholines	0.991	Organic compounds; Lipids and lipid-like molecules; Alcohols and polyols; Glycerophospholipids; Organic acids and derivatives; Carboxylic acids and derivatives; Organonitrogen compounds; Organooxygen compounds; Fatty acid esters; Organic phosphoric acids and derivatives; Phosphate esters; Quaternary ammonium salts; Cholines; Carboxylic acid derivatives; Monocarboxylic acids and derivatives; Carboxylic acid esters; Phosphocholines; Lysophosphatidylcholines; 1-acyl-sn-glycero-3-phosphocholines; Secondary alcohols; Carbonyl compounds; Glycerophosphocholines; Amines; Alkyl phosphates; Dialkyl phosphates; Organic cations; Organic salts; Fatty Acyls; Organic oxides; Hydrocarbon derivatives; Tetraalkylammonium salts; Organopnictogen compounds; Organic oxygen compounds; Organic nitrogen compounds; Chemical entities	508.338	576	9.598	816975353472919425	816973460495107990	816973460495107989	2795	
1	C17H30N6O	[M + H]+	C17H31N6O+	Alkaloids	0.459	Pseudoalkaloids (transamidation)	0.101	Purine alkaloids	0.015	Organoheterocyclic compounds	0.924	Azoles	0.850	Tetrazoles	0.645			Tetrazoles	0.645	Organic compounds; Organoheterocyclic compounds; Tetrazoles; Organonitrogen compounds; Organooxygen compounds; Azoles; Azacyclic compounds; Heteroaromatic compounds; Hydrocarbon derivatives; Organopnictogen compounds; Organic oxygen compounds; Organic nitrogen compounds; Chemical entities	335.251	576	9.601	816975355750427058	816973460549633947	816973460545439642	2798	
1	C36H66O5	[M + Na]+	C36H66NaO5+	Fatty acids	1.000	Glycerolipids	1.000	Diacylglycerols	1.000	Lipids and lipid-like molecules	0.998	Glycerolipids	0.999	Diradylglycerols	0.995	Diacylglycerols	0.997	1,2-diacylglycerols	0.988	Organic compounds; Lipids and lipid-like molecules; Alcohols and polyols; Glycerolipids; Organic acids and derivatives; Carboxylic acids and derivatives; Primary alcohols; Organooxygen compounds; Fatty acid esters; Dicarboxylic acids and derivatives; Carboxylic acid derivatives; Diacylglycerols; Carboxylic acid esters; 1,2-diacylglycerols; Secondary alcohols; Carbonyl compounds; Diradylglycerols; Fatty Acyls; Organic oxides; Hydrocarbon derivatives; Organic oxygen compounds; Chemical entities	601.476	577	9.611	816975353904932857	816973460595771296	816973460595771295	2825	
1	C36H70O7S	[M + H]+	C36H71O7S+	Fatty acids	0.841	Fatty esters	0.474	Wax monoesters	0.071	Lipids and lipid-like molecules	0.850	Fatty Acyls	0.800	Fatty acid esters	0.710			Fatty acid esters	0.710	Organic compounds; Organosulfur compounds; Lipids and lipid-like molecules; Organic acids and derivatives; Carboxylic acids and derivatives; Organooxygen compounds; Fatty acid esters; Dicarboxylic acids and derivatives; Carboxylic acid derivatives; Thioethers; Carboxylic acid esters; Carbonyl compounds; Sulfenyl compounds; Dialkylthioethers; Fatty Acyls; Organic oxides; Hydrocarbon derivatives; Organic oxygen compounds; Chemical entities	647.492	577	9.614	816975373404257323	816973460662880170	816973460662880169	2815	
1	C24H48N8O3	[M + H]+	C24H49N8O3+	Alkaloids	0.419	Pseudoalkaloids (transamidation)	0.079	Purine nucleosides	0.038	Organic nitrogen compounds	1.000	Organonitrogen compounds	1.000	Amines	0.971	Tertiary amines	0.704	Dialkylarylamines	0.560	Organic compounds; Organoheterocyclic compounds; Organonitrogen compounds; Organooxygen compounds; Aminopyrimidines and derivatives; Carbonyl compounds; Amines; Tertiary amines; Tertiary alkylarylamines; N-aliphatic s-triazines; Imidolactams; Dialkylarylamines; Organic oxides; 1,3,5-triazines; Azacyclic compounds; Heteroaromatic compounds; Hydrocarbon derivatives; Organopnictogen compounds; Organic oxygen compounds; Organic nitrogen compounds; Chemical entities	497.395	577	9.615	816975366085196584	816973460709017519	816973460709017518	2816	
1	C19H31FO	[M + H]+	C19H32FO+	Terpenoids	0.926	Steroids	0.296	Androstane steroids	0.096	Lipids and lipid-like molecules	0.785							Lipids and lipid-like molecules	0.785	Organic compounds; Lipids and lipid-like molecules; Organohalogen compounds; Organooxygen compounds; Alkyl fluorides; Organofluorides; Carbonyl compounds; Alkyl halides; Organic oxides; Hydrocarbon derivatives; Organic oxygen compounds; Chemical entities	295.243	577	9.623	816975358225070706	816973460746766260	816973460746766259	2791	
1	C16H27ClN2O2	[M + Na]+	C16H27ClN2NaO2+	Alkaloids	0.267	Histidine alkaloids	0.201	Imidazole alkaloids	0.200	Organoheterocyclic compounds	0.962	Diazines	0.519	Pyrimidines and pyrimidine derivatives	0.425	Halopyrimidines	0.659	Halopyrimidines	0.659	Organic compounds; Organoheterocyclic compounds; Organic acids and derivatives; Carboxylic acids and derivatives; Organohalogen compounds; Organonitrogen compounds; Organooxygen compounds; Aryl chlorides; Monocarboxylic acids and derivatives; Diazines; Organochlorides; Carbonyl compounds; Halopyrimidines; Aryl halides; Organic oxides; Azacyclic compounds; Heteroaromatic compounds; Hydrocarbon derivatives; Organopnictogen compounds; Organic oxygen compounds; Organic nitrogen compounds; Chemical entities	337.166	577	9.623	816975391947277344	816973460788709305	816973460788709304	2822	
1	C20H37NO	[M + H]+	C20H38NO+	Fatty acids	0.994	Fatty amides	0.970	Primary amides	0.697	Lipids and lipid-like molecules	0.915	Fatty Acyls	0.684	Fatty amides	0.705			Fatty amides	0.705	Organic compounds; Lipids and lipid-like molecules; Organic acids and derivatives; Carboxylic acids and derivatives; Organonitrogen compounds; Organooxygen compounds; Fatty amides; Carboxylic acid amides; Carboxylic acid derivatives; Primary carboxylic acid amides; Secondary carboxylic acid amides; Carbonyl compounds; Fatty Acyls; Organic oxides; Hydrocarbon derivatives; Organopnictogen compounds; Organic oxygen compounds; Organic nitrogen compounds; Chemical entities	308.293	579	9.643	816975373517503554	816973460906149832	816973460906149831	2840	
1	C34H65NO3	[M + O + H]+	C34H66NO4+	Fatty acids	1.000	Spingolipids	1.000	Ceramides	1.000	Lipids and lipid-like molecules	0.991	Sphingolipids	0.988	Ceramides	0.997	Long-chain ceramides	0.707	Long-chain ceramides	0.707	Organic compounds; Lipids and lipid-like molecules; Alcohols and polyols; Sphingolipids; Organic acids and derivatives; Carboxylic acids and derivatives; Organonitrogen compounds; Primary alcohols; Organooxygen compounds; Fatty amides; Carboxylic acid amides; Carboxylic acid derivatives; N-acyl amines; Ceramides; Secondary alcohols; Secondary carboxylic acid amides; Long-chain ceramides; Carbonyl compounds; Fatty Acyls; Organic oxides; Hydrocarbon derivatives; Organopnictogen compounds; Organic oxygen compounds; Organic nitrogen compounds; Chemical entities	552.497	579	9.648	816975374159232141	816973460943898573	816973460939704268	2843	
1	C34H63NO3	[M + H]+	C34H64NO3+	Fatty acids	1.000	Spingolipids	0.999	Ceramides	0.999	Lipids and lipid-like molecules	0.983	Sphingolipids	0.961	Ceramides	0.982	Long-chain ceramides	0.600	Long-chain ceramides	0.600	Organic compounds; Lipids and lipid-like molecules; Alcohols and polyols; Sphingolipids; Organic acids and derivatives; Carboxylic acids and derivatives; Organonitrogen compounds; Primary alcohols; Organooxygen compounds; Fatty amides; Carboxylic acid amides; Carboxylic acid derivatives; N-acyl amines; Ceramides; Secondary alcohols; Secondary carboxylic acid amides; Long-chain ceramides; Carbonyl compounds; Fatty Acyls; Organic oxides; Hydrocarbon derivatives; Organopnictogen compounds; Organic oxygen compounds; Organic nitrogen compounds; Chemical entities	534.486	580	9.662	816975382182936684	816973460977453010	816973460977453009	2851	
1	C38H62O	[M + H]+	C38H63O+	Terpenoids	1.000	Carotenoids (C40)	0.868	Carotenoids (C40, β-β)	0.326	Lipids and lipid-like molecules	0.986	Prenol lipids	0.976	Tetraterpenoids	0.600	Carotenoids	0.611	Xanthophylls	0.670	Organic compounds; Lipids and lipid-like molecules; Alcohols and polyols; Prenol lipids; Organooxygen compounds; Carotenoids; Xanthophylls; Tetraterpenoids; Secondary alcohols; Hydrocarbon derivatives; Organic oxygen compounds; Chemical entities	535.487	580	9.662	816975376470293810	816973461212334059	816973461212334058	2885	
1	C19H38O6	[M + H]+	C19H39O6+	Fatty acids	0.993	Fatty esters	0.520	Dicarboxylic acids	0.605	Lipids and lipid-like molecules	0.918	Fatty Acyls	0.905	Fatty acid esters	0.694			Fatty acid esters	0.694	Organic compounds; Lipids and lipid-like molecules; Alcohols and polyols; Ethers; Organic acids and derivatives; Carboxylic acids and derivatives; Organooxygen compounds; Fatty acid esters; Dicarboxylic acids and derivatives; Carboxylic acid derivatives; Carboxylic acid esters; Carbonyl compounds; Fatty Acyls; Organic oxides; Hydrocarbon derivatives; Organic oxygen compounds; Chemical entities	363.273	580	9.671	816975379741851341	816973461069727708	816973461065533403	2853	
5	C23H48N8O4	[M + H]+	C23H49N8O4+	Amino acids and Peptides	0.935	Oligopeptides	0.661	Tripeptides	0.377	Organic acids and derivatives	0.990	Carboxylic acids and derivatives	0.981	Amino acids, peptides, and analogues	0.929	Amino acids and derivatives	0.915	N-acyl-alpha amino acids and derivatives	0.793	Organic compounds; Lipids and lipid-like molecules; Amino acids, peptides, and analogues; Alpha amino acids and derivatives; Alcohols and polyols; Organic acids and derivatives; Carboxylic acids and derivatives; Organonitrogen compounds; Organooxygen compounds; Fatty amides; Amino acids and derivatives; Guanidines; Carboxylic acid amides; Carboxylic acid derivatives; N-acyl amines; N-acyl-alpha amino acids and derivatives; Secondary carboxylic acid amides; Carbonyl compounds; Alpha amino acid amides; Amines; Carboximidamides; Fatty Acyls; Organic oxides; Hydrocarbon derivatives; Organopnictogen compounds; Organic oxygen compounds; Organic nitrogen compounds; Chemical entities	501.389	581	9.676	816975379536330419	816973461166196710	816973461166196709	2861	
1	C16H36N6O2	[M + Na]+	C16H36N6NaO2+	Alkaloids	0.810	Small peptides	0.321	Dipeptides	0.087	Organoheterocyclic compounds	0.798	Heteroaromatic compounds	0.546					Heteroaromatic compounds	0.546	Organic compounds; Organoheterocyclic compounds; Organic acids and derivatives; Carboxylic acids and derivatives; Organonitrogen compounds; Organooxygen compounds; Carboxylic acid derivatives; Carbonyl compounds; Amines; Organic oxides; Azacyclic compounds; Heteroaromatic compounds; Hydrocarbon derivatives; Organopnictogen compounds; Organic oxygen compounds; Organic nitrogen compounds; Chemical entities	367.281	581	9.678	816975379792183005	816973461250082800	816973461245888495	2862	
1	C40H62O2	[M + H]+	C40H63O2+	Terpenoids	1.000	Carotenoids (C40)	0.985	Carotenoids (C40, β-β)	0.587	Lipids and lipid-like molecules	0.988	Prenol lipids	0.994	Tetraterpenoids	0.791	Carotenoids	0.794	Xanthophylls	0.812	Organic compounds; Lipids and lipid-like molecules; Alcohols and polyols; Prenol lipids; Organooxygen compounds; Carotenoids; Xanthophylls; Tetraterpenoids; Hydrocarbon derivatives; Organic oxygen compounds; Chemical entities	575.480	581	9.679	816975382174548053	816973461321385978	816973461321385977	2823	
1	C28H53NO6	[M + H]+	C28H54NO6+	Fatty acids	1.000	Fatty amides	0.839	N-acyl amines	0.622	Organic acids and derivatives	1.000	Carboxylic acids and derivatives	1.000	Amino acids, peptides, and analogues	0.769	Amino acids and derivatives	0.766	N-acyl-alpha amino acids and derivatives	0.684	Organic compounds; Lipids and lipid-like molecules; Amino acids, peptides, and analogues; Alpha amino acids and derivatives; Alcohols and polyols; Organic acids and derivatives; Carboxylic acids and derivatives; Organonitrogen compounds; Primary alcohols; Organooxygen compounds; Fatty acid esters; Fatty amides; Dicarboxylic acids and derivatives; Amino acids and derivatives; Carboxylic acid amides; Carboxylic acid derivatives; N-acyl amines; Monocarboxylic acids and derivatives; N-acyl-alpha amino acids and derivatives; Carboxylic acids; Carboxylic acid esters; Secondary alcohols; Secondary carboxylic acid amides; Carbonyl compounds; Fatty Acyls; Organic oxides; Hydrocarbon derivatives; Organopnictogen compounds; Organic oxygen compounds; Organic nitrogen compounds; Chemical entities	500.393	581	9.682	816975382174548063	816973461359134719	816973461354940414	2865	
11	C31H66N2O3	[M + K]+	C31H66KN2O3+	Fatty acids	0.994	Fatty amides	0.714	Sphingoid bases	0.568	Lipids and lipid-like molecules	0.810	Fatty Acyls	0.783	Fatty amides	0.686	N-acyl amines	0.685	N-acyl amines	0.685	Organic compounds; Lipids and lipid-like molecules; Alcohols and polyols; Organonitrogen compounds; Organooxygen compounds; Fatty amides; Carboxylic acid amides; N-acyl amines; Amines; Fatty Acyls; Hydrocarbon derivatives; Organopnictogen compounds; Organic oxygen compounds; Organic nitrogen compounds; Chemical entities	553.473	582	9.703	816975386213663421	816973461468186638	816973461463992333	2837	
1	C26H52NO7P	[M + H]+	C26H53NO7P+	Fatty acids	1.000	Glycerophospholipids	1.000	Glycerophosphocholines	0.999	Lipids and lipid-like molecules	0.980	Glycerophospholipids	0.999	Glycerophosphocholines	0.998	Lysophosphatidylcholines	0.970	1-acyl-sn-glycero-3-phosphocholines	0.947	Organic compounds; Lipids and lipid-like molecules; Alcohols and polyols; Glycerophospholipids; Organic acids and derivatives; Carboxylic acids and derivatives; Organonitrogen compounds; Organooxygen compounds; Fatty acid esters; Organic phosphoric acids and derivatives; Phosphate esters; Quaternary ammonium salts; Cholines; Carboxylic acid derivatives; Monocarboxylic acids and derivatives; Carboxylic acid esters; Phosphocholines; Lysophosphatidylcholines; 1-acyl-sn-glycero-3-phosphocholines; Secondary alcohols; Carbonyl compounds; Glycerophosphocholines; Amines; Alkyl phosphates; Dialkyl phosphates; Organic cations; Organic salts; Fatty Acyls; Organic oxides; Hydrocarbon derivatives; Tetraalkylammonium salts; Organopnictogen compounds; Organic oxygen compounds; Organic nitrogen compounds; Chemical entities	522.354	582	9.705	816975387442594579	816973461501741075	816973461501741074	2870	
1	C40H62O2	[M + H]+	C40H63O2+	Terpenoids	1.000	Carotenoids (C40)	0.986	Carotenoids (C40, β-β)	0.497	Lipids and lipid-like molecules	0.985	Prenol lipids	0.993	Tetraterpenoids	0.785	Carotenoids	0.764	Xanthophylls	0.768	Organic compounds; Lipids and lipid-like molecules; Alcohols and polyols; Prenol lipids; Organooxygen compounds; Carotenoids; Xanthophylls; Tetraterpenoids; Secondary alcohols; Hydrocarbon derivatives; Organic oxygen compounds; Chemical entities	575.481	583	9.714	816975385081201168	816973461539489816	816973461539489815	2882	
1	C19H37NO	[M + H]+	C19H38NO+	Fatty acids	0.999	Fatty amides	0.999	Primary amides	0.945	Lipids and lipid-like molecules	0.707	Fatty Acyls	0.681	Fatty amides	0.735			Fatty amides	0.735	Organic compounds; Lipids and lipid-like molecules; Organic acids and derivatives; Carboxylic acids and derivatives; Organonitrogen compounds; Organooxygen compounds; Fatty amides; Carboxylic acid amides; Carboxylic acid derivatives; Secondary carboxylic acid amides; Carbonyl compounds; Fatty Acyls; Organic oxides; Hydrocarbon derivatives; Organopnictogen compounds; Organic oxygen compounds; Organic nitrogen compounds; Chemical entities	296.293	583	9.716	816975388277261244	816973461589821469	816973461589821468	2872	
1	C26H52NO7P	[M + Na]+	C26H52NNaO7P+	Fatty acids	1.000	Glycerophospholipids	1.000	Glycerophosphocholines	0.996	Lipids and lipid-like molecules	0.990	Glycerophospholipids	0.999	Glycerophosphocholines	0.994	Lysophosphatidylcholines	0.984	1-acyl-sn-glycero-3-phosphocholines	0.963	Organic compounds; Lipids and lipid-like molecules; Alcohols and polyols; Glycerophospholipids; Organic acids and derivatives; Carboxylic acids and derivatives; Organonitrogen compounds; Organooxygen compounds; Fatty acid esters; Organic phosphoric acids and derivatives; Phosphate esters; Quaternary ammonium salts; Cholines; Carboxylic acid derivatives; Monocarboxylic acids and derivatives; Carboxylic acid esters; Phosphocholines; Lysophosphatidylcholines; 1-acyl-sn-glycero-3-phosphocholines; Secondary alcohols; Carbonyl compounds; Glycerophosphocholines; Amines; Alkyl phosphates; Dialkyl phosphates; Organic cations; Organic salts; Fatty Acyls; Organic oxides; Hydrocarbon derivatives; Tetraalkylammonium salts; Organopnictogen compounds; Organic oxygen compounds; Organic nitrogen compounds; Chemical entities	544.336	584	9.728	816975385735512649	816973461635958818	816973461635958817	2879	
1	C34H69NO3	[M + H]+	C34H70NO3+	Fatty acids	1.000	Spingolipids	1.000	Ceramides	1.000	Lipids and lipid-like molecules	0.997	Sphingolipids	0.995	Ceramides	0.999	Long-chain ceramides	0.854	Long-chain ceramides	0.854	Organic compounds; Lipids and lipid-like molecules; Alcohols and polyols; Sphingolipids; Organic acids and derivatives; Carboxylic acids and derivatives; Organonitrogen compounds; Primary alcohols; Organooxygen compounds; Fatty amides; Carboxylic acid amides; Carboxylic acid derivatives; N-acyl amines; Ceramides; Secondary alcohols; Secondary carboxylic acid amides; Long-chain ceramides; Carbonyl compounds; Fatty Acyls; Organic oxides; Hydrocarbon derivatives; Organopnictogen compounds; Organic oxygen compounds; Organic nitrogen compounds; Chemical entities	540.533	584	9.731	816975386410795734	816973461673707559	816973461669513254	2881	
2	C29H48	[M + H]+	C29H49+	Terpenoids	0.977	Steroids	0.741	Cholestane steroids	0.617	Lipids and lipid-like molecules	0.982	Steroids and steroid derivatives	0.813					Steroids and steroid derivatives	0.813	Organic compounds; Lipids and lipid-like molecules; Steroids and steroid derivatives; Prenol lipids; Hydrocarbons; Olefins; Cyclic olefins; Polycyclic hydrocarbons; Unsaturated hydrocarbons; Unsaturated aliphatic hydrocarbons; Branched unsaturated hydrocarbons; Chemical entities	397.381	584	9.735	816975393528530064	816973461749205041	816973461749205040	2890	
1	C29H44O4	[M - H2O + H]+	C29H43O3+	Terpenoids	0.995	Triterpenoids	0.946	Lanostane, Tirucallane and Euphane triterpenoids	0.141	Lipids and lipid-like molecules	0.982	Prenol lipids	0.919	Triterpenoids	0.552			Triterpenoids	0.552	Organic compounds; Lipids and lipid-like molecules; Ketones; Prenol lipids; Organic acids and derivatives; Carboxylic acids and derivatives; Organooxygen compounds; Monocarboxylic acids and derivatives; Carboxylic acids; Triterpenoids; Carbonyl compounds; Organic oxides; Hydrocarbon derivatives; Organic oxygen compounds; Chemical entities	439.319	584	9.735	816975398108710569	816973461803730998	816973461803730997	2886	
2	C30H48	[M + H]+	C30H49+	Terpenoids	0.998	Triterpenoids	0.884	Neohopane triterpenoids	0.135	Lipids and lipid-like molecules	0.980	Prenol lipids	0.917	Triterpenoids	0.521			Triterpenoids	0.521	Organic compounds; Lipids and lipid-like molecules; Prenol lipids; Triterpenoids; Hydrocarbons; Olefins; Cyclic olefins; Polycyclic hydrocarbons; Unsaturated hydrocarbons; Unsaturated aliphatic hydrocarbons; Branched unsaturated hydrocarbons; Chemical entities	409.381	585	9.748	816975396913333826	816973461849868347	816973461845674042	2894	
1	C26H32O3	[M + Na]+	C26H32NaO3+	Terpenoids	0.912	Carotenoids (C40)	0.326	Apocarotenoids (β-)	0.088	Benzenoids	0.835							Benzenoids	0.835	Organic compounds; Lipids and lipid-like molecules; Ketones; Prenol lipids; Organic acids and derivatives; Organooxygen compounds; Carbonyl compounds; Benzenoids; Organic oxides; Hydrocarbon derivatives; Organic oxygen compounds; Chemical entities	415.223	585	9.753	816975399199229642	816973461891811392	816973461891811391	2900	
1	C18H24N4O3	[M + H]+	C18H25N4O3+	Alkaloids	0.565	Small peptides	0.646	Dipeptides	0.280	Organic acids and derivatives	0.934	Carboxylic acids and derivatives	0.880	Amino acids, peptides, and analogues	0.538	Amino acids and derivatives	0.537	Amino acids and derivatives	0.537	Organic compounds; Organoheterocyclic compounds; Amino acids, peptides, and analogues; Organic acids and derivatives; Carboxylic acids and derivatives; Organonitrogen compounds; Organooxygen compounds; Amino acids and derivatives; Azoles; Carboxylic acid amides; Carboxylic acid derivatives; Monocarboxylic acids and derivatives; Carbonyl compounds; Amines; Organic oxides; Azacyclic compounds; Heteroaromatic compounds; Hydrocarbon derivatives; Organopnictogen compounds; Organic oxygen compounds; Organic nitrogen compounds; Chemical entities	345.192	585	9.754	816975424960647815	816973461929560133	816973461929560132	2901	
1	C21H46OSi	[M + H]+	C21H47OSi+	Fatty acids	0.991	Fatty acyls	0.979	Fatty alcohols	0.970	Organic oxygen compounds	0.996	Organooxygen compounds	0.986	Alcohols and polyols	0.794	Primary alcohols	0.719	Primary alcohols	0.719	Organic compounds; Alcohols and polyols; Primary alcohols; Organooxygen compounds; Hydrocarbon derivatives; Organic oxygen compounds; Chemical entities	343.338	585	9.754	816975419197672715	816973461963114570	816973461963114569	2903	
3	C18H32O8	[M + H]+	C18H33O8+	Fatty acids	0.920	Fatty acyl glycosides	0.531	Dicarboxylic acids	0.376	Lipids and lipid-like molecules	0.839	Fatty Acyls	0.841	Fatty acid esters	0.637			Fatty acid esters	0.637	Organic compounds; Lipids and lipid-like molecules; Alcohols and polyols; Organic acids and derivatives; Carboxylic acids and derivatives; Organooxygen compounds; Fatty acid esters; Dicarboxylic acids and derivatives; Carboxylic acid derivatives; Carboxylic acid esters; Secondary alcohols; Carbonyl compounds; Fatty Acyls; Organic oxides; Oxacyclic compounds; Hydrocarbon derivatives; Organic oxygen compounds; Chemical entities	377.218	585	9.755	816975429448553482	816973462000863311	816973461996669006	2904	
8	C16H26F4O3	[M + H]+	C16H27F4O3+	Fatty acids	0.612	Fatty Acids and Conjugates	0.486	Halogenated fatty acids	0.630	Lipids and lipid-like molecules	0.778	Fatty Acyls	0.614	Fatty acids and conjugates	0.371	Halogenated fatty acids	0.500	Halogenated fatty acids	0.500	Organic compounds; Lipids and lipid-like molecules; Alcohols and polyols; Organic acids and derivatives; Carboxylic acids and derivatives; Organohalogen compounds; Organooxygen compounds; Halogenated fatty acids; Alkyl fluorides; Monocarboxylic acids and derivatives; Organofluorides; Carbonyl compounds; Alkyl halides; Fatty Acyls; Organic oxides; Hydrocarbon derivatives; Organic oxygen compounds; Chemical entities	343.191	585	9.755	816975419868761577	816973462034417748	816973462034417747	2905	
1	C24H50NO7P	[M + Na]+	C24H50NNaO7P+	Fatty acids	0.999	Glycerophospholipids	1.000	Glycerophosphocholines	0.998	Lipids and lipid-like molecules	0.978	Glycerophospholipids	0.998	Glycerophosphocholines	0.995	Lysophosphatidylcholines	0.968	1-acyl-sn-glycero-3-phosphocholines	0.958	Organic compounds; Lipids and lipid-like molecules; Alcohols and polyols; Glycerophospholipids; Organic acids and derivatives; Carboxylic acids and derivatives; Organonitrogen compounds; Organooxygen compounds; Fatty acid esters; Organic phosphoric acids and derivatives; Phosphate esters; Quaternary ammonium salts; Cholines; Carboxylic acid derivatives; Monocarboxylic acids and derivatives; Carboxylic acid esters; Phosphocholines; Lysophosphatidylcholines; 1-acyl-sn-glycero-3-phosphocholines; Secondary alcohols; Carbonyl compounds; Glycerophosphocholines; Amines; Alkyl phosphates; Dialkyl phosphates; Organic cations; Organic salts; Fatty Acyls; Organic oxides; Hydrocarbon derivatives; Tetraalkylammonium salts; Organopnictogen compounds; Organic oxygen compounds; Organic nitrogen compounds; Chemical entities	518.320	585	9.757	816975420430798475	816973462067972185	816973462067972184	2906	
1	C19H39O7P	[M + Na]+	C19H39NaO7P+	Fatty acids	1.000	Glycerophospholipids	1.000	Glycerophosphates	0.986	Lipids and lipid-like molecules	0.994	Glycerophospholipids	0.997	Glycerophosphates	0.966	Monoacylglycerophosphates	0.939	1-acylglycerol-3-phosphates	0.936	Organic compounds; Lipids and lipid-like molecules; Alcohols and polyols; Glycerophospholipids; Organic acids and derivatives; Carboxylic acids and derivatives; Organooxygen compounds; Fatty acid esters; Organic phosphoric acids and derivatives; Phosphate esters; Carboxylic acid derivatives; Monocarboxylic acids and derivatives; Carboxylic acid esters; Lysophosphatidic acids; Secondary alcohols; Monoacylglycerophosphates; 1-acylglycerol-3-phosphates; Carbonyl compounds; Glycerophosphates; Alkyl phosphates; Monoalkyl phosphates; Fatty Acyls; Organic oxides; Hydrocarbon derivatives; Organic oxygen compounds; Chemical entities	433.233	585	9.758	816975426353156895	816973462101526622	816973462101526621	2910	
1	C24H50NO7P	[M + H]+	C24H51NO7P+	Fatty acids	0.998	Glycerophospholipids	1.000	Glycerophosphocholines	0.998	Lipids and lipid-like molecules	0.969	Glycerophospholipids	0.995	Glycerophosphocholines	0.990	Lysophosphatidylcholines	0.944	1-acyl-sn-glycero-3-phosphocholines	0.943	Organic compounds; Lipids and lipid-like molecules; Alcohols and polyols; Glycerophospholipids; Organic acids and derivatives; Carboxylic acids and derivatives; Organonitrogen compounds; Organooxygen compounds; Fatty acid esters; Organic phosphoric acids and derivatives; Phosphate esters; Quaternary ammonium salts; Cholines; Carboxylic acid derivatives; Monocarboxylic acids and derivatives; Carboxylic acid esters; Phosphocholines; Lysophosphatidylcholines; 1-acyl-sn-glycero-3-phosphocholines; Secondary alcohols; Carbonyl compounds; Glycerophosphocholines; Amines; Alkyl phosphates; Dialkyl phosphates; Organic cations; Organic salts; Fatty Acyls; Organic oxides; Hydrocarbon derivatives; Tetraalkylammonium salts; Organopnictogen compounds; Organic oxygen compounds; Organic nitrogen compounds; Chemical entities	496.338	586	9.763	816975420460158620	816973462172829800	816973462172829799	2915	
1	C31H54O3	[M + H]+	C31H55O3+	Terpenoids	0.715	Steroids	0.235	Catechols with side chains	0.101	Benzenoids	0.992	Benzene and substituted derivatives	0.967	Phenylpropanes	0.557			Phenylpropanes	0.557	Organic compounds; Lipids and lipid-like molecules; Phenols; Organic acids and derivatives; Carboxylic acids and derivatives; Organooxygen compounds; Fatty acid esters; Carboxylic acid derivatives; Monocarboxylic acids and derivatives; Carboxylic acid esters; Carbonyl compounds; Benzene and substituted derivatives; Benzenoids; Phenylpropanes; Fatty Acyls; Organic oxides; Hydrocarbon derivatives; Organic oxygen compounds; Chemical entities	475.413	588	9.808	816975419336084832	816973462470625424	816973462470625423	2921	
1	C19H34O5	[M + K]+	C19H34KO5+	Polyketides	0.472	Cyclic polyketides	0.192	Macrolide lactones	0.488	Lipids and lipid-like molecules	0.504							Lipids and lipid-like molecules	0.504	Organic compounds; Organoheterocyclic compounds; Lipids and lipid-like molecules; Organic acids and derivatives; Carboxylic acids and derivatives; Organooxygen compounds; Carboxylic acid derivatives; Carboxylic acid esters; Carbonyl compounds; Organic oxides; Oxacyclic compounds; Hydrocarbon derivatives; Organic oxygen compounds; Chemical entities	381.205	588	9.808	816975425031951008	816973462432876683	816973462432876682	2930	
1	C36H73NO3	[M + H]+	C36H74NO3+	Fatty acids	1.000	Spingolipids	0.954	Ceramides	0.932	Lipids and lipid-like molecules	0.994	Sphingolipids	0.505	Ceramides	0.705			Ceramides	0.705	Organic compounds; Lipids and lipid-like molecules; Alcohols and polyols; Sphingolipids; Organic acids and derivatives; Carboxylic acids and derivatives; Organonitrogen compounds; Primary alcohols; Organooxygen compounds; Fatty amides; Carboxylic acid amides; Carboxylic acid derivatives; N-acyl amines; Ceramides; Secondary carboxylic acid amides; Carbonyl compounds; Fatty Acyls; Organic oxides; Hydrocarbon derivatives; Organopnictogen compounds; Organic oxygen compounds; Organic nitrogen compounds; Chemical entities	568.572	590	9.830	816975432392955425	816973462499985557	816973462499985556	2935	
1	C18H37NO	[M + H]+	C18H38NO+	Fatty acids	1.000	Fatty amides	0.999	Primary amides	1.000	Lipids and lipid-like molecules	0.909	Fatty Acyls	0.917	Fatty amides	0.921			Fatty amides	0.921	Organic compounds; Lipids and lipid-like molecules; Organic acids and derivatives; Carboxylic acids and derivatives; Organonitrogen compounds; Organooxygen compounds; Fatty amides; Carboxylic acid amides; Carboxylic acid derivatives; Primary carboxylic acid amides; Carbonyl compounds; Fatty Acyls; Organic oxides; Hydrocarbon derivatives; Organopnictogen compounds; Organic oxygen compounds; Organic nitrogen compounds; Chemical entities	284.292	591	9.850	816975429847012436	816973462659369129	816973462659369128	2943	
1	C21H42O4	[M + Na]+	C21H42NaO4+	Polyketides	0.440	Cyclic polyketides	0.311	Open-chain polyketides	0.373	Lipids and lipid-like molecules	0.621							Lipids and lipid-like molecules	0.621	Organic compounds; Lipids and lipid-like molecules; Alcohols and polyols; Organic acids and derivatives; Carboxylic acids and derivatives; Organooxygen compounds; Carbonyl compounds; Organic oxides; Hydrocarbon derivatives; Organic oxygen compounds; Chemical entities	381.296	591	9.853	816975431424071021	816973462734866611	816973462734866610	2945	
1	C36H62O4	[M + H]+	C36H63O4+	Fatty acids	0.861	Glycerolipids	0.600	Diacylglycerols	0.183	Lipids and lipid-like molecules	0.988	Fatty Acyls	0.852					Fatty Acyls	0.852	Organic compounds; Lipids and lipid-like molecules; Alcohols and polyols; Organic acids and derivatives; Carboxylic acids and derivatives; Organooxygen compounds; Carboxylic acid derivatives; Monocarboxylic acids and derivatives; Carboxylic acid esters; Secondary alcohols; Carbonyl compounds; Fatty Acyls; Organic oxides; Hydrocarbon derivatives; Organic oxygen compounds; Chemical entities	559.470	591	9.855	816975436310436988	816973462772615352	816973462768421047	2948	
1	C21H42O4	[M + H]+	C21H43O4+	Fatty acids	0.992	Fatty acyls	0.799	Fatty alcohols	0.917	Lipids and lipid-like molecules	0.978	Fatty Acyls	0.968	Fatty alcohol esters	0.626			Fatty alcohol esters	0.626	Organic compounds; Lipids and lipid-like molecules; Alcohols and polyols; Glycerolipids; Organic acids and derivatives; Carboxylic acids and derivatives; Primary alcohols; Organooxygen compounds; Fatty acid esters; Carboxylic acid derivatives; Monoacylglycerols; Monocarboxylic acids and derivatives; Carboxylic acid esters; Fatty alcohols; Secondary alcohols; Fatty alcohol esters; Carbonyl compounds; Monoradylglycerols; Fatty Acyls; Organic oxides; Hydrocarbon derivatives; Organic oxygen compounds; Chemical entities	359.314	591	9.856	816975432598476655	816973462810364093	816973462810364092	2949	
1	C16H32O3	[M + Na]+	C16H32NaO3+	Fatty acids	0.861	Fatty Acids and Conjugates	0.300	Fatty alcohols	0.216	Lipids and lipid-like molecules	0.842	Fatty Acyls	0.801					Fatty Acyls	0.801	Organic compounds; Lipids and lipid-like molecules; Alcohols and polyols; Organic acids and derivatives; Carboxylic acids and derivatives; Organooxygen compounds; Monocarboxylic acids and derivatives; Carbonyl compounds; Fatty Acyls; Organic oxides; Hydrocarbon derivatives; Organic oxygen compounds; Chemical entities	295.222	592	9.865	816975492971297950	816973462965553356	816973462961359051	2965	
4	C16H30O2	[M + Na]+	C16H30NaO2+	Terpenoids	0.924	Sesquiterpenoids	0.776	Norlabdane diterpenoids	0.196	Lipids and lipid-like molecules	0.841	Prenol lipids	0.635	Sesquiterpenoids	0.533			Sesquiterpenoids	0.533	Organic compounds; Lipids and lipid-like molecules; Alcohols and polyols; Prenol lipids; Organooxygen compounds; Sesquiterpenoids; Tertiary alcohols; Hydrocarbon derivatives; Organic oxygen compounds; Chemical entities	277.215	592	9.866	816975482221295071	816973463041050833	816973463041050832	2954	
1	C34H67NO	[M + H]+	C34H68NO+	Fatty acids	0.999	Fatty amides	0.990	Primary amides	0.485	Lipids and lipid-like molecules	0.964	Fatty Acyls	0.942	Fatty amides	0.962	N-acyl amines	0.855	N-acyl amines	0.855	Organic compounds; Lipids and lipid-like molecules; Organic acids and derivatives; Carboxylic acids and derivatives; Organonitrogen compounds; Organooxygen compounds; Fatty amides; Carboxylic acid amides; Carboxylic acid derivatives; N-acyl amines; Secondary carboxylic acid amides; Carbonyl compounds; Fatty Acyls; Organic oxides; Hydrocarbon derivatives; Organopnictogen compounds; Organic oxygen compounds; Organic nitrogen compounds; Chemical entities	506.528	592	9.874	816975482439398963	816973463145908443	816973463145908442	2957	
1	C35H68O5	[M + Na]+	C35H68NaO5+	Fatty acids	1.000	Glycerolipids	1.000	Diacylglycerols	1.000	Lipids and lipid-like molecules	0.993	Glycerolipids	0.996	Diradylglycerols	0.992	Diacylglycerols	0.996	1,2-diacylglycerols	0.985	Organic compounds; Lipids and lipid-like molecules; Alcohols and polyols; Glycerolipids; Organic acids and derivatives; Carboxylic acids and derivatives; Primary alcohols; Organooxygen compounds; Fatty acid esters; Dicarboxylic acids and derivatives; Carboxylic acid derivatives; Diacylglycerols; Carboxylic acid esters; 1,2-diacylglycerols; Carbonyl compounds; Diradylglycerols; Fatty Acyls; Organic oxides; Hydrocarbon derivatives; Organic oxygen compounds; Chemical entities	591.497	593	9.886	816975480463881198	816973463179462880	816973463179462879	2960	
1	C17H35N2O	[M + H]+	C17H36N2O+	Fatty acids	0.999	Fatty amides	0.998	Primary amides	0.951	Lipids and lipid-like molecules	0.911	Fatty Acyls	0.899	Fatty amides	0.926	N-acyl amines	0.755	N-acyl amines	0.755	Organic compounds; Lipids and lipid-like molecules; Organic acids and derivatives; Carboxylic acids and derivatives; Organonitrogen compounds; Organooxygen compounds; Fatty amides; Carboxylic acid amides; Carboxylic acid derivatives; N-acyl amines; Secondary carboxylic acid amides; Carbonyl compounds; Fatty Acyls; Organic oxides; Hydrocarbon derivatives; Organopnictogen compounds; Organic oxygen compounds; Organic nitrogen compounds; Chemical entities	284.283	593	9.888	816975453708415232	816973463267543274	816973463263348969	3021	
1	C36H64O5	[M + H3N + H]+	C36H68NO5+	Fatty acids	0.997	Fatty esters	0.955	Fatty acid estolides	0.984	Lipids and lipid-like molecules	0.998	Fatty Acyls	0.989	Fatty acids and conjugates	0.418	Long-chain fatty acids	0.602	Long-chain fatty acids	0.602	Organic compounds; Lipids and lipid-like molecules; Organic acids and derivatives; Carboxylic acids and derivatives; Organooxygen compounds; Fatty acid esters; Dicarboxylic acids and derivatives; Carboxylic acid derivatives; Carboxylic acids; Carboxylic acid esters; Carbonyl compounds; Long-chain fatty acids; Fatty Acyls; Organic oxides; Hydrocarbon derivatives; Organic oxygen compounds; Chemical entities	594.507	594	9.893	816975470343025480	816973463309486319	816973463305292014	2964	
7	C29H50N4O9	[M + H]+	C29H51N4O9+	Amino acids and Peptides	0.918	Oligopeptides	0.870	Tripeptides	0.177	Organic acids and derivatives	0.998	Carboxylic acids and derivatives	0.995	Amino acids, peptides, and analogues	0.982	Peptides	0.772	Peptides	0.772	Organic compounds; Lipids and lipid-like molecules; Amino acids, peptides, and analogues; Alpha amino acids and derivatives; Organic acids and derivatives; Carboxylic acids and derivatives; Organonitrogen compounds; Organooxygen compounds; Fatty amides; Amino acids and derivatives; Peptides; Carboxylic acid amides; Carboxylic acid derivatives; N-acyl amines; Monocarboxylic acids and derivatives; N-acyl-alpha amino acids and derivatives; Carboxylic acid esters; Secondary carboxylic acid amides; Carbonyl compounds; Alpha amino acid amides; Fatty Acyls; Organic oxides; Hydrocarbon derivatives; Organopnictogen compounds; Organic oxygen compounds; Organic nitrogen compounds; Chemical entities	599.362	594	9.898	816975459391697259	816973463359817972	816973463359817971	2970	
1	C31H46O10	[M + K]+	C31H46KO10+	Terpenoids	0.813	Triterpenoids	0.373	Cucurbitane triterpenoids	0.091	Lipids and lipid-like molecules	0.950	Steroids and steroid derivatives	0.502					Steroids and steroid derivatives	0.502	Organic compounds; Organoheterocyclic compounds; Carbohydrates and carbohydrate conjugates; Lipids and lipid-like molecules; Alcohols and polyols; Ethers; Steroids and steroid derivatives; Prenol lipids; Primary alcohols; Organooxygen compounds; Cyclic alcohols and derivatives; Hexoses; Monosaccharides; Acetals; Secondary alcohols; Oxanes; Terpene glycosides; Glycosyl compounds; O-glycosyl compounds; Polyols; Organic oxides; Oxacyclic compounds; Hydrocarbon derivatives; Organic oxygen compounds; Chemical entities	617.268	594	9.905	816975529914729731	816973463477258499	816973463477258498	2975	
1	C36H64O5	[M + Na]+	C36H64NaO5+	Fatty acids	0.986	Glycerolipids	0.979	Diacylglycerols	0.899	Lipids and lipid-like molecules	0.997	Glycerolipids	0.650	Diradylglycerols	0.408	Diacylglycerols	0.552	1,2-diacylglycerols	0.648	Organic compounds; Lipids and lipid-like molecules; Alcohols and polyols; Glycerolipids; Organic acids and derivatives; Carboxylic acids and derivatives; Organooxygen compounds; Fatty acid esters; Dicarboxylic acids and derivatives; Carboxylic acid derivatives; Diacylglycerols; Carboxylic acid esters; 1,2-diacylglycerols; Secondary alcohols; Carbonyl compounds; Fatty Acyls; Organic oxides; Hydrocarbon derivatives; Organic oxygen compounds; Chemical entities	599.463	595	9.911	816975482636531310	816973463531784456	816973463531784455	2990	
4	C36H65FN2O2	[M + H]+	C36H66FN2O2+	Fatty acids	1.000	Fatty esters	0.654	Wax monoesters	0.145	Lipids and lipid-like molecules	0.975	Fatty Acyls	0.965	Fatty acid esters	0.805			Fatty acid esters	0.805	Organic compounds; Lipids and lipid-like molecules; Organic acids and derivatives; Carboxylic acids and derivatives; Organohalogen compounds; Organonitrogen compounds; Organooxygen compounds; Fatty acid esters; Alkyl fluorides; Carboxylic acid derivatives; Monocarboxylic acids and derivatives; Carboxylic acid esters; Organofluorides; Carbonyl compounds; Alkyl halides; Fatty Acyls; Organic oxides; Hydrocarbon derivatives; Organopnictogen compounds; Organic oxygen compounds; Organic nitrogen compounds; Chemical entities	577.505	595	9.916	816975496465153779	816973463603087634	816973463603087633	2974	
3	C32H42O8	[M + Na]+	C32H42NaO8+	Polyketides	0.798	Aromatic polyketides	0.135	Prenyl quinone meroterpenoids	0.113	Benzenoids	0.780	Phenols	0.591					Phenols	0.591	Organic compounds; Organoheterocyclic compounds; Lipids and lipid-like molecules; Alcohols and polyols; Phenols; Ethers; Organic acids and derivatives; Carboxylic acids and derivatives; Organooxygen compounds; Carboxylic acid derivatives; Carboxylic acid esters; Carbonyl compounds; Benzene and substituted derivatives; Benzenoids; Fatty Acyls; Organic oxides; Oxacyclic compounds; Hydrocarbon derivatives; Organic oxygen compounds; Chemical entities	577.275	595	9.922	816975551423121447	816973463636642071	816973463636642070	2985	
1	C21H46OSi	[M + H]+	C21H47OSi+	Fatty acids	0.994	Fatty acyls	0.987	Fatty alcohols	0.976	Lipids and lipid-like molecules	0.533	Fatty Acyls	0.552	Fatty alcohols	0.522			Fatty alcohols	0.522	Organic compounds; Lipids and lipid-like molecules; Alcohols and polyols; Primary alcohols; Organooxygen compounds; Fatty alcohols; Fatty Acyls; Hydrocarbon derivatives; Organic oxygen compounds; Chemical entities	343.338	595	9.924	816975488814741636	816973463678585116	816973463678585115	2994	
1	C31H54O3	[M + H]+	C31H55O3+	Terpenoids	0.361	Sesquiterpenoids	0.126	Catechols with side chains	0.117	Benzenoids	0.998	Benzene and substituted derivatives	0.984	Phenylpropanes	0.565			Phenylpropanes	0.565	Organic compounds; Lipids and lipid-like molecules; Organic acids and derivatives; Carboxylic acids and derivatives; Organooxygen compounds; Fatty acid esters; Carboxylic acid derivatives; Monocarboxylic acids and derivatives; Carboxylic acid esters; Carbonyl compounds; Benzene and substituted derivatives; Benzenoids; Phenylpropanes; Fatty Acyls; Organic oxides; Hydrocarbon derivatives; Organic oxygen compounds; Phenoxy compounds; Chemical entities	475.413	596	9.930	816975483764799256	816973463712139553	816973463712139552	3000	
2	C27H46O3	[M + H]+	C27H47O3+	Terpenoids	0.499	Meroterpenoids	0.352	Catechols with side chains	0.339	Benzenoids	0.995	Benzene and substituted derivatives	0.953	Phenoxy compounds	0.611			Phenoxy compounds	0.611	Organic compounds; Lipids and lipid-like molecules; Alkyl aryl ethers; Ethers; Organic acids and derivatives; Carboxylic acids and derivatives; Organooxygen compounds; Carboxylic acid derivatives; Monocarboxylic acids and derivatives; Carboxylic acid esters; Benzene and substituted derivatives; Benzenoids; Organic oxides; Hydrocarbon derivatives; Organic oxygen compounds; Phenoxy compounds; Chemical entities	419.350	596	9.939	816975460511576494	816973463749888294	816973463745693989	3018	
1	C30H48	[M + H]+	C30H49+	Terpenoids	0.999	Triterpenoids	0.959	Taraxerane triterpenoids	0.182	Lipids and lipid-like molecules	0.987	Prenol lipids	0.944	Triterpenoids	0.642			Triterpenoids	0.642	Organic compounds; Lipids and lipid-like molecules; Prenol lipids; Triterpenoids; Hydrocarbons; Olefins; Cyclic olefins; Polycyclic hydrocarbons; Unsaturated hydrocarbons; Unsaturated aliphatic hydrocarbons; Branched unsaturated hydrocarbons; Chemical entities	409.381	596	9.940	816975490664430189	816973463783442731	816973463783442730	3005	
1	C24H39FSi	[M + H]+	C24H40FSi+	Terpenoids	0.994	Diterpenoids	0.498	Laurane sesquiterpenoids	0.030	Benzenoids	0.683	Benzene and substituted derivatives	0.621	Halobenzenes	0.481	Fluorobenzenes	0.686	Fluorobenzenes	0.686	Organic compounds; Lipids and lipid-like molecules; Prenol lipids; Organohalogen compounds; Alkyl chlorides; Aryl fluorides; Fluorobenzenes; Organofluorides; Benzene and substituted derivatives; Benzenoids; Alkyl halides; Hydrocarbon derivatives; Hydrofluorocarbons; Chemical entities	375.285	597	9.944	816975493239733468	816973463938631994	816973463938631993	3012	
1	C36H58N2O6	[M + H]+	C36H59N2O6+	Amino acids and Peptides	0.508	Oligopeptides	0.325	Open-chain polyketides	0.232	Organic acids and derivatives	0.985	Carboxylic acids and derivatives	0.967	Amino acids, peptides, and analogues	0.604	Amino acids and derivatives	0.592	Amino acids and derivatives	0.592	Organic compounds; Organoheterocyclic compounds; Lipids and lipid-like molecules; Amino acids, peptides, and analogues; Alcohols and polyols; Organic acids and derivatives; Carboxylic acids and derivatives; Organonitrogen compounds; Organooxygen compounds; Amino acids and derivatives; Carboxylic acid amides; Carboxylic acid derivatives; Carboxylic acid esters; Secondary alcohols; Tertiary carboxylic acid amides; Carbonyl compounds; Fatty Acyls; Organic oxides; Azacyclic compounds; Hydrocarbon derivatives; Organopnictogen compounds; Organic oxygen compounds; Organic nitrogen compounds; Chemical entities	615.432	597	9.950	816975487720028158	816973464093821257	816973464093821256	2998	
1	C16H32	[M + Na]+	C16H32Na+	Fatty acids	0.681	Fatty acyls	0.848	Hydrocarbons	0.800	Hydrocarbons	0.996	Saturated hydrocarbons	0.813					Saturated hydrocarbons	0.813	Organic compounds; Hydrocarbons; Saturated hydrocarbons; Chemical entities	247.241	597	9.957	816975488089126964	816973464177707347	816973464173513042	3030	
2	C18H36O3	[M - H2O + H]+	C18H35O2+	Fatty acids	0.999	Fatty acyls	0.578	Fatty alcohols	0.752	Lipids and lipid-like molecules	0.974	Fatty Acyls	0.970	Fatty acids and conjugates	0.559	Long-chain fatty acids	0.616	Long-chain fatty acids	0.616	Organic compounds; Lipids and lipid-like molecules; Alcohols and polyols; Fatty acids and conjugates; Organic acids and derivatives; Carboxylic acids and derivatives; Primary alcohols; Organooxygen compounds; Monocarboxylic acids and derivatives; Fatty alcohols; Secondary alcohols; Carbonyl compounds; Long-chain fatty acids; Long-chain fatty alcohols; Fatty Acyls; Organic oxides; Hydrocarbon derivatives; Organic oxygen compounds; Chemical entities	283.262	597	9.958	816975493910822322	816973464379033959	816973464379033958	3031	
3	C19H37P	[M + H]+	C19H38P+	Fatty acids	0.491	Fatty acyls	0.479	Hydrocarbons	0.043	Organophosphorus compounds	0.916	Organic phosphines and derivatives	0.504					Organic phosphines and derivatives	0.504	Organic compounds; Organophosphorus compounds; Organic phosphines and derivatives; Hydrocarbon derivatives; Chemical entities	297.269	597	9.958	816975493227150545	816973464429365612	816973464429365611	3032	
1	C29H46	[M + H]+	C29H47+	Terpenoids	0.992	Steroids	0.373	Ergostane steroids	0.208	Lipids and lipid-like molecules	0.984	Steroids and steroid derivatives	0.609					Steroids and steroid derivatives	0.609	Organic compounds; Lipids and lipid-like molecules; Steroids and steroid derivatives; Prenol lipids; Hydrocarbons; Olefins; Cyclic olefins; Polycyclic hydrocarbons; Unsaturated hydrocarbons; Unsaturated aliphatic hydrocarbons; Branched unsaturated hydrocarbons; Chemical entities	395.366	598	9.959	816975493889850785	816973464467114353	816973464467114352	3034	
3	C18H36O3	[M - H4O2 + H]+	C18H33O+	Fatty acids	0.991	Fatty acyls	0.622	Fatty alcohols	0.854	Lipids and lipid-like molecules	0.965	Fatty Acyls	0.941	Fatty acids and conjugates	0.407	Long-chain fatty acids	0.549	Long-chain fatty acids	0.549	Organic compounds; Lipids and lipid-like molecules; Alcohols and polyols; Organic acids and derivatives; Carboxylic acids and derivatives; Primary alcohols; Organooxygen compounds; Monocarboxylic acids and derivatives; Fatty alcohols; Secondary alcohols; Carbonyl compounds; Long-chain fatty acids; Long-chain fatty alcohols; Fatty Acyls; Organic oxides; Hydrocarbon derivatives; Organic oxygen compounds; Chemical entities	265.251	598	9.960	816975494762266215	816973464517446006	816973464513251701	3037	
1	C26H52NO7P	[M + Na]+	C26H52NNaO7P+	Fatty acids	1.000	Glycerophospholipids	1.000	Glycerophosphocholines	0.999	Lipids and lipid-like molecules	0.987	Glycerophospholipids	0.999	Glycerophosphocholines	0.997	Lysophosphatidylcholines	0.982	1-acyl-sn-glycero-3-phosphocholines	0.971	Organic compounds; Lipids and lipid-like molecules; Alcohols and polyols; Glycerophospholipids; Organic acids and derivatives; Carboxylic acids and derivatives; Organonitrogen compounds; Organooxygen compounds; Fatty acid esters; Organic phosphoric acids and derivatives; Phosphate esters; Quaternary ammonium salts; Cholines; Carboxylic acid derivatives; Monocarboxylic acids and derivatives; Carboxylic acid esters; Phosphocholines; Lysophosphatidylcholines; 1-acyl-sn-glycero-3-phosphocholines; Secondary alcohols; Carbonyl compounds; Glycerophosphocholines; Amines; Alkyl phosphates; Dialkyl phosphates; Organic cations; Organic salts; Fatty Acyls; Organic oxides; Hydrocarbon derivatives; Tetraalkylammonium salts; Organopnictogen compounds; Organic oxygen compounds; Organic nitrogen compounds; Chemical entities	544.336	598	9.967	816975495445937870	816973464555194747	816973464555194746	3042	
1	C22H36O	[M + H3N + H]+	C22H40NO+	Terpenoids	0.983	Diterpenoids	0.607	Beyerane diterpenoids	0.058	Lipids and lipid-like molecules	0.949	Prenol lipids	0.814	Diterpenoids	0.736			Diterpenoids	0.736	Organic compounds; Lipids and lipid-like molecules; Prenol lipids; Organooxygen compounds; Diterpenoids; Carbonyl compounds; Organic oxides; Hydrocarbon derivatives; Organic oxygen compounds; Chemical entities	334.309	599	9.975	816975497111076630	816973464592943488	816973464592943487	3050	
1	C27H48N4O6	[M + H]+	C27H49N4O6+	Fatty acids	0.998	Spingolipids	0.894	Sphingoid bases	0.057	Lipids and lipid-like molecules	0.940	Sphingolipids	0.653					Sphingolipids	0.653	Organic compounds; Lipids and lipid-like molecules; Alcohols and polyols; Sphingolipids; Organic acids and derivatives; Carboxylic acids and derivatives; Organonitrogen compounds; Organooxygen compounds; Fatty amides; Carboxylic acid amides; Carboxylic acid derivatives; N-acyl amines; Organic nitro compounds; Organic oxoazanium compounds; Secondary alcohols; Secondary carboxylic acid amides; Carbonyl compounds; Amines; Organic zwitterions; Organic 1,3-dipolar compounds; Allyl-type 1,3-dipolar organic compounds; Organic salts; Fatty Acyls; Organic oxides; C-nitro compounds; Hydrocarbon derivatives; Tetraalkylammonium salts; Organopnictogen compounds; Organic oxygen compounds; Organic nitrogen compounds; Chemical entities	525.363	599	9.977	816975525502321752	816973464689412490	816973464689412489	3044	
1	C26H52NO7P	[M + H]+	C26H53NO7P+	Fatty acids	1.000	Glycerophospholipids	1.000	Glycerophosphocholines	0.998	Lipids and lipid-like molecules	0.987	Glycerophospholipids	0.999	Glycerophosphocholines	0.998	Lysophosphatidylcholines	0.979	1-acyl-sn-glycero-3-phosphocholines	0.954	Organic compounds; Lipids and lipid-like molecules; Alcohols and polyols; Glycerophospholipids; Organic acids and derivatives; Carboxylic acids and derivatives; Organonitrogen compounds; Organooxygen compounds; Fatty acid esters; Organic phosphoric acids and derivatives; Phosphate esters; Quaternary ammonium salts; Cholines; Carboxylic acid derivatives; Monocarboxylic acids and derivatives; Carboxylic acid esters; Phosphocholines; Lysophosphatidylcholines; 1-acyl-sn-glycero-3-phosphocholines; Secondary alcohols; Carbonyl compounds; Glycerophosphocholines; Amines; Alkyl phosphates; Dialkyl phosphates; Organic cations; Organic salts; Fatty Acyls; Organic oxides; Hydrocarbon derivatives; Tetraalkylammonium salts; Organopnictogen compounds; Organic oxygen compounds; Organic nitrogen compounds; Chemical entities	522.354	599	9.977	816975530195748138	816973464743938447	816973464743938446	3053	
6	C31H37N3O3	[M + Na]+	C31H37N3NaO3+	Alkaloids	0.893	Tryptophan alkaloids	0.932	Corynanthe type	0.116	Organic acids and derivatives	0.930	Carboxylic acids and derivatives	0.923	Amino acids, peptides, and analogues	0.727	Amino acids and derivatives	0.722	Amino acids and derivatives	0.722	Organic compounds; Organoheterocyclic compounds; Amino acids, peptides, and analogues; Indoles and derivatives; Organic acids and derivatives; Carboxylic acids and derivatives; Organonitrogen compounds; Organooxygen compounds; Amino acids and derivatives; Carboxylic acid amides; Carboxylic acid derivatives; Carbonyl compounds; Benzene and substituted derivatives; Benzenoids; Amines; Aralkylamines; Organic oxides; Azacyclic compounds; Heteroaromatic compounds; Hydrocarbon derivatives; Organopnictogen compounds; Organic oxygen compounds; Organic nitrogen compounds; Chemical entities	522.274	599	9.980	816975549242083329	816973464790075796	816973464790075795	3049	
1	C39H68O10	[M + H]+	C39H69O10+	Fatty acids	1.000	Glycerolipids	1.000	Diacylglycerols	0.904	Lipids and lipid-like molecules	0.990	Glycerolipids	0.999	Diradylglycerols	0.865	Diacylglycerols	0.643	1,2-diacylglycerols	0.650	Organic compounds; Lipids and lipid-like molecules; Alcohols and polyols; Glycerolipids; Ethers; Organic acids and derivatives; Carboxylic acids and derivatives; Primary alcohols; Organooxygen compounds; Fatty acid esters; Dicarboxylic acids and derivatives; Carboxylic acid derivatives; Diacylglycerols; Carboxylic acid esters; 1,2-diacylglycerols; Secondary alcohols; Carbonyl compounds; Polyols; Diradylglycerols; Fatty Acyls; Organic oxides; Hydrocarbon derivatives; Organic oxygen compounds; Chemical entities	697.488	599	9.982	816975557462919637	816973464827824537	816973464823630232	3057	
1	C29H48O	[M + H]+	C29H49O+	Terpenoids	0.999	Steroids	0.995	Cholestane steroids	0.393	Lipids and lipid-like molecules	0.995	Steroids and steroid derivatives	0.971					Steroids and steroid derivatives	0.971	Organic compounds; Lipids and lipid-like molecules; Alcohols and polyols; Steroids and steroid derivatives; Prenol lipids; Organooxygen compounds; Cyclic alcohols and derivatives; Secondary alcohols; Hydrocarbon derivatives; Organic oxygen compounds; Chemical entities	413.376	600	9.998	816975632842957280	816973464886544798	816973464886544797	3064	
1	C38H71NO3	[M + H]+	C38H72NO3+	Fatty acids	1.000	Spingolipids	1.000	Ceramides	1.000	Lipids and lipid-like molecules	0.994	Sphingolipids	0.990	Ceramides	0.996	Long-chain ceramides	0.829	Long-chain ceramides	0.829	Organic compounds; Lipids and lipid-like molecules; Alcohols and polyols; Sphingolipids; Organic acids and derivatives; Carboxylic acids and derivatives; Organonitrogen compounds; Primary alcohols; Organooxygen compounds; Fatty amides; Carboxylic acid amides; Carboxylic acid derivatives; N-acyl amines; Ceramides; Secondary alcohols; Secondary carboxylic acid amides; Long-chain ceramides; Carbonyl compounds; Fatty Acyls; Organic oxides; Hydrocarbon derivatives; Organopnictogen compounds; Organic oxygen compounds; Organic nitrogen compounds; Chemical entities	590.549	600	10.006	816975551616059465	816973464936876451	816973464936876450	3086	
1	C21H42O4	[M + H]+	C21H43O4+	Fatty acids	0.998	Glycerolipids	0.998	Monoacylglycerols	0.998	Lipids and lipid-like molecules	0.993	Glycerolipids	0.991	Monoradylglycerols	0.982	Monoacylglycerols	0.872	1-monoacylglycerols	0.758	Organic compounds; Lipids and lipid-like molecules; Alcohols and polyols; Glycerolipids; Organic acids and derivatives; Carboxylic acids and derivatives; Primary alcohols; Organooxygen compounds; Fatty acid esters; Carboxylic acid derivatives; Monoacylglycerols; Monocarboxylic acids and derivatives; Carboxylic acid esters; 1-monoacylglycerols; Secondary alcohols; Carbonyl compounds; Polyols; 1,2-diols; Monoradylglycerols; Fatty Acyls; Organic oxides; Hydrocarbon derivatives; Organic oxygen compounds; Chemical entities	359.314	601	10.014	816975574386937592	816973465050122669	816973465050122668	3077	
1	C44H83NO8	[M + O + H]+	C44H84NO9+	Fatty acids	1.000	Spingolipids	1.000	Neutral glycosphingolipids	1.000	Lipids and lipid-like molecules	0.997	Sphingolipids	0.980	Glycosphingolipids	0.983	Neutral glycosphingolipids	0.826	Glycosyl-N-acylsphingosines	0.802	Organic compounds; Organoheterocyclic compounds; Carbohydrates and carbohydrate conjugates; Lipids and lipid-like molecules; Alcohols and polyols; Ethers; Sphingolipids; Organic acids and derivatives; Carboxylic acids and derivatives; Organonitrogen compounds; Primary alcohols; Organooxygen compounds; Fatty amides; Carboxylic acid amides; Carboxylic acid derivatives; N-acyl amines; Neutral glycosphingolipids; Simple glycosylceramides; Hexoses; Monosaccharides; Acetals; Secondary alcohols; Secondary carboxylic acid amides; Fatty acyl glycosides; Carbonyl compounds; Oxanes; Glycosyl compounds; Alkyl glycosides; O-glycosyl compounds; Polyols; Glycosphingolipids; Fatty acyl glycosides of mono- and disaccharides; Fatty Acyls; Organic oxides; Oxacyclic compounds; Hydrocarbon derivatives; Glycosyl-N-acylsphingosines; Organopnictogen compounds; Organic oxygen compounds; Organic nitrogen compounds; Chemical entities	770.612	601	10.014	816975568451996619	816973465100454322	816973465100454321	3078	
1	C21H42O4	[M + K]+	C21H42KO4+	Terpenoids	0.519	Diterpenoids	0.520	Monoacylglycerols	0.312	Lipids and lipid-like molecules	0.956	Fatty Acyls	0.737	Fatty acid esters	0.516			Fatty acid esters	0.516	Organic compounds; Lipids and lipid-like molecules; Alcohols and polyols; Organic acids and derivatives; Carboxylic acids and derivatives; Organooxygen compounds; Fatty acid esters; Carboxylic acid derivatives; Monocarboxylic acids and derivatives; Carboxylic acid esters; Secondary alcohols; Carbonyl compounds; Fatty Acyls; Organic oxides; Hydrocarbon derivatives; Organic oxygen compounds; Chemical entities	397.270	601	10.015	816975575901081472	816973465192729020	816973465192729019	3080	
1	C21H42O4	[M - H2O + H]+	C21H41O3+	Fatty acids	0.999	Glycerolipids	0.998	Monoacylglycerols	0.998	Lipids and lipid-like molecules	0.997	Glycerolipids	0.992	Monoradylglycerols	0.980	Monoacylglycerols	0.953	1-monoacylglycerols	0.867	Organic compounds; Lipids and lipid-like molecules; Alcohols and polyols; Glycerolipids; Organic acids and derivatives; Carboxylic acids and derivatives; Primary alcohols; Organooxygen compounds; Fatty acid esters; Carboxylic acid derivatives; Monoacylglycerols; Monocarboxylic acids and derivatives; Carboxylic acid esters; 1-monoacylglycerols; Secondary alcohols; Carbonyl compounds; Polyols; 1,2-diols; Monoradylglycerols; Fatty Acyls; Organic oxides; Hydrocarbon derivatives; Organic oxygen compounds; Chemical entities	341.304	601	10.015	816975569500572674	816973465243060673	816973465243060672	3081	
1	C21H42O4	[M + Na]+	C21H42NaO4+	Fatty acids	1.000	Glycerolipids	1.000	Monoacylglycerols	0.999	Lipids and lipid-like molecules	0.997	Glycerolipids	0.997	Monoradylglycerols	0.982	Monoacylglycerols	0.779	1-monoacylglycerols	0.550	Organic compounds; Lipids and lipid-like molecules; Alcohols and polyols; Glycerolipids; Ethers; Organic acids and derivatives; Carboxylic acids and derivatives; Primary alcohols; Organooxygen compounds; Fatty acid esters; Carboxylic acid derivatives; Monoacylglycerols; Monocarboxylic acids and derivatives; Dialkyl ethers; Carboxylic acid esters; 1-monoacylglycerols; Secondary alcohols; Carbonyl compounds; Polyols; Glycerol ethers; 1,2-diols; Monoalkylglycerols; Monoradylglycerols; Fatty Acyls; Organic oxides; Hydrocarbon derivatives; Organic oxygen compounds; Chemical entities	381.296	601	10.017	816975578904203429	816973465289198022	816973465289198021	3087	
1	C44H81NO8	[M + H]+	C44H82NO8+	Fatty acids	1.000	Spingolipids	1.000	Neutral glycosphingolipids	1.000	Lipids and lipid-like molecules	0.997	Sphingolipids	0.985	Glycosphingolipids	0.986	Neutral glycosphingolipids	0.799	Glycosyl-N-acylsphingosines	0.768	Organic compounds; Organoheterocyclic compounds; Carbohydrates and carbohydrate conjugates; Lipids and lipid-like molecules; Alcohols and polyols; Ethers; Sphingolipids; Organic acids and derivatives; Carboxylic acids and derivatives; Organonitrogen compounds; Primary alcohols; Organooxygen compounds; Fatty amides; Carboxylic acid amides; Carboxylic acid derivatives; N-acyl amines; Neutral glycosphingolipids; Simple glycosylceramides; Hexoses; Monosaccharides; Acetals; Secondary alcohols; Secondary carboxylic acid amides; Fatty acyl glycosides; Carbonyl compounds; Oxanes; Glycosyl compounds; Alkyl glycosides; O-glycosyl compounds; Polyols; Glycosphingolipids; Fatty acyl glycosides of mono- and disaccharides; Fatty Acyls; Organic oxides; Oxacyclic compounds; Hydrocarbon derivatives; Glycosyl-N-acylsphingosines; Organopnictogen compounds; Organic oxygen compounds; Organic nitrogen compounds; Chemical entities	752.601	601	10.019	816975587011793676	816973465339529675	816973465339529674	3090	
1	C30H60O9	[M + H]+	C30H61O9+	Terpenoids	0.853	Steroids	0.813	Pregnane steroids	0.296	Lipids and lipid-like molecules	0.930	Steroids and steroid derivatives	0.797	Hydroxysteroids	0.745	11-hydroxysteroids	0.571	11-hydroxysteroids	0.571	Organic compounds; Lipids and lipid-like molecules; Ketones; Alcohols and polyols; Ethers; Steroids and steroid derivatives; Organic acids and derivatives; Carboxylic acids and derivatives; Organooxygen compounds; Carboxylic acid derivatives; Oxosteroids; Carboxylic acid esters; Cyclic alcohols and derivatives; Hydroxysteroids; Secondary alcohols; Tertiary alcohols; Carbonyl compounds; Polyols; 11-hydroxysteroids; Organic oxides; Hydrocarbon derivatives; Organic oxygen compounds; Chemical entities	565.428	601	10.020	816975587192148774	816973465423415765	816973465423415764	3094	
3	C34H66O4	[M + Na]+	C34H66NaO4+	Fatty acids	1.000	Fatty esters	0.996	Fatty acid estolides	0.988	Lipids and lipid-like molecules	0.999	Fatty Acyls	0.994	Fatty acids and conjugates	0.477	Long-chain fatty acids	0.659	Long-chain fatty acids	0.659	Organic compounds; Lipids and lipid-like molecules; Organic acids and derivatives; Carboxylic acids and derivatives; Organooxygen compounds; Fatty acid esters; Dicarboxylic acids and derivatives; Carboxylic acid derivatives; Carboxylic acids; Carboxylic acid esters; Carbonyl compounds; Long-chain fatty acids; Fatty Acyls; Organic oxides; Hydrocarbon derivatives; Organic oxygen compounds; Chemical entities	561.487	601	10.022	816975591487116776	816973465482136026	816973465477941721	3105	
5	C28H62N4O4	[M + K]+	C28H62KN4O4+	Fatty acids	0.911	Guanidine alkaloids	0.869	Fatty alcohols	0.505	Lipids and lipid-like molecules	0.613	Fatty Acyls	0.550					Fatty Acyls	0.550	Organic compounds; Lipids and lipid-like molecules; Alcohols and polyols; Organonitrogen compounds; Organooxygen compounds; Guanidines; Carboximidamides; Organic 1,3-dipolar compounds; Propargyl-type 1,3-dipolar organic compounds; Fatty Acyls; Hydrocarbon derivatives; Organopnictogen compounds; Organic oxygen compounds; Organic nitrogen compounds; Chemical entities	557.444	601	10.022	816975578958729409	816973465528273375	816973465528273374	3096	
1	C39H78N2O5	[M + K]+	C39H78KN2O5+	Fatty acids	1.000	Spingolipids	0.959	Ceramides	0.853	Lipids and lipid-like molecules	0.983	Sphingolipids	0.675	Ceramides	0.694			Ceramides	0.694	Organic compounds; Lipids and lipid-like molecules; Alcohols and polyols; Sphingolipids; Organic acids and derivatives; Carboxylic acids and derivatives; Organonitrogen compounds; Primary alcohols; Organooxygen compounds; Fatty amides; Carboxylic acid amides; Carboxylic acid derivatives; N-acyl amines; Ceramides; Secondary alcohols; Secondary carboxylic acid amides; Carbonyl compounds; Fatty Acyls; Organic oxides; Hydrocarbon derivatives; Organopnictogen compounds; Organic oxygen compounds; Organic nitrogen compounds; Chemical entities	693.552	602	10.032	816975584352604798	816973465566022116	816973465566022115	3103	
1	C20H39NO	[M + H]+	C20H40NO+	Fatty acids	1.000	Fatty amides	1.000	Primary amides	1.000	Lipids and lipid-like molecules	0.896	Fatty Acyls	0.908	Fatty amides	0.895			Fatty amides	0.895	Organic compounds; Lipids and lipid-like molecules; Organic acids and derivatives; Carboxylic acids and derivatives; Organonitrogen compounds; Organooxygen compounds; Fatty amides; Carboxylic acid amides; Carboxylic acid derivatives; Primary carboxylic acid amides; Carbonyl compounds; Fatty Acyls; Organic oxides; Hydrocarbon derivatives; Organopnictogen compounds; Organic oxygen compounds; Organic nitrogen compounds; Chemical entities	310.309	603	10.047	816975575020277544	816973465696045555	816973465696045554	3109	
2	C18H38O	[M + Na]+	C18H38NaO+	Fatty acids	1.000	Fatty acyls	0.994	Fatty alcohols	0.992	Lipids and lipid-like molecules	0.835	Fatty Acyls	0.896	Fatty alcohols	0.783	Long-chain fatty alcohols	0.501	Long-chain fatty alcohols	0.501	Organic compounds; Lipids and lipid-like molecules; Alcohols and polyols; Primary alcohols; Organooxygen compounds; Fatty alcohols; Long-chain fatty alcohols; Fatty Acyls; Hydrocarbon derivatives; Organic oxygen compounds; Chemical entities	293.283	603	10.049	816975587812905862	816973465754765816	816973465750571511	3111	
1	C36H66O5	[M + Na]+	C36H66NaO5+	Fatty acids	1.000	Glycerolipids	0.999	Diacylglycerols	0.959	Lipids and lipid-like molecules	0.999	Glycerolipids	0.975	Diradylglycerols	0.742	Diacylglycerols	0.793	1,2-diacylglycerols	0.728	Organic compounds; Lipids and lipid-like molecules; Alcohols and polyols; Glycerolipids; Organic acids and derivatives; Carboxylic acids and derivatives; Organooxygen compounds; Fatty acid esters; Dicarboxylic acids and derivatives; Carboxylic acid derivatives; Diacylglycerols; Carboxylic acid esters; Fatty alcohols; 1,2-diacylglycerols; Secondary alcohols; Carbonyl compounds; Diradylglycerols; Fatty Acyls; Organic oxides; Hydrocarbon derivatives; Organic oxygen compounds; Chemical entities	601.476	604	10.059	816975587649327987	816973465880594951	816973465880594950	3121	
2	C18H40N2O10	[M - H2O + H]+	C18H39N2O9+	Carbohydrates	0.931	Aminosugars and aminoglycosides	0.719	Aminosugars	0.554	Organic oxygen compounds	0.999	Organooxygen compounds	0.997	Carbohydrates and carbohydrate conjugates	0.841	Aminosaccharides	0.616	Aminosaccharides	0.616	Organic compounds; Carbohydrates and carbohydrate conjugates; Lipids and lipid-like molecules; Alcohols and polyols; Organic acids and derivatives; Organonitrogen compounds; Primary alcohols; Organooxygen compounds; Monoalkylamines; Monosaccharides; Secondary alcohols; 1,2-aminoalcohols; Polyols; Amines; Primary amines; Alkanolamines; Aminosaccharides; Fatty Acyls; Hydrocarbon derivatives; Organopnictogen compounds; Organic oxygen compounds; Organic nitrogen compounds; Chemical entities	427.266	605	10.089	816975593533937324	816973466010618390	816973466010618389	3147	
1	C24H46NO9P	[M + H]+	C24H47NO9P+	Fatty acids	1.000	Glycerophospholipids	1.000	Glycerophosphoserines	1.000	Lipids and lipid-like molecules	0.994	Glycerophospholipids	1.000	Glycerophosphoserines	1.000	Lysophosphatidylserines	1.000	1-acyl-glycerol-3-phosphoserines	1.000	Organic compounds; Lipids and lipid-like molecules; Amino acids, peptides, and analogues; Alpha amino acids and derivatives; Alcohols and polyols; Glycerophospholipids; Organic acids and derivatives; Carboxylic acids and derivatives; Organonitrogen compounds; Organooxygen compounds; Fatty acid esters; Dicarboxylic acids and derivatives; Amino acids and derivatives; Organic phosphoric acids and derivatives; Phosphate esters; Monoalkylamines; Carboxylic acid derivatives; Carboxylic acids; Carboxylic acid esters; Phosphoethanolamines; Lysophosphatidylserines; Secondary alcohols; 1-acyl-glycerol-3-phosphoserines; Carbonyl compounds; Glycerophosphoserines; Alpha amino acids; Amines; Primary amines; Alkyl phosphates; Dialkyl phosphates; Fatty Acyls; Organic oxides; L-alpha-amino acids; Hydrocarbon derivatives; Amino acids; Organopnictogen compounds; Organic oxygen compounds; Organic nitrogen compounds; Chemical entities	524.297	606	10.093	816975591273207216	816973466056755739	816973466056755738	3127	
1	C22H42O2	[M + H]+	C22H43O2+	Fatty acids	0.998	Fatty esters	0.953	Wax monoesters	0.885	Lipids and lipid-like molecules	0.973	Fatty Acyls	0.960	Fatty acid esters	0.810			Fatty acid esters	0.810	Organic compounds; Lipids and lipid-like molecules; Organic acids and derivatives; Carboxylic acids and derivatives; Organooxygen compounds; Fatty acid esters; Carboxylic acid derivatives; Monocarboxylic acids and derivatives; Carboxylic acid esters; Carbonyl compounds; Fatty Acyls; Organic oxides; Hydrocarbon derivatives; Organic oxygen compounds; Chemical entities	339.324	606	10.094	816975590363043120	816973466094504480	816973466094504479	3128	
1	C19H39NO	[M + H]+	C19H40NO+	Fatty acids	0.995	Fatty amides	0.989	Primary amides	0.637	Lipids and lipid-like molecules	0.587	Fatty Acyls	0.533	Fatty amides	0.605			Fatty amides	0.605	Organic compounds; Lipids and lipid-like molecules; Organic acids and derivatives; Carboxylic acids and derivatives; Organonitrogen compounds; Organooxygen compounds; Fatty amides; Carboxylic acid amides; Carboxylic acid derivatives; Carbonyl compounds; Fatty Acyls; Organic oxides; Hydrocarbon derivatives; Organopnictogen compounds; Organic oxygen compounds; Organic nitrogen compounds; Chemical entities	298.309	606	10.096	816975594368603860	816973466136447525	816973466136447524	3129	
1	C36H69NO3	[M + O + H]+	C36H70NO4+	Fatty acids	1.000	Spingolipids	1.000	Ceramides	1.000	Lipids and lipid-like molecules	0.996	Sphingolipids	0.999	Ceramides	1.000	Long-chain ceramides	0.887	Long-chain ceramides	0.887	Organic compounds; Lipids and lipid-like molecules; Alcohols and polyols; Sphingolipids; Organic acids and derivatives; Carboxylic acids and derivatives; Organonitrogen compounds; Primary alcohols; Organooxygen compounds; Fatty amides; Carboxylic acid amides; Carboxylic acid derivatives; N-acyl amines; Ceramides; Secondary alcohols; Secondary carboxylic acid amides; Long-chain ceramides; Carbonyl compounds; Fatty Acyls; Organic oxides; Hydrocarbon derivatives; Organopnictogen compounds; Organic oxygen compounds; Organic nitrogen compounds; Chemical entities	580.528	606	10.105	816975598902646865	816973466224527919	816973466220333614	3133	
3	C17H24N4O2	[M + Na]+	C17H24N4NaO2+	Alkaloids	0.595	Small peptides	0.131	Dipeptides	0.127	Benzenoids	0.518							Benzenoids	0.518	Organic compounds; Organoheterocyclic compounds; Organic acids and derivatives; Carboxylic acids and derivatives; Organonitrogen compounds; Organooxygen compounds; Azoles; Carboxylic acid amides; Carboxylic acid derivatives; Carbonyl compounds; Benzenoids; Organic oxides; Azacyclic compounds; Heteroaromatic compounds; Hydrocarbon derivatives; Organopnictogen compounds; Organic oxygen compounds; Organic nitrogen compounds; Chemical entities	339.182	606	10.106	816975625293209153	816973466258082356	816973466258082355	3135	
1	C36H60O5	[M + Na]+	C36H60NaO5+	Terpenoids	0.788	Glycerolipids	0.569	Diacylglycerols	0.179	Lipids and lipid-like molecules	0.988	Fatty Acyls	0.757					Fatty Acyls	0.757	Organic compounds; Lipids and lipid-like molecules; Alcohols and polyols; Organic acids and derivatives; Carboxylic acids and derivatives; Organooxygen compounds; Carboxylic acid derivatives; Monocarboxylic acids and derivatives; Carboxylic acid esters; Secondary alcohols; Carbonyl compounds; Fatty Acyls; Organic oxides; Hydrocarbon derivatives; Organic oxygen compounds; Chemical entities	595.432	607	10.115	816975607962343942	816973466341968446	816973466341968445	3137	
1	C34H67NO	[M + H]+	C34H68NO+	Fatty acids	1.000	Fatty amides	0.998	N-acyl amines	0.642	Lipids and lipid-like molecules	0.981	Fatty Acyls	0.976	Fatty amides	0.981	N-acyl amines	0.939	N-acyl amines	0.939	Organic compounds; Lipids and lipid-like molecules; Organic acids and derivatives; Carboxylic acids and derivatives; Organonitrogen compounds; Organooxygen compounds; Fatty amides; Carboxylic acid amides; Carboxylic acid derivatives; N-acyl amines; Secondary carboxylic acid amides; Carbonyl compounds; Fatty Acyls; Organic oxides; Hydrocarbon derivatives; Organopnictogen compounds; Organic oxygen compounds; Organic nitrogen compounds; Chemical entities	506.528	608	10.130	816975630250876873	816973466467797581	816973466467797580	3139	
1	C34H62O5	[M + Na]+	C34H62NaO5+	Fatty acids	1.000	Glycerolipids	1.000	Diacylglycerols	0.998	Lipids and lipid-like molecules	0.992	Glycerolipids	0.991	Diradylglycerols	0.972	Diacylglycerols	0.982	1,2-diacylglycerols	0.950	Organic compounds; Lipids and lipid-like molecules; Alcohols and polyols; Glycerolipids; Organic acids and derivatives; Carboxylic acids and derivatives; Primary alcohols; Organooxygen compounds; Fatty acid esters; Dicarboxylic acids and derivatives; Carboxylic acid derivatives; Diacylglycerols; Carboxylic acid esters; 1,2-diacylglycerols; Carbonyl compounds; Diradylglycerols; Fatty Acyls; Organic oxides; Hydrocarbon derivatives; Organic oxygen compounds; Chemical entities	573.450	608	10.140	816975626572471925	816973466589432412	816973466589432411	3132	
2	C25H36N4O3	[M + H]+	C25H37N4O3+	Alkaloids	0.592	Tryptophan alkaloids	0.059	Pyridine alkaloids	0.037	Benzenoids	0.599							Benzenoids	0.599	Organic compounds; Organoheterocyclic compounds; Organic acids and derivatives; Carboxylic acids and derivatives; Organonitrogen compounds; Organooxygen compounds; Azoles; Carboxylic acid amides; Carbonyl compounds; Benzenoids; Organic oxides; Azacyclic compounds; Heteroaromatic compounds; Hydrocarbon derivatives; Organopnictogen compounds; Organic oxygen compounds; Organic nitrogen compounds; Chemical entities	441.286	610	10.174	816975633224639014	816973466761398901	816973466761398900	3151	
1	C31H54O3	[M + H]+	C31H55O3+	Terpenoids	0.312	Sesquiterpenoids	0.110	Catechols with side chains	0.128	Benzenoids	0.997	Benzene and substituted derivatives	0.983	Phenylpropanes	0.565			Phenylpropanes	0.565	Organic compounds; Lipids and lipid-like molecules; Organic acids and derivatives; Carboxylic acids and derivatives; Organooxygen compounds; Fatty acid esters; Carboxylic acid derivatives; Monocarboxylic acids and derivatives; Carboxylic acid esters; Carbonyl compounds; Benzene and substituted derivatives; Benzenoids; Phenylpropanes; Fatty Acyls; Organic oxides; Hydrocarbon derivatives; Organic oxygen compounds; Phenoxy compounds; Chemical entities	475.413	611	10.191	816975634688451323	816973466820119167	816973466820119166	3170	
1	C27H46O3	[M + H]+	C27H47O3+	Terpenoids	0.374	Meroterpenoids	0.116	Catechols with side chains	0.134	Benzenoids	0.997	Benzene and substituted derivatives	0.978	Phenoxy compounds	0.623			Phenoxy compounds	0.623	Organic compounds; Lipids and lipid-like molecules; Phenols; Organic acids and derivatives; Carboxylic acids and derivatives; Organooxygen compounds; Fatty acid esters; Carboxylic acid derivatives; Monocarboxylic acids and derivatives; Carboxylic acid esters; Carbonyl compounds; Benzene and substituted derivatives; Benzenoids; Fatty Acyls; Organic oxides; Hydrocarbon derivatives; Organic oxygen compounds; Phenoxy compounds; Chemical entities	419.350	612	10.196	816975633832813239	816973466878839428	816973466878839427	3172	
1	C25H52NO7P	[M + H]+	C25H53NO7P+	Fatty acids	0.999	Glycerophospholipids	1.000	Glycerophosphocholines	1.000	Lipids and lipid-like molecules	0.981	Glycerophospholipids	0.998	Glycerophosphocholines	0.996	Lysophosphatidylcholines	0.978	1-acyl-sn-glycero-3-phosphocholines	0.975	Organic compounds; Lipids and lipid-like molecules; Alcohols and polyols; Glycerophospholipids; Organic acids and derivatives; Carboxylic acids and derivatives; Organonitrogen compounds; Organooxygen compounds; Fatty acid esters; Organic phosphoric acids and derivatives; Phosphate esters; Quaternary ammonium salts; Cholines; Carboxylic acid derivatives; Monocarboxylic acids and derivatives; Carboxylic acid esters; Phosphocholines; Lysophosphatidylcholines; 1-acyl-sn-glycero-3-phosphocholines; Secondary alcohols; Carbonyl compounds; Glycerophosphocholines; Amines; Alkyl phosphates; Dialkyl phosphates; Organic cations; Organic salts; Fatty Acyls; Organic oxides; Hydrocarbon derivatives; Tetraalkylammonium salts; Organopnictogen compounds; Organic oxygen compounds; Organic nitrogen compounds; Chemical entities	510.354	612	10.196	816975637473469582	816973466924976777	816973466924976776	3171	
1	C29H46	[M + H]+	C29H47+	Terpenoids	0.995	Carotenoids (C40)	0.750	Carotenoids (C40, γ-Ψ)	0.158	Lipids and lipid-like molecules	0.982	Prenol lipids	0.772					Prenol lipids	0.772	Organic compounds; Lipids and lipid-like molecules; Prenol lipids; Hydrocarbons; Olefins; Cyclic olefins; Unsaturated hydrocarbons; Unsaturated aliphatic hydrocarbons; Branched unsaturated hydrocarbons; Chemical entities	395.366	612	10.208	816975637783848111	816973467096943256	816973467096943255	3177	
3	C14H30N4O	[M + Na]+	C14H30N4NaO+	Alkaloids	0.559	Guanidine alkaloids	0.203	Quinolizidine alkaloids	0.169	Organoheterocyclic compounds	0.449	Azacyclic compounds	0.527					Azacyclic compounds	0.527	Organic compounds; Organonitrogen compounds; Organooxygen compounds; Azacyclic compounds; Hydrocarbon derivatives; Organopnictogen compounds; Organic oxygen compounds; Organic nitrogen compounds; Chemical entities	293.234	613	10.212	816975643106420930	816973467176635042	816973467176635041	3180	
1	C39H68O5	[M + H3N + H]+	C39H72NO5+	Fatty acids	1.000	Glycerolipids	0.999	Diacylglycerols	0.998	Lipids and lipid-like molecules	0.996	Fatty Acyls	0.984	Lineolic acids and derivatives	0.538			Lineolic acids and derivatives	0.538	Organic compounds; Lipids and lipid-like molecules; Alcohols and polyols; Glycerolipids; Organic acids and derivatives; Carboxylic acids and derivatives; Primary alcohols; Organooxygen compounds; Fatty acid esters; Dicarboxylic acids and derivatives; Lineolic acids and derivatives; Carboxylic acid derivatives; Diacylglycerols; Carboxylic acid esters; 1,2-diacylglycerols; Carbonyl compounds; Diradylglycerols; Fatty Acyls; Organic oxides; Hydrocarbon derivatives; Organic oxygen compounds; Chemical entities	634.536	613	10.213	816975642850568322	816973467210189479	816973467205995174	3198	
1	C40H76N2O6	[M + H]+	C40H77N2O6+	Fatty acids	1.000	Fatty amides	0.987	N-acyl amines	0.985	Organic acids and derivatives	1.000	Carboxylic acids and derivatives	1.000	Amino acids, peptides, and analogues	0.987	Amino acids and derivatives	0.988	N-acyl-alpha amino acids	0.886	Organic compounds; Lipids and lipid-like molecules; Amino acids, peptides, and analogues; Alpha amino acids and derivatives; Alcohols and polyols; Fatty acids and conjugates; Organic acids and derivatives; Carboxylic acids and derivatives; Organonitrogen compounds; Organooxygen compounds; Fatty amides; Amino acids and derivatives; Monoalkylamines; Carboxylic acid amides; Carboxylic acid derivatives; N-acyl amines; Monocarboxylic acids and derivatives; N-acyl-alpha amino acids and derivatives; Carboxylic acids; Secondary alcohols; Secondary carboxylic acid amides; Carbonyl compounds; N-acyl-alpha amino acids; Amines; Primary amines; Fatty Acyls; Organic oxides; Hydrocarbon derivatives; Organopnictogen compounds; Organic oxygen compounds; Organic nitrogen compounds; Chemical entities	681.575	613	10.220	816975642716350547	816973467273104049	816973467273104048	3186	
1	C21H36O3	[M + H]+	C21H37O3+	Fatty acids	0.781	Eicosanoids	0.460	Erythromycins	0.135	Lipids and lipid-like molecules	0.964	Fatty Acyls	0.880	Fatty acids and conjugates	0.537			Fatty acids and conjugates	0.537	Organic compounds; Lipids and lipid-like molecules; Alcohols and polyols; Fatty acids and conjugates; Organic acids and derivatives; Carboxylic acids and derivatives; Organooxygen compounds; Monocarboxylic acids and derivatives; Secondary alcohols; Carbonyl compounds; Fatty Acyls; Organic oxides; Hydrocarbon derivatives; Organic oxygen compounds; Chemical entities	337.272	614	10.227	816975644628953786	816973467340212918	816973467340212917	3192	
1	C33H67NO3	[M + Na]+	C33H67NNaO3+	Fatty acids	0.998	Fatty amides	0.881	N-acyl amines	0.598	Lipids and lipid-like molecules	0.970	Fatty Acyls	0.981	Fatty amides	0.973	N-acyl amines	0.940	N-acyl amines	0.940	Organic compounds; Lipids and lipid-like molecules; Phenols; Organic acids and derivatives; Carboxylic acids and derivatives; Organonitrogen compounds; Organooxygen compounds; Fatty amides; Carboxylic acid amides; Carboxylic acid derivatives; N-acyl amines; Secondary carboxylic acid amides; Carbonyl compounds; Benzene and substituted derivatives; Benzenoids; Fatty Acyls; Organic oxides; Hydrocarbon derivatives; Organopnictogen compounds; Organic oxygen compounds; 1-hydroxy-2-unsubstituted benzenoids; Organic nitrogen compounds; Chemical entities	548.502	614	10.237	816975644872223491	816973467411516096	816973467411516095	3196	
1	C32H63NO3	[M + Na]+	C32H63NNaO3+	Fatty acids	1.000	Spingolipids	1.000	Ceramides	1.000	Lipids and lipid-like molecules	0.992	Sphingolipids	0.988	Ceramides	0.997	Long-chain ceramides	0.736	Long-chain ceramides	0.736	Organic compounds; Lipids and lipid-like molecules; Alcohols and polyols; Sphingolipids; Organic acids and derivatives; Carboxylic acids and derivatives; Organonitrogen compounds; Primary alcohols; Organooxygen compounds; Fatty amides; Carboxylic acid amides; Carboxylic acid derivatives; N-acyl amines; Ceramides; Secondary alcohols; Secondary carboxylic acid amides; Long-chain ceramides; Carbonyl compounds; Fatty Acyls; Organic oxides; Hydrocarbon derivatives; Organopnictogen compounds; Organic oxygen compounds; Organic nitrogen compounds; Chemical entities	532.471	614	10.239	816975644331158153	816973467478624965	816973467478624964	3197	
3	C42H54O2	[M + H]+	C42H55O2+	Terpenoids	0.996	Carotenoids (C40)	0.839	Carotenoids (C40, β-β)	0.551	Lipids and lipid-like molecules	0.953	Prenol lipids	0.927					Prenol lipids	0.927	Organic compounds; Lipids and lipid-like molecules; Ketones; Prenol lipids; Organooxygen compounds; Carbonyl compounds; Organic oxides; Hydrocarbon derivatives; Organic oxygen compounds; Chemical entities	591.424	616	10.265	816975660139491632	816973467570899663	816973467570899662	3205	
1	C34H66O5	[M - H2O + H]+	C34H65O4+	Fatty acids	0.999	Glycerolipids	0.957	Diacylglycerols	0.741	Lipids and lipid-like molecules	0.998	Fatty Acyls	0.992	Fatty acid esters	0.968			Fatty acid esters	0.968	Organic compounds; Lipids and lipid-like molecules; Alcohols and polyols; Glycerolipids; Organic acids and derivatives; Carboxylic acids and derivatives; Primary alcohols; Organooxygen compounds; Fatty acid esters; Dicarboxylic acids and derivatives; Carboxylic acid derivatives; Carboxylic acid esters; Secondary alcohols; Carbonyl compounds; Fatty Acyls; Organic oxides; Hydrocarbon derivatives; Organic oxygen compounds; Chemical entities	537.486	616	10.266	816975660194017608	816973467608648404	816973467608648403	3206	
2	C29H46O2	[M + H]+	C29H47O2+	Terpenoids	0.993	Triterpenoids	0.932	Lanostane, Tirucallane and Euphane triterpenoids	0.127	Lipids and lipid-like molecules	0.971	Prenol lipids	0.878	Triterpenoids	0.696			Triterpenoids	0.696	Organic compounds; Lipids and lipid-like molecules; Ketones; Alcohols and polyols; Steroids and steroid derivatives; Prenol lipids; Organooxygen compounds; Triterpenoids; Secondary alcohols; Carbonyl compounds; Organic oxides; Hydrocarbon derivatives; Organic oxygen compounds; Chemical entities	427.357	616	10.267	816975680221828654	816973467642202841	816973467642202840	3207	
1	C36H65NO3	[M - H2O + H]+	C36H64NO2+	Fatty acids	1.000	Spingolipids	1.000	Ceramides	1.000	Lipids and lipid-like molecules	0.995	Sphingolipids	0.996	Ceramides	0.999	Long-chain ceramides	0.838	Long-chain ceramides	0.838	Organic compounds; Lipids and lipid-like molecules; Alcohols and polyols; Sphingolipids; Organic acids and derivatives; Carboxylic acids and derivatives; Organonitrogen compounds; Primary alcohols; Organooxygen compounds; Fatty amides; Carboxylic acid amides; Carboxylic acid derivatives; N-acyl amines; Ceramides; Secondary alcohols; Secondary carboxylic acid amides; Long-chain ceramides; Carbonyl compounds; Fatty Acyls; Organic oxides; Hydrocarbon derivatives; Organopnictogen compounds; Organic oxygen compounds; Organic nitrogen compounds; Chemical entities	542.491	617	10.287	816975658767953937	816973467705117411	816973467705117410	3212	
1	C37H70O5	[M + Na]+	C37H70NaO5+	Fatty acids	1.000	Glycerolipids	1.000	Diacylglycerols	1.000	Lipids and lipid-like molecules	0.997	Fatty Acyls	0.994	Lineolic acids and derivatives	0.529			Lineolic acids and derivatives	0.529	Organic compounds; Lipids and lipid-like molecules; Alcohols and polyols; Glycerolipids; Organic acids and derivatives; Carboxylic acids and derivatives; Primary alcohols; Organooxygen compounds; Fatty acid esters; Dicarboxylic acids and derivatives; Lineolic acids and derivatives; Carboxylic acid derivatives; Diacylglycerols; Carboxylic acid esters; 1,2-diacylglycerols; Carbonyl compounds; Diradylglycerols; Fatty Acyls; Organic oxides; Hydrocarbon derivatives; Organic oxygen compounds; Chemical entities	617.512	617	10.288	816975666724552592	816973467742866152	816973467742866151	3201	
1	C36H65NO3	[M + H]+	C36H66NO3+	Fatty acids	1.000	Spingolipids	1.000	Ceramides	1.000	Lipids and lipid-like molecules	0.996	Sphingolipids	0.996	Ceramides	0.999	Long-chain ceramides	0.849	Long-chain ceramides	0.849	Organic compounds; Lipids and lipid-like molecules; Alcohols and polyols; Sphingolipids; Organic acids and derivatives; Carboxylic acids and derivatives; Organonitrogen compounds; Primary alcohols; Organooxygen compounds; Fatty amides; Carboxylic acid amides; Carboxylic acid derivatives; N-acyl amines; Ceramides; Secondary alcohols; Secondary carboxylic acid amides; Long-chain ceramides; Carbonyl compounds; Fatty Acyls; Organic oxides; Hydrocarbon derivatives; Organopnictogen compounds; Organic oxygen compounds; Organic nitrogen compounds; Chemical entities	560.502	617	10.290	816975658931531932	816973467801586413	816973467801586412	3214	
2	C35H68O4	[M + Na]+	C35H68NaO4+	Terpenoids	0.889	Glycerolipids	0.515	Diacylglycerols	0.257	Lipids and lipid-like molecules	0.990	Steroids and steroid derivatives	0.596	Steroid esters	0.613			Steroid esters	0.613	Organic compounds; Lipids and lipid-like molecules; Alcohols and polyols; Steroids and steroid derivatives; Prenol lipids; Organic acids and derivatives; Carboxylic acids and derivatives; Organooxygen compounds; Fatty acid esters; Dicarboxylic acids and derivatives; Carboxylic acid derivatives; Monocarboxylic acids and derivatives; Carboxylic acid esters; Secondary alcohols; Steroid esters; Carbonyl compounds; Delta-5-steroids; Fatty Acyls; Organic oxides; Hydrocarbon derivatives; Organic oxygen compounds; Chemical entities	575.496	618	10.298	816975668171593189	816973467872889591	816973467872889590	3231	
1	C23H34N2O6	[M - H2O + H]+	C23H33N2O5+	Amino acids and Peptides	0.772	Small peptides	0.179	Dipeptides	0.067	Organic acids and derivatives	0.996	Carboxylic acids and derivatives	0.986	Amino acids, peptides, and analogues	0.773	Amino acids and derivatives	0.767	N-acyl-alpha amino acids and derivatives	0.647	Organic compounds; Lipids and lipid-like molecules; Amino acids, peptides, and analogues; Alpha amino acids and derivatives; Alcohols and polyols; Organic acids and derivatives; Carboxylic acids and derivatives; Organonitrogen compounds; Organooxygen compounds; Fatty amides; Amino acids and derivatives; Carboxylic acid amides; Carboxylic acid derivatives; N-acyl amines; Monocarboxylic acids and derivatives; N-acyl-alpha amino acids and derivatives; Carboxylic acids; Secondary alcohols; Secondary carboxylic acid amides; Carbonyl compounds; Fatty Acyls; Organic oxides; Hydrocarbon derivatives; Organopnictogen compounds; Organic oxygen compounds; Organic nitrogen compounds; Chemical entities	417.239	619	10.325	816975666711969656	816973467960969985	816973467960969984	3223	
8	C21H39O7P	[M + H]+	C21H40O7P+	Fatty acids	1.000	Glycerophospholipids	1.000	Glycerophosphates	0.915	Lipids and lipid-like molecules	0.996	Glycerophospholipids	0.997	Glycerophosphates	0.765	Monoacylglycerophosphates	0.647	1-acylglycerol-3-phosphates	0.648	Organic compounds; Lipids and lipid-like molecules; Alcohols and polyols; Glycerophospholipids; Organic acids and derivatives; Carboxylic acids and derivatives; Organooxygen compounds; Fatty acid esters; Organic phosphoric acids and derivatives; Phosphate esters; Carboxylic acid derivatives; Monocarboxylic acids and derivatives; Carboxylic acid esters; Lysophosphatidic acids; Secondary alcohols; Monoacylglycerophosphates; 1-acylglycerol-3-phosphates; Carbonyl compounds; Glycerophosphates; Alkyl phosphates; Monoalkyl phosphates; Fatty Acyls; Organic oxides; Hydrocarbon derivatives; Organic oxygen compounds; Chemical entities	435.249	620	10.325	816975666707775341	816973468061633291	816973468061633290	3225	
4	C21H39O7P	[M + Na]+	C21H39NaO7P+	Fatty acids	1.000	Glycerophospholipids	1.000	Glycerophosphates	0.956	Lipids and lipid-like molecules	0.994	Glycerophospholipids	0.992	Glycerophosphates	0.933	Monoacylglycerophosphates	0.918	1-acylglycerol-3-phosphates	0.917	Organic compounds; Lipids and lipid-like molecules; Alcohols and polyols; Glycerophospholipids; Organic acids and derivatives; Carboxylic acids and derivatives; Organooxygen compounds; Fatty acid esters; Organic phosphoric acids and derivatives; Phosphate esters; Carboxylic acid derivatives; Monocarboxylic acids and derivatives; Carboxylic acid esters; Lysophosphatidic acids; Secondary alcohols; Monoacylglycerophosphates; 1-acylglycerol-3-phosphates; Carbonyl compounds; Glycerophosphates; Alkyl phosphates; Monoalkyl phosphates; Fatty Acyls; Organic oxides; Hydrocarbon derivatives; Organic oxygen compounds; Chemical entities	457.231	620	10.326	816975666716163974	816973467998718726	816973467998718725	3224	
1	C39H68O5	[M + Na]+	C39H68NaO5+	Fatty acids	1.000	Glycerolipids	1.000	Diacylglycerols	1.000	Lipids and lipid-like molecules	0.997	Fatty Acyls	0.991	Lineolic acids and derivatives	0.703			Lineolic acids and derivatives	0.703	Organic compounds; Lipids and lipid-like molecules; Alcohols and polyols; Glycerolipids; Organic acids and derivatives; Carboxylic acids and derivatives; Primary alcohols; Organooxygen compounds; Fatty acid esters; Dicarboxylic acids and derivatives; Lineolic acids and derivatives; Carboxylic acid derivatives; Diacylglycerols; Carboxylic acid esters; 1,2-diacylglycerols; Carbonyl compounds; Diradylglycerols; Fatty Acyls; Organic oxides; Hydrocarbon derivatives; Organic oxygen compounds; Chemical entities	639.494	620	10.327	816975703126926072	816973468111964944	816973468111964943	3250	
1	C26H54NO7P	[M + H]+	C26H55NO7P+	Fatty acids	0.998	Glycerophospholipids	1.000	Glycerophosphocholines	0.999	Lipids and lipid-like molecules	0.909	Glycerophospholipids	0.996	Glycerophosphocholines	0.992	Lysophosphatidylcholines	0.815	1-acyl-sn-glycero-3-phosphocholines	0.876	Organic compounds; Lipids and lipid-like molecules; Glycerolipids; Glycerophospholipids; Organic acids and derivatives; Carboxylic acids and derivatives; Organonitrogen compounds; Organooxygen compounds; Organic phosphoric acids and derivatives; Phosphate esters; Quaternary ammonium salts; Cholines; Carboxylic acid derivatives; Monocarboxylic acids and derivatives; Carboxylic acid esters; Phosphocholines; Lysophosphatidylcholines; 1-acyl-sn-glycero-3-phosphocholines; Carbonyl compounds; Glycerophosphocholines; Amines; Alkyl phosphates; Dialkyl phosphates; Organic cations; Organic salts; Organic oxides; Hydrocarbon derivatives; Tetraalkylammonium salts; Organopnictogen compounds; Organic oxygen compounds; Organic nitrogen compounds; Chemical entities	524.368	620	10.331	816975686412622049	816973468153907989	816973468153907988	3226	
1	C20H41NO	[M + H]+	C20H42NO+	Fatty acids	0.997	Fatty amides	0.995	Primary amides	0.687	Lipids and lipid-like molecules	0.807	Fatty Acyls	0.767	Fatty amides	0.827	N-acyl amines	0.689	N-acyl amines	0.689	Organic compounds; Lipids and lipid-like molecules; Organic acids and derivatives; Carboxylic acids and derivatives; Organonitrogen compounds; Organooxygen compounds; Fatty amides; Carboxylic acid amides; Carboxylic acid derivatives; N-acyl amines; Carbonyl compounds; Fatty Acyls; Organic oxides; Hydrocarbon derivatives; Organopnictogen compounds; Organic oxygen compounds; Organic nitrogen compounds; Chemical entities	312.320	621	10.344	816975700396433586	816973468204239642	816973468200045337	3233	
2	C22H38O	[M + H3N + H]+	C22H42NO+	Fatty acids	0.970	Fatty Acids and Conjugates	0.550	Unsaturated fatty acids	0.804	Lipids and lipid-like molecules	0.985	Fatty Acyls	0.797	Fatty acids and conjugates	0.146	Straight chain fatty acids	0.642	Straight chain fatty acids	0.642	Organic compounds; Lipids and lipid-like molecules; Alcohols and polyols; Organooxygen compounds; Straight chain fatty acids; Carbonyl compounds; Fatty Acyls; Organic oxides; Hydrocarbon derivatives; Organic oxygen compounds; Chemical entities	336.325	621	10.352	816975686139992254	816973468233599775	816973468233599774	3236	
2	C39H68O5	[M - H2O + H]+	C39H67O4+	Fatty acids	1.000	Glycerolipids	1.000	Diacylglycerols	1.000	Lipids and lipid-like molecules	0.997	Fatty Acyls	0.990	Lineolic acids and derivatives	0.710			Lineolic acids and derivatives	0.710	Organic compounds; Lipids and lipid-like molecules; Alcohols and polyols; Glycerolipids; Organic acids and derivatives; Carboxylic acids and derivatives; Primary alcohols; Organooxygen compounds; Fatty acid esters; Dicarboxylic acids and derivatives; Lineolic acids and derivatives; Carboxylic acid derivatives; Diacylglycerols; Carboxylic acid esters; 1,2-diacylglycerols; Carbonyl compounds; Diradylglycerols; Fatty Acyls; Organic oxides; Hydrocarbon derivatives; Organic oxygen compounds; Chemical entities	599.501	622	10.373	816975700086054967	816973468355234606	816973468351040301	3244	
1	C42H83NO5	[M + H]+	C42H84NO5+	Fatty acids	1.000	Spingolipids	1.000	Ceramides	1.000	Lipids and lipid-like molecules	0.997	Sphingolipids	0.999	Ceramides	1.000	Long-chain ceramides	0.826	Long-chain ceramides	0.826	Organic compounds; Lipids and lipid-like molecules; Alcohols and polyols; Sphingolipids; Organic acids and derivatives; Carboxylic acids and derivatives; Organonitrogen compounds; Primary alcohols; Organooxygen compounds; Fatty amides; Carboxylic acid amides; Carboxylic acid derivatives; N-acyl amines; Ceramides; Secondary alcohols; Secondary carboxylic acid amides; Long-chain ceramides; Carbonyl compounds; Phytoceramides; Fatty Acyls; Organic oxides; Hydrocarbon derivatives; Organopnictogen compounds; Organic oxygen compounds; Organic nitrogen compounds; Chemical entities	682.632	623	10.378	816975702829130417	816973468392983347	816973468392983346	3243	
1	C38H77NO3	[M + H]+	C38H78NO3+	Fatty acids	1.000	Spingolipids	0.999	Ceramides	0.999	Lipids and lipid-like molecules	0.996	Sphingolipids	0.952	Ceramides	0.987	Long-chain ceramides	0.717	Long-chain ceramides	0.717	Organic compounds; Lipids and lipid-like molecules; Alcohols and polyols; Sphingolipids; Organic acids and derivatives; Carboxylic acids and derivatives; Organonitrogen compounds; Primary alcohols; Organooxygen compounds; Fatty amides; Carboxylic acid amides; Carboxylic acid derivatives; N-acyl amines; Ceramides; Secondary alcohols; Secondary carboxylic acid amides; Long-chain ceramides; Carbonyl compounds; Fatty Acyls; Organic oxides; Hydrocarbon derivatives; Organopnictogen compounds; Organic oxygen compounds; Organic nitrogen compounds; Chemical entities	596.596	624	10.400	816975694260165846	816973468497840962	816973468497840961	3247	
1	C37H70O5	[M + Na]+	C37H70NaO5+	Fatty acids	1.000	Glycerolipids	1.000	Diacylglycerols	1.000	Lipids and lipid-like molecules	0.997	Fatty Acyls	0.992	Lineolic acids and derivatives	0.656			Lineolic acids and derivatives	0.656	Organic compounds; Lipids and lipid-like molecules; Alcohols and polyols; Glycerolipids; Organic acids and derivatives; Carboxylic acids and derivatives; Primary alcohols; Organooxygen compounds; Fatty acid esters; Dicarboxylic acids and derivatives; Lineolic acids and derivatives; Carboxylic acid derivatives; Diacylglycerols; Carboxylic acid esters; 1,2-diacylglycerols; Carbonyl compounds; Diradylglycerols; Fatty Acyls; Organic oxides; Hydrocarbon derivatives; Organic oxygen compounds; Chemical entities	617.512	625	10.409	816975692318203046	816973468598504268	816973468598504267	3246	
1	C22H42O3	[M + H]+	C22H43O3+	Fatty acids	0.988	Fatty acyls	0.742	Fatty alcohols	0.843	Lipids and lipid-like molecules	0.959	Fatty Acyls	0.889	Fatty alcohols	0.665	Long-chain fatty alcohols	0.629	Long-chain fatty alcohols	0.629	Organic compounds; Lipids and lipid-like molecules; Alcohols and polyols; Organic acids and derivatives; Carboxylic acids and derivatives; Primary alcohols; Organooxygen compounds; Fatty acid esters; Carboxylic acid derivatives; Monocarboxylic acids and derivatives; Carboxylic acid esters; Fatty alcohols; Secondary alcohols; Fatty alcohol esters; Carbonyl compounds; Long-chain fatty alcohols; Fatty Acyls; Organic oxides; Hydrocarbon derivatives; Organic oxygen compounds; Chemical entities	355.319	625	10.423	816975699981197325	816973468778859360	816973468778859359	3258	
2	C30H50O	[M - H2O + H]+	C30H49+	Terpenoids	1.000	Triterpenoids	0.982	Lupane triterpenoids	0.248	Lipids and lipid-like molecules	0.991	Prenol lipids	0.959	Triterpenoids	0.849			Triterpenoids	0.849	Organic compounds; Lipids and lipid-like molecules; Alcohols and polyols; Steroids and steroid derivatives; Prenol lipids; Organooxygen compounds; Cyclic alcohols and derivatives; Triterpenoids; Secondary alcohols; Hydrocarbon derivatives; Organic oxygen compounds; Chemical entities	409.381	626	10.431	816975687368923480	816973468892105578	816973468892105577	3257	
1	C36H69NO3	[M + O + H]+	C36H70NO4+	Fatty acids	1.000	Spingolipids	1.000	Ceramides	1.000	Lipids and lipid-like molecules	0.994	Sphingolipids	0.996	Ceramides	0.999	Long-chain ceramides	0.824	Long-chain ceramides	0.824	Organic compounds; Lipids and lipid-like molecules; Alcohols and polyols; Sphingolipids; Organic acids and derivatives; Carboxylic acids and derivatives; Organonitrogen compounds; Primary alcohols; Organooxygen compounds; Fatty amides; Carboxylic acid amides; Carboxylic acid derivatives; N-acyl amines; Ceramides; Secondary alcohols; Secondary carboxylic acid amides; Long-chain ceramides; Carbonyl compounds; Fatty Acyls; Organic oxides; Hydrocarbon derivatives; Organopnictogen compounds; Organic oxygen compounds; Organic nitrogen compounds; Chemical entities	580.528	626	10.435	816975687624776183	816973468992768884	816973468992768883	3240	
1	C34H62O5	[M + Na]+	C34H62NaO5+	Fatty acids	1.000	Glycerolipids	0.999	Diacylglycerols	0.995	Lipids and lipid-like molecules	0.992	Glycerolipids	0.988	Diradylglycerols	0.948	Diacylglycerols	0.971	1,2-diacylglycerols	0.959	Organic compounds; Lipids and lipid-like molecules; Alcohols and polyols; Glycerolipids; Organic acids and derivatives; Carboxylic acids and derivatives; Primary alcohols; Organooxygen compounds; Fatty acid esters; Dicarboxylic acids and derivatives; Carboxylic acid derivatives; Diacylglycerols; Carboxylic acid esters; 1,2-diacylglycerols; Secondary alcohols; Carbonyl compounds; Diradylglycerols; Fatty Acyls; Organic oxides; Hydrocarbon derivatives; Organic oxygen compounds; Chemical entities	573.449	627	10.444	816975700530651358	816973469080849278	816973469080849277	3251	
1	C29H48O	[M + H]+	C29H49O+	Terpenoids	0.999	Steroids	0.992	Ergostane steroids	0.408	Lipids and lipid-like molecules	0.997	Prenol lipids	0.602	Triterpenoids	0.577			Triterpenoids	0.577	Organic compounds; Lipids and lipid-like molecules; Alcohols and polyols; Steroids and steroid derivatives; Prenol lipids; Organooxygen compounds; Cyclic alcohols and derivatives; Hydroxysteroids; Triterpenoids; Secondary alcohols; 3-hydroxysteroids; Hydrocarbon derivatives; Organic oxygen compounds; Chemical entities	413.376	627	10.447	816975702388728400	816973469156346760	816973469156346759	3269	
2	C29H44O4	[M + H]+	C29H45O4+	Terpenoids	0.995	Triterpenoids	0.992	Lupane triterpenoids	0.233	Lipids and lipid-like molecules	0.961	Prenol lipids	0.938	Triterpenoids	0.870			Triterpenoids	0.870	Organic compounds; Lipids and lipid-like molecules; Prenol lipids; Organic acids and derivatives; Carboxylic acids and derivatives; Organooxygen compounds; Monocarboxylic acids and derivatives; Carboxylic acid esters; Triterpenoids; Carbonyl compounds; Organic oxides; Hydrocarbon derivatives; Organic oxygen compounds; Chemical entities	457.330	627	10.458	816975704909505510	816973469269592978	816973469269592977	3276	
1	C18H28O3	[M + H]+	C18H29O3+	Fatty acids	0.858	Octadecanoids	0.737	12-oxophytodienoic acid metabolites	0.377	Lipids and lipid-like molecules	0.908	Fatty Acyls	0.794	Fatty acids and conjugates	0.542			Fatty acids and conjugates	0.542	Organic compounds; Lipids and lipid-like molecules; Ketones; Fatty acids and conjugates; Organic acids and derivatives; Carboxylic acids and derivatives; Organooxygen compounds; Monocarboxylic acids and derivatives; Carboxylic acids; Carbonyl compounds; Cyclic ketones; Fatty Acyls; Organic oxides; Hydrocarbon derivatives; Organic oxygen compounds; Chemical entities	293.210	629	10.475	816975702346785337	816973469420587942	816973469420587941	3263	
1	C36H63NO2	[M + H]+	C36H64NO2+	Fatty acids	1.000	Spingolipids	0.961	Ceramides	0.963	Lipids and lipid-like molecules	0.979	Sphingolipids	0.496	Ceramides	0.771			Ceramides	0.771	Organic compounds; Lipids and lipid-like molecules; Alcohols and polyols; Organic acids and derivatives; Carboxylic acids and derivatives; Organonitrogen compounds; Primary alcohols; Organooxygen compounds; Fatty amides; Carboxylic acid amides; Carboxylic acid derivatives; N-acyl amines; Ceramides; Secondary alcohols; Secondary carboxylic acid amides; Carbonyl compounds; Fatty Acyls; Organic oxides; Hydrocarbon derivatives; Organopnictogen compounds; Organic oxygen compounds; Organic nitrogen compounds; Chemical entities	542.491	630	10.497	816975705786115120	816973469449948075	816973469449948074	3285	
1	C18H35NO2	[M + H]+	C18H36NO2+	Alkaloids	0.758	Nicotinic acid alkaloids	0.329	Pyridine alkaloids	0.327	Organic nitrogen compounds	1.000	Organonitrogen compounds	1.000					Organonitrogen compounds	1.000	Organic compounds; Organonitrogen compounds; Organooxygen compounds; Organic oxides; Hydrocarbon derivatives; Organopnictogen compounds; Organic oxygen compounds; Organic nitrogen compounds; Chemical entities	298.275	630	10.498	816975705840641124	816973469500279728	816973469500279727	3330	
1	C36H65NO3	[M + H]+	C36H66NO3+	Fatty acids	1.000	Spingolipids	1.000	Ceramides	1.000	Lipids and lipid-like molecules	0.992	Sphingolipids	0.988	Ceramides	0.997	Long-chain ceramides	0.822	Long-chain ceramides	0.822	Organic compounds; Lipids and lipid-like molecules; Alcohols and polyols; Sphingolipids; Organic acids and derivatives; Carboxylic acids and derivatives; Organonitrogen compounds; Primary alcohols; Organooxygen compounds; Fatty amides; Carboxylic acid amides; Carboxylic acid derivatives; N-acyl amines; Ceramides; Secondary alcohols; Secondary carboxylic acid amides; Long-chain ceramides; Carbonyl compounds; Fatty Acyls; Organic oxides; Hydrocarbon derivatives; Organopnictogen compounds; Organic oxygen compounds; Organic nitrogen compounds; Chemical entities	560.502	630	10.506	816975706629170656	816973469567388602	816973469567388601	3287	
1	C30H48	[M + H]+	C30H49+	Terpenoids	0.998	Triterpenoids	0.955	Lupane triterpenoids	0.190	Lipids and lipid-like molecules	0.981	Prenol lipids	0.921	Triterpenoids	0.649			Triterpenoids	0.649	Organic compounds; Lipids and lipid-like molecules; Prenol lipids; Triterpenoids; Hydrocarbons; Olefins; Cyclic olefins; Polycyclic hydrocarbons; Unsaturated hydrocarbons; Unsaturated aliphatic hydrocarbons; Branched unsaturated hydrocarbons; Chemical entities	409.381	630	10.508	816975710160775816	816973469630303172	816973469630303171	3310	
1	C36H67NO3	[M + H]+	C36H68NO3+	Fatty acids	1.000	Spingolipids	1.000	Ceramides	1.000	Lipids and lipid-like molecules	0.993	Sphingolipids	0.994	Ceramides	0.999	Long-chain ceramides	0.788	Long-chain ceramides	0.788	Organic compounds; Lipids and lipid-like molecules; Alcohols and polyols; Sphingolipids; Organic acids and derivatives; Carboxylic acids and derivatives; Organonitrogen compounds; Primary alcohols; Organooxygen compounds; Fatty amides; Carboxylic acid amides; Carboxylic acid derivatives; N-acyl amines; Ceramides; Secondary alcohols; Secondary carboxylic acid amides; Long-chain ceramides; Carbonyl compounds; Fatty Acyls; Organic oxides; Hydrocarbon derivatives; Organopnictogen compounds; Organic oxygen compounds; Organic nitrogen compounds; Chemical entities	562.514	631	10.524	816975708357224509	816973469735160782	816973469735160781	3297	
1	C36H69NO3	[M + O + H]+	C36H70NO4+	Fatty acids	1.000	Spingolipids	1.000	Ceramides	1.000	Lipids and lipid-like molecules	0.995	Sphingolipids	0.997	Ceramides	0.999	Long-chain ceramides	0.833	Long-chain ceramides	0.833	Organic compounds; Lipids and lipid-like molecules; Alcohols and polyols; Sphingolipids; Organic acids and derivatives; Carboxylic acids and derivatives; Organonitrogen compounds; Primary alcohols; Organooxygen compounds; Fatty amides; Carboxylic acid amides; Carboxylic acid derivatives; N-acyl amines; Ceramides; Secondary alcohols; Secondary carboxylic acid amides; Long-chain ceramides; Carbonyl compounds; Fatty Acyls; Organic oxides; Hydrocarbon derivatives; Organopnictogen compounds; Organic oxygen compounds; Organic nitrogen compounds; Chemical entities	580.528	632	10.532	816975708634048643	816973469819046872	816973469819046871	3308	
1	C42H79NO8	[M + O + H]+	C42H80NO9+	Fatty acids	1.000	Spingolipids	1.000	Neutral glycosphingolipids	1.000	Lipids and lipid-like molecules	0.998	Sphingolipids	0.984	Glycosphingolipids	0.985	Neutral glycosphingolipids	0.824	Glycosyl-N-acylsphingosines	0.800	Organic compounds; Organoheterocyclic compounds; Carbohydrates and carbohydrate conjugates; Lipids and lipid-like molecules; Alcohols and polyols; Ethers; Sphingolipids; Organic acids and derivatives; Carboxylic acids and derivatives; Organonitrogen compounds; Primary alcohols; Organooxygen compounds; Fatty amides; Carboxylic acid amides; Carboxylic acid derivatives; N-acyl amines; Neutral glycosphingolipids; Simple glycosylceramides; Hexoses; Monosaccharides; Acetals; Secondary alcohols; Secondary carboxylic acid amides; Fatty acyl glycosides; Carbonyl compounds; Oxanes; Glycosyl compounds; Alkyl glycosides; O-glycosyl compounds; Polyols; Glycosphingolipids; Fatty acyl glycosides of mono- and disaccharides; Fatty Acyls; Organic oxides; Oxacyclic compounds; Hydrocarbon derivatives; Glycosyl-N-acylsphingosines; Organopnictogen compounds; Organic oxygen compounds; Organic nitrogen compounds; Chemical entities	742.580	632	10.537	816975711519730696	816973469932293090	816973469932293089	3305	
1	C42H79NO9	[M - H2O + H]+	C42H78NO8+	Fatty acids	1.000	Spingolipids	1.000	Neutral glycosphingolipids	1.000	Lipids and lipid-like molecules	0.997	Sphingolipids	0.982	Glycosphingolipids	0.986	Neutral glycosphingolipids	0.870	Glycosyl-N-acylsphingosines	0.850	Organic compounds; Organoheterocyclic compounds; Carbohydrates and carbohydrate conjugates; Lipids and lipid-like molecules; Alcohols and polyols; Ethers; Sphingolipids; Organic acids and derivatives; Carboxylic acids and derivatives; Organonitrogen compounds; Primary alcohols; Organooxygen compounds; Fatty amides; Carboxylic acid amides; Carboxylic acid derivatives; N-acyl amines; Neutral glycosphingolipids; Simple glycosylceramides; Hexoses; Monosaccharides; Acetals; Secondary alcohols; Secondary carboxylic acid amides; Fatty acyl glycosides; Carbonyl compounds; Oxanes; Glycosyl compounds; Alkyl glycosides; O-glycosyl compounds; Polyols; Glycosphingolipids; Fatty acyl glycosides of mono- and disaccharides; Fatty Acyls; Organic oxides; Oxacyclic compounds; Hydrocarbon derivatives; Glycosyl-N-acylsphingosines; Organopnictogen compounds; Organic oxygen compounds; Organic nitrogen compounds; Chemical entities	724.570	632	10.538	816975714006953718	816973469970041831	816973469970041830	3307	
1	C27H44O3	[M + Na]+	C27H44NaO3+	Terpenoids	0.983	Carotenoids (C40)	0.457	Carotenoids (C40, β-β)	0.037	Lipids and lipid-like molecules	0.961	Prenol lipids	0.850					Prenol lipids	0.850	Organic compounds; Lipids and lipid-like molecules; Alcohols and polyols; Prenol lipids; Organooxygen compounds; Cyclic alcohols and derivatives; Secondary alcohols; Hydrocarbon derivatives; Organic oxygen compounds; Chemical entities	439.319	632	10.540	816975711813332170	816973470007790572	816973470003596267	3312	
4	C16H30F2N4O2	[M + Na]+	C16H30F2N4NaO2+	Alkaloids	0.279	Ornithine alkaloids	0.168	Tropane alkaloids	0.110	Organic acids and derivatives	0.928	Carboxylic acids and derivatives	0.766	Amino acids, peptides, and analogues	0.554	Amino acids and derivatives	0.553	Amino acids and derivatives	0.553	Organic compounds; Organoheterocyclic compounds; Amino acids, peptides, and analogues; Halobenzenes; Organic acids and derivatives; Carboxylic acids and derivatives; Organohalogen compounds; Organonitrogen compounds; Organooxygen compounds; Amino acids and derivatives; Azoles; Carboxylic acid amides; Alkyl fluorides; Aryl fluorides; Carboxylic acid derivatives; Fluorobenzenes; Organofluorides; Carbonyl compounds; Benzene and substituted derivatives; Benzenoids; Amines; Alkyl halides; Organic oxides; Azacyclic compounds; Heteroaromatic compounds; Hydrocarbon derivatives; Organopnictogen compounds; Organic oxygen compounds; Organic nitrogen compounds; Chemical entities	371.223	632	10.541	816975712991931924	816973470045539313	816973470045539312	3313	
5	C21H38N2O3	[M + K]+	C21H38KN2O3+	Fatty acids	0.993	Fatty amides	0.511	Sphingoid bases	0.100	Lipids and lipid-like molecules	0.929	Fatty Acyls	0.919	Fatty amides	0.690	N-acyl amines	0.603	N-acyl amines	0.603	Organic compounds; Lipids and lipid-like molecules; Alcohols and polyols; Organic acids and derivatives; Carboxylic acids and derivatives; Organonitrogen compounds; Organooxygen compounds; Fatty amides; Carboxylic acid amides; Carboxylic acid derivatives; N-acyl amines; Monocarboxylic acids and derivatives; Carboxylic acids; Secondary alcohols; Secondary carboxylic acid amides; Carbonyl compounds; Fatty Acyls; Organic oxides; Hydrocarbon derivatives; Organopnictogen compounds; Organic oxygen compounds; Organic nitrogen compounds; Chemical entities	405.250	632	10.541	816975711213546424	816973470079093750	816973470079093749	3314	
1	C20H34O2	[M + H]+	C20H35O2+	Terpenoids	0.934	Diterpenoids	0.931	Labdane diterpenoids	0.169	Lipids and lipid-like molecules	0.990	Prenol lipids	0.926	Diterpenoids	0.962			Diterpenoids	0.962	Organic compounds; Lipids and lipid-like molecules; Prenol lipids; Fatty acids and conjugates; Organic acids and derivatives; Carboxylic acids and derivatives; Organooxygen compounds; Monocarboxylic acids and derivatives; Carboxylic acids; Diterpenoids; Carbonyl compounds; Fatty Acyls; Organic oxides; Hydrocarbon derivatives; Organic oxygen compounds; Chemical entities	307.262	633	10.549	816975712593472936	816973470171368448	816973470171368447	3322	
1	C21H46OSi	[M + H]+	C21H47OSi+	Fatty acids	0.991	Fatty acyls	0.878	Fatty alcohols	0.874	Lipids and lipid-like molecules	0.566	Fatty Acyls	0.509					Fatty Acyls	0.509	Organic compounds; Lipids and lipid-like molecules; Alcohols and polyols; Primary alcohols; Organooxygen compounds; Fatty Acyls; Hydrocarbon derivatives; Organic oxygen compounds; Chemical entities	343.338	633	10.549	816975713235201632	816973470209117189	816973470209117188	3323	
1	C48H92NO8P	[M + H]+	C48H93NO8P+	Fatty acids	1.000	Glycerophospholipids	1.000	Glycerophosphocholines	0.998	Lipids and lipid-like molecules	0.991	Glycerophospholipids	0.999	Glycerophosphocholines	0.995	Phosphatidylcholines	0.990	Phosphatidylcholines	0.990	Organic compounds; Lipids and lipid-like molecules; Glycerophospholipids; Organic acids and derivatives; Carboxylic acids and derivatives; Organonitrogen compounds; Organooxygen compounds; Fatty acid esters; Dicarboxylic acids and derivatives; Organic phosphoric acids and derivatives; Phosphate esters; Quaternary ammonium salts; Cholines; Carboxylic acid derivatives; Carboxylic acid esters; Phosphocholines; Phosphatidylcholines; Carbonyl compounds; Glycerophosphocholines; Amines; Alkyl phosphates; Dialkyl phosphates; Organic cations; Organic salts; Fatty Acyls; Organic oxides; Hydrocarbon derivatives; Tetraalkylammonium salts; Organopnictogen compounds; Organic oxygen compounds; Organic nitrogen compounds; Chemical entities	842.661	633	10.553	816975711834303709	816973470280420367	816973470280420366	3337	
3	C16H40N6O2	[M + Na]+	C16H40N6NaO2+	Alkaloids	0.556	Ornithine alkaloids	0.743	Polyamines	0.791	Organic acids and derivatives	0.841	Organic carbonic acids and derivatives	0.687	Ureas	0.787			Ureas	0.787	Organic compounds; Organic acids and derivatives; Organonitrogen compounds; Organooxygen compounds; Organic carbonic acids and derivatives; Ureas; Carbonyl compounds; Organic oxides; Hydrocarbon derivatives; Organopnictogen compounds; Organic oxygen compounds; Organic nitrogen compounds; Chemical entities	371.307	634	10.559	816975713612689096	816973470330752020	816973470330752019	3327	
1	C34H69NO3	[M + O + H]+	C34H70NO4+	Fatty acids	1.000	Spingolipids	1.000	Ceramides	1.000	Lipids and lipid-like molecules	0.998	Sphingolipids	0.999	Ceramides	1.000	Long-chain ceramides	0.857	Long-chain ceramides	0.857	Organic compounds; Lipids and lipid-like molecules; Alcohols and polyols; Sphingolipids; Organic acids and derivatives; Carboxylic acids and derivatives; Organonitrogen compounds; Primary alcohols; Organooxygen compounds; Fatty amides; Carboxylic acid amides; Carboxylic acid derivatives; N-acyl amines; Ceramides; Secondary alcohols; Secondary carboxylic acid amides; Long-chain ceramides; Carbonyl compounds; Fatty Acyls; Organic oxides; Hydrocarbon derivatives; Organopnictogen compounds; Organic oxygen compounds; Organic nitrogen compounds; Chemical entities	556.528	635	10.581	816975713612689104	816973470397860894	816973470393666589	3333	
1	C44H80NO8P	[M + H]+	C44H81NO8P+	Fatty acids	0.999	Glycerophospholipids	1.000	Glycerophosphocholines	0.997	Lipids and lipid-like molecules	0.990	Glycerophospholipids	0.999	Glycerophosphocholines	0.994	Phosphatidylcholines	0.988	Phosphatidylcholines	0.988	Organic compounds; Lipids and lipid-like molecules; Glycerophospholipids; Organic acids and derivatives; Carboxylic acids and derivatives; Organonitrogen compounds; Organooxygen compounds; Fatty acid esters; Dicarboxylic acids and derivatives; Organic phosphoric acids and derivatives; Phosphate esters; Quaternary ammonium salts; Cholines; Carboxylic acid derivatives; Carboxylic acid esters; Phosphocholines; Phosphatidylcholines; Carbonyl compounds; Glycerophosphocholines; Amines; Alkyl phosphates; Dialkyl phosphates; Organic cations; Organic salts; Fatty Acyls; Organic oxides; Hydrocarbon derivatives; Tetraalkylammonium salts; Organopnictogen compounds; Organic oxygen compounds; Organic nitrogen compounds; Chemical entities	782.566	635	10.588	816975714258612014	816973470427221027	816973470427221026	3334	
4	C41H68O6	[M + H]+	C41H69O6+	Fatty acids	1.000	Glycerolipids	1.000	Diacylglycerols	0.994	Lipids and lipid-like molecules	0.997	Glycerolipids	0.999	Diradylglycerols	0.920	Diacylglycerols	0.931	1,2-diacylglycerols	0.912	Organic compounds; Lipids and lipid-like molecules; Alcohols and polyols; Glycerolipids; Organic acids and derivatives; Carboxylic acids and derivatives; Organooxygen compounds; Fatty acid esters; Dicarboxylic acids and derivatives; Carboxylic acid derivatives; Diacylglycerols; Carboxylic acid esters; 1,2-diacylglycerols; Carbonyl compounds; Diradylglycerols; Fatty Acyls; Organic oxides; Hydrocarbon derivatives; Organic oxygen compounds; Chemical entities	657.504	636	10.595	816975717899268387	816973470506912813	816973470506912812	3341	
1	C35H64O5	[M + Na]+	C35H64NaO5+	Fatty acids	1.000	Glycerolipids	1.000	Diacylglycerols	1.000	Lipids and lipid-like molecules	0.996	Glycerolipids	1.000	Diradylglycerols	0.993	Diacylglycerols	0.989	1,2-diacylglycerols	0.936	Organic compounds; Lipids and lipid-like molecules; Alcohols and polyols; Glycerolipids; Organic acids and derivatives; Carboxylic acids and derivatives; Primary alcohols; Organooxygen compounds; Fatty acid esters; Dicarboxylic acids and derivatives; Carboxylic acid derivatives; Diacylglycerols; Carboxylic acid esters; 1,2-diacylglycerols; Secondary alcohols; Carbonyl compounds; Diradylglycerols; Fatty Acyls; Organic oxides; Hydrocarbon derivatives; Organic oxygen compounds; Chemical entities	587.464	637	10.615	816975719295971913	816973470683073596	816973470683073595	3350	
2	C25H49O11P	[M + Na]+	C25H49NaO11P+	Fatty acids	1.000	Glycerophospholipids	1.000	Glycerophosphoinositols	0.998	Lipids and lipid-like molecules	0.998	Glycerophospholipids	1.000	Glycerophosphoinositols	1.000	Lysophosphatidylinositols	0.966	1-acyl-sn-glycerol-3-phosphoinositols	0.964	Organic compounds; Lipids and lipid-like molecules; Alcohols and polyols; Glycerophospholipids; Organic acids and derivatives; Carboxylic acids and derivatives; Organooxygen compounds; Fatty acid esters; Organic phosphoric acids and derivatives; Phosphate esters; Carboxylic acid derivatives; Monocarboxylic acids and derivatives; Carboxylic acid esters; Cyclic alcohols and derivatives; Lysophosphatidylinositols; Secondary alcohols; Carbonyl compounds; 1-acyl-sn-glycerol-3-phosphoinositols; Glycerophosphoinositols; Polyols; Cyclitols and derivatives; Inositol phosphates; Cyclohexanols; Alkyl phosphates; Dialkyl phosphates; Fatty Acyls; Organic oxides; Hydrocarbon derivatives; Organic oxygen compounds; Chemical entities	579.290	637	10.623	816975725704869159	816973470745988161	816973470745988160	3352	
1	C30H51BrO8	[M + H]+	C30H52BrO8+	Terpenoids	0.837	Diterpenoids	0.325	Pimarane and Isopimarane diterpenoids	0.072	Organic oxygen compounds	1.000	Organooxygen compounds	0.999	Carbohydrates and carbohydrate conjugates	0.974	Monosaccharides	0.950	Hexoses	0.745	Organic compounds; Organoheterocyclic compounds; Carbohydrates and carbohydrate conjugates; Lipids and lipid-like molecules; Alcohols and polyols; Ethers; Prenol lipids; Organohalogen compounds; Primary alcohols; Organooxygen compounds; Hexoses; Monosaccharides; Acetals; Secondary alcohols; Oxanes; Glycosyl compounds; O-glycosyl compounds; Polyols; Oxacyclic compounds; Hydrocarbon derivatives; Organic oxygen compounds; Chemical entities	619.283	638	10.629	816975751755695264	816973470804708422	816973470800514117	3354	
1	C20H41NO	[M + H]+	C20H42NO+	Fatty acids	0.992	Fatty amides	0.983	Primary amides	0.420	Lipids and lipid-like molecules	0.529							Lipids and lipid-like molecules	0.529	Organic compounds; Lipids and lipid-like molecules; Organonitrogen compounds; Organooxygen compounds; Amines; Organic oxides; Hydrocarbon derivatives; Organopnictogen compounds; Organic oxygen compounds; Organic nitrogen compounds; Chemical entities	312.324	639	10.657	816975730016614380	816973470926343258	816973470926343257	3366	
1	C21H32N2O5	[M + H]+	C21H33N2O5+	Amino acids and Peptides	0.896	Small peptides	0.629	Dipeptides	0.311	Organic acids and derivatives	0.998	Carboxylic acids and derivatives	0.995	Amino acids, peptides, and analogues	0.772	Amino acids and derivatives	0.772	Alpha amino acids and derivatives	0.639	Organic compounds; Lipids and lipid-like molecules; Amino acids, peptides, and analogues; Alpha amino acids and derivatives; Benzoic acids and derivatives; Organic acids and derivatives; Carboxylic acids and derivatives; Organonitrogen compounds; Organooxygen compounds; Amino acids and derivatives; Carboxylic acid amides; Carboxylic acid derivatives; Carboxylic acids; Secondary carboxylic acid amides; Carbonyl compounds; Benzene and substituted derivatives; Benzenoids; Organic oxides; Hydrocarbon derivatives; Organopnictogen compounds; Organic oxygen compounds; Organic nitrogen compounds; Chemical entities	393.239	641	10.680	816975741991354465	816973471161224307	816973471161224306	3377	
1	C19H34O2	[M + H]+	C19H35O2+	Terpenoids	0.721	Diterpenoids	0.433	Labdane diterpenoids	0.172	Lipids and lipid-like molecules	0.889	Prenol lipids	0.649					Prenol lipids	0.649	Organic compounds; Lipids and lipid-like molecules; Alcohols and polyols; Prenol lipids; Organooxygen compounds; Carbonyl compounds; Fatty Acyls; Organic oxides; Hydrocarbon derivatives; Organic oxygen compounds; Chemical entities	295.262	641	10.690	816975738879180262	816973471236721789	816973471236721788	3381	
1	C26H54NO7P	[M + H]+	C26H55NO7P+	Fatty acids	1.000	Glycerophospholipids	1.000	Glycerophosphocholines	1.000	Lipids and lipid-like molecules	0.989	Glycerophospholipids	0.999	Glycerophosphocholines	0.998	Lysophosphatidylcholines	0.991	1-acyl-sn-glycero-3-phosphocholines	0.989	Organic compounds; Lipids and lipid-like molecules; Alcohols and polyols; Glycerophospholipids; Organic acids and derivatives; Carboxylic acids and derivatives; Organonitrogen compounds; Organooxygen compounds; Fatty acid esters; Organic phosphoric acids and derivatives; Phosphate esters; Quaternary ammonium salts; Cholines; Carboxylic acid derivatives; Monocarboxylic acids and derivatives; Carboxylic acid esters; Phosphocholines; Lysophosphatidylcholines; 1-acyl-sn-glycero-3-phosphocholines; Secondary alcohols; Carbonyl compounds; Glycerophosphocholines; Amines; Alkyl phosphates; Dialkyl phosphates; Organic cations; Organic salts; Fatty Acyls; Organic oxides; Hydrocarbon derivatives; Tetraalkylammonium salts; Organopnictogen compounds; Organic oxygen compounds; Organic nitrogen compounds; Chemical entities	524.369	642	10.699	816975739747401399	816973471270276226	816973471270276225	3383	
1	C44H82NO8P	[M + H]+	C44H83NO8P+	Fatty acids	0.999	Glycerophospholipids	1.000	Glycerophosphocholines	0.996	Lipids and lipid-like molecules	0.990	Glycerophospholipids	0.999	Glycerophosphocholines	0.993	Phosphatidylcholines	0.987	Phosphatidylcholines	0.987	Organic compounds; Lipids and lipid-like molecules; Glycerophospholipids; Organic acids and derivatives; Carboxylic acids and derivatives; Organonitrogen compounds; Organooxygen compounds; Fatty acid esters; Dicarboxylic acids and derivatives; Organic phosphoric acids and derivatives; Phosphate esters; Quaternary ammonium salts; Cholines; Carboxylic acid derivatives; Carboxylic acid esters; Phosphocholines; Phosphatidylcholines; Carbonyl compounds; Glycerophosphocholines; Amines; Alkyl phosphates; Dialkyl phosphates; Organic cations; Organic salts; Fatty Acyls; Organic oxides; Hydrocarbon derivatives; Tetraalkylammonium salts; Organopnictogen compounds; Organic oxygen compounds; Organic nitrogen compounds; Chemical entities	784.582	643	10.709	816975735922195324	816973471303830663	816973471299636358	3386	
1	C48H92NO8P	[M + H]+	C48H93NO8P+	Fatty acids	1.000	Glycerophospholipids	1.000	Glycerophosphocholines	0.998	Lipids and lipid-like molecules	0.991	Glycerophospholipids	0.999	Glycerophosphocholines	0.995	Phosphatidylcholines	0.989	Phosphatidylcholines	0.989	Organic compounds; Lipids and lipid-like molecules; Glycerophospholipids; Organic acids and derivatives; Carboxylic acids and derivatives; Organonitrogen compounds; Organooxygen compounds; Fatty acid esters; Dicarboxylic acids and derivatives; Organic phosphoric acids and derivatives; Phosphate esters; Quaternary ammonium salts; Cholines; Carboxylic acid derivatives; Carboxylic acid esters; Phosphocholines; Phosphatidylcholines; Carbonyl compounds; Glycerophosphocholines; Amines; Alkyl phosphates; Dialkyl phosphates; Organic cations; Organic salts; Fatty Acyls; Organic oxides; Hydrocarbon derivatives; Tetraalkylammonium salts; Organopnictogen compounds; Organic oxygen compounds; Organic nitrogen compounds; Chemical entities	842.661	643	10.724	816975738644299161	816973471362550929	816973471362550928	3400	
1	C30H46O2	[M + H]+	C30H47O2+	Terpenoids	0.999	Triterpenoids	0.997	Lupane triterpenoids	0.626	Lipids and lipid-like molecules	0.990	Prenol lipids	0.980	Triterpenoids	0.951			Triterpenoids	0.951	Organic compounds; Lipids and lipid-like molecules; Prenol lipids; Organic acids and derivatives; Carboxylic acids and derivatives; Organooxygen compounds; Carboxylic acid derivatives; Monocarboxylic acids and derivatives; Carboxylic acid esters; Triterpenoids; Carbonyl compounds; Organic oxides; Hydrocarbon derivatives; Organic oxygen compounds; Chemical entities	439.355	644	10.739	816975742029103221	816973471492574373	816973471492574372	3402	
1	C37H70O5	[M + Na]+	C37H70NaO5+	Fatty acids	1.000	Glycerolipids	1.000	Diacylglycerols	1.000	Lipids and lipid-like molecules	0.996	Glycerolipids	0.995	Diradylglycerols	0.992	Diacylglycerols	0.997	1,2-diacylglycerols	0.990	Organic compounds; Lipids and lipid-like molecules; Alcohols and polyols; Glycerolipids; Organic acids and derivatives; Carboxylic acids and derivatives; Primary alcohols; Organooxygen compounds; Fatty acid esters; Dicarboxylic acids and derivatives; Carboxylic acid derivatives; Diacylglycerols; Carboxylic acid esters; 1,2-diacylglycerols; Carbonyl compounds; Diradylglycerols; Fatty Acyls; Organic oxides; Hydrocarbon derivatives; Organic oxygen compounds; Chemical entities	617.510	645	10.742	816975739227307589	816973471526128810	816973471521934505	3406	
1	C19H40O3	[M + Na]+	C19H40NaO3+	Fatty acids	1.000	Fatty acyls	0.993	Fatty alcohols	0.998	Lipids and lipid-like molecules	0.977	Fatty Acyls	0.960	Fatty alcohols	0.903	Long-chain fatty alcohols	0.879	Long-chain fatty alcohols	0.879	Organic compounds; Lipids and lipid-like molecules; Alcohols and polyols; Primary alcohols; Organooxygen compounds; Monocarboxylic acids and derivatives; Carboxylic acid esters; Fatty alcohols; Secondary alcohols; Polyols; 1,2-diols; Long-chain fatty alcohols; Monoradylglycerols; Fatty Acyls; Hydrocarbon derivatives; Organic oxygen compounds; Chemical entities	339.288	645	10.751	816975740368158577	816973471555488943	816973471555488942	3405	
1	C39H70O6	[M + Na]+	C39H70NaO6+	Fatty acids	1.000	Glycerolipids	1.000	Diacylglycerols	0.997	Lipids and lipid-like molecules	0.992	Glycerolipids	0.999	Diradylglycerols	0.982	Diacylglycerols	0.985	1,2-diacylglycerols	0.923	Organic compounds; Lipids and lipid-like molecules; Alcohols and polyols; Glycerolipids; Organic acids and derivatives; Carboxylic acids and derivatives; Primary alcohols; Organooxygen compounds; Fatty acid esters; Dicarboxylic acids and derivatives; Carboxylic acid derivatives; Diacylglycerols; Carboxylic acid esters; 1,2-diacylglycerols; Carbonyl compounds; Diradylglycerols; Fatty Acyls; Organic oxides; Hydrocarbon derivatives; Organic oxygen compounds; Chemical entities	657.505	646	10.761	816975741387374593	816973471589043380	816973471589043379	3434	
2	C35H70O4	[M + Na]+	C35H70NaO4+	Fatty acids	0.998	Glycerolipids	0.927	Diacylglycerols	0.781	Lipids and lipid-like molecules	0.990	Fatty Acyls	0.980	Fatty acid esters	0.955			Fatty acid esters	0.955	Organic compounds; Lipids and lipid-like molecules; Alcohols and polyols; Organic acids and derivatives; Carboxylic acids and derivatives; Organooxygen compounds; Fatty acid esters; Dicarboxylic acids and derivatives; Carboxylic acid derivatives; Carboxylic acid esters; Carbonyl compounds; Fatty Acyls; Organic oxides; Hydrocarbon derivatives; Organic oxygen compounds; Chemical entities	577.513	647	10.777	816975755144693584	816973471815535821	816973471815535820	3412	
2	C36H66O	[M + Na]+	C36H66NaO+	Terpenoids	0.996	Steroids	0.574	Cholestane steroids	0.186	Lipids and lipid-like molecules	0.995	Steroids and steroid derivatives	0.697	Delta-5-steroids	0.636			Delta-5-steroids	0.636	Organic compounds; Lipids and lipid-like molecules; Alcohols and polyols; Steroids and steroid derivatives; Prenol lipids; Organooxygen compounds; Secondary alcohols; Delta-5-steroids; Organic oxides; Hydrocarbon derivatives; Organic oxygen compounds; Chemical entities	537.502	647	10.788	816975755291494306	816973471861673170	816973471861673169	3385	
2	C15H32N6O	[M + H]+	C15H33N6O+	Alkaloids	0.759	Pseudoalkaloids (transamidation)	0.067	Purine alkaloids	0.009	Organoheterocyclic compounds	0.992	Triazines	0.654	Aminotriazines	0.644	1,3,5-triazine-2,4-diamines	0.574	1,3,5-triazine-2,4-diamines	0.574	Organic compounds; Organoheterocyclic compounds; Triazines; Oxazinanes; Ethers; Organonitrogen compounds; Organooxygen compounds; Morpholines; Azoles; Dialkyl ethers; Aminotriazines; Amines; Tertiary amines; N-aliphatic s-triazines; 1,3,5-triazines; Azacyclic compounds; Oxacyclic compounds; Heteroaromatic compounds; Hydrocarbon derivatives; Organopnictogen compounds; Organic oxygen compounds; Organic nitrogen compounds; 1,3,5-triazine-2,4-diamines; Chemical entities	313.272	648	10.797	816975755887085780	816973471886838999	816973471886838998	3422	
1	C35H71NO3	[M + O + H]+	C35H72NO4+	Fatty acids	1.000	Spingolipids	1.000	Ceramides	1.000	Lipids and lipid-like molecules	0.973	Sphingolipids	0.991	Ceramides	0.999	Long-chain ceramides	0.808	Long-chain ceramides	0.808	Organic compounds; Lipids and lipid-like molecules; Alcohols and polyols; Sphingolipids; Organic acids and derivatives; Carboxylic acids and derivatives; Organonitrogen compounds; Primary alcohols; Organooxygen compounds; Fatty amides; Carboxylic acid amides; Carboxylic acid derivatives; N-acyl amines; Ceramides; Secondary alcohols; Secondary carboxylic acid amides; Long-chain ceramides; Carbonyl compounds; Fatty Acyls; Organic oxides; Hydrocarbon derivatives; Organopnictogen compounds; Organic oxygen compounds; Organic nitrogen compounds; Chemical entities	570.544	648	10.807	816975755476043779	816973471962336481	816973471962336480	3428	
2	C22H45O9P	[M + Na]+	C22H45NaO9P+	Fatty acids	1.000	Glycerophospholipids	1.000	Glycerophosphoglycerols	0.877	Lipids and lipid-like molecules	0.994	Glycerophospholipids	0.998	Glycerophosphoglycerols	0.855	Lysophosphatidylglycerols	0.872	Lysophosphatidylglycerols	0.872	Organic compounds; Lipids and lipid-like molecules; Alcohols and polyols; Glycerophospholipids; Organic acids and derivatives; Carboxylic acids and derivatives; Primary alcohols; Lysophosphatidylglycerols; Organooxygen compounds; Fatty acid esters; Organic phosphoric acids and derivatives; Phosphate esters; Carboxylic acid derivatives; Monocarboxylic acids and derivatives; Carboxylic acid esters; Secondary alcohols; Carbonyl compounds; Glycerophosphoglycerols; Alkyl phosphates; Dialkyl phosphates; Fatty Acyls; Organic oxides; Hydrocarbon derivatives; Organic oxygen compounds; Chemical entities	507.267	649	10.812	816975756142938394	816973471995890918	816973471995890917	3432	
1	C34H65NO3	[M - H2O + H]+	C34H64NO2+	Fatty acids	1.000	Spingolipids	1.000	Ceramides	1.000	Lipids and lipid-like molecules	0.994	Sphingolipids	0.991	Ceramides	0.997	Long-chain ceramides	0.650	Long-chain ceramides	0.650	Organic compounds; Lipids and lipid-like molecules; Alcohols and polyols; Sphingolipids; Organic acids and derivatives; Carboxylic acids and derivatives; Organonitrogen compounds; Primary alcohols; Organooxygen compounds; Fatty amides; Carboxylic acid amides; Carboxylic acid derivatives; N-acyl amines; Ceramides; Secondary alcohols; Secondary carboxylic acid amides; Long-chain ceramides; Carbonyl compounds; Fatty Acyls; Organic oxides; Hydrocarbon derivatives; Organopnictogen compounds; Organic oxygen compounds; Organic nitrogen compounds; Chemical entities	518.491	649	10.817	816975755635427415	816973472167857402	816973472167857401	3433	
1	C25H46	[M + Na]+	C25H46Na+	Terpenoids	0.979	Steroids	0.968	Cholestane steroids	0.871	Lipids and lipid-like molecules	0.989	Steroids and steroid derivatives	0.958	Cholestane steroids	0.680			Cholestane steroids	0.680	Organic compounds; Lipids and lipid-like molecules; Steroids and steroid derivatives; Hydrocarbons; Cholestane steroids; Polycyclic hydrocarbons; Chemical entities	369.346	649	10.822	816975757732579895	816973472197217535	816973472197217534	3437	
1	C34H65NO3	[M + H]+	C34H66NO3+	Fatty acids	1.000	Spingolipids	1.000	Ceramides	1.000	Lipids and lipid-like molecules	0.995	Sphingolipids	0.995	Ceramides	0.999	Long-chain ceramides	0.733	Long-chain ceramides	0.733	Organic compounds; Lipids and lipid-like molecules; Alcohols and polyols; Sphingolipids; Organic acids and derivatives; Carboxylic acids and derivatives; Organonitrogen compounds; Primary alcohols; Organooxygen compounds; Fatty amides; Carboxylic acid amides; Carboxylic acid derivatives; N-acyl amines; Ceramides; Secondary alcohols; Secondary carboxylic acid amides; Long-chain ceramides; Carbonyl compounds; Fatty Acyls; Organic oxides; Hydrocarbon derivatives; Organopnictogen compounds; Organic oxygen compounds; Organic nitrogen compounds; Chemical entities	536.502	649	10.823	816975757569001997	816973472285297924	816973472285297923	3438	
1	C23H46O4	[M + Na]+	C23H46NaO4+	Fatty acids	0.973	Glycerolipids	0.884	Monoacylglycerols	0.842	Lipids and lipid-like molecules	0.972	Fatty Acyls	0.870	Fatty alcohols	0.675	Long-chain fatty alcohols	0.561	Long-chain fatty alcohols	0.561	Organic compounds; Lipids and lipid-like molecules; Alcohols and polyols; Glycerolipids; Primary alcohols; Organooxygen compounds; Fatty alcohols; Secondary alcohols; Long-chain fatty alcohols; Monoradylglycerols; Fatty Acyls; Hydrocarbon derivatives; Organic oxygen compounds; Chemical entities	409.327	651	10.853	816975768423861203	816973472646008083	816973472641813778	3446	
1	C22H43NO	[M + H]+	C22H44NO+	Fatty acids	1.000	Fatty amides	1.000	Primary amides	1.000	Lipids and lipid-like molecules	0.864	Fatty Acyls	0.891	Fatty amides	0.870			Fatty amides	0.870	Organic compounds; Lipids and lipid-like molecules; Organic acids and derivatives; Carboxylic acids and derivatives; Organonitrogen compounds; Organooxygen compounds; Fatty amides; Carboxylic acid amides; Carboxylic acid derivatives; Primary carboxylic acid amides; Carbonyl compounds; Fatty Acyls; Organic oxides; Hydrocarbon derivatives; Organopnictogen compounds; Organic oxygen compounds; Organic nitrogen compounds; Chemical entities	338.341	653	10.883	816975772328758975	816973472729894173	816973472729894172	3456	
1	C22H40O	[M + H]+	C22H41O+	Fatty acids	0.982	Fatty Acids and Conjugates	0.573	Unsaturated fatty acids	0.605	Lipids and lipid-like molecules	0.941	Fatty Acyls	0.852					Fatty Acyls	0.852	Organic compounds; Lipids and lipid-like molecules; Alcohols and polyols; Organooxygen compounds; Carbonyl compounds; Fatty Acyls; Hydrocarbon derivatives; Organic oxygen compounds; Chemical entities	321.314	653	10.886	816975774170058772	816973472968969526	816973472968969525	3465	
1	C19H35N3O2	[M + H]+	C19H36N3O2+	Fatty acids	0.534	Fatty amides	0.758	Primary amides	0.253	Lipids and lipid-like molecules	0.774	Fatty Acyls	0.660	Fatty amides	0.671			Fatty amides	0.671	Organic compounds; Lipids and lipid-like molecules; Organic acids and derivatives; Carboxylic acids and derivatives; Organonitrogen compounds; Organooxygen compounds; Fatty amides; Carboxylic acid amides; Ureas; Carboxylic acid derivatives; Primary carboxylic acid amides; Carbonyl compounds; Fatty Acyls; Organic oxides; Hydrocarbon derivatives; Organopnictogen compounds; Organic oxygen compounds; Organic nitrogen compounds; Chemical entities	338.282	653	10.888	816975793568716875	816973473052855616	816973473048661311	3468	
1	C19H35N3O2	[M + H]+	C19H36N3O2+	Fatty acids	0.530	Fatty amides	0.795	Primary amides	0.231	Lipids and lipid-like molecules	0.737	Fatty Acyls	0.634	Fatty amides	0.660			Fatty amides	0.660	Organic compounds; Lipids and lipid-like molecules; Organic acids and derivatives; Carboxylic acids and derivatives; Organonitrogen compounds; Organooxygen compounds; Fatty amides; Carboxylic acid amides; Ureas; Carboxylic acid derivatives; Primary carboxylic acid amides; Carbonyl compounds; Fatty Acyls; Organic oxides; Hydrocarbon derivatives; Organopnictogen compounds; Organic oxygen compounds; Organic nitrogen compounds; Chemical entities	338.283	654	10.892	816975798568327291	816973473090604357	816973473090604356	3472	
1	C29H44O3	[M + H]+	C29H45O3+	Terpenoids	1.000	Meroterpenoids	1.000	Prenyl quinone meroterpenoids	1.000	Lipids and lipid-like molecules	0.959	Prenol lipids	0.945	Quinone and hydroquinone lipids	0.995	Vitamin E compounds	0.998	Tocopherols	0.521	Organic compounds; Organoheterocyclic compounds; Lipids and lipid-like molecules; Benzopyrans; Alkyl aryl ethers; Tocopherols; Ethers; Prenol lipids; Organic acids and derivatives; Carboxylic acids and derivatives; Organooxygen compounds; Carboxylic acid derivatives; Monocarboxylic acids and derivatives; Carboxylic acid esters; Quinone and hydroquinone lipids; Vitamin E compounds; Diterpenoids; Carbonyl compounds; Benzenoids; 1-benzopyrans; Organic oxides; Oxacyclic compounds; Hydrocarbon derivatives; Organic oxygen compounds; Chemical entities	441.335	657	10.950	816975777139626261	816973473216433492	816973473216433491	3482	
2	C21H34O2	[M + Na]+	C21H34NaO2+	Terpenoids	0.846	Diterpenoids	0.325	Farnesane sesquiterpenoids	0.264	Lipids and lipid-like molecules	0.891	Prenol lipids	0.786					Prenol lipids	0.786	Organic compounds; Lipids and lipid-like molecules; Prenol lipids; Organic acids and derivatives; Carboxylic acids and derivatives; Organooxygen compounds; Monocarboxylic acids and derivatives; Carboxylic acid esters; Carbonyl compounds; Fatty Acyls; Organic oxides; Hydrocarbon derivatives; Organic oxygen compounds; Chemical entities	341.246	657	10.952	816975779966587330	816973473258376537	816973473258376536	3484	
2	C29H36N4O	[M + K]+	C29H36KN4O+	Alkaloids	0.871	Tryptophan alkaloids	0.719	Carboline alkaloids	0.229	Benzenoids	0.982	Benzene and substituted derivatives	0.771					Benzene and substituted derivatives	0.771	Organic compounds; Organoheterocyclic compounds; Pyridines and derivatives; Organic acids and derivatives; Organonitrogen compounds; Organooxygen compounds; Benzene and substituted derivatives; Benzenoids; Amines; Tertiary amines; Organic oxides; Azacyclic compounds; Heteroaromatic compounds; Hydrocarbon derivatives; Organopnictogen compounds; Organic oxygen compounds; Organic nitrogen compounds; Chemical entities	495.256	657	10.952	816975786673280411	816973473304513886	816973473304513885	3481	
1	C29H44O3	[M - H2O + H]+	C29H43O2+	Terpenoids	1.000	Meroterpenoids	1.000	Prenyl quinone meroterpenoids	1.000	Lipids and lipid-like molecules	0.955	Prenol lipids	0.957	Quinone and hydroquinone lipids	0.994	Vitamin E compounds	0.996	Tocopherols	0.738	Organic compounds; Organoheterocyclic compounds; Lipids and lipid-like molecules; Benzopyrans; Alkyl aryl ethers; Phenols; Tocopherols; Ethers; Prenol lipids; Organic acids and derivatives; Carboxylic acids and derivatives; Organooxygen compounds; Monocarboxylic acids and derivatives; Carboxylic acids; Quinone and hydroquinone lipids; Vitamin E compounds; Diterpenoids; Carbonyl compounds; Benzenoids; 1-benzopyrans; Organic oxides; Oxacyclic compounds; Hydrocarbon derivatives; Organic oxygen compounds; Chemical entities	423.324	657	10.953	816975793002485808	816973473346456931	816973473346456930	3485	
1	C11H18O2	[M + Na]+	C11H18NaO2+	Terpenoids	0.668	Sesquiterpenoids	0.303	Bisabolane sesquiterpenoids	0.195	Benzenoids	0.986	Phenol ethers	0.856	Anisoles	0.786			Anisoles	0.786	Organic compounds; Alkyl aryl ethers; Anisoles; Ethers; Organooxygen compounds; Benzene and substituted derivatives; Phenol ethers; Benzenoids; Methoxybenzenes; Hydrocarbon derivatives; Organic oxygen compounds; Phenoxy compounds; Chemical entities	205.121	657	10.955	816975788728489490	816973473354845544	816973473354845543	3489	
