formulaRank	molecularFormula	adduct	precursorFormula	NPC#pathway	NPC#pathway Probability	NPC#superclass	NPC#superclass Probability	NPC#class	NPC#class Probability	ClassyFire#superclass	ClassyFire#superclass probability	ClassyFire#class	ClassyFire#class Probability	ClassyFire#subclass	ClassyFire#subclass Probability	ClassyFire#level 5	ClassyFire#level 5 Probability	ClassyFire#most specific class	ClassyFire#most specific class Probability	ClassyFire#all classifications	ionMass	retentionTimeInSeconds	retentionTimeInMinutes	formulaId	alignedFeatureId	compoundId	mappingFeatureId	overallFeatureQuality
1	C6H6FO3PS	[M + K]+	C6H6FKO3PS+	Fatty acids	0.075	Pseudoalkaloids (transamidation)	0.061	Halogenated fatty acids	0.030	Organic acids and derivatives	0.905	Organic phosphonic acids and derivatives	0.948	Organic phosphonic acids	0.815			Organic phosphonic acids	0.815	Organic compounds; Organic acids and derivatives; Organohalogen compounds; Organophosphorus compounds; Organic phosphonic acids and derivatives; Organic phosphonic acids; Organofluorides; Organic oxides; Hydrocarbon derivatives; Alkylphosphonofluoridic acids and esters; Organic oxygen compounds; Chemical entities	246.937	36	0.593	816703065993408614	816702771431614318	816702771419031405	6	
1	C16H32N2O10	[M + H]+	C16H33N2O10+	Carbohydrates	0.990	Aminosugars and aminoglycosides	0.765	Amino cyclitols	0.730	Organic oxygen compounds	1.000	Organooxygen compounds	1.000	Carbohydrates and carbohydrate conjugates	0.962	Aminosaccharides	0.885	2-deoxystreptamine aminoglycosides	0.528	Organic compounds; Organoheterocyclic compounds; Carbohydrates and carbohydrate conjugates; Lipids and lipid-like molecules; Amino acids, peptides, and analogues; Alcohols and polyols; Ethers; Fatty acids and conjugates; Organic acids and derivatives; Carboxylic acids and derivatives; Organonitrogen compounds; Aminoglycosides; Primary alcohols; Organooxygen compounds; Hydroxy fatty acids; Amino acids and derivatives; Monoalkylamines; Monocarboxylic acids and derivatives; Carboxylic acids; Monosaccharides; Acetals; Secondary alcohols; Carbonyl compounds; 1,2-aminoalcohols; Oxanes; Glycosyl compounds; Polyols; Amines; Primary amines; Alkanolamines; Aminocyclitols and derivatives; Cyclohexylamines; Aminosaccharides; 2-deoxystreptamine aminoglycosides; Fatty Acyls; Organic oxides; Oxacyclic compounds; Hydrocarbon derivatives; Amino acids; Organopnictogen compounds; Organic oxygen compounds; Organic nitrogen compounds; Chemical entities	413.211	36	0.606	816703091566086588	816702771536471923	816702771532277618	7	
1	C6H11O5P	[M + K]+	C6H11KO5P+	Fatty acids	0.831	Fatty Acids and Conjugates	0.710	Halogenated fatty acids	0.028	Lipids and lipid-like molecules	0.725	Fatty Acyls	0.633					Fatty Acyls	0.633	Organic compounds; Lipids and lipid-like molecules; Organic acids and derivatives; Carboxylic acids and derivatives; Organooxygen compounds; Organophosphorus compounds; Organic phosphonic acids and derivatives; Carboxylic acid derivatives; Monocarboxylic acids and derivatives; Carboxylic acids; Carboxylic acid esters; Carbonyl compounds; Methyl esters; Fatty Acyls; Organic oxides; Hydrocarbon derivatives; Organic oxygen compounds; Chemical entities	232.998	37	0.620	816703064026279554	816702771653912440	816702771649718135	26	
1	C11H24N2O5	[M + H]+	C11H25N2O5+	Amino acids and Peptides	0.833	Small peptides	0.614	Dipeptides	0.461	Organic acids and derivatives	0.999	Carboxylic acids and derivatives	0.997	Amino acids, peptides, and analogues	0.721	Amino acids and derivatives	0.717	Alpha amino acids and derivatives	0.591	Organic compounds; Lipids and lipid-like molecules; Amino acids, peptides, and analogues; Alpha amino acids and derivatives; Alcohols and polyols; Fatty acids and conjugates; Organic acids and derivatives; Carboxylic acids and derivatives; Organonitrogen compounds; Organooxygen compounds; Fatty amides; Branched fatty acids; Amino acids and derivatives; Carboxylic acid amides; Amino fatty acids; Carboxylic acid derivatives; N-acyl amines; Monocarboxylic acids and derivatives; Carboxylic acids; Secondary carboxylic acid amides; Carbonyl compounds; Medium-chain fatty acids; Fatty Acyls; Organic oxides; Hydrocarbon derivatives; Organopnictogen compounds; Organic oxygen compounds; Organic nitrogen compounds; Chemical entities	265.175	37	0.621	816703046280173394	816702771750381437	816702771746187132	27	
1	C7H13O5P	[M + K]+	C7H13KO5P+	Fatty acids	0.888	Fatty Acids and Conjugates	0.719	Halogenated fatty acids	0.014	Lipids and lipid-like molecules	0.525							Lipids and lipid-like molecules	0.525	Organic compounds; Lipids and lipid-like molecules; Organic acids and derivatives; Carboxylic acids and derivatives; Organooxygen compounds; Organophosphorus compounds; Organic phosphonic acids and derivatives; Monocarboxylic acids and derivatives; Carboxylic acids; Carbonyl compounds; Organic oxides; Hydrocarbon derivatives; Organic oxygen compounds; Chemical entities	247.014	37	0.623	816703049237158951	816702772094314380	816702772085925771	40	
1	C12H8O14	[M + K]+	C12H8KO14+	Shikimates and Phenylpropanoids	0.936	Phenolic acids (C6-C1)	0.949	Simple phenolic acids	0.653	Benzenoids	0.897	Benzene and substituted derivatives	0.636	Benzoic acids and derivatives	0.595	Hydroxybenzoic acid derivatives	0.573	Hydroxybenzoic acid derivatives	0.573	Organic compounds; Phenols; Benzoic acids and derivatives; Organic acids and derivatives; Carboxylic acids and derivatives; Organooxygen compounds; Carboxylic acids; Hydroxybenzoic acid derivatives; Benzene and substituted derivatives; Benzenoids; Organic oxides; Oxacyclic compounds; Hydrocarbon derivatives; Organic oxygen compounds; 1-hydroxy-2-unsubstituted benzenoids; Chemical entities	414.953	38	0.627	816703080128216539	816702772408887195	816702772404692890	58	
1	C9H20N2O4	[M + H]+	C9H21N2O4+	Amino acids and Peptides	0.989	Small peptides	0.989	Dipeptides	0.786	Organic acids and derivatives	0.999	Carboxylic acids and derivatives	0.999	Amino acids, peptides, and analogues	0.941	Amino acids and derivatives	0.938	Alpha amino acids and derivatives	0.707	Organic compounds; Lipids and lipid-like molecules; Amino acids, peptides, and analogues; Alpha amino acids and derivatives; Alcohols and polyols; Fatty acids and conjugates; Organic acids and derivatives; Carboxylic acids and derivatives; Organonitrogen compounds; Organooxygen compounds; Fatty amides; Branched fatty acids; Hydroxy fatty acids; Amino acids and derivatives; Monoalkylamines; Carboxylic acid amides; Amino fatty acids; Carboxylic acid derivatives; N-acyl amines; Monocarboxylic acids and derivatives; Carboxylic acids; Secondary carboxylic acid amides; Carbonyl compounds; Amines; Primary amines; Fatty Acyls; Organic oxides; Hydrocarbon derivatives; Amino acids; Organopnictogen compounds; Organic oxygen compounds; Organic nitrogen compounds; Chemical entities	221.148	38	0.631	816703050898103956	816702772505356192	816702772501161887	61	
1	C9H3Cl3O7	[M + Na]+	C9H3Cl3NaO7+	Polyketides	0.710	Phenolic acids (C6-C1)	0.604	Simple phenolic acids	0.645	Benzenoids	0.955	Benzene and substituted derivatives	0.807	Benzoic acids and derivatives	0.844	Halobenzoic acids and derivatives	0.710	3-halobenzoic acids	0.643	Organic compounds; Halobenzenes; Benzoic acids and derivatives; Organic acids and derivatives; Carboxylic acids and derivatives; Organohalogen compounds; Benzoyl derivatives; Organooxygen compounds; Dicarboxylic acids and derivatives; Aryl chlorides; Chlorobenzenes; Carboxylic acids; Organochlorides; Benzene and substituted derivatives; Benzenoids; Benzoic acids; Aryl halides; Halobenzoic acids and derivatives; Halobenzoic acids; 3-halobenzoic acids and derivatives; 3-halobenzoic acids; Organic oxides; Oxacyclic compounds; Hydrocarbon derivatives; Organic oxygen compounds; Chemical entities	350.884	39	0.653	816703082007265380	816702772798957487	816702772794763182	71	
1	C8H2O4P2S3	[M + H]+	C8H3O4P2S3+	Shikimates and Phenylpropanoids	0.655	Tropolones	0.518	Tropolones and derivatives (Shikimate)	0.414	Organoheterocyclic compounds	0.878	Heteroaromatic compounds	0.852					Heteroaromatic compounds	0.852	Organic compounds; Organoheterocyclic compounds; Organooxygen compounds; Organic oxides; Heteroaromatic compounds; Hydrocarbon derivatives; Organic oxygen compounds; Chemical entities	320.865	39	0.658	816703109253470482	816702772975118265	816702772970923960	87	
1	C7H11AsI2O2S	[M + H]+	C7H12AsI2O2S+	Fatty acids	0.586	Fatty acyls	0.092	Halogenated fatty acids	0.034	Organohalogen compounds	0.189	Sulfonyl halides	0.312	Sulfonyl iodides	0.561			Sulfonyl iodides	0.561	Organic compounds; Organosulfur compounds; Organoarsenic compounds; Organometallic compounds; Sulfonyl iodides; Sulfonyls; Organometalloid compounds; Organic salts; Organic oxides; Organic metalloid salts; Organic metal salts; Hydrocarbon derivatives; Sulfur-containing organoarsenic compounds; Oxygen-containing organoarsenic compounds; Organic oxygen compounds; Chemical entities	488.787	40	0.663	816703041905513384	816702773071587262	816702773067392957	103	
1	C10H5Br3ClFO5	[M + K]+	C10H5Br3ClFKO5+	Polyketides	0.666	Phenolic acids (C6-C1)	0.273	Simple phenolic acids	0.156	Benzenoids	0.992	Benzene and substituted derivatives	0.946	Benzoic acids and derivatives	0.911	Benzoic acid esters	0.674	Benzoic acid esters	0.674	Organic compounds; Halobenzenes; Benzoic acids and derivatives; Organic acids and derivatives; Carboxylic acids and derivatives; Organohalogen compounds; Benzoyl derivatives; Organooxygen compounds; Aryl bromides; Aryl chlorides; Carboxylic acid derivatives; Bromobenzenes; Chlorobenzenes; Carboxylic acid esters; Benzoic acid esters; Organobromides; Organochlorides; Benzene and substituted derivatives; Halophenols; Benzenoids; Bromophenols; Aryl halides; Vinyl halides; Halobenzoic acids and derivatives; 2-halobenzoic acids and derivatives; 3-halobenzoic acids and derivatives; Vinylogous halides; Organic oxides; Hydrocarbon derivatives; Organic oxygen compounds; Chemical entities	534.699	42	0.698	816703061279009620	816702773897865195	816702773897865194	167	
1	C9H10Br2Cl6N2O5S	[M + H]+	C9H11Br2Cl6N2O5S+	Alkaloids	0.661	Proline alkaloids	0.205	Pyrrole alkaloids	0.205	Organohalogen compounds	1.000	Aryl halides	0.813					Aryl halides	0.813	Organic compounds; Organosulfur compounds; Organic acids and derivatives; Organohalogen compounds; Organosulfonic acids and derivatives; Organonitrogen compounds; Organooxygen compounds; Alkyl chlorides; Sulfonyls; Organobromides; Organochlorides; Aryl halides; Alkyl halides; Organic oxides; Hydrocarbon derivatives; Organic sulfonic acids and derivatives; Organopnictogen compounds; Organic oxygen compounds; Organic nitrogen compounds; Chemical entities	626.690	42	0.706	816703047353915728	816702774241798143	816702774237603838	182	
1	C8H7Cl8O6PS	[M + H]+	C8H8Cl8O6PS+	Shikimates and Phenylpropanoids	0.119	Phenolic acids (C6-C1)	0.034	Simple phenolic acids	0.062	Benzenoids	0.921	Benzene and substituted derivatives	0.922	Halobenzenes	0.947	Chlorobenzenes	0.941	Dichlorobenzenes	0.704	Organic compounds; Halobenzenes; Organic acids and derivatives; Organohalogen compounds; Organooxygen compounds; Aryl chlorides; Chlorobenzenes; Organic thiophosphoric acids and derivatives; Organochlorides; Thiophosphoric acid esters; Benzene and substituted derivatives; Benzenoids; Dichlorobenzenes; Aryl halides; Organic oxides; Hydrocarbon derivatives; Organic oxygen compounds; Phenoxy compounds; Chemical entities	542.729	42	0.707	816703072070956818	816702774338267140	816702774334072835	184	
1	C14H9Br2Cl5O5	[M + K]+	C14H9Br2Cl5KO5+	Polyketides	0.881	Aromatic polyketides	0.419	Depsides and depsidones	0.382	Benzenoids	0.994	Benzene and substituted derivatives	0.926	Benzoic acids and derivatives	0.587	Halobenzoic acids and derivatives	0.555	3-halobenzoic acids and derivatives	0.687	Organic compounds; Halobenzenes; Phenols; Benzoic acids and derivatives; Organic acids and derivatives; Carboxylic acids and derivatives; Organohalogen compounds; Benzoyl derivatives; Organooxygen compounds; Aryl bromides; Aryl chlorides; Carboxylic acid derivatives; Bromobenzenes; Chlorobenzenes; Carboxylic acid esters; Organobromides; Organochlorides; Benzene and substituted derivatives; Halophenols; Benzenoids; Dichlorobenzenes; Bromophenols; Chlorophenols; O-bromophenols; O-chlorophenols; Aryl halides; Halobenzoic acids and derivatives; 3-halobenzoic acids and derivatives; Vinylogous halides; Organic oxides; Hydrocarbon derivatives; Organic oxygen compounds; Chemical entities	628.689	43	0.709	816703081826910278	816702774493456398	816702774493456397	186	
1	C12H12Cl12O6	[M + K]+	C12H12Cl12KO6+	Polyketides	0.717	Fatty Acids and Conjugates	0.258	Halogenated fatty acids	0.247	Benzenoids	0.344	Benzene and substituted derivatives	0.454	Halobenzenes	0.658	Chlorobenzenes	0.528	Chlorobenzenes	0.528	Organic compounds; Halobenzenes; Alcohols and polyols; Organohalogen compounds; Organooxygen compounds; Alkyl chlorides; Chlorobenzenes; Organochlorides; Halohydrins; Chlorohydrins; Aryl halides; Alkyl halides; Hydrocarbon derivatives; Organic oxygen compounds; Chemical entities	710.651	43	0.714	816703044740863495	816702774573148179	816702774573148178	190	
1	C17H9Br3FNO4	[M + K]+	C17H9Br3FKNO4+	Shikimates and Phenylpropanoids	0.913	Coumarins	0.801	Simple coumarins	0.806	Phenylpropanoids and polyketides	0.652	Coumarins and derivatives	0.598					Coumarins and derivatives	0.598	Organic compounds; Organoheterocyclic compounds; Halobenzenes; Lactones; Pyrans; Benzopyrans; Coumarins and derivatives; Phenylpropanoids and polyketides; Organic acids and derivatives; Carboxylic acids and derivatives; Organohalogen compounds; Organonitrogen compounds; Organooxygen compounds; Pyranones and derivatives; Aryl bromides; Aryl fluorides; Carboxylic acid derivatives; Bromobenzenes; Fluorobenzenes; Monocarboxylic acids and derivatives; Carboxylic acid esters; Organobromides; Organofluorides; Benzene and substituted derivatives; Benzenoids; Aryl halides; 1-benzopyrans; Organic oxides; Oxacyclic compounds; Heteroaromatic compounds; Hydrocarbon derivatives; Organopnictogen compounds; Organic oxygen compounds; Organic nitrogen compounds; Chemical entities	585.771	44	0.728	816703079243218240	816702774652839960	816702774652839959	201	
1	C12H22N2O11Si2	[M + K]+	C12H22KN2O11Si2+	Carbohydrates	0.998	Aminosugars and aminoglycosides	0.892	Aminosugars	0.816	Organic acids and derivatives	0.897	Carboxylic acids and derivatives	0.825	Amino acids, peptides, and analogues	0.581	Amino acids and derivatives	0.579	Amino acids	0.534	Organic compounds; Organoheterocyclic compounds; Carbohydrates and carbohydrate conjugates; Amino acids, peptides, and analogues; Alcohols and polyols; Ethers; Organic acids and derivatives; Carboxylic acids and derivatives; Organonitrogen compounds; Primary alcohols; Organooxygen compounds; Amino acids and derivatives; Monocarboxylic acids and derivatives; Carboxylic acids; Acetals; Secondary alcohols; Carbonyl compounds; Oxanes; Glycosyl compounds; O-glycosyl compounds; Polyols; Organic oxides; Oxacyclic compounds; Hydrocarbon derivatives; Amino acids; Organopnictogen compounds; Organic oxygen compounds; Organic nitrogen compounds; Chemical entities	465.039	45	0.742	816703081302622087	816702774736726045	816702774736726044	210	
1	C9H10O5	[M + Na]+	C9H10NaO5+	Polyketides	0.355	Phenolic acids (C6-C1)	0.425	Simple phenolic acids	0.539	Organic acids and derivatives	0.920	Carboxylic acids and derivatives	0.877	Carboxylic acids	0.749			Carboxylic acids	0.749	Organic compounds; Organic acids and derivatives; Carboxylic acids and derivatives; Organooxygen compounds; Monocarboxylic acids and derivatives; Carboxylic acids; Carbonyl compounds; Organic oxides; Hydrocarbon derivatives; Organic oxygen compounds; Chemical entities	221.041	45	0.750	816703051636301709	816702774829000738	816702774829000737	213	
1	C17H18Br4N4O5	[M + H]+	C17H19Br4N4O5+	Alkaloids	0.852	Ornithine alkaloids	0.904	Polyamines	0.827	Organic acids and derivatives	0.932	Carboxylic acids and derivatives	0.847	Amino acids, peptides, and analogues	0.516	Amino acids and derivatives	0.518	Amino acids and derivatives	0.518	Organic compounds; Amino acids, peptides, and analogues; Halobenzenes; Alkyl aryl ethers; Organic acids and derivatives; Carboxylic acids and derivatives; Organohalogen compounds; Organonitrogen compounds; Organooxygen compounds; Amino acids and derivatives; Oximes; Carboxylic acid amides; Aryl bromides; Carboxylic acid derivatives; Bromobenzenes; Organobromides; Secondary carboxylic acid amides; Benzene and substituted derivatives; Phenol ethers; Benzenoids; Amines; Aryl halides; Organic oxides; Hydrocarbon derivatives; Organopnictogen compounds; Organic oxygen compounds; Organic nitrogen compounds; Phenoxy compounds; Chemical entities	674.808	49	0.820	816703057210533469	816702775831439454	816702775827245149	253	
1	C8H10P	[M + H]+	C8H11P+	Fatty acids	0.248	Fatty acyls	0.322	Oxygenated hydrocarbons	0.016	Benzenoids	0.959	Benzene and substituted derivatives	0.882					Benzene and substituted derivatives	0.882	Organic compounds; Organophosphorus compounds; Benzene and substituted derivatives; Benzenoids; Phosphacyclic compounds; Hydrocarbon derivatives; Chemical entities	138.059	51	0.846	816703039644782985	816702776376699009	816702776376699008	271	
1	C8H11NO3	[M + H]+	C8H12NO3+	Alkaloids	0.999	Nicotinic acid alkaloids	0.999	Pyridine alkaloids	0.999	Organoheterocyclic compounds	0.999	Pyridines and derivatives	0.984	Pyridoxines	0.918			Pyridoxines	0.918	Organic compounds; Organoheterocyclic compounds; Pyridines and derivatives; Alcohols and polyols; Organonitrogen compounds; Primary alcohols; Organooxygen compounds; Pyridoxines; Aromatic alcohols; Azacyclic compounds; Heteroaromatic compounds; Hydrocarbon derivatives; Hydroxypyridines; Methylpyridines; Organopnictogen compounds; Organic oxygen compounds; Organic nitrogen compounds; Chemical entities	170.080	54	0.899	816703049157467125	816702776645134480	816702776645134479	282	
1	C3H7N5O	[M + Na]+	C3H7N5NaO+	Alkaloids	0.951	Pseudoalkaloids (transamidation)	0.388	Purine alkaloids	0.580	Organoheterocyclic compounds	0.802	Heteroaromatic compounds	0.625					Heteroaromatic compounds	0.625	Organic compounds; Organoheterocyclic compounds; Organic acids and derivatives; Organonitrogen compounds; Organooxygen compounds; Guanidines; Amines; Organic oxides; Azacyclic compounds; Heteroaromatic compounds; Hydrocarbon derivatives; Organopnictogen compounds; Organic oxygen compounds; Organic nitrogen compounds; Chemical entities	152.056	54	0.905	816703040236179959	816702776825489562	816702776825489561	286	
1	C10H19N5O3	[M + Na]+	C10H19N5NaO3+	Amino acids and Peptides	0.924	Small peptides	0.968	Aminoacids	0.592	Organic acids and derivatives	0.994	Carboxylic acids and derivatives	0.994	Amino acids, peptides, and analogues	0.970	Amino acids and derivatives	0.969	Alpha amino acids	0.721	Organic compounds; Organoheterocyclic compounds; Lipids and lipid-like molecules; Amino acids, peptides, and analogues; Alpha amino acids and derivatives; Imidazoles; Alcohols and polyols; Fatty acids and conjugates; Organic acids and derivatives; Carboxylic acids and derivatives; Organonitrogen compounds; Organooxygen compounds; Amino acids and derivatives; Azoles; Monoalkylamines; Monocarboxylic acids and derivatives; Carboxylic acids; Secondary alcohols; Carbonyl compounds; Substituted imidazoles; Alpha amino acids; Amines; Primary amines; Fatty Acyls; Organic oxides; Azacyclic compounds; Heteroaromatic compounds; Hydrocarbon derivatives; Amino acids; Organopnictogen compounds; Organic oxygen compounds; Organic nitrogen compounds; Chemical entities	280.138	55	0.910	816703047869815299	816702777014233252	816702777014233251	290	
1	C2H10N6O4	[M + H]+	C2H11N6O4+	Amino acids and Peptides	0.961	Small peptides	0.914	Aminoacids	0.914	Organic acids and derivatives	0.988	Carboxylic acids and derivatives	0.965	Amino acids, peptides, and analogues	0.828	Amino acids and derivatives	0.821	Alpha amino acids	0.666	Organic compounds; Amino acids, peptides, and analogues; Alpha amino acids and derivatives; Organic acids and derivatives; Carboxylic acids and derivatives; Organonitrogen compounds; Organooxygen compounds; Amino acids and derivatives; Monoalkylamines; Monocarboxylic acids and derivatives; Carboxylic acids; Carbonyl compounds; Alpha amino acids; Amines; Primary amines; Organic oxides; Hydrocarbon derivatives; Amino acids; Organopnictogen compounds; Organic oxygen compounds; Organic nitrogen compounds; Chemical entities	183.085	57	0.948	816703068698735493	816702777177811118	816702777173616813	306	
1	C5H4N4O	[M + H]+	C5H5N4O+	Alkaloids	0.954	Pseudoalkaloids (transamidation)	0.868	Purine alkaloids	0.961	Organoheterocyclic compounds	1.000	Imidazopyrimidines	0.935	Purines and purine derivatives	0.923	Purinones	0.887	6-oxopurines	0.768	Organic compounds; Organoheterocyclic compounds; Pyrimidines and pyrimidine derivatives; Imidazoles; Purines and purine derivatives; Hypoxanthines; Organic acids and derivatives; Organonitrogen compounds; Pyrimidones; Organooxygen compounds; Azoles; Purinones; Diazines; 6-oxopurines; Imidazopyrimidines; Vinylogous amides; Organic oxides; Azacyclic compounds; Heteroaromatic compounds; Hydrocarbon derivatives; Organopnictogen compounds; Organic oxygen compounds; Organic nitrogen compounds; Chemical entities	137.045	58	0.961	816703047056120011	816702777312028856	816702777307834551	314	
1	C9H11NO3	[M + H]+	C9H12NO3+	Amino acids and Peptides	1.000	Small peptides	1.000	Aminoacids	1.000	Organic acids and derivatives	1.000	Carboxylic acids and derivatives	1.000	Amino acids, peptides, and analogues	0.999	Amino acids and derivatives	0.999	Tyrosine and derivatives	0.790	Organic compounds; Amino acids, peptides, and analogues; Alpha amino acids and derivatives; Phenols; Phenethylamines; Amphetamines and derivatives; Phenylpropanoids and polyketides; Organic acids and derivatives; Carboxylic acids and derivatives; Organonitrogen compounds; Organooxygen compounds; Amino acids and derivatives; Monoalkylamines; Monocarboxylic acids and derivatives; Carboxylic acids; Carbonyl compounds; Benzene and substituted derivatives; Alpha amino acids; Benzenoids; Amines; Primary amines; Phenylpropanoic acids; Aralkylamines; Organic oxides; Hydrocarbon derivatives; Amino acids; Tyrosine and derivatives; Phenylalanine and derivatives; Organopnictogen compounds; Organic oxygen compounds; 1-hydroxy-2-unsubstituted benzenoids; Organic nitrogen compounds; Chemical entities	182.080	58	0.961	816703060993796861	816702777379137725	816702777379137724	315	
1	C14H21NO6	[M + H]+	C14H22NO6+	Alkaloids	0.423	Tyrosine alkaloids	0.518	Phenylethylamines	0.384	Organic oxygen compounds	1.000	Organooxygen compounds	0.999	Carbohydrates and carbohydrate conjugates	0.972	Monosaccharides	0.907	Hexoses	0.645	Organic compounds; Organoheterocyclic compounds; Carbohydrates and carbohydrate conjugates; Alcohols and polyols; Phenols; Phenethylamines; Ethers; Organonitrogen compounds; Primary alcohols; Organooxygen compounds; Monoalkylamines; Hexoses; Monosaccharides; Acetals; Secondary alcohols; 1,2-aminoalcohols; Oxanes; Glycosyl compounds; O-glycosyl compounds; Benzene and substituted derivatives; Polyols; Benzenoids; Amines; Primary amines; Alkanolamines; Aralkylamines; Oxacyclic compounds; Hydrocarbon derivatives; Organopnictogen compounds; Organic oxygen compounds; 1-hydroxy-2-unsubstituted benzenoids; Organic nitrogen compounds; Chemical entities	300.143	58	0.972	816703068535157590	816702777492383943	816702777492383942	317	
1	C9H15ClN2O8	[M + K]+	C9H15ClKN2O8+	Carbohydrates	0.963	Aminosugars and aminoglycosides	0.659	Pyrimidine nucleosides	0.308	Organic oxygen compounds	1.000	Organooxygen compounds	0.987	Carbohydrates and carbohydrate conjugates	0.773	Glycosyl compounds	0.524	Glycosyl compounds	0.524	Organic compounds; Organoheterocyclic compounds; Carbohydrates and carbohydrate conjugates; Alcohols and polyols; Organic acids and derivatives; Carboxylic acids and derivatives; Organohalogen compounds; Organonitrogen compounds; Organooxygen compounds; Alkyl chlorides; Nitrosoureas; Organochlorides; Monosaccharides; Secondary alcohols; Carbonyl compounds; Oxanes; Glycosyl compounds; Polyols; Alkyl halides; Organic 1,3-dipolar compounds; Allyl-type 1,3-dipolar organic compounds; Organic oxides; Nitrosamides; Oxacyclic compounds; Hydrocarbon derivatives; Organopnictogen compounds; Organic oxygen compounds; Organic nitrogen compounds; Organic N-nitroso compounds; Chemical entities	353.015	59	0.976	816703112839601064	816702777634990289	816702777634990288	313	
1	C15H21NO8	[M + H]+	C15H22NO8+	Amino acids and Peptides	0.471	Small peptides	0.137	Dipeptides	0.163	Organic acids and derivatives	1.000	Carboxylic acids and derivatives	0.999	Amino acids, peptides, and analogues	0.985	Amino acids and derivatives	0.984	Tyrosine and derivatives	0.859	Organic compounds; Organoheterocyclic compounds; Carbohydrates and carbohydrate conjugates; Amino acids, peptides, and analogues; Alpha amino acids and derivatives; Alcohols and polyols; Phenols; Phenethylamines; Amphetamines and derivatives; Phenylpropanoids and polyketides; Organic acids and derivatives; Carboxylic acids and derivatives; Organonitrogen compounds; Primary alcohols; Organooxygen compounds; Amino acids and derivatives; Carboxylic acid amides; Carboxylic acid derivatives; Monocarboxylic acids and derivatives; N-acyl-alpha amino acids and derivatives; Carboxylic acids; Monosaccharides; Secondary alcohols; Secondary carboxylic acid amides; Carbonyl compounds; Oxanes; Glycosyl compounds; Benzene and substituted derivatives; Polyols; N-acyl-alpha amino acids; Benzenoids; Amines; Phenylpropanoic acids; Organic oxides; Oxacyclic compounds; Hydrocarbon derivatives; Amino acids; Tyrosine and derivatives; Phenylalanine and derivatives; Organopnictogen compounds; Organic oxygen compounds; 1-hydroxy-2-unsubstituted benzenoids; Organic nitrogen compounds; Chemical entities	344.133	59	0.982	816703086507754686	816702777702099158	816702777702099157	321	
1	C7H12F2N2O8	[M + H]+	C7H13F2N2O8+	Carbohydrates	0.988	Aminosugars and aminoglycosides	0.758	Aminosugars	0.489	Organic oxygen compounds	1.000	Organooxygen compounds	0.996	Carbohydrates and carbohydrate conjugates	0.620			Carbohydrates and carbohydrate conjugates	0.620	Organic compounds; Carbohydrates and carbohydrate conjugates; Alcohols and polyols; Organic acids and derivatives; Carboxylic acids and derivatives; Organohalogen compounds; Organonitrogen compounds; Organooxygen compounds; Alkyl fluorides; Organofluorides; Secondary alcohols; Carbonyl compounds; Alkyl halides; Organic oxides; Hydrocarbon derivatives; Organopnictogen compounds; Organic oxygen compounds; Organic nitrogen compounds; Chemical entities	291.063	59	0.986	816703048402492123	816702777840511200	816702777836316895	301	
1	C5H4N4O2	[M + H]+	C5H5N4O2+	Alkaloids	0.998	Pseudoalkaloids (transamidation)	0.999	Purine alkaloids	1.000	Organoheterocyclic compounds	1.000	Imidazopyrimidines	0.957	Purines and purine derivatives	0.954	Xanthines	0.954	Xanthines	0.954	Organic compounds; Organoheterocyclic compounds; Pyrimidines and pyrimidine derivatives; Imidazoles; Lactams; Purines and purine derivatives; Xanthines; Organic acids and derivatives; Organonitrogen compounds; Alkaloids and derivatives; Pyrimidones; Organooxygen compounds; Organic carbonic acids and derivatives; Azoles; Ureas; Purinones; Diazines; 6-oxopurines; Imidazopyrimidines; Vinylogous amides; Organic oxides; Azacyclic compounds; Heteroaromatic compounds; Hydrocarbon derivatives; Organopnictogen compounds; Organic oxygen compounds; Organic nitrogen compounds; Chemical entities	153.040	59	0.991	816703081562669060	816702777899231461	816702777899231460	325	
1	C3H8O14	[M + Na]+	C3H8NaO14+	Fatty acids	0.937	Saccharides	0.750	Fatty alcohols	0.593	Organic oxygen compounds	1.000	Organooxygen compounds	0.998	Carbohydrates and carbohydrate conjugates	0.911	Monosaccharides	0.766	Monosaccharides	0.766	Organic compounds; Carbohydrates and carbohydrate conjugates; Alcohols and polyols; Primary alcohols; Organooxygen compounds; Monosaccharides; Secondary alcohols; Sugar alcohols; Polyols; Organic oxides; Hydrocarbon derivatives; Organic oxygen compounds; Chemical entities	290.978	60	1.006	816703101368177098	816702777962146026	816702777962146025	335	
1	C10H10O5S2	[M + H]+	C10H11O5S2+	Shikimates and Phenylpropanoids	0.791	Phenolic acids (C6-C1)	0.422	Simple phenolic acids	0.367	Benzenoids	0.949	Benzene and substituted derivatives	0.896	Phenoxy compounds	0.620			Phenoxy compounds	0.620	Organic compounds; Organosulfur compounds; Organic acids and derivatives; Carboxylic acids and derivatives; Organosulfonic acids and derivatives; Organooxygen compounds; Sulfonyls; Organosulfonic acid esters; Carbonyl compounds; Methanesulfonates; Benzene and substituted derivatives; Benzenoids; Organic oxides; Hydrocarbon derivatives; Organic sulfonic acids and derivatives; Sulfonic acid esters; Organic oxygen compounds; Phenoxy compounds; Chemical entities	275.006	61	1.013	816703066433810653	816702778025060591	816702778025060590	339	
1	C10H20O6S	[M + H]+	C10H21O6S+	Fatty acids	0.348	Amino acid glycosides	0.093	Thia fatty acids	0.104	Organic oxygen compounds	1.000	Organooxygen compounds	0.998	Carbohydrates and carbohydrate conjugates	0.816	Monosaccharides	0.766	Monosaccharides	0.766	Organic compounds; Organoheterocyclic compounds; Organosulfur compounds; Carbohydrates and carbohydrate conjugates; Alcohols and polyols; Organooxygen compounds; Thioacetals; Monosaccharides; Secondary alcohols; Monothioacetals; Polyols; Sulfenyl compounds; Organic oxides; Oxacyclic compounds; Hydrocarbon derivatives; Organic oxygen compounds; Chemical entities	269.106	62	1.041	816703057734821667	816702778142501113	816702778142501112	347	
1	C9H17NO8	[M + H]+	C9H18NO8+	Carbohydrates	0.983	Nucleosides	0.450	Pyrimidine nucleosides	0.036	Organic oxygen compounds	1.000	Organooxygen compounds	1.000	Carbohydrates and carbohydrate conjugates	0.998	Glycosyl compounds	0.975	Glycosylamines	0.976	Organic compounds; Organoheterocyclic compounds; Carbohydrates and carbohydrate conjugates; Alcohols and polyols; Organonitrogen compounds; Primary alcohols; Organooxygen compounds; Pentoses; Monosaccharides; Secondary alcohols; Glycosyl compounds; Glycosylamines; Tetrahydrofurans; Organic oxides; Azacyclic compounds; Oxacyclic compounds; Hydrocarbon derivatives; Organopnictogen compounds; Organic oxygen compounds; Organic nitrogen compounds; Chemical entities	268.103	63	1.042	816703070703613357	816702778205415678	816702778205415677	344	
1	C14H15NO9	[M + K]+	C14H15KNO9+	Amino acids and Peptides	0.619	Amino acid glycosides	0.827	Cyanogenic glycosides	0.737	Organic oxygen compounds	1.000	Organooxygen compounds	0.996	Carbohydrates and carbohydrate conjugates	0.935	Sugar acids and derivatives	0.766	O-glucuronides	0.635	Organic compounds; Organoheterocyclic compounds; Carbohydrates and carbohydrate conjugates; Pyrans; Alcohols and polyols; Sugar acids and derivatives; Ethers; Organic acids and derivatives; Carboxylic acids and derivatives; Organonitrogen compounds; Organooxygen compounds; Glucuronides; Hydroxy acids and derivatives; Carboxylic acid derivatives; Monocarboxylic acids and derivatives; Monosaccharides; Acetals; Secondary alcohols; Beta hydroxy acids and derivatives; Carbonyl compounds; Oxanes; Glucuronic acid derivatives; Glycosyl compounds; O-glycosyl compounds; Benzene and substituted derivatives; Polyols; Benzenoids; O-glucuronides; Organic oxides; Oxacyclic compounds; Hydrocarbon derivatives; Organopnictogen compounds; Organic oxygen compounds; Organic nitrogen compounds; Chemical entities	380.039	64	1.059	816703069441127534	816702778364799245	816702778360604940	349	
1	C10H13N5O5	[M + H]+	C10H14N5O5+	Carbohydrates	1.000	Nucleosides	1.000	Purine nucleosides	0.999	Nucleosides, nucleotides, and analogues	0.980	Purine nucleosides	0.952					Purine nucleosides	0.952	Organic compounds; Organoheterocyclic compounds; Carbohydrates and carbohydrate conjugates; Pyrimidines and pyrimidine derivatives; Imidazoles; Alcohols and polyols; Purines and purine derivatives; Hypoxanthines; Organic acids and derivatives; Organonitrogen compounds; Primary alcohols; Nucleosides, nucleotides, and analogues; Pyrimidones; Organooxygen compounds; Azoles; Purine nucleosides; Purinones; Aminopyrimidines and derivatives; Diazines; Pentoses; 6-oxopurines; Monosaccharides; Secondary alcohols; Imidazopyrimidines; Glycosyl compounds; Glycosylamines; Substituted imidazoles; N-substituted imidazoles; Amines; Primary amines; Tetrahydrofurans; Vinylogous amides; Organic oxides; Azacyclic compounds; Oxacyclic compounds; Heteroaromatic compounds; Hydrocarbon derivatives; Organopnictogen compounds; Organic oxygen compounds; Organic nitrogen compounds; Chemical entities	284.098	64	1.063	816703088466495110	816702778415130898	816702778415130897	351	
1	C22H37N9O6	[M + Na]+	C22H37N9NaO6+	Amino acids and Peptides	0.931	Oligopeptides	0.907	Cyclic peptides	0.567	Organic acids and derivatives	0.986	Carboxylic acids and derivatives	0.934	Amino acids, peptides, and analogues	0.690	Amino acids and derivatives	0.660	Alpha amino acids and derivatives	0.610	Organic compounds; Lipids and lipid-like molecules; Amino acids, peptides, and analogues; Alpha amino acids and derivatives; Organic acids and derivatives; Carboxylic acids and derivatives; Organonitrogen compounds; Organooxygen compounds; Fatty amides; Amino acids and derivatives; Hydroxamic acids; Carboxylic acid amides; Carboxylic acid derivatives; N-acyl amines; Primary carboxylic acid amides; Secondary carboxylic acid amides; Carbonyl compounds; Amines; Fatty Acyls; Organic oxides; Hydrocarbon derivatives; Organopnictogen compounds; Organic oxygen compounds; Organic nitrogen compounds; Chemical entities	546.274	66	1.098	816703074465904787	816702778532571420	816702778528377115	359	
1	C18H31NO11	[M + H]+	C18H32NO11+	Amino acids and Peptides	0.962	Amino acid glycosides	0.991	Cyanogenic glycosides	0.994	Organic oxygen compounds	1.000	Organooxygen compounds	1.000	Carbohydrates and carbohydrate conjugates	0.997	Monosaccharides	0.831	Hexoses	0.721	Organic compounds; Organoheterocyclic compounds; Carbohydrates and carbohydrate conjugates; Alcohols and polyols; Ethers; Organonitrogen compounds; Primary alcohols; Organooxygen compounds; Nitriles; Hexoses; Monosaccharides; Acetals; Secondary alcohols; Oxanes; Glycosyl compounds; O-glycosyl compounds; Polyols; Oxacyclic compounds; Hydrocarbon derivatives; Organic cyanides; Organopnictogen compounds; Organic oxygen compounds; Organic nitrogen compounds; Chemical entities	438.196	67	1.114	816703064231800522	816702778599680289	816702778599680288	346	
1	C17H31N5O8	[M + Na]+	C17H31N5NaO8+	Carbohydrates	0.690	Aminosugars and aminoglycosides	0.262	Aminoglycosides	0.220	Organic acids and derivatives	0.933	Carboxylic acids and derivatives	0.917	Amino acids, peptides, and analogues	0.896	Amino acids and derivatives	0.892	Alpha amino acids	0.732	Organic compounds; Organoheterocyclic compounds; Carbohydrates and carbohydrate conjugates; Lipids and lipid-like molecules; Amino acids, peptides, and analogues; Alpha amino acids and derivatives; Alcohols and polyols; Fatty acids and conjugates; Organic acids and derivatives; Carboxylic acids and derivatives; Organonitrogen compounds; Primary alcohols; Organooxygen compounds; Hydroxy fatty acids; Amino acids and derivatives; Monoalkylamines; Amino fatty acids; Monocarboxylic acids and derivatives; Carboxylic acids; Monosaccharides; Secondary alcohols; Carbonyl compounds; Heterocyclic fatty acids; Glycosyl compounds; Alpha amino acids; Amines; Primary amines; Medium-chain fatty acids; Fatty Acyls; Organic oxides; Oxacyclic compounds; Hydrocarbon derivatives; Amino acids; Organopnictogen compounds; Organic oxygen compounds; Organic nitrogen compounds; Chemical entities	456.206	69	1.143	816703078169476178	816702778817784112	816702778817784111	366	
1	C12H23NO7	[M + H]+	C12H24NO7+	Amino acids and Peptides	0.391	Small peptides	0.261	Aminosugars	0.318	Organic acids and derivatives	0.991	Carboxylic acids and derivatives	0.992	Amino acids, peptides, and analogues	0.966	Amino acids and derivatives	0.966	Alpha amino acids	0.844	Organic compounds; Organoheterocyclic compounds; Carbohydrates and carbohydrate conjugates; Lipids and lipid-like molecules; Amino acids, peptides, and analogues; Alpha amino acids and derivatives; Alcohols and polyols; Fatty acids and conjugates; Organic acids and derivatives; Carboxylic acids and derivatives; Organonitrogen compounds; Primary alcohols; Organooxygen compounds; Branched fatty acids; Hydroxy fatty acids; Amino acids and derivatives; Monocarboxylic acids and derivatives; Carboxylic acids; Monosaccharides; Secondary alcohols; Carbonyl compounds; Heterocyclic fatty acids; Dialkylamines; Polyols; Alpha amino acids; Amines; Secondary amines; Alkanolamines; Methyl-branched fatty acids; Fatty Acyls; Organic oxides; Oxacyclic compounds; Hydrocarbon derivatives; Amino acids; Organopnictogen compounds; Organic oxygen compounds; Organic nitrogen compounds; Chemical entities	294.153	69	1.143	816703090697865397	816702778880698677	816702778880698676	367	
1	C12H21NO6	[M + H]+	C12H22NO6+	Amino acids and Peptides	0.482	Small peptides	0.613	Aminoacids	0.421	Organic acids and derivatives	1.000	Carboxylic acids and derivatives	0.999	Amino acids, peptides, and analogues	0.989	Amino acids and derivatives	0.989	Alpha amino acids	0.871	Organic compounds; Lipids and lipid-like molecules; Amino acids, peptides, and analogues; Alpha amino acids and derivatives; Alcohols and polyols; Fatty acids and conjugates; Organic acids and derivatives; Carboxylic acids and derivatives; Organonitrogen compounds; Organooxygen compounds; Branched fatty acids; Hydroxy fatty acids; Amino acids and derivatives; Hydroxy acids and derivatives; Amino fatty acids; Carboxylic acids; Secondary alcohols; Carbonyl compounds; Dialkylamines; Alpha amino acids; Amines; Secondary amines; Methyl-branched fatty acids; Fatty Acyls; Organic oxides; Hydrocarbon derivatives; Amino acids; Organopnictogen compounds; Organic oxygen compounds; Organic nitrogen compounds; Chemical entities	276.143	69	1.146	816703088143533610	816702778939418938	816702778939418937	369	
1	C12H18Cl2N4O4	[M + H]+	C12H19Cl2N4O4+	Alkaloids	0.375	Small peptides	0.177	Tripeptides	0.057	Organohalogen compounds	0.992	Aryl halides	0.626	Aryl chlorides	0.610			Aryl chlorides	0.610	Organic compounds; Organoheterocyclic compounds; Organic acids and derivatives; Carboxylic acids and derivatives; Organohalogen compounds; Organonitrogen compounds; Organooxygen compounds; Aryl chlorides; Organic nitro compounds; Carboxylic acid hydrazides; Organic oxoazanium compounds; Organochlorides; Carbonyl compounds; Benzene and substituted derivatives; Benzenoids; Aryl halides; Organic 1,3-dipolar compounds; Allyl-type 1,3-dipolar organic compounds; Organic oxides; C-nitro compounds; Hydrocarbon derivatives; Organopnictogen compounds; Organic oxygen compounds; Organic nitrogen compounds; Chemical entities	353.077	70	1.163	816703077150260072	816702779002333503	816702778998139198	371	
1	C11H20FNO8	[M + K]+	C11H20FKNO8+	Amino acids and Peptides	0.744	Amino acid glycosides	0.711	Cyanogenic glycosides	0.578	Organic oxygen compounds	1.000	Organooxygen compounds	0.999	Carbohydrates and carbohydrate conjugates	0.987	Monosaccharides	0.848	Hexoses	0.640	Organic compounds; Organoheterocyclic compounds; Carbohydrates and carbohydrate conjugates; Alcohols and polyols; Ethers; Organohalogen compounds; Organonitrogen compounds; Primary alcohols; Organooxygen compounds; Hexoses; Organofluorides; Monosaccharides; Acetals; Secondary alcohols; Oxanes; Glycosyl compounds; O-glycosyl compounds; Polyols; Oxacyclic compounds; Hydrocarbon derivatives; Organopnictogen compounds; Organic oxygen compounds; Organic nitrogen compounds; Chemical entities	352.080	70	1.170	816703094216887417	816702779107191113	816702779107191112	373	
1	C10H20F3NO6	[M + H]+	C10H21F3NO6+	Amino acids and Peptides	0.691	Small peptides	0.752	Aminoacids	0.772	Organic acids and derivatives	0.998	Carboxylic acids and derivatives	0.997	Amino acids, peptides, and analogues	0.985	Amino acids and derivatives	0.985	Alpha amino acids	0.598	Organic compounds; Lipids and lipid-like molecules; Amino acids, peptides, and analogues; Alpha amino acids and derivatives; Alcohols and polyols; Fatty acids and conjugates; Organic acids and derivatives; Carboxylic acids and derivatives; Organohalogen compounds; Organonitrogen compounds; Organooxygen compounds; Amino acids and derivatives; Halogenated fatty acids; Alkyl fluorides; Carboxylic acid derivatives; Monocarboxylic acids and derivatives; Carboxylic acids; Organofluorides; Carbonyl compounds; Alpha amino acids; Amines; Alkyl halides; Fatty Acyls; Organic oxides; Hydrocarbon derivatives; Organopnictogen compounds; Organic oxygen compounds; Organic nitrogen compounds; Chemical entities	308.132	71	1.180	816703068333830924	816702779157522766	816702779153328461	374	
1	C11H20N2O3	[M + H]+	C11H21N2O3+	Alkaloids	0.238	Small peptides	0.189	Aminoacids	0.034	Organic acids and derivatives	0.843	Carboxylic acids and derivatives	0.835	Amino acids, peptides, and analogues	0.546	Amino acids and derivatives	0.542	Amino acids and derivatives	0.542	Organic compounds; Organoheterocyclic compounds; Amino acids, peptides, and analogues; Oxazinanes; Ethers; Organic acids and derivatives; Carboxylic acids and derivatives; Organonitrogen compounds; Organooxygen compounds; Amino acids and derivatives; Morpholines; Carboxylic acid amides; Carboxylic acid derivatives; Dialkyl ethers; Tertiary carboxylic acid amides; Carbonyl compounds; Trialkylamines; Amines; Tertiary amines; Organic oxides; Azacyclic compounds; Oxacyclic compounds; Hydrocarbon derivatives; Organopnictogen compounds; Organic oxygen compounds; Organic nitrogen compounds; Chemical entities	229.154	71	1.183	816703090987272461	816702779207854419	816702779207854418	375	
1	C2H8NO5	[M + H]+	C2H9NO5+	Amino acids and Peptides	0.943	Small peptides	0.918	Aminoacids	0.920	Organic acids and derivatives	0.997	Carboxylic acids and derivatives	0.990	Amino acids, peptides, and analogues	0.815	Amino acids and derivatives	0.812	Alpha amino acids and derivatives	0.565	Organic compounds; Amino acids, peptides, and analogues; Alpha amino acids and derivatives; Fatty acids and conjugates; Organic acids and derivatives; Carboxylic acids and derivatives; Organonitrogen compounds; Organooxygen compounds; Amino acids and derivatives; Monoalkylamines; Monocarboxylic acids and derivatives; Carboxylic acids; Carbonyl compounds; Amines; Primary amines; Fatty Acyls; Organic oxides; Hydrocarbon derivatives; Amino acids; Organopnictogen compounds; Organic oxygen compounds; Organic nitrogen compounds; Chemical entities	127.049	72	1.193	816703069608899753	816702779266574680	816702779262380375	376	
1	C11H21NO6	[M + H]+	C11H22NO6+	Amino acids and Peptides	0.651	Small peptides	0.649	Aminoacids	0.479	Organic acids and derivatives	0.996	Carboxylic acids and derivatives	0.994	Amino acids, peptides, and analogues	0.888	Amino acids and derivatives	0.888	Alpha amino acids and derivatives	0.769	Organic compounds; Lipids and lipid-like molecules; Amino acids, peptides, and analogues; Alpha amino acids and derivatives; Alcohols and polyols; Fatty acids and conjugates; Organic acids and derivatives; Carboxylic acids and derivatives; Organonitrogen compounds; Organooxygen compounds; Branched fatty acids; Hydroxy fatty acids; Amino acids and derivatives; Hydroxy acids and derivatives; Amino fatty acids; Carboxylic acid derivatives; Monocarboxylic acids and derivatives; Carboxylic acids; Secondary alcohols; Carbonyl compounds; Amines; Fatty Acyls; Organic oxides; Hydrocarbon derivatives; Amino acids; Organopnictogen compounds; Organic oxygen compounds; Organic nitrogen compounds; Chemical entities	264.142	73	1.223	816703071366313581	816702779325294941	816702779321100636	379	
1	C8H18O7S	[M + Na]+	C8H18NaO7S+	Fatty acids	0.997	Glycerolipids	0.514	Thia fatty acids	0.082	Organic acids and derivatives	0.996	Carboxylic acids and derivatives	0.916	Dicarboxylic acids and derivatives	0.700			Dicarboxylic acids and derivatives	0.700	Organic compounds; Organosulfur compounds; Lipids and lipid-like molecules; Organic acids and derivatives; Carboxylic acids and derivatives; Organooxygen compounds; Dicarboxylic acids and derivatives; Sulfonyls; Carboxylic acids; Carboxylic acid esters; Carbonyl compounds; Alkanesulfonic acids and derivatives; Fatty Acyls; Organic oxides; Hydrocarbon derivatives; Organic oxygen compounds; Chemical entities	281.067	74	1.227	816703124659151623	816702779379820898	816702779379820897	381	
1	C8H20NO5S	[M + Na]+	C8H20NNaO5S+	Amino acids and Peptides	0.966	Small peptides	0.843	Aminoacids	0.685	Organic acids and derivatives	0.974	Carboxylic acids and derivatives	0.743	Amino acids, peptides, and analogues	0.672	Amino acids and derivatives	0.669	Alpha amino acids	0.544	Organic compounds; Organosulfur compounds; Amino acids, peptides, and analogues; Alcohols and polyols; Organic acids and derivatives; Carboxylic acids and derivatives; Organonitrogen compounds; Primary alcohols; Organooxygen compounds; Amino acids and derivatives; Sulfonyls; Carboxylic acids; Carbonyl compounds; Alpha amino acids; Amines; Alkanesulfonic acids and derivatives; Alkanesulfonic acids; Organic oxides; Hydrocarbon derivatives; Organopnictogen compounds; Organic oxygen compounds; Organic nitrogen compounds; Chemical entities	265.095	75	1.246	816703079075446039	816702779488872812	816702779488872811	389	
1	C8H19NO4S2	[M + Na]+	C8H19NNaO4S2+	Fatty acids	0.945	Fatty acyls	0.231	Fatty alcohols	0.273	Organosulfur compounds	0.946	Sulfenyl compounds	0.629					Sulfenyl compounds	0.629	Organic compounds; Organosulfur compounds; Organic acids and derivatives; Organonitrogen compounds; Organooxygen compounds; Sulfenyl compounds; Organic oxides; Hydrocarbon derivatives; Organic oxygen compounds; Organic nitrogen compounds; Chemical entities	280.064	75	1.251	816703109018589422	816702779539204465	816702779539204464	386	
1	C12H20N2O3	[M + H]+	C12H21N2O3+	Amino acids and Peptides	0.946	Small peptides	0.813	Dipeptides	0.295	Organic acids and derivatives	0.999	Carboxylic acids and derivatives	0.997	Amino acids, peptides, and analogues	0.774	Amino acids and derivatives	0.769	Alpha amino acids and derivatives	0.573	Organic compounds; Organoheterocyclic compounds; Lipids and lipid-like molecules; Amino acids, peptides, and analogues; Alpha amino acids and derivatives; Organic acids and derivatives; Carboxylic acids and derivatives; Organonitrogen compounds; Organooxygen compounds; Amino acids and derivatives; Carboxylic acid amides; Carboxylic acid derivatives; Monocarboxylic acids and derivatives; Carboxylic acids; Secondary carboxylic acid amides; Tertiary carboxylic acid amides; Carbonyl compounds; Fatty Acyls; Organic oxides; Azacyclic compounds; Hydrocarbon derivatives; Organopnictogen compounds; Organic oxygen compounds; Organic nitrogen compounds; Chemical entities	241.153	82	1.361	816703085580813250	816702779849582986	816702779849582985	406	
1	C10H14N2O8	[M + H]+	C10H15N2O8+	Carbohydrates	0.986	Nucleosides	0.970	Pyrimidine nucleosides	0.928	Organic oxygen compounds	1.000	Organooxygen compounds	0.998	Carbohydrates and carbohydrate conjugates	0.702	Glycosyl compounds	0.547	Glycosylamines	0.745	Organic compounds; Organoheterocyclic compounds; Carbohydrates and carbohydrate conjugates; Pyrimidines and pyrimidine derivatives; Alcohols and polyols; Organic acids and derivatives; Carboxylic acids and derivatives; Organonitrogen compounds; Nucleosides, nucleotides, and analogues; Pyrimidones; Organooxygen compounds; Carboxylic acid derivatives; Monocarboxylic acids and derivatives; Diazines; Monosaccharides; Secondary alcohols; Carbonyl compounds; Glycosyl compounds; Hydropyrimidines; Glycosylamines; Organic oxides; Azacyclic compounds; Oxacyclic compounds; Heteroaromatic compounds; Hydrocarbon derivatives; Organopnictogen compounds; Organic oxygen compounds; Organic nitrogen compounds; Chemical entities	291.082	83	1.380	816703089364076428	816702779912497551	816702779912497550	411	
1	C8H12O6S	[M + Na]+	C8H12NaO6S+	Fatty acids	0.447	Fatty Acids and Conjugates	0.269	Thia fatty acids	0.084	Organic acids and derivatives	0.905	Carboxylic acids and derivatives	0.722					Carboxylic acids and derivatives	0.722	Organic compounds; Organosulfur compounds; Organic acids and derivatives; Carboxylic acids and derivatives; Organooxygen compounds; Carbonyl compounds; Organic oxides; Hydrocarbon derivatives; Organic oxygen compounds; Chemical entities	259.025	84	1.406	816703096813162032	816702780038326681	816702780034132376	420	
1	C11H14N4O6S	[M + Na]+	C11H14N4NaO6S+	Carbohydrates	0.660	Nucleosides	0.422	Purine nucleosides	0.236	Organoheterocyclic compounds	0.744							Organoheterocyclic compounds	0.744	Organic compounds; Organoheterocyclic compounds; Organosulfur compounds; Organic acids and derivatives; Organonitrogen compounds; Organooxygen compounds; Carbonyl compounds; Sulfenyl compounds; Organic oxides; Hydrocarbon derivatives; Organopnictogen compounds; Organic oxygen compounds; Organic nitrogen compounds; Chemical entities	353.052	84	1.407	816703128215921737	816702780344510893	816702780340316588	423	
1	C25H29NO12	[M + Na]+	C25H29NNaO12+	Alkaloids	0.833	Tyrosine alkaloids	0.351	Terpenoid tetrahydroisoquinoline alkaloids	0.668	Organic oxygen compounds	1.000	Organooxygen compounds	1.000	Carbohydrates and carbohydrate conjugates	0.918	Glycosyl compounds	0.883	O-glycosyl compounds	0.917	Organic compounds; Organoheterocyclic compounds; Carbohydrates and carbohydrate conjugates; Alcohols and polyols; Ethers; Organic acids and derivatives; Carboxylic acids and derivatives; Organonitrogen compounds; Primary alcohols; Organooxygen compounds; Carboxylic acid derivatives; Monosaccharides; Acetals; Secondary alcohols; Carbonyl compounds; Oxanes; Glycosyl compounds; O-glycosyl compounds; Polyols; Benzenoids; Organic oxides; Azacyclic compounds; Oxacyclic compounds; Heteroaromatic compounds; Hydrocarbon derivatives; Organopnictogen compounds; Organic oxygen compounds; Organic nitrogen compounds; Chemical entities	558.158	84	1.407	816703115012250863	816702780407425458	816702780407425457	421	
1	C24H30O15	[M + H]+	C24H31O15+	Shikimates and Phenylpropanoids	0.844	Flavonoids	0.582	Flavonols	0.356	Organic oxygen compounds	1.000	Organooxygen compounds	1.000	Carbohydrates and carbohydrate conjugates	0.980	Glycosyl compounds	0.829	O-glycosyl compounds	0.819	Organic compounds; Organoheterocyclic compounds; Carbohydrates and carbohydrate conjugates; Pyrans; Benzopyrans; Alcohols and polyols; Phenols; Ethers; Phenylpropanoids and polyketides; Organic acids and derivatives; Carboxylic acids and derivatives; Primary alcohols; Organooxygen compounds; Carboxylic acid derivatives; Carboxylic acid esters; Monosaccharides; Acetals; Secondary alcohols; Carbonyl compounds; Oxanes; Glycosyl compounds; O-glycosyl compounds; Benzene and substituted derivatives; Polyols; Benzenoids; Organic oxides; Oxacyclic compounds; Hydrocarbon derivatives; Organic oxygen compounds; 1-hydroxy-2-unsubstituted benzenoids; 1-hydroxy-4-unsubstituted benzenoids; Chemical entities	559.165	85	1.410	816703115389738297	816702780474534327	816702780474534326	427	
1	C20H23NO8	[M + H]+	C20H24NO8+	Amino acids and Peptides	0.596	Cyclic polyketides	0.372	3-Spirotetramic acids	0.497	Benzenoids	0.817							Benzenoids	0.817	Organic compounds; Organoheterocyclic compounds; Alcohols and polyols; Ethers; Organic acids and derivatives; Carboxylic acids and derivatives; Organonitrogen compounds; Organooxygen compounds; Carboxylic acid amides; Carboxylic acid derivatives; Carboxylic acid esters; Secondary alcohols; Carbonyl compounds; Polyols; Benzenoids; Organic oxides; Oxacyclic compounds; Hydrocarbon derivatives; Organopnictogen compounds; Organic oxygen compounds; Organic nitrogen compounds; Chemical entities	406.147	85	1.410	816703102223815387	816702780520671676	816702780520671675	425	
1	C19H31NO9	[M + H]+	C19H32NO9+	Amino acids and Peptides	0.677	Small peptides	0.549	Dipeptides	0.192	Organic acids and derivatives	1.000	Carboxylic acids and derivatives	1.000	Amino acids, peptides, and analogues	0.986	Amino acids and derivatives	0.985	Phenylalanine and derivatives	0.883	Organic compounds; Lipids and lipid-like molecules; Amino acids, peptides, and analogues; Alpha amino acids and derivatives; Alcohols and polyols; Phenethylamines; Amphetamines and derivatives; Organic acids and derivatives; Carboxylic acids and derivatives; Organonitrogen compounds; Organooxygen compounds; Fatty acid esters; Fatty amides; Dicarboxylic acids and derivatives; Amino acids and derivatives; Alpha amino acid esters; Carboxylic acid amides; Carboxylic acid derivatives; N-acyl amines; Monocarboxylic acids and derivatives; N-acyl-alpha amino acids and derivatives; Carboxylic acids; Carboxylic acid esters; Secondary alcohols; Secondary carboxylic acid amides; Carbonyl compounds; Benzene and substituted derivatives; Benzenoids; Amines; Phenylpropanoic acids; Fatty Acyls; Organic oxides; Hydrocarbon derivatives; Phenylalanine and derivatives; Organopnictogen compounds; Organic oxygen compounds; Organic nitrogen compounds; Chemical entities	418.206	88	1.459	816703102655828873	816702780835244501	816702780835244500	442	
1	C9H11NO2	[M + H]+	C9H12NO2+	Amino acids and Peptides	1.000	Small peptides	1.000	Aminoacids	1.000	Organic acids and derivatives	1.000	Carboxylic acids and derivatives	1.000	Amino acids, peptides, and analogues	0.997	Amino acids and derivatives	0.997	Phenylalanine and derivatives	0.943	Organic compounds; Amino acids, peptides, and analogues; Alpha amino acids and derivatives; Phenethylamines; Amphetamines and derivatives; Phenylpropanoids and polyketides; Organic acids and derivatives; Carboxylic acids and derivatives; Organonitrogen compounds; Organooxygen compounds; Amino acids and derivatives; Monoalkylamines; Monocarboxylic acids and derivatives; Carboxylic acids; Carbonyl compounds; Benzene and substituted derivatives; Alpha amino acids; Benzenoids; Amines; Primary amines; Phenylpropanoic acids; Aralkylamines; Organic oxides; Hydrocarbon derivatives; Amino acids; Phenylalanine and derivatives; Organopnictogen compounds; Organic oxygen compounds; Organic nitrogen compounds; Chemical entities	166.085	91	1.521	816703105663145599	816702781095291364	816702781095291363	451	
1	C8H9N	[M + H]+	C8H10N+	Alkaloids	0.960	Pseudoalkaloids (transamidation)	0.315	Phenylalanine-derived alkaloids	0.656	Benzenoids	0.991	Benzene and substituted derivatives	0.949	Phenethylamines	0.631			Phenethylamines	0.631	Organic compounds; Phenethylamines; Organonitrogen compounds; Monoalkylamines; Benzene and substituted derivatives; Benzenoids; Amines; Primary amines; Aralkylamines; Hydrocarbon derivatives; Organopnictogen compounds; Organic nitrogen compounds; Chemical entities	120.080	91	1.523	816703104954308079	816702781183371753	816702781179177448	453	
1	C4H12N3O4	[M + H]+	C4H13N3O4+	Amino acids and Peptides	1.000	Small peptides	1.000	Aminoacids	1.000	Organic acids and derivatives	1.000	Carboxylic acids and derivatives	1.000	Amino acids, peptides, and analogues	0.999	Amino acids and derivatives	0.999	Alpha amino acids	0.974	Organic compounds; Lipids and lipid-like molecules; Amino acids, peptides, and analogues; Alpha amino acids and derivatives; Fatty acids and conjugates; Organic acids and derivatives; Carboxylic acids and derivatives; Organonitrogen compounds; Organooxygen compounds; Amino acids and derivatives; Monoalkylamines; Monocarboxylic acids and derivatives; Carboxylic acids; Carbonyl compounds; Alpha amino acids; Amines; Primary amines; Fatty Acyls; Organic oxides; Hydrocarbon derivatives; Amino acids; Organopnictogen compounds; Organic oxygen compounds; Organic nitrogen compounds; Chemical entities	167.088	91	1.524	816703103767319680	816702781300812270	816702781296617965	454	
1	C8H19N2	[M + Na]+	C8H19N2Na+	Alkaloids	0.942	Pseudoalkaloids (transamidation)	0.832	Acetate-derived alkaloids	0.917	Organic nitrogen compounds	1.000	Organonitrogen compounds	1.000	Amines	0.919	Secondary amines	0.437	Dialkylamines	0.508	Organic compounds; Organonitrogen compounds; Dialkylamines; Amines; Primary amines; Hydrocarbon derivatives; Organopnictogen compounds; Organic nitrogen compounds; Chemical entities	166.143	92	1.527	816703101238153642	816702781367921139	816702781363726834	455	
1	C20H28N2O9	[M + H]+	C20H29N2O9+	Carbohydrates	0.984	Aminosugars and aminoglycosides	0.682	Pyrimidine nucleosides	0.604	Organic oxygen compounds	1.000	Organooxygen compounds	1.000	Carbohydrates and carbohydrate conjugates	0.950	Glycosyl compounds	0.904	Glycosylamines	0.794	Organic compounds; Organoheterocyclic compounds; Carbohydrates and carbohydrate conjugates; Pyrimidines and pyrimidine derivatives; Alcohols and polyols; Ethers; Organic acids and derivatives; Carboxylic acids and derivatives; Organonitrogen compounds; Primary alcohols; Organooxygen compounds; Carboxylic acid amides; Carboxylic acid derivatives; Diazines; Monosaccharides; Secondary alcohols; Carbonyl compounds; Oxanes; Glycosyl compounds; Glycosylamines; Benzene and substituted derivatives; Polyols; Benzenoids; Organic oxides; Oxacyclic compounds; Heteroaromatic compounds; Hydrocarbon derivatives; Organopnictogen compounds; Organic oxygen compounds; Organic nitrogen compounds; Chemical entities	441.185	92	1.540	816703119160418393	816702781435030008	816702781430835703	460	
1	C16H30O12	[M + Na]+	C16H30NaO12+	Carbohydrates	0.983	Saccharides	0.990	Disaccharides	0.961	Organic oxygen compounds	1.000	Organooxygen compounds	1.000	Carbohydrates and carbohydrate conjugates	0.999	Disaccharides	0.792	Disaccharides	0.792	Organic compounds; Organoheterocyclic compounds; Carbohydrates and carbohydrate conjugates; Alcohols and polyols; Ethers; Primary alcohols; Organooxygen compounds; Disaccharides; Acetals; Secondary alcohols; Oxanes; Glycosyl compounds; O-glycosyl compounds; Polyols; Oxacyclic compounds; Hydrocarbon derivatives; Organic oxygen compounds; Chemical entities	437.161	95	1.583	816703116778053236	816702781527304701	816702781523110396	465	
1	C15H21NO9	[M + H]+	C15H22NO9+	Alkaloids	0.902	Ornithine alkaloids	0.860	Pyrrolidine alkaloids	0.829	Organic oxygen compounds	1.000	Organooxygen compounds	1.000	Carbohydrates and carbohydrate conjugates	0.979	Sugar acids and derivatives	0.992	O-glucuronides	0.946	Organic compounds; Organoheterocyclic compounds; Carbohydrates and carbohydrate conjugates; Pyrans; Alcohols and polyols; Sugar acids and derivatives; Ethers; Organic acids and derivatives; Carboxylic acids and derivatives; Organonitrogen compounds; Organooxygen compounds; Glucuronides; Hydroxy acids and derivatives; Carboxylic acid amides; Carboxylic acid derivatives; Monocarboxylic acids and derivatives; Carboxylic acids; Monosaccharides; Acetals; Secondary alcohols; Beta hydroxy acids and derivatives; Carbonyl compounds; Oxanes; Glucuronic acid derivatives; Glycosyl compounds; O-glycosyl compounds; Polyols; O-glucuronides; Organic oxides; Azacyclic compounds; Oxacyclic compounds; Hydrocarbon derivatives; Organopnictogen compounds; Organic oxygen compounds; Organic nitrogen compounds; Chemical entities	360.128	97	1.621	816703121882522082	816702781653133831	816702781653133830	470	
1	C14H12N4	[M + H]+	C14H13N4+	Alkaloids	0.811	Tryptophan alkaloids	0.075	Quinazoline alkaloids	0.049	Benzenoids	0.998	Benzene and substituted derivatives	0.951					Benzene and substituted derivatives	0.951	Organic compounds; Organoheterocyclic compounds; Organonitrogen compounds; Azoles; Benzene and substituted derivatives; Benzenoids; Amines; Azacyclic compounds; Heteroaromatic compounds; Hydrocarbon derivatives; Organopnictogen compounds; Organic nitrogen compounds; Chemical entities	237.114	98	1.637	816703109458991415	816702781774768657	816702781770574352	477	
1	C21H29NO11	[M + H]+	C21H30NO11+	Alkaloids	0.770	Tryptophan alkaloids	0.725	Cyanogenic glycosides	0.670	Organoheterocyclic compounds	1.000	Indoles and derivatives	0.935	Indolyl carboxylic acids and derivatives	0.588	Indole-3-acetic acid derivatives	0.513	Indole-3-acetic acid derivatives	0.513	Organic compounds; Organoheterocyclic compounds; Carbohydrates and carbohydrate conjugates; Pyrroles; Alcohols and polyols; Indoles and derivatives; Ethers; Organonitrogen compounds; Primary alcohols; Organooxygen compounds; Indole-3-acetic acid derivatives; Indolyl carboxylic acids and derivatives; Monosaccharides; Disaccharides; Acetals; Secondary alcohols; Oxanes; Glycosyl compounds; O-glycosyl compounds; Substituted pyrroles; Polyols; Benzenoids; Indoles; Azacyclic compounds; Oxacyclic compounds; Heteroaromatic compounds; Hydrocarbon derivatives; 3-alkylindoles; N-alkylindoles; Organopnictogen compounds; Organic oxygen compounds; Organic nitrogen compounds; Chemical entities	472.180	99	1.642	816703116438314502	816702781908986395	816702781908986394	474	
1	C18H33O15	[M + H]+	C18H34O15+	Terpenoids	0.794	Monoterpenoids	0.888	Disaccharides	0.573	Organic oxygen compounds	1.000	Organooxygen compounds	1.000	Carbohydrates and carbohydrate conjugates	0.999	Disaccharides	0.778	Disaccharides	0.778	Organic compounds; Organoheterocyclic compounds; Carbohydrates and carbohydrate conjugates; Alcohols and polyols; Ethers; Organic acids and derivatives; Carboxylic acids and derivatives; Primary alcohols; Organooxygen compounds; Carboxylic acid derivatives; Monocarboxylic acids and derivatives; Carboxylic acid esters; Disaccharides; Acetals; Secondary alcohols; Carbonyl compounds; Oxanes; Glycosyl compounds; O-glycosyl compounds; Polyols; Organic oxides; Oxacyclic compounds; Hydrocarbon derivatives; Organic oxygen compounds; Chemical entities	490.190	99	1.647	816703147270646137	816702781971900960	816702781967706655	475	
1	C13H21NO6	[M + Na]+	C13H21NNaO6+	Alkaloids	0.305	Small peptides	0.155	Aminoacids	0.091	Organic acids and derivatives	0.989	Carboxylic acids and derivatives	0.990	Amino acids, peptides, and analogues	0.979	Amino acids and derivatives	0.979	Alpha amino acids	0.944	Organic compounds; Amino acids, peptides, and analogues; Alpha amino acids and derivatives; Alcohols and polyols; Organic acids and derivatives; Carboxylic acids and derivatives; Organonitrogen compounds; Primary alcohols; Organooxygen compounds; Dicarboxylic acids and derivatives; Amino acids and derivatives; Carboxylic acids; Secondary alcohols; Carbonyl compounds; Dialkylamines; Alpha amino acids; Amines; Secondary amines; Organic oxides; Hydrocarbon derivatives; Amino acids; Organopnictogen compounds; Organic oxygen compounds; Organic nitrogen compounds; Chemical entities	310.127	100	1.660	816703122968846950	816702782097730090	816702782097730089	479	
1	C15H21NO7	[M + H]+	C15H22NO7+	Carbohydrates	0.198	Small peptides	0.046	Aminosugars	0.030	Organic acids and derivatives	0.999	Carboxylic acids and derivatives	0.999	Amino acids, peptides, and analogues	0.995	Amino acids and derivatives	0.995	Phenylalanine and derivatives	0.921	Organic compounds; Organoheterocyclic compounds; Carbohydrates and carbohydrate conjugates; Amino acids, peptides, and analogues; Alpha amino acids and derivatives; Alcohols and polyols; Phenethylamines; Amphetamines and derivatives; Phenylpropanoids and polyketides; Organic acids and derivatives; Carboxylic acids and derivatives; Organonitrogen compounds; Primary alcohols; Organooxygen compounds; Amino acids and derivatives; Monocarboxylic acids and derivatives; Carboxylic acids; Pentoses; Monosaccharides; Secondary alcohols; Carbonyl compounds; Glycosyl compounds; C-glycosyl compounds; Dialkylamines; Benzene and substituted derivatives; Polyols; Alpha amino acids; Benzenoids; Amines; Secondary amines; Phenylpropanoic acids; Aralkylamines; Organic oxides; Oxacyclic compounds; L-alpha-amino acids; Hydrocarbon derivatives; Amino acids; Phenylalanine and derivatives; Organopnictogen compounds; Organic oxygen compounds; Organic nitrogen compounds; Chemical entities	328.138	100	1.665	816703128295613544	816702782148061743	816702782143867438	480	
1	C8H11N	[M + H]+	C8H12N+	Alkaloids	0.989	Pseudoalkaloids (transamidation)	0.159	Phenylalanine-derived alkaloids	0.635	Organic nitrogen compounds	1.000	Organonitrogen compounds	1.000	Amines	0.997	Aralkylamines	0.945	Aralkylamines	0.945	Organic compounds; Organonitrogen compounds; Monoalkylamines; Benzene and substituted derivatives; Benzenoids; Amines; Primary amines; Aralkylamines; Hydrocarbon derivatives; Organopnictogen compounds; Organic nitrogen compounds; Chemical entities	122.095	103	1.719	816703116325068255	816702782332611124	816702782332611123	486	
1	C17H34N6O4	[M + H]+	C17H35N6O4+	Amino acids and Peptides	0.999	Small peptides	0.998	Tripeptides	0.979	Organic acids and derivatives	1.000	Carboxylic acids and derivatives	1.000	Amino acids, peptides, and analogues	0.998	Peptides	0.997	Oligopeptides	0.926	Organic compounds; Lipids and lipid-like molecules; Amino acids, peptides, and analogues; Alpha amino acids and derivatives; Fatty acids and conjugates; Organic acids and derivatives; Carboxylic acids and derivatives; Organonitrogen compounds; Organooxygen compounds; Fatty amides; Branched fatty acids; Amino acids and derivatives; Peptides; Guanidines; Monoalkylamines; Carboxylic acid amides; Carboxylic acid derivatives; N-acyl amines; Monocarboxylic acids and derivatives; N-acyl-alpha amino acids and derivatives; Carboxylic acids; Secondary carboxylic acid amides; Carbonyl compounds; Alpha amino acid amides; N-acyl-alpha amino acids; Amines; Primary amines; Carboximidamides; Methyl-branched fatty acids; Fatty Acyls; Organic oxides; Hydrocarbon derivatives; Amino acids; Leucine and derivatives; Isoleucine and derivatives; Organopnictogen compounds; Organic oxygen compounds; Organic nitrogen compounds; Oligopeptides; Chemical entities	387.270	106	1.760	816703120120914142	816702782395525689	816702782391331384	493	
1	C12H21NO6	[M + Na]+	C12H21NNaO6+	Alkaloids	0.258	Small peptides	0.323	Aminoacids	0.246	Organic acids and derivatives	0.998	Carboxylic acids and derivatives	0.998	Amino acids, peptides, and analogues	0.996	Amino acids and derivatives	0.996	Alpha amino acids	0.980	Organic compounds; Lipids and lipid-like molecules; Amino acids, peptides, and analogues; Alpha amino acids and derivatives; Alcohols and polyols; Fatty acids and conjugates; Organic acids and derivatives; Carboxylic acids and derivatives; Organonitrogen compounds; Organooxygen compounds; Branched fatty acids; Hydroxy fatty acids; Dicarboxylic acids and derivatives; Amino acids and derivatives; Hydroxy acids and derivatives; Amino fatty acids; Carboxylic acids; Secondary alcohols; Beta hydroxy acids and derivatives; Carbonyl compounds; Dialkylamines; Alpha amino acids; Amines; Secondary amines; Fatty Acyls; Organic oxides; Hydrocarbon derivatives; Amino acids; Organopnictogen compounds; Organic oxygen compounds; Organic nitrogen compounds; Chemical entities	298.127	110	1.827	816703129583265000	816702782466828862	816702782466828861	503	
1	C8H14F2N4O	[M + H]+	C8H15F2N4O+	Alkaloids	0.655	Pseudoalkaloids (transamidation)	0.102	Purine alkaloids	0.028	Organohalogen compounds	0.997	Aryl halides	0.641	Aryl fluorides	0.678			Aryl fluorides	0.678	Organic compounds; Organoheterocyclic compounds; Organohalogen compounds; Organonitrogen compounds; Organooxygen compounds; Azoles; Aryl fluorides; Organofluorides; Aryl halides; Azacyclic compounds; Heteroaromatic compounds; Hydrocarbon derivatives; Organopnictogen compounds; Organic oxygen compounds; Organic nitrogen compounds; Chemical entities	221.120	110	1.831	816703129386132682	816702782634601032	816702782630406727	501	
1	C7H15N4O4	[M + H]+	C7H16N4O4+	Alkaloids	0.353	Small peptides	0.268	Imidazole alkaloids	0.257	Organic nitrogen compounds	1.000	Organonitrogen compounds	0.999					Organonitrogen compounds	0.999	Organic compounds; Organic acids and derivatives; Organonitrogen compounds; Organooxygen compounds; Organic oxides; Hydrocarbon derivatives; Organopnictogen compounds; Organic oxygen compounds; Organic nitrogen compounds; Chemical entities	220.117	110	1.838	816703130132718945	816702782701709901	816702782701709900	504	
1	C12H23N3O5	[M + H]+	C12H24N3O5+	Amino acids and Peptides	0.999	Small peptides	0.998	Tripeptides	0.998	Organic acids and derivatives	1.000	Carboxylic acids and derivatives	1.000	Amino acids, peptides, and analogues	0.998	Peptides	0.998	Oligopeptides	0.986	Organic compounds; Lipids and lipid-like molecules; Amino acids, peptides, and analogues; Alpha amino acids and derivatives; Fatty acids and conjugates; Organic acids and derivatives; Carboxylic acids and derivatives; Organonitrogen compounds; Organooxygen compounds; Fatty amides; Branched fatty acids; Amino acids and derivatives; Peptides; Monoalkylamines; Carboxylic acid amides; Carboxylic acid derivatives; N-acyl amines; Monocarboxylic acids and derivatives; N-acyl-alpha amino acids and derivatives; Carboxylic acids; Secondary carboxylic acid amides; Carbonyl compounds; Alpha amino acid amides; N-acyl-alpha amino acids; Amines; Primary amines; Methyl-branched fatty acids; Fatty Acyls; Organic oxides; Hydrocarbon derivatives; Amino acids; Leucine and derivatives; Organopnictogen compounds; Organic oxygen compounds; Organic nitrogen compounds; Oligopeptides; Chemical entities	290.170	117	1.955	816703133030983296	816702782903036508	816702782903036507	514	
1	C17H17N5O4S	[M + Na]+	C17H17N5NaO4S+	Amino acids and Peptides	0.174	Nucleosides	0.191	Cyclamides	0.262	Organosulfur compounds	0.887	Thioethers	0.810	Aryl thioethers	0.821	Alkylarylthioethers	0.789	Alkylarylthioethers	0.789	Organic compounds; Organoheterocyclic compounds; Organosulfur compounds; Organic acids and derivatives; Carboxylic acids and derivatives; Organonitrogen compounds; Organooxygen compounds; Azoles; Carboxylic acid amides; Carboxylic acid derivatives; Thioethers; Diazines; Carbonyl compounds; Benzene and substituted derivatives; Benzenoids; Sulfenyl compounds; Alkylarylthioethers; Organic oxides; Azacyclic compounds; Oxacyclic compounds; Heteroaromatic compounds; Hydrocarbon derivatives; Organopnictogen compounds; Organic oxygen compounds; Aryl thioethers; Organic nitrogen compounds; Chemical entities	410.088	123	2.049	816703137502111701	816702783007894118	816702783007894117	518	
1	C5H14N2O5	[M + H]+	C5H15N2O5+	Amino acids and Peptides	0.987	Small peptides	0.980	Aminoacids	0.988	Organic acids and derivatives	0.988	Carboxylic acids and derivatives	0.984	Amino acids, peptides, and analogues	0.952	Amino acids and derivatives	0.951	Alpha amino acids	0.823	Organic compounds; Lipids and lipid-like molecules; Amino acids, peptides, and analogues; Alpha amino acids and derivatives; Alcohols and polyols; Fatty acids and conjugates; Organic acids and derivatives; Carboxylic acids and derivatives; Organonitrogen compounds; Primary alcohols; Organooxygen compounds; Amino acids and derivatives; Monoalkylamines; Monocarboxylic acids and derivatives; Carboxylic acids; Carbonyl compounds; Alpha amino acids; Amines; Primary amines; Fatty Acyls; Organic oxides; Hydrocarbon derivatives; Amino acids; Organopnictogen compounds; Organic oxygen compounds; Organic nitrogen compounds; Chemical entities	183.098	124	2.062	816703139783813295	816702783179860597	816702783179860596	529	
1	C18H26N10O3	[M + H]+	C18H27N10O3+	Amino acids and Peptides	0.653	Oligopeptides	0.371	Purine nucleosides	0.159	Organic acids and derivatives	0.819	Carboxylic acids and derivatives	0.636	Amino acids, peptides, and analogues	0.611	Amino acids and derivatives	0.600	Amino acids and derivatives	0.600	Organic compounds; Organoheterocyclic compounds; Amino acids, peptides, and analogues; Organic acids and derivatives; Carboxylic acids and derivatives; Organonitrogen compounds; Organooxygen compounds; Amino acids and derivatives; Azoles; Carbonyl compounds; Amines; Primary amines; Organic oxides; Azacyclic compounds; Heteroaromatic compounds; Hydrocarbon derivatives; Organopnictogen compounds; Organic oxygen compounds; Organic nitrogen compounds; Chemical entities	431.223	124	2.075	816703174114192865	816702783330855551	816702783326661246	523	
1	C15H26N4O5	[M + H]+	C15H27N4O5+	Amino acids and Peptides	1.000	Small peptides	1.000	Dipeptides	0.973	Organic acids and derivatives	1.000	Carboxylic acids and derivatives	1.000	Amino acids, peptides, and analogues	1.000	Peptides	0.987	Dipeptides	0.850	Organic compounds; Organoheterocyclic compounds; Amino acids, peptides, and analogues; Alpha amino acids and derivatives; Pyrrolidines; Organic acids and derivatives; Carboxylic acids and derivatives; Organonitrogen compounds; Organooxygen compounds; Amino acids and derivatives; Peptides; Monoalkylamines; Carboxylic acid amides; Carboxylic acid derivatives; Monocarboxylic acids and derivatives; N-acyl-alpha amino acids and derivatives; Carboxylic acids; Tertiary carboxylic acid amides; Carbonyl compounds; Pyrrolidine carboxylic acids and derivatives; Alpha amino acid amides; N-acyl-alpha amino acids; Pyrrolidine carboxylic acids; Amines; Primary amines; N-acylpyrrolidines; Organic oxides; Azacyclic compounds; N-acyl-L-alpha-amino acids; Hydrocarbon derivatives; Amino acids; Proline and derivatives; Organopnictogen compounds; Organic oxygen compounds; Organic nitrogen compounds; Dipeptides; Chemical entities	343.196	127	2.116	816703177964564375	816702783511210638	816702783511210637	533	
1	C10H12N4O5S	[M + Na]+	C10H12N4NaO5S+	Carbohydrates	0.831	Nucleosides	0.865	Purine nucleosides	0.687	Organic oxygen compounds	1.000	Organooxygen compounds	0.987	Carbohydrates and carbohydrate conjugates	0.520	Glycosyl compounds	0.556	Glycosylamines	0.590	Organic compounds; Organoheterocyclic compounds; Organosulfur compounds; Carbohydrates and carbohydrate conjugates; Pyrimidines and pyrimidine derivatives; Imidazoles; Alcohols and polyols; Purines and purine derivatives; Organic acids and derivatives; Carboxylic acids and derivatives; Organonitrogen compounds; Nucleosides, nucleotides, and analogues; Organooxygen compounds; Azoles; Monocarboxylic acids and derivatives; Thioethers; Carboxylic acids; Diazines; Secondary alcohols; Imidazopyrimidines; Carbonyl compounds; Glycosyl compounds; Glycosylamines; Polyols; Substituted imidazoles; N-substituted imidazoles; Sulfenyl compounds; Organic oxides; Azacyclic compounds; Heteroaromatic compounds; Hydrocarbon derivatives; Organopnictogen compounds; Organic oxygen compounds; Organic nitrogen compounds; Chemical entities	323.041	131	2.190	816703191944180062	816702783641234072	816702783641234071	536	
1	C22H24N4O4	[M + H]+	C22H25N4O4+	Amino acids and Peptides	0.991	Small peptides	0.964	Dipeptides	0.636	Organic acids and derivatives	1.000	Carboxylic acids and derivatives	0.998	Amino acids, peptides, and analogues	0.989	Amino acids and derivatives	0.989	N-acyl-alpha amino acids	0.785	Organic compounds; Organoheterocyclic compounds; Amino acids, peptides, and analogues; Alpha amino acids and derivatives; Pyrroles; Indoles and derivatives; Organic acids and derivatives; Carboxylic acids and derivatives; Organonitrogen compounds; Organooxygen compounds; Amino acids and derivatives; Carboxylic acid amides; Carboxylic acid derivatives; Monocarboxylic acids and derivatives; N-acyl-alpha amino acids and derivatives; Carboxylic acids; Indolyl carboxylic acids and derivatives; Secondary carboxylic acid amides; Carbonyl compounds; Substituted pyrroles; N-acyl-alpha amino acids; Benzenoids; Amines; Indoles; Organic oxides; Azacyclic compounds; Heteroaromatic compounds; Hydrocarbon derivatives; Amino acids; 3-alkylindoles; Organopnictogen compounds; Organic oxygen compounds; Organic nitrogen compounds; Chemical entities	409.185	132	2.201	816703185208127616	816702783850949287	816702783846754982	543	
1	C4H8N6O3	[M + H3N + H]+	C4H12N7O3+	Alkaloids	0.927	Pseudoalkaloids (transamidation)	0.940	Purine alkaloids	0.980	Organoheterocyclic compounds	0.967	Heteroaromatic compounds	0.898					Heteroaromatic compounds	0.898	Organic compounds; Organoheterocyclic compounds; Organic acids and derivatives; Organonitrogen compounds; Organooxygen compounds; Organic oxides; Azacyclic compounds; Heteroaromatic compounds; Hydrocarbon derivatives; Organopnictogen compounds; Organic oxygen compounds; Organic nitrogen compounds; Chemical entities	206.099	132	2.202	816703193340883579	816702783716731549	816702783716731548	538	
1	C11H12N2O2	[M + H]+	C11H13N2O2+	Amino acids and Peptides	1.000	Small peptides	1.000	Aminoacids	1.000	Organic acids and derivatives	1.000	Carboxylic acids and derivatives	1.000	Amino acids, peptides, and analogues	0.999	Amino acids and derivatives	0.999	Alpha amino acids	0.966	Organic compounds; Organoheterocyclic compounds; Amino acids, peptides, and analogues; Alpha amino acids and derivatives; Pyrroles; Indoles and derivatives; Organic acids and derivatives; Carboxylic acids and derivatives; Organonitrogen compounds; Organooxygen compounds; Amino acids and derivatives; Monoalkylamines; Monocarboxylic acids and derivatives; Carboxylic acids; Indolyl carboxylic acids and derivatives; Carbonyl compounds; Substituted pyrroles; Alpha amino acids; Benzenoids; Amines; Primary amines; Indoles; Aralkylamines; Organic oxides; Azacyclic compounds; Heteroaromatic compounds; Hydrocarbon derivatives; Amino acids; 3-alkylindoles; Organopnictogen compounds; Organic oxygen compounds; Organic nitrogen compounds; Chemical entities	205.096	132	2.203	816703193424769682	816702783775451810	816702783775451809	539	
1	C11H9NO2	[M + H]+	C11H10NO2+	Alkaloids	0.988	Tryptophan alkaloids	0.963	Simple indole alkaloids	0.624	Organoheterocyclic compounds	0.986	Indoles and derivatives	0.908	Indoles	0.893			Indoles	0.893	Organic compounds; Organoheterocyclic compounds; Pyrroles; Indoles and derivatives; Organic acids and derivatives; Carboxylic acids and derivatives; Organonitrogen compounds; Organooxygen compounds; Monocarboxylic acids and derivatives; Carboxylic acids; Carbonyl compounds; Substituted pyrroles; Benzenoids; Indoles; Organic oxides; Azacyclic compounds; Heteroaromatic compounds; Hydrocarbon derivatives; Organopnictogen compounds; Organic oxygen compounds; Organic nitrogen compounds; Chemical entities	188.070	133	2.209	816703193873560294	816702783922252460	816702783918058155	542	
1	C4H8N6O3	[M + H]+	C4H9N6O3+	Alkaloids	0.758	Pseudoalkaloids (transamidation)	0.927	Purine alkaloids	0.973	Organoheterocyclic compounds	0.973	Heteroaromatic compounds	0.945					Heteroaromatic compounds	0.945	Organic compounds; Organoheterocyclic compounds; Organic acids and derivatives; Organonitrogen compounds; Organooxygen compounds; Amines; Primary amines; Organic oxides; Azacyclic compounds; Heteroaromatic compounds; Hydrocarbon derivatives; Organopnictogen compounds; Organic oxygen compounds; Organic nitrogen compounds; Chemical entities	189.073	133	2.211	816703203969250112	816702783972584113	816702783972584112	544	
1	C9H7NO	[M + H]+	C9H8NO+	Alkaloids	0.997	Tryptophan alkaloids	0.942	Simple indole alkaloids	0.948	Organoheterocyclic compounds	0.999	Indoles and derivatives	0.974	Indoles	0.971			Indoles	0.971	Organic compounds; Organoheterocyclic compounds; Pyrroles; Aldehydes; Indoles and derivatives; Organic acids and derivatives; Organonitrogen compounds; Organooxygen compounds; Carbonyl compounds; Substituted pyrroles; Benzenoids; Indoles; Aryl-aldehydes; Vinylogous amides; Organic oxides; Azacyclic compounds; Heteroaromatic compounds; Hydrocarbon derivatives; Organopnictogen compounds; Organic oxygen compounds; Organic nitrogen compounds; Chemical entities	146.059	133	2.212	816703204992660375	816702784027110070	816702784027110069	545	
1	C18H32N2O8	[M + Na]+	C18H32N2NaO8+	Amino acids and Peptides	0.787	Small peptides	0.752	Dipeptides	0.774	Organic acids and derivatives	0.999	Carboxylic acids and derivatives	0.998	Amino acids, peptides, and analogues	0.980	Amino acids and derivatives	0.979	N-acyl-alpha amino acids	0.500	Organic compounds; Lipids and lipid-like molecules; Amino acids, peptides, and analogues; Alpha amino acids and derivatives; Alcohols and polyols; Organic acids and derivatives; Carboxylic acids and derivatives; Organonitrogen compounds; Organooxygen compounds; Fatty acid esters; Fatty amides; Dicarboxylic acids and derivatives; Amino acids and derivatives; Hydroxy acids and derivatives; Carboxylic acid amides; Carboxylic acid derivatives; N-acyl-alpha amino acids and derivatives; Carboxylic acids; Carboxylic acid esters; Secondary alcohols; Secondary carboxylic acid amides; Beta hydroxy acids and derivatives; Carbonyl compounds; Benzene and substituted derivatives; Polyols; N-acyl-alpha amino acids; Alpha amino acids; Benzenoids; Amines; Fatty Acyls; Organic oxides; Hydrocarbon derivatives; Amino acids; Organopnictogen compounds; Organic oxygen compounds; Organic nitrogen compounds; Chemical entities	427.206	133	2.217	816703208478127131	816702784077441723	816702784077441722	537	
1	C20H29NO11	[M + K]+	C20H29KNO11+	Amino acids and Peptides	0.708	Amino acid glycosides	0.671	Cyanogenic glycosides	0.812	Organic oxygen compounds	1.000	Organooxygen compounds	1.000	Carbohydrates and carbohydrate conjugates	0.959	Glycosyl compounds	0.884	O-glycosyl compounds	0.908	Organic compounds; Organoheterocyclic compounds; Carbohydrates and carbohydrate conjugates; Alcohols and polyols; Ethers; Organic acids and derivatives; Carboxylic acids and derivatives; Organonitrogen compounds; Organooxygen compounds; Monosaccharides; Acetals; Secondary alcohols; Carbonyl compounds; Oxanes; Glycosyl compounds; O-glycosyl compounds; Benzene and substituted derivatives; Polyols; Benzenoids; Organic oxides; Oxacyclic compounds; Hydrocarbon derivatives; Organopnictogen compounds; Organic oxygen compounds; Organic nitrogen compounds; Chemical entities	498.138	133	2.217	816703253172633391	816702784123579072	816702784123579071	547	
1	C22H26O13	[M + H]+	C22H27O13+	Terpenoids	0.623	Monoterpenoids	0.902	Secoiridoid monoterpenoids	0.714	Organic oxygen compounds	1.000	Organooxygen compounds	1.000	Carbohydrates and carbohydrate conjugates	0.996	Disaccharides	0.578	Disaccharides	0.578	Organic compounds; Organoheterocyclic compounds; Carbohydrates and carbohydrate conjugates; Lipids and lipid-like molecules; Alcohols and polyols; Phenols; Ethers; Organic acids and derivatives; Carboxylic acids and derivatives; Primary alcohols; Organooxygen compounds; Carboxylic acid derivatives; Carboxylic acid esters; Monosaccharides; Disaccharides; Acetals; Secondary alcohols; Carbonyl compounds; Oxanes; Glycosyl compounds; O-glycosyl compounds; Benzene and substituted derivatives; Polyols; Benzenoids; Enoate esters; Alpha,beta-unsaturated carboxylic esters; Vinylogous esters; Organic oxides; Oxacyclic compounds; Hydrocarbon derivatives; Organic oxygen compounds; Chemical entities	499.144	134	2.237	816703249515199532	816702784228436682	816702784228436681	552	
1	C14H18N8O2	[M + Na]+	C14H18N8NaO2+	Alkaloids	0.482	Pseudoalkaloids (transamidation)	0.503	Purine alkaloids	0.714	Organoheterocyclic compounds	0.991	Imidazopyrimidines	0.419	Purines and purine derivatives	0.455	Purinones	0.507	Purinones	0.507	Organic compounds; Organoheterocyclic compounds; Pyrimidines and pyrimidine derivatives; Organic acids and derivatives; Organonitrogen compounds; Organooxygen compounds; Azoles; Purinones; Diazines; Amines; Primary amines; Organic oxides; Azacyclic compounds; Heteroaromatic compounds; Hydrocarbon derivatives; Organopnictogen compounds; Organic oxygen compounds; Organic nitrogen compounds; Chemical entities	353.145	134	2.240	816703258176439384	816702784278768335	816702784278768334	554	
1	C16H22N2O7	[M + K]+	C16H22KN2O7+	Amino acids and Peptides	0.739	Ornithine alkaloids	0.228	Dipeptides	0.116	Organic acids and derivatives	0.996	Carboxylic acids and derivatives	0.993	Amino acids, peptides, and analogues	0.754	Amino acids and derivatives	0.754	Alpha amino acids and derivatives	0.583	Organic compounds; Lipids and lipid-like molecules; Amino acids, peptides, and analogues; Alpha amino acids and derivatives; Alcohols and polyols; Benzoic acids and derivatives; Organic acids and derivatives; Carboxylic acids and derivatives; Organonitrogen compounds; Anilides; Organooxygen compounds; Dicarboxylic acids and derivatives; Amino acids and derivatives; Carboxylic acid amides; Carboxylic acid derivatives; Carboxylic acids; Carboxylic acid esters; Secondary alcohols; Secondary carboxylic acid amides; Carbonyl compounds; Benzene and substituted derivatives; Polyols; Benzenoids; Amines; 1,2-diols; Organic oxides; Hydrocarbon derivatives; Organopnictogen compounds; Organic oxygen compounds; Organic nitrogen compounds; Chemical entities	393.105	135	2.243	816703253181022011	816702784496872163	816702784492677858	558	
1	C18H16O11	[M + H]+	C18H17O11+	Shikimates and Phenylpropanoids	0.979	Flavonoids	0.875	Flavones	0.651	Phenylpropanoids and polyketides	0.794	Flavonoids	0.555	Flavones	0.592			Flavones	0.592	Organic compounds; Organoheterocyclic compounds; Carbohydrates and carbohydrate conjugates; Pyrans; Benzopyrans; Alcohols and polyols; Phenols; Chromones; Ethers; Phenylpropanoids and polyketides; Organic acids and derivatives; Carboxylic acids and derivatives; Organooxygen compounds; Flavonoids; Pyranones and derivatives; Carboxylic acid derivatives; Carboxylic acid esters; Monosaccharides; Flavones; Acetals; Secondary alcohols; Carbonyl compounds; Oxanes; Glycosyl compounds; O-glycosyl compounds; Benzene and substituted derivatives; Polyols; Benzenoids; 1-benzopyrans; Organic oxides; Oxacyclic compounds; Heteroaromatic compounds; Hydrocarbon derivatives; Phenolic glycosides; Organic oxygen compounds; 1-hydroxy-2-unsubstituted benzenoids; 1-hydroxy-4-unsubstituted benzenoids; Chemical entities	409.078	135	2.244	816703256238670351	816702784450734814	816702784450734813	553	
1	C5H13B3Cl2N2O3	[M + H]+	C5H14B3Cl2N2O3+	Amino acids and Peptides	0.080	Small peptides	0.183	Pinane monoterpenoids	0.169	Organoheterocyclic compounds	0.274	Organoboroxines	0.504					Organoboroxines	0.504	Organic compounds; Organic acids and derivatives; Organonitrogen compounds; Organooxygen compounds; Organometallic compounds; Organometalloid compounds; Organoboron compounds; Organoboroxines; Organic salts; Organic metalloid salts; Organic metal salts; Oxacyclic compounds; Hydrocarbon derivatives; Alkylboranes; Organic oxygen compounds; Organic nitrogen compounds; Chemical entities	250.076	135	2.248	816703256054120924	816702784610118381	816702784605924076	560	
1	C16H19NO9	[M + K]+	C16H19KNO9+	Amino acids and Peptides	0.960	Amino acid glycosides	0.973	Cyanogenic glycosides	0.978	Organic oxygen compounds	1.000	Organooxygen compounds	0.999	Carbohydrates and carbohydrate conjugates	0.804	Monosaccharides	0.687	Hexoses	0.548	Organic compounds; Organoheterocyclic compounds; Carbohydrates and carbohydrate conjugates; Alcohols and polyols; Ethers; Organic acids and derivatives; Carboxylic acids and derivatives; Organonitrogen compounds; Primary alcohols; Organooxygen compounds; Carboxylic acid derivatives; Hexoses; Monosaccharides; Acetals; Secondary alcohols; Carbonyl compounds; Oxanes; Glycosyl compounds; O-glycosyl compounds; Benzene and substituted derivatives; Polyols; Benzenoids; Organic oxides; Oxacyclic compounds; Hydrocarbon derivatives; Organopnictogen compounds; Organic oxygen compounds; Organic nitrogen compounds; Chemical entities	408.070	135	2.254	816703256725209801	816702784710781687	816702784710781686	562	
1	C15H27N3O6	[M + H]+	C15H28N3O6+	Amino acids and Peptides	0.972	Small peptides	0.985	Tripeptides	0.824	Organic acids and derivatives	0.999	Carboxylic acids and derivatives	0.999	Amino acids, peptides, and analogues	0.974	Peptides	0.898	Peptides	0.898	Organic compounds; Lipids and lipid-like molecules; Amino acids, peptides, and analogues; Alpha amino acids and derivatives; Fatty acids and conjugates; Organic acids and derivatives; Carboxylic acids and derivatives; Organonitrogen compounds; Organooxygen compounds; Fatty amides; Branched fatty acids; Amino acids and derivatives; Peptides; Carboxylic acid amides; Carboxylic acid derivatives; N-acyl amines; Monocarboxylic acids and derivatives; N-acyl-alpha amino acids and derivatives; Carboxylic acids; Secondary carboxylic acid amides; Carbonyl compounds; Alpha amino acid amides; N-acyl-alpha amino acids; Methyl-branched fatty acids; Fatty Acyls; Organic oxides; Hydrocarbon derivatives; Valine and derivatives; Organopnictogen compounds; Organic oxygen compounds; Organic nitrogen compounds; Chemical entities	346.196	137	2.276	816703257790563316	816702784761113340	816702784761113339	566	
1	C10H9N	[M + H]+	C10H10N+	Alkaloids	0.984	Tryptophan alkaloids	0.929	Simple indole alkaloids	0.468	Benzenoids	0.997	Naphthalenes	0.858					Naphthalenes	0.858	Organic compounds; Organoheterocyclic compounds; Naphthalenes; Organonitrogen compounds; Dialkylamines; Benzenoids; Amines; Secondary amines; Aralkylamines; Azacyclic compounds; Hydrocarbon derivatives; Organopnictogen compounds; Organic nitrogen compounds; Chemical entities	144.080	139	2.314	816703256372888125	816702784828222209	816702784828222208	577	
1	C16H20N6O3	[M + Na]+	C16H20N6NaO3+	Amino acids and Peptides	0.999	Small peptides	0.995	Dipeptides	0.898	Organic acids and derivatives	1.000	Carboxylic acids and derivatives	1.000	Amino acids, peptides, and analogues	0.999	Amino acids and derivatives	0.999	N-acyl-alpha amino acids	0.833	Organic compounds; Organoheterocyclic compounds; Amino acids, peptides, and analogues; Alpha amino acids and derivatives; Pyrroles; Indoles and derivatives; Organic acids and derivatives; Carboxylic acids and derivatives; Organonitrogen compounds; Organooxygen compounds; Amino acids and derivatives; Monoalkylamines; Carboxylic acid amides; Carboxylic acid derivatives; Monocarboxylic acids and derivatives; N-acyl-alpha amino acids and derivatives; Carboxylic acids; Indolyl carboxylic acids and derivatives; Secondary carboxylic acid amides; Carbonyl compounds; Substituted pyrroles; N-acyl-alpha amino acids; Benzenoids; Amines; Primary amines; Indoles; Organic oxides; Azacyclic compounds; Heteroaromatic compounds; Hydrocarbon derivatives; Amino acids; 3-alkylindoles; Organopnictogen compounds; Organic oxygen compounds; Organic nitrogen compounds; Chemical entities	367.149	139	2.323	816703265470336244	816702784886942470	816702784882748165	574	
1	C5H8O12	[M + Na]+	C5H8NaO12+	Carbohydrates	0.743	Fatty Acids and Conjugates	0.781	Dicarboxylic acids	0.903	Organic oxygen compounds	1.000	Organooxygen compounds	1.000	Carbohydrates and carbohydrate conjugates	0.573			Carbohydrates and carbohydrate conjugates	0.573	Organic compounds; Carbohydrates and carbohydrate conjugates; Alcohols and polyols; Organic acids and derivatives; Carboxylic acids and derivatives; Organooxygen compounds; Carboxylic acids; Secondary alcohols; Carbonyl compounds; Polyols; Organic oxides; Hydrocarbon derivatives; Organic oxygen compounds; Chemical entities	282.989	144	2.405	816703265692634431	816702785000188688	816702785000188687	579	
1	C17H32N4O5	[M + H]+	C17H33N4O5+	Amino acids and Peptides	1.000	Small peptides	1.000	Tripeptides	0.810	Organic acids and derivatives	1.000	Carboxylic acids and derivatives	1.000	Amino acids, peptides, and analogues	0.999	Peptides	0.999	Oligopeptides	0.925	Organic compounds; Lipids and lipid-like molecules; Amino acids, peptides, and analogues; Alpha amino acids and derivatives; Fatty acids and conjugates; Organic acids and derivatives; Carboxylic acids and derivatives; Organonitrogen compounds; Organooxygen compounds; Fatty amides; Branched fatty acids; Amino acids and derivatives; Peptides; Monoalkylamines; Carboxylic acid amides; Carboxylic acid derivatives; N-acyl amines; Monocarboxylic acids and derivatives; N-acyl-alpha amino acids and derivatives; Carboxylic acids; Primary carboxylic acid amides; Secondary carboxylic acid amides; Carbonyl compounds; Alpha amino acid amides; N-acyl-alpha amino acids; Amines; Primary amines; Fatty Acyls; Organic oxides; Hydrocarbon derivatives; Amino acids; N-acyl-L-glutamines; Glutamine and derivatives; Organopnictogen compounds; Organic oxygen compounds; Organic nitrogen compounds; Oligopeptides; Chemical entities	373.243	151	2.520	816703261129230352	816702785281207081	816702785281207080	593	
1	C11H11N3O3	[M + H]+	C11H12N3O3+	Alkaloids	0.798	Small peptides	0.522	Quinazoline alkaloids	0.153	Organic acids and derivatives	0.993	Carboxylic acids and derivatives	0.986	Amino acids, peptides, and analogues	0.734	Amino acids and derivatives	0.732	Alpha amino acids and derivatives	0.697	Organic compounds; Organoheterocyclic compounds; Amino acids, peptides, and analogues; Alpha amino acids and derivatives; Organic acids and derivatives; Carboxylic acids and derivatives; Organonitrogen compounds; Organooxygen compounds; Amino acids and derivatives; Monocarboxylic acids and derivatives; Carboxylic acids; Carbonyl compounds; Benzenoids; Organic oxides; Azacyclic compounds; Heteroaromatic compounds; Hydrocarbon derivatives; Organopnictogen compounds; Organic oxygen compounds; Organic nitrogen compounds; Chemical entities	234.086	156	2.604	816703264480480169	816702785386064691	816702785381870386	597	
1	C13H23NO9	[M + Na]+	C13H23NNaO9+	Carbohydrates	0.859	Aminosugars and aminoglycosides	0.582	Aminosugars	0.357	Organic acids and derivatives	0.995	Carboxylic acids and derivatives	0.993	Amino acids, peptides, and analogues	0.439	Amino acids and derivatives	0.441	Amino acids	0.503	Organic compounds; Organoheterocyclic compounds; Carbohydrates and carbohydrate conjugates; Pyrans; Alcohols and polyols; Sugar acids and derivatives; Ethers; Organic acids and derivatives; Carboxylic acids and derivatives; Organonitrogen compounds; Organooxygen compounds; Glucuronides; Hydroxy acids and derivatives; Monocarboxylic acids and derivatives; Carboxylic acids; Monosaccharides; Acetals; Secondary alcohols; Beta hydroxy acids and derivatives; Carbonyl compounds; Oxanes; Glucuronic acid derivatives; Glycosyl compounds; O-glycosyl compounds; Polyols; O-glucuronides; Organic oxides; Oxacyclic compounds; Hydrocarbon derivatives; Amino acids; Organopnictogen compounds; Organic oxygen compounds; Organic nitrogen compounds; Chemical entities	360.128	162	2.708	816703267001257702	816702785545448258	816702785541253953	602	
1	C10H14N2O3	[M + H]+	C10H15N2O3+	Amino acids and Peptides	0.970	Small peptides	0.954	Aminoacids	0.915	Organic acids and derivatives	0.947	Carboxylic acids and derivatives	0.864	Amino acids, peptides, and analogues	0.757	Amino acids and derivatives	0.758	Amino acids	0.685	Organic compounds; Organoheterocyclic compounds; Amino acids, peptides, and analogues; Alcohols and polyols; Organic acids and derivatives; Carboxylic acids and derivatives; Organonitrogen compounds; Organooxygen compounds; Amino acids and derivatives; Monoalkylamines; Monocarboxylic acids and derivatives; Carboxylic acids; Carbonyl compounds; Amines; Primary amines; Aralkylamines; Organic oxides; Azacyclic compounds; Heteroaromatic compounds; Hydrocarbon derivatives; Amino acids; Organopnictogen compounds; Organic oxygen compounds; Organic nitrogen compounds; Chemical entities	211.107	166	2.759	816703266544078425	816702785583196999	816702785583196998	603	
1	C12H15NO4	[M + H]+	C12H16NO4+	Alkaloids	0.637	Small peptides	0.485	Aminoacids	0.163	Organic acids and derivatives	0.999	Carboxylic acids and derivatives	0.998	Amino acids, peptides, and analogues	0.978	Amino acids and derivatives	0.978	Alpha amino acids	0.776	Organic compounds; Amino acids, peptides, and analogues; Alpha amino acids and derivatives; Organic acids and derivatives; Carboxylic acids and derivatives; Organonitrogen compounds; Organooxygen compounds; Dicarboxylic acids and derivatives; Amino acids and derivatives; Carboxylic acids; Carbonyl compounds; Benzene and substituted derivatives; Alpha amino acids; Benzenoids; Amines; Phenylpropanoic acids; Organic oxides; Hydrocarbon derivatives; Amino acids; Organopnictogen compounds; Organic oxygen compounds; Organic nitrogen compounds; Chemical entities	238.106	182	3.039	816703269844996291	816702785805495131	816702785801300826	624	
1	C8H11N	[M + H]+	C8H12N+	Alkaloids	0.852	Nicotinic acid alkaloids	0.071	Phenylalanine-derived alkaloids	0.492	Benzenoids	0.997	Benzene and substituted derivatives	0.988	Aniline and substituted anilines	0.920			Aniline and substituted anilines	0.920	Organic compounds; Organonitrogen compounds; Aniline and substituted anilines; Toluenes; Benzene and substituted derivatives; Benzenoids; Amines; Primary amines; Hydrocarbon derivatives; Organopnictogen compounds; Organic nitrogen compounds; Chemical entities	122.095	190	3.163	816703268569927713	816702785872604000	816702785872603999	626	
1	C7H15FN2O3	[M + Na]+	C7H15FN2NaO3+	Amino acids and Peptides	0.859	Small peptides	0.955	Aminoacids	0.959	Organic acids and derivatives	0.997	Carboxylic acids and derivatives	0.991	Amino acids, peptides, and analogues	0.971	Amino acids and derivatives	0.971	L-alpha-amino acids	0.543	Organic compounds; Organoheterocyclic compounds; Amino acids, peptides, and analogues; Alpha amino acids and derivatives; Organic acids and derivatives; Carboxylic acids and derivatives; Organohalogen compounds; Organonitrogen compounds; Organooxygen compounds; Amino acids and derivatives; Monoalkylamines; Ureas; Alkyl fluorides; Monocarboxylic acids and derivatives; Carboxylic acids; Organofluorides; Carbonyl compounds; Alpha amino acids; Amines; Primary amines; Alkyl halides; Organic oxides; Azacyclic compounds; L-alpha-amino acids; Hydrocarbon derivatives; Amino acids; Organopnictogen compounds; Organic oxygen compounds; Organic nitrogen compounds; Chemical entities	217.096	193	3.222	816703270469947717	816702785931324261	816702785931324260	628	
1	C15H26N2O5	[M + Na]+	C15H26N2NaO5+	Alkaloids	0.805	Ornithine alkaloids	0.866	Polyamines	0.934	Organic acids and derivatives	0.997	Carboxylic acids and derivatives	0.985	Amino acids, peptides, and analogues	0.598	Amino acids and derivatives	0.592	Amino acids and derivatives	0.592	Organic compounds; Lipids and lipid-like molecules; Amino acids, peptides, and analogues; Alkyl aryl ethers; Phenols; Catechols; Anisoles; Methoxyphenols; Ethers; Organic acids and derivatives; Carboxylic acids and derivatives; Organonitrogen compounds; Organooxygen compounds; Amino acids and derivatives; Carboxylic acid amides; Cinnamic acids and derivatives; Carboxylic acid derivatives; Monocarboxylic acids and derivatives; Benzenediols; Hydroxycinnamic acids and derivatives; Secondary carboxylic acid amides; Carbonyl compounds; Benzene and substituted derivatives; Phenol ethers; Benzenoids; Cinnamic acid amides; Fatty Acyls; Organic oxides; Methoxybenzenes; Hydrocarbon derivatives; Organopnictogen compounds; Organic oxygen compounds; 1-hydroxy-2-unsubstituted benzenoids; Organic nitrogen compounds; Phenoxy compounds; Chemical entities	337.174	196	3.268	816703271497552395	816702786052959087	816702786052959086	630	
1	C14H20N2O3	[M + H]+	C14H21N2O3+	Amino acids and Peptides	1.000	Small peptides	1.000	Dipeptides	0.999	Organic acids and derivatives	1.000	Carboxylic acids and derivatives	1.000	Amino acids, peptides, and analogues	1.000	Peptides	0.974	Dipeptides	0.940	Organic compounds; Lipids and lipid-like molecules; Amino acids, peptides, and analogues; Alpha amino acids and derivatives; Phenethylamines; Amphetamines and derivatives; Organic acids and derivatives; Carboxylic acids and derivatives; Organonitrogen compounds; Organooxygen compounds; Fatty amides; Amino acids and derivatives; Peptides; Monoalkylamines; Carboxylic acid amides; Carboxylic acid derivatives; Monocarboxylic acids and derivatives; N-acyl-alpha amino acids and derivatives; Carboxylic acids; Secondary carboxylic acid amides; Carbonyl compounds; Benzene and substituted derivatives; Alpha amino acid amides; N-acyl-alpha amino acids; Benzenoids; Amines; Primary amines; Aralkylamines; Fatty Acyls; Organic oxides; Hydrocarbon derivatives; Amino acids; Valine and derivatives; Phenylalanine and derivatives; Organopnictogen compounds; Organic oxygen compounds; Organic nitrogen compounds; Dipeptides; Chemical entities	265.153	211	3.519	816703273850557291	816702786220731262	816702786216536957	638	
1	C14H18N2O5	[M + H]+	C14H19N2O5+	Amino acids and Peptides	1.000	Small peptides	1.000	Dipeptides	0.995	Organic acids and derivatives	1.000	Carboxylic acids and derivatives	1.000	Amino acids, peptides, and analogues	1.000	Peptides	0.998	Dipeptides	0.857	Organic compounds; Lipids and lipid-like molecules; Amino acids, peptides, and analogues; Alpha amino acids and derivatives; Phenols; Phenethylamines; Amphetamines and derivatives; Phenylpropanoids and polyketides; Organic acids and derivatives; Carboxylic acids and derivatives; Organonitrogen compounds; Organooxygen compounds; Fatty amides; Dicarboxylic acids and derivatives; Amino acids and derivatives; Peptides; Monoalkylamines; Carboxylic acid amides; Carboxylic acid derivatives; N-acyl amines; Monocarboxylic acids and derivatives; N-acyl-alpha amino acids and derivatives; Carboxylic acids; Secondary carboxylic acid amides; Carbonyl compounds; Benzene and substituted derivatives; Alpha amino acid amides; N-acyl-alpha amino acids; Benzenoids; Amines; Primary amines; Phenylpropanoic acids; Aralkylamines; Fatty Acyls; Organic oxides; Hydrocarbon derivatives; Amino acids; Tyrosine and derivatives; Phenylalanine and derivatives; Organopnictogen compounds; Organic oxygen compounds; 1-hydroxy-2-unsubstituted benzenoids; Organic nitrogen compounds; Dipeptides; Chemical entities	295.129	219	3.651	816703282952197334	816702786287840131	816702786283645826	645	
1	C7H18NO4	[M + H]+	C7H19NO4+	Amino acids and Peptides	0.996	Small peptides	0.988	Aminoacids	0.978	Organic acids and derivatives	0.999	Carboxylic acids and derivatives	0.996	Amino acids, peptides, and analogues	0.952	Amino acids and derivatives	0.951	Alpha amino acids	0.795	Organic compounds; Lipids and lipid-like molecules; Amino acids, peptides, and analogues; Alpha amino acids and derivatives; Fatty acids and conjugates; Organic acids and derivatives; Carboxylic acids and derivatives; Organonitrogen compounds; Organooxygen compounds; Amino acids and derivatives; Monoalkylamines; Monocarboxylic acids and derivatives; Carboxylic acids; Carbonyl compounds; Alpha amino acids; Amines; Primary amines; Fatty Acyls; Organic oxides; Hydrocarbon derivatives; Amino acids; Organopnictogen compounds; Organic oxygen compounds; Organic nitrogen compounds; Chemical entities	181.132	222	3.696	816703304838076055	816702786346560392	816702786346560391	655	
1	C18H28N4O5	[M + H]+	C18H29N4O5+	Amino acids and Peptides	0.634	Phenylpropanoids (C6-C3)	0.819	Polyamines	0.675	Phenylpropanoids and polyketides	0.965	Cinnamic acids and derivatives	0.983	Hydroxycinnamic acids and derivatives	0.958			Hydroxycinnamic acids and derivatives	0.958	Organic compounds; Styrenes; Alkyl aryl ethers; Phenols; Anisoles; Methoxyphenols; Ethers; Phenylpropanoids and polyketides; Organic acids and derivatives; Carboxylic acids and derivatives; Organonitrogen compounds; Organooxygen compounds; Guanidines; Carboxylic acid amides; Cinnamic acids and derivatives; Carboxylic acid derivatives; Hydroxycinnamic acids and derivatives; Secondary carboxylic acid amides; Carbonyl compounds; Benzene and substituted derivatives; Phenol ethers; Benzenoids; Cinnamic acid amides; Carboximidamides; Organic oxides; Methoxybenzenes; Hydrocarbon derivatives; Organopnictogen compounds; Organic oxygen compounds; 1-hydroxy-2-unsubstituted benzenoids; Organic nitrogen compounds; Phenoxy compounds; Chemical entities	381.213	228	3.792	816703311553157286	816702786472389522	816702786472389521	668	
1	C17H27N7O6	[M + Na]+	C17H27N7NaO6+	Amino acids and Peptides	0.957	Small peptides	0.869	Dipeptides	0.485	Organic acids and derivatives	0.958	Carboxylic acids and derivatives	0.929	Amino acids, peptides, and analogues	0.869	Amino acids and derivatives	0.861	N-acyl-alpha amino acids	0.602	Organic compounds; Organoheterocyclic compounds; Amino acids, peptides, and analogues; Alpha amino acids and derivatives; Alcohols and polyols; Organic acids and derivatives; Carboxylic acids and derivatives; Organonitrogen compounds; Organooxygen compounds; Amino acids and derivatives; Guanidines; Carboxylic acid amides; Carboxylic acid derivatives; Monocarboxylic acids and derivatives; N-acyl-alpha amino acids and derivatives; Carboxylic acids; Secondary carboxylic acid amides; Carbonyl compounds; Benzene and substituted derivatives; N-acyl-alpha amino acids; Amines; Primary amines; Carboximidamides; Organic 1,3-dipolar compounds; Propargyl-type 1,3-dipolar organic compounds; Organic oxides; Azacyclic compounds; Heteroaromatic compounds; Hydrocarbon derivatives; Amino acids; Organopnictogen compounds; Organic oxygen compounds; Organic nitrogen compounds; Chemical entities	448.192	228	3.792	816703336458934852	816702786539498391	816702786535304086	669	
1	C15H22N4O3	[M + H]+	C15H23N4O3+	Amino acids and Peptides	0.871	Phenylpropanoids (C6-C3)	0.959	Cinnamic acid amides	0.973	Phenylpropanoids and polyketides	0.972	Cinnamic acids and derivatives	0.983	Hydroxycinnamic acids and derivatives	0.935			Hydroxycinnamic acids and derivatives	0.935	Organic compounds; Styrenes; Alkyl aryl ethers; Phenols; Anisoles; Methoxyphenols; Ethers; Phenylpropanoids and polyketides; Organic acids and derivatives; Carboxylic acids and derivatives; Organonitrogen compounds; Organooxygen compounds; Guanidines; Carboxylic acid amides; Cinnamic acids and derivatives; Carboxylic acid derivatives; Hydroxycinnamic acids and derivatives; Secondary carboxylic acid amides; Carbonyl compounds; Benzene and substituted derivatives; Phenol ethers; Benzenoids; Cinnamic acid amides; Carboximidamides; Organic oxides; Methoxybenzenes; Hydrocarbon derivatives; Organopnictogen compounds; Organic oxygen compounds; 1-hydroxy-2-unsubstituted benzenoids; Organic nitrogen compounds; Phenoxy compounds; Chemical entities	307.175	229	3.818	816703338363149295	816702786673716129	816702786673716128	667	
1	C19H29N3O5	[M + H]+	C19H30N3O5+	Amino acids and Peptides	0.978	Small peptides	0.852	Dipeptides	0.750	Organic acids and derivatives	1.000	Carboxylic acids and derivatives	0.999	Amino acids, peptides, and analogues	0.991	Peptides	0.962	Oligopeptides	0.673	Organic compounds; Lipids and lipid-like molecules; Amino acids, peptides, and analogues; Alpha amino acids and derivatives; Phenols; Phenethylamines; Amphetamines and derivatives; Phenylpropanoids and polyketides; Organic acids and derivatives; Carboxylic acids and derivatives; Organonitrogen compounds; Organooxygen compounds; Fatty amides; Amino acids and derivatives; Peptides; Monoalkylamines; Carboxylic acid amides; Carboxylic acid derivatives; N-acyl amines; Monocarboxylic acids and derivatives; N-acyl-alpha amino acids and derivatives; Carboxylic acids; Secondary carboxylic acid amides; Carbonyl compounds; Benzene and substituted derivatives; Alpha amino acid amides; N-acyl-alpha amino acids; Benzenoids; Amines; Primary amines; Phenylpropanoic acids; Fatty Acyls; Organic oxides; Hydrocarbon derivatives; Amino acids; Tyrosine and derivatives; Phenylalanine and derivatives; Organopnictogen compounds; Organic oxygen compounds; 1-hydroxy-2-unsubstituted benzenoids; Organic nitrogen compounds; Oligopeptides; Chemical entities	380.216	230	3.825	816703341555015310	816702786728242086	816702786728242085	671	
1	C17H31N5O2	[M + Na]+	C17H31N5NaO2+	Alkaloids	0.714	Pseudoalkaloids (transamidation)	0.095	Dipeptides	0.027	Organic 1,3-dipolar compounds	0.544	Allyl-type 1,3-dipolar organic compounds	0.646	Organic nitro compounds	0.683	C-nitro compounds	0.639	Nitroaromatic compounds	0.542	Organic compounds; Organoheterocyclic compounds; Alcohols and polyols; Organonitrogen compounds; Primary alcohols; Organooxygen compounds; Organic nitro compounds; Organic oxoazanium compounds; Secondary alcohols; Amines; Alkanolamines; Organic 1,3-dipolar compounds; Allyl-type 1,3-dipolar organic compounds; Organic oxides; C-nitro compounds; Azacyclic compounds; Heteroaromatic compounds; Hydrocarbon derivatives; Organopnictogen compounds; Organic oxygen compounds; Nitroaromatic compounds; Organic nitrogen compounds; Chemical entities	360.233	230	3.841	816703341865393971	816702786900208565	816702786896014260	675	
1	C35H40O15	[M + H]+	C35H41O15+	Polyketides	0.728	Triterpenoids	0.361	Limonoids	0.247	Organoheterocyclic compounds	0.957	Naphthopyrans	0.732					Naphthopyrans	0.732	Organic compounds; Organoheterocyclic compounds; Naphthalenes; Pyrans; Alcohols and polyols; Ethers; Organic acids and derivatives; Carboxylic acids and derivatives; Organooxygen compounds; Carboxylic acid derivatives; Carboxylic acid esters; Naphthopyrans; Acetals; Secondary alcohols; Carbonyl compounds; Oxanes; Polyols; Benzenoids; Organic oxides; Oxacyclic compounds; Hydrocarbon derivatives; Organic oxygen compounds; Chemical entities	701.246	231	3.843	816703352305018438	816702786946345914	816702786942151609	678	
1	C27H42N4O16	[M + H]+	C27H43N4O16+	Carbohydrates	1.000	Aminosugars and aminoglycosides	0.939	Aminosugars	0.938	Organic oxygen compounds	1.000	Organooxygen compounds	1.000	Carbohydrates and carbohydrate conjugates	0.998	Aminosaccharides	0.989	N-acyl-alpha-hexosamines	0.988	Organic compounds; Organoheterocyclic compounds; Carbohydrates and carbohydrate conjugates; Pyrimidines and pyrimidine derivatives; Alcohols and polyols; Ethers; Organic acids and derivatives; Carboxylic acids and derivatives; Organonitrogen compounds; Primary alcohols; Pyrimidones; Organooxygen compounds; Carboxylic acid amides; Ureas; Carboxylic acid derivatives; Diazines; Acetals; Secondary alcohols; Secondary carboxylic acid amides; Carbonyl compounds; Oxanes; Glycosyl compounds; Hydropyrimidines; Glycosylamines; O-glycosyl compounds; N-acyl-alpha-hexosamines; Aminosaccharides; Acetamides; Organic oxides; Oxacyclic compounds; Heteroaromatic compounds; Hydrocarbon derivatives; Organopnictogen compounds; Organic oxygen compounds; Organic nitrogen compounds; Chemical entities	679.265	231	3.845	816703352841889439	816702786992483263	816702786992483262	679	
1	C14H25N3O4	[M + H]+	C14H26N3O4+	Amino acids and Peptides	1.000	Small peptides	1.000	Dipeptides	0.987	Organic acids and derivatives	1.000	Carboxylic acids and derivatives	1.000	Amino acids, peptides, and analogues	1.000	Peptides	0.991	Dipeptides	0.910	Organic compounds; Organoheterocyclic compounds; Amino acids, peptides, and analogues; Alpha amino acids and derivatives; Pyrrolidines; Organic acids and derivatives; Carboxylic acids and derivatives; Organonitrogen compounds; Organooxygen compounds; Amino acids and derivatives; Peptides; Monoalkylamines; Carboxylic acid amides; Carboxylic acid derivatives; Monocarboxylic acids and derivatives; N-acyl-alpha amino acids and derivatives; Carboxylic acids; Tertiary carboxylic acid amides; Carbonyl compounds; Pyrrolidine carboxylic acids and derivatives; Alpha amino acid amides; N-acyl-alpha amino acids; Pyrrolidine carboxylic acids; Amines; Primary amines; N-acylpyrrolidines; Organic oxides; Azacyclic compounds; N-acyl-L-alpha-amino acids; Hydrocarbon derivatives; Amino acids; Proline and derivatives; Organopnictogen compounds; Organic oxygen compounds; Organic nitrogen compounds; Dipeptides; Chemical entities	300.190	231	3.851	816703342943330488	816702787038620612	816702787034426307	680	
1	C14H18N6O3	[M + H]+	C14H19N6O3+	Amino acids and Peptides	0.832	Small peptides	0.726	Dipeptides	0.237	Organic acids and derivatives	0.961	Carboxylic acids and derivatives	0.938	Amino acids, peptides, and analogues	0.738	Amino acids and derivatives	0.732	Alpha amino acids and derivatives	0.616	Organic compounds; Organoheterocyclic compounds; Amino acids, peptides, and analogues; Alpha amino acids and derivatives; Organic acids and derivatives; Carboxylic acids and derivatives; Organonitrogen compounds; Organooxygen compounds; Amino acids and derivatives; Guanidines; Carboxylic acid amides; Carboxylic acid derivatives; Carbonyl compounds; Benzene and substituted derivatives; Benzenoids; Carboximidamides; Organic 1,3-dipolar compounds; Propargyl-type 1,3-dipolar organic compounds; Organic oxides; Heteroaromatic compounds; Hydrocarbon derivatives; Organopnictogen compounds; Organic oxygen compounds; Organic nitrogen compounds; Chemical entities	319.150	233	3.875	816703345661239803	816702787227364307	816702787227364306	689	
1	C14H20N2O3	[M + H]+	C14H21N2O3+	Amino acids and Peptides	0.967	Phenylpropanoids (C6-C3)	0.854	Dipeptides	0.493	Organic acids and derivatives	0.999	Carboxylic acids and derivatives	0.998	Amino acids, peptides, and analogues	0.946	Amino acids and derivatives	0.943	N-acyl-alpha amino acids and derivatives	0.675	Organic compounds; Lipids and lipid-like molecules; Amino acids, peptides, and analogues; Styrenes; Alpha amino acids and derivatives; Alkyl aryl ethers; Phenols; Anisoles; Methoxyphenols; Ethers; Phenylpropanoids and polyketides; Organic acids and derivatives; Carboxylic acids and derivatives; Organonitrogen compounds; Organooxygen compounds; Amino acids and derivatives; Monoalkylamines; Carboxylic acid amides; Cinnamic acids and derivatives; Carboxylic acid derivatives; N-acyl-alpha amino acids and derivatives; Hydroxycinnamic acids and derivatives; Secondary carboxylic acid amides; Carbonyl compounds; Benzene and substituted derivatives; Alpha amino acid amides; Phenol ethers; Benzenoids; Amines; Primary amines; Cinnamic acid amides; Fatty Acyls; Organic oxides; Methoxybenzenes; Hydrocarbon derivatives; Organopnictogen compounds; Organic oxygen compounds; 1-hydroxy-2-unsubstituted benzenoids; Organic nitrogen compounds; Phenoxy compounds; Chemical entities	265.153	233	3.882	816703345682211345	816702787302861784	816702787298667479	692	
1	C20H15N5O4S	[M + H]+	C20H16N5O4S+	Alkaloids	0.564	Anthranilic acid alkaloids	0.078	Anthraquinones and anthrones	0.012	Benzenoids	0.984	Benzene and substituted derivatives	0.907	Benzoic acids and derivatives	0.621	Benzoic acids	0.570	Benzoic acids	0.570	Organic compounds; Organoheterocyclic compounds; Organosulfur compounds; Benzoic acids and derivatives; Organic acids and derivatives; Carboxylic acids and derivatives; Organonitrogen compounds; Benzoyl derivatives; Organooxygen compounds; Monocarboxylic acids and derivatives; Carboxylic acids; Benzene and substituted derivatives; Benzenoids; Benzoic acids; Organic oxides; Azacyclic compounds; Heteroaromatic compounds; Hydrocarbon derivatives; Organopnictogen compounds; Organic oxygen compounds; Organic nitrogen compounds; Chemical entities	422.089	237	3.949	816703359431141701	816702787927813130	816702787927813129	711	
1	C19H28N4O6	[M + H]+	C19H29N4O6+	Amino acids and Peptides	0.988	Small peptides	0.859	Tripeptides	0.984	Organic acids and derivatives	1.000	Carboxylic acids and derivatives	0.999	Amino acids, peptides, and analogues	0.988	Peptides	0.979	Oligopeptides	0.938	Organic compounds; Lipids and lipid-like molecules; Amino acids, peptides, and analogues; Alpha amino acids and derivatives; Phenethylamines; Amphetamines and derivatives; Organic acids and derivatives; Carboxylic acids and derivatives; Organonitrogen compounds; Organooxygen compounds; Fatty amides; Amino acids and derivatives; Peptides; Monoalkylamines; Carboxylic acid amides; Carboxylic acid derivatives; N-acyl amines; Monocarboxylic acids and derivatives; N-acyl-alpha amino acids and derivatives; Carboxylic acids; Primary carboxylic acid amides; Secondary carboxylic acid amides; Carbonyl compounds; Benzene and substituted derivatives; Alpha amino acid amides; N-acyl-alpha amino acids; Benzenoids; Primary amines; Fatty Acyls; Organic oxides; Hydrocarbon derivatives; Phenylalanine and derivatives; Organopnictogen compounds; Organic oxygen compounds; Organic nitrogen compounds; Oligopeptides; Chemical entities	409.207	238	3.959	816703359045265611	816702787978144783	816702787973950478	713	
1	C11H25N9O2	[M + H]+	C11H26N9O2+	Amino acids and Peptides	0.498	Small peptides	0.330	Polyamines	0.429	Organoheterocyclic compounds	0.669	Azacyclic compounds	0.713					Azacyclic compounds	0.713	Organic compounds; Organoheterocyclic compounds; Organonitrogen compounds; Organooxygen compounds; Monoalkylamines; Carbonyl compounds; Amines; Primary amines; Organic oxides; Azacyclic compounds; Hydrocarbon derivatives; Organopnictogen compounds; Organic oxygen compounds; Organic nitrogen compounds; Chemical entities	316.220	238	3.972	816703360471329432	816702788162694174	816702788162694173	719	
1	C13H26N7O4	[M + H]+	C13H27N7O4+	Amino acids and Peptides	0.983	Small peptides	0.987	Tripeptides	0.701	Organic acids and derivatives	0.997	Carboxylic acids and derivatives	0.994	Amino acids, peptides, and analogues	0.982	Peptides	0.838	Oligopeptides	0.554	Organic compounds; Lipids and lipid-like molecules; Amino acids, peptides, and analogues; Alpha amino acids and derivatives; Fatty acids and conjugates; Organic acids and derivatives; Carboxylic acids and derivatives; Organonitrogen compounds; Organooxygen compounds; Fatty amides; Branched fatty acids; Amino acids and derivatives; Peptides; Monoalkylamines; Carboxylic acid amides; Carboxylic acid derivatives; N-acyl amines; Monocarboxylic acids and derivatives; N-acyl-alpha amino acids and derivatives; Carboxylic acids; Secondary carboxylic acid amides; Carbonyl compounds; Alpha amino acid amides; N-acyl-alpha amino acids; Amines; Primary amines; Fatty Acyls; Organic oxides; Hydrocarbon derivatives; Amino acids; Leucine and derivatives; Organopnictogen compounds; Organic oxygen compounds; Organic nitrogen compounds; Oligopeptides; Chemical entities	345.212	240	3.995	816703361108863864	816702788334660653	816702788334660652	726	
1	C14H25N3O4	[M + H]+	C14H26N3O4+	Amino acids and Peptides	1.000	Small peptides	1.000	Dipeptides	0.987	Organic acids and derivatives	1.000	Carboxylic acids and derivatives	1.000	Amino acids, peptides, and analogues	1.000	Peptides	0.991	Dipeptides	0.909	Organic compounds; Organoheterocyclic compounds; Amino acids, peptides, and analogues; Alpha amino acids and derivatives; Pyrrolidines; Organic acids and derivatives; Carboxylic acids and derivatives; Organonitrogen compounds; Organooxygen compounds; Amino acids and derivatives; Peptides; Monoalkylamines; Carboxylic acid amides; Carboxylic acid derivatives; Monocarboxylic acids and derivatives; N-acyl-alpha amino acids and derivatives; Carboxylic acids; Tertiary carboxylic acid amides; Carbonyl compounds; Pyrrolidine carboxylic acids and derivatives; Alpha amino acid amides; N-acyl-alpha amino acids; Pyrrolidine carboxylic acids; Amines; Primary amines; N-acylpyrrolidines; Organic oxides; Azacyclic compounds; N-acyl-L-alpha-amino acids; Hydrocarbon derivatives; Amino acids; Proline and derivatives; Organopnictogen compounds; Organic oxygen compounds; Organic nitrogen compounds; Dipeptides; Chemical entities	300.190	242	4.028	816703361717038155	816702788460489783	816702788460489782	729	
1	C16H29N3O6	[M + H]+	C16H30N3O6+	Amino acids and Peptides	0.996	Small peptides	0.997	Tripeptides	0.978	Organic acids and derivatives	1.000	Carboxylic acids and derivatives	1.000	Amino acids, peptides, and analogues	0.994	Peptides	0.989	Oligopeptides	0.902	Organic compounds; Lipids and lipid-like molecules; Amino acids, peptides, and analogues; Alpha amino acids and derivatives; Fatty acids and conjugates; Organic acids and derivatives; Carboxylic acids and derivatives; Organonitrogen compounds; Organooxygen compounds; Fatty amides; Branched fatty acids; Amino acids and derivatives; Peptides; Monoalkylamines; Carboxylic acid amides; Carboxylic acid derivatives; N-acyl amines; Monocarboxylic acids and derivatives; N-acyl-alpha amino acids and derivatives; Carboxylic acids; Secondary carboxylic acid amides; Carbonyl compounds; Alpha amino acid amides; N-acyl-alpha amino acids; Amines; Primary amines; Methyl-branched fatty acids; Fatty Acyls; Organic oxides; Hydrocarbon derivatives; Amino acids; Valine and derivatives; Leucine and derivatives; Organopnictogen compounds; Organic oxygen compounds; Organic nitrogen compounds; Oligopeptides; Chemical entities	360.211	242	4.039	816703376946556999	816702788628261953	816702788628261952	732	
1	C16H21N3O3	[M + H]+	C16H22N3O3+	Amino acids and Peptides	0.996	Small peptides	0.988	Dipeptides	0.984	Organic acids and derivatives	1.000	Carboxylic acids and derivatives	1.000	Amino acids, peptides, and analogues	0.999	Peptides	0.939	Dipeptides	0.897	Organic compounds; Organoheterocyclic compounds; Lipids and lipid-like molecules; Amino acids, peptides, and analogues; Alpha amino acids and derivatives; Pyrroles; Indoles and derivatives; Organic acids and derivatives; Carboxylic acids and derivatives; Organonitrogen compounds; Organooxygen compounds; Fatty amides; Amino acids and derivatives; Peptides; Monoalkylamines; Carboxylic acid amides; Carboxylic acid derivatives; N-acyl amines; Monocarboxylic acids and derivatives; N-acyl-alpha amino acids and derivatives; Carboxylic acids; Indolyl carboxylic acids and derivatives; Secondary carboxylic acid amides; Carbonyl compounds; Substituted pyrroles; Alpha amino acid amides; N-acyl-alpha amino acids; Benzenoids; Amines; Primary amines; Indoles; Fatty Acyls; Organic oxides; Azacyclic compounds; Heteroaromatic compounds; Hydrocarbon derivatives; Amino acids; 3-alkylindoles; Organopnictogen compounds; Organic oxygen compounds; Organic nitrogen compounds; Dipeptides; Chemical entities	304.164	244	4.061	816703397532202443	816702788917668949	816702788917668948	741	
1	C29H47N5O9	[M + Na]+	C29H47N5NaO9+	Amino acids and Peptides	0.945	Oligopeptides	0.910	Cyclic peptides	0.666	Organic acids and derivatives	1.000	Carboxylic acids and derivatives	0.997	Amino acids, peptides, and analogues	0.937	Peptides	0.700	Peptides	0.700	Organic compounds; Organoheterocyclic compounds; Lipids and lipid-like molecules; Amino acids, peptides, and analogues; Alpha amino acids and derivatives; Fatty acids and conjugates; Organic acids and derivatives; Carboxylic acids and derivatives; Organonitrogen compounds; Organooxygen compounds; Fatty amides; Amino acids and derivatives; Peptides; Carboxylic acid amides; Carboxylic acid derivatives; N-acyl amines; Monocarboxylic acids and derivatives; N-acyl-alpha amino acids and derivatives; Carboxylic acids; Secondary carboxylic acid amides; Carbonyl compounds; Alpha amino acid amides; N-acyl-alpha amino acids; Fatty Acyls; Organic oxides; Hydrocarbon derivatives; Organopnictogen compounds; Organic oxygen compounds; Organic nitrogen compounds; Chemical entities	632.323	244	4.071	816703437659115924	816702789043498079	816702789043498078	747	
1	C25H22O11	[M + H]+	C25H23O11+	Polyketides	0.777	Polycyclic aromatic polyketides	0.738	Anthraquinones and anthrones	0.394	Organic oxygen compounds	1.000	Organooxygen compounds	1.000	Carbohydrates and carbohydrate conjugates	0.528	Glycosyl compounds	0.604	Phenolic glycosides	0.572	Organic compounds; Organoheterocyclic compounds; Carbohydrates and carbohydrate conjugates; Anthracenes; Alcohols and polyols; Ethers; Organic acids and derivatives; Carboxylic acids and derivatives; Organooxygen compounds; Pyranones and derivatives; Carboxylic acid derivatives; Carboxylic acid esters; Monosaccharides; Secondary alcohols; Carbonyl compounds; Oxanes; Glycosyl compounds; Polyols; Benzenoids; Organic oxides; Oxacyclic compounds; Hydrocarbon derivatives; Phenolic glycosides; Organic oxygen compounds; Chemical entities	499.125	244	4.073	816703413122432900	816702789089635428	816702789089635427	748	
1	C23H23F3N4O3	[M + Na]+	C23H23F3N4NaO3+	Alkaloids	0.642	Small peptides	0.137	Carboline alkaloids	0.030	Organic acids and derivatives	0.971	Carboxylic acids and derivatives	0.947	Amino acids, peptides, and analogues	0.687	Amino acids and derivatives	0.683	Amino acids and derivatives	0.683	Organic compounds; Organoheterocyclic compounds; Amino acids, peptides, and analogues; Organic acids and derivatives; Carboxylic acids and derivatives; Organohalogen compounds; Organonitrogen compounds; Organooxygen compounds; Amino acids and derivatives; Azoles; Carboxylic acid amides; Alkyl fluorides; Aryl fluorides; Carboxylic acid derivatives; Organofluorides; Secondary carboxylic acid amides; Carbonyl compounds; Benzene and substituted derivatives; Benzenoids; Aryl halides; Alkyl halides; Organic oxides; Azacyclic compounds; Heteroaromatic compounds; Hydrocarbon derivatives; Organopnictogen compounds; Organic oxygen compounds; Organic nitrogen compounds; Chemical entities	483.159	245	4.078	816703407091023113	816702789144161385	816702789144161384	750	
1	C15H20O4	[M + H]+	C15H21O4+	Terpenoids	0.990	Sesquiterpenoids	0.956	Eremophilane sesquiterpenoids	0.097	Lipids and lipid-like molecules	0.714	Prenol lipids	0.667	Sesquiterpenoids	0.695			Sesquiterpenoids	0.695	Organic compounds; Organoheterocyclic compounds; Lipids and lipid-like molecules; Ketones; Alcohols and polyols; Prenol lipids; Organic acids and derivatives; Carboxylic acids and derivatives; Organooxygen compounds; Carboxylic acid derivatives; Carboxylic acid esters; Sesquiterpenoids; Carbonyl compounds; Organic oxides; Oxacyclic compounds; Hydrocarbon derivatives; Organic oxygen compounds; Chemical entities	265.143	245	4.079	816703418054936945	816702789249018995	816702789249018994	752	
1	C21H32O10	[M + Na]+	C21H32NaO10+	Terpenoids	0.869	Apocarotenoids	0.399	Megastigmanes	0.242	Organic oxygen compounds	1.000	Organooxygen compounds	1.000	Carbohydrates and carbohydrate conjugates	0.992	Monosaccharides	0.976	Hexoses	0.902	Organic compounds; Organoheterocyclic compounds; Carbohydrates and carbohydrate conjugates; Lipids and lipid-like molecules; Alcohols and polyols; Ethers; Primary alcohols; Organooxygen compounds; Hexoses; Monosaccharides; Acetals; Secondary alcohols; Carbonyl compounds; Oxanes; Glycosyl compounds; O-glycosyl compounds; Polyols; Organic oxides; Oxacyclic compounds; Hydrocarbon derivatives; Organic oxygen compounds; Chemical entities	467.187	245	4.079	816703424056986857	816702789299350648	816702789299350647	753	
1	C15H29N3O5	[M + H]+	C15H30N3O5+	Amino acids and Peptides	1.000	Small peptides	0.999	Tripeptides	0.997	Organic acids and derivatives	1.000	Carboxylic acids and derivatives	1.000	Amino acids, peptides, and analogues	0.999	Peptides	1.000	Oligopeptides	0.997	Organic compounds; Lipids and lipid-like molecules; Amino acids, peptides, and analogues; Alpha amino acids and derivatives; Alcohols and polyols; Fatty acids and conjugates; Organic acids and derivatives; Carboxylic acids and derivatives; Organonitrogen compounds; Organooxygen compounds; Fatty amides; Branched fatty acids; Hydroxy fatty acids; Amino acids and derivatives; Peptides; Monoalkylamines; Carboxylic acid amides; Carboxylic acid derivatives; N-acyl amines; Monocarboxylic acids and derivatives; N-acyl-alpha amino acids and derivatives; Carboxylic acids; Secondary alcohols; Secondary carboxylic acid amides; Carbonyl compounds; Alpha amino acid amides; N-acyl-alpha amino acids; Amines; Primary amines; Methyl-branched fatty acids; Fatty Acyls; Organic oxides; Hydrocarbon derivatives; Amino acids; Valine and derivatives; Leucine and derivatives; Isoleucine and derivatives; Organopnictogen compounds; Organic oxygen compounds; Organic nitrogen compounds; Oligopeptides; Chemical entities	332.216	245	4.082	816703408160570847	816702789353876605	816702789353876604	754	
1	C25H37N5O4	[M + Na]+	C25H37N5NaO4+	Amino acids and Peptides	0.995	Small peptides	0.801	Dipeptides	0.371	Organic acids and derivatives	0.997	Carboxylic acids and derivatives	0.993	Amino acids, peptides, and analogues	0.973	Peptides	0.598	Peptides	0.598	Organic compounds; Organoheterocyclic compounds; Lipids and lipid-like molecules; Amino acids, peptides, and analogues; Alpha amino acids and derivatives; Phenethylamines; Amphetamines and derivatives; Organic acids and derivatives; Carboxylic acids and derivatives; Organonitrogen compounds; Organooxygen compounds; Fatty amides; Amino acids and derivatives; Peptides; Azoles; Carboxylic acid amides; Carboxylic acid derivatives; N-acyl amines; N-acyl-alpha amino acids and derivatives; Secondary carboxylic acid amides; Carbonyl compounds; Benzene and substituted derivatives; Alpha amino acid amides; Benzenoids; Amines; Fatty Acyls; Organic oxides; Azacyclic compounds; Heteroaromatic compounds; Hydrocarbon derivatives; Organopnictogen compounds; Organic oxygen compounds; Organic nitrogen compounds; Chemical entities	494.274	248	4.137	816703413755772926	816702789630700699	816702789630700698	769	
1	C20H28N4O5	[M + H]+	C20H29N4O5+	Amino acids and Peptides	1.000	Small peptides	0.987	Tripeptides	0.755	Organic acids and derivatives	1.000	Carboxylic acids and derivatives	1.000	Amino acids, peptides, and analogues	0.996	Peptides	0.981	Oligopeptides	0.867	Organic compounds; Lipids and lipid-like molecules; Amino acids, peptides, and analogues; Alpha amino acids and derivatives; Phenethylamines; Amphetamines and derivatives; Indoles and derivatives; Organic acids and derivatives; Carboxylic acids and derivatives; Organonitrogen compounds; Organooxygen compounds; Fatty amides; Amino acids and derivatives; Peptides; Monoalkylamines; Carboxylic acid amides; Carboxylic acid derivatives; N-acyl amines; Monocarboxylic acids and derivatives; N-acyl-alpha amino acids and derivatives; Carboxylic acids; Secondary carboxylic acid amides; Carbonyl compounds; Benzene and substituted derivatives; Alpha amino acid amides; N-acyl-alpha amino acids; Benzenoids; Indoles; Fatty Acyls; Organic oxides; Azacyclic compounds; Hydrocarbon derivatives; Amino acids; 3-alkylindoles; Organopnictogen compounds; Organic oxygen compounds; Organic nitrogen compounds; Oligopeptides; Chemical entities	405.211	249	4.154	816703414347169861	816702789693615264	816702789693615263	776	
1	C17H25N3O5	[M + H]+	C17H26N3O5+	Amino acids and Peptides	1.000	Small peptides	0.999	Tripeptides	1.000	Organic acids and derivatives	1.000	Carboxylic acids and derivatives	1.000	Amino acids, peptides, and analogues	1.000	Peptides	1.000	Oligopeptides	0.999	Organic compounds; Lipids and lipid-like molecules; Amino acids, peptides, and analogues; Alpha amino acids and derivatives; Phenols; Phenethylamines; Amphetamines and derivatives; Organic acids and derivatives; Carboxylic acids and derivatives; Organonitrogen compounds; Organooxygen compounds; Fatty amides; Amino acids and derivatives; Peptides; Monoalkylamines; Carboxylic acid amides; Carboxylic acid derivatives; Monocarboxylic acids and derivatives; N-acyl-alpha amino acids and derivatives; Carboxylic acids; Secondary carboxylic acid amides; Carbonyl compounds; Benzene and substituted derivatives; Alpha amino acid amides; N-acyl-alpha amino acids; Benzenoids; Amines; Primary amines; Aralkylamines; Fatty Acyls; Organic oxides; Hydrocarbon derivatives; Amino acids; Tyrosine and derivatives; Phenylalanine and derivatives; Organopnictogen compounds; Organic oxygen compounds; 1-hydroxy-2-unsubstituted benzenoids; Organic nitrogen compounds; Oligopeptides; Chemical entities	352.185	250	4.169	816703419539721078	816702789832027301	816702789827832996	775	
1	C18H31N3O7	[M + H]+	C18H32N3O7+	Amino acids and Peptides	0.379	Nucleosides	0.269	Pyrimidine nucleosides	0.237	Organic acids and derivatives	0.990	Carboxylic acids and derivatives	0.973	Amino acids, peptides, and analogues	0.668	Amino acids and derivatives	0.665	Amino acids and derivatives	0.665	Organic compounds; Organoheterocyclic compounds; Carbohydrates and carbohydrate conjugates; Lipids and lipid-like molecules; Amino acids, peptides, and analogues; Alcohols and polyols; Organic acids and derivatives; Carboxylic acids and derivatives; Organonitrogen compounds; Organooxygen compounds; Fatty amides; Amino acids and derivatives; Carboxylic acid amides; Carboxylic acid derivatives; Secondary alcohols; Secondary carboxylic acid amides; Carbonyl compounds; Glycosylamines; Fatty Acyls; Organic oxides; Hydrocarbon derivatives; Organopnictogen compounds; Organic oxygen compounds; Organic nitrogen compounds; Chemical entities	402.226	251	4.183	816703416570151268	816702789886553258	816702789882358953	779	
1	C23H40N6O9	[M + Na]+	C23H40N6NaO9+	Amino acids and Peptides	1.000	Small peptides	0.993	Tripeptides	0.998	Organic acids and derivatives	1.000	Carboxylic acids and derivatives	1.000	Amino acids, peptides, and analogues	0.999	Peptides	1.000	Oligopeptides	0.990	Organic compounds; Lipids and lipid-like molecules; Amino acids, peptides, and analogues; Alpha amino acids and derivatives; Alcohols and polyols; Phenethylamines; Amphetamines and derivatives; Organic acids and derivatives; Carboxylic acids and derivatives; Organonitrogen compounds; Primary alcohols; Organooxygen compounds; Fatty amides; Amino acids and derivatives; Peptides; Monoalkylamines; Carboxylic acid amides; Carboxylic acid derivatives; N-acyl amines; Monocarboxylic acids and derivatives; N-acyl-alpha amino acids and derivatives; Carboxylic acids; Secondary carboxylic acid amides; Carbonyl compounds; Benzene and substituted derivatives; Alpha amino acid amides; N-acyl-alpha amino acids; Benzenoids; Amines; Primary amines; Fatty Acyls; Organic oxides; Hydrocarbon derivatives; Amino acids; Valine and derivatives; Serine and derivatives; Phenylalanine and derivatives; Organopnictogen compounds; Organic oxygen compounds; Organic nitrogen compounds; Oligopeptides; Chemical entities	567.275	251	4.183	816703429618634557	816702789941079215	816702789941079214	781	
1	C19H23NO3	[M + H]+	C19H24NO3+	Alkaloids	0.999	Tyrosine alkaloids	1.000	Isoquinoline alkaloids	0.991	Organoheterocyclic compounds	0.988	Isoquinolines and derivatives	0.984	Benzylisoquinolines	0.995			Benzylisoquinolines	0.995	Organic compounds; Organoheterocyclic compounds; Benzylisoquinolines; Alkyl aryl ethers; Phenols; Anisoles; Ethers; Organonitrogen compounds; Organooxygen compounds; Trialkylamines; Benzene and substituted derivatives; Phenol ethers; Benzenoids; Amines; Tertiary amines; Isoquinolines and derivatives; Tetrahydroisoquinolines; Aralkylamines; Methoxybenzenes; Azacyclic compounds; Hydrocarbon derivatives; Organopnictogen compounds; Organic oxygen compounds; 1-hydroxy-2-unsubstituted benzenoids; Organic nitrogen compounds; Phenoxy compounds; Chemical entities	314.173	251	4.185	816703426472906200	816702789991410868	816702789991410867	782	
1	C20H23NO5	[M + H]+	C20H24NO5+	Shikimates and Phenylpropanoids	0.603	Coumarins	0.498	Simple coumarins	0.204	Organoheterocyclic compounds	0.619	Benzopyrans	0.608	1-benzopyrans	0.567			1-benzopyrans	0.567	Organic compounds; Organoheterocyclic compounds; Benzopyrans; Alkyl aryl ethers; Anisoles; Ethers; Phenylpropanoids and polyketides; Organic acids and derivatives; Carboxylic acids and derivatives; Organonitrogen compounds; Organooxygen compounds; Carboxylic acid amides; Carboxylic acid derivatives; Carbonyl compounds; Benzene and substituted derivatives; Phenol ethers; Benzenoids; 1-benzopyrans; Organic oxides; Methoxybenzenes; Hydrocarbon derivatives; Organopnictogen compounds; Organic oxygen compounds; Organic nitrogen compounds; Phenoxy compounds; Chemical entities	358.163	253	4.225	816703429983539057	816702790209514696	816702790209514695	791	
1	C19H35N5O6	[M + H]+	C19H36N5O6+	Amino acids and Peptides	1.000	Small peptides	1.000	Tripeptides	0.995	Organic acids and derivatives	1.000	Carboxylic acids and derivatives	1.000	Amino acids, peptides, and analogues	0.999	Peptides	1.000	Oligopeptides	0.991	Organic compounds; Lipids and lipid-like molecules; Amino acids, peptides, and analogues; Alpha amino acids and derivatives; Fatty acids and conjugates; Organic acids and derivatives; Carboxylic acids and derivatives; Organonitrogen compounds; Organooxygen compounds; Fatty amides; Branched fatty acids; Amino acids and derivatives; Peptides; Monoalkylamines; Carboxylic acid amides; Carboxylic acid derivatives; N-acyl amines; Monocarboxylic acids and derivatives; N-acyl-alpha amino acids and derivatives; Carboxylic acids; Primary carboxylic acid amides; Secondary carboxylic acid amides; Carbonyl compounds; Alpha amino acid amides; N-acyl-alpha amino acids; Amines; Primary amines; Fatty Acyls; Organic oxides; Hydrocarbon derivatives; Amino acids; Glutamine and derivatives; Leucine and derivatives; Isoleucine and derivatives; Organopnictogen compounds; Organic oxygen compounds; Organic nitrogen compounds; Oligopeptides; Chemical entities	430.264	254	4.229	816703434110734488	816702790251457741	816702790251457740	794	
1	C19H35N5O6	[M + Na]+	C19H35N5NaO6+	Amino acids and Peptides	0.998	Small peptides	0.994	Tripeptides	0.977	Organic acids and derivatives	1.000	Carboxylic acids and derivatives	1.000	Amino acids, peptides, and analogues	0.994	Peptides	0.996	Oligopeptides	0.972	Organic compounds; Lipids and lipid-like molecules; Amino acids, peptides, and analogues; Alpha amino acids and derivatives; Fatty acids and conjugates; Organic acids and derivatives; Carboxylic acids and derivatives; Organonitrogen compounds; Organooxygen compounds; Fatty amides; Amino acids and derivatives; Peptides; Monoalkylamines; Carboxylic acid amides; Carboxylic acid derivatives; N-acyl amines; Monocarboxylic acids and derivatives; N-acyl-alpha amino acids and derivatives; Carboxylic acids; Primary carboxylic acid amides; Secondary carboxylic acid amides; Carbonyl compounds; Alpha amino acid amides; N-acyl-alpha amino acids; Amines; Primary amines; Fatty Acyls; Organic oxides; Hydrocarbon derivatives; Amino acids; Glutamine and derivatives; Organopnictogen compounds; Organic oxygen compounds; Organic nitrogen compounds; Oligopeptides; Chemical entities	452.246	254	4.232	816703438502171089	816702790377286871	816702790377286870	799	
1	C18H21NO3	[M + H]+	C18H22NO3+	Alkaloids	0.993	Tyrosine alkaloids	0.999	Isoquinoline alkaloids	0.778	Organoheterocyclic compounds	0.356	Isoquinolines and derivatives	0.654	Benzylisoquinolines	0.709			Benzylisoquinolines	0.709	Organic compounds; Benzylisoquinolines; Phenols; Phenethylamines; Organonitrogen compounds; Organooxygen compounds; Dialkylamines; Benzene and substituted derivatives; Benzenoids; Amines; Secondary amines; Isoquinolines and derivatives; Aralkylamines; Hydrocarbon derivatives; Organopnictogen compounds; Organic oxygen compounds; 1-hydroxy-2-unsubstituted benzenoids; Organic nitrogen compounds; Chemical entities	300.158	254	4.235	816703440842592960	816702790423424220	816702790423424219	797	
1	C31H37N5O5	[M + H]+	C31H38N5O5+	Amino acids and Peptides	0.986	Small peptides	0.653	Dipeptides	0.469	Organic acids and derivatives	1.000	Carboxylic acids and derivatives	1.000	Amino acids, peptides, and analogues	0.999	Peptides	0.963	Oligopeptides	0.649	Organic compounds; Lipids and lipid-like molecules; Amino acids, peptides, and analogues; Alpha amino acids and derivatives; Phenethylamines; Amphetamines and derivatives; Organic acids and derivatives; Carboxylic acids and derivatives; Organonitrogen compounds; Organooxygen compounds; Fatty amides; Amino acids and derivatives; Peptides; Carboxylic acid amides; Carboxylic acid derivatives; N-acyl amines; Monocarboxylic acids and derivatives; N-acyl-alpha amino acids and derivatives; Carboxylic acids; Primary carboxylic acid amides; Secondary carboxylic acid amides; Carbonyl compounds; Benzene and substituted derivatives; Alpha amino acid amides; N-acyl-alpha amino acids; Benzenoids; Fatty Acyls; Organic oxides; Hydrocarbon derivatives; N-acyl-L-glutamines; Glutamine and derivatives; Phenylalanine and derivatives; Organopnictogen compounds; Organic oxygen compounds; Organic nitrogen compounds; Oligopeptides; Chemical entities	560.287	255	4.247	816703449663216099	816702790607973616	816702790607973615	806	
1	C19H21NO4	[M + H]+	C19H22NO4+	Alkaloids	0.999	Tyrosine alkaloids	0.999	Aporphine alkaloids	0.662	Alkaloids and derivatives	0.875	Aporphines	0.908					Aporphines	0.908	Organic compounds; Organoheterocyclic compounds; Naphthalenes; Phenanthrenes and derivatives; Alkyl aryl ethers; Phenols; Anisoles; Ethers; Organonitrogen compounds; Alkaloids and derivatives; Organooxygen compounds; Aporphines; Quinolines and derivatives; Benzoquinolines; Trialkylamines; Phenol ethers; Naphthols and derivatives; Benzenoids; Amines; Tertiary amines; Tetrahydroisoquinolines; Aralkylamines; Azacyclic compounds; Hydrocarbon derivatives; Organopnictogen compounds; Organic oxygen compounds; 1-hydroxy-2-unsubstituted benzenoids; Organic nitrogen compounds; Chemical entities	328.153	255	4.251	816703452330793871	816702790658305269	816702790658305268	807	
1	C24H44O11	[M + Na]+	C24H44NaO11+	Fatty acids	0.967	Fatty acyl glycosides	0.945	Fatty acyl glycosides of mono- and disaccharides	0.815	Lipids and lipid-like molecules	0.944	Fatty Acyls	0.934	Fatty acyl glycosides	0.585	Fatty acyl glycosides of mono- and disaccharides	0.533	Fatty acyl glycosides of mono- and disaccharides	0.533	Organic compounds; Organoheterocyclic compounds; Carbohydrates and carbohydrate conjugates; Lipids and lipid-like molecules; Alcohols and polyols; Ethers; Organic acids and derivatives; Carboxylic acids and derivatives; Primary alcohols; Organooxygen compounds; Fatty acid esters; Carboxylic acid derivatives; Carboxylic acid esters; Disaccharides; Acetals; Secondary alcohols; Fatty acyl glycosides; Carbonyl compounds; Oxanes; Glycosyl compounds; O-glycosyl compounds; Polyols; Fatty acyl glycosides of mono- and disaccharides; Fatty Acyls; Organic oxides; Oxacyclic compounds; Hydrocarbon derivatives; Organic oxygen compounds; Chemical entities	531.276	255	4.254	816703452725058530	816702790717025530	816702790717025529	809	
1	C10H13NO4	[M - H2O + H]+	C10H12NO3+	Amino acids and Peptides	0.659	Small peptides	0.733	Phenylethylamines	0.788	Organic acids and derivatives	1.000	Carboxylic acids and derivatives	1.000	Amino acids, peptides, and analogues	0.984	Amino acids and derivatives	0.984	Tyrosine and derivatives	0.970	Organic compounds; Amino acids, peptides, and analogues; Alpha amino acids and derivatives; Phenols; Catechols; Phenethylamines; Amphetamines and derivatives; Phenylpropanoids and polyketides; Organic acids and derivatives; Carboxylic acids and derivatives; Organonitrogen compounds; Organooxygen compounds; Amino acids and derivatives; Monoalkylamines; Carboxylic acid amides; Carboxylic acid derivatives; Monocarboxylic acids and derivatives; N-acyl-alpha amino acids and derivatives; Carboxylic acids; Benzenediols; Secondary carboxylic acid amides; Carbonyl compounds; Benzene and substituted derivatives; N-acyl-alpha amino acids; Benzenoids; Primary amines; Phenylpropanoic acids; Organic oxides; Hydrocarbon derivatives; Tyrosine and derivatives; Phenylalanine and derivatives; Organopnictogen compounds; Organic oxygen compounds; 1-hydroxy-2-unsubstituted benzenoids; 1-hydroxy-4-unsubstituted benzenoids; Organic nitrogen compounds; Chemical entities	194.080	256	4.272	816703451823282971	816702790956100878	816702790951906573	822	
1	C25H39N3O10	[M + H]+	C25H40N3O10+	Amino acids and Peptides	0.927	Small peptides	0.581	Tripeptides	0.163	Organic acids and derivatives	1.000	Carboxylic acids and derivatives	1.000	Amino acids, peptides, and analogues	0.996	Peptides	0.954	Oligopeptides	0.653	Organic compounds; Lipids and lipid-like molecules; Amino acids, peptides, and analogues; Alpha amino acids and derivatives; Organic acids and derivatives; Carboxylic acids and derivatives; Organonitrogen compounds; Organooxygen compounds; Fatty amides; Dicarboxylic acids and derivatives; Amino acids and derivatives; Peptides; Carboxylic acid amides; Carboxylic acid derivatives; N-acyl amines; N-acyl-alpha amino acids and derivatives; Carboxylic acids; Primary carboxylic acid amides; Secondary carboxylic acid amides; Carbonyl compounds; Alpha amino acid amides; N-acyl-alpha amino acids; Fatty Acyls; Organic oxides; Hydrocarbon derivatives; Amino acids; Glutamine and derivatives; Organopnictogen compounds; Organic oxygen compounds; Organic nitrogen compounds; Oligopeptides; Chemical entities	542.272	258	4.302	816703460882981288	816702791149038882	816702791144844577	836	
1	C20H41N5O9	[M + Na]+	C20H41N5NaO9+	Amino acids and Peptides	0.615	Oligopeptides	0.357	Linear peptides	0.572	Organic acids and derivatives	0.999	Carboxylic acids and derivatives	0.997	Amino acids, peptides, and analogues	0.854	Amino acids and derivatives	0.836	N-acyl-alpha amino acids and derivatives	0.762	Organic compounds; Lipids and lipid-like molecules; Amino acids, peptides, and analogues; Alpha amino acids and derivatives; Alcohols and polyols; Fatty acids and conjugates; Organic acids and derivatives; Carboxylic acids and derivatives; Organonitrogen compounds; Organooxygen compounds; Fatty amides; Branched fatty acids; Amino acids and derivatives; Hydroxamic acids; Monoalkylamines; Hydroxy acids and derivatives; Carboxylic acid amides; Carboxylic acid derivatives; N-acyl amines; Monocarboxylic acids and derivatives; N-acyl-alpha amino acids and derivatives; Carboxylic acids; Primary carboxylic acid amides; Secondary carboxylic acid amides; Carbonyl compounds; Alpha amino acid amides; Amines; Primary amines; Acetohydroxamic acids; Fatty Acyls; Acetamides; Organic oxides; Hydrocarbon derivatives; Organopnictogen compounds; Organic oxygen compounds; Organic nitrogen compounds; Chemical entities	518.280	258	4.304	816703459654049936	816702791199370535	816702791195176230	838	
1	C23H43N3O12	[M + H]+	C23H44N3O12+	Amino acids and Peptides	0.577	Aminosugars and aminoglycosides	0.389	Aminoglycosides	0.414	Organic acids and derivatives	0.961	Carboxylic acids and derivatives	0.951	Amino acids, peptides, and analogues	0.779	Amino acids and derivatives	0.772	N-acyl-alpha amino acids and derivatives	0.688	Organic compounds; Organoheterocyclic compounds; Carbohydrates and carbohydrate conjugates; Lipids and lipid-like molecules; Amino acids, peptides, and analogues; Alpha amino acids and derivatives; Alcohols and polyols; Organic acids and derivatives; Carboxylic acids and derivatives; Organonitrogen compounds; Organooxygen compounds; Fatty amides; Amino acids and derivatives; Carboxylic acid amides; Carboxylic acid derivatives; N-acyl amines; N-acyl-alpha amino acids and derivatives; Carboxylic acids; Monosaccharides; Secondary alcohols; Secondary carboxylic acid amides; Carbonyl compounds; Glycosyl compounds; Fatty Acyls; Organic oxides; Oxacyclic compounds; Hydrocarbon derivatives; Organopnictogen compounds; Organic oxygen compounds; Organic nitrogen compounds; Chemical entities	554.291	259	4.315	816703461914780210	816702791304228145	816702791304228144	844	
1	C15H13N4O15PS2	[M + H]+	C15H14N4O15PS2+	Carbohydrates	0.772	Nucleosides	0.540	Simple coumarins	0.171	Benzenoids	0.922	Benzene and substituted derivatives	0.627	Nitrobenzenes	0.724			Nitrobenzenes	0.724	Organic compounds; Organoheterocyclic compounds; Organosulfur compounds; Nitrobenzenes; Pyrimidines and pyrimidine derivatives; Organic acids and derivatives; Organonitrogen compounds; Organooxygen compounds; Organic phosphoric acids and derivatives; Phosphate esters; Organic nitro compounds; Diazines; Organic oxoazanium compounds; Benzene and substituted derivatives; Benzenoids; Alkyl phosphates; Monoalkyl phosphates; Organic 1,3-dipolar compounds; Allyl-type 1,3-dipolar organic compounds; Propargyl-type 1,3-dipolar organic compounds; Organic oxides; C-nitro compounds; Azacyclic compounds; Oxacyclic compounds; Heteroaromatic compounds; Hydrocarbon derivatives; Organopnictogen compounds; Organic oxygen compounds; Nitroaromatic compounds; Organic nitrogen compounds; Chemical entities	584.958	260	4.328	816703460069286144	816702791350365494	816702791350365493	848	
1	C32H38N6O3	[M + H]+	C32H39N6O3+	Alkaloids	0.569	Tryptophan alkaloids	0.224	Pyrroloindole alkaloids	0.052	Organic acids and derivatives	0.904	Carboxylic acids and derivatives	0.857	Amino acids, peptides, and analogues	0.813	Amino acids and derivatives	0.807	Amino acids and derivatives	0.807	Organic compounds; Organoheterocyclic compounds; Amino acids, peptides, and analogues; Pyridines and derivatives; Organic acids and derivatives; Carboxylic acids and derivatives; Organonitrogen compounds; Organooxygen compounds; Amino acids and derivatives; Carboxylic acid amides; Carboxylic acid derivatives; Secondary carboxylic acid amides; Carbonyl compounds; Benzenoids; Amines; Primary amines; Organic oxides; Azacyclic compounds; Heteroaromatic compounds; Hydrocarbon derivatives; Organopnictogen compounds; Organic oxygen compounds; Organic nitrogen compounds; Chemical entities	555.310	260	4.329	816703505753649100	816702791413280059	816702791413280058	850	
1	C16H29N3O4	[M + H]+	C16H30N3O4+	Amino acids and Peptides	0.992	Small peptides	0.992	Dipeptides	0.894	Organic acids and derivatives	1.000	Carboxylic acids and derivatives	0.999	Amino acids, peptides, and analogues	0.994	Peptides	0.883	Dipeptides	0.588	Organic compounds; Lipids and lipid-like molecules; Amino acids, peptides, and analogues; Alpha amino acids and derivatives; Organic acids and derivatives; Carboxylic acids and derivatives; Organonitrogen compounds; Organooxygen compounds; Amino acids and derivatives; Peptides; Monoalkylamines; Carboxylic acid amides; Carboxylic acid derivatives; Monocarboxylic acids and derivatives; N-acyl-alpha amino acids and derivatives; Carboxylic acids; Secondary carboxylic acid amides; Tertiary carboxylic acid amides; Carbonyl compounds; Alpha amino acid amides; N-acyl-alpha amino acids; Amines; Primary amines; N-acylpyrrolidines; Fatty Acyls; Organic oxides; Hydrocarbon derivatives; Amino acids; Proline and derivatives; Organopnictogen compounds; Organic oxygen compounds; Organic nitrogen compounds; Dipeptides; Chemical entities	328.222	260	4.338	816703466784367431	816702791585246538	816702791585246537	818	
1	C14H18N2O3	[M + H]+	C14H19N2O3+	Amino acids and Peptides	1.000	Small peptides	1.000	Dipeptides	0.999	Organic acids and derivatives	1.000	Carboxylic acids and derivatives	1.000	Amino acids, peptides, and analogues	1.000	Peptides	0.963	Dipeptides	0.950	Organic compounds; Organoheterocyclic compounds; Amino acids, peptides, and analogues; Alpha amino acids and derivatives; Phenethylamines; Amphetamines and derivatives; Pyrrolidines; Organic acids and derivatives; Carboxylic acids and derivatives; Organonitrogen compounds; Organooxygen compounds; Amino acids and derivatives; Peptides; Monoalkylamines; Carboxylic acid amides; Carboxylic acid derivatives; Monocarboxylic acids and derivatives; N-acyl-alpha amino acids and derivatives; Carboxylic acids; Tertiary carboxylic acid amides; Carbonyl compounds; Pyrrolidine carboxylic acids and derivatives; Benzene and substituted derivatives; Alpha amino acid amides; N-acyl-alpha amino acids; Pyrrolidine carboxylic acids; Benzenoids; Amines; Primary amines; N-acylpyrrolidines; Aralkylamines; Organic oxides; Azacyclic compounds; N-acyl-L-alpha-amino acids; Hydrocarbon derivatives; Amino acids; Proline and derivatives; Organopnictogen compounds; Organic oxygen compounds; Organic nitrogen compounds; Dipeptides; Chemical entities	263.138	261	4.349	816703472803193982	816702791648161103	816702791643966798	865	
1	C16H30BFN2O2	[M + K]+	C16H30BFKN2O2+	Amino acids and Peptides	0.337	Small peptides	0.559	Tropane alkaloids	0.211	Organic acids and derivatives	0.912	Carboxylic acids and derivatives	0.551	Amino acids, peptides, and analogues	0.647	Amino acids and derivatives	0.646	Amino acids and derivatives	0.646	Organic compounds; Amino acids, peptides, and analogues; Halobenzenes; Organic acids and derivatives; Carboxylic acids and derivatives; Organohalogen compounds; Organonitrogen compounds; Organooxygen compounds; Amino acids and derivatives; Boronic acids; Organometallic compounds; Boronic acid derivatives; Aryl fluorides; Fluorobenzenes; Organometalloid compounds; Organofluorides; Benzene and substituted derivatives; Benzenoids; Amines; Organoboron compounds; Organic salts; Organic oxides; Organic metalloid salts; Organic metal salts; Hydrocarbon derivatives; Organopnictogen compounds; Alkylboranes; Organic oxygen compounds; Organic nitrogen compounds; Chemical entities	350.204	262	4.359	816703481523152525	816702791757213017	816702791753018712	872	
1	C22H27NO8	[M + H]+	C22H28NO8+	Alkaloids	0.608	Tyrosine alkaloids	0.486	Cyanogenic glycosides	0.275	Organic oxygen compounds	1.000	Organooxygen compounds	1.000	Carbohydrates and carbohydrate conjugates	0.999	Glycosyl compounds	0.991	Phenolic glycosides	0.855	Organic compounds; Organoheterocyclic compounds; Carbohydrates and carbohydrate conjugates; Alcohols and polyols; Ethers; Organonitrogen compounds; Primary alcohols; Organooxygen compounds; Hexoses; Monosaccharides; Acetals; Secondary alcohols; Oxanes; Glycosyl compounds; O-glycosyl compounds; Benzene and substituted derivatives; Polyols; Phenol ethers; Benzenoids; Oxacyclic compounds; Hydrocarbon derivatives; Phenolic glycosides; Organopnictogen compounds; Organic oxygen compounds; 1-hydroxy-2-unsubstituted benzenoids; Organic nitrogen compounds; Chemical entities	434.179	262	4.362	816703480466187868	816702791799156062	816702791794961757	873	
1	C18H32O13	[M + Na]+	C18H32NaO13+	Fatty acids	0.272	Monoterpenoids	0.394	Fatty acyl glycosides of mono- and disaccharides	0.311	Organic oxygen compounds	1.000	Organooxygen compounds	1.000	Carbohydrates and carbohydrate conjugates	0.994	Disaccharides	0.869	Disaccharides	0.869	Organic compounds; Organoheterocyclic compounds; Carbohydrates and carbohydrate conjugates; Lipids and lipid-like molecules; Alcohols and polyols; Ethers; Primary alcohols; Organooxygen compounds; Disaccharides; Acetals; Secondary alcohols; Oxanes; Glycosyl compounds; O-glycosyl compounds; Polyols; Fatty Acyls; Oxacyclic compounds; Hydrocarbon derivatives; Organic oxygen compounds; Chemical entities	479.172	262	4.373	816703490834507748	816702791841099107	816702791836904802	876	
1	C15H27N3O6	[M + H]+	C15H28N3O6+	Amino acids and Peptides	0.994	Small peptides	0.993	Tripeptides	0.889	Organic acids and derivatives	1.000	Carboxylic acids and derivatives	1.000	Amino acids, peptides, and analogues	0.994	Peptides	0.974	Oligopeptides	0.793	Organic compounds; Lipids and lipid-like molecules; Amino acids, peptides, and analogues; Alpha amino acids and derivatives; Fatty acids and conjugates; Organic acids and derivatives; Carboxylic acids and derivatives; Organonitrogen compounds; Organooxygen compounds; Fatty amides; Branched fatty acids; Amino acids and derivatives; Peptides; Monoalkylamines; Carboxylic acid amides; Carboxylic acid derivatives; N-acyl amines; Monocarboxylic acids and derivatives; N-acyl-alpha amino acids and derivatives; Carboxylic acids; Secondary carboxylic acid amides; Carbonyl compounds; Alpha amino acid amides; N-acyl-alpha amino acids; Amines; Primary amines; Methyl-branched fatty acids; Fatty Acyls; Organic oxides; Hydrocarbon derivatives; Amino acids; Valine and derivatives; Organopnictogen compounds; Organic oxygen compounds; Organic nitrogen compounds; Oligopeptides; Chemical entities	346.196	263	4.384	816703518688884702	816702791929179501	816702791924985196	881	
1	C16H29N3O4	[M + H]+	C16H30N3O4+	Amino acids and Peptides	1.000	Small peptides	0.999	Dipeptides	0.702	Organic acids and derivatives	1.000	Carboxylic acids and derivatives	1.000	Amino acids, peptides, and analogues	1.000	Peptides	0.998	Oligopeptides	0.963	Organic compounds; Organoheterocyclic compounds; Lipids and lipid-like molecules; Amino acids, peptides, and analogues; Alpha amino acids and derivatives; Pyrrolidines; Fatty acids and conjugates; Organic acids and derivatives; Carboxylic acids and derivatives; Organonitrogen compounds; Organooxygen compounds; Branched fatty acids; Amino acids and derivatives; Peptides; Monoalkylamines; Carboxylic acid amides; Carboxylic acid derivatives; Monocarboxylic acids and derivatives; N-acyl-alpha amino acids and derivatives; Carboxylic acids; Secondary carboxylic acid amides; Tertiary carboxylic acid amides; Carbonyl compounds; Pyrrolidine carboxylic acids and derivatives; Heterocyclic fatty acids; Pyrrolidinecarboxamides; Alpha amino acid amides; N-acyl-alpha amino acids; Amines; Primary amines; N-acylpyrrolidines; Methyl-branched fatty acids; Fatty Acyls; Organic oxides; Azacyclic compounds; Hydrocarbon derivatives; Amino acids; Proline and derivatives; Isoleucine and derivatives; Organopnictogen compounds; Organic oxygen compounds; Organic nitrogen compounds; Oligopeptides; Chemical entities	328.222	263	4.387	816703511948637770	816702791979511154	816702791979511153	882	
1	C16H23N3O4	[M + H]+	C16H24N3O4+	Amino acids and Peptides	0.999	Small peptides	0.995	Tripeptides	0.913	Organic acids and derivatives	0.999	Carboxylic acids and derivatives	0.999	Amino acids, peptides, and analogues	0.997	Peptides	0.979	Oligopeptides	0.820	Organic compounds; Lipids and lipid-like molecules; Amino acids, peptides, and analogues; Alpha amino acids and derivatives; Phenethylamines; Amphetamines and derivatives; Organic acids and derivatives; Carboxylic acids and derivatives; Organonitrogen compounds; Organooxygen compounds; Fatty amides; Amino acids and derivatives; Peptides; Monoalkylamines; Carboxylic acid amides; Carboxylic acid derivatives; N-acyl amines; Monocarboxylic acids and derivatives; N-acyl-alpha amino acids and derivatives; Carboxylic acids; Secondary carboxylic acid amides; Carbonyl compounds; Benzene and substituted derivatives; Alpha amino acid amides; N-acyl-alpha amino acids; Benzenoids; Amines; Primary amines; Fatty Acyls; Organic oxides; Hydrocarbon derivatives; Amino acids; Phenylalanine and derivatives; Organopnictogen compounds; Organic oxygen compounds; Organic nitrogen compounds; Oligopeptides; Chemical entities	322.175	264	4.397	816703515694151456	816702792075980156	816702792075980155	886	
1	C16H14O7	[M + H]+	C16H15O7+	Shikimates and Phenylpropanoids	0.793	Styrylpyrones	0.412	Kavalactones and derivatives	0.414	Organoheterocyclic compounds	0.826	Benzopyrans	0.543	1-benzopyrans	0.540			1-benzopyrans	0.540	Organic compounds; Organoheterocyclic compounds; Pyrans; Benzopyrans; Alkyl aryl ethers; Phenols; Ethers; Phenylpropanoids and polyketides; Organic acids and derivatives; Carboxylic acids and derivatives; Organooxygen compounds; Pyranones and derivatives; Carbonyl compounds; Benzene and substituted derivatives; Benzenoids; 1-benzopyrans; Vinylogous acids; Organic oxides; Oxacyclic compounds; Heteroaromatic compounds; Hydrocarbon derivatives; Organic oxygen compounds; 1-hydroxy-2-unsubstituted benzenoids; 1-hydroxy-4-unsubstituted benzenoids; Chemical entities	319.081	264	4.402	816703527694057171	816702792180837766	816702792180837765	890	
1	C20H16N2O4	[M + H]+	C20H17N2O4+	Alkaloids	0.938	Anthranilic acid alkaloids	0.397	Pyridine alkaloids	0.161	Benzenoids	0.990	Benzene and substituted derivatives	0.566					Benzene and substituted derivatives	0.566	Organic compounds; Organoheterocyclic compounds; Organic acids and derivatives; Carboxylic acids and derivatives; Organonitrogen compounds; Organooxygen compounds; Carboxylic acid amides; Carboxylic acid derivatives; Carbonyl compounds; Benzene and substituted derivatives; Benzenoids; Organic oxides; Azacyclic compounds; Heteroaromatic compounds; Hydrocarbon derivatives; Organopnictogen compounds; Organic oxygen compounds; Organic nitrogen compounds; Chemical entities	349.116	265	4.410	816703528574861227	816702792315055509	816702792310861204	902	
1	C7H12N4O4S	[M + H]+	C7H13N4O4S+	Amino acids and Peptides	0.819	Small peptides	0.379	Aminoacids	0.308	Organoheterocyclic compounds	0.929	Azoles	0.736					Azoles	0.736	Organic compounds; Organoheterocyclic compounds; Organosulfur compounds; Organic acids and derivatives; Organonitrogen compounds; Organooxygen compounds; Azoles; Organic oxides; Azacyclic compounds; Heteroaromatic compounds; Hydrocarbon derivatives; Organopnictogen compounds; Organic oxygen compounds; Organic nitrogen compounds; Chemical entities	249.064	265	4.416	816703529849929810	816702792361192858	816702792361192857	904	
1	C14H27N3O5	[M + H]+	C14H28N3O5+	Amino acids and Peptides	1.000	Small peptides	0.999	Tripeptides	0.991	Organic acids and derivatives	1.000	Carboxylic acids and derivatives	1.000	Amino acids, peptides, and analogues	0.999	Peptides	0.999	Oligopeptides	0.988	Organic compounds; Lipids and lipid-like molecules; Amino acids, peptides, and analogues; Alpha amino acids and derivatives; Alcohols and polyols; Fatty acids and conjugates; Organic acids and derivatives; Carboxylic acids and derivatives; Organonitrogen compounds; Primary alcohols; Organooxygen compounds; Fatty amides; Branched fatty acids; Hydroxy fatty acids; Amino acids and derivatives; Peptides; Monoalkylamines; Carboxylic acid amides; Carboxylic acid derivatives; N-acyl amines; Monocarboxylic acids and derivatives; N-acyl-alpha amino acids and derivatives; Carboxylic acids; Secondary carboxylic acid amides; Carbonyl compounds; Alpha amino acid amides; N-acyl-alpha amino acids; Amines; Primary amines; Methyl-branched fatty acids; Fatty Acyls; Organic oxides; Hydrocarbon derivatives; Amino acids; Valine and derivatives; Leucine and derivatives; Isoleucine and derivatives; Organopnictogen compounds; Organic oxygen compounds; Organic nitrogen compounds; Oligopeptides; Chemical entities	318.201	265	4.418	816703528910405584	816702792432496031	816702792428301726	907	
1	C8H13NO3S	[M + Na]+	C8H13NNaO3S+	Amino acids and Peptides	0.902	β-lactams	0.289	Pyrrolidine alkaloids	0.059	Organic acids and derivatives	0.659	Carboxylic acids and derivatives	0.661	Carboxylic acid derivatives	0.449	Carboxylic acid amides	0.528	Carboxylic acid amides	0.528	Organic compounds; Organoheterocyclic compounds; Organosulfur compounds; Alcohols and polyols; Organic acids and derivatives; Carboxylic acids and derivatives; Organonitrogen compounds; Primary alcohols; Organooxygen compounds; Carboxylic acid amides; Thioethers; Carbonyl compounds; Dialkylthioethers; Organic oxides; Azacyclic compounds; Hydrocarbon derivatives; Organopnictogen compounds; Organic oxygen compounds; Organic nitrogen compounds; Chemical entities	226.052	268	4.472	816703533649969751	816702792579296686	816702792579296685	919	
1	C26H39N5O8	[M + Na]+	C26H39N5NaO8+	Amino acids and Peptides	0.955	Oligopeptides	0.940	Cyclic peptides	0.495	Organic acids and derivatives	0.999	Carboxylic acids and derivatives	0.993	Amino acids, peptides, and analogues	0.943	Peptides	0.642	Oligopeptides	0.534	Organic compounds; Organoheterocyclic compounds; Lipids and lipid-like molecules; Amino acids, peptides, and analogues; Alpha amino acids and derivatives; Organic acids and derivatives; Carboxylic acids and derivatives; Organonitrogen compounds; Organooxygen compounds; Fatty amides; Amino acids and derivatives; Peptides; Carboxylic acid amides; Carboxylic acid derivatives; N-acyl amines; Monocarboxylic acids and derivatives; N-acyl-alpha amino acids and derivatives; Secondary carboxylic acid amides; Carbonyl compounds; Benzene and substituted derivatives; Alpha amino acid amides; Benzenoids; Fatty Acyls; Organic oxides; Azacyclic compounds; Hydrocarbon derivatives; Organopnictogen compounds; Organic oxygen compounds; Organic nitrogen compounds; Oligopeptides; Chemical entities	572.266	269	4.481	816703537257071500	816702792650599859	816702792646405554	922	
1	C16H29N3O6	[M + H]+	C16H30N3O6+	Amino acids and Peptides	1.000	Small peptides	0.999	Tripeptides	0.999	Organic acids and derivatives	1.000	Carboxylic acids and derivatives	1.000	Amino acids, peptides, and analogues	0.998	Peptides	0.999	Oligopeptides	0.989	Organic compounds; Lipids and lipid-like molecules; Amino acids, peptides, and analogues; Alpha amino acids and derivatives; Fatty acids and conjugates; Organic acids and derivatives; Carboxylic acids and derivatives; Organonitrogen compounds; Organooxygen compounds; Fatty amides; Branched fatty acids; Dicarboxylic acids and derivatives; Amino acids and derivatives; Peptides; Monoalkylamines; Carboxylic acid amides; Carboxylic acid derivatives; N-acyl amines; N-acyl-alpha amino acids and derivatives; Carboxylic acids; Secondary carboxylic acid amides; Carbonyl compounds; Alpha amino acid amides; N-acyl-alpha amino acids; Amines; Primary amines; Methyl-branched fatty acids; Fatty Acyls; Organic oxides; Hydrocarbon derivatives; Amino acids; Valine and derivatives; Leucine and derivatives; Organopnictogen compounds; Organic oxygen compounds; Organic nitrogen compounds; Oligopeptides; Chemical entities	360.211	269	4.485	816703540406993914	816702792700931512	816702792696737207	923	
1	C15H29N3O5	[M + H]+	C15H30N3O5+	Amino acids and Peptides	1.000	Small peptides	1.000	Tripeptides	0.999	Organic acids and derivatives	1.000	Carboxylic acids and derivatives	1.000	Amino acids, peptides, and analogues	1.000	Peptides	1.000	Oligopeptides	0.998	Organic compounds; Lipids and lipid-like molecules; Amino acids, peptides, and analogues; Alpha amino acids and derivatives; Alcohols and polyols; Fatty acids and conjugates; Organic acids and derivatives; Carboxylic acids and derivatives; Organonitrogen compounds; Organooxygen compounds; Fatty amides; Branched fatty acids; Hydroxy fatty acids; Amino acids and derivatives; Peptides; Monoalkylamines; Carboxylic acid amides; Carboxylic acid derivatives; N-acyl amines; Monocarboxylic acids and derivatives; N-acyl-alpha amino acids and derivatives; Carboxylic acids; Secondary alcohols; Secondary carboxylic acid amides; Carbonyl compounds; Alpha amino acid amides; N-acyl-alpha amino acids; Amines; Primary amines; Methyl-branched fatty acids; Fatty Acyls; Organic oxides; Hydrocarbon derivatives; Amino acids; Valine and derivatives; Leucine and derivatives; Organopnictogen compounds; Organic oxygen compounds; Organic nitrogen compounds; Oligopeptides; Chemical entities	332.217	270	4.493	816703544219616574	816702792747068861	816702792747068860	926	
1	C16H21NO9	[M + Na]+	C16H21NNaO9+	Amino acids and Peptides	0.711	Small peptides	0.136	Dipeptides	0.164	Organic acids and derivatives	0.987	Carboxylic acids and derivatives	0.974	Amino acids, peptides, and analogues	0.955	Amino acids and derivatives	0.954	Phenylalanine and derivatives	0.849	Organic compounds; Organoheterocyclic compounds; Carbohydrates and carbohydrate conjugates; Amino acids, peptides, and analogues; Alpha amino acids and derivatives; Alcohols and polyols; Phenethylamines; Amphetamines and derivatives; Ethers; Organic acids and derivatives; Carboxylic acids and derivatives; Organonitrogen compounds; Primary alcohols; Organooxygen compounds; Amino acids and derivatives; Carboxylic acid amides; Carboxylic acid derivatives; Monocarboxylic acids and derivatives; N-acyl-alpha amino acids and derivatives; Carboxylic acids; Hexoses; Monosaccharides; Acetals; Secondary alcohols; Carbonyl compounds; Oxanes; Glycosyl compounds; O-glycosyl compounds; Benzene and substituted derivatives; Polyols; N-acyl-alpha amino acids; Benzenoids; Phenylpropanoic acids; Organic oxides; Oxacyclic compounds; Hydrocarbon derivatives; Phenylalanine and derivatives; Organopnictogen compounds; Organic oxygen compounds; Organic nitrogen compounds; Chemical entities	394.109	270	4.499	816703553786824373	816702792797400514	816702792797400513	930	
1	C30H51N5O10	[M + Na]+	C30H51N5NaO10+	Amino acids and Peptides	0.902	Oligopeptides	0.934	Linear peptides	0.330	Organic acids and derivatives	0.999	Carboxylic acids and derivatives	0.995	Amino acids, peptides, and analogues	0.947	Peptides	0.676	Peptides	0.676	Organic compounds; Lipids and lipid-like molecules; Amino acids, peptides, and analogues; Alpha amino acids and derivatives; Alcohols and polyols; Fatty acids and conjugates; Organic acids and derivatives; Carboxylic acids and derivatives; Organonitrogen compounds; Organooxygen compounds; Fatty amides; Branched fatty acids; Hydroxy fatty acids; Amino acids and derivatives; Peptides; Hydroxamic acids; Carboxylic acid amides; Carboxylic acid derivatives; N-acyl amines; Monocarboxylic acids and derivatives; N-acyl-alpha amino acids and derivatives; Carboxylic acids; Secondary alcohols; Primary carboxylic acid amides; Secondary carboxylic acid amides; Carbonyl compounds; Alpha amino acid amides; Fatty Acyls; Organic oxides; Hydrocarbon derivatives; Valine and derivatives; Organopnictogen compounds; Organic oxygen compounds; Organic nitrogen compounds; Chemical entities	664.350	271	4.524	816703588809276176	816702793283939803	816702793283939802	936	
1	C15H22N2O3	[M + H]+	C15H23N2O3+	Amino acids and Peptides	1.000	Small peptides	1.000	Dipeptides	1.000	Organic acids and derivatives	1.000	Carboxylic acids and derivatives	1.000	Amino acids, peptides, and analogues	1.000	Peptides	0.991	Dipeptides	0.975	Organic compounds; Lipids and lipid-like molecules; Amino acids, peptides, and analogues; Alpha amino acids and derivatives; Phenethylamines; Amphetamines and derivatives; Organic acids and derivatives; Carboxylic acids and derivatives; Organonitrogen compounds; Organooxygen compounds; Fatty amides; Amino acids and derivatives; Peptides; Monoalkylamines; Carboxylic acid amides; Carboxylic acid derivatives; Monocarboxylic acids and derivatives; N-acyl-alpha amino acids and derivatives; Carboxylic acids; Secondary carboxylic acid amides; Carbonyl compounds; Benzene and substituted derivatives; Alpha amino acid amides; N-acyl-alpha amino acids; Benzenoids; Amines; Primary amines; Aralkylamines; Fatty Acyls; Organic oxides; N-acyl-L-alpha-amino acids; Hydrocarbon derivatives; Amino acids; Phenylalanine and derivatives; Leucine and derivatives; Organopnictogen compounds; Organic oxygen compounds; Organic nitrogen compounds; Dipeptides; Chemical entities	279.169	272	4.531	816703599588638525	816702793380408805	816702793380408804	940	
1	C22H33N5O7	[M + H]+	C22H34N5O7+	Amino acids and Peptides	0.998	Oligopeptides	0.852	Tripeptides	0.925	Organic acids and derivatives	0.999	Carboxylic acids and derivatives	0.998	Amino acids, peptides, and analogues	0.994	Peptides	0.980	Oligopeptides	0.944	Organic compounds; Lipids and lipid-like molecules; Amino acids, peptides, and analogues; Alpha amino acids and derivatives; Phenethylamines; Amphetamines and derivatives; Organic acids and derivatives; Carboxylic acids and derivatives; Organonitrogen compounds; Organooxygen compounds; Fatty amides; Amino acids and derivatives; Peptides; Monoalkylamines; Carboxylic acid amides; Carboxylic acid derivatives; N-acyl amines; Monocarboxylic acids and derivatives; N-acyl-alpha amino acids and derivatives; Carboxylic acids; Secondary carboxylic acid amides; Carbonyl compounds; Benzene and substituted derivatives; Alpha amino acid amides; N-acyl-alpha amino acids; Benzenoids; Primary amines; Fatty Acyls; Organic oxides; Hydrocarbon derivatives; Amino acids; Phenylalanine and derivatives; Organopnictogen compounds; Organic oxygen compounds; Organic nitrogen compounds; Oligopeptides; Chemical entities	480.245	272	4.532	816703612662285326	816702793422351850	816702793422351849	945	
1	C32H40N6O5	[M + H]+	C32H41N6O5+	Amino acids and Peptides	0.997	Oligopeptides	0.997	Cyclic peptides	0.959	Organic acids and derivatives	1.000	Carboxylic acids and derivatives	0.999	Amino acids, peptides, and analogues	0.991	Peptides	0.938	Oligopeptides	0.800	Organic compounds; Organoheterocyclic compounds; Amino acids, peptides, and analogues; Alpha amino acids and derivatives; Macrolactams; Pyrroles; Lactams; Indoles and derivatives; Phenylpropanoids and polyketides; Organic acids and derivatives; Carboxylic acids and derivatives; Organonitrogen compounds; Organooxygen compounds; Amino acids and derivatives; Peptides; Carboxylic acid amides; Carboxylic acid derivatives; N-acyl-alpha amino acids and derivatives; Secondary carboxylic acid amides; Carbonyl compounds; Substituted pyrroles; Benzene and substituted derivatives; Alpha amino acid amides; Benzenoids; Indoles; Organic oxides; Azacyclic compounds; Heteroaromatic compounds; Hydrocarbon derivatives; 3-alkylindoles; Organopnictogen compounds; Organic oxygen compounds; Organic nitrogen compounds; Oligopeptides; Chemical entities	589.317	273	4.557	816703587559373214	816702793514626548	816702793510432243	951	
1	C33H34O7	[M + H]+	C33H35O7+	Polyketides	0.609	Aromatic polyketides	0.168	Isoflavones	0.046	Benzenoids	0.933	Phenol ethers	0.513					Phenol ethers	0.513	Organic compounds; Organoheterocyclic compounds; Ketones; Alkyl aryl ethers; Alcohols and polyols; Ethers; Organic acids and derivatives; Carboxylic acids and derivatives; Organooxygen compounds; Secondary alcohols; Carbonyl compounds; Phenol ethers; Benzenoids; Organic oxides; Oxacyclic compounds; Hydrocarbon derivatives; Organic oxygen compounds; Chemical entities	543.238	275	4.576	816703594987486651	816702793619484158	816702793615289853	953	
1	C20H25NO4	[M + H]+	C20H26NO4+	Alkaloids	0.999	Tyrosine alkaloids	1.000	Isoquinoline alkaloids	0.976	Organoheterocyclic compounds	0.992	Isoquinolines and derivatives	0.969	Benzylisoquinolines	0.991			Benzylisoquinolines	0.991	Organic compounds; Organoheterocyclic compounds; Benzylisoquinolines; Alkyl aryl ethers; Phenols; Anisoles; Methoxyphenols; Ethers; Organonitrogen compounds; Organooxygen compounds; Trialkylamines; Benzene and substituted derivatives; Phenol ethers; Benzenoids; Amines; Tertiary amines; Isoquinolines and derivatives; Tetrahydroisoquinolines; Aralkylamines; Methoxybenzenes; Azacyclic compounds; Hydrocarbon derivatives; Organopnictogen compounds; Organic oxygen compounds; 1-hydroxy-2-unsubstituted benzenoids; 1-hydroxy-4-unsubstituted benzenoids; Organic nitrogen compounds; Phenoxy compounds; Chemical entities	344.184	275	4.577	816703618152630430	816702793661427203	816702793661427202	954	
1	C19H18FNO4	[M + H]+	C19H19FNO4+	Alkaloids	0.999	Tyrosine alkaloids	0.999	Isoquinoline alkaloids	0.976	Organoheterocyclic compounds	0.988	Isoquinolines and derivatives	0.835	Benzylisoquinolines	0.927			Benzylisoquinolines	0.927	Organic compounds; Organoheterocyclic compounds; Halobenzenes; Benzylisoquinolines; Alkyl aryl ethers; Phenols; Anisoles; Ethers; Organohalogen compounds; Organonitrogen compounds; Organooxygen compounds; Aryl fluorides; Fluorobenzenes; Organofluorides; Benzene and substituted derivatives; Phenol ethers; Benzenoids; Amines; Isoquinolines and derivatives; Aryl halides; Tetrahydroisoquinolines; 1-phenyltetrahydroisoquinolines; Aralkylamines; Methoxybenzenes; Azacyclic compounds; Hydrocarbon derivatives; Organopnictogen compounds; Organic oxygen compounds; 1-hydroxy-2-unsubstituted benzenoids; 1-hydroxy-4-unsubstituted benzenoids; Organic nitrogen compounds; Phenoxy compounds; Chemical entities	344.127	275	4.584	816703616231638827	816702793728536072	816702793728536071	957	
1	C15H25N3O3	[M + Na]+	C15H25N3NaO3+	Amino acids and Peptides	0.998	Small peptides	0.996	Dipeptides	0.985	Organic acids and derivatives	1.000	Carboxylic acids and derivatives	1.000	Amino acids, peptides, and analogues	0.996	Peptides	0.956	Dipeptides	0.783	Organic compounds; Lipids and lipid-like molecules; Amino acids, peptides, and analogues; Alpha amino acids and derivatives; Phenethylamines; Amphetamines and derivatives; Phenylpropanoids and polyketides; Organic acids and derivatives; Carboxylic acids and derivatives; Organonitrogen compounds; Organooxygen compounds; Fatty amides; Amino acids and derivatives; Peptides; Monoalkylamines; Carboxylic acid amides; Carboxylic acid derivatives; N-acyl amines; Monocarboxylic acids and derivatives; N-acyl-alpha amino acids and derivatives; Carboxylic acids; Secondary carboxylic acid amides; Carbonyl compounds; Benzene and substituted derivatives; Alpha amino acid amides; N-acyl-alpha amino acids; Benzenoids; Amines; Primary amines; Fatty Acyls; Organic oxides; Hydrocarbon derivatives; Amino acids; Phenylalanine and derivatives; Organopnictogen compounds; Organic oxygen compounds; Organic nitrogen compounds; Dipeptides; Chemical entities	318.180	275	4.585	816703589635554357	816702793795644941	816702793791450636	956	
1	C26H43N9O6	[M + Na]+	C26H43N9NaO6+	Amino acids and Peptides	0.952	Oligopeptides	0.966	Cyclic peptides	0.554	Organic acids and derivatives	0.988	Carboxylic acids and derivatives	0.939	Amino acids, peptides, and analogues	0.823	Peptides	0.516	Peptides	0.516	Organic compounds; Organoheterocyclic compounds; Amino acids, peptides, and analogues; Alpha amino acids and derivatives; Imidazoles; Organic acids and derivatives; Carboxylic acids and derivatives; Organonitrogen compounds; Organooxygen compounds; Amino acids and derivatives; Peptides; Azoles; Carboxylic acid amides; Carboxylic acid derivatives; Secondary carboxylic acid amides; Carbonyl compounds; Substituted imidazoles; Organic oxides; Azacyclic compounds; Heteroaromatic compounds; Hydrocarbon derivatives; Organopnictogen compounds; Organic oxygen compounds; Organic nitrogen compounds; Chemical entities	600.321	275	4.585	816703616873367453	816702793850170898	816702793850170897	955	
1	C20H28N4O5	[M + H]+	C20H29N4O5+	Amino acids and Peptides	1.000	Small peptides	1.000	Dipeptides	0.992	Organic acids and derivatives	1.000	Carboxylic acids and derivatives	1.000	Amino acids, peptides, and analogues	1.000	Peptides	0.999	Dipeptides	0.976	Organic compounds; Organoheterocyclic compounds; Lipids and lipid-like molecules; Amino acids, peptides, and analogues; Alpha amino acids and derivatives; Pyrroles; Indoles and derivatives; Organic acids and derivatives; Carboxylic acids and derivatives; Organonitrogen compounds; Organooxygen compounds; Fatty amides; Amino acids and derivatives; Peptides; Monoalkylamines; Carboxylic acid amides; Carboxylic acid derivatives; N-acyl amines; Monocarboxylic acids and derivatives; N-acyl-alpha amino acids and derivatives; Carboxylic acids; Indolyl carboxylic acids and derivatives; Secondary carboxylic acid amides; Carbonyl compounds; Substituted pyrroles; Alpha amino acid amides; N-acyl-alpha amino acids; Benzenoids; Amines; Primary amines; Indoles; Fatty Acyls; Organic oxides; Azacyclic compounds; Heteroaromatic compounds; Hydrocarbon derivatives; Amino acids; 3-alkylindoles; Organopnictogen compounds; Organic oxygen compounds; Organic nitrogen compounds; Dipeptides; Chemical entities	405.212	277	4.615	816703613736027394	816702793908891159	816702793908891158	964	
1	C17H25NO4	[M + Na]+	C17H25NNaO4+	Alkaloids	1.000	Tyrosine alkaloids	0.995	Isoquinoline alkaloids	0.808	Organoheterocyclic compounds	0.966	Tetrahydroisoquinolines	0.974					Tetrahydroisoquinolines	0.974	Organic compounds; Organoheterocyclic compounds; Alkyl aryl ethers; Phenols; Anisoles; Ethers; Organonitrogen compounds; Organooxygen compounds; Benzene and substituted derivatives; Phenol ethers; Benzenoids; Amines; Tetrahydroisoquinolines; Aralkylamines; Methoxybenzenes; Azacyclic compounds; Hydrocarbon derivatives; Organopnictogen compounds; Organic oxygen compounds; 1-hydroxy-2-unsubstituted benzenoids; Organic nitrogen compounds; Phenoxy compounds; Chemical entities	330.165	277	4.624	816703621210278259	816702794017943073	816702794017943072	966	
1	C17H23NO4	[M + Na]+	C17H23NNaO4+	Alkaloids	0.999	Tyrosine alkaloids	0.963	Isoquinoline alkaloids	0.385	Benzenoids	0.995	Phenol ethers	0.989	Anisoles	0.990			Anisoles	0.990	Organic compounds; Organoheterocyclic compounds; Alkyl aryl ethers; Anisoles; Ethers; Organonitrogen compounds; Organooxygen compounds; Phenol ethers; Benzenoids; Azacyclic compounds; Hydrocarbon derivatives; Organopnictogen compounds; Organic oxygen compounds; Organic nitrogen compounds; Chemical entities	328.153	278	4.633	816703624574110287	816702794080857638	816702794080857637	971	
1	C14H26O7	[M + Na]+	C14H26NaO7+	Polyketides	0.466	Monoterpenoids	0.501	Iridoids monoterpenoids	0.167	Benzenoids	0.219	Phenol ethers	0.594	Anisoles	0.509			Anisoles	0.509	Organic compounds; Alkyl aryl ethers; Alcohols and polyols; Anisoles; Ethers; Organooxygen compounds; Acetals; Phenol ethers; Hydrocarbon derivatives; Organic oxygen compounds; Chemical entities	329.156	278	4.636	816703618727250157	816702794231852597	816702794231852596	975	
1	C19H33NO2	[M + Na]+	C19H33NNaO2+	Alkaloids	0.751	Pseudoalkaloids (transamidation)	0.827	Phenylalanine-derived alkaloids	0.166	Organic nitrogen compounds	1.000	Organonitrogen compounds	1.000	Amines	0.900	Aralkylamines	0.576	Aralkylamines	0.576	Organic compounds; Prenol lipids; Organonitrogen compounds; Organooxygen compounds; Benzene and substituted derivatives; Benzenoids; Amines; Aralkylamines; Hydrocarbon derivatives; Organopnictogen compounds; Organic oxygen compounds; Organic nitrogen compounds; Chemical entities	330.237	280	4.660	816703613610198241	816702794340904511	816702794340904510	968	
1	C19H34N4O6	[M + H]+	C19H35N4O6+	Amino acids and Peptides	0.906	Small peptides	0.372	Cyclic peptides	0.424	Organic acids and derivatives	1.000	Carboxylic acids and derivatives	0.999	Amino acids, peptides, and analogues	0.704	Amino acids and derivatives	0.689	N-acyl-alpha amino acids and derivatives	0.596	Organic compounds; Lipids and lipid-like molecules; Amino acids, peptides, and analogues; Alpha amino acids and derivatives; Fatty acids and conjugates; Organic acids and derivatives; Carboxylic acids and derivatives; Organonitrogen compounds; Organooxygen compounds; Fatty amides; Amino acids and derivatives; Hydroxamic acids; Carboxylic acid amides; Carboxylic acid derivatives; N-acyl amines; Monocarboxylic acids and derivatives; N-acyl-alpha amino acids and derivatives; Carboxylic acids; Primary carboxylic acid amides; Secondary carboxylic acid amides; Carbonyl compounds; Acetohydroxamic acids; Fatty Acyls; Acetamides; Organic oxides; Hydrocarbon derivatives; Organopnictogen compounds; Organic oxygen compounds; Organic nitrogen compounds; Chemical entities	415.253	280	4.672	816703618953742635	816702794689031773	816702794689031772	990	
1	C17H31N3O4	[M + H]+	C17H32N3O4+	Amino acids and Peptides	1.000	Small peptides	1.000	Dipeptides	0.968	Organic acids and derivatives	1.000	Carboxylic acids and derivatives	1.000	Amino acids, peptides, and analogues	1.000	Peptides	0.991	Dipeptides	0.823	Organic compounds; Organoheterocyclic compounds; Amino acids, peptides, and analogues; Alpha amino acids and derivatives; Pyrrolidines; Organic acids and derivatives; Carboxylic acids and derivatives; Organonitrogen compounds; Organooxygen compounds; Amino acids and derivatives; Peptides; Monoalkylamines; Carboxylic acid amides; Carboxylic acid derivatives; Monocarboxylic acids and derivatives; N-acyl-alpha amino acids and derivatives; Carboxylic acids; Tertiary carboxylic acid amides; Carbonyl compounds; Pyrrolidine carboxylic acids and derivatives; Alpha amino acid amides; N-acyl-alpha amino acids; Pyrrolidine carboxylic acids; Amines; Primary amines; N-acylpyrrolidines; Organic oxides; Azacyclic compounds; N-acyl-L-alpha-amino acids; Hydrocarbon derivatives; Amino acids; Proline and derivatives; Organopnictogen compounds; Organic oxygen compounds; Organic nitrogen compounds; Dipeptides; Chemical entities	342.237	281	4.685	816703637576453395	816702794860998252	816702794860998251	1027	
1	C21H37N3O9S	[M + H]+	C21H38N3O9S+	Amino acids and Peptides	0.992	Small peptides	0.552	Dipeptides	0.207	Organic acids and derivatives	1.000	Carboxylic acids and derivatives	0.999	Amino acids, peptides, and analogues	0.997	Peptides	0.912	Peptides	0.912	Organic compounds; Organosulfur compounds; Lipids and lipid-like molecules; Amino acids, peptides, and analogues; Alpha amino acids and derivatives; Alcohols and polyols; Organic acids and derivatives; Carboxylic acids and derivatives; Organonitrogen compounds; Organooxygen compounds; Fatty amides; Dicarboxylic acids and derivatives; Amino acids and derivatives; Peptides; Monoalkylamines; Carboxylic acid amides; Carboxylic acid derivatives; N-acyl amines; N-acyl-alpha amino acids and derivatives; Thioethers; Carboxylic acids; Secondary carboxylic acid amides; Carbonyl compounds; Benzene and substituted derivatives; Alpha amino acid amides; N-acyl-alpha amino acids; Benzenoids; Amines; Primary amines; Sulfenyl compounds; Dialkylthioethers; Fatty Acyls; Organic oxides; Hydrocarbon derivatives; Amino acids; Organopnictogen compounds; Organic oxygen compounds; Organic nitrogen compounds; Chemical entities	508.230	282	4.703	816703664877181599	816702794923912817	816702794923912816	1002	
1	C9H19N3O9	[M + Na]+	C9H19N3NaO9+	Carbohydrates	0.867	Small peptides	0.747	Aminosugars	0.486	Organic acids and derivatives	0.973	Carboxylic acids and derivatives	0.942	Amino acids, peptides, and analogues	0.904	Amino acids and derivatives	0.902	Alpha amino acids	0.827	Organic compounds; Carbohydrates and carbohydrate conjugates; Lipids and lipid-like molecules; Amino acids, peptides, and analogues; Alpha amino acids and derivatives; Alcohols and polyols; Fatty acids and conjugates; Organic acids and derivatives; Carboxylic acids and derivatives; Organonitrogen compounds; Primary alcohols; Organooxygen compounds; Amino acids and derivatives; Monoalkylamines; Carboxylic acids; Monosaccharides; Secondary alcohols; Carbonyl compounds; Alpha amino acids; Amines; Primary amines; Fatty Acyls; Organic oxides; Hydrocarbon derivatives; Amino acids; Organopnictogen compounds; Organic oxygen compounds; Organic nitrogen compounds; Chemical entities	336.100	282	4.704	816703663438535197	816702794986827382	816702794986827381	1004	
1	C23H31N7O5	[M + H]+	C23H32N7O5+	Carbohydrates	0.932	Nucleosides	0.955	Purine nucleosides	0.985	Nucleosides, nucleotides, and analogues	0.975	Purine nucleosides	0.941	Purine 3'-deoxyribonucleosides	0.772			Purine 3'-deoxyribonucleosides	0.772	Organic compounds; Organoheterocyclic compounds; Carbohydrates and carbohydrate conjugates; Lipids and lipid-like molecules; Amino acids, peptides, and analogues; Alpha amino acids and derivatives; Pyrimidines and pyrimidine derivatives; Imidazoles; Alcohols and polyols; Phenethylamines; Amphetamines and derivatives; Purines and purine derivatives; Organic acids and derivatives; Carboxylic acids and derivatives; Organonitrogen compounds; Primary alcohols; Nucleosides, nucleotides, and analogues; Organooxygen compounds; Fatty amides; Amino acids and derivatives; Azoles; Monoalkylamines; Carboxylic acid amides; Purine nucleosides; Carboxylic acid derivatives; Aminopyrimidines and derivatives; Diazines; Pentoses; Monosaccharides; Secondary alcohols; Secondary carboxylic acid amides; Imidazopyrimidines; Carbonyl compounds; Glycosyl compounds; Purine 3'-deoxyribonucleosides; Glycosylamines; Benzene and substituted derivatives; Alpha amino acid amides; Substituted imidazoles; N-substituted imidazoles; Benzenoids; Amines; Primary amines; 6-aminopurines; 6-alkylaminopurines; Imidolactams; Fatty Acyls; Organic oxides; Azacyclic compounds; Oxacyclic compounds; Heteroaromatic compounds; Hydrocarbon derivatives; Phenylalanine and derivatives; Organopnictogen compounds; Organic oxygen compounds; Organic nitrogen compounds; Chemical entities	486.250	283	4.719	816703658627667267	816702795049741947	816702795049741946	1001	
1	C23H34N6O6	[M + H]+	C23H35N6O6+	Alkaloids	0.495	Pseudoalkaloids (transamidation)	0.490	Purine alkaloids	0.559	Nucleosides, nucleotides, and analogues	0.562	Purine nucleosides	0.590					Purine nucleosides	0.590	Organic compounds; Organoheterocyclic compounds; Carbohydrates and carbohydrate conjugates; Pyrimidines and pyrimidine derivatives; Imidazoles; Alcohols and polyols; Anisoles; Purines and purine derivatives; Organonitrogen compounds; Primary alcohols; Nucleosides, nucleotides, and analogues; Organooxygen compounds; Azoles; Purine nucleosides; Aminopyrimidines and derivatives; Diazines; Secondary alcohols; Imidazopyrimidines; Glycosyl compounds; Glycosylamines; Benzene and substituted derivatives; Substituted imidazoles; N-substituted imidazoles; Phenol ethers; Benzenoids; Amines; Primary amines; 6-aminopurines; 6-alkylaminopurines; Imidolactams; Methoxybenzenes; Azacyclic compounds; Heteroaromatic compounds; Hydrocarbon derivatives; Organopnictogen compounds; Organic oxygen compounds; Organic nitrogen compounds; Phenoxy compounds; Chemical entities	491.262	285	4.747	816703646543876407	816702795162988170	816702795162988169	1024	
1	C17H23N3O3	[M + H]+	C17H24N3O3+	Amino acids and Peptides	1.000	Small peptides	1.000	Dipeptides	1.000	Organic acids and derivatives	1.000	Carboxylic acids and derivatives	1.000	Amino acids, peptides, and analogues	1.000	Peptides	0.997	Dipeptides	0.994	Organic compounds; Organoheterocyclic compounds; Lipids and lipid-like molecules; Amino acids, peptides, and analogues; Alpha amino acids and derivatives; Pyrroles; Indoles and derivatives; Organic acids and derivatives; Carboxylic acids and derivatives; Organonitrogen compounds; Organooxygen compounds; Fatty amides; Amino acids and derivatives; Peptides; Monoalkylamines; Carboxylic acid amides; Carboxylic acid derivatives; N-acyl amines; Monocarboxylic acids and derivatives; N-acyl-alpha amino acids and derivatives; Carboxylic acids; Indolyl carboxylic acids and derivatives; Secondary carboxylic acid amides; Carbonyl compounds; Substituted pyrroles; Alpha amino acid amides; N-acyl-alpha amino acids; Benzenoids; Amines; Primary amines; Indoles; Fatty Acyls; Organic oxides; Azacyclic compounds; Heteroaromatic compounds; Hydrocarbon derivatives; Amino acids; 3-alkylindoles; Organopnictogen compounds; Organic oxygen compounds; Organic nitrogen compounds; Dipeptides; Chemical entities	318.180	286	4.763	816703657860109488	816702795276234388	816702795272040083	1029	
1	C12H19N5O4S	[M + Na]+	C12H19N5NaO4S+	Amino acids and Peptides	0.681	Histidine alkaloids	0.363	Imidazole alkaloids	0.359	Organoheterocyclic compounds	0.947	Azoles	0.798					Azoles	0.798	Organic compounds; Organoheterocyclic compounds; Organosulfur compounds; Organic acids and derivatives; Carboxylic acids and derivatives; Organonitrogen compounds; Organooxygen compounds; Azoles; Monocarboxylic acids and derivatives; Thioethers; Carboxylic acids; Carbonyl compounds; Sulfenyl compounds; Dialkylthioethers; Organic oxides; Azacyclic compounds; Heteroaromatic compounds; Hydrocarbon derivatives; Organopnictogen compounds; Organic oxygen compounds; Organic nitrogen compounds; Chemical entities	352.106	286	4.767	816703670203948101	816702795402063518	816702795402063517	1032	
1	C5H8O11	[M + Na]+	C5H8NaO11+	Carbohydrates	0.985	Saccharides	0.980	Monosaccharides	0.956	Organic acids and derivatives	0.761	Hydroxy acids and derivatives	0.631					Hydroxy acids and derivatives	0.631	Organic compounds; Carbohydrates and carbohydrate conjugates; Ketones; Alcohols and polyols; Organic acids and derivatives; Carboxylic acids and derivatives; Primary alcohols; Organooxygen compounds; Hydroxy acids and derivatives; Monocarboxylic acids and derivatives; Carboxylic acids; Monosaccharides; Secondary alcohols; Carbonyl compounds; Acyloins; Polyols; Alpha-hydroxy ketones; Beta-hydroxy ketones; Organic oxides; Hydrocarbon derivatives; Organic oxygen compounds; Chemical entities	266.994	286	4.768	816703657520370802	816702795464978083	816702795464978082	1033	
1	C22H10O7	[M + H]+	C22H11O7+	Polyketides	0.636	Terphenyls	0.425	p-Terphenyls	0.346	Benzenoids	0.998	Naphthalenes	0.551					Naphthalenes	0.551	Organic compounds; Naphthalenes; Phenols; Organic acids and derivatives; Carboxylic acids and derivatives; Organooxygen compounds; Carboxylic acid derivatives; Carboxylic acids; Carbonyl compounds; Benzene and substituted derivatives; Benzenoids; Organic oxides; Hydrocarbon derivatives; Organic oxygen compounds; Chemical entities	387.050	286	4.769	816703674633133442	816702795540475560	816702795536281255	1035	
1	C15H22O5	[M - H2O + H]+	C15H21O4+	Terpenoids	0.946	Sesquiterpenoids	0.937	Bisabolane sesquiterpenoids	0.213	Lipids and lipid-like molecules	0.626							Lipids and lipid-like molecules	0.626	Organic compounds; Lipids and lipid-like molecules; Alcohols and polyols; Organic acids and derivatives; Carboxylic acids and derivatives; Organooxygen compounds; Monocarboxylic acids and derivatives; Secondary alcohols; Tertiary alcohols; Carbonyl compounds; Organic oxides; Hydrocarbon derivatives; Organic oxygen compounds; Chemical entities	265.142	286	4.772	816703659999204847	816702795582418605	816702795582418604	1047	
1	C15H12N2OS	[M + H]+	C15H13N2OS+	Alkaloids	0.872	Nicotinic acid alkaloids	0.231	Pyridine alkaloids	0.230	Benzenoids	0.985	Benzene and substituted derivatives	0.774					Benzene and substituted derivatives	0.774	Organic compounds; Organoheterocyclic compounds; Organosulfur compounds; Organic acids and derivatives; Carboxylic acids and derivatives; Organonitrogen compounds; Organooxygen compounds; Carboxylic acid derivatives; Benzene and substituted derivatives; Benzenoids; Organic oxides; Azacyclic compounds; Heteroaromatic compounds; Hydrocarbon derivatives; Organopnictogen compounds; Organic oxygen compounds; Organic nitrogen compounds; Chemical entities	269.074	286	4.773	816703669537053719	816702795628555954	816702795628555953	1041	
1	C24H38O15	[M + Na]+	C24H38NaO15+	Carbohydrates	0.475	Saccharides	0.672	Secoiridoid monoterpenoids	0.531	Organic oxygen compounds	1.000	Organooxygen compounds	1.000	Carbohydrates and carbohydrate conjugates	0.998	Disaccharides	0.736	Disaccharides	0.736	Organic compounds; Organoheterocyclic compounds; Carbohydrates and carbohydrate conjugates; Lipids and lipid-like molecules; Alcohols and polyols; Ethers; Organic acids and derivatives; Carboxylic acids and derivatives; Primary alcohols; Organooxygen compounds; Carboxylic acid derivatives; Carboxylic acid esters; Disaccharides; Acetals; Secondary alcohols; Carbonyl compounds; Oxanes; Glycosyl compounds; O-glycosyl compounds; Polyols; Fatty Acyls; Organic oxides; Oxacyclic compounds; Hydrocarbon derivatives; Organic oxygen compounds; Chemical entities	589.208	287	4.775	816703670703070317	816702795741802172	816702795741802171	1040	
1	C11H16N4O9	[M + Na]+	C11H16N4NaO9+	Amino acids and Peptides	0.722	Nucleosides	0.595	Pyrimidine nucleosides	0.434	Benzenoids	0.622	Benzene and substituted derivatives	0.792					Benzene and substituted derivatives	0.792	Organic compounds; Organic acids and derivatives; Carboxylic acids and derivatives; Organonitrogen compounds; Organooxygen compounds; Carboxylic acid derivatives; Carbonyl compounds; Benzene and substituted derivatives; Benzenoids; Organic oxides; Hydrocarbon derivatives; Organopnictogen compounds; Organic oxygen compounds; Organic nitrogen compounds; Chemical entities	371.079	287	4.786	816703685769027264	816702795792133825	816702795792133824	1054	
1	C18H37N5O6	[M + Na]+	C18H37N5NaO6+	Fatty acids	0.374	Fatty amides	0.545	N-acyl amines	0.642	Organic acids and derivatives	1.000	Carboxylic acids and derivatives	0.997	Amino acids, peptides, and analogues	0.598	Amino acids and derivatives	0.583	Amino acids and derivatives	0.583	Organic compounds; Lipids and lipid-like molecules; Amino acids, peptides, and analogues; Organic acids and derivatives; Carboxylic acids and derivatives; Organonitrogen compounds; Organooxygen compounds; Fatty amides; Amino acids and derivatives; Hydroxamic acids; Monoalkylamines; Carboxylic acid amides; Carboxylic acid derivatives; N-acyl amines; Primary carboxylic acid amides; Secondary carboxylic acid amides; Carbonyl compounds; Primary amines; Acetohydroxamic acids; Fatty Acyls; Acetamides; Organic oxides; Hydrocarbon derivatives; Organopnictogen compounds; Organic oxygen compounds; Organic nitrogen compounds; Chemical entities	442.265	288	4.793	816703685764832950	816702795855048390	816702795850854085	1056	
1	C26H42N6O9	[M + H]+	C26H43N6O9+	Amino acids and Peptides	0.972	Small peptides	0.858	Tripeptides	0.877	Organic acids and derivatives	1.000	Carboxylic acids and derivatives	0.999	Amino acids, peptides, and analogues	0.988	Peptides	0.979	Oligopeptides	0.887	Organic compounds; Lipids and lipid-like molecules; Amino acids, peptides, and analogues; Alpha amino acids and derivatives; Fatty acids and conjugates; Organic acids and derivatives; Carboxylic acids and derivatives; Organonitrogen compounds; Organooxygen compounds; Fatty amides; Dicarboxylic acids and derivatives; Amino acids and derivatives; Peptides; Monoalkylamines; Carboxylic acid amides; Carboxylic acid derivatives; N-acyl amines; N-acyl-alpha amino acids and derivatives; Carboxylic acids; Primary carboxylic acid amides; Secondary carboxylic acid amides; Carbonyl compounds; Alpha amino acid amides; N-acyl-alpha amino acids; Amines; Primary amines; Fatty Acyls; Organic oxides; Hydrocarbon derivatives; Amino acids; Glutamine and derivatives; Organopnictogen compounds; Organic oxygen compounds; Organic nitrogen compounds; Oligopeptides; Chemical entities	583.307	289	4.809	816703708229538039	816702796039597781	816702796039597780	1062	
1	C17H31N3O6	[M + H]+	C17H32N3O6+	Amino acids and Peptides	0.998	Small peptides	0.996	Tripeptides	0.992	Organic acids and derivatives	1.000	Carboxylic acids and derivatives	1.000	Amino acids, peptides, and analogues	0.995	Peptides	0.993	Oligopeptides	0.947	Organic compounds; Lipids and lipid-like molecules; Amino acids, peptides, and analogues; Alpha amino acids and derivatives; Fatty acids and conjugates; Organic acids and derivatives; Carboxylic acids and derivatives; Organonitrogen compounds; Organooxygen compounds; Fatty amides; Branched fatty acids; Amino acids and derivatives; Peptides; Monoalkylamines; Carboxylic acid amides; Carboxylic acid derivatives; N-acyl amines; Monocarboxylic acids and derivatives; N-acyl-alpha amino acids and derivatives; Carboxylic acids; Secondary carboxylic acid amides; Carbonyl compounds; Alpha amino acid amides; N-acyl-alpha amino acids; Amines; Primary amines; Methyl-branched fatty acids; Fatty Acyls; Organic oxides; Hydrocarbon derivatives; Amino acids; Valine and derivatives; Leucine and derivatives; Isoleucine and derivatives; Organopnictogen compounds; Organic oxygen compounds; Organic nitrogen compounds; Oligopeptides; Chemical entities	374.227	289	4.815	816703699044003307	816702796198981343	816702796198981342	1065	
1	C15H22N2O3	[M + H]+	C15H23N2O3+	Amino acids and Peptides	1.000	Small peptides	1.000	Dipeptides	1.000	Organic acids and derivatives	1.000	Carboxylic acids and derivatives	1.000	Amino acids, peptides, and analogues	1.000	Peptides	0.991	Dipeptides	0.975	Organic compounds; Lipids and lipid-like molecules; Amino acids, peptides, and analogues; Alpha amino acids and derivatives; Phenethylamines; Amphetamines and derivatives; Organic acids and derivatives; Carboxylic acids and derivatives; Organonitrogen compounds; Organooxygen compounds; Fatty amides; Amino acids and derivatives; Peptides; Monoalkylamines; Carboxylic acid amides; Carboxylic acid derivatives; Monocarboxylic acids and derivatives; N-acyl-alpha amino acids and derivatives; Carboxylic acids; Secondary carboxylic acid amides; Carbonyl compounds; Benzene and substituted derivatives; Alpha amino acid amides; N-acyl-alpha amino acids; Benzenoids; Amines; Primary amines; Aralkylamines; Fatty Acyls; Organic oxides; N-acyl-L-alpha-amino acids; Hydrocarbon derivatives; Amino acids; Phenylalanine and derivatives; Leucine and derivatives; Organopnictogen compounds; Organic oxygen compounds; Organic nitrogen compounds; Dipeptides; Chemical entities	279.167	290	4.828	816703689292243057	816702796312227561	816702796303838952	1068	
1	C6H7F2NO4	[M + H]+	C6H8F2NO4+	Alkaloids	0.530	Nicotinic acid alkaloids	0.555	Pyridine alkaloids	0.556	Organohalogen compounds	0.996	Aryl halides	0.525	Aryl fluorides	0.502			Aryl fluorides	0.502	Organic compounds; Organoheterocyclic compounds; Organic acids and derivatives; Carboxylic acids and derivatives; Organohalogen compounds; Organonitrogen compounds; Organooxygen compounds; Aryl fluorides; Carboxylic acid derivatives; Monocarboxylic acids and derivatives; Carboxylic acid esters; Organofluorides; Aryl halides; Methyl esters; Organic oxides; Azacyclic compounds; Heteroaromatic compounds; Hydrocarbon derivatives; Organopnictogen compounds; Organic oxygen compounds; Organic nitrogen compounds; Chemical entities	196.042	291	4.847	816703695071996474	816702796366753518	816702796366753517	1073	
1	C24H46N4O5	[M + H]+	C24H47N4O5+	Amino acids and Peptides	0.978	Small peptides	0.780	Tripeptides	0.816	Organic acids and derivatives	0.998	Carboxylic acids and derivatives	0.994	Amino acids, peptides, and analogues	0.966	Peptides	0.726	Peptides	0.726	Organic compounds; Lipids and lipid-like molecules; Amino acids, peptides, and analogues; Alpha amino acids and derivatives; Organic acids and derivatives; Carboxylic acids and derivatives; Organonitrogen compounds; Organooxygen compounds; Fatty amides; Amino acids and derivatives; Peptides; Carboxylic acid amides; Carboxylic acid derivatives; N-acyl amines; N-acyl-alpha amino acids and derivatives; Primary carboxylic acid amides; Secondary carboxylic acid amides; Carbonyl compounds; Alpha amino acid amides; Fatty Acyls; Organic oxides; Hydrocarbon derivatives; Valine and derivatives; Organopnictogen compounds; Organic oxygen compounds; Organic nitrogen compounds; Chemical entities	471.353	291	4.848	816703694728063433	816702796417085171	816702796417085170	1075	
1	C15H20N2O6	[M + H]+	C15H21N2O6+	Alkaloids	0.508	Nucleosides	0.401	Pyrimidine nucleosides	0.545	Organoheterocyclic compounds	0.991	Pteridines and derivatives	0.749	Alloxazines and isoalloxazines	0.857	Flavins	0.782	Flavins	0.782	Organic compounds; Organoheterocyclic compounds; Carbohydrates and carbohydrate conjugates; Pyrimidines and pyrimidine derivatives; Pteridines and derivatives; Alcohols and polyols; Lactams; Organic acids and derivatives; Organonitrogen compounds; Primary alcohols; Pyrimidones; Organooxygen compounds; Alloxazines and isoalloxazines; Flavins; Diazines; Monosaccharides; Secondary alcohols; Glycosyl compounds; Glycosylamines; Polyols; Vinylogous amides; Organic oxides; Azacyclic compounds; Heteroaromatic compounds; Hydrocarbon derivatives; Organopnictogen compounds; Organic oxygen compounds; Organic nitrogen compounds; Chemical entities	325.137	291	4.853	816703696527420371	816702796572274434	816702796572274433	1078	
1	C30H50N6O11	[M + Na]+	C30H50N6NaO11+	Amino acids and Peptides	0.937	Oligopeptides	0.996	Lipopeptides	0.689	Organic acids and derivatives	0.998	Carboxylic acids and derivatives	0.991	Amino acids, peptides, and analogues	0.981	Peptides	0.762	Peptides	0.762	Organic compounds; Organoheterocyclic compounds; Lipids and lipid-like molecules; Amino acids, peptides, and analogues; Alpha amino acids and derivatives; Alcohols and polyols; Fatty acids and conjugates; Organic acids and derivatives; Carboxylic acids and derivatives; Organonitrogen compounds; Primary alcohols; Organooxygen compounds; Fatty amides; Hydroxy fatty acids; Amino acids and derivatives; Peptides; Monoalkylamines; Carboxylic acid amides; Carboxylic acid derivatives; N-acyl amines; Monocarboxylic acids and derivatives; N-acyl-alpha amino acids and derivatives; Carboxylic acids; Secondary alcohols; Secondary carboxylic acid amides; Carbonyl compounds; Alpha amino acid amides; Amines; Primary amines; Fatty Acyls; Organic oxides; Azacyclic compounds; Hydrocarbon derivatives; Amino acids; Organopnictogen compounds; Organic oxygen compounds; Organic nitrogen compounds; Chemical entities	693.342	291	4.856	816703705696174391	816702796698103564	816702796693909259	1079	
1	C11H11NO3	[M + H]+	C11H12NO3+	Alkaloids	0.998	Tryptophan alkaloids	0.996	Simple indole alkaloids	0.994	Organoheterocyclic compounds	1.000	Indoles and derivatives	0.996	Indolyl carboxylic acids and derivatives	0.780			Indolyl carboxylic acids and derivatives	0.780	Organic compounds; Organoheterocyclic compounds; Pyrroles; Alcohols and polyols; Indoles and derivatives; Organic acids and derivatives; Carboxylic acids and derivatives; Organonitrogen compounds; Organooxygen compounds; Hydroxy acids and derivatives; Monocarboxylic acids and derivatives; Carboxylic acids; Indolyl carboxylic acids and derivatives; Alpha hydroxy acids and derivatives; Secondary alcohols; Carbonyl compounds; Substituted pyrroles; Benzenoids; Indoles; Organic oxides; Azacyclic compounds; Heteroaromatic compounds; Hydrocarbon derivatives; 3-alkylindoles; Organopnictogen compounds; Organic oxygen compounds; Organic nitrogen compounds; Chemical entities	206.080	292	4.873	816703695466261206	816702796740046609	816702796740046608	1088	
1	C10H12N2O2	[M + H]+	C10H13N2O2+	Amino acids and Peptides	0.601	Small peptides	0.506	Aminoacids	0.247	Organic acids and derivatives	0.974	Carboxylic acids and derivatives	0.967	Amino acids, peptides, and analogues	0.603	Amino acids and derivatives	0.601	Alpha amino acids and derivatives	0.519	Organic compounds; Organoheterocyclic compounds; Amino acids, peptides, and analogues; Alpha amino acids and derivatives; Organic acids and derivatives; Carboxylic acids and derivatives; Organonitrogen compounds; Organooxygen compounds; Amino acids and derivatives; Monocarboxylic acids and derivatives; Carboxylic acids; Carbonyl compounds; Benzenoids; Organic oxides; Azacyclic compounds; Heteroaromatic compounds; Hydrocarbon derivatives; Organopnictogen compounds; Organic oxygen compounds; Organic nitrogen compounds; Chemical entities	193.096	292	4.873	816703696904907825	816702796790378262	816702796790378261	1090	
1	C14H28N7O4	[M + H]+	C14H29N7O4+	Amino acids and Peptides	0.999	Small peptides	0.999	Dipeptides	0.843	Organic acids and derivatives	1.000	Carboxylic acids and derivatives	1.000	Amino acids, peptides, and analogues	0.999	Peptides	0.948	Dipeptides	0.663	Organic compounds; Lipids and lipid-like molecules; Amino acids, peptides, and analogues; Alpha amino acids and derivatives; Fatty acids and conjugates; Organic acids and derivatives; Carboxylic acids and derivatives; Organonitrogen compounds; Organooxygen compounds; Fatty amides; Branched fatty acids; Amino acids and derivatives; Peptides; Guanidines; Monoalkylamines; Carboxylic acid amides; Carboxylic acid derivatives; N-acyl amines; Monocarboxylic acids and derivatives; N-acyl-alpha amino acids and derivatives; Carboxylic acids; Secondary carboxylic acid amides; Carbonyl compounds; Alpha amino acid amides; N-acyl-alpha amino acids; Amines; Primary amines; Carboximidamides; Organic 1,3-dipolar compounds; Propargyl-type 1,3-dipolar organic compounds; Fatty Acyls; Organic oxides; Hydrocarbon derivatives; Amino acids; Leucine and derivatives; Organopnictogen compounds; Organic oxygen compounds; Organic nitrogen compounds; Dipeptides; Chemical entities	359.227	293	4.878	816703699132083721	816702796832321307	816702796828127002	1091	
1	C22H35N5O5	[M + Na]+	C22H35N5NaO5+	Amino acids and Peptides	0.984	Oligopeptides	0.718	Cyclic peptides	0.787	Organic acids and derivatives	0.998	Carboxylic acids and derivatives	0.991	Amino acids, peptides, and analogues	0.895	Peptides	0.678	Peptides	0.678	Organic compounds; Organoheterocyclic compounds; Lipids and lipid-like molecules; Amino acids, peptides, and analogues; Alpha amino acids and derivatives; Organic acids and derivatives; Carboxylic acids and derivatives; Organonitrogen compounds; Organooxygen compounds; Fatty amides; Amino acids and derivatives; Peptides; Hydroxamic acids; Carboxylic acid amides; Carboxylic acid derivatives; N-acyl amines; N-acyl-alpha amino acids and derivatives; Primary carboxylic acid amides; Secondary carboxylic acid amides; Carbonyl compounds; Alpha amino acid amides; Fatty Acyls; Organic oxides; Azacyclic compounds; Hydrocarbon derivatives; Organopnictogen compounds; Organic oxygen compounds; Organic nitrogen compounds; Chemical entities	472.254	293	4.882	816703703036985170	816702797000093482	816702797000093481	1095	
1	C17H35O5	[M + Na]+	C17H35NaO5+	Terpenoids	0.855	Sesquiterpenoids	0.570	Bisabolane sesquiterpenoids	0.153	Lipids and lipid-like molecules	0.631	Prenol lipids	0.527					Prenol lipids	0.527	Organic compounds; Lipids and lipid-like molecules; Alcohols and polyols; Ethers; Prenol lipids; Organooxygen compounds; Carbonyl compounds; Organic oxides; Hydrocarbon derivatives; Organic oxygen compounds; Chemical entities	342.237	293	4.884	816703710163112650	816702797042036527	816702797037842222	1136	
1	C13H28N4O4	[M + K]+	C13H28KN4O4+	Amino acids and Peptides	0.653	Small peptides	0.236	Imidazole alkaloids	0.133	Organic nitrogen compounds	1.000	Organonitrogen compounds	0.999	Amines	0.712			Amines	0.712	Organic compounds; Organonitrogen compounds; Organooxygen compounds; Amines; Organic oxides; Hydrocarbon derivatives; Organopnictogen compounds; Organic oxygen compounds; Organic nitrogen compounds; Chemical entities	343.172	293	4.891	816703703007625029	816702797100756788	816702797100756787	1100	
1	C20H36N4O5	[M + H]+	C20H37N4O5+	Amino acids and Peptides	1.000	Small peptides	0.997	Tripeptides	0.851	Organic acids and derivatives	1.000	Carboxylic acids and derivatives	1.000	Amino acids, peptides, and analogues	1.000	Peptides	0.996	Oligopeptides	0.916	Organic compounds; Organoheterocyclic compounds; Lipids and lipid-like molecules; Amino acids, peptides, and analogues; Alpha amino acids and derivatives; Pyrrolidines; Organic acids and derivatives; Carboxylic acids and derivatives; Organonitrogen compounds; Organooxygen compounds; Fatty amides; Amino acids and derivatives; Peptides; Monoalkylamines; Carboxylic acid amides; Carboxylic acid derivatives; Monocarboxylic acids and derivatives; N-acyl-alpha amino acids and derivatives; Carboxylic acids; Secondary carboxylic acid amides; Tertiary carboxylic acid amides; Carbonyl compounds; Pyrrolidine carboxylic acids and derivatives; Alpha amino acid amides; N-acyl-alpha amino acids; Pyrrolidine carboxylic acids; Amines; Primary amines; N-acylpyrrolidines; Fatty Acyls; Organic oxides; Azacyclic compounds; Hydrocarbon derivatives; Amino acids; Valine and derivatives; Proline and derivatives; Organopnictogen compounds; Organic oxygen compounds; Organic nitrogen compounds; Oligopeptides; Chemical entities	413.274	293	4.891	816703700331654886	816702797247557443	816702797247557442	1098	
1	C18H25NO4	[M + Na]+	C18H25NNaO4+	Alkaloids	1.000	Tyrosine alkaloids	0.999	Aporphine alkaloids	0.792	Alkaloids and derivatives	0.839	Aporphines	0.861					Aporphines	0.861	Organic compounds; Organoheterocyclic compounds; Naphthalenes; Phenanthrenes and derivatives; Alkyl aryl ethers; Phenols; Anisoles; Ethers; Organonitrogen compounds; Alkaloids and derivatives; Organooxygen compounds; Aporphines; Quinolines and derivatives; Benzoquinolines; Phenol ethers; Benzenoids; Amines; Tetrahydroisoquinolines; Aralkylamines; Azacyclic compounds; Hydrocarbon derivatives; Organopnictogen compounds; Organic oxygen compounds; Organic nitrogen compounds; Chemical entities	342.169	294	4.892	816703712939742802	816702797193031486	816702797193031485	1097	
1	C9H17NO3	[M + H]+	C9H18NO3+	Amino acids and Peptides	0.714	Small peptides	0.795	Aminoacids	0.765	Organic acids and derivatives	0.997	Carboxylic acids and derivatives	0.996	Amino acids, peptides, and analogues	0.773	Amino acids and derivatives	0.772	Amino acids	0.833	Organic compounds; Lipids and lipid-like molecules; Amino acids, peptides, and analogues; Fatty acids and conjugates; Organic acids and derivatives; Carboxylic acids and derivatives; Organonitrogen compounds; Organooxygen compounds; Amino acids and derivatives; Monoalkylamines; Amino fatty acids; Monocarboxylic acids and derivatives; Carboxylic acids; Carbonyl compounds; Amines; Primary amines; Fatty Acyls; Organic oxides; Hydrocarbon derivatives; Amino acids; Organopnictogen compounds; Organic oxygen compounds; Organic nitrogen compounds; Chemical entities	188.127	294	4.905	816703708225343731	816702797306277704	816702797302083399	1102	
1	C16H29N3O6	[M + H]+	C16H30N3O6+	Amino acids and Peptides	0.999	Small peptides	0.998	Tripeptides	0.995	Organic acids and derivatives	1.000	Carboxylic acids and derivatives	1.000	Amino acids, peptides, and analogues	0.998	Peptides	0.997	Oligopeptides	0.967	Organic compounds; Lipids and lipid-like molecules; Amino acids, peptides, and analogues; Alpha amino acids and derivatives; Fatty acids and conjugates; Organic acids and derivatives; Carboxylic acids and derivatives; Organonitrogen compounds; Organooxygen compounds; Fatty amides; Branched fatty acids; Amino acids and derivatives; Peptides; Monoalkylamines; Carboxylic acid amides; Carboxylic acid derivatives; N-acyl amines; Monocarboxylic acids and derivatives; N-acyl-alpha amino acids and derivatives; Carboxylic acids; Secondary carboxylic acid amides; Carbonyl compounds; Alpha amino acid amides; N-acyl-alpha amino acids; Amines; Primary amines; Methyl-branched fatty acids; Fatty Acyls; Organic oxides; Hydrocarbon derivatives; Amino acids; Valine and derivatives; Leucine and derivatives; Organopnictogen compounds; Organic oxygen compounds; Organic nitrogen compounds; Oligopeptides; Chemical entities	360.211	296	4.927	816703711345906545	816702797352415053	816702797352415052	1107	
1	C19H34N4O5	[M + Na]+	C19H34N4NaO5+	Amino acids and Peptides	0.926	Small peptides	0.603	Dipeptides	0.327	Organic acids and derivatives	0.997	Carboxylic acids and derivatives	0.995	Amino acids, peptides, and analogues	0.909	Amino acids and derivatives	0.904	Alpha amino acids and derivatives	0.908	Organic compounds; Organoheterocyclic compounds; Amino acids, peptides, and analogues; Alpha amino acids and derivatives; Organic acids and derivatives; Carboxylic acids and derivatives; Organonitrogen compounds; Organooxygen compounds; Amino acids and derivatives; Carboxylic acid amides; Carboxylic acid derivatives; Monocarboxylic acids and derivatives; Carboxylic acids; Carbonyl compounds; Organic oxides; Azacyclic compounds; Hydrocarbon derivatives; Organopnictogen compounds; Organic oxygen compounds; Organic nitrogen compounds; Chemical entities	421.241	297	4.949	816703710750315345	816702797402746706	816702797402746705	1119	
1	C33H32O10	[M + H]+	C33H33O10+	Shikimates and Phenylpropanoids	0.995	Stilbenoids	0.394	Oligomeric stibenes	0.330	Phenylpropanoids and polyketides	0.912	2-arylbenzofuran flavonoids	0.515					2-arylbenzofuran flavonoids	0.515	Organic compounds; Organoheterocyclic compounds; Carbohydrates and carbohydrate conjugates; Benzopyrans; Alkyl aryl ethers; Alcohols and polyols; Phenols; Ethers; Phenylpropanoids and polyketides; Primary alcohols; Organooxygen compounds; Hexoses; Monosaccharides; Acetals; Secondary alcohols; Oxanes; Glycosyl compounds; O-glycosyl compounds; Benzene and substituted derivatives; Polyols; Benzenoids; 2-arylbenzofuran flavonoids; 1-benzopyrans; Oxacyclic compounds; Heteroaromatic compounds; Hydrocarbon derivatives; Phenolic glycosides; Organic oxygen compounds; 1-hydroxy-2-unsubstituted benzenoids; 1-hydroxy-4-unsubstituted benzenoids; Chemical entities	589.208	298	4.969	816703745302996835	816702797587296102	816702797583101797	1126	
1	C22H32N4O7	[M + H]+	C22H33N4O7+	Amino acids and Peptides	0.999	Small peptides	0.989	Tripeptides	1.000	Organic acids and derivatives	1.000	Carboxylic acids and derivatives	1.000	Amino acids, peptides, and analogues	0.999	Peptides	0.998	Oligopeptides	0.994	Organic compounds; Lipids and lipid-like molecules; Amino acids, peptides, and analogues; Alpha amino acids and derivatives; Phenethylamines; Amphetamines and derivatives; Organic acids and derivatives; Carboxylic acids and derivatives; Organonitrogen compounds; Organooxygen compounds; Fatty amides; Amino acids and derivatives; Peptides; Monoalkylamines; Carboxylic acid amides; Carboxylic acid derivatives; N-acyl amines; Monocarboxylic acids and derivatives; N-acyl-alpha amino acids and derivatives; Carboxylic acids; Secondary carboxylic acid amides; Carbonyl compounds; Benzene and substituted derivatives; Alpha amino acid amides; N-acyl-alpha amino acids; Benzenoids; Amines; Primary amines; Fatty Acyls; Organic oxides; Hydrocarbon derivatives; Amino acids; Phenylalanine and derivatives; Leucine and derivatives; Organopnictogen compounds; Organic oxygen compounds; Organic nitrogen compounds; Oligopeptides; Chemical entities	465.233	299	4.979	816703745424631739	816702797658599280	816702797658599279	1129	
1	C17H31N3O6	[M + H]+	C17H32N3O6+	Amino acids and Peptides	1.000	Small peptides	0.999	Tripeptides	1.000	Organic acids and derivatives	1.000	Carboxylic acids and derivatives	1.000	Amino acids, peptides, and analogues	0.998	Peptides	1.000	Oligopeptides	0.997	Organic compounds; Lipids and lipid-like molecules; Amino acids, peptides, and analogues; Alpha amino acids and derivatives; Fatty acids and conjugates; Organic acids and derivatives; Carboxylic acids and derivatives; Organonitrogen compounds; Organooxygen compounds; Fatty amides; Branched fatty acids; Amino acids and derivatives; Peptides; Monoalkylamines; Carboxylic acid amides; Carboxylic acid derivatives; N-acyl amines; Monocarboxylic acids and derivatives; N-acyl-alpha amino acids and derivatives; Carboxylic acids; Secondary carboxylic acid amides; Carbonyl compounds; Alpha amino acid amides; N-acyl-alpha amino acids; Amines; Primary amines; Methyl-branched fatty acids; Fatty Acyls; Organic oxides; Hydrocarbon derivatives; Amino acids; Valine and derivatives; Leucine and derivatives; Isoleucine and derivatives; Organopnictogen compounds; Organic oxygen compounds; Organic nitrogen compounds; Oligopeptides; Chemical entities	374.227	299	4.981	816703745256859481	816702797708930933	816702797708930932	1131	
1	C16H31N3O5	[M + H]+	C16H32N3O5+	Amino acids and Peptides	0.974	Small peptides	0.945	Tripeptides	0.727	Organic acids and derivatives	0.999	Carboxylic acids and derivatives	0.999	Amino acids, peptides, and analogues	0.965	Peptides	0.842	Peptides	0.842	Organic compounds; Lipids and lipid-like molecules; Amino acids, peptides, and analogues; Alpha amino acids and derivatives; Alcohols and polyols; Fatty acids and conjugates; Organic acids and derivatives; Carboxylic acids and derivatives; Organonitrogen compounds; Organooxygen compounds; Fatty amides; Branched fatty acids; Hydroxy fatty acids; Amino acids and derivatives; Peptides; Monoalkylamines; Carboxylic acid amides; Carboxylic acid derivatives; N-acyl amines; Monocarboxylic acids and derivatives; N-acyl-alpha amino acids and derivatives; Carboxylic acids; Secondary carboxylic acid amides; Carbonyl compounds; Alpha amino acid amides; N-acyl-alpha amino acids; Amines; Primary amines; Methyl-branched fatty acids; Fatty Acyls; Organic oxides; Hydrocarbon derivatives; Amino acids; Valine and derivatives; Organopnictogen compounds; Organic oxygen compounds; Organic nitrogen compounds; Chemical entities	346.232	300	4.995	816703762705172396	816702797830565764	816702797830565763	1141	
1	C18H20N2O3	[M + H]+	C18H21N2O3+	Amino acids and Peptides	1.000	Small peptides	0.999	Dipeptides	0.975	Organic acids and derivatives	1.000	Carboxylic acids and derivatives	1.000	Amino acids, peptides, and analogues	0.999	Peptides	0.977	Dipeptides	0.905	Organic compounds; Lipids and lipid-like molecules; Amino acids, peptides, and analogues; Alpha amino acids and derivatives; Phenethylamines; Amphetamines and derivatives; Phenylpropanoids and polyketides; Organic acids and derivatives; Carboxylic acids and derivatives; Organonitrogen compounds; Organooxygen compounds; Fatty amides; Amino acids and derivatives; Peptides; Monoalkylamines; Carboxylic acid amides; Carboxylic acid derivatives; Monocarboxylic acids and derivatives; N-acyl-alpha amino acids and derivatives; Carboxylic acids; Secondary carboxylic acid amides; Carbonyl compounds; Benzene and substituted derivatives; Alpha amino acid amides; N-acyl-alpha amino acids; Benzenoids; Amines; Primary amines; Phenylpropanoic acids; Fatty Acyls; Organic oxides; Hydrocarbon derivatives; Amino acids; Phenylalanine and derivatives; Organopnictogen compounds; Organic oxygen compounds; Organic nitrogen compounds; Dipeptides; Chemical entities	313.153	300	4.996	816703760377333197	816702797868314505	816702797864120200	1140	
1	C11H13NO3	[M + H]+	C11H14NO3+	Amino acids and Peptides	0.972	Small peptides	0.999	Dipeptides	0.948	Organic acids and derivatives	1.000	Carboxylic acids and derivatives	1.000	Amino acids, peptides, and analogues	0.999	Amino acids and derivatives	0.999	Phenylalanine and derivatives	0.985	Organic compounds; Amino acids, peptides, and analogues; Alpha amino acids and derivatives; Phenethylamines; Amphetamines and derivatives; Phenylpropanoids and polyketides; Organic acids and derivatives; Carboxylic acids and derivatives; Organonitrogen compounds; Organooxygen compounds; Amino acids and derivatives; Carboxylic acid amides; Carboxylic acid derivatives; Monocarboxylic acids and derivatives; Carboxylic acid salts; N-acyl-alpha amino acids and derivatives; Carboxylic acids; Secondary carboxylic acid amides; Carbonyl compounds; Benzene and substituted derivatives; N-acyl-alpha amino acids; Benzenoids; Phenylpropanoic acids; Organic anions; Acetamides; Organic oxides; Hydrocarbon derivatives; Phenylalanine and derivatives; Organopnictogen compounds; Organic oxygen compounds; Organic nitrogen compounds; Chemical entities	208.096	300	4.999	816703771328663778	816702797901868942	816702797901868941	1143	
1	C7H13NO2	[M + Na]+	C7H13NNaO2+	Amino acids and Peptides	1.000	Small peptides	1.000	Aminoacids	1.000	Organic acids and derivatives	1.000	Carboxylic acids and derivatives	1.000	Amino acids, peptides, and analogues	0.999	Amino acids and derivatives	0.999	Alpha amino acids	0.954	Organic compounds; Amino acids, peptides, and analogues; Alpha amino acids and derivatives; Organic acids and derivatives; Carboxylic acids and derivatives; Organonitrogen compounds; Organooxygen compounds; Amino acids and derivatives; Monoalkylamines; Monocarboxylic acids and derivatives; Carboxylic acids; Carbonyl compounds; Alpha amino acids; Amines; Primary amines; Organic oxides; Hydrocarbon derivatives; Amino acids; Organopnictogen compounds; Organic oxygen compounds; Organic nitrogen compounds; Chemical entities	166.085	300	5.002	816703768933715265	816702797948006291	816702797948006290	1144	
1	C9H11NO3	[M + H]+	C9H12NO3+	Amino acids and Peptides	0.997	Small peptides	0.999	Aminoacids	0.997	Organic acids and derivatives	1.000	Carboxylic acids and derivatives	0.999	Amino acids, peptides, and analogues	0.994	Amino acids and derivatives	0.993	Tyrosine and derivatives	0.689	Organic compounds; Amino acids, peptides, and analogues; Alpha amino acids and derivatives; Phenols; Phenethylamines; Amphetamines and derivatives; Phenylpropanoids and polyketides; Organic acids and derivatives; Carboxylic acids and derivatives; Organonitrogen compounds; Organooxygen compounds; Amino acids and derivatives; Monoalkylamines; Monocarboxylic acids and derivatives; Carboxylic acids; Carbonyl compounds; Benzene and substituted derivatives; Alpha amino acids; Benzenoids; Amines; Primary amines; Phenylpropanoic acids; Aralkylamines; Organic oxides; Hydrocarbon derivatives; Amino acids; Tyrosine and derivatives; Phenylalanine and derivatives; Organopnictogen compounds; Organic oxygen compounds; 1-hydroxy-2-unsubstituted benzenoids; Organic nitrogen compounds; Chemical entities	182.080	301	5.018	816703765574076783	816702798019309469	816702798019309468	1149	
1	C9H17NO2	[M + Na]+	C9H17NNaO2+	Amino acids and Peptides	0.958	Small peptides	0.975	Aminoacids	0.944	Organic acids and derivatives	0.994	Carboxylic acids and derivatives	0.991	Amino acids, peptides, and analogues	0.859	Amino acids and derivatives	0.859	Alpha amino acids and derivatives	0.567	Organic compounds; Lipids and lipid-like molecules; Amino acids, peptides, and analogues; Alpha amino acids and derivatives; Organic acids and derivatives; Carboxylic acids and derivatives; Organonitrogen compounds; Organooxygen compounds; Amino acids and derivatives; Quaternary ammonium salts; Carboxylic acid derivatives; Monocarboxylic acids and derivatives; Carboxylic acids; Carbonyl compounds; Amines; Fatty Acyls; Organic oxides; Hydrocarbon derivatives; Tetraalkylammonium salts; Organopnictogen compounds; Organic oxygen compounds; Organic nitrogen compounds; Chemical entities	194.114	302	5.033	816703777896945567	816702798145138604	816702798145138603	1158	
1	C21H30N8O3	[M + H]+	C21H31N8O3+	Amino acids and Peptides	0.882	Small peptides	0.716	Dipeptides	0.152	Organic acids and derivatives	0.965	Carboxylic acids and derivatives	0.916	Amino acids, peptides, and analogues	0.735	Amino acids and derivatives	0.728	Alpha amino acids and derivatives	0.593	Organic compounds; Organoheterocyclic compounds; Amino acids, peptides, and analogues; Alpha amino acids and derivatives; Imidazoles; Organic acids and derivatives; Carboxylic acids and derivatives; Organonitrogen compounds; Organooxygen compounds; Amino acids and derivatives; Azoles; Carboxylic acid amides; Carboxylic acid derivatives; Carbonyl compounds; Benzene and substituted derivatives; Substituted imidazoles; N-substituted imidazoles; Benzenoids; Amines; Organic oxides; Azacyclic compounds; Heteroaromatic compounds; Hydrocarbon derivatives; Organopnictogen compounds; Organic oxygen compounds; Organic nitrogen compounds; Chemical entities	443.248	302	5.036	816703777821448063	816702798291939259	816702798291939258	1160	
1	C16H29N3O6	[M + H]+	C16H30N3O6+	Amino acids and Peptides	1.000	Small peptides	0.999	Tripeptides	0.996	Organic acids and derivatives	1.000	Carboxylic acids and derivatives	1.000	Amino acids, peptides, and analogues	0.998	Peptides	0.999	Oligopeptides	0.978	Organic compounds; Lipids and lipid-like molecules; Amino acids, peptides, and analogues; Alpha amino acids and derivatives; Fatty acids and conjugates; Organic acids and derivatives; Carboxylic acids and derivatives; Organonitrogen compounds; Organooxygen compounds; Fatty amides; Branched fatty acids; Amino acids and derivatives; Peptides; Monoalkylamines; Carboxylic acid amides; Carboxylic acid derivatives; N-acyl amines; Monocarboxylic acids and derivatives; N-acyl-alpha amino acids and derivatives; Carboxylic acids; Secondary carboxylic acid amides; Carbonyl compounds; Alpha amino acid amides; N-acyl-alpha amino acids; Amines; Primary amines; Methyl-branched fatty acids; Fatty Acyls; Organic oxides; Hydrocarbon derivatives; Amino acids; Valine and derivatives; Leucine and derivatives; Organopnictogen compounds; Organic oxygen compounds; Organic nitrogen compounds; Oligopeptides; Chemical entities	360.211	303	5.048	816703767176301490	816702798543597514	816702798539403209	1165	
1	C16H29N3O5	[M + Na]+	C16H29N3NaO5+	Amino acids and Peptides	0.957	Small peptides	0.909	Tripeptides	0.701	Organic acids and derivatives	0.999	Carboxylic acids and derivatives	0.998	Amino acids, peptides, and analogues	0.970	Peptides	0.868	Peptides	0.868	Organic compounds; Lipids and lipid-like molecules; Amino acids, peptides, and analogues; Alpha amino acids and derivatives; Alcohols and polyols; Fatty acids and conjugates; Organic acids and derivatives; Carboxylic acids and derivatives; Organonitrogen compounds; Organooxygen compounds; Fatty amides; Branched fatty acids; Hydroxy fatty acids; Amino acids and derivatives; Peptides; Monoalkylamines; Carboxylic acid amides; Carboxylic acid derivatives; N-acyl amines; Monocarboxylic acids and derivatives; N-acyl-alpha amino acids and derivatives; Carboxylic acids; Secondary carboxylic acid amides; Carbonyl compounds; Alpha amino acid amides; N-acyl-alpha amino acids; Amines; Primary amines; Methyl-branched fatty acids; Fatty Acyls; Organic oxides; Hydrocarbon derivatives; Amino acids; Valine and derivatives; Organopnictogen compounds; Organic oxygen compounds; Organic nitrogen compounds; Chemical entities	366.201	303	5.049	816703767373433870	816702798598123471	816702798593929166	1168	
1	C20H28N4O4	[M + H]+	C20H29N4O4+	Amino acids and Peptides	1.000	Small peptides	0.999	Dipeptides	0.997	Organic acids and derivatives	1.000	Carboxylic acids and derivatives	1.000	Amino acids, peptides, and analogues	1.000	Peptides	0.991	Dipeptides	0.974	Organic compounds; Organoheterocyclic compounds; Lipids and lipid-like molecules; Amino acids, peptides, and analogues; Alpha amino acids and derivatives; Pyrroles; Indoles and derivatives; Organic acids and derivatives; Carboxylic acids and derivatives; Organonitrogen compounds; Organooxygen compounds; Fatty amides; Amino acids and derivatives; Peptides; Monoalkylamines; Carboxylic acid amides; Carboxylic acid derivatives; N-acyl amines; Monocarboxylic acids and derivatives; N-acyl-alpha amino acids and derivatives; Carboxylic acids; Indolyl carboxylic acids and derivatives; Secondary carboxylic acid amides; Carbonyl compounds; Substituted pyrroles; Alpha amino acid amides; N-acyl-alpha amino acids; Benzenoids; Amines; Primary amines; Indoles; Fatty Acyls; Organic oxides; Azacyclic compounds; Heteroaromatic compounds; Hydrocarbon derivatives; Amino acids; 3-alkylindoles; Organopnictogen compounds; Organic oxygen compounds; Organic nitrogen compounds; Dipeptides; Chemical entities	389.217	303	5.056	816703773975270150	816702798803644387	816702798799450082	1171	
1	C18H27N3O4	[M + H]+	C18H28N3O4+	Amino acids and Peptides	1.000	Small peptides	0.999	Tripeptides	0.997	Organic acids and derivatives	1.000	Carboxylic acids and derivatives	1.000	Amino acids, peptides, and analogues	0.999	Peptides	0.997	Oligopeptides	0.945	Organic compounds; Lipids and lipid-like molecules; Amino acids, peptides, and analogues; Alpha amino acids and derivatives; Phenethylamines; Amphetamines and derivatives; Phenylpropanoids and polyketides; Organic acids and derivatives; Carboxylic acids and derivatives; Organonitrogen compounds; Organooxygen compounds; Fatty amides; Amino acids and derivatives; Peptides; Monoalkylamines; Carboxylic acid amides; Carboxylic acid derivatives; N-acyl amines; Monocarboxylic acids and derivatives; N-acyl-alpha amino acids and derivatives; Carboxylic acids; Secondary carboxylic acid amides; Carbonyl compounds; Benzene and substituted derivatives; Alpha amino acid amides; N-acyl-alpha amino acids; Benzenoids; Amines; Primary amines; Phenylpropanoic acids; Fatty Acyls; Organic oxides; Hydrocarbon derivatives; Amino acids; Phenylalanine and derivatives; Organopnictogen compounds; Organic oxygen compounds; Organic nitrogen compounds; Oligopeptides; Chemical entities	350.206	303	5.056	816703769940348590	816702798849781736	816702798845587431	1172	
1	C17H33N3O4	[M + H]+	C17H34N3O4+	Alkaloids	0.897	Pseudoalkaloids (transamidation)	0.370	Capsaicins and Capsaicinoids	0.290	Organic acids and derivatives	0.975	Carboxylic acids and derivatives	0.965	Amino acids, peptides, and analogues	0.889	Peptides	0.586	Peptides	0.586	Organic compounds; Lipids and lipid-like molecules; Amino acids, peptides, and analogues; Alpha amino acids and derivatives; Alkyl aryl ethers; Phenols; Anisoles; Methoxyphenols; Organic acids and derivatives; Carboxylic acids and derivatives; Organonitrogen compounds; Organooxygen compounds; Fatty amides; Amino acids and derivatives; Peptides; Monoalkylamines; Carboxylic acid amides; Carboxylic acid derivatives; N-acyl amines; N-acyl-alpha amino acids and derivatives; Secondary carboxylic acid amides; Carbonyl compounds; Benzene and substituted derivatives; Alpha amino acid amides; Phenol ethers; Benzenoids; Amines; Primary amines; Fatty Acyls; Organic oxides; Methoxybenzenes; Hydrocarbon derivatives; Organopnictogen compounds; Organic oxygen compounds; 1-hydroxy-2-unsubstituted benzenoids; Organic nitrogen compounds; Phenoxy compounds; Chemical entities	344.253	304	5.064	816703776835786423	816702798702981081	816702798698786776	1145	
1	C19H21N5O2	[M + Na]+	C19H21N5NaO2+	Alkaloids	0.922	Nicotinic acid alkaloids	0.033	Pyridine alkaloids	0.032	Organic acids and derivatives	0.947	Carboxylic acids and derivatives	0.892	Amino acids, peptides, and analogues	0.712	Amino acids and derivatives	0.711	Amino acids and derivatives	0.711	Organic compounds; Organoheterocyclic compounds; Amino acids, peptides, and analogues; Pyridines and derivatives; Organic acids and derivatives; Carboxylic acids and derivatives; Organonitrogen compounds; Organooxygen compounds; Amino acids and derivatives; Carboxylic acid derivatives; Carbonyl compounds; Benzene and substituted derivatives; Benzenoids; Amines; Tertiary amines; Organic oxides; Azacyclic compounds; Heteroaromatic compounds; Hydrocarbon derivatives; Organopnictogen compounds; Organic oxygen compounds; Organic nitrogen compounds; Chemical entities	374.158	304	5.066	816703788256879038	816702798950445042	816702798950445041	1176	
1	C15H27N3O4	[M + Na]+	C15H27N3NaO4+	Amino acids and Peptides	0.991	Small peptides	0.979	Tripeptides	0.965	Organic acids and derivatives	0.999	Carboxylic acids and derivatives	0.999	Amino acids, peptides, and analogues	0.986	Peptides	0.975	Oligopeptides	0.902	Organic compounds; Lipids and lipid-like molecules; Amino acids, peptides, and analogues; Alpha amino acids and derivatives; Fatty acids and conjugates; Organic acids and derivatives; Carboxylic acids and derivatives; Organonitrogen compounds; Organooxygen compounds; Fatty amides; Branched fatty acids; Amino acids and derivatives; Peptides; Monoalkylamines; Carboxylic acid amides; Carboxylic acid derivatives; N-acyl amines; Monocarboxylic acids and derivatives; N-acyl-alpha amino acids and derivatives; Carboxylic acids; Secondary carboxylic acid amides; Carbonyl compounds; Alpha amino acid amides; N-acyl-alpha amino acids; Amines; Primary amines; Fatty Acyls; Organic oxides; Hydrocarbon derivatives; Amino acids; Organopnictogen compounds; Organic oxygen compounds; Organic nitrogen compounds; Oligopeptides; Chemical entities	336.190	304	5.074	816703764626163882	816702798992388087	816702798988193782	1179	
1	C16H20N6O6	[M + H]+	C16H21N6O6+	Carbohydrates	0.885	Nucleosides	0.882	Purine nucleosides	0.814	Nucleosides, nucleotides, and analogues	0.929	Purine nucleosides	0.886					Purine nucleosides	0.886	Organic compounds; Organoheterocyclic compounds; Carbohydrates and carbohydrate conjugates; Pyrimidines and pyrimidine derivatives; Imidazoles; Alcohols and polyols; Purines and purine derivatives; Organonitrogen compounds; Primary alcohols; Nucleosides, nucleotides, and analogues; Organooxygen compounds; Azoles; Purine nucleosides; Aminopyrimidines and derivatives; Diazines; Pentoses; Monosaccharides; Secondary alcohols; Imidazopyrimidines; Glycosyl compounds; Glycosylamines; Benzene and substituted derivatives; Substituted imidazoles; N-substituted imidazoles; Benzenoids; Amines; Primary amines; 6-aminopurines; 6-alkylaminopurines; Imidolactams; Organic oxides; Azacyclic compounds; Oxacyclic compounds; Heteroaromatic compounds; Hydrocarbon derivatives; Organopnictogen compounds; Organic oxygen compounds; Organic nitrogen compounds; Chemical entities	393.150	305	5.091	816703771248971948	816702799025942524	816702799025942523	1180	
1	C17H33N3O4	[M + H]+	C17H34N3O4+	Alkaloids	0.722	Small peptides	0.335	Tripeptides	0.317	Organic acids and derivatives	0.984	Carboxylic acids and derivatives	0.980	Amino acids, peptides, and analogues	0.782	Amino acids and derivatives	0.774	N-acyl-alpha amino acids and derivatives	0.740	Organic compounds; Lipids and lipid-like molecules; Amino acids, peptides, and analogues; Alpha amino acids and derivatives; Phenols; Organic acids and derivatives; Carboxylic acids and derivatives; Organonitrogen compounds; Organooxygen compounds; Fatty amides; Amino acids and derivatives; Monoalkylamines; Carboxylic acid amides; Carboxylic acid derivatives; N-acyl amines; N-acyl-alpha amino acids and derivatives; Secondary carboxylic acid amides; Carbonyl compounds; Benzene and substituted derivatives; Alpha amino acid amides; Benzenoids; Amines; Primary amines; Fatty Acyls; Organic oxides; Methoxybenzenes; Hydrocarbon derivatives; Organopnictogen compounds; Organic oxygen compounds; 1-hydroxy-2-unsubstituted benzenoids; Organic nitrogen compounds; Phenoxy compounds; Chemical entities	344.253	307	5.110	816703769432837642	816702799185326096	816702799185326095	1186	
1	C11H12O4	[M + H]+	C11H13O4+	Shikimates and Phenylpropanoids	0.979	Phenylpropanoids (C6-C3)	0.997	Cinnamic acids and derivatives	0.998	Phenylpropanoids and polyketides	0.958	Cinnamic acids and derivatives	0.882	Hydroxycinnamic acids and derivatives	0.894	Coumaric acids and derivatives	0.892	Coumaric acids and derivatives	0.892	Organic compounds; Lipids and lipid-like molecules; Styrenes; Coumaric acids and derivatives; Alkyl aryl ethers; Phenols; Anisoles; Methoxyphenols; Ethers; Phenylpropanoids and polyketides; Organic acids and derivatives; Carboxylic acids and derivatives; Organooxygen compounds; Fatty acid esters; Cinnamic acids and derivatives; Carboxylic acid derivatives; Monocarboxylic acids and derivatives; Carboxylic acid esters; Hydroxycinnamic acids and derivatives; Carbonyl compounds; Benzene and substituted derivatives; Phenol ethers; Benzenoids; Cinnamic acid esters; Enoate esters; Alpha,beta-unsaturated carboxylic esters; Fatty Acyls; Organic oxides; Methoxybenzenes; Hydrocarbon derivatives; Organic oxygen compounds; 1-hydroxy-2-unsubstituted benzenoids; Phenoxy compounds; Chemical entities	209.080	307	5.112	816703775585883519	816702799239852053	816702799239852052	1190	
1	C27H38O13	[M + Na]+	C27H38NaO13+	Terpenoids	0.869	Monoterpenoids	0.953	Secoiridoid monoterpenoids	0.549	Lipids and lipid-like molecules	0.863	Prenol lipids	0.588	Terpene glycosides	0.574			Terpene glycosides	0.574	Organic compounds; Organoheterocyclic compounds; Carbohydrates and carbohydrate conjugates; Lipids and lipid-like molecules; Alkyl aryl ethers; Alcohols and polyols; Anisoles; Ethers; Prenol lipids; Organic acids and derivatives; Carboxylic acids and derivatives; Primary alcohols; Organooxygen compounds; Carboxylic acid derivatives; Carboxylic acid esters; Hexoses; Monosaccharides; Monoterpenoids; Acetals; Secondary alcohols; Carbonyl compounds; Oxanes; Terpene glycosides; Glycosyl compounds; O-glycosyl compounds; Benzene and substituted derivatives; Polyols; Phenol ethers; Benzenoids; Enoate esters; Alpha,beta-unsaturated carboxylic esters; Fatty Acyls; Organic oxides; Methoxybenzenes; Oxacyclic compounds; Hydrocarbon derivatives; Organic oxygen compounds; Phenoxy compounds; Chemical entities	593.220	307	5.122	816703803721281860	816702799432790062	816702799432790061	1200	
1	C26H38N6O9	[M + H]+	C26H39N6O9+	Amino acids and Peptides	0.996	Small peptides	0.838	Tripeptides	0.984	Organic acids and derivatives	1.000	Carboxylic acids and derivatives	0.999	Amino acids, peptides, and analogues	0.983	Peptides	0.992	Oligopeptides	0.967	Organic compounds; Lipids and lipid-like molecules; Amino acids, peptides, and analogues; Alpha amino acids and derivatives; Phenethylamines; Amphetamines and derivatives; Organic acids and derivatives; Carboxylic acids and derivatives; Organonitrogen compounds; Organooxygen compounds; Fatty amides; Amino acids and derivatives; Peptides; Monoalkylamines; Carboxylic acid amides; Carboxylic acid derivatives; N-acyl amines; Monocarboxylic acids and derivatives; N-acyl-alpha amino acids and derivatives; Carboxylic acids; Primary carboxylic acid amides; Secondary carboxylic acid amides; Carbonyl compounds; Benzene and substituted derivatives; Alpha amino acid amides; N-acyl-alpha amino acids; Benzenoids; Amines; Primary amines; Fatty Acyls; Organic oxides; Hydrocarbon derivatives; Amino acids; Aspartic acid and derivatives; Phenylalanine and derivatives; Organopnictogen compounds; Organic oxygen compounds; Organic nitrogen compounds; Oligopeptides; Chemical entities	579.276	308	5.136	816703821211532802	816702799504093240	816702799504093239	1207	
1	C17H32N6O4S	[M + Na]+	C17H32N6NaO4S+	Amino acids and Peptides	0.964	Oligopeptides	0.705	Tripeptides	0.282	Organoheterocyclic compounds	0.783	Biotin and derivatives	0.772					Biotin and derivatives	0.772	Organic compounds; Organoheterocyclic compounds; Organosulfur compounds; Lipids and lipid-like molecules; Amino acids, peptides, and analogues; Alpha amino acids and derivatives; Thiolanes; Biotin and derivatives; Imidazolidines; Organic acids and derivatives; Carboxylic acids and derivatives; Organonitrogen compounds; Organooxygen compounds; Fatty amides; Amino acids and derivatives; Organic carbonic acids and derivatives; Carboxylic acid amides; Ureas; Carboxylic acid derivatives; N-acyl amines; Imidazolidinones; Thioethers; Thienoimidazolidines; Secondary carboxylic acid amides; Carbonyl compounds; Alpha amino acid amides; Amines; Azolidines; Organic 1,3-dipolar compounds; Propargyl-type 1,3-dipolar organic compounds; Dialkylthioethers; Fatty Acyls; Organic oxides; Azacyclic compounds; Hydrocarbon derivatives; Organopnictogen compounds; Organic oxygen compounds; Organic nitrogen compounds; Chemical entities	439.214	308	5.142	816703770821152755	816702799629922375	816702799629922374	1208	
1	C24H33N5O7	[M + Na]+	C24H33N5NaO7+	Amino acids and Peptides	0.999	Small peptides	0.894	Tripeptides	0.793	Organic acids and derivatives	1.000	Carboxylic acids and derivatives	1.000	Amino acids, peptides, and analogues	0.999	Peptides	0.997	Oligopeptides	0.983	Organic compounds; Organoheterocyclic compounds; Lipids and lipid-like molecules; Amino acids, peptides, and analogues; Alpha amino acids and derivatives; Pyrrolidines; Organic acids and derivatives; Carboxylic acids and derivatives; Organonitrogen compounds; Organooxygen compounds; Fatty amides; Amino acids and derivatives; Peptides; Monoalkylamines; Carboxylic acid amides; Carboxylic acid derivatives; N-acyl amines; Monocarboxylic acids and derivatives; N-acyl-alpha amino acids and derivatives; Carboxylic acids; Primary carboxylic acid amides; Secondary carboxylic acid amides; Tertiary carboxylic acid amides; Carbonyl compounds; Pyrrolidine carboxylic acids and derivatives; Pyrrolidinecarboxamides; Alpha amino acid amides; N-acyl-alpha amino acids; Amines; Primary amines; N-acylpyrrolidines; Fatty Acyls; Organic oxides; Azacyclic compounds; Hydrocarbon derivatives; Amino acids; Glutamine and derivatives; Proline and derivatives; Organopnictogen compounds; Organic oxygen compounds; Organic nitrogen compounds; Oligopeptides; Chemical entities	526.226	309	5.153	816703792212108716	816702799667671116	816702799667671115	1211	
1	C28H50N6O8	[M + H]+	C28H51N6O8+	Amino acids and Peptides	0.875	Oligopeptides	0.877	Linear peptides	0.702	Organic acids and derivatives	0.999	Carboxylic acids and derivatives	0.995	Amino acids, peptides, and analogues	0.877	Peptides	0.564	Peptides	0.564	Organic compounds; Lipids and lipid-like molecules; Amino acids, peptides, and analogues; Alpha amino acids and derivatives; Alcohols and polyols; Organic acids and derivatives; Carboxylic acids and derivatives; Organonitrogen compounds; Organooxygen compounds; Fatty amides; Amino acids and derivatives; Peptides; Hydroxamic acids; Monoalkylamines; Carboxylic acid amides; Carboxylic acid derivatives; N-acyl amines; N-acyl-alpha amino acids and derivatives; Primary carboxylic acid amides; Secondary carboxylic acid amides; Carbonyl compounds; Alpha amino acid amides; Primary amines; Acetohydroxamic acids; Fatty Acyls; Acetamides; Organic oxides; Hydrocarbon derivatives; Organopnictogen compounds; Organic oxygen compounds; Organic nitrogen compounds; Chemical entities	599.374	310	5.164	816703783244684699	816702799738974294	816702799738974293	1216	
1	C22H38N4O7	[M + Na]+	C22H38N4NaO7+	Amino acids and Peptides	0.856	Small peptides	0.399	Cyclic peptides	0.274	Organic acids and derivatives	1.000	Carboxylic acids and derivatives	0.998	Amino acids, peptides, and analogues	0.912	Peptides	0.735	Peptides	0.735	Organic compounds; Lipids and lipid-like molecules; Amino acids, peptides, and analogues; Alpha amino acids and derivatives; Fatty acids and conjugates; Organic acids and derivatives; Carboxylic acids and derivatives; Organonitrogen compounds; Organooxygen compounds; Fatty amides; Branched fatty acids; Amino acids and derivatives; Peptides; Hydroxamic acids; Monoalkylamines; Carboxylic acid amides; Carboxylic acid derivatives; N-acyl amines; N-acyl-alpha amino acids and derivatives; Carboxylic acids; Secondary carboxylic acid amides; Carbonyl compounds; Alpha amino acid amides; N-acyl-alpha amino acids; Amines; Primary amines; Fatty Acyls; Organic oxides; Hydrocarbon derivatives; Amino acids; Organopnictogen compounds; Organic oxygen compounds; Organic nitrogen compounds; Chemical entities	493.266	310	5.174	816703779453032707	816702799776723035	816702799776723034	1217	
1	C16H29N3O6	[M + Na]+	C16H29N3NaO6+	Amino acids and Peptides	1.000	Small peptides	0.999	Tripeptides	0.999	Organic acids and derivatives	1.000	Carboxylic acids and derivatives	1.000	Amino acids, peptides, and analogues	0.998	Peptides	0.999	Oligopeptides	0.996	Organic compounds; Lipids and lipid-like molecules; Amino acids, peptides, and analogues; Alpha amino acids and derivatives; Fatty acids and conjugates; Organic acids and derivatives; Carboxylic acids and derivatives; Organonitrogen compounds; Organooxygen compounds; Fatty amides; Branched fatty acids; Dicarboxylic acids and derivatives; Amino acids and derivatives; Peptides; Monoalkylamines; Carboxylic acid amides; Carboxylic acid derivatives; N-acyl amines; Monocarboxylic acids and derivatives; N-acyl-alpha amino acids and derivatives; Carboxylic acids; Secondary carboxylic acid amides; Carbonyl compounds; Pyrrolidine carboxylic acids and derivatives; Alpha amino acid amides; N-acyl-alpha amino acids; Amines; Primary amines; N-acylpyrrolidines; Methyl-branched fatty acids; Fatty Acyls; Organic oxides; Hydrocarbon derivatives; Amino acids; Valine and derivatives; Leucine and derivatives; Organopnictogen compounds; Organic oxygen compounds; Organic nitrogen compounds; Oligopeptides; Chemical entities	382.193	311	5.179	816703781915089729	816702799818666080	816702799818666079	1220	
1	C20H25N7O4	[M + Na]+	C20H25N7NaO4+	Carbohydrates	0.844	Nucleosides	0.855	Purine nucleosides	0.773	Nucleosides, nucleotides, and analogues	0.698	Purine nucleosides	0.505					Purine nucleosides	0.505	Organic compounds; Organoheterocyclic compounds; Amino acids, peptides, and analogues; Pyrimidines and pyrimidine derivatives; Imidazoles; Purines and purine derivatives; Organic acids and derivatives; Carboxylic acids and derivatives; Organonitrogen compounds; Nucleosides, nucleotides, and analogues; Organooxygen compounds; Amino acids and derivatives; Azoles; Purine nucleosides; Aminopyrimidines and derivatives; Diazines; Imidazopyrimidines; Glycosyl compounds; Glycosylamines; Benzene and substituted derivatives; Substituted imidazoles; N-substituted imidazoles; Benzenoids; Amines; Primary amines; 6-aminopurines; Imidolactams; Organic oxides; Azacyclic compounds; Oxacyclic compounds; Heteroaromatic compounds; Hydrocarbon derivatives; Organopnictogen compounds; Organic oxygen compounds; Organic nitrogen compounds; Chemical entities	450.184	311	5.187	816703789267706593	816702799877386341	816702799877386340	1222	
1	C17H34NO9P	[M + H]+	C17H35NO9P+	Fatty acids	0.999	Glycerophospholipids	1.000	Glycerophosphocholines	0.991	Lipids and lipid-like molecules	0.974	Glycerophospholipids	0.996	Glycerophosphocholines	0.994	Lysophosphatidylcholines	0.982	1-acyl-sn-glycero-3-phosphocholines	0.962	Organic compounds; Lipids and lipid-like molecules; Alcohols and polyols; Glycerophospholipids; Organic acids and derivatives; Carboxylic acids and derivatives; Organonitrogen compounds; Organooxygen compounds; Fatty acid esters; Organic phosphoric acids and derivatives; Phosphate esters; Quaternary ammonium salts; Cholines; Carboxylic acid derivatives; Monocarboxylic acids and derivatives; Carboxylic acid esters; Phosphocholines; Lysophosphatidylcholines; 1-acyl-sn-glycero-3-phosphocholines; Secondary alcohols; Carbonyl compounds; Glycerophosphocholines; Amines; Alkyl phosphates; Dialkyl phosphates; Organic cations; Organic salts; Fatty Acyls; Organic oxides; Hydrocarbon derivatives; Tetraalkylammonium salts; Organopnictogen compounds; Organic oxygen compounds; Organic nitrogen compounds; Chemical entities	428.203	311	5.189	816703782502292486	816702799940300906	816702799936106601	1223	
1	C22H30N4O4	[M + H]+	C22H31N4O4+	Amino acids and Peptides	1.000	Small peptides	0.986	Tripeptides	0.448	Organic acids and derivatives	1.000	Carboxylic acids and derivatives	1.000	Amino acids, peptides, and analogues	0.999	Peptides	0.999	Oligopeptides	0.981	Organic compounds; Organoheterocyclic compounds; Lipids and lipid-like molecules; Amino acids, peptides, and analogues; Alpha amino acids and derivatives; Pyrroles; Tryptamines and derivatives; Indoles and derivatives; Pyrrolidines; Organic acids and derivatives; Carboxylic acids and derivatives; Organonitrogen compounds; Organooxygen compounds; Fatty amides; Amino acids and derivatives; Peptides; Monoalkylamines; Carboxylic acid amides; Carboxylic acid derivatives; Monocarboxylic acids and derivatives; N-acyl-alpha amino acids and derivatives; Carboxylic acids; Secondary carboxylic acid amides; Tertiary carboxylic acid amides; Carbonyl compounds; Pyrrolidine carboxylic acids and derivatives; Substituted pyrroles; Alpha amino acid amides; N-acyl-alpha amino acids; Pyrrolidine carboxylic acids; Benzenoids; Amines; Primary amines; Indoles; N-acylpyrrolidines; Fatty Acyls; Organic oxides; Azacyclic compounds; Heteroaromatic compounds; Hydrocarbon derivatives; Amino acids; 3-alkylindoles; Proline and derivatives; Organopnictogen compounds; Organic oxygen compounds; Organic nitrogen compounds; Oligopeptides; Chemical entities	415.233	311	5.191	816703783659921022	816702799990632559	816702799990632558	1224	
1	C20H28N4O4	[M + H]+	C20H29N4O4+	Amino acids and Peptides	1.000	Small peptides	0.999	Dipeptides	0.995	Organic acids and derivatives	1.000	Carboxylic acids and derivatives	1.000	Amino acids, peptides, and analogues	1.000	Peptides	0.990	Dipeptides	0.972	Organic compounds; Organoheterocyclic compounds; Lipids and lipid-like molecules; Amino acids, peptides, and analogues; Alpha amino acids and derivatives; Pyrroles; Indoles and derivatives; Organic acids and derivatives; Carboxylic acids and derivatives; Organonitrogen compounds; Organooxygen compounds; Fatty amides; Amino acids and derivatives; Peptides; Monoalkylamines; Carboxylic acid amides; Carboxylic acid derivatives; N-acyl amines; Monocarboxylic acids and derivatives; N-acyl-alpha amino acids and derivatives; Carboxylic acids; Indolyl carboxylic acids and derivatives; Secondary carboxylic acid amides; Carbonyl compounds; Substituted pyrroles; Alpha amino acid amides; N-acyl-alpha amino acids; Benzenoids; Amines; Primary amines; Indoles; Fatty Acyls; Organic oxides; Azacyclic compounds; Heteroaromatic compounds; Hydrocarbon derivatives; Amino acids; 3-alkylindoles; Organopnictogen compounds; Organic oxygen compounds; Organic nitrogen compounds; Dipeptides; Chemical entities	389.217	312	5.194	816703792178554254	816702800024186996	816702800024186995	1227	
1	C20H29N3O4	[M + H]+	C20H30N3O4+	Amino acids and Peptides	1.000	Small peptides	0.999	Dipeptides	0.806	Organic acids and derivatives	1.000	Carboxylic acids and derivatives	1.000	Amino acids, peptides, and analogues	1.000	Peptides	0.998	Oligopeptides	0.894	Organic compounds; Organoheterocyclic compounds; Amino acids, peptides, and analogues; Alpha amino acids and derivatives; Phenethylamines; Amphetamines and derivatives; Pyrrolidines; Organic acids and derivatives; Carboxylic acids and derivatives; Organonitrogen compounds; Organooxygen compounds; Amino acids and derivatives; Peptides; Monoalkylamines; Carboxylic acid amides; Carboxylic acid derivatives; Monocarboxylic acids and derivatives; N-acyl-alpha amino acids and derivatives; Carboxylic acids; Secondary carboxylic acid amides; Tertiary carboxylic acid amides; Carbonyl compounds; Pyrrolidine carboxylic acids and derivatives; Benzene and substituted derivatives; Alpha amino acid amides; N-acyl-alpha amino acids; Pyrrolidine carboxylic acids; Benzenoids; Amines; Primary amines; N-acylpyrrolidines; Aralkylamines; Organic oxides; Azacyclic compounds; Hydrocarbon derivatives; Amino acids; Phenylalanine and derivatives; Proline and derivatives; Organopnictogen compounds; Organic oxygen compounds; Organic nitrogen compounds; Oligopeptides; Chemical entities	376.222	312	5.202	816703782414212064	816702800082907257	816702800078712952	1229	
1	C33H40O19	[M + Na]+	C33H40NaO19+	Shikimates and Phenylpropanoids	1.000	Flavonoids	0.996	Flavonols	0.941	Phenylpropanoids and polyketides	0.997	Flavonoids	0.980	Flavonoid glycosides	0.979	Flavonoid O-glycosides	0.979	Flavonoid-3-O-glycosides	0.922	Organic compounds; Organoheterocyclic compounds; Carbohydrates and carbohydrate conjugates; Pyrans; Benzopyrans; Alcohols and polyols; Phenols; Chromones; Ethers; Phenylpropanoids and polyketides; Organic acids and derivatives; Organooxygen compounds; Flavonoids; Pyranones and derivatives; Flavonoid glycosides; Disaccharides; Flavonoid O-glycosides; Flavones; Acetals; Secondary alcohols; Oxanes; Glycosyl compounds; O-glycosyl compounds; Benzene and substituted derivatives; Polyols; Benzenoids; 4'-hydroxyflavonoids; Hydroxyflavonoids; 5-hydroxyflavonoids; 7-hydroxyflavonoids; 1-benzopyrans; Flavonoid-3-O-glycosides; Vinylogous acids; Organic oxides; Oxacyclic compounds; Heteroaromatic compounds; Hydrocarbon derivatives; Organic oxygen compounds; 1-hydroxy-2-unsubstituted benzenoids; 1-hydroxy-4-unsubstituted benzenoids; Chemical entities	763.203	312	5.208	816703790408557589	816702800166793347	816702800166793346	1233	
1	C15H10O6	[M + H]+	C15H11O6+	Shikimates and Phenylpropanoids	1.000	Flavonoids	0.988	Flavonols	0.935	Phenylpropanoids and polyketides	0.990	Flavonoids	0.967	Flavones	0.940	Flavonols	0.883	Flavonols	0.883	Organic compounds; Organoheterocyclic compounds; Pyrans; Benzopyrans; Alcohols and polyols; Phenols; Chromones; Phenylpropanoids and polyketides; Organic acids and derivatives; Organooxygen compounds; Flavonoids; Pyranones and derivatives; Flavonols; Flavones; Benzene and substituted derivatives; Polyols; Benzenoids; 3-hydroxyflavonoids; 4'-hydroxyflavonoids; Hydroxyflavonoids; 5-hydroxyflavonoids; 7-hydroxyflavonoids; 1-benzopyrans; Vinylogous acids; Organic oxides; Oxacyclic compounds; Heteroaromatic compounds; Hydrocarbon derivatives; Organic oxygen compounds; 1-hydroxy-2-unsubstituted benzenoids; 1-hydroxy-4-unsubstituted benzenoids; Chemical entities	287.054	313	5.208	816703791234835621	816702800217125000	816702800217124999	1234	
1	C33H40O19	[M + H]+	C33H41O19+	Shikimates and Phenylpropanoids	1.000	Flavonoids	0.993	Flavonols	0.956	Phenylpropanoids and polyketides	0.996	Flavonoids	0.966	Flavonoid glycosides	0.969	Flavonoid O-glycosides	0.977	Flavonoid-3-O-glycosides	0.911	Organic compounds; Organoheterocyclic compounds; Carbohydrates and carbohydrate conjugates; Pyrans; Benzopyrans; Alcohols and polyols; Phenols; Chromones; Ethers; Phenylpropanoids and polyketides; Organic acids and derivatives; Organooxygen compounds; Flavonoids; Pyranones and derivatives; Flavonoid glycosides; Disaccharides; Flavonoid O-glycosides; Flavones; Acetals; Secondary alcohols; Oxanes; Glycosyl compounds; O-glycosyl compounds; Benzene and substituted derivatives; Polyols; Benzenoids; 4'-hydroxyflavonoids; Hydroxyflavonoids; 5-hydroxyflavonoids; 1-benzopyrans; Flavonoid-3-O-glycosides; Flavonoid-7-O-glycosides; Vinylogous acids; Organic oxides; Oxacyclic compounds; Heteroaromatic compounds; Hydrocarbon derivatives; Phenolic glycosides; Organic oxygen compounds; 1-hydroxy-2-unsubstituted benzenoids; 1-hydroxy-4-unsubstituted benzenoids; Chemical entities	741.221	313	5.216	816703800097402249	816702800301011090	816702800301011089	1240	
1	C17H29N3O6	[M + Na]+	C17H29N3NaO6+	Amino acids and Peptides	0.966	Small peptides	0.953	Tripeptides	0.741	Organic acids and derivatives	0.999	Carboxylic acids and derivatives	0.999	Amino acids, peptides, and analogues	0.984	Peptides	0.878	Peptides	0.878	Organic compounds; Lipids and lipid-like molecules; Amino acids, peptides, and analogues; Alpha amino acids and derivatives; Alcohols and polyols; Fatty acids and conjugates; Organic acids and derivatives; Carboxylic acids and derivatives; Organonitrogen compounds; Organooxygen compounds; Fatty amides; Branched fatty acids; Hydroxy fatty acids; Amino acids and derivatives; Peptides; Carboxylic acid amides; Carboxylic acid derivatives; N-acyl amines; Monocarboxylic acids and derivatives; N-acyl-alpha amino acids and derivatives; Carboxylic acids; Secondary carboxylic acid amides; Carbonyl compounds; Alpha amino acid amides; N-acyl-alpha amino acids; Methyl-branched fatty acids; Fatty Acyls; Organic oxides; Hydrocarbon derivatives; Valine and derivatives; Leucine and derivatives; Organopnictogen compounds; Organic oxygen compounds; Organic nitrogen compounds; Chemical entities	394.196	314	5.226	816703790823793714	816702800439423137	816702800435228832	1249	
1	C22H30N4O4	[M + H]+	C22H31N4O4+	Amino acids and Peptides	0.999	Small peptides	0.897	Dipeptides	0.368	Organic acids and derivatives	1.000	Carboxylic acids and derivatives	0.999	Amino acids, peptides, and analogues	0.997	Peptides	0.966	Oligopeptides	0.729	Organic compounds; Organoheterocyclic compounds; Lipids and lipid-like molecules; Amino acids, peptides, and analogues; Alpha amino acids and derivatives; Pyrroles; Tryptamines and derivatives; Indoles and derivatives; Pyrrolidines; Organic acids and derivatives; Carboxylic acids and derivatives; Organonitrogen compounds; Organooxygen compounds; Fatty amides; Amino acids and derivatives; Peptides; Carboxylic acid amides; Carboxylic acid derivatives; N-acyl amines; Monocarboxylic acids and derivatives; N-acyl-alpha amino acids and derivatives; Carboxylic acids; Secondary carboxylic acid amides; Tertiary carboxylic acid amides; Carbonyl compounds; Pyrrolidine carboxylic acids and derivatives; Substituted pyrroles; Alpha amino acid amides; N-acyl-alpha amino acids; Benzenoids; Amines; Indoles; N-acylpyrrolidines; Fatty Acyls; Organic oxides; Azacyclic compounds; Heteroaromatic compounds; Hydrocarbon derivatives; Amino acids; 3-alkylindoles; Proline and derivatives; Organopnictogen compounds; Organic oxygen compounds; Organic nitrogen compounds; Oligopeptides; Chemical entities	415.235	314	5.230	816703794699332321	816702800552669360	816702800548475055	1284	
1	C11H13NO2	[M + H]+	C11H14NO2+	Amino acids and Peptides	0.981	Small peptides	0.984	Aminoacids	0.926	Organic acids and derivatives	0.998	Carboxylic acids and derivatives	0.993	Amino acids, peptides, and analogues	0.970	Amino acids and derivatives	0.969	Phenylalanine and derivatives	0.784	Organic compounds; Amino acids, peptides, and analogues; Alpha amino acids and derivatives; Phenethylamines; Amphetamines and derivatives; Organic acids and derivatives; Carboxylic acids and derivatives; Organonitrogen compounds; Organooxygen compounds; Amino acids and derivatives; Monocarboxylic acids and derivatives; Carboxylic acids; Carbonyl compounds; Benzene and substituted derivatives; Benzenoids; Amines; Primary amines; Phenylpropanoic acids; Aralkylamines; Organic oxides; Hydrocarbon derivatives; Amino acids; Phenylalanine and derivatives; Organopnictogen compounds; Organic oxygen compounds; Organic nitrogen compounds; Chemical entities	192.101	314	5.231	816703803138273480	816702800481366182	816702800481366181	1247	
1	C12H15NO4	[M + H]+	C12H16NO4+	Amino acids and Peptides	0.872	Small peptides	0.902	Dipeptides	0.772	Organic acids and derivatives	1.000	Carboxylic acids and derivatives	1.000	Amino acids, peptides, and analogues	0.996	Amino acids and derivatives	0.996	Phenylalanine and derivatives	0.975	Organic compounds; Lipids and lipid-like molecules; Amino acids, peptides, and analogues; Alpha amino acids and derivatives; Phenethylamines; Amphetamines and derivatives; Phenylpropanoids and polyketides; Organic acids and derivatives; Carboxylic acids and derivatives; Organonitrogen compounds; Organooxygen compounds; Fatty amides; Dicarboxylic acids and derivatives; Amino acids and derivatives; Carboxylic acid amides; Carboxylic acid derivatives; N-acyl amines; N-acyl-alpha amino acids and derivatives; Carboxylic acids; Secondary carboxylic acid amides; Carbonyl compounds; Benzene and substituted derivatives; N-acyl-alpha amino acids; Benzenoids; Phenylpropanoic acids; Fatty Acyls; Organic oxides; Hydrocarbon derivatives; Phenylalanine and derivatives; Organopnictogen compounds; Organic oxygen compounds; Organic nitrogen compounds; Chemical entities	238.106	314	5.232	816703801284390602	816702800514920619	816702800510726314	1248	
1	C27H42N6O6	[M + Na]+	C27H42N6NaO6+	Amino acids and Peptides	0.986	Oligopeptides	0.994	Cyclic peptides	0.991	Organic acids and derivatives	0.999	Carboxylic acids and derivatives	0.997	Amino acids, peptides, and analogues	0.992	Peptides	0.933	Oligopeptides	0.824	Organic compounds; Organoheterocyclic compounds; Amino acids, peptides, and analogues; Alpha amino acids and derivatives; Macrolactams; Lactams; Pyrrolidines; Phenylpropanoids and polyketides; Organic acids and derivatives; Carboxylic acids and derivatives; Organonitrogen compounds; Organooxygen compounds; Amino acids and derivatives; Peptides; Carboxylic acid amides; Carboxylic acid derivatives; Secondary carboxylic acid amides; Tertiary carboxylic acid amides; Carbonyl compounds; Pyrrolidine carboxylic acids and derivatives; Cyclic peptides; Pyrrolidinecarboxamides; Alpha amino acid amides; N-acylpyrrolidines; Organic oxides; Azacyclic compounds; Hydrocarbon derivatives; Organopnictogen compounds; Organic oxygen compounds; Organic nitrogen compounds; Oligopeptides; Chemical entities	569.306	316	5.266	816703801619934997	816702800636555450	816702800632361145	1262	
1	C10H12BN3	[M + Na]+	C10H12BN3Na+	Alkaloids	0.349	Tryptophan alkaloids	0.141	Simple indole alkaloids	0.054	Benzenoids	0.880	Benzene and substituted derivatives	0.589					Benzene and substituted derivatives	0.589	Organic compounds; Organoheterocyclic compounds; Organonitrogen compounds; Organometallic compounds; Organometalloid compounds; Benzene and substituted derivatives; Benzenoids; Organoboron compounds; Organic salts; Organic metalloid salts; Organic metal salts; Azacyclic compounds; Heteroaromatic compounds; Hydrocarbon derivatives; Organic nitrogen compounds; Chemical entities	207.106	316	5.268	816703804182655468	816702800699470020	816702800699470019	1244	
1	C19H22O5	[M + H]+	C19H23O5+	Shikimates and Phenylpropanoids	0.970	Lignans	0.734	Dibenzylbutane lignans	0.620	Benzenoids	0.994	Phenols	0.872	Methoxyphenols	0.874			Methoxyphenols	0.874	Organic compounds; Ketones; Alkyl aryl ethers; Phenols; Anisoles; Methoxyphenols; Ethers; Organooxygen compounds; Carbonyl compounds; Benzene and substituted derivatives; Phenol ethers; Benzenoids; Organic oxides; Methoxybenzenes; Hydrocarbon derivatives; Organic oxygen compounds; 1-hydroxy-2-unsubstituted benzenoids; Phenoxy compounds; Chemical entities	331.153	318	5.296	816703817218555112	816702801009848541	816702801009848540	1277	
1	C18H22N2O11	[M + H]+	C18H23N2O11+	Amino acids and Peptides	0.653	Nucleosides	0.428	Pyrimidine nucleosides	0.337	Organic acids and derivatives	0.984	Carboxylic acids and derivatives	0.955	Amino acids, peptides, and analogues	0.550	Amino acids and derivatives	0.550	Alpha amino acids and derivatives	0.554	Organic compounds; Organoheterocyclic compounds; Amino acids, peptides, and analogues; Alpha amino acids and derivatives; Alcohols and polyols; Organic acids and derivatives; Carboxylic acids and derivatives; Organonitrogen compounds; Organooxygen compounds; Dicarboxylic acids and derivatives; Amino acids and derivatives; Carboxylic acid derivatives; Carboxylic acids; Carboxylic acid esters; Secondary alcohols; Carbonyl compounds; Benzene and substituted derivatives; Benzenoids; Organic oxides; Azacyclic compounds; Hydrocarbon derivatives; Organopnictogen compounds; Organic oxygen compounds; Organic nitrogen compounds; Chemical entities	443.127	318	5.305	816703810478307402	816702801110511847	816702801110511846	1280	
1	C10H18O4	[M + Na]+	C10H18NaO4+	Fatty acids	0.995	Fatty Acids and Conjugates	0.985	Dicarboxylic acids	0.997	Lipids and lipid-like molecules	0.955	Fatty Acyls	0.944	Fatty acids and conjugates	0.941	Medium-chain fatty acids	0.787	Medium-chain fatty acids	0.787	Organic compounds; Lipids and lipid-like molecules; Fatty acids and conjugates; Organic acids and derivatives; Carboxylic acids and derivatives; Organooxygen compounds; Unsaturated fatty acids; Dicarboxylic acids and derivatives; Carboxylic acids; Carbonyl compounds; Medium-chain fatty acids; Fatty Acyls; Organic oxides; Hydrocarbon derivatives; Organic oxygen compounds; Chemical entities	225.111	319	5.309	816703811199727762	816702801307644155	816702801307644154	1286	
1	C9H11BFN3O	[M + H]+	C9H12BFN3O+	Alkaloids	0.217	Small peptides	0.163	Imidazole alkaloids	0.061	Organohalogen compounds	0.667	Aryl halides	0.298	Aryl fluorides	0.542			Aryl fluorides	0.542	Organic compounds; Organoheterocyclic compounds; Organic acids and derivatives; Organohalogen compounds; Organonitrogen compounds; Organooxygen compounds; Organometallic compounds; Boronic acid derivatives; Aryl fluorides; Organometalloid compounds; Organofluorides; Benzene and substituted derivatives; Benzenoids; Primary amines; Organoboron compounds; Organic salts; Organic metalloid salts; Organic metal salts; Azacyclic compounds; Heteroaromatic compounds; Hydrocarbon derivatives; Alkylboranes; Alkylhaloboranes; Organic oxygen compounds; Organic nitrogen compounds; Chemical entities	207.107	319	5.324	816703812772592065	816702801404113157	816702801404113156	1294	
1	C13H22O4	[M + Na]+	C13H22NaO4+	Fatty acids	0.669	Macrolides	0.320	Macrolide lactones	0.668	Organic acids and derivatives	0.940	Carboxylic acids and derivatives	0.926	Dicarboxylic acids and derivatives	0.532			Dicarboxylic acids and derivatives	0.532	Organic compounds; Lipids and lipid-like molecules; Organic acids and derivatives; Carboxylic acids and derivatives; Organooxygen compounds; Dicarboxylic acids and derivatives; Carboxylic acid derivatives; Carboxylic acid esters; Carbonyl compounds; Fatty Acyls; Organic oxides; Hydrocarbon derivatives; Organic oxygen compounds; Chemical entities	265.142	320	5.331	816703818132913493	816702801567691033	816702801567691032	1302	
1	C7H8N2O3	[M + H]+	C7H9N2O3+	Alkaloids	0.315	Nicotinic acid alkaloids	0.064	Pyridine alkaloids	0.062	Benzenoids	0.987	Benzene and substituted derivatives	0.977	Nitrobenzenes	0.951	Nitrophenyl ethers	0.919	Nitrophenyl ethers	0.919	Organic compounds; Nitrobenzenes; Alkyl aryl ethers; Anisoles; Ethers; Organonitrogen compounds; Aniline and substituted anilines; Organooxygen compounds; Organic nitro compounds; Organic oxoazanium compounds; Benzene and substituted derivatives; Phenol ethers; Benzenoids; Primary amines; Organic zwitterions; Organic 1,3-dipolar compounds; Allyl-type 1,3-dipolar organic compounds; Propargyl-type 1,3-dipolar organic compounds; Organic oxides; Methoxyanilines; Methoxybenzenes; C-nitro compounds; Hydrocarbon derivatives; Organopnictogen compounds; Organic oxygen compounds; Nitroaromatic compounds; Aminophenyl ethers; Nitrophenyl ethers; Organic nitrogen compounds; Phenoxy compounds; Chemical entities	169.060	320	5.338	816703823354822266	816702801701908776	816702801701908775	1305	
1	C28H38FN5O5	[M + Na]+	C28H38FN5NaO5+	Amino acids and Peptides	0.754	Oligopeptides	0.291	Cyclic peptides	0.030	Organic acids and derivatives	0.997	Carboxylic acids and derivatives	0.988	Amino acids, peptides, and analogues	0.863	Amino acids and derivatives	0.852	Carbamate esters	0.543	Organic compounds; Organoheterocyclic compounds; Lipids and lipid-like molecules; Amino acids, peptides, and analogues; Halobenzenes; Alcohols and polyols; Organic acids and derivatives; Carboxylic acids and derivatives; Organohalogen compounds; Organonitrogen compounds; Carbamic acids and derivatives; Organooxygen compounds; Amino acids and derivatives; Carboxylic acid amides; Aryl fluorides; Carboxylic acid derivatives; Fluorobenzenes; Carbamate esters; Organofluorides; Secondary carboxylic acid amides; Carbonyl compounds; Benzene and substituted derivatives; Benzenoids; Aryl halides; Organic oxides; Azacyclic compounds; Heteroaromatic compounds; Hydrocarbon derivatives; Organopnictogen compounds; Organic oxygen compounds; Organic nitrogen compounds; Chemical entities	566.278	320	5.340	816703851846729970	816702801739657517	816702801739657516	1335	
1	C8H15FN2O3	[M + H]+	C8H16FN2O3+	Amino acids and Peptides	0.692	Small peptides	0.688	Halogenated fatty acids	0.465	Lipids and lipid-like molecules	0.531	Fatty Acyls	0.552					Fatty Acyls	0.552	Organic compounds; Lipids and lipid-like molecules; Organic acids and derivatives; Carboxylic acids and derivatives; Organohalogen compounds; Organonitrogen compounds; Organooxygen compounds; Alkyl fluorides; Carboxylic acid derivatives; Organofluorides; Carbonyl compounds; Alkyl halides; Fatty Acyls; Organic oxides; Hydrocarbon derivatives; Organopnictogen compounds; Organic oxygen compounds; Organic nitrogen compounds; Chemical entities	207.113	321	5.344	816703873195738147	816702801840320823	816702801836126518	1332	
1	C20H37N11O7	[M + H]+	C20H38N11O7+	Amino acids and Peptides	0.691	Oligopeptides	0.884	Linear peptides	0.680	Organic acids and derivatives	0.974	Carboxylic acids and derivatives	0.902	Amino acids, peptides, and analogues	0.770	Amino acids and derivatives	0.744	Alpha amino acids and derivatives	0.560	Organic compounds; Lipids and lipid-like molecules; Amino acids, peptides, and analogues; Alpha amino acids and derivatives; Alcohols and polyols; Organic acids and derivatives; Carboxylic acids and derivatives; Organonitrogen compounds; Organooxygen compounds; Fatty amides; Amino acids and derivatives; Hydroxamic acids; Monoalkylamines; Carboxylic acid amides; Carboxylic acid derivatives; N-acyl amines; Primary carboxylic acid amides; Secondary carboxylic acid amides; Carbonyl compounds; Amines; Primary amines; Acetohydroxamic acids; Fatty Acyls; Organic oxides; Hydrocarbon derivatives; Organopnictogen compounds; Organic oxygen compounds; Organic nitrogen compounds; Chemical entities	544.296	321	5.346	816703900207056337	816702801882263868	816702801878069563	1338	
1	C21H29N3O4	[M + Na]+	C21H29N3NaO4+	Amino acids and Peptides	1.000	Small peptides	0.996	Dipeptides	0.807	Organic acids and derivatives	1.000	Carboxylic acids and derivatives	1.000	Amino acids, peptides, and analogues	0.999	Peptides	0.995	Oligopeptides	0.795	Organic compounds; Organoheterocyclic compounds; Lipids and lipid-like molecules; Amino acids, peptides, and analogues; Alpha amino acids and derivatives; Phenethylamines; Amphetamines and derivatives; Pyrrolidines; Organic acids and derivatives; Carboxylic acids and derivatives; Organonitrogen compounds; Organooxygen compounds; Amino acids and derivatives; Peptides; Monoalkylamines; Carboxylic acid amides; Carboxylic acid derivatives; Monocarboxylic acids and derivatives; N-acyl-alpha amino acids and derivatives; Carboxylic acids; Secondary carboxylic acid amides; Tertiary carboxylic acid amides; Carbonyl compounds; Pyrrolidine carboxylic acids and derivatives; Dialkylamines; Pyrrolidinecarboxamides; Benzene and substituted derivatives; Alpha amino acid amides; N-acyl-alpha amino acids; Pyrrolidine carboxylic acids; Benzenoids; Amines; Primary amines; Phenylpropanoic acids; N-acylpyrrolidines; Organic oxides; Azacyclic compounds; Hydrocarbon derivatives; Amino acids; Phenylalanine and derivatives; Proline and derivatives; Organopnictogen compounds; Organic oxygen compounds; Organic nitrogen compounds; Dipeptides; Oligopeptides; Chemical entities	410.206	321	5.348	816703902014801528	816702801915818305	816702801915818304	1312	
1	C8H16N6O3	[M + H]+	C8H17N6O3+	Amino acids and Peptides	0.664	Small peptides	0.886	Dipeptides	0.154	Organoheterocyclic compounds	0.713	Azoles	0.687	Imidazoles	0.587	Substituted imidazoles	0.709	N-substituted imidazoles	0.558	Organic compounds; Organoheterocyclic compounds; Imidazoles; Alcohols and polyols; Organic acids and derivatives; Organonitrogen compounds; Primary alcohols; Organooxygen compounds; Guanidines; Azoles; Organic nitro compounds; Organic oxoazanium compounds; Substituted imidazoles; N-substituted imidazoles; Amines; Primary amines; Carboximidamides; Organic zwitterions; Organic 1,3-dipolar compounds; Allyl-type 1,3-dipolar organic compounds; Propargyl-type 1,3-dipolar organic compounds; Organic oxides; C-nitro compounds; Azacyclic compounds; Heteroaromatic compounds; Hydrocarbon derivatives; Organopnictogen compounds; Organic oxygen compounds; Organic nitrogen compounds; Chemical entities	245.136	322	5.370	816703921203749244	816702802071007568	816702802071007567	1318	
1	C12H20O7	[M + Na]+	C12H20NaO7+	Polyketides	0.544	Macrolides	0.884	Macrolide lactones	0.949	Organic acids and derivatives	0.964	Carboxylic acids and derivatives	0.950	Carboxylic acid derivatives	0.762	Carboxylic acid esters	0.762	Carboxylic acid esters	0.762	Organic compounds; Organoheterocyclic compounds; Lactones; Alcohols and polyols; Organic acids and derivatives; Carboxylic acids and derivatives; Organooxygen compounds; Carboxylic acid derivatives; Carboxylic acid esters; Secondary alcohols; Carbonyl compounds; Organic oxides; Oxacyclic compounds; Hydrocarbon derivatives; Organic oxygen compounds; Chemical entities	299.109	324	5.403	816703921207943562	816702802192642399	816702802192642398	1327	
1	C39H60N6O9	[M + Na]+	C39H60N6NaO9+	Amino acids and Peptides	0.988	Oligopeptides	0.985	Linear peptides	0.400	Organic acids and derivatives	0.999	Carboxylic acids and derivatives	0.996	Amino acids, peptides, and analogues	0.974	Peptides	0.914	Oligopeptides	0.619	Organic compounds; Lipids and lipid-like molecules; Amino acids, peptides, and analogues; Alpha amino acids and derivatives; Alcohols and polyols; Phenethylamines; Amphetamines and derivatives; Organic acids and derivatives; Carboxylic acids and derivatives; Organonitrogen compounds; Organooxygen compounds; Fatty amides; Amino acids and derivatives; Peptides; Carboxylic acid amides; Carboxylic acid derivatives; N-acyl amines; Monocarboxylic acids and derivatives; N-acyl-alpha amino acids and derivatives; Carboxylic acids; Secondary carboxylic acid amides; Carbonyl compounds; Benzene and substituted derivatives; Alpha amino acid amides; Benzenoids; Fatty Acyls; Organic oxides; Hydrocarbon derivatives; Phenylalanine and derivatives; Organopnictogen compounds; Organic oxygen compounds; Organic nitrogen compounds; Oligopeptides; Chemical entities	779.427	325	5.414	816703995036093334	816702802284917097	816702802284917096	1337	
1	C13H14N2O5S	[M + H]+	C13H15N2O5S+	Amino acids and Peptides	0.964	β-lactams	0.900	Cephalosporins	0.667	Organic acids and derivatives	0.999	Carboxylic acids and derivatives	0.996	Amino acids, peptides, and analogues	0.973	Amino acids and derivatives	0.972	N-acyl-alpha amino acids and derivatives	0.918	Organic compounds; Organoheterocyclic compounds; Organosulfur compounds; Amino acids, peptides, and analogues; Nitrobenzenes; Alpha amino acids and derivatives; Thiazines; Organic acids and derivatives; Carboxylic acids and derivatives; Organonitrogen compounds; Organooxygen compounds; Amino acids and derivatives; Carboxylic acid amides; Carboxylic acid derivatives; Monocarboxylic acids and derivatives; Organic nitro compounds; N-acyl-alpha amino acids and derivatives; Carboxylic acids; Organic oxoazanium compounds; Secondary carboxylic acid amides; Carbonyl compounds; Benzene and substituted derivatives; Benzenoids; Organic 1,3-dipolar compounds; Allyl-type 1,3-dipolar organic compounds; Propargyl-type 1,3-dipolar organic compounds; Organic oxides; C-nitro compounds; Hydrocarbon derivatives; Organopnictogen compounds; Organic oxygen compounds; Nitroaromatic compounds; Organic nitrogen compounds; Chemical entities	311.068	326	5.426	816703925767152728	816702802368803187	816702802368803186	1339	
1	C21H26O8	[M + Na]+	C21H26NaO8+	Shikimates and Phenylpropanoids	0.949	Lignans	0.897	Neolignans	0.312	Lignans, neolignans and related compounds	0.601							Lignans, neolignans and related compounds	0.601	Organic compounds; Alkyl aryl ethers; Alcohols and polyols; Anisoles; Ethers; Organic acids and derivatives; Organooxygen compounds; Lignans, neolignans and related compounds; Benzene and substituted derivatives; Phenol ethers; Benzenoids; Organic oxides; Dimethoxybenzenes; Methoxybenzenes; Hydrocarbon derivatives; Organic oxygen compounds; Phenoxy compounds; Chemical entities	429.152	330	5.506	816703939163762728	816702802771456411	816702802771456410	1357	
1	C26H40N2O9	[M + K]+	C26H40KN2O9+	Amino acids and Peptides	0.468	Macrolides	0.540	Open-chain polyketides	0.089	Organic acids and derivatives	0.996	Carboxylic acids and derivatives	0.994	Amino acids, peptides, and analogues	0.804	Amino acids and derivatives	0.801	Amino acids and derivatives	0.801	Organic compounds; Lipids and lipid-like molecules; Amino acids, peptides, and analogues; Alcohols and polyols; Organic acids and derivatives; Carboxylic acids and derivatives; Organonitrogen compounds; Organooxygen compounds; Fatty acid esters; Dicarboxylic acids and derivatives; Amino acids and derivatives; Hydroxy acids and derivatives; Carboxylic acid amides; Carboxylic acid derivatives; Carboxylic acid esters; Secondary alcohols; Secondary carboxylic acid amides; Beta hydroxy acids and derivatives; Carbonyl compounds; Benzene and substituted derivatives; Polyols; Benzenoids; Amines; Fatty Acyls; Organic oxides; Hydrocarbon derivatives; Organopnictogen compounds; Organic oxygen compounds; Organic nitrogen compounds; Chemical entities	563.236	331	5.512	816703963754971616	816702802863731109	816702802859536804	1361	
1	C11H18O8	[M + K]+	C11H18KO8+	Polyketides	0.415	Macrolides	0.173	Iridoids monoterpenoids	0.217	Organic oxygen compounds	1.000	Organooxygen compounds	1.000	Alcohols and polyols	0.908	Secondary alcohols	0.877	Secondary alcohols	0.877	Organic compounds; Organoheterocyclic compounds; Alcohols and polyols; Ethers; Organic acids and derivatives; Carboxylic acids and derivatives; Organooxygen compounds; Secondary alcohols; Carbonyl compounds; Polyols; Organic oxides; Oxacyclic compounds; Hydrocarbon derivatives; Organic oxygen compounds; Chemical entities	317.066	331	5.514	816703937381182857	816702802918257066	816702802918257065	1363	
1	C12H22O6	[M - H2O + H]+	C12H21O5+	Fatty acids	0.801	Glycerolipids	0.286	Monoacylglycerols	0.175	Lipids and lipid-like molecules	0.890	Glycerolipids	0.859	Monoradylglycerols	0.786			Monoradylglycerols	0.786	Organic compounds; Lipids and lipid-like molecules; Alcohols and polyols; Glycerolipids; Ethers; Organic acids and derivatives; Carboxylic acids and derivatives; Primary alcohols; Organooxygen compounds; Fatty acid esters; Carboxylic acid derivatives; Carboxylic acid esters; Secondary alcohols; Carbonyl compounds; Polyols; 1,2-diols; Monoradylglycerols; Fatty Acyls; Organic oxides; Hydrocarbon derivatives; Organic oxygen compounds; Chemical entities	245.137	331	5.515	816703935560854328	816702803002143156	816702803002143155	1365	
1	C15H18O3	[M + H]+	C15H19O3+	Terpenoids	0.984	Sesquiterpenoids	0.974	Germacrane sesquiterpenoids	0.176	Lipids and lipid-like molecules	0.544	Prenol lipids	0.548	Terpene lactones	0.489	Sesquiterpene lactones	0.502	Sesquiterpene lactones	0.502	Organic compounds; Organoheterocyclic compounds; Lipids and lipid-like molecules; Lactones; Ketones; Prenol lipids; Organic acids and derivatives; Carboxylic acids and derivatives; Organooxygen compounds; Carboxylic acid derivatives; Monocarboxylic acids and derivatives; Carboxylic acid esters; Gamma butyrolactones; Sesquiterpene lactones; Carbonyl compounds; Enoate esters; Alpha,beta-unsaturated carboxylic esters; Organic oxides; Oxacyclic compounds; Hydrocarbon derivatives; Organic oxygen compounds; Chemical entities	247.133	334	5.560	816703941881672444	816702803505459676	816702803505459675	1377	
1	C21H28O8	[M + Na]+	C21H28NaO8+	Shikimates and Phenylpropanoids	0.899	Lignans	0.912	Neolignans	0.687	Lignans, neolignans and related compounds	0.670							Lignans, neolignans and related compounds	0.670	Organic compounds; Alkyl aryl ethers; Alcohols and polyols; Phenols; Anisoles; Methoxyphenols; Ethers; Primary alcohols; Organooxygen compounds; Lignans, neolignans and related compounds; Secondary alcohols; Benzene and substituted derivatives; Phenol ethers; Benzenoids; Aromatic alcohols; Dimethoxybenzenes; Methoxybenzenes; Hydrocarbon derivatives; Organic oxygen compounds; Phenoxy compounds; Chemical entities	431.166	335	5.579	816703948571588648	816702803543208417	816702803543208416	1383	
1	C19H25N3O5	[M + H]+	C19H26N3O5+	Amino acids and Peptides	1.000	Small peptides	0.999	Tripeptides	0.866	Organic acids and derivatives	1.000	Carboxylic acids and derivatives	1.000	Amino acids, peptides, and analogues	1.000	Peptides	0.999	Oligopeptides	0.950	Organic compounds; Organoheterocyclic compounds; Amino acids, peptides, and analogues; Alpha amino acids and derivatives; Phenethylamines; Amphetamines and derivatives; Pyrrolidines; Organic acids and derivatives; Carboxylic acids and derivatives; Organonitrogen compounds; Organooxygen compounds; Amino acids and derivatives; Peptides; Monoalkylamines; Carboxylic acid amides; Carboxylic acid derivatives; Monocarboxylic acids and derivatives; N-acyl-alpha amino acids and derivatives; Carboxylic acids; Secondary carboxylic acid amides; Tertiary carboxylic acid amides; Carbonyl compounds; Pyrrolidine carboxylic acids and derivatives; Pyrrolidinecarboxamides; Benzene and substituted derivatives; Alpha amino acid amides; N-acyl-alpha amino acids; Pyrrolidine carboxylic acids; Benzenoids; Amines; Primary amines; N-acylpyrrolidines; Organic oxides; Azacyclic compounds; Hydrocarbon derivatives; Amino acids; Phenylalanine and derivatives; Proline and derivatives; Organopnictogen compounds; Organic oxygen compounds; Organic nitrogen compounds; Oligopeptides; Chemical entities	376.185	335	5.587	816703943546811641	816702803593540070	816702803593540069	1386	
1	C18H16O2	[M + H]+	C18H17O2+	Shikimates and Phenylpropanoids	0.970	Flavonoids	0.684	Chalcones	0.548	Benzenoids	0.999	Benzene and substituted derivatives	0.959					Benzene and substituted derivatives	0.959	Organic compounds; Ketones; Phenylpropanoids and polyketides; Organooxygen compounds; Carbonyl compounds; Benzene and substituted derivatives; Benzenoids; Organic oxides; Oxacyclic compounds; Hydrocarbon derivatives; Organic oxygen compounds; Chemical entities	265.125	336	5.592	816703949360118023	816702803631288811	816702803631288810	1387	
1	C16H23N5O7	[M + H]+	C16H24N5O7+	Amino acids and Peptides	0.999	Small peptides	0.998	Tripeptides	0.917	Organic acids and derivatives	1.000	Carboxylic acids and derivatives	1.000	Amino acids, peptides, and analogues	0.999	Peptides	0.997	Oligopeptides	0.933	Organic compounds; Organoheterocyclic compounds; Amino acids, peptides, and analogues; Alpha amino acids and derivatives; Imidazoles; Pyrrolidines; Organic acids and derivatives; Carboxylic acids and derivatives; Organonitrogen compounds; Organooxygen compounds; Amino acids and derivatives; Peptides; Azoles; Carboxylic acid amides; Carboxylic acid derivatives; Monocarboxylic acids and derivatives; N-acyl-alpha amino acids and derivatives; Carboxylic acids; Secondary carboxylic acid amides; Tertiary carboxylic acid amides; Carbonyl compounds; Pyrrolidine carboxylic acids and derivatives; Pyrrolidinecarboxamides; Alpha amino acid amides; Substituted imidazoles; N-acyl-alpha amino acids; Pyrrolidine carboxylic acids; Amines; N-acylpyrrolidines; Organic oxides; Azacyclic compounds; Heteroaromatic compounds; Hydrocarbon derivatives; Amino acids; Histidine and derivatives; Proline and derivatives; Organopnictogen compounds; Organic oxygen compounds; Organic nitrogen compounds; Oligopeptides; Chemical entities	398.167	336	5.594	816703949431421215	816702803673231856	816702803673231855	1389	
1	C12H14O3	[M + H]+	C12H15O3+	Shikimates and Phenylpropanoids	0.409	Aromatic polyketides	0.533	Bisabolane sesquiterpenoids	0.120	Benzenoids	0.921	Benzene and substituted derivatives	0.793					Benzene and substituted derivatives	0.793	Organic compounds; Organooxygen compounds; Benzene and substituted derivatives; Benzenoids; Organic oxides; Hydrocarbon derivatives; Organic oxygen compounds; Chemical entities	207.100	336	5.598	816703948676446289	816702803710980597	816702803710980596	1391	
1	C11H22O5	[M + Na]+	C11H22NaO5+	Fatty acids	0.929	Fatty Acids and Conjugates	0.707	Dicarboxylic acids	0.554	Lipids and lipid-like molecules	0.937	Fatty Acyls	0.897	Fatty acid esters	0.652			Fatty acid esters	0.652	Organic compounds; Lipids and lipid-like molecules; Alcohols and polyols; Organic acids and derivatives; Carboxylic acids and derivatives; Organooxygen compounds; Fatty acid esters; Dicarboxylic acids and derivatives; Carboxylic acid derivatives; Carboxylic acid esters; Secondary alcohols; Carbonyl compounds; Methyl esters; Fatty Acyls; Organic oxides; Hydrocarbon derivatives; Organic oxygen compounds; Chemical entities	257.137	336	5.603	816703956947615205	816702803752923642	816702803748729337	1395	
1	C12H16O4	[M + H]+	C12H17O4+	Terpenoids	0.598	Sesquiterpenoids	0.248	Macrolide lactones	0.162	Lipids and lipid-like molecules	0.519							Lipids and lipid-like molecules	0.519	Organic compounds; Lipids and lipid-like molecules; Organic acids and derivatives; Carboxylic acids and derivatives; Organooxygen compounds; Carboxylic acids; Carbonyl compounds; Organic oxides; Hydrocarbon derivatives; Organic oxygen compounds; Chemical entities	225.111	336	5.604	816703951864117951	816702803790672383	816702803790672382	1396	
1	C14H14F2N2O	[M + H]+	C14H15F2N2O+	Alkaloids	0.860	Tyrosine alkaloids	0.189	Isoquinoline alkaloids	0.133	Organoheterocyclic compounds	0.844	Tetrahydroisoquinolines	0.920					Tetrahydroisoquinolines	0.920	Organic compounds; Organoheterocyclic compounds; Halobenzenes; Organic acids and derivatives; Carboxylic acids and derivatives; Organohalogen compounds; Organonitrogen compounds; Organooxygen compounds; Carboxylic acid amides; Alkyl fluorides; Aryl fluorides; Carboxylic acid derivatives; Fluorobenzenes; Organofluorides; Benzene and substituted derivatives; Benzenoids; Aryl halides; Alkyl halides; Tetrahydroisoquinolines; Aralkylamines; Organic oxides; Azacyclic compounds; Hydrocarbon derivatives; Organopnictogen compounds; Organic oxygen compounds; Organic nitrogen compounds; Chemical entities	265.115	336	5.605	816703951511796344	816702803870364169	816702803870364168	1434	
1	C15H28N4O7	[M + Na]+	C15H28N4NaO7+	Carbohydrates	0.819	Nucleosides	0.412	Pyrimidine nucleosides	0.286	Organic oxygen compounds	1.000	Organooxygen compounds	0.998	Carbohydrates and carbohydrate conjugates	0.544			Carbohydrates and carbohydrate conjugates	0.544	Organic compounds; Organoheterocyclic compounds; Carbohydrates and carbohydrate conjugates; Lipids and lipid-like molecules; Alcohols and polyols; Organic acids and derivatives; Carboxylic acids and derivatives; Organonitrogen compounds; Primary alcohols; Organooxygen compounds; Carboxylic acid derivatives; Secondary alcohols; Carbonyl compounds; Fatty Acyls; Organic oxides; Oxacyclic compounds; Hydrocarbon derivatives; Organopnictogen compounds; Organic oxygen compounds; Organic nitrogen compounds; Chemical entities	399.180	338	5.630	816703965818569318	816702803987804696	816702803987804695	1403	
1	C9H16O4	[M + Na]+	C9H16NaO4+	Fatty acids	0.928	Fatty esters	0.515	Wax monoesters	0.489	Lipids and lipid-like molecules	0.920	Fatty Acyls	0.913	Fatty acid esters	0.874	Fatty acid methyl esters	0.662	Fatty acid methyl esters	0.662	Organic compounds; Lipids and lipid-like molecules; Organic acids and derivatives; Carboxylic acids and derivatives; Organooxygen compounds; Fatty acid esters; Dicarboxylic acids and derivatives; Carboxylic acid derivatives; Monocarboxylic acids and derivatives; Carboxylic acid esters; Carbonyl compounds; Methyl esters; Fatty acid methyl esters; Fatty Acyls; Organic oxides; Hydrocarbon derivatives; Organic oxygen compounds; Chemical entities	211.093	338	5.632	816703952400988998	816702804029747741	816702804029747740	1404	
1	C11H20O4	[M + H]+	C11H21O4+	Fatty acids	0.984	Glycerolipids	0.343	Monoacylglycerols	0.517	Lipids and lipid-like molecules	0.973	Glycerolipids	0.841	Monoradylglycerols	0.882	Monoacylglycerols	0.867	1-monoacylglycerols	0.787	Organic compounds; Lipids and lipid-like molecules; Alcohols and polyols; Glycerolipids; Organic acids and derivatives; Carboxylic acids and derivatives; Primary alcohols; Organooxygen compounds; Fatty acid esters; Carboxylic acid derivatives; Monoacylglycerols; Monocarboxylic acids and derivatives; Carboxylic acid esters; 1-monoacylglycerols; Secondary alcohols; Carbonyl compounds; Monoradylglycerols; Fatty Acyls; Organic oxides; Hydrocarbon derivatives; Organic oxygen compounds; Chemical entities	217.142	338	5.632	816703949217511654	816702804067496482	816702804067496481	1405	
1	C25H22N2O4	[M + H]+	C25H23N2O4+	Alkaloids	0.737	Anthranilic acid alkaloids	0.269	Carbazole alkaloids	0.097	Benzenoids	0.996	Benzene and substituted derivatives	0.896	Biphenyls and derivatives	0.703			Biphenyls and derivatives	0.703	Organic compounds; Biphenyls and derivatives; Benzoic acids and derivatives; Organic acids and derivatives; Carboxylic acids and derivatives; Organonitrogen compounds; Anilides; Benzoyl derivatives; Organooxygen compounds; Carboxylic acid amides; Carboxylic acid derivatives; Monocarboxylic acids and derivatives; Carboxylic acid esters; Secondary carboxylic acid amides; Benzene and substituted derivatives; Benzenoids; Vinylogous amides; Organic oxides; Hydrocarbon derivatives; Organopnictogen compounds; Organic oxygen compounds; Organic nitrogen compounds; Chemical entities	415.165	338	5.632	816703959233511150	816702804151382572	816702804151382571	1406	
1	C10H18O4	[M + H]+	C10H19O4+	Fatty acids	0.758	Fatty Acids and Conjugates	0.290	Menthane monoterpenoids	0.093	Lipids and lipid-like molecules	0.678	Fatty Acyls	0.572					Fatty Acyls	0.572	Organic compounds; Lipids and lipid-like molecules; Organic acids and derivatives; Carboxylic acids and derivatives; Organooxygen compounds; Carboxylic acid derivatives; Monocarboxylic acids and derivatives; Carboxylic acid esters; Carbonyl compounds; Fatty Acyls; Organic oxides; Hydrocarbon derivatives; Organic oxygen compounds; Chemical entities	203.127	338	5.634	816703955534134600	816702804184937009	816702804184937008	1407	
1	C17H22N2O4	[M + Na]+	C17H22N2NaO4+	Amino acids and Peptides	0.990	Small peptides	0.988	Dipeptides	0.927	Organic acids and derivatives	1.000	Carboxylic acids and derivatives	0.999	Amino acids, peptides, and analogues	0.964	Amino acids and derivatives	0.961	N-acyl-alpha amino acids	0.708	Organic compounds; Lipids and lipid-like molecules; Amino acids, peptides, and analogues; Alpha amino acids and derivatives; Hippuric acids and derivatives; Organic acids and derivatives; Carboxylic acids and derivatives; Organonitrogen compounds; Organooxygen compounds; Amino acids and derivatives; Carboxylic acid amides; Carboxylic acid derivatives; Monocarboxylic acids and derivatives; N-acyl-alpha amino acids and derivatives; Carboxylic acids; Secondary carboxylic acid amides; Carbonyl compounds; Benzene and substituted derivatives; Alpha amino acid amides; N-acyl-alpha amino acids; Benzenoids; Fatty Acyls; Organic oxides; Hydrocarbon derivatives; Organopnictogen compounds; Organic oxygen compounds; Organic nitrogen compounds; Chemical entities	341.148	339	5.647	816703960886067210	816702803945861651	816702803945861650	1381	
1	C19H18O4	[M + H]+	C19H19O4+	Shikimates and Phenylpropanoids	0.996	Diarylheptanoids	0.620	Linear diarylheptanoids	0.394	Benzenoids	0.997	Phenols	0.900	Methoxyphenols	0.854			Methoxyphenols	0.854	Organic compounds; Alkyl aryl ethers; Phenols; Anisoles; Methoxyphenols; Ethers; Organooxygen compounds; Carboxylic acid derivatives; Monocarboxylic acids and derivatives; Carboxylic acid esters; Carbonyl compounds; Benzene and substituted derivatives; Phenol ethers; Benzenoids; Organic oxides; Methoxybenzenes; Hydrocarbon derivatives; Organic oxygen compounds; 1-hydroxy-2-unsubstituted benzenoids; Phenoxy compounds; Chemical entities	311.126	340	5.665	816703961695567977	816702804277211707	816702804277211706	1428	
1	C15H23FO6	[M + Na]+	C15H23FNaO6+	Terpenoids	0.520	Macrolides	0.208	Bisabolane sesquiterpenoids	0.022	Lipids and lipid-like molecules	0.657							Lipids and lipid-like molecules	0.657	Organic compounds; Lipids and lipid-like molecules; Alcohols and polyols; Organic acids and derivatives; Carboxylic acids and derivatives; Organohalogen compounds; Organooxygen compounds; Alkyl fluorides; Carboxylic acid derivatives; Monocarboxylic acids and derivatives; Carboxylic acid esters; Organofluorides; Secondary alcohols; Carbonyl compounds; Alkyl halides; Organic oxides; Hydrocarbon derivatives; Organic oxygen compounds; Chemical entities	341.139	340	5.666	816703974525944860	816702804327543360	816702804327543359	1429	
1	C21H36N4O7	[M + Na]+	C21H36N4NaO7+	Amino acids and Peptides	1.000	Small peptides	0.954	Tripeptides	0.851	Organic acids and derivatives	1.000	Carboxylic acids and derivatives	1.000	Amino acids, peptides, and analogues	0.999	Peptides	0.995	Oligopeptides	0.965	Organic compounds; Organoheterocyclic compounds; Lipids and lipid-like molecules; Amino acids, peptides, and analogues; Alpha amino acids and derivatives; Pyrrolidines; Organic acids and derivatives; Carboxylic acids and derivatives; Organonitrogen compounds; Organooxygen compounds; Fatty amides; Amino acids and derivatives; Peptides; Carboxylic acid amides; Carboxylic acid derivatives; N-acyl amines; Monocarboxylic acids and derivatives; N-acyl-alpha amino acids and derivatives; Carboxylic acids; Secondary carboxylic acid amides; Tertiary carboxylic acid amides; Carbonyl compounds; Pyrrolidine carboxylic acids and derivatives; Pyrrolidinecarboxamides; Alpha amino acid amides; N-acyl-alpha amino acids; Pyrrolidine carboxylic acids; N-acylpyrrolidines; Fatty Acyls; Organic oxides; Azacyclic compounds; Hydrocarbon derivatives; Valine and derivatives; Proline and derivatives; Organopnictogen compounds; Organic oxygen compounds; Organic nitrogen compounds; Oligopeptides; Chemical entities	479.246	340	5.666	816703979982734632	816702804365292101	816702804365292100	1430	
1	C17H24N6O6	[M + Na]+	C17H24N6NaO6+	Alkaloids	0.376	Pseudoalkaloids (transamidation)	0.188	Purine alkaloids	0.478	Organoheterocyclic compounds	0.916	Imidazopyrimidines	0.515	Purines and purine derivatives	0.546	Xanthines	0.550	Xanthines	0.550	Organic compounds; Organoheterocyclic compounds; Pyrimidines and pyrimidine derivatives; Imidazoles; Alkyl aryl ethers; Anisoles; Purines and purine derivatives; Xanthines; Ethers; Organic acids and derivatives; Organonitrogen compounds; Pyrimidones; Organooxygen compounds; Organic carbonic acids and derivatives; Azoles; Ureas; Purinones; Diazines; 6-oxopurines; Imidazopyrimidines; Benzene and substituted derivatives; Substituted imidazoles; N-substituted imidazoles; Phenol ethers; Benzenoids; Amines; Organic 1,3-dipolar compounds; Vinylogous amides; Organic oxides; Methoxybenzenes; Azacyclic compounds; Heteroaromatic compounds; Hydrocarbon derivatives; Organopnictogen compounds; Organic oxygen compounds; Organic nitrogen compounds; Phenoxy compounds; Chemical entities	431.166	340	5.668	816703972982440852	816702804415623754	816702804415623753	1452	
1	C21H36N4O7	[M + H]+	C21H37N4O7+	Amino acids and Peptides	0.993	Small peptides	0.931	Tripeptides	0.543	Organic acids and derivatives	1.000	Carboxylic acids and derivatives	1.000	Amino acids, peptides, and analogues	0.995	Peptides	0.896	Oligopeptides	0.646	Organic compounds; Organoheterocyclic compounds; Lipids and lipid-like molecules; Amino acids, peptides, and analogues; Alpha amino acids and derivatives; Pyrrolidines; Organic acids and derivatives; Carboxylic acids and derivatives; Organonitrogen compounds; Organooxygen compounds; Fatty amides; Amino acids and derivatives; Peptides; Carboxylic acid amides; Carboxylic acid derivatives; Monocarboxylic acids and derivatives; N-acyl-alpha amino acids and derivatives; Carboxylic acids; Secondary carboxylic acid amides; Tertiary carboxylic acid amides; Carbonyl compounds; Pyrrolidine carboxylic acids and derivatives; Alpha amino acid amides; N-acyl-alpha amino acids; Pyrrolidine carboxylic acids; N-acylpyrrolidines; Fatty Acyls; Organic oxides; Azacyclic compounds; Hydrocarbon derivatives; Valine and derivatives; Proline and derivatives; Organopnictogen compounds; Organic oxygen compounds; Organic nitrogen compounds; Oligopeptides; Chemical entities	457.264	340	5.673	816703978774775043	816702804465955407	816702804465955406	1435	
1	C24H44N4O4	[M + H]+	C24H45N4O4+	Amino acids and Peptides	0.991	Small peptides	0.950	Tripeptides	0.956	Organic acids and derivatives	0.999	Carboxylic acids and derivatives	0.995	Amino acids, peptides, and analogues	0.985	Peptides	0.705	Dipeptides	0.674	Organic compounds; Lipids and lipid-like molecules; Amino acids, peptides, and analogues; Alpha amino acids and derivatives; Organic acids and derivatives; Carboxylic acids and derivatives; Organonitrogen compounds; Organooxygen compounds; Fatty amides; Amino acids and derivatives; Peptides; Carboxylic acid amides; Carboxylic acid derivatives; N-acyl amines; N-acyl-alpha amino acids and derivatives; Secondary carboxylic acid amides; Carbonyl compounds; Alpha amino acid amides; Fatty Acyls; Organic oxides; Hydrocarbon derivatives; Valine and derivatives; Leucine and derivatives; Organopnictogen compounds; Organic oxygen compounds; Organic nitrogen compounds; Dipeptides; Chemical entities	453.342	342	5.701	816703991651289761	816702804549841497	816702804549841496	1444	
1	C27H30N4O4	[M + H]+	C27H31N4O4+	Alkaloids	0.817	Tryptophan alkaloids	0.055	Pyridine alkaloids	0.024	Benzenoids	0.867	Benzene and substituted derivatives	0.616					Benzene and substituted derivatives	0.616	Organic compounds; Organoheterocyclic compounds; Ethers; Organic acids and derivatives; Carboxylic acids and derivatives; Organonitrogen compounds; Organooxygen compounds; Azoles; Carboxylic acid derivatives; Carboxylic acid esters; Carbonyl compounds; Benzene and substituted derivatives; Benzenoids; Organic oxides; Azacyclic compounds; Heteroaromatic compounds; Hydrocarbon derivatives; Organopnictogen compounds; Organic oxygen compounds; Organic nitrogen compounds; Chemical entities	475.231	342	5.703	816704057766110703	816702804600173150	816702804600173149	1445	
1	C17H24O5	[M + Na]+	C17H24NaO5+	Terpenoids	0.597	Sesquiterpenoids	0.342	Bisabolane sesquiterpenoids	0.117	Benzenoids	0.725	Phenol ethers	0.546	Anisoles	0.505			Anisoles	0.505	Organic compounds; Alkyl aryl ethers; Alcohols and polyols; Anisoles; Ethers; Organooxygen compounds; Secondary alcohols; Benzene and substituted derivatives; Phenol ethers; Benzenoids; Hydrocarbon derivatives; Organic oxygen compounds; Chemical entities	331.153	342	5.703	816704011309994377	816702804646310499	816702804646310498	1446	
1	C18H26O6	[M + Na]+	C18H26NaO6+	Shikimates and Phenylpropanoids	0.611	Lignans	0.478	Dibenzylbutane lignans	0.263	Benzenoids	0.776	Phenol ethers	0.631	Anisoles	0.589			Anisoles	0.589	Organic compounds; Organoheterocyclic compounds; Alkyl aryl ethers; Alcohols and polyols; Anisoles; Ethers; Organooxygen compounds; Secondary alcohols; Benzene and substituted derivatives; Phenol ethers; Benzenoids; Organic oxides; Methoxybenzenes; Oxacyclic compounds; Hydrocarbon derivatives; Organic oxygen compounds; Phenoxy compounds; Chemical entities	361.163	344	5.727	816704014287950677	816702804923134593	816702804923134592	1456	
1	C18H24N6O8	[M + H]+	C18H25N6O8+	Amino acids and Peptides	0.976	Small peptides	0.809	Tripeptides	0.457	Organic acids and derivatives	0.992	Carboxylic acids and derivatives	0.976	Amino acids, peptides, and analogues	0.863	Amino acids and derivatives	0.850	N-acyl-alpha amino acids and derivatives	0.538	Organic compounds; Lipids and lipid-like molecules; Amino acids, peptides, and analogues; Alpha amino acids and derivatives; Organic acids and derivatives; Carboxylic acids and derivatives; Organonitrogen compounds; Organooxygen compounds; Fatty amides; Amino acids and derivatives; Carboxylic acid amides; Carboxylic acid derivatives; N-acyl amines; N-acyl-alpha amino acids and derivatives; Secondary carboxylic acid amides; Carbonyl compounds; Alpha amino acid amides; Fatty Acyls; Organic oxides; Hydrocarbon derivatives; Organopnictogen compounds; Organic oxygen compounds; Organic nitrogen compounds; Chemical entities	453.172	345	5.746	816704047842385546	816702805078323861	816702805078323860	1462	
1	C10H15FN4O	[M + H]+	C10H16FN4O+	Alkaloids	0.500	Ornithine alkaloids	0.185	Tropane alkaloids	0.053	Organic acids and derivatives	0.802	Carboxylic acids and derivatives	0.715	Amino acids, peptides, and analogues	0.513	Amino acids and derivatives	0.512	Amino acids and derivatives	0.512	Organic compounds; Organoheterocyclic compounds; Amino acids, peptides, and analogues; Organic acids and derivatives; Carboxylic acids and derivatives; Organohalogen compounds; Organonitrogen compounds; Organooxygen compounds; Amino acids and derivatives; Azoles; Carboxylic acid amides; Alkyl fluorides; Carboxylic acid derivatives; Organofluorides; Carbonyl compounds; Amines; Alkyl halides; Organic oxides; Azacyclic compounds; Heteroaromatic compounds; Hydrocarbon derivatives; Organopnictogen compounds; Organic oxygen compounds; Organic nitrogen compounds; Chemical entities	227.128	345	5.748	816704012928996010	816702805116072602	816702805116072601	1464	
1	C20H26N4O4	[M + H]+	C20H27N4O4+	Alkaloids	0.974	Anthranilic acid alkaloids	0.049	Purine alkaloids	0.064	Organic oxygen compounds	1.000	Organooxygen compounds	0.999	Ethers	0.596	Alkyl aryl ethers	0.577	Alkyl aryl ethers	0.577	Organic compounds; Organoheterocyclic compounds; Alkyl aryl ethers; Ethers; Organic acids and derivatives; Carboxylic acids and derivatives; Organonitrogen compounds; Organooxygen compounds; Azoles; Diazines; Benzenoids; Amines; Organic oxides; Azacyclic compounds; Heteroaromatic compounds; Hydrocarbon derivatives; Organopnictogen compounds; Organic oxygen compounds; Organic nitrogen compounds; Chemical entities	387.204	347	5.778	816704018100573310	816702805304816302	816702805300621997	1486	
1	C30H54N4O8	[M + H]+	C30H55N4O8+	Amino acids and Peptides	0.913	Oligopeptides	0.685	Linear peptides	0.337	Organic acids and derivatives	0.999	Peptidomimetics	0.453	Hybrid peptides	0.531			Hybrid peptides	0.531	Organic compounds; Lipids and lipid-like molecules; Amino acids, peptides, and analogues; Alpha amino acids and derivatives; Alcohols and polyols; Fatty acids and conjugates; Organic acids and derivatives; Carboxylic acids and derivatives; Organonitrogen compounds; Medium-chain hydroxy acids and derivatives; Organooxygen compounds; Fatty amides; Branched fatty acids; Hydroxy fatty acids; Amino acids and derivatives; Peptides; Carboxylic acid amides; Carboxylic acid derivatives; N-acyl amines; Monocarboxylic acids and derivatives; N-acyl-alpha amino acids and derivatives; Carboxylic acids; Secondary alcohols; Secondary carboxylic acid amides; Carbonyl compounds; Gamma amino acids and derivatives; Hybrid peptides; Alpha amino acid amides; Methyl-branched fatty acids; Fatty Acyls; Organic oxides; Hydrocarbon derivatives; Valine and derivatives; Organopnictogen compounds; Organic oxygen compounds; Organic nitrogen compounds; Dipeptides; Chemical entities	599.399	347	5.780	816704036761033175	816702805342565043	816702805342565042	1487	
1	C38H39N5O10	[M + Na]+	C38H39N5NaO10+	Polyketides	0.302	Oligopeptides	0.483	Cyclic peptides	0.129	Organic acids and derivatives	0.991	Carboxylic acids and derivatives	0.978	Amino acids, peptides, and analogues	0.833	Amino acids and derivatives	0.823	Alpha amino acids and derivatives	0.647	Organic compounds; Organoheterocyclic compounds; Amino acids, peptides, and analogues; Alpha amino acids and derivatives; Ethers; Phenylpropanoids and polyketides; Organic acids and derivatives; Carboxylic acids and derivatives; Organonitrogen compounds; Organooxygen compounds; Amino acids and derivatives; Carboxylic acid amides; Carboxylic acid derivatives; Secondary carboxylic acid amides; Carbonyl compounds; Benzene and substituted derivatives; Benzenoids; Organic oxides; Azacyclic compounds; Heteroaromatic compounds; Hydrocarbon derivatives; Organopnictogen compounds; Organic oxygen compounds; Organic nitrogen compounds; Chemical entities	748.261	347	5.791	816704075398966969	816702805476782786	816702805476782785	1494	
1	C17H24O5	[M + Na]+	C17H24NaO5+	Shikimates and Phenylpropanoids	0.785	Diarylheptanoids	0.603	Linear diarylheptanoids	0.515	Benzenoids	0.997	Phenols	0.988	Methoxyphenols	0.994	Gingerols	0.792	Gingerols	0.792	Organic compounds; Lipids and lipid-like molecules; Ketones; Alkyl aryl ethers; Alcohols and polyols; Phenols; Anisoles; Methoxyphenols; Ethers; Organooxygen compounds; Fatty alcohols; Secondary alcohols; Gingerols; Paradols; Carbonyl compounds; Benzene and substituted derivatives; Phenol ethers; Benzenoids; Beta-hydroxy ketones; Fatty Acyls; Organic oxides; Methoxybenzenes; Hydrocarbon derivatives; Organic oxygen compounds; 1-hydroxy-2-unsubstituted benzenoids; Phenoxy compounds; Chemical entities	331.153	348	5.797	816704023519614786	816702805527114439	816702805527114438	1512	
1	C12H10N4O2	[M + H]+	C12H11N4O2+	Alkaloids	0.999	Anthranilic acid alkaloids	0.998	Phenazine alkaloids	0.955	Organoheterocyclic compounds	1.000	Pteridines and derivatives	1.000	Alloxazines and isoalloxazines	1.000	Flavins	0.992	Flavins	0.992	Organic compounds; Organoheterocyclic compounds; Pyrazines; Pyrimidines and pyrimidine derivatives; Pteridines and derivatives; Lactams; Organic acids and derivatives; Organonitrogen compounds; Pyrimidones; Organooxygen compounds; Organic carbonic acids and derivatives; Alloxazines and isoalloxazines; Quinoxalines; Ureas; Flavins; Diazines; Benzenoids; Vinylogous amides; Organic oxides; Azacyclic compounds; Heteroaromatic compounds; Hydrocarbon derivatives; Organopnictogen compounds; Organic oxygen compounds; Organic nitrogen compounds; Diazanaphthalenes; Benzodiazines; Chemical entities	243.087	349	5.825	816704031383935176	816702805590029004	816702805590029003	1499	
1	C14H14O7	[M + Na]+	C14H14NaO7+	Shikimates and Phenylpropanoids	0.999	Flavonoids	0.996	Flavonols	0.978	Phenylpropanoids and polyketides	0.996	Flavonoids	0.990	O-methylated flavonoids	0.823	7-O-methylated flavonoids	0.647	7-O-methylated flavonoids	0.647	Organic compounds; Organoheterocyclic compounds; Pyrans; Benzopyrans; Alkyl aryl ethers; Alcohols and polyols; Phenols; Catechols; Anisoles; Chromones; Ethers; Phenylpropanoids and polyketides; Organic acids and derivatives; Organooxygen compounds; Flavonoids; Pyranones and derivatives; Flavonols; Benzenediols; Flavones; Benzene and substituted derivatives; Benzenoids; O-methylated flavonoids; 7-O-methylated flavonoids; 3-hydroxyflavonoids; 3'-hydroxyflavonoids; 4'-hydroxyflavonoids; Hydroxyflavonoids; 5-hydroxyflavonoids; 7-hydroxyflavonoids; 1-benzopyrans; Vinylogous acids; Organic oxides; Oxacyclic compounds; Heteroaromatic compounds; Hydrocarbon derivatives; Organic oxygen compounds; 1-hydroxy-2-unsubstituted benzenoids; 1-hydroxy-4-unsubstituted benzenoids; Chemical entities	317.064	352	5.874	816704050841314045	816702805728441051	816702805728441050	1497	
1	C15H20O4	[M - H2O + H]+	C15H19O3+	Terpenoids	0.977	Sesquiterpenoids	0.899	Caryophyllane sesquiterpenoids	0.061	Lipids and lipid-like molecules	0.617	Prenol lipids	0.554					Prenol lipids	0.554	Organic compounds; Lipids and lipid-like molecules; Ketones; Alcohols and polyols; Prenol lipids; Organic acids and derivatives; Carboxylic acids and derivatives; Organooxygen compounds; Monocarboxylic acids and derivatives; Carbonyl compounds; Organic oxides; Hydrocarbon derivatives; Organic oxygen compounds; Chemical entities	247.131	353	5.887	816704056746894646	816702805938156276	816702805938156275	1518	
1	C16H12O7	[M + H]+	C16H13O7+	Shikimates and Phenylpropanoids	1.000	Flavonoids	1.000	Flavonols	0.997	Phenylpropanoids and polyketides	1.000	Flavonoids	1.000	O-methylated flavonoids	0.964	7-O-methylated flavonoids	0.946	7-O-methylated flavonoids	0.946	Organic compounds; Organoheterocyclic compounds; Pyrans; Benzopyrans; Alkyl aryl ethers; Phenols; Catechols; Anisoles; Chromones; Ethers; Phenylpropanoids and polyketides; Organic acids and derivatives; Organooxygen compounds; Flavonoids; Pyranones and derivatives; Flavonols; Benzenediols; Flavones; Benzene and substituted derivatives; Phenol ethers; Benzenoids; O-methylated flavonoids; 7-O-methylated flavonoids; 3-hydroxyflavonoids; 3'-hydroxyflavonoids; 4'-hydroxyflavonoids; Hydroxyflavonoids; 5-hydroxyflavonoids; 1-benzopyrans; Vinylogous acids; Organic oxides; Oxacyclic compounds; Heteroaromatic compounds; Hydrocarbon derivatives; Organic oxygen compounds; 1-hydroxy-2-unsubstituted benzenoids; 1-hydroxy-4-unsubstituted benzenoids; Chemical entities	317.064	354	5.901	816704061717145582	816702806013653758	816702806013653757	1525	
1	C32H32O12	[M + K]+	C32H32KO12+	Shikimates and Phenylpropanoids	0.904	Flavonoids	0.618	Flavonols	0.357	Phenylpropanoids and polyketides	0.876	Flavonoids	0.630	Flavonoid glycosides	0.554	Flavonoid O-glycosides	0.569	Flavonoid-3-O-glycosides	0.530	Organic compounds; Organoheterocyclic compounds; Carbohydrates and carbohydrate conjugates; Pyrans; Benzopyrans; Alcohols and polyols; Phenols; Chromones; Ethers; Phenylpropanoids and polyketides; Organic acids and derivatives; Primary alcohols; Organooxygen compounds; Flavonoids; Pyranones and derivatives; Flavonoid glycosides; Disaccharides; Flavonoid O-glycosides; Flavones; Acetals; Secondary alcohols; Oxanes; Glycosyl compounds; O-glycosyl compounds; Benzene and substituted derivatives; Polyols; Benzenoids; 4'-hydroxyflavonoids; Hydroxyflavonoids; 5-hydroxyflavonoids; 1-benzopyrans; Flavonoid-3-O-glycosides; Vinylogous acids; Organic oxides; Oxacyclic compounds; Heteroaromatic compounds; Hydrocarbon derivatives; Phenolic glycosides; Organic oxygen compounds; 1-hydroxy-2-unsubstituted benzenoids; 1-hydroxy-4-unsubstituted benzenoids; Chemical entities	647.156	354	5.906	816704076766310140	816702806101734152	816702806101734151	1527	
1	C13H17NO3	[M + H]+	C13H18NO3+	Amino acids and Peptides	0.778	Small peptides	0.827	Dipeptides	0.587	Organic acids and derivatives	1.000	Carboxylic acids and derivatives	1.000	Amino acids, peptides, and analogues	0.990	Amino acids and derivatives	0.989	Phenylalanine and derivatives	0.955	Organic compounds; Lipids and lipid-like molecules; Amino acids, peptides, and analogues; Alpha amino acids and derivatives; Phenethylamines; Amphetamines and derivatives; Phenylpropanoids and polyketides; Organic acids and derivatives; Carboxylic acids and derivatives; Organonitrogen compounds; Organooxygen compounds; Fatty amides; Amino acids and derivatives; Carboxylic acid amides; Carboxylic acid derivatives; Monocarboxylic acids and derivatives; N-acyl-alpha amino acids and derivatives; Carboxylic acids; Secondary carboxylic acid amides; Carbonyl compounds; Benzene and substituted derivatives; N-acyl-alpha amino acids; Benzenoids; Phenylpropanoic acids; Fatty Acyls; Organic oxides; Hydrocarbon derivatives; Phenylalanine and derivatives; Organopnictogen compounds; Organic oxygen compounds; Organic nitrogen compounds; Chemical entities	236.127	355	5.916	816704086677450871	816702806198203154	816702806198203153	1531	
1	C8H15NO3	[M + Na]+	C8H15NNaO3+	Amino acids and Peptides	0.946	Small peptides	0.957	Aminoacids	0.943	Organic acids and derivatives	0.999	Carboxylic acids and derivatives	0.998	Amino acids, peptides, and analogues	0.932	Amino acids and derivatives	0.931	Alpha amino acids and derivatives	0.828	Organic compounds; Organoheterocyclic compounds; Amino acids, peptides, and analogues; Alpha amino acids and derivatives; Alcohols and polyols; Organic acids and derivatives; Carboxylic acids and derivatives; Organonitrogen compounds; Organooxygen compounds; Amino acids and derivatives; Carboxylic acid derivatives; Monocarboxylic acids and derivatives; Carboxylic acids; Carbonyl compounds; Amines; Organic oxides; Azacyclic compounds; Hydrocarbon derivatives; Amino acids; Organopnictogen compounds; Organic oxygen compounds; Organic nitrogen compounds; Chemical entities	196.096	355	5.925	816704078053961624	816702806298866460	816702806298866459	1537	
1	C16H26O9	[M + Na]+	C16H26NaO9+	Polyketides	0.570	Macrolides	0.876	Macrolide lactones	0.915	Lipids and lipid-like molecules	0.541							Lipids and lipid-like molecules	0.541	Organic compounds; Organoheterocyclic compounds; Lipids and lipid-like molecules; Lactones; Alcohols and polyols; Ethers; Organic acids and derivatives; Carboxylic acids and derivatives; Organooxygen compounds; Carboxylic acid derivatives; Carboxylic acid esters; Secondary alcohols; Carbonyl compounds; Enoate esters; Alpha,beta-unsaturated carboxylic esters; Organic oxides; Oxacyclic compounds; Hydrocarbon derivatives; Organic oxygen compounds; Chemical entities	385.146	356	5.937	816704092390093296	816702806407918374	816702806403724069	1540	
1	C18H25N3O6	[M + H]+	C18H26N3O6+	Amino acids and Peptides	0.916	Phenylpropanoids (C6-C3)	0.567	Polyamines	0.262	Organic acids and derivatives	0.998	Carboxylic acids and derivatives	0.995	Amino acids, peptides, and analogues	0.845	Amino acids and derivatives	0.836	N-acyl-alpha amino acids and derivatives	0.534	Organic compounds; Amino acids, peptides, and analogues; Styrenes; Alpha amino acids and derivatives; Phenylpropanoids and polyketides; Organic acids and derivatives; Carboxylic acids and derivatives; Organonitrogen compounds; Organooxygen compounds; Amino acids and derivatives; Carboxylic acid amides; Cinnamic acids and derivatives; Carboxylic acid derivatives; N-acyl-alpha amino acids and derivatives; Secondary carboxylic acid amides; Carbonyl compounds; Benzene and substituted derivatives; Benzenoids; Amines; Cinnamic acid amides; Organic oxides; Hydrocarbon derivatives; Organopnictogen compounds; Organic oxygen compounds; Organic nitrogen compounds; Chemical entities	380.185	357	5.944	816704094332056226	816702806529553200	816702806529553199	1567	
1	C27H34N6O9	[M + Na]+	C27H34N6NaO9+	Alkaloids	0.584	Pseudoalkaloids (transamidation)	0.298	Purine alkaloids	0.620	Organoheterocyclic compounds	0.988	Imidazopyrimidines	0.685	Purines and purine derivatives	0.709			Purines and purine derivatives	0.709	Organic compounds; Organoheterocyclic compounds; Pyrimidines and pyrimidine derivatives; Imidazoles; Alkyl aryl ethers; Alcohols and polyols; Anisoles; Purines and purine derivatives; Ethers; Organic acids and derivatives; Organonitrogen compounds; Primary alcohols; Pyrimidones; Organooxygen compounds; Azoles; Diazines; Secondary alcohols; Imidazopyrimidines; Benzene and substituted derivatives; Substituted imidazoles; N-substituted imidazoles; Phenol ethers; Benzenoids; Amines; Organic oxides; Methoxybenzenes; Azacyclic compounds; Heteroaromatic compounds; Hydrocarbon derivatives; Organopnictogen compounds; Organic oxygen compounds; Organic nitrogen compounds; Phenoxy compounds; Chemical entities	609.228	357	5.947	816704138472913140	816702806579884853	816702806579884852	1546	
1	C20H20O5	[M + H]+	C20H21O5+	Shikimates and Phenylpropanoids	0.993	Lignans	0.828	Dibenzylbutane lignans	0.662	Lignans, neolignans and related compounds	0.680							Lignans, neolignans and related compounds	0.680	Organic compounds; Ketones; Alkyl aryl ethers; Phenols; Anisoles; Methoxyphenols; Ethers; Organooxygen compounds; Lignans, neolignans and related compounds; Carbonyl compounds; Benzene and substituted derivatives; Phenol ethers; Benzenoids; Organic oxides; Methoxybenzenes; Hydrocarbon derivatives; Organic oxygen compounds; 1-hydroxy-2-unsubstituted benzenoids; Phenoxy compounds; Chemical entities	341.137	357	5.948	816704103555331003	816702806621827898	816702806621827897	1547	
1	C10H10O4	[M + H]+	C10H11O4+	Shikimates and Phenylpropanoids	0.666	Phenolic acids (C6-C1)	0.523	Simple phenolic acids	0.458	Benzenoids	0.994	Benzene and substituted derivatives	0.945	Benzoic acids and derivatives	0.929	Benzoic acid esters	0.869	Benzoic acid esters	0.869	Organic compounds; Benzoic acids and derivatives; Organic acids and derivatives; Carboxylic acids and derivatives; Benzoyl derivatives; Organooxygen compounds; Carboxylic acid derivatives; Carboxylic acid esters; Benzoic acid esters; Benzene and substituted derivatives; Benzenoids; Methyl esters; Organic oxides; Hydrocarbon derivatives; Organic oxygen compounds; Chemical entities	195.064	358	5.969	816704110425601247	816702806743462729	816702806743462728	1554	
1	C25H40N2O5	[M + Na]+	C25H40N2NaO5+	Amino acids and Peptides	0.570	Small peptides	0.317	Dipeptides	0.072	Organic acids and derivatives	0.988	Carboxylic acids and derivatives	0.973	Amino acids, peptides, and analogues	0.683	Amino acids and derivatives	0.677	Alpha amino acids and derivatives	0.605	Organic compounds; Lipids and lipid-like molecules; Amino acids, peptides, and analogues; Alpha amino acids and derivatives; Alcohols and polyols; Organic acids and derivatives; Carboxylic acids and derivatives; Organonitrogen compounds; Organooxygen compounds; Amino acids and derivatives; Carboxylic acid amides; Carboxylic acid derivatives; Monocarboxylic acids and derivatives; Carboxylic acid esters; Secondary carboxylic acid amides; Carbonyl compounds; Fatty Acyls; Organic oxides; Hydrocarbon derivatives; Organopnictogen compounds; Organic oxygen compounds; Organic nitrogen compounds; Chemical entities	471.280	358	5.972	816704113512609251	816702806789600078	816702806789600077	1556	
1	C22H38N4O7	[M + Na]+	C22H38N4NaO7+	Amino acids and Peptides	0.999	Small peptides	0.987	Tripeptides	0.744	Organic acids and derivatives	1.000	Carboxylic acids and derivatives	1.000	Amino acids, peptides, and analogues	1.000	Peptides	0.993	Oligopeptides	0.887	Organic compounds; Organoheterocyclic compounds; Amino acids, peptides, and analogues; Alpha amino acids and derivatives; Pyrrolidines; Organic acids and derivatives; Carboxylic acids and derivatives; Organonitrogen compounds; Organooxygen compounds; Amino acids and derivatives; Peptides; Carboxylic acid amides; Carboxylic acid derivatives; Monocarboxylic acids and derivatives; N-acyl-alpha amino acids and derivatives; Carboxylic acids; Secondary carboxylic acid amides; Tertiary carboxylic acid amides; Carbonyl compounds; Pyrrolidine carboxylic acids and derivatives; Pyrrolidinecarboxamides; Alpha amino acid amides; N-acyl-alpha amino acids; Pyrrolidine carboxylic acids; Amines; N-acylpyrrolidines; Organic oxides; Azacyclic compounds; Hydrocarbon derivatives; Amino acids; Proline and derivatives; Organopnictogen compounds; Organic oxygen compounds; Organic nitrogen compounds; Oligopeptides; Chemical entities	493.261	359	5.980	816704119346886456	816702806831543123	816702806831543122	1559	
1	C22H21N5O2	[M + Na]+	C22H21N5NaO2+	Alkaloids	0.447	Tryptophan alkaloids	0.057	Benzodiazepine alkaloids	0.057	Benzenoids	0.983	Benzene and substituted derivatives	0.782					Benzene and substituted derivatives	0.782	Organic compounds; Organoheterocyclic compounds; Organic acids and derivatives; Carboxylic acids and derivatives; Organonitrogen compounds; Organooxygen compounds; Azoles; Carboxylic acid amides; Carboxylic acid derivatives; Secondary carboxylic acid amides; Carbonyl compounds; Benzene and substituted derivatives; Benzenoids; Organic oxides; Azacyclic compounds; Heteroaromatic compounds; Hydrocarbon derivatives; Organopnictogen compounds; Organic oxygen compounds; Organic nitrogen compounds; Chemical entities	410.161	360	5.998	816704116201158301	816702806907040605	816702806907040604	1564	
1	C20H30O11	[M + H]+	C20H31O11+	Terpenoids	0.406	Monoterpenoids	0.425	Secoiridoid monoterpenoids	0.358	Organic oxygen compounds	1.000	Organooxygen compounds	1.000	Carbohydrates and carbohydrate conjugates	0.853	Glycosyl compounds	0.580	O-glycosyl compounds	0.598	Organic compounds; Organoheterocyclic compounds; Carbohydrates and carbohydrate conjugates; Lipids and lipid-like molecules; Alcohols and polyols; Ethers; Organic acids and derivatives; Carboxylic acids and derivatives; Organooxygen compounds; Fatty acid esters; Carboxylic acid derivatives; Carboxylic acid esters; Acetals; Secondary alcohols; Carbonyl compounds; Oxanes; Glycosyl compounds; O-glycosyl compounds; Polyols; Enoate esters; Alpha,beta-unsaturated carboxylic esters; Fatty Acyls; Organic oxides; Oxacyclic compounds; Hydrocarbon derivatives; Organic oxygen compounds; Chemical entities	447.186	360	6.007	816704159318609001	816702806986732391	816702806986732390	1568	
1	C21H33NO2	[M + H]+	C21H34NO2+	Alkaloids	0.817	Pseudoalkaloids (transamidation)	0.301	Phenylalanine-derived alkaloids	0.189	Organic nitrogen compounds	1.000	Organonitrogen compounds	1.000	Amines	0.984	Aralkylamines	0.875	Aralkylamines	0.875	Organic compounds; Alcohols and polyols; Organonitrogen compounds; Organooxygen compounds; Secondary alcohols; 1,2-aminoalcohols; Trialkylamines; Benzene and substituted derivatives; Benzenoids; Amines; Tertiary amines; Alkanolamines; Aromatic alcohols; Aralkylamines; Hydrocarbon derivatives; Organopnictogen compounds; Organic oxygen compounds; Organic nitrogen compounds; Chemical entities	332.257	361	6.014	816704150477011981	816702807116755830	816702807116755829	1570	
1	C18H37O5	[M + H]+	C18H38O5+	Fatty acids	0.999	Octadecanoids	0.787	Other Octadecanoids	0.723	Lipids and lipid-like molecules	0.989	Fatty Acyls	0.982	Fatty acids and conjugates	0.921	Long-chain fatty acids	0.848	Long-chain fatty acids	0.848	Organic compounds; Lipids and lipid-like molecules; Alcohols and polyols; Fatty acids and conjugates; Organic acids and derivatives; Carboxylic acids and derivatives; Organooxygen compounds; Unsaturated fatty acids; Hydroxy fatty acids; Monocarboxylic acids and derivatives; Carboxylic acids; Secondary alcohols; Carbonyl compounds; Long-chain fatty acids; Fatty Acyls; Organic oxides; Hydrocarbon derivatives; Organic oxygen compounds; Chemical entities	334.272	363	6.055	816704164104311485	816702807292916623	816702807292916622	1581	
1	C26H49NO7	[M + Na]+	C26H49NNaO7+	Fatty acids	1.000	Spingolipids	1.000	Neutral glycosphingolipids	1.000	Lipids and lipid-like molecules	0.985	Sphingolipids	0.915	Glycosphingolipids	0.929			Glycosphingolipids	0.929	Organic compounds; Organoheterocyclic compounds; Carbohydrates and carbohydrate conjugates; Lipids and lipid-like molecules; Alcohols and polyols; Ethers; Sphingolipids; Organonitrogen compounds; Primary alcohols; Organooxygen compounds; Monoalkylamines; Hexoses; Monosaccharides; Acetals; Secondary alcohols; Fatty acyl glycosides; Oxanes; Glycosyl compounds; Alkyl glycosides; O-glycosyl compounds; Polyols; Amines; Primary amines; Glycosphingolipids; Fatty acyl glycosides of mono- and disaccharides; Fatty Acyls; Oxacyclic compounds; Hydrocarbon derivatives; Organopnictogen compounds; Organic oxygen compounds; Organic nitrogen compounds; Chemical entities	510.341	364	6.060	816704162976043566	816702807334859668	816702807334859667	1582	
1	C19H36N6O4	[M + H]+	C19H37N6O4+	Amino acids and Peptides	0.959	Small peptides	0.835	Tripeptides	0.915	Organic acids and derivatives	0.975	Carboxylic acids and derivatives	0.946	Amino acids, peptides, and analogues	0.964	Peptides	0.646	Peptides	0.646	Organic compounds; Lipids and lipid-like molecules; Amino acids, peptides, and analogues; Alpha amino acids and derivatives; Organic acids and derivatives; Carboxylic acids and derivatives; Organonitrogen compounds; Organooxygen compounds; Fatty amides; Amino acids and derivatives; Peptides; Carboxylic acid amides; Carboxylic acid derivatives; N-acyl amines; N-acyl-alpha amino acids and derivatives; Secondary carboxylic acid amides; Carbonyl compounds; Alpha amino acid amides; Fatty Acyls; Organic oxides; Hydrocarbon derivatives; Organopnictogen compounds; Organic oxygen compounds; Organic nitrogen compounds; Chemical entities	413.287	365	6.076	816704170320270958	816702807473271715	816702807473271714	1592	
1	C6H14N2O5	[M + H]+	C6H15N2O5+	Amino acids and Peptides	0.989	Small peptides	0.967	Aminoacids	0.958	Organic acids and derivatives	0.944	Carboxylic acids and derivatives	0.927	Amino acids, peptides, and analogues	0.813	Amino acids and derivatives	0.812	Alpha amino acids	0.589	Organic compounds; Lipids and lipid-like molecules; Amino acids, peptides, and analogues; Alpha amino acids and derivatives; Alcohols and polyols; Fatty acids and conjugates; Organic acids and derivatives; Carboxylic acids and derivatives; Organonitrogen compounds; Organooxygen compounds; Amino acids and derivatives; Monoalkylamines; Monocarboxylic acids and derivatives; Carboxylic acids; Carbonyl compounds; Alpha amino acids; Amines; Primary amines; Fatty Acyls; Organic oxides; Hydrocarbon derivatives; Amino acids; Organopnictogen compounds; Organic oxygen compounds; Organic nitrogen compounds; Chemical entities	195.098	365	6.078	816704170156693055	816702807506826152	816702807506826151	1594	
1	C18H35N3O9	[M + H]+	C18H36N3O9+	Amino acids and Peptides	0.396	Small peptides	0.259	Tripeptides	0.389	Organic acids and derivatives	0.986	Carboxylic acids and derivatives	0.979	Amino acids, peptides, and analogues	0.914	Peptides	0.712	Peptides	0.712	Organic compounds; Lipids and lipid-like molecules; Amino acids, peptides, and analogues; Alpha amino acids and derivatives; Alcohols and polyols; Organic acids and derivatives; Carboxylic acids and derivatives; Organonitrogen compounds; Primary alcohols; Organooxygen compounds; Fatty amides; Amino acids and derivatives; Peptides; Hydroxy acids and derivatives; Carboxylic acid amides; Carboxylic acid derivatives; N-acyl amines; N-acyl-alpha amino acids and derivatives; Carboxylic acids; Secondary alcohols; Secondary carboxylic acid amides; Beta hydroxy acids and derivatives; Carbonyl compounds; Alpha amino acid amides; Fatty Acyls; Organic oxides; Hydrocarbon derivatives; Organopnictogen compounds; Organic oxygen compounds; Organic nitrogen compounds; Chemical entities	438.244	365	6.081	816704164762817325	816702807540380589	816702807540380588	1598	
1	C19H26N2O7	[M + H]+	C19H27N2O7+	Alkaloids	0.451	Ornithine alkaloids	0.175	Pyrrolizidine alkaloids	0.092	Organic acids and derivatives	0.999	Carboxylic acids and derivatives	0.998	Amino acids, peptides, and analogues	0.540	Amino acids and derivatives	0.540	Amino acids and derivatives	0.540	Organic compounds; Organoheterocyclic compounds; Lipids and lipid-like molecules; Amino acids, peptides, and analogues; Organic acids and derivatives; Carboxylic acids and derivatives; Organonitrogen compounds; Organooxygen compounds; Fatty acid esters; Dicarboxylic acids and derivatives; Amino acids and derivatives; Carboxylic acid derivatives; Carboxylic acid esters; Carbonyl compounds; Fatty Acyls; Organic oxides; Azacyclic compounds; Hydrocarbon derivatives; Organopnictogen compounds; Organic oxygen compounds; Organic nitrogen compounds; Chemical entities	395.180	366	6.107	816704169993115121	816702807628460983	816702807628460982	1602	
1	C10H11FO	[M + H]+	C10H12FO+	Shikimates and Phenylpropanoids	0.381	Sesquiterpenoids	0.021	Phenylalanine-derived alkaloids	0.023	Benzenoids	1.000	Benzene and substituted derivatives	0.999	Halobenzenes	0.990	Fluorobenzenes	0.988	Fluorobenzenes	0.988	Organic compounds; Halobenzenes; Ethers; Organohalogen compounds; Organooxygen compounds; Aryl fluorides; Fluorobenzenes; Dialkyl ethers; Organofluorides; Benzene and substituted derivatives; Benzenoids; Aryl halides; Hydrocarbon derivatives; Organic oxygen compounds; Chemical entities	167.088	367	6.110	816704167786910791	816702807703958465	816702807703958464	1604	
1	C23H44N4O4	[M + H]+	C23H45N4O4+	Amino acids and Peptides	0.984	Small peptides	0.900	Tripeptides	0.839	Organic acids and derivatives	0.998	Carboxylic acids and derivatives	0.996	Amino acids, peptides, and analogues	0.987	Peptides	0.713	Dipeptides	0.687	Organic compounds; Lipids and lipid-like molecules; Amino acids, peptides, and analogues; Alpha amino acids and derivatives; Organic acids and derivatives; Carboxylic acids and derivatives; Organonitrogen compounds; Organooxygen compounds; Fatty amides; Amino acids and derivatives; Peptides; Carboxylic acid amides; Carboxylic acid derivatives; N-acyl amines; N-acyl-alpha amino acids and derivatives; Secondary carboxylic acid amides; Tertiary carboxylic acid amides; Carbonyl compounds; Alpha amino acid amides; Fatty Acyls; Organic oxides; Hydrocarbon derivatives; Valine and derivatives; Organopnictogen compounds; Organic oxygen compounds; Organic nitrogen compounds; Dipeptides; Chemical entities	441.342	367	6.112	816704171515647684	816702807783650251	816702807783650250	1605	
1	C16H12O6	[M + H]+	C16H13O6+	Shikimates and Phenylpropanoids	1.000	Flavonoids	0.998	Flavones	0.824	Phenylpropanoids and polyketides	0.998	Flavonoids	0.997	O-methylated flavonoids	0.984	3'-O-methylated flavonoids	0.571	3'-O-methylated flavonoids	0.571	Organic compounds; Organoheterocyclic compounds; Pyrans; Benzopyrans; Alkyl aryl ethers; Phenols; Anisoles; Chromones; Methoxyphenols; Ethers; Phenylpropanoids and polyketides; Organic acids and derivatives; Organooxygen compounds; Flavonoids; Pyranones and derivatives; Flavones; Benzene and substituted derivatives; Phenol ethers; Benzenoids; O-methylated flavonoids; 3'-O-methylated flavonoids; 4'-O-methylated flavonoids; 4'-hydroxyflavonoids; Hydroxyflavonoids; 5-hydroxyflavonoids; 7-hydroxyflavonoids; 1-benzopyrans; Vinylogous acids; Organic oxides; Methoxybenzenes; Oxacyclic compounds; Heteroaromatic compounds; Hydrocarbon derivatives; Organic oxygen compounds; 1-hydroxy-2-unsubstituted benzenoids; 1-hydroxy-4-unsubstituted benzenoids; Phenoxy compounds; Chemical entities	301.069	367	6.114	816704181804279844	816702807821398992	816702807821398991	1609	
1	C21H33NO3	[M + H]+	C21H34NO3+	Alkaloids	0.867	Pseudoalkaloids (transamidation)	0.877	Phenylalanine-derived alkaloids	0.209	Benzenoids	0.937	Benzene and substituted derivatives	0.932					Benzene and substituted derivatives	0.932	Organic compounds; Alcohols and polyols; Organonitrogen compounds; Organooxygen compounds; Secondary alcohols; Carbonyl compounds; Benzene and substituted derivatives; Benzenoids; Amines; Organic oxides; Hydrocarbon derivatives; Organopnictogen compounds; Organic oxygen compounds; Organic nitrogen compounds; Chemical entities	348.252	367	6.120	816704174300665698	816702808022725594	816702808022725593	1611	
1	C20H33NO2	[M + H]+	C20H34NO2+	Alkaloids	0.992	Pseudoalkaloids (transamidation)	0.935	Phenylalanine-derived alkaloids	0.937	Benzenoids	0.998	Phenols	0.973	1-hydroxy-2-unsubstituted benzenoids	0.986			1-hydroxy-2-unsubstituted benzenoids	0.986	Organic compounds; Alcohols and polyols; Phenols; Organonitrogen compounds; Organooxygen compounds; Secondary alcohols; 1,2-aminoalcohols; Dialkylamines; Benzene and substituted derivatives; Benzenoids; Amines; Secondary amines; Alkanolamines; Aromatic alcohols; Aralkylamines; Hydrocarbon derivatives; Organopnictogen compounds; Organic oxygen compounds; 1-hydroxy-2-unsubstituted benzenoids; Organic nitrogen compounds; Chemical entities	320.257	368	6.138	816704184991951501	816702808064668639	816702808064668638	1619	
1	C9H35N14	[M + H]+	C9H36N14+	Alkaloids	0.959	Ornithine alkaloids	0.606	Polyamines	0.892	Organic nitrogen compounds	1.000	Organonitrogen compounds	1.000	Guanidines	0.947			Guanidines	0.947	Organic compounds; Organonitrogen compounds; Guanidines; Carboximidamides; Hydrocarbon derivatives; Organopnictogen compounds; Organic nitrogen compounds; Chemical entities	340.325	371	6.182	816704204642293547	816702808442156039	816702808442156038	1647	
1	C17H30N6O2	[M + H]+	C17H31N6O2+	Alkaloids	0.589	Pseudoalkaloids (transamidation)	0.073	Imidazole alkaloids	0.034	Organoheterocyclic compounds	0.991	Azoles	0.929	Oxadiazoles	0.554	Furazans	0.605	Furazans	0.605	Organic compounds; Organoheterocyclic compounds; Organonitrogen compounds; Organooxygen compounds; Azoles; Oxadiazoles; Furazans; Trialkylamines; Amines; Tertiary amines; Organic oxides; Azacyclic compounds; Heteroaromatic compounds; Hydrocarbon derivatives; Organopnictogen compounds; Organic oxygen compounds; Organic nitrogen compounds; Chemical entities	351.249	371	6.182	816704524269352892	816702808496681996	816702808492487691	1648	
1	C21H30N2O3	[M + H]+	C21H31N2O3+	Alkaloids	0.571	Tryptophan alkaloids	0.351	Open-chain polyketides	0.304	Benzenoids	0.642							Benzenoids	0.642	Organic compounds; Lipids and lipid-like molecules; Alcohols and polyols; Organic acids and derivatives; Carboxylic acids and derivatives; Organonitrogen compounds; Organooxygen compounds; Carboxylic acid amides; Secondary alcohols; Carbonyl compounds; Benzenoids; Amines; Organic oxides; Hydrocarbon derivatives; Organopnictogen compounds; Organic oxygen compounds; Organic nitrogen compounds; Chemical entities	359.232	371	6.183	816704530904746954	816702808630899739	816702808630899738	1657	
1	C18H33N3O3	[M + H]+	C18H34N3O3+	Amino acids and Peptides	0.986	Small peptides	0.963	Tripeptides	0.877	Organic acids and derivatives	0.999	Carboxylic acids and derivatives	0.998	Amino acids, peptides, and analogues	0.993	Peptides	0.618	Dipeptides	0.501	Organic compounds; Lipids and lipid-like molecules; Amino acids, peptides, and analogues; Alpha amino acids and derivatives; Organic acids and derivatives; Carboxylic acids and derivatives; Organonitrogen compounds; Organooxygen compounds; Fatty amides; Amino acids and derivatives; Peptides; Carboxylic acid amides; Carboxylic acid derivatives; N-acyl amines; N-acyl-alpha amino acids and derivatives; Secondary carboxylic acid amides; Carbonyl compounds; Alpha amino acid amides; Amines; Primary amines; Fatty Acyls; Organic oxides; Hydrocarbon derivatives; Leucine and derivatives; Organopnictogen compounds; Organic oxygen compounds; Organic nitrogen compounds; Dipeptides; Chemical entities	340.258	371	6.183	816704525657668419	816702808672842784	816702808672842783	1658	
1	C35H56N6O5	[M + K]+	C35H56KN6O5+	Amino acids and Peptides	0.983	Oligopeptides	0.816	Linear peptides	0.169	Organic acids and derivatives	0.997	Carboxylic acids and derivatives	0.986	Amino acids, peptides, and analogues	0.945	Amino acids and derivatives	0.934	Alpha amino acid amides	0.717	Organic compounds; Organoheterocyclic compounds; Lipids and lipid-like molecules; Amino acids, peptides, and analogues; Alpha amino acids and derivatives; Organic acids and derivatives; Carboxylic acids and derivatives; Organonitrogen compounds; Organooxygen compounds; Fatty amides; Amino acids and derivatives; Carboxylic acid amides; Ureas; Carboxylic acid derivatives; N-acyl amines; Secondary carboxylic acid amides; Tertiary carboxylic acid amides; Carbonyl compounds; Benzene and substituted derivatives; Alpha amino acid amides; Benzenoids; Fatty Acyls; Organic oxides; Azacyclic compounds; Hydrocarbon derivatives; Valine and derivatives; Organopnictogen compounds; Organic oxygen compounds; Organic nitrogen compounds; Chemical entities	679.389	371	6.184	816704741412692102	816702808895140916	816702808895140915	1667	
1	C41H50N4O5	[M + H]+	C41H51N4O5+	Amino acids and Peptides	0.926	Oligopeptides	0.730	Linear peptides	0.164	Organic acids and derivatives	0.995	Carboxylic acids and derivatives	0.976	Amino acids, peptides, and analogues	0.765	Amino acids and derivatives	0.736	Alpha amino acids and derivatives	0.601	Organic compounds; Lipids and lipid-like molecules; Amino acids, peptides, and analogues; Alpha amino acids and derivatives; Alcohols and polyols; Organic acids and derivatives; Carboxylic acids and derivatives; Organonitrogen compounds; Organooxygen compounds; Fatty amides; Amino acids and derivatives; Carboxylic acid amides; Carboxylic acid derivatives; N-acyl amines; Secondary alcohols; Secondary carboxylic acid amides; Carbonyl compounds; Benzene and substituted derivatives; Benzenoids; Fatty Acyls; Organic oxides; Hydrocarbon derivatives; Organopnictogen compounds; Organic oxygen compounds; Organic nitrogen compounds; Chemical entities	679.383	371	6.187	816704678967887995	816702809012581438	816702809012581437	1675	
1	C9H16FNO4	[M + Na]+	C9H16FNNaO4+	Amino acids and Peptides	0.764	Small peptides	0.401	Aminoacids	0.066	Organic acids and derivatives	0.995	Carboxylic acids and derivatives	0.991	Amino acids, peptides, and analogues	0.732	Amino acids and derivatives	0.734	Amino acids and derivatives	0.734	Organic compounds; Amino acids, peptides, and analogues; Halobenzenes; Alcohols and polyols; Organic acids and derivatives; Carboxylic acids and derivatives; Organohalogen compounds; Organonitrogen compounds; Organooxygen compounds; Amino acids and derivatives; Aryl fluorides; Carboxylic acid derivatives; Fluorobenzenes; Monocarboxylic acids and derivatives; Carboxylic acids; Organofluorides; Secondary carboxylic acid amides; Carbonyl compounds; Benzene and substituted derivatives; Benzenoids; Aryl halides; Organic oxides; Hydrocarbon derivatives; Organopnictogen compounds; Organic oxygen compounds; Organic nitrogen compounds; Chemical entities	244.096	375	6.248	816704528304276093	816702809348125793	816702809348125792	1683	
1	C15H25NO5	[M + H]+	C15H26NO5+	Fatty acids	0.735	Fatty amides	0.887	N-acyl amines	0.405	Organic acids and derivatives	1.000	Carboxylic acids and derivatives	0.999	Amino acids, peptides, and analogues	0.985	Amino acids and derivatives	0.984	N-acyl-alpha amino acids	0.567	Organic compounds; Lipids and lipid-like molecules; Amino acids, peptides, and analogues; Alpha amino acids and derivatives; Alcohols and polyols; Organic acids and derivatives; Carboxylic acids and derivatives; Organonitrogen compounds; Primary alcohols; Organooxygen compounds; Fatty amides; Amino acids and derivatives; Carboxylic acid amides; Carboxylic acid derivatives; N-acyl amines; Monocarboxylic acids and derivatives; N-acyl-alpha amino acids and derivatives; Carboxylic acids; Secondary alcohols; Carbonyl compounds; N-acyl-alpha amino acids; Fatty Acyls; Organic oxides; Hydrocarbon derivatives; Organopnictogen compounds; Organic oxygen compounds; Organic nitrogen compounds; Chemical entities	300.179	376	6.270	816704528539157359	816702809457177707	816702809457177706	1686	
1	C17H31N7O3	[M + H]+	C17H32N7O3+	Amino acids and Peptides	0.412	Nucleosides	0.318	Purine nucleosides	0.560	Organic acids and derivatives	0.681	Carboxylic acids and derivatives	0.397	Amino acids, peptides, and analogues	0.502			Amino acids, peptides, and analogues	0.502	Organic compounds; Organoheterocyclic compounds; Lipids and lipid-like molecules; Amino acids, peptides, and analogues; Pyrimidines and pyrimidine derivatives; Imidazoles; Alcohols and polyols; Purines and purine derivatives; Organic acids and derivatives; Organonitrogen compounds; Primary alcohols; Organooxygen compounds; Azoles; Monoalkylamines; Aminopyrimidines and derivatives; Diazines; Imidazopyrimidines; Carbonyl compounds; Substituted imidazoles; N-substituted imidazoles; Amines; Primary amines; 6-aminopurines; Imidolactams; Organic oxides; Azacyclic compounds; Heteroaromatic compounds; Hydrocarbon derivatives; Organopnictogen compounds; Organic oxygen compounds; Organic nitrogen compounds; Chemical entities	382.257	376	6.271	816704529700980561	816702809507509360	816702809507509359	1687	
1	C21H39NO7	[M - H2O + H]+	C21H38NO6+	Fatty acids	0.992	Spingolipids	0.990	Sphingoid bases	0.995	Organic acids and derivatives	0.989	Carboxylic acids and derivatives	0.985	Amino acids, peptides, and analogues	0.957	Amino acids and derivatives	0.956	Alpha amino acids	0.752	Organic compounds; Lipids and lipid-like molecules; Amino acids, peptides, and analogues; Alpha amino acids and derivatives; Ketones; Alcohols and polyols; Fatty acids and conjugates; Organic acids and derivatives; Carboxylic acids and derivatives; Organonitrogen compounds; Primary alcohols; Organooxygen compounds; Branched fatty acids; Unsaturated fatty acids; Hydroxy fatty acids; Amino acids and derivatives; Keto fatty acids; Monoalkylamines; Hydroxy acids and derivatives; Amino fatty acids; Monocarboxylic acids and derivatives; Carboxylic acids; Secondary alcohols; Beta hydroxy acids and derivatives; Carbonyl compounds; Alpha amino acids; Amines; Primary amines; Long-chain fatty acids; Fatty Acyls; Organic oxides; Hydrocarbon derivatives; Amino acids; Organopnictogen compounds; Organic oxygen compounds; Organic nitrogen compounds; Chemical entities	400.268	376	6.273	816704534386021246	816702809616561274	816702809612366969	1691	
1	C21H39NO7	[M + Na]+	C21H39NNaO7+	Fatty acids	0.998	Spingolipids	0.989	Sphingoid bases	0.995	Organic acids and derivatives	0.989	Carboxylic acids and derivatives	0.987	Amino acids, peptides, and analogues	0.915	Amino acids and derivatives	0.912	Alpha amino acids	0.683	Organic compounds; Lipids and lipid-like molecules; Amino acids, peptides, and analogues; Alpha amino acids and derivatives; Ketones; Alcohols and polyols; Fatty acids and conjugates; Organic acids and derivatives; Carboxylic acids and derivatives; Organonitrogen compounds; Primary alcohols; Organooxygen compounds; Unsaturated fatty acids; Hydroxy fatty acids; Amino acids and derivatives; Keto fatty acids; Monoalkylamines; Hydroxy acids and derivatives; Amino fatty acids; Carboxylic acid derivatives; N-acyl amines; Monocarboxylic acids and derivatives; Carboxylic acids; Secondary alcohols; Beta hydroxy acids and derivatives; Carbonyl compounds; Alpha amino acids; Amines; Primary amines; Long-chain fatty acids; Fatty Acyls; Organic oxides; Hydrocarbon derivatives; Amino acids; Organopnictogen compounds; Organic oxygen compounds; Organic nitrogen compounds; Chemical entities	440.260	376	6.275	816704545802919985	816702809658504319	816702809658504318	1693	
1	C27H49N4O6	[M + H]+	C27H50N4O6+	Amino acids and Peptides	0.954	Oligopeptides	0.881	Microcolins and mirabimids	0.446	Organic acids and derivatives	1.000	Carboxylic acids and derivatives	0.998	Amino acids, peptides, and analogues	0.993	Peptides	0.770	Dipeptides	0.520	Organic compounds; Lipids and lipid-like molecules; Amino acids, peptides, and analogues; Alpha amino acids and derivatives; Organic acids and derivatives; Carboxylic acids and derivatives; Organonitrogen compounds; Organooxygen compounds; Fatty amides; Amino acids and derivatives; Peptides; Carboxylic acid amides; Carboxylic acid derivatives; N-acyl amines; Monocarboxylic acids and derivatives; N-acyl-alpha amino acids and derivatives; Carboxylic acid esters; Secondary carboxylic acid amides; Tertiary carboxylic acid amides; Peptidomimetics; Carbonyl compounds; Alpha amino acid amides; Fatty Acyls; Organic oxides; Hydrocarbon derivatives; Valine and derivatives; Organopnictogen compounds; Organic oxygen compounds; Organic nitrogen compounds; Dipeptides; Chemical entities	526.371	377	6.284	816704548009124358	816702809704641668	816702809704641667	1695	
1	C20H32O11	[M + Na]+	C20H32NaO11+	Polyketides	0.401	Macrolides	0.655	Macrolide lactones	0.484	Lipids and lipid-like molecules	0.631	Fatty Acyls	0.508					Fatty Acyls	0.508	Organic compounds; Organoheterocyclic compounds; Lipids and lipid-like molecules; Alcohols and polyols; Ethers; Organic acids and derivatives; Carboxylic acids and derivatives; Organooxygen compounds; Carboxylic acid derivatives; Carboxylic acid esters; Secondary alcohols; Carbonyl compounds; Polyols; Enoate esters; Alpha,beta-unsaturated carboxylic esters; Fatty Acyls; Organic oxides; Oxacyclic compounds; Hydrocarbon derivatives; Organic oxygen compounds; Chemical entities	471.183	378	6.308	816704533748486739	816702809750779017	816702809746584712	1703	
1	C18H35N3O8	[M + H]+	C18H36N3O8+	Amino acids and Peptides	0.932	Small peptides	0.830	Tripeptides	0.965	Organic acids and derivatives	1.000	Carboxylic acids and derivatives	0.999	Amino acids, peptides, and analogues	0.990	Peptides	0.895	Oligopeptides	0.568	Organic compounds; Lipids and lipid-like molecules; Amino acids, peptides, and analogues; Alpha amino acids and derivatives; Organic acids and derivatives; Carboxylic acids and derivatives; Organonitrogen compounds; Organooxygen compounds; Fatty amides; Amino acids and derivatives; Peptides; Carboxylic acid amides; Carboxylic acid derivatives; N-acyl amines; Monocarboxylic acids and derivatives; N-acyl-alpha amino acids and derivatives; Carboxylic acids; Secondary carboxylic acid amides; Carbonyl compounds; Alpha amino acid amides; N-acyl-alpha amino acids; Fatty Acyls; Organic oxides; Hydrocarbon derivatives; Alanine and derivatives; Organopnictogen compounds; Organic oxygen compounds; Organic nitrogen compounds; Oligopeptides; Chemical entities	422.250	380	6.328	816704538399971167	816702809792722062	816702809792722061	1710	
1	C28H42O6	[M + K]+	C28H42KO6+	Terpenoids	0.905	Triterpenoids	0.342	Pimarane and Isopimarane diterpenoids	0.082	Lipids and lipid-like molecules	0.939	Steroids and steroid derivatives	0.530					Steroids and steroid derivatives	0.530	Organic compounds; Organoheterocyclic compounds; Carbohydrates and carbohydrate conjugates; Lipids and lipid-like molecules; Alcohols and polyols; Ethers; Steroids and steroid derivatives; Prenol lipids; Primary alcohols; Organooxygen compounds; Cyclic alcohols and derivatives; Hexoses; Monosaccharides; Acetals; Secondary alcohols; Oxanes; Glycosyl compounds; O-glycosyl compounds; Polyols; Oxacyclic compounds; Hydrocarbon derivatives; Organic oxygen compounds; Chemical entities	513.265	380	6.335	816704529168303557	816702809884996760	816702809884996759	1714	
1	C20H37NO6	[M + Na]+	C20H37NNaO6+	Fatty acids	0.998	Fatty amides	0.922	N-acyl amines	0.795	Organic acids and derivatives	0.999	Carboxylic acids and derivatives	0.997	Amino acids, peptides, and analogues	0.936	Amino acids and derivatives	0.934	N-acyl-alpha amino acids	0.845	Organic compounds; Lipids and lipid-like molecules; Amino acids, peptides, and analogues; Alpha amino acids and derivatives; Alcohols and polyols; Organic acids and derivatives; Carboxylic acids and derivatives; Organonitrogen compounds; Organooxygen compounds; Fatty amides; Amino acids and derivatives; Carboxylic acid amides; Carboxylic acid derivatives; N-acyl amines; Monocarboxylic acids and derivatives; N-acyl-alpha amino acids and derivatives; Carboxylic acids; Secondary alcohols; Secondary carboxylic acid amides; Carbonyl compounds; N-acyl-alpha amino acids; Fatty Acyls; Organic oxides; Hydrocarbon derivatives; Organopnictogen compounds; Organic oxygen compounds; Organic nitrogen compounds; Chemical entities	410.250	382	6.363	816704529268966985	816702810035991719	816702810031797414	1717	
1	C18H35NO4	[M + Na]+	C18H35NNaO4+	Fatty acids	1.000	Fatty amides	0.980	N-acyl amines	0.859	Organic acids and derivatives	0.990	Carboxylic acids and derivatives	0.981	Amino acids, peptides, and analogues	0.647	Amino acids and derivatives	0.640	N-acyl-alpha amino acids and derivatives	0.526	Organic compounds; Lipids and lipid-like molecules; Amino acids, peptides, and analogues; Alcohols and polyols; Organic acids and derivatives; Carboxylic acids and derivatives; Organonitrogen compounds; Primary alcohols; Organooxygen compounds; Fatty amides; Amino acids and derivatives; Carboxylic acid amides; Carboxylic acid derivatives; N-acyl amines; Monocarboxylic acids and derivatives; N-acyl-alpha amino acids and derivatives; Carboxylic acids; Secondary alcohols; Secondary carboxylic acid amides; Carbonyl compounds; Fatty Acyls; Organic oxides; Hydrocarbon derivatives; Organopnictogen compounds; Organic oxygen compounds; Organic nitrogen compounds; Chemical entities	352.245	383	6.386	816704528836953225	816702810082129068	816702810077934763	1720	
1	C16H33NO2	[M + Na]+	C16H33NNaO2+	Fatty acids	0.781	Fatty amides	0.531	N-acyl ethanolamines (endocannabinoids)	0.352	Lipids and lipid-like molecules	0.614							Lipids and lipid-like molecules	0.614	Organic compounds; Lipids and lipid-like molecules; Alcohols and polyols; Organic acids and derivatives; Organonitrogen compounds; Organooxygen compounds; Carbonyl compounds; Amines; Organic oxides; Hydrocarbon derivatives; Organopnictogen compounds; Organic oxygen compounds; Organic nitrogen compounds; Chemical entities	294.241	383	6.388	816704528937616622	816702810119877809	816702810119877808	1722	
1	C19H39N3O9	[M + H]+	C19H40N3O9+	Amino acids and Peptides	0.859	Small peptides	0.604	Tripeptides	0.457	Organic acids and derivatives	1.000	Carboxylic acids and derivatives	0.999	Amino acids, peptides, and analogues	0.971	Peptides	0.809	Peptides	0.809	Organic compounds; Lipids and lipid-like molecules; Amino acids, peptides, and analogues; Alpha amino acids and derivatives; Alcohols and polyols; Fatty acids and conjugates; Organic acids and derivatives; Carboxylic acids and derivatives; Organonitrogen compounds; Medium-chain hydroxy acids and derivatives; Organooxygen compounds; Fatty amides; Branched fatty acids; Hydroxy fatty acids; Amino acids and derivatives; Peptides; Monoalkylamines; Hydroxy acids and derivatives; Carboxylic acid amides; Carboxylic acid derivatives; N-acyl amines; Monocarboxylic acids and derivatives; N-acyl-alpha amino acids and derivatives; Carboxylic acids; Secondary alcohols; Secondary carboxylic acid amides; Beta hydroxy acids and derivatives; Carbonyl compounds; Alpha amino acid amides; N-acyl-alpha amino acids; Fatty Acyls; Organic oxides; Hydrocarbon derivatives; Amino acids; Organopnictogen compounds; Organic oxygen compounds; Organic nitrogen compounds; Chemical entities	454.276	384	6.405	816704547447087439	816702810333787338	816702810333787337	1729	
1	C17H33NO	[M + Na]+	C17H33NNaO+	Fatty acids	0.978	Fatty amides	0.718	Primary amides	0.445	Lipids and lipid-like molecules	0.580	Fatty Acyls	0.550					Fatty Acyls	0.550	Organic compounds; Lipids and lipid-like molecules; Alcohols and polyols; Organonitrogen compounds; Organooxygen compounds; Secondary alcohols; 1,2-aminoalcohols; Amines; Alkanolamines; Fatty Acyls; Hydrocarbon derivatives; Organopnictogen compounds; Organic oxygen compounds; Organic nitrogen compounds; Chemical entities	290.246	385	6.409	816704540211911105	816702810375730383	816702810375730382	1732	
1	C15H26O6	[M - H2O + H]+	C15H25O5+	Terpenoids	0.800	Sesquiterpenoids	0.732	Iridoids monoterpenoids	0.294	Lipids and lipid-like molecules	0.774	Fatty Acyls	0.503					Fatty Acyls	0.503	Organic compounds; Lipids and lipid-like molecules; Alcohols and polyols; Primary alcohols; Organooxygen compounds; Secondary alcohols; Tertiary alcohols; Polyols; Fatty Acyls; Hydrocarbon derivatives; Organic oxygen compounds; Chemical entities	285.168	385	6.420	816704549737178249	816702810501559518	816702810497365213	1739	
1	C20H39NO2	[M + Na]+	C20H39NNaO2+	Fatty acids	0.999	Fatty amides	0.978	N-acyl ethanolamines (endocannabinoids)	0.728	Lipids and lipid-like molecules	0.847	Fatty Acyls	0.828	Fatty amides	0.759	N-acyl amines	0.728	N-acyl amines	0.728	Organic compounds; Lipids and lipid-like molecules; Alcohols and polyols; Organic acids and derivatives; Carboxylic acids and derivatives; Organonitrogen compounds; Organooxygen compounds; Fatty amides; Carboxylic acid amides; Carboxylic acid derivatives; N-acyl amines; Secondary alcohols; Secondary carboxylic acid amides; Carbonyl compounds; 1,2-aminoalcohols; Alkanolamines; Fatty Acyls; Organic oxides; Hydrocarbon derivatives; Organopnictogen compounds; Organic oxygen compounds; Organic nitrogen compounds; Chemical entities	348.288	386	6.429	816704530061691065	816702810539308259	816702810535113954	1744	
1	C7H12F2O2	[M + H]+	C7H13F2O2+	Fatty acids	0.757	Fatty Acids and Conjugates	0.303	Halogenated fatty acids	0.274	Benzenoids	0.698	Benzene and substituted derivatives	0.838	Halobenzenes	0.818	Fluorobenzenes	0.807	Fluorobenzenes	0.807	Organic compounds; Halobenzenes; Ethers; Organohalogen compounds; Organooxygen compounds; Aryl fluorides; Fluorobenzenes; Dialkyl ethers; Organofluorides; Benzene and substituted derivatives; Benzenoids; Aryl halides; Alkyl halides; Hydrocarbon derivatives; Organic oxygen compounds; Chemical entities	167.088	386	6.431	816704530200103232	816702810665137394	816702810660943089	1770	
1	C19H27NO	[M + H]+	C19H28NO+	Alkaloids	0.973	Lysine alkaloids	0.898	Piperidine alkaloids	0.555	Organic nitrogen compounds	1.000	Organonitrogen compounds	1.000	Amines	0.996	Aralkylamines	0.912	Aralkylamines	0.912	Organic compounds; Organoheterocyclic compounds; Alcohols and polyols; Piperidines; Organonitrogen compounds; Organooxygen compounds; Secondary alcohols; Tertiary alcohols; 1,2-aminoalcohols; Trialkylamines; Benzene and substituted derivatives; Benzenoids; Amines; Tertiary amines; Alkanolamines; Aromatic alcohols; Aralkylamines; Azacyclic compounds; Hydrocarbon derivatives; Organopnictogen compounds; Organic oxygen compounds; Organic nitrogen compounds; Chemical entities	286.215	387	6.451	816704531806522845	816702810774189313	816702810769995008	1756	
1	C24H44O10	[M + Na]+	C24H44NaO10+	Terpenoids	0.634	Sesquiterpenoids	0.357	Fatty acyl glycosides of mono- and disaccharides	0.114	Organic oxygen compounds	1.000	Organooxygen compounds	1.000	Carbohydrates and carbohydrate conjugates	0.995	Monosaccharides	0.939	Hexoses	0.731	Organic compounds; Organoheterocyclic compounds; Carbohydrates and carbohydrate conjugates; Lipids and lipid-like molecules; Alcohols and polyols; Ethers; Primary alcohols; Organooxygen compounds; Hexoses; Monosaccharides; Acetals; Secondary alcohols; Oxanes; Glycosyl compounds; O-glycosyl compounds; Polyols; Oxacyclic compounds; Hydrocarbon derivatives; Organic oxygen compounds; Chemical entities	515.280	387	6.454	816704565717480735	816702810849686795	816702810845492490	1758	
1	C17H31NO	[M + Na]+	C17H31NNaO+	Alkaloids	0.885	Pseudoalkaloids (transamidation)	0.721	Sphingoid bases	0.675	Organic nitrogen compounds	1.000	Organonitrogen compounds	1.000	Amines	0.928	Alkanolamines	0.801	1,2-aminoalcohols	0.737	Organic compounds; Alcohols and polyols; Organonitrogen compounds; Organooxygen compounds; Secondary alcohols; 1,2-aminoalcohols; Amines; Alkanolamines; Hydrocarbon derivatives; Organopnictogen compounds; Organic oxygen compounds; Organic nitrogen compounds; Chemical entities	288.231	387	6.454	816704532892848253	816702810883241232	816702810883241231	1760	
1	C24H44N4O4	[M + H]+	C24H45N4O4+	Amino acids and Peptides	0.991	Small peptides	0.928	Tripeptides	0.952	Organic acids and derivatives	0.999	Carboxylic acids and derivatives	0.996	Amino acids, peptides, and analogues	0.987	Peptides	0.770	Dipeptides	0.711	Organic compounds; Lipids and lipid-like molecules; Amino acids, peptides, and analogues; Alpha amino acids and derivatives; Organic acids and derivatives; Carboxylic acids and derivatives; Organonitrogen compounds; Organooxygen compounds; Fatty amides; Amino acids and derivatives; Peptides; Carboxylic acid amides; Carboxylic acid derivatives; N-acyl amines; N-acyl-alpha amino acids and derivatives; Secondary carboxylic acid amides; Tertiary carboxylic acid amides; Carbonyl compounds; Alpha amino acid amides; Fatty Acyls; Organic oxides; Hydrocarbon derivatives; Valine and derivatives; Leucine and derivatives; Organopnictogen compounds; Organic oxygen compounds; Organic nitrogen compounds; Dipeptides; Chemical entities	453.342	389	6.482	816704542598471015	816702811130705193	816702811130705192	1774	
1	C21H39NO6	[M + Na]+	C21H39NNaO6+	Fatty acids	0.956	Spingolipids	0.267	Sphingoid bases	0.531	Organic acids and derivatives	0.995	Carboxylic acids and derivatives	0.986	Amino acids, peptides, and analogues	0.852	Amino acids and derivatives	0.845	N-acyl-alpha amino acids	0.589	Organic compounds; Lipids and lipid-like molecules; Amino acids, peptides, and analogues; Alpha amino acids and derivatives; Alcohols and polyols; Fatty acids and conjugates; Organic acids and derivatives; Carboxylic acids and derivatives; Organonitrogen compounds; Organooxygen compounds; Fatty amides; Amino acids and derivatives; Carboxylic acid amides; Carboxylic acid derivatives; N-acyl amines; Monocarboxylic acids and derivatives; N-acyl-alpha amino acids and derivatives; Carboxylic acids; Secondary alcohols; Carbonyl compounds; N-acyl-alpha amino acids; Long-chain fatty acids; Fatty Acyls; Organic oxides; Hydrocarbon derivatives; Organopnictogen compounds; Organic oxygen compounds; Organic nitrogen compounds; Chemical entities	424.265	391	6.519	816704535614952743	816702811529164123	816702811529164122	1787	
1	C20H29NO	[M + H]+	C20H30NO+	Alkaloids	0.960	Lysine alkaloids	0.663	Piperidine alkaloids	0.251	Organic nitrogen compounds	1.000	Organonitrogen compounds	1.000	Amines	0.975	Aralkylamines	0.881	Aralkylamines	0.881	Organic compounds; Organoheterocyclic compounds; Alcohols and polyols; Piperidines; Organonitrogen compounds; Organooxygen compounds; Secondary alcohols; Tertiary alcohols; 1,2-aminoalcohols; Trialkylamines; Benzenoids; Amines; Tertiary amines; Alkanolamines; Aromatic alcohols; Aralkylamines; Azacyclic compounds; Hydrocarbon derivatives; Organopnictogen compounds; Organic oxygen compounds; Organic nitrogen compounds; Chemical entities	300.231	393	6.549	816704550819309080	816702811688547695	816702811688547694	1798	
1	C21H31NO	[M + H]+	C21H32NO+	Alkaloids	0.933	Lysine alkaloids	0.379	Piperidine alkaloids	0.349	Organic nitrogen compounds	1.000	Organonitrogen compounds	1.000	Amines	0.996	Aralkylamines	0.912	Aralkylamines	0.912	Organic compounds; Organoheterocyclic compounds; Alcohols and polyols; Piperidines; Organonitrogen compounds; Organooxygen compounds; Secondary alcohols; Tertiary alcohols; Trialkylamines; Benzene and substituted derivatives; Benzenoids; Amines; Tertiary amines; Alkanolamines; Aromatic alcohols; Aralkylamines; Azacyclic compounds; Hydrocarbon derivatives; Organopnictogen compounds; Organic oxygen compounds; Organic nitrogen compounds; Chemical entities	314.248	394	6.569	816704551779805146	816702811738879348	816702811738879347	1803	
1	C18H28N2O	[M + Na]+	C18H28N2NaO+	Alkaloids	0.744	Pseudoalkaloids (transamidation)	0.753	Terpenoid alkaloids	0.143	Lipids and lipid-like molecules	0.580							Lipids and lipid-like molecules	0.580	Organic compounds; Lipids and lipid-like molecules; Alcohols and polyols; Organonitrogen compounds; Organooxygen compounds; Amines; Hydrocarbon derivatives; Organopnictogen compounds; Organic oxygen compounds; Organic nitrogen compounds; Chemical entities	311.206	396	6.598	816704540232882653	816702811810182526	816702811810182525	1802	
1	C12H20O3	[M + H]+	C12H21O3+	Terpenoids	0.735	Sesquiterpenoids	0.798	Caryophyllane sesquiterpenoids	0.383	Lipids and lipid-like molecules	0.730							Lipids and lipid-like molecules	0.730	Organic compounds; Lipids and lipid-like molecules; Alcohols and polyols; Organic acids and derivatives; Carboxylic acids and derivatives; Organooxygen compounds; Monocarboxylic acids and derivatives; Carboxylic acids; Cyclic alcohols and derivatives; Secondary alcohols; Carbonyl compounds; Organic oxides; Hydrocarbon derivatives; Organic oxygen compounds; Chemical entities	213.147	396	6.604	816704538601297818	816702811889874312	816702811889874311	1812	
1	C26H43N5O4	[M + Na]+	C26H43N5NaO4+	Amino acids and Peptides	0.984	Oligopeptides	0.946	Linear peptides	0.202	Organic acids and derivatives	0.995	Carboxylic acids and derivatives	0.985	Amino acids, peptides, and analogues	0.914	Peptides	0.559	Peptides	0.559	Organic compounds; Organoheterocyclic compounds; Lipids and lipid-like molecules; Amino acids, peptides, and analogues; Alpha amino acids and derivatives; Phenethylamines; Amphetamines and derivatives; Organic acids and derivatives; Carboxylic acids and derivatives; Organonitrogen compounds; Organooxygen compounds; Fatty amides; Amino acids and derivatives; Peptides; Carboxylic acid amides; Carboxylic acid derivatives; N-acyl amines; Monocarboxylic acids and derivatives; N-acyl-alpha amino acids and derivatives; Secondary carboxylic acid amides; Carbonyl compounds; Benzene and substituted derivatives; Alpha amino acid amides; Benzenoids; Carboximidamides; Fatty Acyls; Organic oxides; Azacyclic compounds; Hydrocarbon derivatives; Organopnictogen compounds; Organic oxygen compounds; Organic nitrogen compounds; Chemical entities	512.317	396	6.604	816704576299711515	816702811927623053	816702811923428748	1813	
1	C40H54O11	[M + H]+	C40H55O11+	Polyketides	0.923	Macrolides	0.158	Bisnaphthalenes	0.100	Benzenoids	0.909	Phenols	0.608					Phenols	0.608	Organic compounds; Organoheterocyclic compounds; Alcohols and polyols; Phenols; Ethers; Phenylpropanoids and polyketides; Organic acids and derivatives; Carboxylic acids and derivatives; Organooxygen compounds; Carboxylic acid derivatives; Carboxylic acid esters; Carbonyl compounds; Benzene and substituted derivatives; Benzenoids; Organic oxides; Oxacyclic compounds; Hydrocarbon derivatives; Organic oxygen compounds; Chemical entities	711.374	396	6.608	816704548952843110	816702811965371794	816702811965371793	1818	
1	C12H26O3	[M + Na]+	C12H26NaO3+	Fatty acids	1.000	Fatty acyls	0.795	Fatty alcohols	0.926	Lipids and lipid-like molecules	0.979	Fatty Acyls	0.983	Fatty alcohols	0.587			Fatty alcohols	0.587	Organic compounds; Lipids and lipid-like molecules; Alcohols and polyols; Fatty acids and conjugates; Primary alcohols; Organooxygen compounds; Monocarboxylic acids and derivatives; Carboxylic acids; Fatty alcohols; Secondary alcohols; Fatty Acyls; Hydrocarbon derivatives; Organic oxygen compounds; Chemical entities	241.179	397	6.610	816704540857834254	816702812045063580	816702812045063579	1821	
1	C18H32O5	[M + H3N + H]+	C18H36NO5+	Fatty acids	0.981	Octadecanoids	0.719	Other Octadecanoids	0.420	Lipids and lipid-like molecules	0.966	Fatty Acyls	0.935	Fatty acids and conjugates	0.791	Long-chain fatty acids	0.771	Long-chain fatty acids	0.771	Organic compounds; Lipids and lipid-like molecules; Alcohols and polyols; Fatty acids and conjugates; Organic acids and derivatives; Carboxylic acids and derivatives; Organooxygen compounds; Unsaturated fatty acids; Hydroxy fatty acids; Monocarboxylic acids and derivatives; Carboxylic acids; Secondary alcohols; Carbonyl compounds; Long-chain fatty acids; Fatty Acyls; Organic oxides; Hydrocarbon derivatives; Organic oxygen compounds; Chemical entities	346.257	397	6.611	816704532926402715	816702812141532582	816702812141532581	1826	
1	C15H22O2	[M + H]+	C15H23O2+	Terpenoids	0.988	Sesquiterpenoids	0.969	Caryophyllane sesquiterpenoids	0.096	Lipids and lipid-like molecules	0.778	Prenol lipids	0.762	Sesquiterpenoids	0.630			Sesquiterpenoids	0.630	Organic compounds; Lipids and lipid-like molecules; Prenol lipids; Organic acids and derivatives; Carboxylic acids and derivatives; Organooxygen compounds; Monocarboxylic acids and derivatives; Sesquiterpenoids; Carbonyl compounds; Organic oxides; Hydrocarbon derivatives; Organic oxygen compounds; Chemical entities	235.168	397	6.612	816704555294632818	816702812179281323	816702812175087018	1828	
1	C19H30O3	[M + H]+	C19H31O3+	Terpenoids	0.861	Steroids	0.646	Androstane steroids	0.202	Lipids and lipid-like molecules	0.922	Steroids and steroid derivatives	0.697	Oxosteroids	0.595	3-oxosteroids	0.645	3-oxosteroids	0.645	Organic compounds; Lipids and lipid-like molecules; Ketones; Alcohols and polyols; Steroids and steroid derivatives; Organic acids and derivatives; Carboxylic acids and derivatives; Organooxygen compounds; Monocarboxylic acids and derivatives; Oxosteroids; Carbonyl compounds; 3-oxosteroids; Cyclic ketones; Organic oxides; Hydrocarbon derivatives; Organic oxygen compounds; Chemical entities	307.225	397	6.612	816704539389827200	816702812275750325	816702812275750324	1830	
1	C11H25N5O3	[M + H]+	C11H26N5O3+	Amino acids and Peptides	0.870	Small peptides	0.928	Dipeptides	0.335	Organoheterocyclic compounds	0.879	Azoles	0.719	Imidazoles	0.480	Substituted imidazoles	0.546	Substituted imidazoles	0.546	Organic compounds; Organoheterocyclic compounds; Organic acids and derivatives; Carboxylic acids and derivatives; Organonitrogen compounds; Organooxygen compounds; Azoles; Carbonyl compounds; Substituted imidazoles; Amines; Primary amines; Organic oxides; Azacyclic compounds; Heteroaromatic compounds; Hydrocarbon derivatives; Organopnictogen compounds; Organic oxygen compounds; Organic nitrogen compounds; Chemical entities	276.203	397	6.612	816704550529901988	816702812309304762	816702812309304761	1824	
1	C33H54N6O10	[M + H]+	C33H55N6O10+	Amino acids and Peptides	0.966	Oligopeptides	0.997	Linear peptides	0.370	Organic acids and derivatives	0.999	Peptidomimetics	0.472	Depsipeptides	0.431	Cyclic depsipeptides	0.512	Cyclic depsipeptides	0.512	Organic compounds; Organoheterocyclic compounds; Lipids and lipid-like molecules; Amino acids, peptides, and analogues; Alpha amino acids and derivatives; Macrolactams; Lactams; Phenylpropanoids and polyketides; Organic acids and derivatives; Carboxylic acids and derivatives; Organonitrogen compounds; Organooxygen compounds; Fatty amides; Amino acids and derivatives; Peptides; Carboxylic acid amides; Carboxylic acid derivatives; N-acyl amines; Monocarboxylic acids and derivatives; N-acyl-alpha amino acids and derivatives; Carboxylic acid esters; Secondary carboxylic acid amides; Carbonyl compounds; Cyclic depsipeptides; Benzene and substituted derivatives; Alpha amino acid amides; Benzenoids; Fatty Acyls; Organic oxides; Azacyclic compounds; Hydrocarbon derivatives; Organopnictogen compounds; Organic oxygen compounds; Organic nitrogen compounds; Chemical entities	695.402	397	6.612	816704549691040894	816702812347053503	816702812347053502	1833	
1	C13H22O3	[M + H]+	C13H23O3+	Terpenoids	0.964	Sesquiterpenoids	0.930	Caryophyllane sesquiterpenoids	0.114	Lipids and lipid-like molecules	0.582							Lipids and lipid-like molecules	0.582	Organic compounds; Lipids and lipid-like molecules; Ketones; Alcohols and polyols; Primary alcohols; Organooxygen compounds; Cyclic alcohols and derivatives; Secondary alcohols; Tertiary alcohols; Carbonyl compounds; Organic oxides; Hydrocarbon derivatives; Organic oxygen compounds; Chemical entities	227.163	397	6.613	816704530770529108	816702812388996548	816702812388996547	1834	
1	C28H50O6	[M + Na]+	C28H50NaO6+	Terpenoids	0.994	Triterpenoids	0.875	Ursane and Taraxastane triterpenoids	0.392	Lipids and lipid-like molecules	0.988	Steroids and steroid derivatives	0.633	Hydroxysteroids	0.716			Hydroxysteroids	0.716	Organic compounds; Lipids and lipid-like molecules; Alcohols and polyols; Steroids and steroid derivatives; Prenol lipids; Organic acids and derivatives; Carboxylic acids and derivatives; Organooxygen compounds; Monocarboxylic acids and derivatives; Carboxylic acids; Cyclic alcohols and derivatives; Hydroxysteroids; Secondary alcohols; Carbonyl compounds; Polyols; Organic oxides; Hydrocarbon derivatives; Organic oxygen compounds; Chemical entities	505.351	397	6.613	816704610768503218	816702812439328201	816702812439328200	1837	
1	C34H62O13	[M + H]+	C34H63O13+	Polyketides	0.986	Linear polyketides	0.687	Open-chain polyketides	0.776	Lipids and lipid-like molecules	0.880	Fatty Acyls	0.898	Fatty acid esters	0.745			Fatty acid esters	0.745	Organic compounds; Organoheterocyclic compounds; Carbohydrates and carbohydrate conjugates; Lipids and lipid-like molecules; Alcohols and polyols; Ethers; Organic acids and derivatives; Carboxylic acids and derivatives; Primary alcohols; Organooxygen compounds; Fatty acid esters; Carboxylic acid derivatives; Carboxylic acids; Carboxylic acid esters; Monosaccharides; Secondary alcohols; Carbonyl compounds; Oxanes; Polyols; Fatty Acyls; Organic oxides; Oxacyclic compounds; Hydrocarbon derivatives; Organic oxygen compounds; Chemical entities	679.425	397	6.614	816704572675832159	816702812481271246	816702812481271245	1847	
1	C18H26O2	[M + H]+	C18H27O2+	Terpenoids	0.637	Steroids	0.283	Estrane steroids	0.108	Benzenoids	0.534							Benzenoids	0.534	Organic compounds; Lipids and lipid-like molecules; Organooxygen compounds; Monocarboxylic acids and derivatives; Carbonyl compounds; Benzenoids; Organic oxides; Hydrocarbon derivatives; Organic oxygen compounds; Chemical entities	275.200	397	6.614	816704542464253227	816702812552574424	816702812548380119	1843	
1	C16H30O3	[M + Na]+	C16H30NaO3+	Fatty acids	0.782	Octadecanoids	0.357	Fatty alcohols	0.483	Lipids and lipid-like molecules	0.822	Fatty Acyls	0.705					Fatty Acyls	0.705	Organic compounds; Lipids and lipid-like molecules; Alcohols and polyols; Organic acids and derivatives; Carboxylic acids and derivatives; Organooxygen compounds; Monocarboxylic acids and derivatives; Secondary alcohols; Carbonyl compounds; Fatty Acyls; Organic oxides; Hydrocarbon derivatives; Organic oxygen compounds; Chemical entities	293.210	397	6.615	816704545266048950	816702812598711773	816702812594517468	1845	
1	C11H27N5O4	[M + H]+	C11H28N5O4+	Carbohydrates	0.949	Nucleosides	0.902	Purine nucleosides	0.832	Organoheterocyclic compounds	0.974	Imidazopyrimidines	0.670	Purines and purine derivatives	0.626	6-aminopurines	0.604	6-aminopurines	0.604	Organic compounds; Organoheterocyclic compounds; Carbohydrates and carbohydrate conjugates; Imidazoles; Alcohols and polyols; Purines and purine derivatives; Organonitrogen compounds; Primary alcohols; Nucleosides, nucleotides, and analogues; Organooxygen compounds; Azoles; Secondary alcohols; Imidazopyrimidines; Substituted imidazoles; N-substituted imidazoles; Amines; Primary amines; 6-aminopurines; Azacyclic compounds; Oxacyclic compounds; Heteroaromatic compounds; Hydrocarbon derivatives; Organopnictogen compounds; Organic oxygen compounds; Organic nitrogen compounds; Chemical entities	294.213	397	6.616	816704540178356643	816702812636460514	816702812636460513	1854	
1	C17H25N5O3	[M + H]+	C17H26N5O3+	Alkaloids	0.350	Pseudoalkaloids (transamidation)	0.036	Cyclamides	0.019	Benzenoids	0.944	Phenol ethers	0.662					Phenol ethers	0.662	Organic compounds; Organoheterocyclic compounds; Tetrazoles; Alkyl aryl ethers; Ethers; Organic acids and derivatives; Carboxylic acids and derivatives; Organonitrogen compounds; Organooxygen compounds; Azoles; Carboxylic acid amides; Carboxylic acid derivatives; Carbonyl compounds; Benzene and substituted derivatives; Phenol ethers; Benzenoids; Organic oxides; Azacyclic compounds; Heteroaromatic compounds; Hydrocarbon derivatives; Organopnictogen compounds; Organic oxygen compounds; Organic nitrogen compounds; Phenoxy compounds; Chemical entities	348.205	397	6.616	816704551704307632	816702812695180775	816702812690986470	1851	
1	C18H32O5	[M - H2O + H]+	C18H31O4+	Fatty acids	0.990	Octadecanoids	0.627	Other Octadecanoids	0.626	Lipids and lipid-like molecules	0.986	Fatty Acyls	0.979	Fatty acids and conjugates	0.950	Long-chain fatty acids	0.915	Long-chain fatty acids	0.915	Organic compounds; Lipids and lipid-like molecules; Alcohols and polyols; Fatty acids and conjugates; Organic acids and derivatives; Carboxylic acids and derivatives; Organooxygen compounds; Branched fatty acids; Unsaturated fatty acids; Hydroxy fatty acids; Monocarboxylic acids and derivatives; Carboxylic acids; Secondary alcohols; Carbonyl compounds; Long-chain fatty acids; Fatty Acyls; Organic oxides; Hydrocarbon derivatives; Organic oxygen compounds; Chemical entities	311.220	397	6.616	816704535271019683	816702812728735212	816702812728735211	1853	
1	C20H34N2O3	[M + H]+	C20H35N2O3+	Amino acids and Peptides	0.521	Linear polyketides	0.336	Open-chain polyketides	0.236	Lipids and lipid-like molecules	0.870	Fatty Acyls	0.721	Fatty amides	0.664	N-acyl amines	0.611	N-acyl amines	0.611	Organic compounds; Lipids and lipid-like molecules; Alcohols and polyols; Organic acids and derivatives; Carboxylic acids and derivatives; Organonitrogen compounds; Organooxygen compounds; Fatty amides; Carboxylic acid amides; Carboxylic acid derivatives; N-acyl amines; Monocarboxylic acids and derivatives; Carbonyl compounds; Fatty Acyls; Organic oxides; Hydrocarbon derivatives; Organopnictogen compounds; Organic oxygen compounds; Organic nitrogen compounds; Chemical entities	351.266	397	6.617	816704548554384045	816702812787455473	816702812787455472	1848	
1	C20H34N4O	[M + Na]+	C20H34N4NaO+	Alkaloids	0.545	Pseudoalkaloids (transamidation)	0.128	Tropane alkaloids	0.028	Lipids and lipid-like molecules	0.593							Lipids and lipid-like molecules	0.593	Organic compounds; Organoheterocyclic compounds; Lipids and lipid-like molecules; Organic acids and derivatives; Carboxylic acids and derivatives; Organonitrogen compounds; Organooxygen compounds; Azoles; Carboxylic acid amides; Carboxylic acid derivatives; Secondary carboxylic acid amides; Carbonyl compounds; Organic oxides; Azacyclic compounds; Heteroaromatic compounds; Hydrocarbon derivatives; Organopnictogen compounds; Organic oxygen compounds; Organic nitrogen compounds; Chemical entities	369.262	398	6.627	816704546583060646	816702812875535867	816702812875535866	1861	
1	C31H43N5O4	[M + H]+	C31H44N5O4+	Amino acids and Peptides	0.650	Small peptides	0.427	Pyridine alkaloids	0.028	Organic acids and derivatives	0.997	Carboxylic acids and derivatives	0.988	Amino acids, peptides, and analogues	0.687	Amino acids and derivatives	0.674	Amino acids and derivatives	0.674	Organic compounds; Organoheterocyclic compounds; Lipids and lipid-like molecules; Amino acids, peptides, and analogues; Organic acids and derivatives; Carboxylic acids and derivatives; Organonitrogen compounds; Organooxygen compounds; Fatty amides; Amino acids and derivatives; Carboxylic acid amides; Carboxylic acid derivatives; Secondary carboxylic acid amides; Carbonyl compounds; Fatty Acyls; Organic oxides; Azacyclic compounds; Heteroaromatic compounds; Hydrocarbon derivatives; Organopnictogen compounds; Organic oxygen compounds; Organic nitrogen compounds; Chemical entities	550.343	398	6.629	816704558910123546	816702812959421957	816702812959421956	1864	
1	C15H24O4	[M + H]+	C15H25O4+	Terpenoids	0.778	Sesquiterpenoids	0.862	Bisabolane sesquiterpenoids	0.128	Lipids and lipid-like molecules	0.723							Lipids and lipid-like molecules	0.723	Organic compounds; Lipids and lipid-like molecules; Alcohols and polyols; Organic acids and derivatives; Carboxylic acids and derivatives; Primary alcohols; Organooxygen compounds; Monocarboxylic acids and derivatives; Carboxylic acids; Secondary alcohols; Carbonyl compounds; Organic oxides; Hydrocarbon derivatives; Organic oxygen compounds; Chemical entities	269.173	398	6.629	816704543227616812	816702812997170698	816702812992976393	1865	
1	C24H38O13	[M + Na]+	C24H38NaO13+	Fatty acids	0.525	Fatty acyl glycosides	0.479	Macrolide lactones	0.224	Lipids and lipid-like molecules	0.836	Fatty Acyls	0.759	Fatty acid esters	0.728			Fatty acid esters	0.728	Organic compounds; Organoheterocyclic compounds; Carbohydrates and carbohydrate conjugates; Lipids and lipid-like molecules; Alcohols and polyols; Ethers; Organic acids and derivatives; Carboxylic acids and derivatives; Organooxygen compounds; Fatty acid esters; Carboxylic acid derivatives; Carboxylic acid esters; Acetals; Secondary alcohols; Carbonyl compounds; Polyols; Enoate esters; Alpha,beta-unsaturated carboxylic esters; Fatty Acyls; Organic oxides; Oxacyclic compounds; Hydrocarbon derivatives; Organic oxygen compounds; Chemical entities	557.219	398	6.631	816704598093316261	816702813043308047	816702813043308046	1867	
1	C22H22O6	[M + H]+	C22H23O6+	Polyketides	0.595	Coumarins	0.268	Angucyclines	0.448	Organoheterocyclic compounds	0.844	Benzopyrans	0.582	1-benzopyrans	0.580			1-benzopyrans	0.580	Organic compounds; Organoheterocyclic compounds; Ketones; Benzopyrans; Alkyl aryl ethers; Phenols; Ethers; Phenylpropanoids and polyketides; Organic acids and derivatives; Organooxygen compounds; Carbonyl compounds; Benzenoids; 1-benzopyrans; Aryl ketones; Organic oxides; Oxacyclic compounds; Hydrocarbon derivatives; Organic oxygen compounds; Chemical entities	383.150	399	6.652	816704563586773868	816702813085251092	816702813085251091	1878	
1	C13H25NO3	[M + H]+	C13H26NO3+	Fatty acids	0.889	Small peptides	0.519	N-acyl amines	0.163	Organic acids and derivatives	0.999	Carboxylic acids and derivatives	0.997	Amino acids, peptides, and analogues	0.790	Amino acids and derivatives	0.788	Amino acids	0.568	Organic compounds; Lipids and lipid-like molecules; Amino acids, peptides, and analogues; Fatty acids and conjugates; Organic acids and derivatives; Carboxylic acids and derivatives; Organonitrogen compounds; Organooxygen compounds; Amino acids and derivatives; Carboxylic acid amides; Amino fatty acids; Carboxylic acid derivatives; Monocarboxylic acids and derivatives; Carboxylic acids; Secondary carboxylic acid amides; Carbonyl compounds; Fatty Acyls; Organic oxides; Hydrocarbon derivatives; Amino acids; Organopnictogen compounds; Organic oxygen compounds; Organic nitrogen compounds; Chemical entities	244.190	401	6.677	816704544418799349	816702813131388441	816702813127194136	1875	
1	C30H55N5O5	[M + H]+	C30H56N5O5+	Amino acids and Peptides	0.996	Oligopeptides	0.847	Tripeptides	0.582	Organic acids and derivatives	0.999	Carboxylic acids and derivatives	0.997	Amino acids, peptides, and analogues	0.993	Peptides	0.848	Dipeptides	0.518	Organic compounds; Lipids and lipid-like molecules; Amino acids, peptides, and analogues; Alpha amino acids and derivatives; Organic acids and derivatives; Carboxylic acids and derivatives; Organonitrogen compounds; Organooxygen compounds; Fatty amides; Amino acids and derivatives; Peptides; Carboxylic acid amides; Carboxylic acid derivatives; N-acyl amines; N-acyl-alpha amino acids and derivatives; Secondary carboxylic acid amides; Tertiary carboxylic acid amides; Carbonyl compounds; Alpha amino acid amides; Fatty Acyls; Organic oxides; Hydrocarbon derivatives; Valine and derivatives; Leucine and derivatives; Organopnictogen compounds; Organic oxygen compounds; Organic nitrogen compounds; Dipeptides; Chemical entities	566.426	402	6.707	816704555986693109	816702813265606184	816702813261411879	1886	
1	C16H35NO2	[M + H]+	C16H36NO2+	Fatty acids	0.912	Spingolipids	0.609	Sphingoid bases	0.924	Organic nitrogen compounds	1.000	Organonitrogen compounds	1.000	Amines	0.999	Alkanolamines	0.974	1,2-aminoalcohols	0.970	Organic compounds; Alcohols and polyols; Organonitrogen compounds; Primary alcohols; Organooxygen compounds; 1,2-aminoalcohols; Trialkylamines; Amines; Tertiary amines; Alkanolamines; Hydrocarbon derivatives; Organopnictogen compounds; Organic oxygen compounds; Organic nitrogen compounds; Chemical entities	274.273	404	6.738	816704550471181700	816702813395629623	816702813395629622	1895	
1	C16H33NO2	[M + H]+	C16H34NO2+	Fatty acids	0.964	Fatty amides	0.834	N-acyl ethanolamines (endocannabinoids)	0.246	Lipids and lipid-like molecules	0.515							Lipids and lipid-like molecules	0.515	Organic compounds; Lipids and lipid-like molecules; Alcohols and polyols; Organonitrogen compounds; Organooxygen compounds; Secondary alcohols; Carbonyl compounds; Trialkylamines; Amines; Tertiary amines; Alkanolamines; Organic oxides; Hydrocarbon derivatives; Organopnictogen compounds; Organic oxygen compounds; Organic nitrogen compounds; Chemical entities	272.253	407	6.791	816704552622860549	816702813928306281	816702813928306280	1926	
1	C18H39NO3	[M + H]+	C18H40NO3+	Fatty acids	0.941	Spingolipids	0.684	Sphingoid bases	0.950	Organic nitrogen compounds	1.000	Organonitrogen compounds	1.000	Amines	0.999	Alkanolamines	0.985	1,2-aminoalcohols	0.982	Organic compounds; Alcohols and polyols; Organonitrogen compounds; Primary alcohols; Organooxygen compounds; 1,2-aminoalcohols; Trialkylamines; Amines; Tertiary amines; Alkanolamines; Hydrocarbon derivatives; Organopnictogen compounds; Organic oxygen compounds; Organic nitrogen compounds; Chemical entities	318.299	408	6.802	816704553965038161	816702814058329720	816702814058329719	1932	
1	C15H33NO	[M + H]+	C15H34NO+	Fatty acids	0.992	Spingolipids	0.874	Sphingoid bases	0.985	Organic nitrogen compounds	0.999	Organonitrogen compounds	0.999	Amines	0.969	Alkanolamines	0.881	1,2-aminoalcohols	0.823	Organic compounds; Alcohols and polyols; Organonitrogen compounds; Primary alcohols; Organooxygen compounds; 1,2-aminoalcohols; Amines; Alkanolamines; Hydrocarbon derivatives; Organopnictogen compounds; Organic oxygen compounds; Organic nitrogen compounds; Chemical entities	244.262	408	6.805	816704558452944256	816702814104467069	816702814100272764	1934	
1	C22H25FN2O2	[M + H]+	C22H26FN2O2+	Alkaloids	0.907	Tryptophan alkaloids	0.447	Acridone alkaloids	0.095	Benzenoids	0.981	Benzene and substituted derivatives	0.735	Halobenzenes	0.538	Fluorobenzenes	0.671	Fluorobenzenes	0.671	Organic compounds; Organoheterocyclic compounds; Halobenzenes; Organic acids and derivatives; Carboxylic acids and derivatives; Organohalogen compounds; Organonitrogen compounds; Organooxygen compounds; Aryl fluorides; Fluorobenzenes; Organofluorides; Benzene and substituted derivatives; Benzenoids; Aryl halides; Organic oxides; Azacyclic compounds; Heteroaromatic compounds; Hydrocarbon derivatives; Organopnictogen compounds; Organic oxygen compounds; Organic nitrogen compounds; Chemical entities	369.200	409	6.809	816704562693386890	816702814138021506	816702814138021505	1939	
1	C34H66O13	[M + H]+	C34H67O13+	Polyketides	0.995	Polyethers	0.558	Open-chain polyketides	0.739	Lipids and lipid-like molecules	0.914	Fatty Acyls	0.913	Fatty acids and conjugates	0.521	Hydroxy fatty acids	0.607	Hydroxy fatty acids	0.607	Organic compounds; Organoheterocyclic compounds; Lipids and lipid-like molecules; Alcohols and polyols; Ethers; Fatty acids and conjugates; Organic acids and derivatives; Carboxylic acids and derivatives; Organooxygen compounds; Hydroxy fatty acids; Carboxylic acid derivatives; Carboxylic acids; Carboxylic acid esters; Secondary alcohols; Carbonyl compounds; Oxanes; Fatty Acyls; Organic oxides; Oxacyclic compounds; Hydrocarbon derivatives; Organic oxygen compounds; Chemical entities	683.457	409	6.815	816704577914518774	816702814343542422	816702814343542421	1953	
1	C18H30O3	[M + H]+	C18H31O3+	Fatty acids	0.931	Octadecanoids	0.404	Other Octadecanoids	0.289	Lipids and lipid-like molecules	0.930	Fatty Acyls	0.752	Fatty acids and conjugates	0.625	Long-chain fatty acids	0.672	Long-chain fatty acids	0.672	Organic compounds; Lipids and lipid-like molecules; Alcohols and polyols; Fatty acids and conjugates; Organic acids and derivatives; Carboxylic acids and derivatives; Organooxygen compounds; Unsaturated fatty acids; Monocarboxylic acids and derivatives; Carboxylic acids; Secondary alcohols; Carbonyl compounds; Long-chain fatty acids; Fatty Acyls; Organic oxides; Hydrocarbon derivatives; Organic oxygen compounds; Chemical entities	295.226	409	6.819	816704574164810398	816702814389679771	816702814385485466	1963	
1	C13H22O3	[M + H]+	C13H23O3+	Terpenoids	0.871	Sesquiterpenoids	0.811	Caryophyllane sesquiterpenoids	0.148	Lipids and lipid-like molecules	0.663							Lipids and lipid-like molecules	0.663	Organic compounds; Lipids and lipid-like molecules; Alcohols and polyols; Primary alcohols; Organooxygen compounds; Secondary alcohols; Carbonyl compounds; Organic oxides; Hydrocarbon derivatives; Organic oxygen compounds; Chemical entities	227.163	409	6.819	816704568364087042	816702814452594336	816702814448400031	1965	
1	C30H48O5	[M + H]+	C30H49O5+	Terpenoids	0.999	Triterpenoids	0.985	Cycloartane triterpenoids	0.401	Lipids and lipid-like molecules	0.995	Prenol lipids	0.932	Triterpenoids	0.912			Triterpenoids	0.912	Organic compounds; Lipids and lipid-like molecules; Alcohols and polyols; Steroids and steroid derivatives; Prenol lipids; Organooxygen compounds; Cyclic alcohols and derivatives; Hydroxysteroids; Triterpenoids; Secondary alcohols; Tertiary alcohols; Carbonyl compounds; Polyols; 3-hydroxysteroids; Organic oxides; Hydrocarbon derivatives; Organic oxygen compounds; Chemical entities	489.356	409	6.820	816704624756507684	816702814507120293	816702814507120292	1967	
1	C12H16O	[M + H]+	C12H17O+	Terpenoids	0.823	Sesquiterpenoids	0.841	Bisabolane sesquiterpenoids	0.808	Benzenoids	0.990	Benzene and substituted derivatives	0.877					Benzene and substituted derivatives	0.877	Organic compounds; Organooxygen compounds; Benzene and substituted derivatives; Benzenoids; Hydrocarbon derivatives; Organic oxygen compounds; Chemical entities	177.126	409	6.820	816704565847504203	816702814553257642	816702814553257641	1968	
1	C18H28O2	[M + H]+	C18H29O2+	Terpenoids	0.960	Steroids	0.662	Androstane steroids	0.412	Lipids and lipid-like molecules	0.948	Steroids and steroid derivatives	0.761	Androstane steroids	0.501			Androstane steroids	0.501	Organic compounds; Lipids and lipid-like molecules; Ketones; Alcohols and polyols; Steroids and steroid derivatives; Organooxygen compounds; Oxosteroids; Carbonyl compounds; 3-oxosteroids; Androstane steroids; Organic oxides; Hydrocarbon derivatives; Organic oxygen compounds; Chemical entities	277.215	409	6.820	816704571111356337	816702814603589295	816702814603589294	1969	
1	C30H50O6	[M + H]+	C30H51O6+	Terpenoids	0.603	Triterpenoids	0.228	Open-chain polyketides	0.193	Lipids and lipid-like molecules	0.968	Fatty Acyls	0.606	Fatty acids and conjugates	0.489	Hydroxy fatty acids	0.516	Hydroxy fatty acids	0.516	Organic compounds; Lipids and lipid-like molecules; Alcohols and polyols; Prenol lipids; Organic acids and derivatives; Carboxylic acids and derivatives; Organooxygen compounds; Hydroxy fatty acids; Monocarboxylic acids and derivatives; Carboxylic acids; Cyclic alcohols and derivatives; Secondary alcohols; Carbonyl compounds; Polyols; Fatty Acyls; Organic oxides; Hydrocarbon derivatives; Organic oxygen compounds; Chemical entities	507.366	409	6.820	816704828415183624	816702814649726644	816702814649726643	1970	
1	C12H18O2	[M + H]+	C12H19O2+	Terpenoids	0.874	Sesquiterpenoids	0.758	Caryophyllane sesquiterpenoids	0.067	Lipids and lipid-like molecules	0.578							Lipids and lipid-like molecules	0.578	Organic compounds; Lipids and lipid-like molecules; Organic acids and derivatives; Carboxylic acids and derivatives; Organooxygen compounds; Carboxylic acid derivatives; Monocarboxylic acids and derivatives; Carboxylic acid esters; Carbonyl compounds; Organic oxides; Hydrocarbon derivatives; Organic oxygen compounds; Chemical entities	195.137	409	6.821	816704572705192305	816702814708446905	816702814704252600	1971	
1	C14H24O3	[M + H]+	C14H25O3+	Terpenoids	0.854	Sesquiterpenoids	0.830	Caryophyllane sesquiterpenoids	0.170	Lipids and lipid-like molecules	0.794	Prenol lipids	0.563					Prenol lipids	0.563	Organic compounds; Lipids and lipid-like molecules; Alcohols and polyols; Prenol lipids; Organooxygen compounds; Monocarboxylic acids and derivatives; Carboxylic acids; Cyclic alcohols and derivatives; Secondary alcohols; Carbonyl compounds; Organic oxides; Hydrocarbon derivatives; Organic oxygen compounds; Chemical entities	241.179	409	6.822	816704572529031456	816702814796527299	816702814796527298	1972	
1	C19H32O3	[M + H]+	C19H33O3+	Fatty acids	0.671	Diterpenoids	0.378	Fatty alcohols	0.109	Lipids and lipid-like molecules	0.914	Fatty Acyls	0.607					Fatty Acyls	0.607	Organic compounds; Lipids and lipid-like molecules; Alcohols and polyols; Organooxygen compounds; Monocarboxylic acids and derivatives; Secondary alcohols; Carbonyl compounds; Fatty Acyls; Organic oxides; Hydrocarbon derivatives; Organic oxygen compounds; Chemical entities	309.241	409	6.822	816704576954023025	816702814855247560	816702814855247559	1976	
1	C34H64O7	[M + Na]+	C34H64NaO7+	Polyketides	0.826	Polyethers	0.335	Open-chain polyketides	0.564	Lipids and lipid-like molecules	0.941	Prenol lipids	0.748	Terpene glycosides	0.506			Terpene glycosides	0.506	Organic compounds; Organoheterocyclic compounds; Lipids and lipid-like molecules; Ketones; Alcohols and polyols; Ethers; Prenol lipids; Organic acids and derivatives; Carboxylic acids and derivatives; Organooxygen compounds; Secondary alcohols; Tertiary alcohols; Carbonyl compounds; Terpene glycosides; Polyols; Fatty Acyls; Organic oxides; Oxacyclic compounds; Hydrocarbon derivatives; Organic oxygen compounds; Chemical entities	607.455	409	6.822	816704574861064989	816702814901384909	816702814901384908	1977	
1	C41H60N2O6	[M + Na]+	C41H60N2NaO6+	Fatty acids	0.423	Macrolides	0.555	Open-chain polyketides	0.421	Benzenoids	0.591							Benzenoids	0.591	Organic compounds; Organoheterocyclic compounds; Lipids and lipid-like molecules; Alcohols and polyols; Organic acids and derivatives; Carboxylic acids and derivatives; Organonitrogen compounds; Organooxygen compounds; Carboxylic acid amides; Carboxylic acid derivatives; Secondary carboxylic acid amides; Carbonyl compounds; Benzenoids; Fatty Acyls; Organic oxides; Azacyclic compounds; Hydrocarbon derivatives; Organopnictogen compounds; Organic oxygen compounds; Organic nitrogen compounds; Chemical entities	699.433	409	6.823	816704587980848974	816702814943327954	816702814939133649	1978	
1	C12H20O3	[M + H]+	C12H21O3+	Terpenoids	0.885	Sesquiterpenoids	0.618	Caryophyllane sesquiterpenoids	0.136	Lipids and lipid-like molecules	0.581							Lipids and lipid-like molecules	0.581	Organic compounds; Lipids and lipid-like molecules; Alcohols and polyols; Primary alcohols; Organooxygen compounds; Secondary alcohols; Carbonyl compounds; Organic oxides; Hydrocarbon derivatives; Organic oxygen compounds; Chemical entities	213.147	409	6.825	816704577356676262	816702814976882391	816702814976882390	1984	
1	C18H32O4	[M + H]+	C18H33O4+	Fatty acids	0.712	Fatty acyls	0.580	Fatty alcohols	0.435	Lipids and lipid-like molecules	0.805	Fatty Acyls	0.745	Fatty alcohols	0.513			Fatty alcohols	0.513	Organic compounds; Lipids and lipid-like molecules; Alcohols and polyols; Organic acids and derivatives; Carboxylic acids and derivatives; Organooxygen compounds; Monocarboxylic acids and derivatives; Carboxylic acid esters; Fatty alcohols; Secondary alcohols; Carbonyl compounds; Fatty Acyls; Organic oxides; Hydrocarbon derivatives; Organic oxygen compounds; Chemical entities	313.236	409	6.825	816704580724702608	816702815010436828	816702815010436827	1985	
1	C29H60N10O6S	[M + K]+	C29H60KN10O6S+	Amino acids and Peptides	0.847	Oligopeptides	0.989	Cyclamides	0.636	Organic acids and derivatives	0.991	Carboxylic acids and derivatives	0.928	Amino acids, peptides, and analogues	0.851	Amino acids and derivatives	0.837	Alpha amino acids and derivatives	0.599	Organic compounds; Organoheterocyclic compounds; Organosulfur compounds; Lipids and lipid-like molecules; Amino acids, peptides, and analogues; Alpha amino acids and derivatives; Organic acids and derivatives; Carboxylic acids and derivatives; Organonitrogen compounds; Organooxygen compounds; Fatty amides; Amino acids and derivatives; Azoles; Carboxylic acid amides; Carboxylic acid derivatives; N-acyl amines; Secondary carboxylic acid amides; Carbonyl compounds; Amines; Fatty Acyls; Organic oxides; Azacyclic compounds; Heteroaromatic compounds; Hydrocarbon derivatives; Organopnictogen compounds; Organic oxygen compounds; Organic nitrogen compounds; Chemical entities	715.405	410	6.830	816704639444960593	816702815048185569	816702815048185568	1990	
1	C15H37N4O	[M + H]+	C15H38N4O+	Alkaloids	0.620	Guanidine alkaloids	0.148	Polyamines	0.089	Organoheterocyclic compounds	0.390	Azacyclic compounds	0.500					Azacyclic compounds	0.500	Organic compounds; Organonitrogen compounds; Azacyclic compounds; Hydrocarbon derivatives; Organopnictogen compounds; Organic oxygen compounds; Organic nitrogen compounds; Chemical entities	290.306	411	6.847	816704622290256714	816702815085934310	816702815085934309	1999	
1	C16H35NO3	[M + H]+	C16H36NO3+	Fatty acids	0.997	Spingolipids	0.954	Sphingoid bases	0.991	Organic nitrogen compounds	0.999	Organonitrogen compounds	0.999	Amines	0.893	Alkanolamines	0.908	1,2-aminoalcohols	0.803	Organic compounds; Alcohols and polyols; Organonitrogen compounds; Primary alcohols; Organooxygen compounds; Secondary alcohols; 1,2-aminoalcohols; Amines; Alkanolamines; Hydrocarbon derivatives; Organopnictogen compounds; Organic oxygen compounds; Organic nitrogen compounds; Chemical entities	290.268	411	6.849	816704627264701627	816702815123683051	816702815119488746	2000	
1	C28H47FO7	[M + H]+	C28H48FO7+	Terpenoids	0.867	Diterpenoids	0.324	Open-chain polyketides	0.087	Lipids and lipid-like molecules	0.738							Lipids and lipid-like molecules	0.738	Organic compounds; Lipids and lipid-like molecules; Ketones; Alcohols and polyols; Organic acids and derivatives; Carboxylic acids and derivatives; Organohalogen compounds; Organooxygen compounds; Alkyl fluorides; Cyclic alcohols and derivatives; Organofluorides; Secondary alcohols; Tertiary alcohols; Carbonyl compounds; Alkyl halides; Organic oxides; Oxacyclic compounds; Hydrocarbon derivatives; Organic oxygen compounds; Chemical entities	515.340	412	6.861	816704680951793885	816702815169820400	816702815165626095	2003	
1	C18H37NO5	[M + H]+	C18H38NO5+	Fatty acids	0.583	Fatty amides	0.278	Open-chain polyketides	0.392	Lipids and lipid-like molecules	0.762	Fatty Acyls	0.681					Fatty Acyls	0.681	Organic compounds; Lipids and lipid-like molecules; Alcohols and polyols; Organic acids and derivatives; Carboxylic acids and derivatives; Organonitrogen compounds; Organooxygen compounds; Carboxylic acid amides; Carboxylic acid derivatives; Secondary alcohols; Carbonyl compounds; Fatty Acyls; Organic oxides; Hydrocarbon derivatives; Organopnictogen compounds; Organic oxygen compounds; Organic nitrogen compounds; Chemical entities	348.274	412	6.871	816704707715648076	816702815203374837	816702815203374836	2005	
1	C20H43NO4	[M + H]+	C20H44NO4+	Fatty acids	0.870	Spingolipids	0.042	Sphingoid bases	0.206	Organic nitrogen compounds	0.998	Organonitrogen compounds	0.999	Amines	0.996	Alkanolamines	0.766	1,2-aminoalcohols	0.661	Organic compounds; Alcohols and polyols; Ethers; Organonitrogen compounds; Primary alcohols; Organooxygen compounds; Dialkyl ethers; 1,2-aminoalcohols; Trialkylamines; Amines; Tertiary amines; Alkanolamines; Hydrocarbon derivatives; Organopnictogen compounds; Organic oxygen compounds; Organic nitrogen compounds; Chemical entities	362.325	412	6.875	816704711599573723	816702815245317882	816702815241123577	2007	
1	C18H36O4	[M + H3N + H]+	C18H40NO4+	Fatty acids	0.999	Fatty acyls	0.734	Fatty alcohols	0.921	Lipids and lipid-like molecules	0.984	Fatty Acyls	0.939	Fatty alcohols	0.556	Long-chain fatty alcohols	0.636	Long-chain fatty alcohols	0.636	Organic compounds; Lipids and lipid-like molecules; Alcohols and polyols; Glycerolipids; Organic acids and derivatives; Carboxylic acids and derivatives; Primary alcohols; Organooxygen compounds; Carboxylic acid derivatives; Monocarboxylic acids and derivatives; Carboxylic acid esters; Fatty alcohols; Secondary alcohols; Carbonyl compounds; Polyols; 1,2-diols; Long-chain fatty alcohols; Monoradylglycerols; Fatty Acyls; Organic oxides; Hydrocarbon derivatives; Organic oxygen compounds; Chemical entities	334.294	413	6.876	816704724639667589	816702815278872319	816702815278872318	2008	
1	C23H38N4O4	[M + Na]+	C23H38N4NaO4+	Amino acids and Peptides	0.479	Small peptides	0.654	Dipeptides	0.189	Organic acids and derivatives	0.945	Carboxylic acids and derivatives	0.901	Amino acids, peptides, and analogues	0.588	Amino acids and derivatives	0.586	Amino acids and derivatives	0.586	Organic compounds; Lipids and lipid-like molecules; Amino acids, peptides, and analogues; Organic acids and derivatives; Carboxylic acids and derivatives; Organonitrogen compounds; Organooxygen compounds; Amino acids and derivatives; Carboxylic acid amides; Carboxylic acid derivatives; Monocarboxylic acids and derivatives; Carbonyl compounds; Fatty Acyls; Organic oxides; Hydrocarbon derivatives; Organopnictogen compounds; Organic oxygen compounds; Organic nitrogen compounds; Chemical entities	457.278	413	6.881	816704718721503663	816702815358564105	816702815358564104	2010	
1	C19H31NO2	[M + H]+	C19H32NO2+	Terpenoids	0.260	Pseudoalkaloids (transamidation)	0.119	Phenylalanine-derived alkaloids	0.056	Organic acids and derivatives	0.926	Carboxylic acids and derivatives	0.922	Amino acids, peptides, and analogues	0.809	Amino acids and derivatives	0.809	Amino acids and derivatives	0.809	Organic compounds; Amino acids, peptides, and analogues; Organic acids and derivatives; Carboxylic acids and derivatives; Organonitrogen compounds; Organooxygen compounds; Amino acids and derivatives; Carboxylic acid derivatives; Monocarboxylic acids and derivatives; Carboxylic acid esters; Carbonyl compounds; Benzene and substituted derivatives; Benzenoids; Amines; Aralkylamines; Organic oxides; Hydrocarbon derivatives; Organopnictogen compounds; Organic oxygen compounds; Organic nitrogen compounds; Chemical entities	306.242	414	6.895	816704723490428053	816702815429867283	816702815425672978	2013	
1	C19H28FN3O2	[M + H]+	C19H29FN3O2+	Alkaloids	0.948	Tryptophan alkaloids	0.233	Acridone alkaloids	0.218	Organohalogen compounds	0.999	Aryl halides	0.636	Aryl fluorides	0.641			Aryl fluorides	0.641	Organic compounds; Organoheterocyclic compounds; Organic acids and derivatives; Carboxylic acids and derivatives; Organohalogen compounds; Organonitrogen compounds; Organooxygen compounds; Carboxylic acid amides; Alkyl fluorides; Aryl fluorides; Carboxylic acid derivatives; Organofluorides; Trialkylamines; Benzenoids; Amines; Tertiary amines; Aryl halides; Alkyl halides; Organic oxides; Azacyclic compounds; Heteroaromatic compounds; Hydrocarbon derivatives; Organopnictogen compounds; Organic oxygen compounds; Organic nitrogen compounds; Chemical entities	350.221	414	6.902	816704728297101527	816702815463421720	816702815463421719	2018	
1	C15H33NO2	[M + H]+	C15H34NO2+	Fatty acids	0.984	Spingolipids	0.791	Sphingoid bases	0.981	Organic nitrogen compounds	1.000	Organonitrogen compounds	1.000	Amines	0.990	Alkanolamines	0.950	1,2-aminoalcohols	0.883	Organic compounds; Alcohols and polyols; Organonitrogen compounds; Primary alcohols; Organooxygen compounds; 1,2-aminoalcohols; Amines; Alkanolamines; Hydrocarbon derivatives; Organopnictogen compounds; Organic oxygen compounds; Organic nitrogen compounds; Chemical entities	260.257	415	6.910	816704721904980761	816702815501170461	816702815501170460	2021	
1	C17H35NO2S	[M + H]+	C17H36NO2S+	Fatty acids	0.578	Fatty amides	0.469	Primary amides	0.115	Organic acids and derivatives	0.597	Carboxylic acids and derivatives	0.455	Carboxylic acid derivatives	0.383	Carboxylic acid amides	0.532	Carboxylic acid amides	0.532	Organic compounds; Organosulfur compounds; Organic acids and derivatives; Organonitrogen compounds; Organooxygen compounds; Carboxylic acid amides; Carbonyl compounds; Organic oxides; Hydrocarbon derivatives; Organopnictogen compounds; Organic oxygen compounds; Organic nitrogen compounds; Chemical entities	318.247	416	6.926	816704726204143211	816702815610222380	816702815610222379	2022	
1	C18H35NO	[M + H]+	C18H36NO+	Fatty acids	0.998	Spingolipids	0.999	Sphingoid bases	0.999	Organic nitrogen compounds	1.000	Organonitrogen compounds	1.000	Amines	0.975	Alkanolamines	0.913	1,2-aminoalcohols	0.932	Organic compounds; Alcohols and polyols; Organonitrogen compounds; Primary alcohols; Organooxygen compounds; Monoalkylamines; Secondary alcohols; 1,2-aminoalcohols; Amines; Primary amines; Alkanolamines; Hydrocarbon derivatives; Organopnictogen compounds; Organic oxygen compounds; Organic nitrogen compounds; Chemical entities	282.278	416	6.930	816704722748036160	816702815647971121	816702815647971120	2025	
1	C28H44O15	[M + Na]+	C28H44NaO15+	Fatty acids	0.927	Fatty acyl glycosides	0.854	Fatty acyl glycosides of mono- and disaccharides	0.287	Organic oxygen compounds	1.000	Organooxygen compounds	1.000	Carbohydrates and carbohydrate conjugates	0.848	Glycosyl compounds	0.417	O-glycosyl compounds	0.568	Organic compounds; Organoheterocyclic compounds; Carbohydrates and carbohydrate conjugates; Lipids and lipid-like molecules; Alcohols and polyols; Ethers; Organic acids and derivatives; Carboxylic acids and derivatives; Organooxygen compounds; Fatty acid esters; Carboxylic acid derivatives; Carboxylic acid esters; Acetals; Secondary alcohols; Carbonyl compounds; Oxanes; O-glycosyl compounds; Polyols; Fatty Acyls; Organic oxides; Oxacyclic compounds; Hydrocarbon derivatives; Organic oxygen compounds; Chemical entities	643.256	416	6.933	816704847415388618	816702815681525558	816702815681525557	2026	
1	C19H28O6S	[M + H]+	C19H29O6S+	Polyketides	0.729	Macrolides	0.933	Macrolide lactones	0.298	Organic acids and derivatives	0.889	Carboxylic acids and derivatives	0.799	Carboxylic acid derivatives	0.622	Carboxylic acid esters	0.644	Carboxylic acid esters	0.644	Organic compounds; Organoheterocyclic compounds; Organosulfur compounds; Ketones; Organic acids and derivatives; Carboxylic acids and derivatives; Organooxygen compounds; Carboxylic acid derivatives; Thioethers; Carboxylic acid esters; Carbonyl compounds; Organic oxides; Oxacyclic compounds; Hydrocarbon derivatives; Organic oxygen compounds; Chemical entities	385.166	416	6.934	816704729064659472	816702815719274299	816702815719274298	2027	
1	C22H37NO	[M + H]+	C22H38NO+	Alkaloids	0.998	Pseudoalkaloids (transamidation)	0.887	Piperidine alkaloids	0.335	Organoheterocyclic compounds	0.973	Piperidines	0.969					Piperidines	0.969	Organic compounds; Organoheterocyclic compounds; Alcohols and polyols; Piperidines; Organonitrogen compounds; Organooxygen compounds; Cyclic alcohols and derivatives; Secondary alcohols; 1,2-aminoalcohols; Trialkylamines; Amines; Tertiary amines; Alkanolamines; Azacyclic compounds; Hydrocarbon derivatives; Organopnictogen compounds; Organic oxygen compounds; Organic nitrogen compounds; Chemical entities	332.293	418	6.972	816704737365188279	816702816033847134	816702816033847133	2046	
1	C21H35NO	[M + H]+	C21H36NO+	Fatty acids	0.947	Fatty amides	0.377	Sphingoid bases	0.261	Organic nitrogen compounds	1.000	Organonitrogen compounds	1.000	Amines	0.872	Alkanolamines	0.745	1,2-aminoalcohols	0.638	Organic compounds; Alcohols and polyols; Organonitrogen compounds; Organooxygen compounds; 1,2-aminoalcohols; Amines; Alkanolamines; Hydrocarbon derivatives; Organopnictogen compounds; Organic oxygen compounds; Organic nitrogen compounds; Chemical entities	318.278	419	6.989	816704734068464865	816702816088373091	816702816084178786	2052	
1	C19H35B4N	[M + H]+	C19H36B4N+	Terpenoids	0.996	Monoterpenoids	0.999	Pinane monoterpenoids	0.999	Lipids and lipid-like molecules	0.335	Prenol lipids	0.151	Monoterpenoids	0.657	Bicyclic monoterpenoids	0.822	Bicyclic monoterpenoids	0.822	Organic compounds; Organoheterocyclic compounds; Isoindoles; Pyrrolidines; Organic acids and derivatives; Organonitrogen compounds; Organometallic compounds; Organometalloid compounds; Monoterpenoids; Bicyclic monoterpenoids; Organoboron compounds; Organoboroxines; Organic salts; Organic metalloid salts; Organic metal salts; Azacyclic compounds; Hydrocarbon derivatives; Alkylboranes; Dialkylboranes; Trialkylboranes; Organic nitrogen compounds; Chemical entities	318.336	419	6.989	816704733804223686	816702816130316136	816702816130316135	2054	
1	C17H27N5O	[M + H]+	C17H28N5O+	Alkaloids	0.862	Pseudoalkaloids (transamidation)	0.180	Tropane alkaloids	0.052	Organic nitrogen compounds	1.000	Organonitrogen compounds	1.000	Amines	0.799	Aralkylamines	0.690	Aralkylamines	0.690	Organic compounds; Organoheterocyclic compounds; Organonitrogen compounds; Organooxygen compounds; Azoles; Amines; Primary amines; Aralkylamines; Azacyclic compounds; Heteroaromatic compounds; Hydrocarbon derivatives; Organopnictogen compounds; Organic oxygen compounds; Organic nitrogen compounds; Chemical entities	318.226	419	6.990	816704743484678340	816702816176453485	816702816176453484	2055	
1	C20H28O6	[M + Na]+	C20H28NaO6+	Terpenoids	0.718	Diterpenoids	0.276	Tetracyclic diterpenoids	0.022	Benzenoids	0.550							Benzenoids	0.550	Organic compounds; Organoheterocyclic compounds; Lipids and lipid-like molecules; Alcohols and polyols; Organic acids and derivatives; Carboxylic acids and derivatives; Primary alcohols; Organooxygen compounds; Carboxylic acid derivatives; Carboxylic acid esters; Secondary alcohols; Carbonyl compounds; Benzenoids; Organic oxides; Oxacyclic compounds; Hydrocarbon derivatives; Organic oxygen compounds; Chemical entities	387.175	420	7.006	816704739521060933	816702816218396530	816702816218396529	2060	
1	C41H72O8	[M + H]+	C41H73O8+	Polyketides	0.537	Linear polyketides	0.586	Open-chain polyketides	0.278	Lipids and lipid-like molecules	0.969	Fatty Acyls	0.921	Fatty alcohols	0.652			Fatty alcohols	0.652	Organic compounds; Lipids and lipid-like molecules; Alcohols and polyols; Organic acids and derivatives; Carboxylic acids and derivatives; Organooxygen compounds; Fatty acid esters; Carboxylic acid derivatives; Carboxylic acid esters; Fatty alcohols; Secondary alcohols; Carbonyl compounds; Fatty Acyls; Organic oxides; Hydrocarbon derivatives; Organic oxygen compounds; Chemical entities	693.529	421	7.023	816704747527987874	816702816302282620	816702816302282619	2062	
1	C16H33N5O5	[M + H]+	C16H34N5O5+	Carbohydrates	0.756	Nucleosides	0.453	Pyrimidine nucleosides	0.065	Organic acids and derivatives	0.801	Carboxylic acids and derivatives	0.599	Amino acids, peptides, and analogues	0.571	Amino acids and derivatives	0.556	Amino acids and derivatives	0.556	Organic compounds; Organoheterocyclic compounds; Amino acids, peptides, and analogues; Alcohols and polyols; Organic acids and derivatives; Carboxylic acids and derivatives; Organonitrogen compounds; Organooxygen compounds; Amino acids and derivatives; Carboxylic acid derivatives; Carbonyl compounds; Amines; Primary amines; Organic oxides; Azacyclic compounds; Hydrocarbon derivatives; Organopnictogen compounds; Organic oxygen compounds; Organic nitrogen compounds; Chemical entities	376.258	422	7.033	816704749709026463	816702816348419969	816702816348419968	2068	
1	C16H24N2O2	[M + H]+	C16H25N2O2+	Alkaloids	0.666	Sesquiterpenoids	0.103	Pyridine alkaloids	0.017	Benzenoids	0.769	Benzene and substituted derivatives	0.702					Benzene and substituted derivatives	0.702	Organic compounds; Organic acids and derivatives; Carboxylic acids and derivatives; Organonitrogen compounds; Organooxygen compounds; Benzene and substituted derivatives; Benzenoids; Organic oxides; Hydrocarbon derivatives; Organopnictogen compounds; Organic oxygen compounds; Organic nitrogen compounds; Chemical entities	277.193	422	7.041	816704762526820343	816702816503609237	816702816503609236	2082	
1	C21H38O5	[M + Na]+	C21H38NaO5+	Polyketides	0.525	Cyclic polyketides	0.104	Open-chain polyketides	0.065	Lipids and lipid-like molecules	0.635							Lipids and lipid-like molecules	0.635	Organic compounds; Lipids and lipid-like molecules; Alcohols and polyols; Ethers; Organic acids and derivatives; Carboxylic acids and derivatives; Organooxygen compounds; Secondary alcohols; Carbonyl compounds; Organic oxides; Hydrocarbon derivatives; Organic oxygen compounds; Chemical entities	393.258	423	7.042	816704752921863739	816702816612661156	816702816612661155	2076	
1	C21H42N4O3	[M + Na]+	C21H42N4NaO3+	Amino acids and Peptides	0.517	Small peptides	0.308	Tripeptides	0.125	Organic acids and derivatives	0.995	Carboxylic acids and derivatives	0.981	Amino acids, peptides, and analogues	0.926	Amino acids and derivatives	0.923	Amino acids and derivatives	0.923	Organic compounds; Lipids and lipid-like molecules; Amino acids, peptides, and analogues; Organic acids and derivatives; Carboxylic acids and derivatives; Organonitrogen compounds; Organooxygen compounds; Fatty amides; Amino acids and derivatives; Carboxylic acid amides; Carboxylic acid derivatives; N-acyl amines; Secondary carboxylic acid amides; Carbonyl compounds; Trialkylamines; Amines; Tertiary amines; Fatty Acyls; Organic oxides; Hydrocarbon derivatives; Organopnictogen compounds; Organic oxygen compounds; Organic nitrogen compounds; Chemical entities	421.316	423	7.043	816704763013359684	816702816650409897	816702816650409896	2077	
1	C23H42O8	[M - H2O + H]+	C23H41O7+	Fatty acids	1.000	Eicosanoids	0.990	Prostaglandins	0.986	Lipids and lipid-like molecules	0.999	Fatty Acyls	0.998	Eicosanoids	0.937	Prostaglandins and related compounds	0.907	Prostaglandins and related compounds	0.907	Organic compounds; Lipids and lipid-like molecules; Alcohols and polyols; Glycerolipids; Organic acids and derivatives; Carboxylic acids and derivatives; Primary alcohols; Organooxygen compounds; Fatty acid esters; Eicosanoids; Prostaglandins and related compounds; Carboxylic acid derivatives; Monoacylglycerols; Monocarboxylic acids and derivatives; Carboxylic acid esters; Cyclic alcohols and derivatives; Fatty alcohols; 1-monoacylglycerols; Secondary alcohols; Carbonyl compounds; Cyclopentanols; Monoradylglycerols; Fatty Acyls; Organic oxides; Hydrocarbon derivatives; Organic oxygen compounds; Chemical entities	429.283	423	7.043	816704763160160369	816702816683964334	816702816683964333	2078	
1	C18H35NO3	[M + O + H]+	C18H36NO4+	Fatty acids	0.898	Fatty amides	0.836	N-acyl ethanolamines (endocannabinoids)	0.312	Lipids and lipid-like molecules	0.883	Fatty Acyls	0.810	Fatty amides	0.668	N-acyl amines	0.736	N-acyl amines	0.736	Organic compounds; Lipids and lipid-like molecules; Organic acids and derivatives; Carboxylic acids and derivatives; Organonitrogen compounds; Organooxygen compounds; Fatty amides; Carboxylic acid amides; Carboxylic acid derivatives; N-acyl amines; Monocarboxylic acids and derivatives; Carboxylic acids; Secondary carboxylic acid amides; Carbonyl compounds; Fatty Acyls; Organic oxides; Hydrocarbon derivatives; Organopnictogen compounds; Organic oxygen compounds; Organic nitrogen compounds; Chemical entities	330.263	423	7.048	816704765806766543	816702816755267512	816702816755267511	2079	
1	C13H14O2	[M + H]+	C13H15O2+	Shikimates and Phenylpropanoids	0.453	Naphthalenes	0.184	Cinnamic acids and derivatives	0.164	Benzenoids	0.999	Phenol ethers	0.867	Anisoles	0.859			Anisoles	0.859	Organic compounds; Ketones; Alkyl aryl ethers; Anisoles; Ethers; Organooxygen compounds; Carbonyl compounds; Phenol ethers; Benzenoids; Aryl ketones; Aryl alkyl ketones; Organic oxides; Hydrocarbon derivatives; Organic oxygen compounds; Chemical entities	203.106	424	7.074	816704766469466807	816702816801404861	816702816801404860	2084	
1	C22H37NO2	[M + H]+	C22H38NO2+	Fatty acids	0.985	Fatty amides	0.628	N-acyl ethanolamines (endocannabinoids)	0.189	Lipids and lipid-like molecules	0.776	Fatty Acyls	0.526					Fatty Acyls	0.526	Organic compounds; Lipids and lipid-like molecules; Alcohols and polyols; Organic acids and derivatives; Carboxylic acids and derivatives; Organonitrogen compounds; Organooxygen compounds; Carboxylic acid amides; Carboxylic acid derivatives; Secondary alcohols; Secondary carboxylic acid amides; Carbonyl compounds; Fatty Acyls; Organic oxides; Hydrocarbon derivatives; Organopnictogen compounds; Organic oxygen compounds; Organic nitrogen compounds; Chemical entities	348.286	425	7.077	816704767656454949	816702816881096647	816702816876902342	2090	
1	C15H33N3O7	[M + H]+	C15H34N3O7+	Amino acids and Peptides	0.778	Small peptides	0.854	Tripeptides	0.514	Organic acids and derivatives	0.989	Carboxylic acids and derivatives	0.981	Amino acids, peptides, and analogues	0.928	Amino acids and derivatives	0.924	Alpha amino acids	0.643	Organic compounds; Lipids and lipid-like molecules; Amino acids, peptides, and analogues; Alpha amino acids and derivatives; Alcohols and polyols; Fatty acids and conjugates; Organic acids and derivatives; Carboxylic acids and derivatives; Organonitrogen compounds; Organooxygen compounds; Branched fatty acids; Hydroxy fatty acids; Amino acids and derivatives; Monoalkylamines; Carboxylic acid derivatives; N-acyl amines; Monocarboxylic acids and derivatives; Carboxylic acids; Secondary alcohols; Carbonyl compounds; Alpha amino acids; Amines; Primary amines; Fatty Acyls; Organic oxides; Hydrocarbon derivatives; Amino acids; Organopnictogen compounds; Organic oxygen compounds; Organic nitrogen compounds; Chemical entities	368.240	425	7.083	816704769803939107	816702816969177041	816702816969177040	2092	
1	C21H36O7	[M - H2O + H]+	C21H35O6+	Fatty acids	0.916	Fatty acyls	0.399	Fatty alcohols	0.198	Lipids and lipid-like molecules	0.929	Fatty Acyls	0.867	Fatty acid esters	0.564			Fatty acid esters	0.564	Organic compounds; Lipids and lipid-like molecules; Alcohols and polyols; Organic acids and derivatives; Carboxylic acids and derivatives; Organooxygen compounds; Fatty acid esters; Carboxylic acid derivatives; Carboxylic acid esters; Secondary alcohols; Carbonyl compounds; Polyols; Fatty Acyls; Organic oxides; Hydrocarbon derivatives; Organic oxygen compounds; Chemical entities	383.241	426	7.096	816704771678793751	816702817006925782	816702817006925781	2095	
1	C17H35O7	[M + H]+	C17H36O7+	Fatty acids	0.970	Fatty esters	0.618	Wax monoesters	0.472	Lipids and lipid-like molecules	0.787	Fatty Acyls	0.715	Fatty acid esters	0.695			Fatty acid esters	0.695	Organic compounds; Lipids and lipid-like molecules; Ethers; Organic acids and derivatives; Carboxylic acids and derivatives; Organooxygen compounds; Fatty acid esters; Dicarboxylic acids and derivatives; Carboxylic acid derivatives; Dialkyl ethers; Carboxylic acid esters; Carbonyl compounds; Fatty Acyls; Organic oxides; Hydrocarbon derivatives; Organic oxygen compounds; Chemical entities	352.244	427	7.117	816704777169139701	816702817212446698	816702817212446697	2106	
1	C20H39NO	[M + Na]+	C20H39NNaO+	Fatty acids	0.995	Fatty amides	0.889	Sphingoid bases	0.601	Organic nitrogen compounds	1.000	Organonitrogen compounds	1.000	Amines	0.763	Alkanolamines	0.758	1,2-aminoalcohols	0.603	Organic compounds; Alcohols and polyols; Organonitrogen compounds; Organooxygen compounds; Secondary alcohols; 1,2-aminoalcohols; Amines; Alkanolamines; Hydrocarbon derivatives; Organopnictogen compounds; Organic oxygen compounds; Organic nitrogen compounds; Chemical entities	332.293	428	7.129	816704777160751084	816702817287944180	816702817287944179	2110	
1	C21H38O6	[M + H]+	C21H39O6+	Fatty acids	0.538	Sesquiterpenoids	0.290	Farnesane sesquiterpenoids	0.096	Lipids and lipid-like molecules	0.903	Prenol lipids	0.633					Prenol lipids	0.633	Organic compounds; Lipids and lipid-like molecules; Alcohols and polyols; Prenol lipids; Organic acids and derivatives; Carboxylic acids and derivatives; Organooxygen compounds; Carboxylic acid derivatives; Carboxylic acid esters; Secondary alcohols; Carbonyl compounds; Polyols; Fatty Acyls; Organic oxides; Hydrocarbon derivatives; Organic oxygen compounds; Chemical entities	387.273	429	7.143	816704779241126566	816702817162115045	816702817162115044	2086	
1	C13H31N3O3	[M + H]+	C13H32N3O3+	Fatty acids	0.609	Fatty amides	0.192	Open-chain polyketides	0.192	Organic acids and derivatives	0.802	Carboxylic acids and derivatives	0.627	Carboxylic acid derivatives	0.492	Carboxylic acid amides	0.549	Carboxylic acid amides	0.549	Organic compounds; Organic acids and derivatives; Carboxylic acids and derivatives; Organonitrogen compounds; Organooxygen compounds; Carboxylic acid amides; Carbonyl compounds; Organic oxides; Hydrocarbon derivatives; Organopnictogen compounds; Organic oxygen compounds; Organic nitrogen compounds; Chemical entities	278.246	429	7.147	816704777580181695	816702817413773315	816702817413773314	2117	
1	C18H33NO2	[M + H]+	C18H34NO2+	Fatty acids	0.969	Spingolipids	0.812	Sphingoid bases	0.947	Organic oxygen compounds	1.000	Organooxygen compounds	0.990	Alcohols and polyols	0.905	Secondary alcohols	0.651	Secondary alcohols	0.651	Organic compounds; Alcohols and polyols; Organonitrogen compounds; Primary alcohols; Organooxygen compounds; Secondary alcohols; Amines; Alkanolamines; Hydrocarbon derivatives; Organopnictogen compounds; Organic oxygen compounds; Organic nitrogen compounds; Chemical entities	296.257	429	7.147	816704780730104778	816702817455716360	816702817455716359	2118	
1	C10H14B10FN3	[M + H]+	C10H15B10FN3+	Terpenoids	0.997	Monoterpenoids	1.000	Pinane monoterpenoids	1.000	Organoheterocyclic compounds	1.000	Isoindoles and derivatives	0.515	Isoindoles	0.996			Isoindoles	0.996	Organic compounds; Organoheterocyclic compounds; Pyrazines; Isoindoles; Organic acids and derivatives; Organonitrogen compounds; Organometallic compounds; Boronic acid derivatives; Organometalloid compounds; Isoindoles and derivatives; Pyrazinecarboxamides; Pyrazine carboxylic acids and derivatives; Benzenoids; Organoboron compounds; Organoboroxines; Organic salts; Organic metalloid salts; Organic metal salts; Azacyclic compounds; Oxacyclic compounds; Hydrocarbon derivatives; Alkylboranes; Organic oxygen compounds; Organic nitrogen compounds; Chemical entities	296.252	429	7.151	816704780734299094	816702817527019538	816702817522825233	2120	
1	C20H33N	[M + H]+	C20H34N+	Alkaloids	0.979	Pseudoalkaloids (transamidation)	0.976	Steroidal alkaloids	0.710	Organic nitrogen compounds	1.000	Organonitrogen compounds	1.000	Amines	0.967	Aralkylamines	0.644	Aralkylamines	0.644	Organic compounds; Organonitrogen compounds; Trialkylamines; Amines; Aralkylamines; Hydrocarbon derivatives; Organopnictogen compounds; Organic nitrogen compounds; Chemical entities	288.267	430	7.161	816704814917908194	816702817564768279	816702817560573974	2121	
1	C38H64N2O7	[M + K]+	C38H64KN2O7+	Polyketides	0.408	Linear polyketides	0.507	Open-chain polyketides	0.385	Organic acids and derivatives	0.928	Carboxylic acids and derivatives	0.905	Amino acids, peptides, and analogues	0.610	Amino acids and derivatives	0.608	Amino acids and derivatives	0.608	Organic compounds; Organoheterocyclic compounds; Lipids and lipid-like molecules; Amino acids, peptides, and analogues; Alcohols and polyols; Ethers; Organic acids and derivatives; Carboxylic acids and derivatives; Organonitrogen compounds; Organooxygen compounds; Amino acids and derivatives; Carboxylic acid derivatives; Carboxylic acid esters; Secondary alcohols; Carbonyl compounds; Fatty Acyls; Organic oxides; Oxacyclic compounds; Hydrocarbon derivatives; Organopnictogen compounds; Organic oxygen compounds; Organic nitrogen compounds; Chemical entities	699.433	430	7.162	816704785645830520	816702817602517020	816702817602517019	2122	
1	C15H31N3O6	[M + H]+	C15H32N3O6+	Amino acids and Peptides	0.884	Small peptides	0.737	Dipeptides	0.346	Organic acids and derivatives	0.916	Carboxylic acids and derivatives	0.867	Amino acids, peptides, and analogues	0.786	Amino acids and derivatives	0.779	Amino acids and derivatives	0.779	Organic compounds; Lipids and lipid-like molecules; Amino acids, peptides, and analogues; Organic acids and derivatives; Carboxylic acids and derivatives; Organonitrogen compounds; Organooxygen compounds; Amino acids and derivatives; Carboxylic acid derivatives; Carbonyl compounds; Amines; Fatty Acyls; Organic oxides; Hydrocarbon derivatives; Organopnictogen compounds; Organic oxygen compounds; Organic nitrogen compounds; Chemical entities	350.226	430	7.163	816704814737552967	816702817678014502	816702817678014501	2123	
1	C18H30O3	[M + H]+	C18H31O3+	Fatty acids	0.644	Diterpenoids	0.214	Fatty alcohols	0.107	Lipids and lipid-like molecules	0.826	Fatty Acyls	0.605					Fatty Acyls	0.605	Organic compounds; Lipids and lipid-like molecules; Alcohols and polyols; Organooxygen compounds; Monocarboxylic acids and derivatives; Secondary alcohols; Carbonyl compounds; Fatty Acyls; Organic oxides; Hydrocarbon derivatives; Organic oxygen compounds; Chemical entities	295.226	430	7.163	816704786774098801	816702817715763243	816702817715763242	2130	
1	C21H40O7	[M + H]+	C21H41O7+	Fatty acids	1.000	Glycerolipids	0.868	Monoacylglycerols	0.929	Lipids and lipid-like molecules	0.999	Fatty Acyls	0.995	Fatty alcohols	0.784	Long-chain fatty alcohols	0.595	Long-chain fatty alcohols	0.595	Organic compounds; Lipids and lipid-like molecules; Alcohols and polyols; Glycerolipids; Organic acids and derivatives; Carboxylic acids and derivatives; Primary alcohols; Organooxygen compounds; Fatty acid esters; Carboxylic acid derivatives; Monoacylglycerols; Monocarboxylic acids and derivatives; Carboxylic acid esters; Fatty alcohols; 1-monoacylglycerols; Secondary alcohols; Carbonyl compounds; Polyols; 1,2-diols; Long-chain fatty alcohols; Monoradylglycerols; Fatty Acyls; Organic oxides; Hydrocarbon derivatives; Organic oxygen compounds; Chemical entities	405.283	431	7.178	816704793011051753	816702817992587337	816702817992587336	2138	
1	C21H40O7	[M + Na]+	C21H40NaO7+	Polyketides	0.674	Macrolides	0.209	Open-chain polyketides	0.236	Lipids and lipid-like molecules	0.583							Lipids and lipid-like molecules	0.583	Organic compounds; Organoheterocyclic compounds; Lipids and lipid-like molecules; Alcohols and polyols; Ethers; Organic acids and derivatives; Carboxylic acids and derivatives; Organooxygen compounds; Carboxylic acid derivatives; Carboxylic acid esters; Secondary alcohols; Tertiary alcohols; Carbonyl compounds; Organic oxides; Oxacyclic compounds; Hydrocarbon derivatives; Organic oxygen compounds; Chemical entities	427.265	431	7.179	816704793015246079	816702817912895551	816702817912895550	2136	
1	C21H40O7	[M - H2O + H]+	C21H39O6+	Terpenoids	0.561	Diterpenoids	0.550	Tetracyclic diterpenoids	0.282	Lipids and lipid-like molecules	0.928	Prenol lipids	0.549					Prenol lipids	0.549	Organic compounds; Lipids and lipid-like molecules; Alcohols and polyols; Prenol lipids; Organic acids and derivatives; Carboxylic acids and derivatives; Primary alcohols; Organooxygen compounds; Carboxylic acid esters; Cyclic alcohols and derivatives; Secondary alcohols; Tertiary alcohols; Carbonyl compounds; Polyols; Fatty Acyls; Organic oxides; Hydrocarbon derivatives; Organic oxygen compounds; Chemical entities	387.273	431	7.179	816704792990080203	816702817950644292	816702817950644291	2137	
1	C18H37NO2	[M + H]+	C18H38NO2+	Fatty acids	0.998	Spingolipids	1.000	Sphingoid bases	1.000	Organic nitrogen compounds	1.000	Organonitrogen compounds	1.000	Amines	0.996	Alkanolamines	0.968	1,2-aminoalcohols	0.975	Organic compounds; Alcohols and polyols; Organonitrogen compounds; Primary alcohols; Organooxygen compounds; Monoalkylamines; Secondary alcohols; 1,2-aminoalcohols; Amines; Primary amines; Alkanolamines; Hydrocarbon derivatives; Organopnictogen compounds; Organic oxygen compounds; Organic nitrogen compounds; Chemical entities	300.288	432	7.203	816704814729164338	816702818059696211	816702818059696210	2140	
1	C32H50O17	[M + Na]+	C32H50NaO17+	Fatty acids	0.832	Fatty acyl glycosides	0.533	Fatty acyl glycosides of mono- and disaccharides	0.132	Organic oxygen compounds	1.000	Organooxygen compounds	1.000	Carbohydrates and carbohydrate conjugates	0.894	Glycosyl compounds	0.452	O-glycosyl compounds	0.573	Organic compounds; Organoheterocyclic compounds; Carbohydrates and carbohydrate conjugates; Lipids and lipid-like molecules; Alcohols and polyols; Ethers; Organic acids and derivatives; Carboxylic acids and derivatives; Organooxygen compounds; Fatty acid esters; Carboxylic acid derivatives; Carboxylic acid esters; Acetals; Secondary alcohols; Carbonyl compounds; Oxanes; O-glycosyl compounds; Polyols; Enoate esters; Alpha,beta-unsaturated carboxylic esters; Fatty Acyls; Organic oxides; Oxacyclic compounds; Hydrocarbon derivatives; Organic oxygen compounds; Chemical entities	729.292	432	7.204	816704935810367406	816702818105833560	816702818105833559	2141	
1	C14H31F2N3O2	[M + H]+	C14H32F2N3O2+	Fatty acids	0.664	Fatty amides	0.214	N-acyl amines	0.151	Organohalogen compounds	0.992	Alkyl halides	0.980	Alkyl fluorides	0.973			Alkyl fluorides	0.973	Organic compounds; Organohalogen compounds; Organonitrogen compounds; Organooxygen compounds; Alkyl fluorides; Organofluorides; Alkyl halides; Hydrocarbon derivatives; Organic oxygen compounds; Organic nitrogen compounds; Chemical entities	312.247	432	7.207	816704814733358646	816702818147776605	816702818147776604	2142	
1	C16H27N7O	[M + H]+	C16H28N7O+	Alkaloids	0.927	Pseudoalkaloids (transamidation)	0.947	Purine alkaloids	0.974	Organoheterocyclic compounds	0.999	Imidazopyrimidines	0.987	Purines and purine derivatives	0.990	6-aminopurines	0.982	6-alkylaminopurines	0.928	Organic compounds; Organoheterocyclic compounds; Pyrimidines and pyrimidine derivatives; Imidazoles; Alkyl aryl ethers; Purines and purine derivatives; Ethers; Organonitrogen compounds; Organooxygen compounds; Azoles; Aminopyrimidines and derivatives; Diazines; Imidazopyrimidines; Benzene and substituted derivatives; Substituted imidazoles; N-substituted imidazoles; Amines; Primary amines; Tertiary alkylarylamines; 6-aminopurines; 6-alkylaminopurines; Imidolactams; Dialkylarylamines; Methoxybenzenes; Azacyclic compounds; Heteroaromatic compounds; Hydrocarbon derivatives; Organopnictogen compounds; Organic oxygen compounds; Organic nitrogen compounds; Phenoxy compounds; Chemical entities	334.234	433	7.213	816704814850799243	816702818193913954	816702818193913953	2143	
1	C18H26O2	[M + H]+	C18H27O2+	Fatty acids	0.981	Fatty Acids and Conjugates	0.512	Carbocyclic fatty acids	0.069	Lipids and lipid-like molecules	0.864	Fatty Acyls	0.769	Fatty acids and conjugates	0.743	Long-chain fatty acids	0.635	Long-chain fatty acids	0.635	Organic compounds; Lipids and lipid-like molecules; Fatty acids and conjugates; Organic acids and derivatives; Carboxylic acids and derivatives; Organooxygen compounds; Unsaturated fatty acids; Monocarboxylic acids and derivatives; Carboxylic acids; Carbonyl compounds; Benzenoids; Long-chain fatty acids; Fatty Acyls; Organic oxides; Hydrocarbon derivatives; Organic oxygen compounds; Chemical entities	275.199	433	7.218	816704834543064297	816702818026141774	816702818026141773	2119	
1	C18H33NO	[M + Na]+	C18H33NNaO+	Fatty acids	0.996	Fatty amides	0.998	Primary amides	0.999	Lipids and lipid-like molecules	0.776	Fatty Acyls	0.757	Fatty amides	0.804			Fatty amides	0.804	Organic compounds; Lipids and lipid-like molecules; Organic acids and derivatives; Carboxylic acids and derivatives; Organonitrogen compounds; Organooxygen compounds; Fatty amides; Carboxylic acid amides; Carboxylic acid derivatives; Primary carboxylic acid amides; Carbonyl compounds; Fatty Acyls; Organic oxides; Hydrocarbon derivatives; Organopnictogen compounds; Organic oxygen compounds; Organic nitrogen compounds; Chemical entities	302.246	433	7.220	816704833221858111	816702818277800044	816702818273605739	2147	
1	C16H32N4	[M + Na]+	C16H32N4Na+	Alkaloids	0.954	Pseudoalkaloids (transamidation)	0.324	Tricyclic guanidine alkaloids	0.141	Organoheterocyclic compounds	0.782	Azacyclic compounds	0.851					Azacyclic compounds	0.851	Organic compounds; Organoheterocyclic compounds; Organonitrogen compounds; Amines; Azacyclic compounds; Hydrocarbon derivatives; Organopnictogen compounds; Organic nitrogen compounds; Chemical entities	303.250	433	7.222	816704834366903451	816702818311354481	816702818311354480	2146	
1	C18H27NO3	[M + H]+	C18H28NO3+	Alkaloids	0.999	Pseudoalkaloids (transamidation)	1.000	Capsaicins and Capsaicinoids	1.000	Lipids and lipid-like molecules	0.995	Fatty Acyls	0.995	Fatty amides	0.996	N-acyl amines	0.972	N-acyl amines	0.972	Organic compounds; Lipids and lipid-like molecules; Alkyl aryl ethers; Phenols; Anisoles; Methoxyphenols; Ethers; Organic acids and derivatives; Carboxylic acids and derivatives; Organonitrogen compounds; Organooxygen compounds; Fatty amides; Carboxylic acid amides; Carboxylic acid derivatives; N-acyl amines; Secondary carboxylic acid amides; Carbonyl compounds; Benzene and substituted derivatives; Phenol ethers; Benzenoids; Fatty Acyls; Organic oxides; Methoxybenzenes; Hydrocarbon derivatives; Organic oxygen compounds; 1-hydroxy-2-unsubstituted benzenoids; Organic nitrogen compounds; Phenoxy compounds; Chemical entities	306.205	434	7.229	816704834450789568	816702818344908918	816702818344908917	2151	
1	C18H30O4	[M + H]+	C18H31O4+	Fatty acids	0.832	Fatty acyls	0.201	Fatty alcohols	0.209	Lipids and lipid-like molecules	0.895	Fatty Acyls	0.893	Fatty acid esters	0.707			Fatty acid esters	0.707	Organic compounds; Lipids and lipid-like molecules; Alcohols and polyols; Organic acids and derivatives; Carboxylic acids and derivatives; Organooxygen compounds; Fatty acid esters; Carboxylic acid derivatives; Monocarboxylic acids and derivatives; Carboxylic acid esters; Carbonyl compounds; Fatty Acyls; Organic oxides; Hydrocarbon derivatives; Organic oxygen compounds; Chemical entities	311.220	434	7.234	816704836770240866	816702818449766533	816702818449766532	2155	
1	C16H33NO2	[M + Na]+	C16H33NNaO2+	Fatty acids	0.996	Fatty amides	0.984	N-acyl ethanolamines (endocannabinoids)	0.905	Lipids and lipid-like molecules	0.589	Fatty Acyls	0.547	Fatty amides	0.530			Fatty amides	0.530	Organic compounds; Lipids and lipid-like molecules; Alcohols and polyols; Organic acids and derivatives; Carboxylic acids and derivatives; Organonitrogen compounds; Organooxygen compounds; Fatty amides; Carboxylic acid amides; Carboxylic acid derivatives; Secondary carboxylic acid amides; Carbonyl compounds; Fatty Acyls; Organic oxides; Hydrocarbon derivatives; Organopnictogen compounds; Organic oxygen compounds; Organic nitrogen compounds; Chemical entities	294.241	435	7.242	816704839676894864	816702818579789972	816702818575595667	2144	
1	C20H36O6	[M + H]+	C20H37O6+	Fatty acids	0.995	Eicosanoids	0.894	Prostaglandins	0.247	Lipids and lipid-like molecules	0.988	Fatty Acyls	0.973	Eicosanoids	0.709			Eicosanoids	0.709	Organic compounds; Lipids and lipid-like molecules; Alcohols and polyols; Fatty acids and conjugates; Organic acids and derivatives; Carboxylic acids and derivatives; Organooxygen compounds; Unsaturated fatty acids; Hydroxy fatty acids; Hydroxy acids and derivatives; Eicosanoids; Monocarboxylic acids and derivatives; Carboxylic acids; Secondary alcohols; Carbonyl compounds; Polyols; Long-chain fatty acids; Fatty Acyls; Organic oxides; Hydrocarbon derivatives; Organic oxygen compounds; Chemical entities	373.257	435	7.248	816704839370710499	816702818655287454	816702818651093149	2161	
1	C18H26O2	[M + H]+	C18H27O2+	Fatty acids	0.981	Fatty Acids and Conjugates	0.512	Carbocyclic fatty acids	0.069	Lipids and lipid-like molecules	0.864	Fatty Acyls	0.769	Fatty acids and conjugates	0.743	Long-chain fatty acids	0.635	Long-chain fatty acids	0.635	Organic compounds; Lipids and lipid-like molecules; Fatty acids and conjugates; Organic acids and derivatives; Carboxylic acids and derivatives; Organooxygen compounds; Unsaturated fatty acids; Monocarboxylic acids and derivatives; Carboxylic acids; Carbonyl compounds; Benzenoids; Long-chain fatty acids; Fatty Acyls; Organic oxides; Hydrocarbon derivatives; Organic oxygen compounds; Chemical entities	275.199	435	7.251	816704829618949380	816702818705619107	816702818705619106	2165	
1	C24H45NO7	[M + H]+	C24H46NO7+	Fatty acids	0.981	Spingolipids	0.977	Neutral glycosphingolipids	0.962	Lipids and lipid-like molecules	0.822	Sphingolipids	0.381	Glycosphingolipids	0.527			Glycosphingolipids	0.527	Organic compounds; Organoheterocyclic compounds; Carbohydrates and carbohydrate conjugates; Lipids and lipid-like molecules; Alcohols and polyols; Ethers; Organonitrogen compounds; Primary alcohols; Organooxygen compounds; Monoalkylamines; Hexoses; Monosaccharides; Acetals; Secondary alcohols; Fatty acyl glycosides; 1,2-aminoalcohols; Oxanes; Glycosyl compounds; Alkyl glycosides; O-glycosyl compounds; Polyols; Amines; Primary amines; Alkanolamines; Glycosphingolipids; Fatty acyl glycosides of mono- and disaccharides; Fatty Acyls; Oxacyclic compounds; Hydrocarbon derivatives; Organopnictogen compounds; Organic oxygen compounds; Organic nitrogen compounds; Chemical entities	460.325	435	7.252	816704831854514314	816702818760145064	816702818760145063	2166	
1	C20H44N2O3	[M + H]+	C20H45N2O3+	Fatty acids	0.997	Fatty amides	0.959	N-acyl amines	0.674	Lipids and lipid-like molecules	0.854	Fatty Acyls	0.840	Fatty amides	0.822	N-acyl amines	0.819	N-acyl amines	0.819	Organic compounds; Lipids and lipid-like molecules; Alcohols and polyols; Organic acids and derivatives; Carboxylic acids and derivatives; Organonitrogen compounds; Organooxygen compounds; Fatty amides; Carboxylic acid amides; Carboxylic acid derivatives; N-acyl amines; Secondary carboxylic acid amides; Carbonyl compounds; Trialkylamines; Amines; Fatty Acyls; Organic oxides; Hydrocarbon derivatives; Organopnictogen compounds; Organic oxygen compounds; Organic nitrogen compounds; Chemical entities	361.341	435	7.258	816704830201957964	816702818911140023	816702818911140022	2168	
1	C24H38O2	[M + K]+	C24H38KO2+	Terpenoids	0.976	Steroids	0.996	Cholane steroids	0.613	Lipids and lipid-like molecules	0.992	Steroids and steroid derivatives	0.985	Steroid esters	0.762			Steroid esters	0.762	Organic compounds; Lipids and lipid-like molecules; Steroids and steroid derivatives; Organic acids and derivatives; Carboxylic acids and derivatives; Organooxygen compounds; Carboxylic acid derivatives; Monocarboxylic acids and derivatives; Carboxylic acid esters; Steroid esters; Carbonyl compounds; Organic oxides; Hydrocarbon derivatives; Organic oxygen compounds; Chemical entities	397.253	436	7.265	816704847193090438	816702818957277372	816702818957277371	2170	
1	C18H33NO3	[M + H]+	C18H34NO3+	Fatty acids	0.727	Fatty amides	0.378	Open-chain polyketides	0.194	Lipids and lipid-like molecules	0.780	Fatty Acyls	0.610					Fatty Acyls	0.610	Organic compounds; Lipids and lipid-like molecules; Alcohols and polyols; Organic acids and derivatives; Carboxylic acids and derivatives; Organonitrogen compounds; Primary alcohols; Organooxygen compounds; Carboxylic acid amides; Secondary alcohols; Carbonyl compounds; Fatty Acyls; Organic oxides; Hydrocarbon derivatives; Organopnictogen compounds; Organic oxygen compounds; Organic nitrogen compounds; Chemical entities	312.251	437	7.278	816704839723032246	816702819146021057	816702819137632448	2189	
1	C18H31NO2	[M + H]+	C18H32NO2+	Alkaloids	0.950	Pseudoalkaloids (transamidation)	0.986	Steroidal alkaloids	0.151	Benzenoids	0.803	Benzene and substituted derivatives	0.761					Benzene and substituted derivatives	0.761	Organic compounds; Lipids and lipid-like molecules; Organonitrogen compounds; Organooxygen compounds; Benzene and substituted derivatives; Benzenoids; Amines; Hydrocarbon derivatives; Organopnictogen compounds; Organic oxygen compounds; Organic nitrogen compounds; Chemical entities	294.241	438	7.304	816704829996436950	816702819297016021	816702819297016020	2181	
1	C19H32O5	[M + H]+	C19H33O5+	Polyketides	0.459	Linear polyketides	0.318	Open-chain polyketides	0.479	Lipids and lipid-like molecules	0.862	Fatty Acyls	0.745					Fatty Acyls	0.745	Organic compounds; Lipids and lipid-like molecules; Alcohols and polyols; Organic acids and derivatives; Carboxylic acids and derivatives; Primary alcohols; Organooxygen compounds; Carboxylic acid derivatives; Carboxylic acid esters; Secondary alcohols; Carbonyl compounds; Fatty Acyls; Organic oxides; Hydrocarbon derivatives; Organic oxygen compounds; Chemical entities	341.231	438	7.306	816704837835594611	816702819372513503	816702819372513502	2187	
1	C18H28O3	[M + H]+	C18H29O3+	Terpenoids	0.639	Octadecanoids	0.358	Phytane diterpenoids	0.117	Lipids and lipid-like molecules	0.885	Fatty Acyls	0.615	Fatty acids and conjugates	0.595			Fatty acids and conjugates	0.595	Organic compounds; Lipids and lipid-like molecules; Ketones; Fatty acids and conjugates; Organic acids and derivatives; Carboxylic acids and derivatives; Organooxygen compounds; Monocarboxylic acids and derivatives; Carboxylic acids; Carbonyl compounds; Cyclic ketones; Fatty Acyls; Organic oxides; Hydrocarbon derivatives; Organic oxygen compounds; Chemical entities	293.210	439	7.323	816704835595835110	816702819452205289	816702819452205288	2191	
1	C18H39NO2	[M + H]+	C18H40NO2+	Fatty acids	1.000	Spingolipids	0.996	Sphingoid bases	0.999	Organic nitrogen compounds	1.000	Organonitrogen compounds	1.000	Amines	0.966	Alkanolamines	0.974	1,2-aminoalcohols	0.953	Organic compounds; Alcohols and polyols; Organonitrogen compounds; Primary alcohols; Organooxygen compounds; Monoalkylamines; Secondary alcohols; 1,2-aminoalcohols; Amines; Primary amines; Alkanolamines; Hydrocarbon derivatives; Organopnictogen compounds; Organic oxygen compounds; Organic nitrogen compounds; Chemical entities	302.304	440	7.335	816704832496243181	816702819489954030	816702819485759725	2196	
1	C16H31NO7	[M + H]+	C16H32NO7+	Amino acids and Peptides	0.946	Amino acid glycosides	0.569	Cyanogenic glycosides	0.750	Organic oxygen compounds	0.999	Organooxygen compounds	0.997	Carbohydrates and carbohydrate conjugates	0.528			Carbohydrates and carbohydrate conjugates	0.528	Organic compounds; Carbohydrates and carbohydrate conjugates; Lipids and lipid-like molecules; Alcohols and polyols; Ethers; Organic acids and derivatives; Carboxylic acids and derivatives; Organonitrogen compounds; Primary alcohols; Organooxygen compounds; Carboxylic acid derivatives; Acetals; Secondary alcohols; Carbonyl compounds; Polyols; Amines; Fatty Acyls; Organic oxides; Oxacyclic compounds; Hydrocarbon derivatives; Organopnictogen compounds; Organic oxygen compounds; Organic nitrogen compounds; Chemical entities	350.219	441	7.350	816704831674159141	816702819695474951	816702819695474950	2185	
1	C17H37NOS	[M + H]+	C17H38NOS+	Fatty acids	0.991	Fatty amides	0.769	Primary amides	0.518	Lipids and lipid-like molecules	0.374	Fatty Acyls	0.538					Fatty Acyls	0.538	Organic compounds; Organosulfur compounds; Organic acids and derivatives; Organonitrogen compounds; Organooxygen compounds; Fatty Acyls; Organic oxides; Hydrocarbon derivatives; Organopnictogen compounds; Organic oxygen compounds; Organic nitrogen compounds; Chemical entities	304.268	442	7.361	816704828390017771	816702819611588861	816702819611588860	2193	
1	C15H31N3O6	[M + H]+	C15H32N3O6+	Amino acids and Peptides	0.715	Small peptides	0.532	Tripeptides	0.279	Organic acids and derivatives	0.978	Carboxylic acids and derivatives	0.959	Amino acids, peptides, and analogues	0.752	Amino acids and derivatives	0.746	Amino acids and derivatives	0.746	Organic compounds; Lipids and lipid-like molecules; Amino acids, peptides, and analogues; Organic acids and derivatives; Carboxylic acids and derivatives; Organonitrogen compounds; Organooxygen compounds; Fatty amides; Amino acids and derivatives; Carboxylic acid amides; Carboxylic acid derivatives; N-acyl amines; Secondary carboxylic acid amides; Carbonyl compounds; Amines; Fatty Acyls; Organic oxides; Hydrocarbon derivatives; Organopnictogen compounds; Organic oxygen compounds; Organic nitrogen compounds; Chemical entities	350.229	442	7.371	816704845595059963	816702819859052827	816702819854858522	2206	
1	C24H45NO7	[M + H]+	C24H46NO7+	Fatty acids	0.981	Spingolipids	0.985	Neutral glycosphingolipids	0.825	Lipids and lipid-like molecules	0.880	Fatty Acyls	0.804	Fatty acyl glycosides	0.932	Alkyl glycosides	0.920	Alkyl glycosides	0.920	Organic compounds; Organoheterocyclic compounds; Carbohydrates and carbohydrate conjugates; Lipids and lipid-like molecules; Alcohols and polyols; Ethers; Organonitrogen compounds; Primary alcohols; Organooxygen compounds; Monoalkylamines; Hexoses; Monosaccharides; Acetals; Secondary alcohols; Fatty acyl glycosides; 1,2-aminoalcohols; Oxanes; Glycosyl compounds; Alkyl glycosides; O-glycosyl compounds; Polyols; Amines; Primary amines; Alkanolamines; Fatty acyl glycosides of mono- and disaccharides; Fatty Acyls; Oxacyclic compounds; Hydrocarbon derivatives; Organopnictogen compounds; Organic oxygen compounds; Organic nitrogen compounds; Chemical entities	460.325	443	7.380	816704836438890642	816702819896801568	816702819892607263	2211	
1	C18H34O5	[M + H]+	C18H35O5+	Fatty acids	0.978	Octadecanoids	0.392	Fatty alcohols	0.328	Lipids and lipid-like molecules	0.953	Fatty Acyls	0.920	Fatty acids and conjugates	0.509			Fatty acids and conjugates	0.509	Organic compounds; Lipids and lipid-like molecules; Alcohols and polyols; Fatty acids and conjugates; Organic acids and derivatives; Carboxylic acids and derivatives; Organooxygen compounds; Monocarboxylic acids and derivatives; Carboxylic acids; Carboxylic acid esters; Secondary alcohols; Carbonyl compounds; Polyols; Fatty Acyls; Organic oxides; Hydrocarbon derivatives; Organic oxygen compounds; Chemical entities	331.247	443	7.389	816704838506683466	816702820085545273	816702820085545272	2217	
1	C18H32O4	[M + H]+	C18H33O4+	Fatty acids	0.998	Octadecanoids	0.880	Other Octadecanoids	0.928	Lipids and lipid-like molecules	0.989	Fatty Acyls	0.980	Lineolic acids and derivatives	0.739			Lineolic acids and derivatives	0.739	Organic compounds; Lipids and lipid-like molecules; Alcohols and polyols; Fatty acids and conjugates; Organic acids and derivatives; Carboxylic acids and derivatives; Organooxygen compounds; Unsaturated fatty acids; Hydroxy fatty acids; Lineolic acids and derivatives; Monocarboxylic acids and derivatives; Carboxylic acids; Secondary alcohols; Carbonyl compounds; Long-chain fatty acids; Fatty Acyls; Organic oxides; Hydrocarbon derivatives; Organic oxygen compounds; Chemical entities	313.236	443	7.391	816704845527951055	816702820169431363	816702820169431362	2219	
1	C21H45NO6	[M + Na]+	C21H45NNaO6+	Fatty acids	0.995	Spingolipids	0.964	Sphingoid bases	0.990	Organic nitrogen compounds	0.999	Organonitrogen compounds	0.999	Amines	0.950	Alkanolamines	0.965	1,3-aminoalcohols	0.619	Organic compounds; Alcohols and polyols; Organonitrogen compounds; Primary alcohols; Organooxygen compounds; Monoalkylamines; Secondary alcohols; 1,3-aminoalcohols; 1,2-aminoalcohols; Polyols; Amines; Primary amines; Alkanolamines; Hydrocarbon derivatives; Organopnictogen compounds; Organic oxygen compounds; Organic nitrogen compounds; Chemical entities	430.315	444	7.404	816704843434992648	816702820303649106	816702820299454801	2226	
1	C37H64N6O2	[M + H]+	C37H65N6O2+	Fatty acids	0.626	Fatty amides	0.208	N-acyl amines	0.041	Organic acids and derivatives	0.988	Carboxylic acids and derivatives	0.975	Amino acids, peptides, and analogues	0.638	Amino acids and derivatives	0.627	Amino acids and derivatives	0.627	Organic compounds; Organoheterocyclic compounds; Lipids and lipid-like molecules; Amino acids, peptides, and analogues; Organic acids and derivatives; Carboxylic acids and derivatives; Organonitrogen compounds; Organooxygen compounds; Fatty amides; Amino acids and derivatives; Azoles; Carboxylic acid amides; Carboxylic acid derivatives; N-acyl amines; Secondary carboxylic acid amides; Carbonyl compounds; Amines; Fatty Acyls; Organic oxides; Azacyclic compounds; Heteroaromatic compounds; Hydrocarbon derivatives; Organopnictogen compounds; Organic oxygen compounds; Organic nitrogen compounds; Chemical entities	625.512	446	7.435	816704838242442156	816702820341397847	816702820341397846	2246	
1	C36H68N2O5	[M + H]+	C36H69N2O5+	Fatty acids	1.000	Spingolipids	0.992	Ceramides	0.965	Lipids and lipid-like molecules	0.991	Sphingolipids	0.864	Ceramides	0.886			Ceramides	0.886	Organic compounds; Lipids and lipid-like molecules; Alcohols and polyols; Sphingolipids; Organic acids and derivatives; Carboxylic acids and derivatives; Organonitrogen compounds; Primary alcohols; Organooxygen compounds; Fatty amides; Carboxylic acid amides; Carboxylic acid derivatives; N-acyl amines; Monocarboxylic acids and derivatives; Ceramides; Secondary alcohols; Secondary carboxylic acid amides; Carbonyl compounds; Fatty Acyls; Organic oxides; Hydrocarbon derivatives; Organopnictogen compounds; Organic oxygen compounds; Organic nitrogen compounds; Chemical entities	609.518	446	7.435	816704842071843473	816702820416895329	816702820412701024	2247	
1	C18H35NO2	[M - H2O + H]+	C18H34NO+	Fatty acids	0.997	Spingolipids	1.000	Sphingoid bases	1.000	Organic nitrogen compounds	1.000	Organonitrogen compounds	1.000	Amines	0.997	Alkanolamines	0.984	1,2-aminoalcohols	0.989	Organic compounds; Alcohols and polyols; Organonitrogen compounds; Primary alcohols; Organooxygen compounds; Monoalkylamines; Secondary alcohols; 1,2-aminoalcohols; Amines; Primary amines; Alkanolamines; Hydrocarbon derivatives; Organopnictogen compounds; Organic oxygen compounds; Organic nitrogen compounds; Chemical entities	280.262	446	7.437	816704840050188107	816702820450449766	816702820450449765	2232	
1	C20H33NO	[M + H]+	C20H34NO+	Alkaloids	0.662	Pseudoalkaloids (transamidation)	0.362	Phenylalanine-derived alkaloids	0.394	Organic nitrogen compounds	1.000	Organonitrogen compounds	1.000	Amines	0.929	Aralkylamines	0.750	Aralkylamines	0.750	Organic compounds; Organoheterocyclic compounds; Oxazinanes; Alcohols and polyols; Ethers; Organonitrogen compounds; Organooxygen compounds; Morpholines; Dialkyl ethers; Trialkylamines; Benzene and substituted derivatives; Benzenoids; Amines; Tertiary amines; Alkanolamines; Aralkylamines; Hydrocarbon derivatives; Organopnictogen compounds; Organic oxygen compounds; Organic nitrogen compounds; Chemical entities	304.263	446	7.437	816704840528338984	816702820488198507	816702820488198506	2233	
1	C18H28O2	[M + H]+	C18H29O2+	Fatty acids	0.637	Diterpenoids	0.575	Carbocyclic fatty acids	0.317	Lipids and lipid-like molecules	0.923	Prenol lipids	0.621					Prenol lipids	0.621	Organic compounds; Lipids and lipid-like molecules; Prenol lipids; Organic acids and derivatives; Carboxylic acids and derivatives; Organooxygen compounds; Monocarboxylic acids and derivatives; Carboxylic acids; Carbonyl compounds; Organic oxides; Hydrocarbon derivatives; Organic oxygen compounds; Chemical entities	277.215	446	7.437	816704844278048033	816702820379146588	816702820379146587	2228	
1	C20H43N	[M + H]+	C20H44N+	Fatty acids	0.904	Fatty acyls	0.774	Sphingoid bases	0.350	Organic nitrogen compounds	0.999	Organonitrogen compounds	0.998	Amines	0.687			Amines	0.687	Organic compounds; Organonitrogen compounds; Amines; Hydrocarbon derivatives; Organopnictogen compounds; Organic nitrogen compounds; Chemical entities	298.344	446	7.437	816704843745371266	816702820538530160	816702820538530159	2234	
1	C18H35NO2	[M + H]+	C18H36NO2+	Fatty acids	0.999	Spingolipids	1.000	Sphingoid bases	1.000	Organic nitrogen compounds	1.000	Organonitrogen compounds	1.000	Amines	0.997	Alkanolamines	0.969	1,2-aminoalcohols	0.982	Organic compounds; Alcohols and polyols; Organonitrogen compounds; Primary alcohols; Organooxygen compounds; Monoalkylamines; Secondary alcohols; 1,2-aminoalcohols; Amines; Primary amines; Alkanolamines; Hydrocarbon derivatives; Organopnictogen compounds; Organic oxygen compounds; Organic nitrogen compounds; Chemical entities	298.273	446	7.438	816704843384660982	816702820572084597	816702820572084596	2237	
1	C36H70N2O5	[M + H]+	C36H71N2O5+	Fatty acids	1.000	Spingolipids	0.974	Ceramides	0.793	Lipids and lipid-like molecules	0.988	Sphingolipids	0.613	Ceramides	0.668			Ceramides	0.668	Organic compounds; Lipids and lipid-like molecules; Alcohols and polyols; Sphingolipids; Organic acids and derivatives; Carboxylic acids and derivatives; Organonitrogen compounds; Primary alcohols; Organooxygen compounds; Fatty amides; Carboxylic acid amides; Carboxylic acid derivatives; N-acyl amines; Monocarboxylic acids and derivatives; Carboxylic acid esters; Ceramides; Secondary alcohols; Secondary carboxylic acid amides; Carbonyl compounds; Fatty Acyls; Organic oxides; Hydrocarbon derivatives; Organopnictogen compounds; Organic oxygen compounds; Organic nitrogen compounds; Chemical entities	611.532	446	7.439	816704846102570943	816702820614027642	816702820614027641	2245	
1	C18H30O3	[M + H]+	C18H31O3+	Fatty acids	0.980	Octadecanoids	0.615	Other Octadecanoids	0.579	Lipids and lipid-like molecules	0.942	Fatty Acyls	0.856	Fatty acids and conjugates	0.761	Long-chain fatty acids	0.788	Long-chain fatty acids	0.788	Organic compounds; Lipids and lipid-like molecules; Alcohols and polyols; Fatty acids and conjugates; Organic acids and derivatives; Carboxylic acids and derivatives; Organooxygen compounds; Unsaturated fatty acids; Monocarboxylic acids and derivatives; Carboxylic acids; Secondary alcohols; Carbonyl compounds; Long-chain fatty acids; Fatty Acyls; Organic oxides; Hydrocarbon derivatives; Organic oxygen compounds; Chemical entities	295.225	447	7.453	816704846547167389	816702820655970687	816702820655970686	2250	
1	C15H31N3O6	[M + H]+	C15H32N3O6+	Amino acids and Peptides	0.596	Small peptides	0.460	Aminoacids	0.114	Organic acids and derivatives	0.995	Carboxylic acids and derivatives	0.987	Amino acids, peptides, and analogues	0.920	Amino acids and derivatives	0.918	Alpha amino acid esters	0.517	Organic compounds; Lipids and lipid-like molecules; Amino acids, peptides, and analogues; Alpha amino acids and derivatives; Organic acids and derivatives; Carboxylic acids and derivatives; Organonitrogen compounds; Organooxygen compounds; Fatty acid esters; Amino acids and derivatives; Alpha amino acid esters; Carboxylic acid derivatives; Carboxylic acid esters; Carbonyl compounds; Fatty Acyls; Organic oxides; Hydrocarbon derivatives; Organopnictogen compounds; Organic oxygen compounds; Organic nitrogen compounds; Chemical entities	350.229	448	7.471	816704848724011823	816702820718885257	816702820718885256	2260	
1	C16H28O2	[M + Na]+	C16H28NaO2+	Fatty acids	0.937	Fatty esters	0.320	Wax monoesters	0.247	Lipids and lipid-like molecules	0.854	Fatty Acyls	0.791					Fatty Acyls	0.791	Organic compounds; Lipids and lipid-like molecules; Organic acids and derivatives; Carboxylic acids and derivatives; Organooxygen compounds; Carboxylic acid derivatives; Monocarboxylic acids and derivatives; Carboxylic acid esters; Carbonyl compounds; Fatty Acyls; Organic oxides; Hydrocarbon derivatives; Organic oxygen compounds; Chemical entities	275.199	450	7.492	816704846148708318	816702820832131480	816702820832131479	2263	
1	C24H33N	[M + H]+	C24H34N+	Alkaloids	0.991	Pseudoalkaloids (transamidation)	0.962	Steroidal alkaloids	0.721	Organic nitrogen compounds	1.000	Organonitrogen compounds	1.000	Amines	0.956	Aralkylamines	0.517	Aralkylamines	0.517	Organic compounds; Organonitrogen compounds; Trialkylamines; Benzenoids; Amines; Tertiary amines; Aralkylamines; Azacyclic compounds; Hydrocarbon derivatives; Organopnictogen compounds; Organic nitrogen compounds; Chemical entities	336.265	450	7.506	816704849713867759	816702820869880221	816702820869880220	2268	
1	C42H65NO8	[M + H]+	C42H66NO8+	Fatty acids	0.994	Spingolipids	0.998	Neutral glycosphingolipids	0.985	Lipids and lipid-like molecules	0.956	Sphingolipids	0.930	Glycosphingolipids	0.926	Neutral glycosphingolipids	0.847	Glycosyl-N-acylsphingosines	0.835	Organic compounds; Organoheterocyclic compounds; Carbohydrates and carbohydrate conjugates; Lipids and lipid-like molecules; Alcohols and polyols; Ethers; Sphingolipids; Organic acids and derivatives; Carboxylic acids and derivatives; Organonitrogen compounds; Primary alcohols; Organooxygen compounds; Fatty amides; Carboxylic acid amides; Carboxylic acid derivatives; N-acyl amines; Neutral glycosphingolipids; Simple glycosylceramides; Hexoses; Monosaccharides; Acetals; Secondary alcohols; Secondary carboxylic acid amides; Fatty acyl glycosides; Carbonyl compounds; Oxanes; Glycosyl compounds; Alkyl glycosides; O-glycosyl compounds; Polyols; Glycosphingolipids; Fatty acyl glycosides of mono- and disaccharides; Fatty Acyls; Organic oxides; Oxacyclic compounds; Hydrocarbon derivatives; Glycosyl-N-acylsphingosines; Organopnictogen compounds; Organic oxygen compounds; Organic nitrogen compounds; Chemical entities	712.476	452	7.541	816704851873934983	816702821037652401	816702821037652400	2280	
1	C29H48	[M + H]+	C29H49+	Terpenoids	0.989	Steroids	0.539	Cholestane steroids	0.488	Lipids and lipid-like molecules	0.981	Steroids and steroid derivatives	0.716					Steroids and steroid derivatives	0.716	Organic compounds; Lipids and lipid-like molecules; Steroids and steroid derivatives; Prenol lipids; Hydrocarbons; Olefins; Cyclic olefins; Polycyclic hydrocarbons; Unsaturated hydrocarbons; Unsaturated aliphatic hydrocarbons; Branched unsaturated hydrocarbons; Chemical entities	397.381	453	7.549	816704852557606701	816702821243173322	816702821243173321	2295	
1	C24H30O6	[M + H]+	C24H31O6+	Shikimates and Phenylpropanoids	0.328	Lignans	0.761	Dibenzocyclooctadienes lignans	0.297	Organic oxygen compounds	1.000	Organooxygen compounds	1.000	Ethers	0.799	Alkyl aryl ethers	0.543	Alkyl aryl ethers	0.543	Organic compounds; Organoheterocyclic compounds; Alkyl aryl ethers; Alcohols and polyols; Ethers; Organic acids and derivatives; Organooxygen compounds; Benzenoids; Organic oxides; Oxacyclic compounds; Hydrocarbon derivatives; Organic oxygen compounds; Chemical entities	415.210	453	7.553	816704874649010182	816702821280922063	816702821280922062	2285	
1	C24H49NO8	[M + H]+	C24H50NO8+	Fatty acids	0.996	Spingolipids	0.982	Neutral glycosphingolipids	0.403	Lipids and lipid-like molecules	0.980	Sphingolipids	0.718					Sphingolipids	0.718	Organic compounds; Organoheterocyclic compounds; Carbohydrates and carbohydrate conjugates; Lipids and lipid-like molecules; Alcohols and polyols; Sphingolipids; Organic acids and derivatives; Carboxylic acids and derivatives; Organonitrogen compounds; Primary alcohols; Organooxygen compounds; Fatty amides; Carboxylic acid amides; Carboxylic acid derivatives; N-acyl amines; Hexoses; Monosaccharides; Secondary alcohols; Secondary carboxylic acid amides; Fatty acyl glycosides; Carbonyl compounds; Oxanes; Alkyl glycosides; Polyols; Fatty acyl glycosides of mono- and disaccharides; Fatty Acyls; Organic oxides; Oxacyclic compounds; Hydrocarbon derivatives; Organopnictogen compounds; Organic oxygen compounds; Organic nitrogen compounds; Chemical entities	480.351	454	7.570	816704889178082306	816702821436111331	816702821436111330	2296	
1	C16H31NO3	[M + Na]+	C16H31NNaO3+	Fatty acids	0.623	Fatty amides	0.594	N-acyl amines	0.190	Lipids and lipid-like molecules	0.954	Fatty Acyls	0.947	Fatty amides	0.950	N-acyl amines	0.935	N-acyl amines	0.935	Organic compounds; Lipids and lipid-like molecules; Ethers; Organic acids and derivatives; Carboxylic acids and derivatives; Organonitrogen compounds; Organooxygen compounds; Fatty amides; Carboxylic acid amides; Carboxylic acid derivatives; N-acyl amines; Secondary carboxylic acid amides; Carbonyl compounds; Fatty Acyls; Organic oxides; Hydrocarbon derivatives; Organic oxygen compounds; Organic nitrogen compounds; Chemical entities	308.219	455	7.581	816704879132722976	816702821511608813	816702821511608812	2299	
1	C16H31NO2	[M + Na]+	C16H31NNaO2+	Fatty acids	0.615	Fatty amides	0.386	N-acyl ethanolamines (endocannabinoids)	0.116	Lipids and lipid-like molecules	0.531							Lipids and lipid-like molecules	0.531	Organic compounds; Lipids and lipid-like molecules; Alcohols and polyols; Organonitrogen compounds; Organooxygen compounds; Carbonyl compounds; Amines; Organic oxides; Hydrocarbon derivatives; Organopnictogen compounds; Organic oxygen compounds; Organic nitrogen compounds; Chemical entities	292.225	455	7.589	816704880550398132	816702821629049340	816702821629049339	2262	
1	C16H29NO	[M + H]+	C16H30NO+	Fatty acids	0.992	Fatty amides	0.955	N-acyl ethanolamines (endocannabinoids)	0.698	Lipids and lipid-like molecules	0.605	Fatty Acyls	0.499	Fatty amides	0.596	N-acyl amines	0.534	N-acyl amines	0.534	Organic compounds; Lipids and lipid-like molecules; Organic acids and derivatives; Carboxylic acids and derivatives; Organonitrogen compounds; Organooxygen compounds; Fatty amides; Carboxylic acid amides; Carboxylic acid derivatives; N-acyl amines; Secondary carboxylic acid amides; Carbonyl compounds; Organic oxides; Hydrocarbon derivatives; Organopnictogen compounds; Organic oxygen compounds; Organic nitrogen compounds; Chemical entities	252.231	455	7.591	816704880617507035	816702821662603777	816702821662603776	2306	
1	C42H69NO9	[M + H]+	C42H70NO9+	Fatty acids	0.987	Spingolipids	0.990	Neutral glycosphingolipids	0.863	Lipids and lipid-like molecules	0.944	Sphingolipids	0.760	Glycosphingolipids	0.673			Glycosphingolipids	0.673	Organic compounds; Organoheterocyclic compounds; Carbohydrates and carbohydrate conjugates; Lipids and lipid-like molecules; Alcohols and polyols; Ethers; Sphingolipids; Organic acids and derivatives; Carboxylic acids and derivatives; Organonitrogen compounds; Organooxygen compounds; Fatty amides; Carboxylic acid amides; Carboxylic acid derivatives; N-acyl amines; Hexoses; Monosaccharides; Secondary alcohols; Secondary carboxylic acid amides; Fatty acyl glycosides; Carbonyl compounds; Oxanes; Glycosyl compounds; Alkyl glycosides; O-glycosyl compounds; Polyols; Glycosphingolipids; Fatty acyl glycosides of mono- and disaccharides; Fatty Acyls; Organic oxides; Oxacyclic compounds; Hydrocarbon derivatives; Organopnictogen compounds; Organic oxygen compounds; Organic nitrogen compounds; Chemical entities	732.502	456	7.596	816704878205781515	816702821700352518	816702821700352517	2308	
1	C15H31N3O6	[M + H]+	C15H32N3O6+	Carbohydrates	0.697	Aminosugars and aminoglycosides	0.239	Polyamines	0.177	Organic acids and derivatives	0.877	Carboxylic acids and derivatives	0.780	Amino acids, peptides, and analogues	0.677	Amino acids and derivatives	0.672	Amino acids and derivatives	0.672	Organic compounds; Organoheterocyclic compounds; Carbohydrates and carbohydrate conjugates; Amino acids, peptides, and analogues; Alcohols and polyols; Organic acids and derivatives; Carboxylic acids and derivatives; Organonitrogen compounds; Organooxygen compounds; Amino acids and derivatives; Secondary alcohols; Carbonyl compounds; Amines; Organic oxides; Oxacyclic compounds; Hydrocarbon derivatives; Organopnictogen compounds; Organic oxygen compounds; Organic nitrogen compounds; Chemical entities	350.229	457	7.609	816704879187248954	816702821792627216	816702821788432911	2309	
1	C18H39NO3	[M + H]+	C18H40NO3+	Fatty acids	1.000	Spingolipids	1.000	Sphingoid bases	1.000	Organic nitrogen compounds	1.000	Organonitrogen compounds	1.000	Amines	0.995	Alkanolamines	0.982	1,3-aminoalcohols	0.726	Organic compounds; Alcohols and polyols; Organonitrogen compounds; Primary alcohols; Organooxygen compounds; Monoalkylamines; Secondary alcohols; 1,3-aminoalcohols; 1,2-aminoalcohols; Polyols; Amines; Primary amines; Alkanolamines; Hydrocarbon derivatives; Organopnictogen compounds; Organic oxygen compounds; Organic nitrogen compounds; Chemical entities	318.299	457	7.616	816704880047081547	816702821826181653	816702821826181652	2314	
1	C18H37NO2	[M + H]+	C18H38NO2+	Fatty acids	0.995	Spingolipids	0.997	Sphingoid bases	0.999	Organic nitrogen compounds	1.000	Organonitrogen compounds	1.000	Amines	0.991	Alkanolamines	0.977	1,2-aminoalcohols	0.974	Organic compounds; Alcohols and polyols; Organonitrogen compounds; Primary alcohols; Organooxygen compounds; Monoalkylamines; Secondary alcohols; 1,2-aminoalcohols; Amines; Primary amines; Alkanolamines; Hydrocarbon derivatives; Organopnictogen compounds; Organic oxygen compounds; Organic nitrogen compounds; Chemical entities	300.288	457	7.617	816704885348682285	816702822023313961	816702822023313960	2320	
1	C36H72N2O7	[M + H]+	C36H73N2O7+	Fatty acids	1.000	Spingolipids	0.987	Ceramides	0.817	Lipids and lipid-like molecules	0.992	Sphingolipids	0.722	Ceramides	0.828			Ceramides	0.828	Organic compounds; Lipids and lipid-like molecules; Alcohols and polyols; Sphingolipids; Organic acids and derivatives; Carboxylic acids and derivatives; Organonitrogen compounds; Primary alcohols; Organooxygen compounds; Fatty amides; Carboxylic acid amides; Carboxylic acid derivatives; N-acyl amines; Monocarboxylic acids and derivatives; Carboxylic acids; Ceramides; Secondary alcohols; Secondary carboxylic acid amides; Carbonyl compounds; Fatty Acyls; Organic oxides; Hydrocarbon derivatives; Organopnictogen compounds; Organic oxygen compounds; Organic nitrogen compounds; Chemical entities	645.539	457	7.618	816704893041037216	816702822119782963	816702822119782962	2318	
1	C21H38O5	[M + H]+	C21H39O5+	Fatty acids	0.553	Fatty acyls	0.342	Fatty alcohols	0.393	Lipids and lipid-like molecules	0.940	Fatty Acyls	0.885					Fatty Acyls	0.885	Organic compounds; Lipids and lipid-like molecules; Alcohols and polyols; Organic acids and derivatives; Carboxylic acids and derivatives; Primary alcohols; Organooxygen compounds; Carboxylic acid derivatives; Carboxylic acid esters; Secondary alcohols; Carbonyl compounds; Fatty Acyls; Organic oxides; Hydrocarbon derivatives; Organic oxygen compounds; Chemical entities	371.278	458	7.634	816704893473050672	816702822233029186	816702822228834881	2336	
1	C21H39NO4	[M + H]+	C21H40NO4+	Alkaloids	0.922	Pseudoalkaloids (transamidation)	0.842	Terpenoid alkaloids	0.789	Lipids and lipid-like molecules	0.718	Prenol lipids	0.520	Diterpenoids	0.610			Diterpenoids	0.610	Organic compounds; Organoheterocyclic compounds; Lipids and lipid-like molecules; Alcohols and polyols; Piperidines; Prenol lipids; Organonitrogen compounds; Alkaloids and derivatives; Primary alcohols; Organooxygen compounds; Cyclic alcohols and derivatives; Diterpenoids; Secondary alcohols; 1,2-aminoalcohols; Trialkylamines; Polyols; Amines; Alkanolamines; Azacyclic compounds; Hydrocarbon derivatives; Organopnictogen compounds; Organic oxygen compounds; Organic nitrogen compounds; Chemical entities	370.293	459	7.647	816704896274846711	816702822342081105	816702822342081104	2338	
1	C18H37NO3	[M + H]+	C18H38NO3+	Amino acids and Peptides	0.708	Linear polyketides	0.567	Open-chain polyketides	0.569	Lipids and lipid-like molecules	0.877	Fatty Acyls	0.821	Fatty amides	0.741	N-acyl amines	0.737	N-acyl amines	0.737	Organic compounds; Lipids and lipid-like molecules; Alcohols and polyols; Organic acids and derivatives; Carboxylic acids and derivatives; Organonitrogen compounds; Organooxygen compounds; Fatty amides; Carboxylic acid amides; Carboxylic acid derivatives; N-acyl amines; Monocarboxylic acids and derivatives; Secondary alcohols; Secondary carboxylic acid amides; Carbonyl compounds; Fatty Acyls; Organic oxides; Hydrocarbon derivatives; Organopnictogen compounds; Organic oxygen compounds; Organic nitrogen compounds; Chemical entities	316.282	459	7.647	816704894681010890	816702822379829846	816702822379829845	2339	
1	C22H41NO3	[M + H]+	C22H42NO3+	Fatty acids	0.996	Fatty amides	0.815	N-acyl amines	0.386	Lipids and lipid-like molecules	0.933	Fatty Acyls	0.841	Fatty amides	0.784	N-acyl amines	0.799	N-acyl amines	0.799	Organic compounds; Lipids and lipid-like molecules; Alcohols and polyols; Organic acids and derivatives; Carboxylic acids and derivatives; Organonitrogen compounds; Primary alcohols; Organooxygen compounds; Fatty amides; Carboxylic acid amides; Carboxylic acid derivatives; N-acyl amines; Secondary alcohols; Secondary carboxylic acid amides; Carbonyl compounds; Fatty Acyls; Organic oxides; Hydrocarbon derivatives; Organopnictogen compounds; Organic oxygen compounds; Organic nitrogen compounds; Chemical entities	368.314	459	7.658	816704899806450933	816702822476298853	816702822476298852	2344	
1	C17H35NO3	[M + H]+	C17H36NO3+	Fatty acids	0.994	Fatty amides	0.976	N-acyl amines	0.928	Organic acids and derivatives	1.000	Carboxylic acids and derivatives	1.000	Amino acids, peptides, and analogues	0.991	Amino acids and derivatives	0.991	N-acyl-alpha amino acids	0.890	Organic compounds; Lipids and lipid-like molecules; Amino acids, peptides, and analogues; Alpha amino acids and derivatives; Organic acids and derivatives; Carboxylic acids and derivatives; Organonitrogen compounds; Organooxygen compounds; Fatty amides; Amino acids and derivatives; Carboxylic acid amides; Carboxylic acid derivatives; N-acyl amines; Monocarboxylic acids and derivatives; N-acyl-alpha amino acids and derivatives; Carboxylic acids; Tertiary carboxylic acid amides; Carbonyl compounds; N-acyl-alpha amino acids; Fatty Acyls; Organic oxides; Hydrocarbon derivatives; Organopnictogen compounds; Organic oxygen compounds; Organic nitrogen compounds; Chemical entities	302.268	460	7.672	816704909524653875	816702822543407727	816702822543407726	2347	
1	C16H34O4	[M + Na]+	C16H34NaO4+	Fatty acids	0.999	Fatty acyls	0.989	Fatty alcohols	0.997	Lipids and lipid-like molecules	0.799	Fatty Acyls	0.757	Fatty alcohols	0.685			Fatty alcohols	0.685	Organic compounds; Lipids and lipid-like molecules; Alcohols and polyols; Primary alcohols; Organooxygen compounds; Fatty alcohols; Fatty Acyls; Hydrocarbon derivatives; Organic oxygen compounds; Chemical entities	313.236	461	7.683	816704911361759274	816702822576962164	816702822576962163	2350	
1	C18H28O2	[M + H]+	C18H29O2+	Terpenoids	0.910	Diterpenoids	0.711	Bisabolane sesquiterpenoids	0.123	Lipids and lipid-like molecules	0.874	Prenol lipids	0.701					Prenol lipids	0.701	Organic compounds; Lipids and lipid-like molecules; Alcohols and polyols; Prenol lipids; Organooxygen compounds; Hydrocarbon derivatives; Organic oxygen compounds; Chemical entities	277.215	461	7.684	816704919821670756	816702822618905209	816702822618905208	2349	
1	C16H34O2	[M + Na]+	C16H34NaO2+	Fatty acids	0.993	Fatty acyls	0.907	Fatty alcohols	0.940	Lipids and lipid-like molecules	0.884	Fatty Acyls	0.860	Fatty alcohols	0.573			Fatty alcohols	0.573	Organic compounds; Lipids and lipid-like molecules; Alcohols and polyols; Organooxygen compounds; Fatty alcohols; Fatty Acyls; Hydrocarbon derivatives; Organic oxygen compounds; Chemical entities	281.246	462	7.694	816704928269003736	816702822686014083	816702822686014082	2354	
1	C17H34N4	[M + Na]+	C17H34N4Na+	Alkaloids	0.938	Pseudoalkaloids (transamidation)	0.518	Tricyclic guanidine alkaloids	0.203	Organoheterocyclic compounds	0.949	Azoles	0.719					Azoles	0.719	Organic compounds; Organoheterocyclic compounds; Organonitrogen compounds; Azoles; Amines; Azacyclic compounds; Heteroaromatic compounds; Hydrocarbon derivatives; Organopnictogen compounds; Organic nitrogen compounds; Chemical entities	317.268	462	7.694	816704932329090233	816702822723762824	816702822723762823	2352	
1	C18H30O	[M + H]+	C18H31O+	Fatty acids	0.887	Fatty acyls	0.359	Unsaturated fatty acids	0.342	Lipids and lipid-like molecules	0.889	Fatty Acyls	0.697					Fatty Acyls	0.697	Organic compounds; Lipids and lipid-like molecules; Organooxygen compounds; Carbonyl compounds; Fatty Acyls; Organic oxides; Hydrocarbon derivatives; Organic oxygen compounds; Chemical entities	263.236	462	7.694	816704932329090216	816702822765705869	816702822765705868	2357	
1	C18H34O3	[M + H]+	C18H35O3+	Terpenoids	0.894	Diterpenoids	0.762	Labdane diterpenoids	0.420	Lipids and lipid-like molecules	0.873	Prenol lipids	0.732					Prenol lipids	0.732	Organic compounds; Lipids and lipid-like molecules; Alcohols and polyols; Prenol lipids; Organooxygen compounds; Secondary alcohols; Tertiary alcohols; Hydrocarbon derivatives; Organic oxygen compounds; Chemical entities	299.257	462	7.695	816704964461674315	816702822803454610	816702822803454609	2353	
1	C18H39NO2	[M + H]+	C18H40NO2+	Fatty acids	0.999	Spingolipids	0.926	Sphingoid bases	0.990	Organic nitrogen compounds	0.998	Organonitrogen compounds	0.998	Amines	0.915	Alkanolamines	0.877	1,2-aminoalcohols	0.666	Organic compounds; Alcohols and polyols; Organonitrogen compounds; Primary alcohols; Organooxygen compounds; 1,2-aminoalcohols; Amines; Primary amines; Alkanolamines; Hydrocarbon derivatives; Organopnictogen compounds; Organic oxygen compounds; Organic nitrogen compounds; Chemical entities	302.304	462	7.695	816704967070531572	816702822837009047	816702822837009046	2356	
1	C16H34N2O7	[M + H]+	C16H35N2O7+	Amino acids and Peptides	0.189	Polyols	0.169	Polyamines	0.138	Organic acids and derivatives	0.971	Carboxylic acids and derivatives	0.957	Amino acids, peptides, and analogues	0.746	Amino acids and derivatives	0.746	Amino acids and derivatives	0.746	Organic compounds; Lipids and lipid-like molecules; Amino acids, peptides, and analogues; Alcohols and polyols; Ethers; Organic acids and derivatives; Carboxylic acids and derivatives; Organonitrogen compounds; Organooxygen compounds; Fatty acid esters; Fatty amides; Amino acids and derivatives; Monoalkylamines; Carboxylic acid amides; Carboxylic acid derivatives; Dialkyl ethers; Carboxylic acid esters; Secondary alcohols; Carbonyl compounds; Amines; Primary amines; Methyl esters; Fatty Acyls; Organic oxides; Hydrocarbon derivatives; Organopnictogen compounds; Organic oxygen compounds; Organic nitrogen compounds; Chemical entities	367.244	462	7.701	816704976268642164	816702822916700833	816702822916700832	2361	
1	C22H33O	[M + H]+	C22H34O+	Terpenoids	0.984	Diterpenoids	0.662	Beyerane diterpenoids	0.131	Lipids and lipid-like molecules	0.954	Prenol lipids	0.831	Diterpenoids	0.626			Diterpenoids	0.626	Organic compounds; Lipids and lipid-like molecules; Alcohols and polyols; Prenol lipids; Organooxygen compounds; Diterpenoids; Hydrocarbon derivatives; Organic oxygen compounds; Chemical entities	314.262	463	7.711	816704961865399886	816702822979615403	816702822975421098	2367	
1	C16H29N7O2	[M + H]+	C16H30N7O2+	Alkaloids	0.454	Nucleosides	0.494	Purine nucleosides	0.554	Organoheterocyclic compounds	0.992	Diazines	0.637	Pyrimidines and pyrimidine derivatives	0.625	Aminopyrimidines and derivatives	0.672	Aminopyrimidines and derivatives	0.672	Organic compounds; Organoheterocyclic compounds; Pyrimidines and pyrimidine derivatives; Imidazoles; Organonitrogen compounds; Organooxygen compounds; Azoles; Aminopyrimidines and derivatives; Diazines; Substituted imidazoles; N-substituted imidazoles; Amines; Primary amines; 1,3,5-triazines; Azacyclic compounds; Heteroaromatic compounds; Hydrocarbon derivatives; Organopnictogen compounds; Organic oxygen compounds; Organic nitrogen compounds; Chemical entities	352.244	463	7.722	816704961961868912	816702823084473018	816702823084473017	2378	
1	C20H41NO	[M + H]+	C20H42NO+	Fatty acids	0.994	Spingolipids	0.918	Sphingoid bases	0.983	Organic nitrogen compounds	1.000	Organonitrogen compounds	1.000	Amines	0.978	Alkanolamines	0.930	1,2-aminoalcohols	0.881	Organic compounds; Alcohols and polyols; Organonitrogen compounds; Primary alcohols; Organooxygen compounds; Secondary alcohols; 1,2-aminoalcohols; Amines; Alkanolamines; Hydrocarbon derivatives; Organopnictogen compounds; Organic oxygen compounds; Organic nitrogen compounds; Chemical entities	312.325	464	7.728	816704975182316770	816702823118027455	816702823118027454	2377	
1	C21H30N2	[M + H]+	C21H31N2+	Alkaloids	0.975	Pseudoalkaloids (transamidation)	0.875	Steroidal alkaloids	0.587	Organic nitrogen compounds	1.000	Organonitrogen compounds	1.000	Amines	0.874	Aralkylamines	0.512	Aralkylamines	0.512	Organic compounds; Organoheterocyclic compounds; Organonitrogen compounds; Trialkylamines; Benzenoids; Amines; Tertiary amines; Aralkylamines; Azacyclic compounds; Hydrocarbon derivatives; Organopnictogen compounds; Organic nitrogen compounds; Chemical entities	311.248	464	7.735	816704967963918561	816702823197719241	816702823197719240	2386	
1	C18H30O2	[M + H]+	C18H31O2+	Fatty acids	0.740	Diterpenoids	0.446	Unsaturated fatty acids	0.395	Lipids and lipid-like molecules	0.943	Fatty Acyls	0.710	Fatty acids and conjugates	0.422	Long-chain fatty acids	0.524	Long-chain fatty acids	0.524	Organic compounds; Lipids and lipid-like molecules; Prenol lipids; Organic acids and derivatives; Carboxylic acids and derivatives; Organooxygen compounds; Unsaturated fatty acids; Monocarboxylic acids and derivatives; Carbonyl compounds; Long-chain fatty acids; Fatty Acyls; Organic oxides; Hydrocarbon derivatives; Organic oxygen compounds; Chemical entities	279.231	464	7.735	816704962653929171	816702823235467982	816702823235467981	2387	
1	C18H34O4	[M + H]+	C18H35O4+	Fatty acids	0.974	Fatty acyls	0.475	Fatty alcohols	0.619	Lipids and lipid-like molecules	0.957	Fatty Acyls	0.937	Fatty alcohols	0.522			Fatty alcohols	0.522	Organic compounds; Lipids and lipid-like molecules; Alcohols and polyols; Organic acids and derivatives; Carboxylic acids and derivatives; Primary alcohols; Organooxygen compounds; Carboxylic acid derivatives; Monocarboxylic acids and derivatives; Carboxylic acid esters; Fatty alcohols; Secondary alcohols; Carbonyl compounds; Fatty Acyls; Organic oxides; Hydrocarbon derivatives; Organic oxygen compounds; Chemical entities	315.252	464	7.736	816704961857011268	816702823289993939	816702823285799634	2389	
1	C37H62O10	[M + H]+	C37H63O10+	Polyketides	0.967	Linear polyketides	0.714	Open-chain polyketides	0.886	Lipids and lipid-like molecules	0.891	Prenol lipids	0.447	Diterpenoids	0.584	Acyclic diterpenoids	0.521	Acyclic diterpenoids	0.521	Organic compounds; Organoheterocyclic compounds; Lipids and lipid-like molecules; Alcohols and polyols; Ethers; Organic acids and derivatives; Carboxylic acids and derivatives; Organooxygen compounds; Hydroxy fatty acids; Carboxylic acid derivatives; Carboxylic acids; Carboxylic acid esters; Acyclic diterpenoids; Diterpenoids; Secondary alcohols; Carbonyl compounds; Polyols; Fatty Acyls; Organic oxides; Oxacyclic compounds; Hydrocarbon derivatives; Organic oxygen compounds; Chemical entities	667.444	464	7.736	816704964507811682	816702823323548376	816702823323548375	2391	
1	C18H34O4	[M - H2O + H]+	C18H33O3+	Fatty acids	0.993	Fatty acyls	0.614	Fatty alcohols	0.859	Lipids and lipid-like molecules	0.977	Fatty Acyls	0.963	Fatty alcohols	0.659	Long-chain fatty alcohols	0.651	Long-chain fatty alcohols	0.651	Organic compounds; Lipids and lipid-like molecules; Alcohols and polyols; Organic acids and derivatives; Carboxylic acids and derivatives; Primary alcohols; Organooxygen compounds; Carboxylic acid derivatives; Monocarboxylic acids and derivatives; Carboxylic acid esters; Fatty alcohols; Secondary alcohols; Carbonyl compounds; Long-chain fatty alcohols; Fatty Acyls; Organic oxides; Hydrocarbon derivatives; Organic oxygen compounds; Chemical entities	297.241	464	7.738	816704967246692409	816702823378074333	816702823378074332	2392	
1	C17H37O	[M + K]+	C17H37KO+	Terpenoids	0.862	Diterpenoids	0.766	Labdane diterpenoids	0.347	Lipids and lipid-like molecules	0.933	Prenol lipids	0.751	Diterpenoids	0.516			Diterpenoids	0.516	Organic compounds; Lipids and lipid-like molecules; Alcohols and polyols; Prenol lipids; Organooxygen compounds; Diterpenoids; Carbonyl compounds; Hydrocarbon derivatives; Organic oxygen compounds; Chemical entities	296.248	464	7.741	816704966533660577	816702823453571815	816702823453571814	2366	
1	C21H37NO	[M + H]+	C21H38NO+	Fatty acids	0.940	Spingolipids	0.389	Sphingoid bases	0.745	Organic nitrogen compounds	1.000	Organonitrogen compounds	1.000	Amines	0.960	Alkanolamines	0.781	1,2-aminoalcohols	0.698	Organic compounds; Alcohols and polyols; Organonitrogen compounds; Organooxygen compounds; Secondary alcohols; 1,2-aminoalcohols; Dialkylamines; Amines; Secondary amines; Alkanolamines; Hydrocarbon derivatives; Organopnictogen compounds; Organic oxygen compounds; Organic nitrogen compounds; Chemical entities	320.293	466	7.774	816704975337506127	816702823491320556	816702823487126251	2405	
1	C18H28O4	[M - H2O + H]+	C18H27O3+	Terpenoids	0.751	Sesquiterpenoids	0.596	Bisabolane sesquiterpenoids	0.684	Benzenoids	0.701	Benzene and substituted derivatives	0.565					Benzene and substituted derivatives	0.565	Organic compounds; Lipids and lipid-like molecules; Alcohols and polyols; Organic acids and derivatives; Carboxylic acids and derivatives; Organooxygen compounds; Carboxylic acid derivatives; Monocarboxylic acids and derivatives; Carboxylic acid esters; Carbonyl compounds; Benzene and substituted derivatives; Benzenoids; Organic oxides; Hydrocarbon derivatives; Organic oxygen compounds; Chemical entities	291.194	467	7.785	816705018895395673	816702823696841477	816702823696841476	2415	
1	C11H16O2	[M + Na]+	C11H16NaO2+	Terpenoids	0.809	Monoterpenoids	0.273	Apocarotenoids(ε-)	0.191	Organic oxygen compounds	1.000	Organooxygen compounds	0.999	Carbonyl compounds	0.857	Ketones	0.768	Ketones	0.768	Organic compounds; Ketones; Organooxygen compounds; Carbonyl compounds; Organic oxides; Hydrocarbon derivatives; Organic oxygen compounds; Chemical entities	203.106	467	7.786	816705018924755824	816702823826864916	816702823826864915	2421	
1	C20H33N3	[M + H]+	C20H34N3+	Alkaloids	0.954	Pseudoalkaloids (transamidation)	0.932	Steroidal alkaloids	0.424	Lipids and lipid-like molecules	0.518							Lipids and lipid-like molecules	0.518	Organic compounds; Organoheterocyclic compounds; Lipids and lipid-like molecules; Organonitrogen compounds; Amines; Azacyclic compounds; Hydrocarbon derivatives; Organopnictogen compounds; Organic nitrogen compounds; Chemical entities	316.278	467	7.788	816705018845063968	816702823914945310	816702823914945309	2388	
1	C16H25N3O2	[M + H]+	C16H26N3O2+	Alkaloids	0.264	Sesquiterpenoids	0.339	Open-chain polyketides	0.151	Benzenoids	0.443	Benzene and substituted derivatives	0.654					Benzene and substituted derivatives	0.654	Organic compounds; Organoheterocyclic compounds; Organic acids and derivatives; Carboxylic acids and derivatives; Organonitrogen compounds; Organooxygen compounds; Azoles; Carboxylic acid derivatives; Carbonyl compounds; Benzene and substituted derivatives; Organic oxides; Azacyclic compounds; Hydrocarbon derivatives; Organopnictogen compounds; Organic oxygen compounds; Organic nitrogen compounds; Chemical entities	292.205	468	7.796	816705018966698901	816702824028191528	816702824023997223	2426	
1	C15H28N4O4	[M + Na]+	C15H28N4NaO4+	Amino acids and Peptides	0.922	Small peptides	0.940	Dipeptides	0.655	Organic acids and derivatives	0.997	Carboxylic acids and derivatives	0.993	Amino acids, peptides, and analogues	0.915	Amino acids and derivatives	0.910	N-acyl-alpha amino acids	0.553	Organic compounds; Lipids and lipid-like molecules; Amino acids, peptides, and analogues; Alpha amino acids and derivatives; Fatty acids and conjugates; Organic acids and derivatives; Carboxylic acids and derivatives; Organonitrogen compounds; Organooxygen compounds; Fatty amides; Branched fatty acids; Amino acids and derivatives; Guanidines; Monoalkylamines; Carboxylic acid amides; Carboxylic acid derivatives; N-acyl amines; Monocarboxylic acids and derivatives; N-acyl-alpha amino acids and derivatives; Carboxylic acids; Secondary carboxylic acid amides; Carbonyl compounds; N-acyl-alpha amino acids; Amines; Primary amines; Carboximidamides; Fatty Acyls; Organic oxides; Hydrocarbon derivatives; Amino acids; Organopnictogen compounds; Organic oxygen compounds; Organic nitrogen compounds; Chemical entities	351.200	468	7.797	816705018836675341	816702824086911789	816702824086911788	2402	
1	C18H37NO3	[M + H]+	C18H38NO3+	Fatty acids	0.991	Fatty amides	0.954	N-acyl ethanolamines (endocannabinoids)	0.503	Lipids and lipid-like molecules	0.909	Fatty Acyls	0.855	Fatty amides	0.744	N-acyl amines	0.799	N-acyl amines	0.799	Organic compounds; Lipids and lipid-like molecules; Alcohols and polyols; Organic acids and derivatives; Carboxylic acids and derivatives; Organonitrogen compounds; Primary alcohols; Organooxygen compounds; Fatty amides; Carboxylic acid amides; Carboxylic acid derivatives; N-acyl amines; Monocarboxylic acids and derivatives; Secondary carboxylic acid amides; Carbonyl compounds; Fatty Acyls; Organic oxides; Hydrocarbon derivatives; Organopnictogen compounds; Organic oxygen compounds; Organic nitrogen compounds; Chemical entities	316.283	468	7.803	816705018840869658	816702824237906738	816702824233712433	2428	
1	C11H29BN2O4Si	[M + H]+	C11H30BN2O4Si+	Terpenoids	0.745	Monoterpenoids	0.925	Pinane monoterpenoids	0.500	Organic salts	0.995	Organic metal salts	0.986	Organic metalloid salts	0.986			Organic metalloid salts	0.986	Organic compounds; Organic acids and derivatives; Organooxygen compounds; Organometallic compounds; Organometalloid compounds; Organoboron compounds; Organic salts; Organic metalloid salts; Organic metal salts; Hydrocarbon derivatives; Alkylboranes; Organic oxygen compounds; Chemical entities	292.208	468	7.804	816705078785869778	816702824284044087	816702824284044086	2453	
1	C22H41NO4	[M + H]+	C22H42NO4+	Alkaloids	0.776	Pseudoalkaloids (transamidation)	0.652	Terpenoid alkaloids	0.540	Lipids and lipid-like molecules	0.708							Lipids and lipid-like molecules	0.708	Organic compounds; Organoheterocyclic compounds; Lipids and lipid-like molecules; Alcohols and polyols; Organonitrogen compounds; Primary alcohols; Organooxygen compounds; Cyclic alcohols and derivatives; Secondary alcohols; 1,2-aminoalcohols; Trialkylamines; Amines; Tertiary amines; Alkanolamines; Azacyclic compounds; Hydrocarbon derivatives; Organopnictogen compounds; Organic oxygen compounds; Organic nitrogen compounds; Chemical entities	384.309	469	7.810	816705072129505466	816702824325987132	816702824325987131	2431	
1	C22H45NO5	[M + H]+	C22H46NO5+	Fatty acids	0.997	Spingolipids	0.988	Sphingoid bases	0.979	Lipids and lipid-like molecules	0.650							Lipids and lipid-like molecules	0.650	Organic compounds; Lipids and lipid-like molecules; Alcohols and polyols; Organonitrogen compounds; Primary alcohols; Organooxygen compounds; Secondary alcohols; 1,2-aminoalcohols; Polyols; Amines; Alkanolamines; Hydrocarbon derivatives; Organopnictogen compounds; Organic oxygen compounds; Organic nitrogen compounds; Chemical entities	404.336	469	7.820	816705070716024495	816702824363735873	816702824363735872	2435	
1	C20H43NO2	[M + H]+	C20H44NO2+	Fatty acids	0.999	Spingolipids	0.982	Sphingoid bases	0.998	Organic nitrogen compounds	1.000	Organonitrogen compounds	0.999	Amines	0.939	Alkanolamines	0.949	1,2-aminoalcohols	0.892	Organic compounds; Alcohols and polyols; Organonitrogen compounds; Primary alcohols; Organooxygen compounds; 1,2-aminoalcohols; Amines; Alkanolamines; Hydrocarbon derivatives; Organopnictogen compounds; Organic oxygen compounds; Organic nitrogen compounds; Chemical entities	330.335	470	7.828	816705072733485460	816702824472787792	816702824472787791	2441	
1	C18H35NO3	[M + H]+	C18H36NO3+	Fatty acids	0.939	Fatty amides	0.800	N-acyl ethanolamines (endocannabinoids)	0.344	Organic acids and derivatives	0.995	Carboxylic acids and derivatives	0.984	Amino acids, peptides, and analogues	0.547	Amino acids and derivatives	0.544	Amino acids and derivatives	0.544	Organic compounds; Lipids and lipid-like molecules; Amino acids, peptides, and analogues; Alcohols and polyols; Organic acids and derivatives; Carboxylic acids and derivatives; Organonitrogen compounds; Organooxygen compounds; Fatty amides; Amino acids and derivatives; Carboxylic acid amides; Carboxylic acid derivatives; N-acyl amines; Monocarboxylic acids and derivatives; Carbonyl compounds; Fatty Acyls; Organic oxides; Hydrocarbon derivatives; Organopnictogen compounds; Organic oxygen compounds; Organic nitrogen compounds; Chemical entities	314.268	470	7.833	816705073144527390	816702824590228319	816702824590228318	2444	
1	C18H28O3	[M + H]+	C18H29O3+	Fatty acids	0.596	Octadecanoids	0.582	Phytane diterpenoids	0.249	Lipids and lipid-like molecules	0.922	Fatty Acyls	0.783	Fatty acids and conjugates	0.544			Fatty acids and conjugates	0.544	Organic compounds; Lipids and lipid-like molecules; Ketones; Fatty acids and conjugates; Organic acids and derivatives; Carboxylic acids and derivatives; Organooxygen compounds; Monocarboxylic acids and derivatives; Carboxylic acids; Carbonyl compounds; Cyclic ketones; Fatty Acyls; Organic oxides; Hydrocarbon derivatives; Organic oxygen compounds; Chemical entities	293.209	470	7.834	816705075384286750	816702824556673882	816702824556673881	2423	
1	C18H35NO4	[M + H]+	C18H36NO4+	Fatty acids	0.376	Linear polyketides	0.239	Open-chain polyketides	0.235	Lipids and lipid-like molecules	0.654	Fatty Acyls	0.502					Fatty Acyls	0.502	Organic compounds; Lipids and lipid-like molecules; Alcohols and polyols; Organic acids and derivatives; Carboxylic acids and derivatives; Organonitrogen compounds; Primary alcohols; Organooxygen compounds; Carboxylic acid derivatives; Secondary alcohols; Carbonyl compounds; Amines; Fatty Acyls; Organic oxides; Hydrocarbon derivatives; Organopnictogen compounds; Organic oxygen compounds; Organic nitrogen compounds; Chemical entities	330.263	470	7.838	816705076416086273	816702824648948585	816702824648948584	2448	
1	C17H39N7	[M + Na]+	C17H39N7Na+	Alkaloids	0.950	Ornithine alkaloids	0.248	Polyamines	0.378	Organoheterocyclic compounds	0.952	Heteroaromatic compounds	0.899					Heteroaromatic compounds	0.899	Organic compounds; Organoheterocyclic compounds; Organonitrogen compounds; Dialkylamines; Amines; Secondary amines; Azacyclic compounds; Heteroaromatic compounds; Hydrocarbon derivatives; Organopnictogen compounds; Organic nitrogen compounds; Chemical entities	364.313	471	7.842	816705076353171672	816702824690891630	816702824690891629	2450	
1	C15H29N5O	[M + H]+	C15H30N5O+	Alkaloids	0.770	Guanidine alkaloids	0.425	Tricyclic guanidine alkaloids	0.108	Organoheterocyclic compounds	0.942	Azoles	0.556					Azoles	0.556	Organic compounds; Organoheterocyclic compounds; Organonitrogen compounds; Organooxygen compounds; Guanidines; Azoles; Amines; Azacyclic compounds; Heteroaromatic compounds; Hydrocarbon derivatives; Organopnictogen compounds; Organic oxygen compounds; Organic nitrogen compounds; Chemical entities	296.242	471	7.852	816705073840782091	816702824833497986	816702824833497985	2442	
1	C18H32O4	[M - H2O + H]+	C18H31O3+	Fatty acids	0.817	Octadecanoids	0.511	Other Octadecanoids	0.431	Lipids and lipid-like molecules	0.940	Fatty Acyls	0.839	Fatty acids and conjugates	0.599	Long-chain fatty acids	0.678	Long-chain fatty acids	0.678	Organic compounds; Lipids and lipid-like molecules; Alcohols and polyols; Fatty acids and conjugates; Organic acids and derivatives; Carboxylic acids and derivatives; Organooxygen compounds; Unsaturated fatty acids; Monocarboxylic acids and derivatives; Carboxylic acids; Secondary alcohols; Carbonyl compounds; Long-chain fatty acids; Fatty Acyls; Organic oxides; Hydrocarbon derivatives; Organic oxygen compounds; Chemical entities	295.225	471	7.853	816705075568836256	816702824867052423	816702824867052422	2456	
1	C37H60O10	[M + H]+	C37H61O10+	Polyketides	0.986	Linear polyketides	0.520	Open-chain polyketides	0.783	Lipids and lipid-like molecules	0.780	Prenol lipids	0.436	Diterpenoids	0.522			Diterpenoids	0.522	Organic compounds; Organoheterocyclic compounds; Lipids and lipid-like molecules; Alcohols and polyols; Macrolides and analogues; Ethers; Organic acids and derivatives; Carboxylic acids and derivatives; Organooxygen compounds; Carboxylic acid derivatives; Carboxylic acid esters; Diterpenoids; Secondary alcohols; Carbonyl compounds; Polyols; Fatty Acyls; Organic oxides; Oxacyclic compounds; Hydrocarbon derivatives; Organic oxygen compounds; Chemical entities	665.428	471	7.856	816705083852592189	816702824904801164	816702824900606859	2460	
1	C17H36O3	[M + Na]+	C17H36NaO3+	Fatty acids	0.999	Fatty acyls	0.997	Fatty alcohols	0.999	Lipids and lipid-like molecules	0.916	Fatty Acyls	0.901	Fatty alcohols	0.882	Long-chain fatty alcohols	0.809	Long-chain fatty alcohols	0.809	Organic compounds; Lipids and lipid-like molecules; Alcohols and polyols; Primary alcohols; Organooxygen compounds; Fatty alcohols; Secondary alcohols; Polyols; Long-chain fatty alcohols; Fatty Acyls; Hydrocarbon derivatives; Organic oxygen compounds; Chemical entities	311.256	472	7.859	816705076126679063	816702824942549905	816702824942549904	2464	
1	C16H29ClO7	[M + H]+	C16H30ClO7+	Fatty acids	0.324	Monoterpenoids	0.245	Iridoids monoterpenoids	0.110	Lipids and lipid-like molecules	0.511							Lipids and lipid-like molecules	0.511	Organic compounds; Organoheterocyclic compounds; Lipids and lipid-like molecules; Alcohols and polyols; Ethers; Organic acids and derivatives; Carboxylic acids and derivatives; Organohalogen compounds; Organooxygen compounds; Alkyl chlorides; Carboxylic acid esters; Organochlorides; Secondary alcohols; Carbonyl compounds; Halohydrins; Chlorohydrins; Alkyl halides; Organic oxides; Oxacyclic compounds; Hydrocarbon derivatives; Organic oxygen compounds; Chemical entities	369.168	472	7.860	816705089972085080	816702824976104342	816702824976104341	2466	
1	C16H29N7O2	[M + H]+	C16H30N7O2+	Alkaloids	0.568	Histidine alkaloids	0.545	Imidazole alkaloids	0.547	Organoheterocyclic compounds	0.981	Heteroaromatic compounds	0.969					Heteroaromatic compounds	0.969	Organic compounds; Organoheterocyclic compounds; Organic acids and derivatives; Carboxylic acids and derivatives; Organonitrogen compounds; Organooxygen compounds; Amines; Primary amines; Organic oxides; Azacyclic compounds; Heteroaromatic compounds; Hydrocarbon derivatives; Organopnictogen compounds; Organic oxygen compounds; Organic nitrogen compounds; Chemical entities	352.247	472	7.862	816705088420191348	816702825013853083	816702825013853082	2452	
1	C18H30O2	[M + H]+	C18H31O2+	Fatty acids	0.999	Fatty Acids and Conjugates	0.858	Unsaturated fatty acids	0.879	Lipids and lipid-like molecules	0.985	Fatty Acyls	0.963	Fatty acids and conjugates	0.940	Long-chain fatty acids	0.934	Long-chain fatty acids	0.934	Organic compounds; Lipids and lipid-like molecules; Fatty acids and conjugates; Organic acids and derivatives; Carboxylic acids and derivatives; Organooxygen compounds; Straight chain fatty acids; Unsaturated fatty acids; Monocarboxylic acids and derivatives; Carboxylic acids; Carbonyl compounds; Long-chain fatty acids; Fatty Acyls; Organic oxides; Hydrocarbon derivatives; Organic oxygen compounds; Chemical entities	279.232	472	7.867	816705077305279422	816702825089350565	816702825089350564	2468	
1	C16H24N2O2	[M + H]+	C16H25N2O2+	Alkaloids	0.608	Pseudoalkaloids (transamidation)	0.171	Phenylalanine-derived alkaloids	0.024	Benzenoids	0.964	Benzene and substituted derivatives	0.894	Phenylpropanes	0.622			Phenylpropanes	0.622	Organic compounds; Organic acids and derivatives; Organonitrogen compounds; Organooxygen compounds; Benzene and substituted derivatives; Benzenoids; Phenylpropanes; Organic oxides; Hydrocarbon derivatives; Organopnictogen compounds; Organic oxygen compounds; Organic nitrogen compounds; Chemical entities	277.192	473	7.877	816705076722270658	816702825265511353	816702825265511352	2477	
1	C18H30O4	[M - H2O + H]+	C18H29O3+	Fatty acids	0.947	Octadecanoids	0.931	Other Octadecanoids	0.793	Lipids and lipid-like molecules	0.961	Fatty Acyls	0.932	Lineolic acids and derivatives	0.577			Lineolic acids and derivatives	0.577	Organic compounds; Lipids and lipid-like molecules; Ketones; Alcohols and polyols; Fatty acids and conjugates; Organic acids and derivatives; Carboxylic acids and derivatives; Organooxygen compounds; Unsaturated fatty acids; Lineolic acids and derivatives; Monocarboxylic acids and derivatives; Carboxylic acids; Secondary alcohols; Carbonyl compounds; Long-chain fatty acids; Fatty Acyls; Organic oxides; Hydrocarbon derivatives; Organic oxygen compounds; Chemical entities	293.210	473	7.888	816705077150090062	816702825303260094	816702825303260093	2489	
1	C37H62O10	[M + H]+	C37H63O10+	Polyketides	0.973	Macrolides	0.726	Open-chain polyketides	0.618	Phenylpropanoids and polyketides	0.265	Macrolides and analogues	0.563					Macrolides and analogues	0.563	Organic compounds; Organoheterocyclic compounds; Lipids and lipid-like molecules; Lactones; Alcohols and polyols; Macrolides and analogues; Ethers; Organic acids and derivatives; Carboxylic acids and derivatives; Organooxygen compounds; Carboxylic acid derivatives; Carboxylic acid esters; Secondary alcohols; Carbonyl compounds; Oxanes; Polyols; Organic oxides; Oxacyclic compounds; Hydrocarbon derivatives; Organic oxygen compounds; Chemical entities	667.443	473	7.888	816705082007097272	816702825345203139	816702825345203138	2490	
1	C34H66O11	[M + H]+	C34H67O11+	Polyketides	0.687	Macrolides	0.418	Open-chain polyketides	0.704	Organic oxygen compounds	1.000	Organooxygen compounds	0.999	Carbohydrates and carbohydrate conjugates	0.873	Glycosyl compounds	0.673	O-glycosyl compounds	0.665	Organic compounds; Organoheterocyclic compounds; Carbohydrates and carbohydrate conjugates; Lipids and lipid-like molecules; Alcohols and polyols; Ethers; Prenol lipids; Organic acids and derivatives; Carboxylic acids and derivatives; Primary alcohols; Organooxygen compounds; Carboxylic acid derivatives; Carboxylic acid esters; Monosaccharides; Acetals; Secondary alcohols; Carbonyl compounds; Oxanes; Glycosyl compounds; O-glycosyl compounds; Polyols; Fatty Acyls; Organic oxides; Oxacyclic compounds; Hydrocarbon derivatives; Organic oxygen compounds; Chemical entities	651.465	473	7.890	816705089946919243	816702825387146184	816702825387146183	2492	
1	C22H32O2	[M + Na]+	C22H32NaO2+	Terpenoids	0.865	Steroids	0.458	Pregnane steroids	0.069	Lipids and lipid-like molecules	0.908	Steroids and steroid derivatives	0.605	Oxosteroids	0.580			Oxosteroids	0.580	Organic compounds; Lipids and lipid-like molecules; Ketones; Steroids and steroid derivatives; Organooxygen compounds; Oxosteroids; Carbonyl compounds; Organic oxides; Hydrocarbon derivatives; Organic oxygen compounds; Chemical entities	351.232	474	7.895	816705083047285312	816702825462643666	816702825462643665	2501	
1	C18H34O4	[M + H]+	C18H35O4+	Fatty acids	0.978	Fatty acyls	0.769	Fatty alcohols	0.870	Lipids and lipid-like molecules	0.968	Fatty Acyls	0.933	Fatty acids and conjugates	0.331	Long-chain fatty acids	0.577	Long-chain fatty acids	0.577	Organic compounds; Lipids and lipid-like molecules; Alcohols and polyols; Organic acids and derivatives; Carboxylic acids and derivatives; Primary alcohols; Organooxygen compounds; Monocarboxylic acids and derivatives; Fatty alcohols; Secondary alcohols; Carbonyl compounds; Polyols; 1,2-diols; Long-chain fatty acids; Long-chain fatty alcohols; Fatty Acyls; Organic oxides; Hydrocarbon derivatives; Organic oxygen compounds; Chemical entities	315.251	474	7.898	816705078899116065	816702825563306972	816702825563306971	2496	
1	C18H34O4	[M - H2O + H]+	C18H33O3+	Fatty acids	0.933	Fatty acyls	0.501	Fatty alcohols	0.770	Lipids and lipid-like molecules	0.953	Fatty Acyls	0.863	Fatty alcohols	0.656	Long-chain fatty alcohols	0.618	Long-chain fatty alcohols	0.618	Organic compounds; Lipids and lipid-like molecules; Alcohols and polyols; Organooxygen compounds; Fatty alcohols; Secondary alcohols; Polyols; Long-chain fatty alcohols; Fatty Acyls; Hydrocarbon derivatives; Organic oxygen compounds; Chemical entities	297.241	474	7.902	816705075631750871	816702825605250017	816702825605250016	2500	
1	C16H30NO6	[M + K]+	C16H30KNO6+	Fatty acids	0.765	Small peptides	0.356	Aminoacids	0.215	Organic acids and derivatives	0.981	Carboxylic acids and derivatives	0.971	Amino acids, peptides, and analogues	0.780	Amino acids and derivatives	0.780	Alpha amino acids	0.519	Organic compounds; Lipids and lipid-like molecules; Amino acids, peptides, and analogues; Alpha amino acids and derivatives; Organic acids and derivatives; Carboxylic acids and derivatives; Organonitrogen compounds; Organooxygen compounds; Fatty acid esters; Dicarboxylic acids and derivatives; Amino acids and derivatives; Carboxylic acid derivatives; Carboxylic acids; Carboxylic acid esters; Carbonyl compounds; Alpha amino acids; Amines; Fatty Acyls; Organic oxides; Hydrocarbon derivatives; Organopnictogen compounds; Organic oxygen compounds; Organic nitrogen compounds; Chemical entities	371.171	474	7.906	816705089879810245	816702825676553195	816702825676553194	2503	
1	C15H22O2	[M + H]+	C15H23O2+	Terpenoids	0.986	Sesquiterpenoids	0.972	Bisabolane sesquiterpenoids	0.685	Benzenoids	0.547							Benzenoids	0.547	Organic compounds; Organooxygen compounds; Carbonyl compounds; Benzenoids; Organic oxides; Hydrocarbon derivatives; Organic oxygen compounds; Chemical entities	235.168	476	7.930	816705076768408061	816702825789799418	816702825789799417	2510	
1	C14H27N5	[M + H]+	C14H28N5+	Alkaloids	0.976	Pseudoalkaloids (transamidation)	0.628	Purine alkaloids	0.606	Organic nitrogen compounds	1.000	Organonitrogen compounds	1.000	Amines	0.904	Tertiary amines	0.574	Dialkylarylamines	0.514	Organic compounds; Organoheterocyclic compounds; Organonitrogen compounds; Azoles; Amines; Tertiary amines; Dialkylarylamines; Azacyclic compounds; Heteroaromatic compounds; Hydrocarbon derivatives; Organopnictogen compounds; Organic nitrogen compounds; Chemical entities	266.234	477	7.950	816705076428669214	816702825827548159	816702825823353854	2515	
1	C25H35N3O4S	[M + Na]+	C25H35N3NaO4S+	Amino acids and Peptides	0.988	Oligopeptides	0.681	Cyclamides	0.119	Organic acids and derivatives	0.996	Carboxylic acids and derivatives	0.989	Amino acids, peptides, and analogues	0.840	Amino acids and derivatives	0.830	Amino acids and derivatives	0.830	Organic compounds; Organoheterocyclic compounds; Amino acids, peptides, and analogues; Thiazoles; Organic acids and derivatives; Carboxylic acids and derivatives; Organonitrogen compounds; Organooxygen compounds; Amino acids and derivatives; Azoles; Carboxylic acid amides; Carboxylic acid derivatives; Monocarboxylic acids and derivatives; Secondary carboxylic acid amides; Carbonyl compounds; Benzene and substituted derivatives; Benzenoids; Fatty Acyls; Organic oxides; Azacyclic compounds; Heteroaromatic compounds; Hydrocarbon derivatives; Organopnictogen compounds; Organic oxygen compounds; Organic nitrogen compounds; Chemical entities	496.222	477	7.951	816705083227640529	816702825861102596	816702825861102595	2518	
1	C25H35N3O4S	[M + H]+	C25H36N3O4S+	Amino acids and Peptides	0.999	Oligopeptides	0.924	Linear peptides	0.208	Organic acids and derivatives	0.998	Carboxylic acids and derivatives	0.995	Amino acids, peptides, and analogues	0.987	Amino acids and derivatives	0.984	Carbamate esters	0.557	Organic compounds; Organoheterocyclic compounds; Lipids and lipid-like molecules; Amino acids, peptides, and analogues; Alpha amino acids and derivatives; Thiazoles; Phenethylamines; Amphetamines and derivatives; Organic acids and derivatives; Carboxylic acids and derivatives; Organonitrogen compounds; Carbamic acids and derivatives; Organooxygen compounds; Fatty amides; Amino acids and derivatives; Azoles; Carboxylic acid amides; Carboxylic acid derivatives; N-acyl amines; Carbamate esters; N-acyl-alpha amino acids and derivatives; Secondary carboxylic acid amides; Carbonyl compounds; Benzene and substituted derivatives; Alpha amino acid amides; Benzenoids; 2,4-disubstituted thiazoles; Fatty Acyls; Organic oxides; Heteroaromatic compounds; Hydrocarbon derivatives; Organopnictogen compounds; Organic oxygen compounds; Organic nitrogen compounds; Chemical entities	474.240	477	7.953	816705090873860920	816702825894657033	816702825894657032	2521	
1	C10H14N2O2S	[M + Na]+	C10H14N2NaO2S+	Alkaloids	0.650	Nicotinic acid alkaloids	0.417	Pyridine alkaloids	0.418	Organic nitrogen compounds	0.999	Organonitrogen compounds	0.997	Amines	0.632	Aralkylamines	0.535	Aralkylamines	0.535	Organic compounds; Organoheterocyclic compounds; Organosulfur compounds; Organonitrogen compounds; Amines; Dialkylthioethers; Aralkylamines; Organic oxides; Azacyclic compounds; Hydrocarbon derivatives; Organopnictogen compounds; Organic oxygen compounds; Organic nitrogen compounds; Chemical entities	249.068	477	7.954	816705078471296746	816702825932405774	816702825932405773	2519	
1	C16H31NO2	[M + H]+	C16H32NO2+	Alkaloids	0.278	Pseudoalkaloids (transamidation)	0.294	Open-chain polyketides	0.209	Benzenoids	0.446	Benzene and substituted derivatives	0.525					Benzene and substituted derivatives	0.525	Organic compounds; Lipids and lipid-like molecules; Alcohols and polyols; Organic acids and derivatives; Carboxylic acids and derivatives; Organonitrogen compounds; Primary alcohols; Organooxygen compounds; Carboxylic acid amides; Carboxylic acid derivatives; Secondary carboxylic acid amides; Carbonyl compounds; 1,2-aminoalcohols; Benzene and substituted derivatives; Amines; Alkanolamines; Organic oxides; Hydrocarbon derivatives; Organopnictogen compounds; Organic oxygen compounds; Organic nitrogen compounds; Chemical entities	270.242	477	7.957	816705078618097491	816702826020486168	816702826020486167	2525	
1	C16H33NO3	[M + H]+	C16H34NO3+	Fatty acids	0.998	Fatty amides	0.997	N-acyl ethanolamines (endocannabinoids)	0.976	Lipids and lipid-like molecules	0.955	Fatty Acyls	0.967	Fatty amides	0.965	N-acyl amines	0.977	N-acyl amines	0.977	Organic compounds; Lipids and lipid-like molecules; Alcohols and polyols; Organic acids and derivatives; Carboxylic acids and derivatives; Organonitrogen compounds; Primary alcohols; Organooxygen compounds; Fatty amides; Carboxylic acid amides; Carboxylic acid derivatives; N-acyl amines; Tertiary carboxylic acid amides; Carbonyl compounds; Amines; Alkanolamines; Fatty Acyls; Organic oxides; Hydrocarbon derivatives; Organopnictogen compounds; Organic oxygen compounds; Organic nitrogen compounds; Chemical entities	288.252	478	7.962	816705077082981136	816702826058234909	816702826058234908	2526	
1	C15H31N3O5	[M + H]+	C15H32N3O5+	Amino acids and Peptides	0.969	Small peptides	0.904	Dipeptides	0.679	Organic acids and derivatives	0.995	Carboxylic acids and derivatives	0.983	Amino acids, peptides, and analogues	0.924	Amino acids and derivatives	0.918	N-acyl-alpha amino acids	0.508	Organic compounds; Lipids and lipid-like molecules; Amino acids, peptides, and analogues; Alpha amino acids and derivatives; Fatty acids and conjugates; Organic acids and derivatives; Carboxylic acids and derivatives; Organonitrogen compounds; Organooxygen compounds; Fatty amides; Amino acids and derivatives; Monoalkylamines; Carboxylic acid amides; Carboxylic acid derivatives; N-acyl amines; Monocarboxylic acids and derivatives; N-acyl-alpha amino acids and derivatives; Carboxylic acids; Primary carboxylic acid amides; Secondary carboxylic acid amides; Carbonyl compounds; Alpha amino acid amides; N-acyl-alpha amino acids; Amines; Fatty Acyls; Organic oxides; Hydrocarbon derivatives; Amino acids; Organopnictogen compounds; Organic oxygen compounds; Organic nitrogen compounds; Chemical entities	334.232	479	7.986	816705083059868243	816702826309893179	816702826309893178	2535	
1	C18H33NO2	[M - H2O + H]+	C18H32NO+	Fatty acids	0.992	Fatty amides	0.906	N-acyl ethanolamines (endocannabinoids)	0.913	Lipids and lipid-like molecules	0.586							Lipids and lipid-like molecules	0.586	Organic compounds; Lipids and lipid-like molecules; Alcohols and polyols; Organonitrogen compounds; Primary alcohols; Organooxygen compounds; 1,2-aminoalcohols; Amines; Alkanolamines; Hydrocarbon derivatives; Organopnictogen compounds; Organic oxygen compounds; Organic nitrogen compounds; Chemical entities	278.247	479	7.988	816705076462223677	816702826351836224	816702826351836223	2536	
1	C29H48	[M + H]+	C29H49+	Terpenoids	0.982	Steroids	0.864	Cholestane steroids	0.776	Lipids and lipid-like molecules	0.989	Steroids and steroid derivatives	0.882					Steroids and steroid derivatives	0.882	Organic compounds; Lipids and lipid-like molecules; Steroids and steroid derivatives; Hydrocarbons; Olefins; Cyclic olefins; Polycyclic hydrocarbons; Unsaturated hydrocarbons; Unsaturated aliphatic hydrocarbons; Branched unsaturated hydrocarbons; Chemical entities	397.381	481	8.009	816705079096248520	816702826758683752	816702826758683751	2548	
1	C18H26O2	[M + H]+	C18H27O2+	Fatty acids	0.574	Steroids	0.266	Estrane steroids	0.155	Benzenoids	0.717							Benzenoids	0.717	Organic compounds; Lipids and lipid-like molecules; Organic acids and derivatives; Carboxylic acids and derivatives; Organooxygen compounds; Monocarboxylic acids and derivatives; Carboxylic acids; Carbonyl compounds; Benzenoids; Organic oxides; Hydrocarbon derivatives; Organic oxygen compounds; Chemical entities	275.199	481	8.019	816705079662479799	816702826918067319	816702826918067318	2552	
1	C24H39N3O3	[M + H]+	C24H40N3O3+	Fatty acids	0.956	Fatty amides	0.954	N-acyl amines	0.983	Organic acids and derivatives	1.000	Carboxylic acids and derivatives	1.000	Amino acids, peptides, and analogues	0.997	Amino acids and derivatives	0.997	Histidine and derivatives	0.669	Organic compounds; Organoheterocyclic compounds; Lipids and lipid-like molecules; Amino acids, peptides, and analogues; Alpha amino acids and derivatives; Imidazoles; Organic acids and derivatives; Carboxylic acids and derivatives; Organonitrogen compounds; Organooxygen compounds; Fatty amides; Amino acids and derivatives; Azoles; Carboxylic acid amides; Carboxylic acid derivatives; N-acyl amines; Monocarboxylic acids and derivatives; N-acyl-alpha amino acids and derivatives; Carboxylic acids; Imidazolyl carboxylic acids and derivatives; Substituted imidazoles; N-acyl-alpha amino acids; Carboximidamides; Fatty Acyls; Organic oxides; Azacyclic compounds; Heteroaromatic compounds; Hydrocarbon derivatives; Histidine and derivatives; Organopnictogen compounds; Organic oxygen compounds; Organic nitrogen compounds; Chemical entities	418.305	484	8.068	816705082061623263	816702827064867974	816702827060673669	2567	
1	C18H28O3	[M + H]+	C18H29O3+	Terpenoids	0.527	Cyclic polyketides	0.246	Bisabolane sesquiterpenoids	0.191	Lipids and lipid-like molecules	0.627							Lipids and lipid-like molecules	0.627	Organic compounds; Lipids and lipid-like molecules; Ketones; Alcohols and polyols; Organic acids and derivatives; Carboxylic acids and derivatives; Organooxygen compounds; Carboxylic acid derivatives; Monocarboxylic acids and derivatives; Carboxylic acid esters; Carbonyl compounds; Organic oxides; Hydrocarbon derivatives; Organic oxygen compounds; Chemical entities	293.210	485	8.085	816705083215057591	816702827178114197	816702827178114196	2574	
1	C12H29N4O3	[M + H]+	C12H30N4O3+	Amino acids and Peptides	0.621	Small peptides	0.885	Dipeptides	0.480	Organic acids and derivatives	0.986	Carboxylic acids and derivatives	0.966	Amino acids, peptides, and analogues	0.831	Amino acids and derivatives	0.824	Alpha amino acids and derivatives	0.700	Organic compounds; Lipids and lipid-like molecules; Amino acids, peptides, and analogues; Alpha amino acids and derivatives; Fatty acids and conjugates; Organic acids and derivatives; Carboxylic acids and derivatives; Organonitrogen compounds; Organooxygen compounds; Fatty amides; Amino acids and derivatives; Guanidines; Carboxylic acid amides; Carboxylic acid derivatives; Monocarboxylic acids and derivatives; Carboxylic acids; Secondary carboxylic acid amides; Carbonyl compounds; Carboximidamides; Fatty Acyls; Organic oxides; Hydrocarbon derivatives; Organopnictogen compounds; Organic oxygen compounds; Organic nitrogen compounds; Chemical entities	278.229	486	8.100	816705084716619274	816702827245223071	816702827245223070	2586	
1	C18H30O3	[M - H2O + H]+	C18H29O2+	Fatty acids	1.000	Eicosanoids	0.470	Other Octadecanoids	0.242	Lipids and lipid-like molecules	0.991	Fatty Acyls	0.976	Fatty acids and conjugates	0.943	Long-chain fatty acids	0.902	Long-chain fatty acids	0.902	Organic compounds; Lipids and lipid-like molecules; Alcohols and polyols; Fatty acids and conjugates; Organic acids and derivatives; Carboxylic acids and derivatives; Organooxygen compounds; Unsaturated fatty acids; Hydroxy fatty acids; Monocarboxylic acids and derivatives; Carboxylic acids; Secondary alcohols; Carbonyl compounds; Long-chain fatty acids; Fatty Acyls; Organic oxides; Hydrocarbon derivatives; Organic oxygen compounds; Chemical entities	277.215	487	8.114	816705092111181277	816702827278777508	816702827274583203	2583	
1	C21H38O5	[M - H2O + H]+	C21H37O4+	Fatty acids	0.992	Fatty acyls	0.658	Fatty alcohols	0.830	Lipids and lipid-like molecules	0.989	Fatty Acyls	0.965	Fatty alcohols	0.681	Long-chain fatty alcohols	0.622	Long-chain fatty alcohols	0.622	Organic compounds; Lipids and lipid-like molecules; Alcohols and polyols; Glycerolipids; Organic acids and derivatives; Carboxylic acids and derivatives; Primary alcohols; Organooxygen compounds; Fatty acid esters; Carboxylic acid derivatives; Monoacylglycerols; Monocarboxylic acids and derivatives; Carboxylic acid esters; Fatty alcohols; 1-monoacylglycerols; Secondary alcohols; Carbonyl compounds; Polyols; 1,2-diols; Long-chain fatty alcohols; Monoradylglycerols; Fatty Acyls; Organic oxides; Hydrocarbon derivatives; Organic oxygen compounds; Chemical entities	353.267	489	8.154	816705089481351082	816702827543018695	816702827538824390	2598	
1	C18H30O2	[M + H]+	C18H31O2+	Terpenoids	0.637	Diterpenoids	0.598	Unsaturated fatty acids	0.165	Lipids and lipid-like molecules	0.893							Lipids and lipid-like molecules	0.893	Organic compounds; Lipids and lipid-like molecules; Alcohols and polyols; Organooxygen compounds; Carbonyl compounds; Organic oxides; Hydrocarbon derivatives; Organic oxygen compounds; Chemical entities	279.230	490	8.167	816705089112252002	816702827622710481	816702827622710480	2601	
1	C19H36O3	[M + H]+	C19H37O3+	Terpenoids	0.533	Diterpenoids	0.717	Labdane diterpenoids	0.788	Lipids and lipid-like molecules	0.909	Prenol lipids	0.636	Diterpenoids	0.567			Diterpenoids	0.567	Organic compounds; Lipids and lipid-like molecules; Alcohols and polyols; Prenol lipids; Fatty acids and conjugates; Organic acids and derivatives; Carboxylic acids and derivatives; Organooxygen compounds; Monocarboxylic acids and derivatives; Carboxylic acids; Diterpenoids; Carbonyl compounds; Fatty Acyls; Organic oxides; Hydrocarbon derivatives; Organic oxygen compounds; Chemical entities	313.272	491	8.176	816705085823915952	816702827702402267	816702827702402266	2609	
1	C19H36O4	[M + Na]+	C19H36NaO4+	Fatty acids	0.859	Fatty acyls	0.522	Fatty alcohols	0.742	Lipids and lipid-like molecules	0.947	Fatty Acyls	0.900	Fatty alcohols	0.628	Long-chain fatty alcohols	0.674	Long-chain fatty alcohols	0.674	Organic compounds; Lipids and lipid-like molecules; Alcohols and polyols; Organic acids and derivatives; Carboxylic acids and derivatives; Organooxygen compounds; Carboxylic acid derivatives; Monocarboxylic acids and derivatives; Carboxylic acid esters; Fatty alcohols; Secondary alcohols; Fatty alcohol esters; Carbonyl compounds; Long-chain fatty alcohols; Fatty Acyls; Organic oxides; Hydrocarbon derivatives; Organic oxygen compounds; Chemical entities	351.251	491	8.186	816705092677412533	816702827828231402	816702827828231401	2611	
1	C19H37NO3	[M + H]+	C19H38NO3+	Terpenoids	0.442	Diterpenoids	0.263	Open-chain polyketides	0.156	Lipids and lipid-like molecules	0.725	Prenol lipids	0.553					Prenol lipids	0.553	Organic compounds; Lipids and lipid-like molecules; Alcohols and polyols; Prenol lipids; Organic acids and derivatives; Carboxylic acids and derivatives; Organonitrogen compounds; Organooxygen compounds; Carboxylic acid amides; Carboxylic acid derivatives; Secondary alcohols; Carbonyl compounds; Organic oxides; Hydrocarbon derivatives; Organopnictogen compounds; Organic oxygen compounds; Organic nitrogen compounds; Chemical entities	328.283	491	8.191	816705089800118411	816702827861785839	816702827861785838	2614	
1	C18H35NO3	[M + Na]+	C18H35NNaO3+	Fatty acids	0.993	Fatty amides	0.833	Primary amides	0.301	Lipids and lipid-like molecules	0.825	Fatty Acyls	0.859	Fatty amides	0.633	N-acyl amines	0.520	N-acyl amines	0.520	Organic compounds; Lipids and lipid-like molecules; Organic acids and derivatives; Carboxylic acids and derivatives; Organonitrogen compounds; Organooxygen compounds; Fatty amides; Carboxylic acid amides; Carboxylic acid derivatives; N-acyl amines; Carbonyl compounds; Fatty Acyls; Organic oxides; Hydrocarbon derivatives; Organopnictogen compounds; Organic oxygen compounds; Organic nitrogen compounds; Chemical entities	336.250	493	8.217	816705087367420631	816702828046335235	816702828046335234	2624	
1	C18H28O3	[M + H]+	C18H29O3+	Fatty acids	0.766	Octadecanoids	0.631	Phytane diterpenoids	0.323	Lipids and lipid-like molecules	0.901	Fatty Acyls	0.755	Fatty acids and conjugates	0.761	Long-chain fatty acids	0.670	Long-chain fatty acids	0.670	Organic compounds; Lipids and lipid-like molecules; Ketones; Fatty acids and conjugates; Organic acids and derivatives; Carboxylic acids and derivatives; Organooxygen compounds; Monocarboxylic acids and derivatives; Carboxylic acids; Carbonyl compounds; Long-chain fatty acids; Cyclic ketones; Fatty Acyls; Organic oxides; Hydrocarbon derivatives; Organic oxygen compounds; Chemical entities	293.210	494	8.231	816705091914048823	816702828293799201	816702828293799200	2633	
1	C19H33F	[M + H]+	C19H34F+	Terpenoids	0.980	Diterpenoids	0.603	Laurane sesquiterpenoids	0.017	Benzenoids	0.552	Benzene and substituted derivatives	0.537	Halobenzenes	0.476	Fluorobenzenes	0.698	Fluorobenzenes	0.698	Organic compounds; Lipids and lipid-like molecules; Prenol lipids; Organohalogen compounds; Aryl fluorides; Fluorobenzenes; Organofluorides; Benzene and substituted derivatives; Benzenoids; Alkyl halides; Hydrocarbon derivatives; Hydrofluorocarbons; Chemical entities	281.265	494	8.234	816705091318457385	816702828339936550	816702828339936549	2635	
1	C18H28O3	[M - H2O + H]+	C18H27O2+	Fatty acids	0.989	Octadecanoids	0.946	Other Octadecanoids	0.895	Lipids and lipid-like molecules	0.976	Fatty Acyls	0.955	Lineolic acids and derivatives	0.625			Lineolic acids and derivatives	0.625	Organic compounds; Lipids and lipid-like molecules; Ketones; Fatty acids and conjugates; Organic acids and derivatives; Carboxylic acids and derivatives; Organooxygen compounds; Unsaturated fatty acids; Lineolic acids and derivatives; Monocarboxylic acids and derivatives; Carboxylic acids; Carbonyl compounds; Long-chain fatty acids; Fatty Acyls; Organic oxides; Hydrocarbon derivatives; Organic oxygen compounds; Chemical entities	275.199	494	8.235	816705091955991913	816702828423822640	816702828423822639	2637	
1	C18H28	[M + H]+	C18H29+	Terpenoids	0.976	Diterpenoids	0.582	Serrulatane and Biflorane diterpenoids	0.219	Benzenoids	0.658							Benzenoids	0.658	Organic compounds; Lipids and lipid-like molecules; Prenol lipids; Benzenoids; Hydrocarbons; Olefins; Cyclic olefins; Polycyclic hydrocarbons; Unsaturated hydrocarbons; Aromatic hydrocarbons; Branched unsaturated hydrocarbons; Chemical entities	245.225	494	8.235	816705091414926430	816702828465765685	816702828465765684	2638	
1	C18H30O	[M + H3N + H]+	C18H34NO+	Terpenoids	0.907	Diterpenoids	0.688	Norlabdane diterpenoids	0.135	Lipids and lipid-like molecules	0.835	Prenol lipids	0.639					Prenol lipids	0.639	Organic compounds; Lipids and lipid-like molecules; Ketones; Prenol lipids; Organooxygen compounds; Carbonyl compounds; Organic oxides; Hydrocarbon derivatives; Organic oxygen compounds; Chemical entities	280.262	494	8.235	816705095797975386	816702828503514426	816702828503514425	2639	
1	C18H30O	[M + H]+	C18H31O+	Terpenoids	0.919	Diterpenoids	0.683	Norlabdane diterpenoids	0.356	Lipids and lipid-like molecules	0.878	Prenol lipids	0.552					Prenol lipids	0.552	Organic compounds; Lipids and lipid-like molecules; Prenol lipids; Organooxygen compounds; Carbonyl compounds; Organic oxides; Hydrocarbon derivatives; Organic oxygen compounds; Chemical entities	263.236	494	8.235	816705092551583365	816702828591594820	816702828591594819	2642	
1	C28H32O14	[M + K]+	C28H32KO14+	Shikimates and Phenylpropanoids	0.804	Flavonoids	0.660	Flavones	0.629	Organic oxygen compounds	1.000	Organooxygen compounds	1.000	Carbohydrates and carbohydrate conjugates	0.978	Glycosyl compounds	0.923	Phenolic glycosides	0.617	Organic compounds; Organoheterocyclic compounds; Carbohydrates and carbohydrate conjugates; Lipids and lipid-like molecules; Styrenes; Coumaric acids and derivatives; Benzopyrans; Alkyl aryl ethers; Alcohols and polyols; Phenols; Anisoles; Methoxyphenols; Ethers; Phenylpropanoids and polyketides; Organic acids and derivatives; Carboxylic acids and derivatives; Primary alcohols; Organooxygen compounds; Fatty acid esters; Cinnamic acids and derivatives; Carboxylic acid derivatives; Carboxylic acid esters; Hydroxycinnamic acids and derivatives; Disaccharides; Acetals; Secondary alcohols; Carbonyl compounds; Oxanes; Glycosyl compounds; O-glycosyl compounds; Benzene and substituted derivatives; Polyols; Phenol ethers; Benzenoids; Enoate esters; Alpha,beta-unsaturated carboxylic esters; Organic oxides; Dimethoxybenzenes; Methoxybenzenes; Oxacyclic compounds; Hydrocarbon derivatives; Phenolic glycosides; Organic oxygen compounds; Phenoxy compounds; Chemical entities	631.140	496	8.266	816705103960092833	816702828709035347	816702828709035346	2655	
1	C15H34N2O2	[M + Na]+	C15H34N2NaO2+	Fatty acids	0.861	Fatty amides	0.693	N-acyl amines	0.325	Lipids and lipid-like molecules	0.510							Lipids and lipid-like molecules	0.510	Organic compounds; Lipids and lipid-like molecules; Organic acids and derivatives; Organonitrogen compounds; Organooxygen compounds; Monoalkylamines; Amines; Primary amines; Organic oxides; Hydrocarbon derivatives; Organopnictogen compounds; Organic oxygen compounds; Organic nitrogen compounds; Chemical entities	297.249	498	8.297	816705096137714087	816702828805504349	816702828805504348	2671	
1	C18H33NO2	[M + H]+	C18H34NO2+	Fatty acids	0.998	Fatty amides	0.757	N-acyl ethanolamines (endocannabinoids)	0.450	Lipids and lipid-like molecules	0.910	Fatty Acyls	0.898	Fatty acids and conjugates	0.435	Straight chain fatty acids	0.527	Straight chain fatty acids	0.527	Organic compounds; Lipids and lipid-like molecules; Organic acids and derivatives; Carboxylic acids and derivatives; Organonitrogen compounds; Organooxygen compounds; Straight chain fatty acids; Unsaturated fatty acids; Carboxylic acid derivatives; Monocarboxylic acids and derivatives; Carbonyl compounds; Fatty Acyls; Organic oxides; Hydrocarbon derivatives; Organopnictogen compounds; Organic oxygen compounds; Organic nitrogen compounds; Chemical entities	296.257	498	8.303	816705097446337147	816702828897779047	816702828893584742	2675	
1	C16H27ClN2O3	[M + Na]+	C16H27ClN2NaO3+	Fatty acids	0.148	Small peptides	0.063	Imidazole alkaloids	0.021	Organic acids and derivatives	0.953	Carboxylic acids and derivatives	0.944	Amino acids, peptides, and analogues	0.528	Amino acids and derivatives	0.527	Amino acids and derivatives	0.527	Organic compounds; Organoheterocyclic compounds; Lipids and lipid-like molecules; Amino acids, peptides, and analogues; Organic acids and derivatives; Carboxylic acids and derivatives; Organohalogen compounds; Organonitrogen compounds; Organooxygen compounds; Amino acids and derivatives; Aryl chlorides; Carboxylic acid derivatives; Monocarboxylic acids and derivatives; Carboxylic acid esters; Organochlorides; Carbonyl compounds; Aryl halides; Fatty Acyls; Organic oxides; Azacyclic compounds; Heteroaromatic compounds; Hydrocarbon derivatives; Organopnictogen compounds; Organic oxygen compounds; Organic nitrogen compounds; Chemical entities	353.161	498	8.304	816705104035590351	816702829015219574	816702829011025269	2666	
1	C17H30N2O11	[M + H]+	C17H31N2O11+	Amino acids and Peptides	0.849	Amino acid glycosides	0.949	Cyanogenic glycosides	0.975	Organic oxygen compounds	1.000	Organooxygen compounds	0.998	Carbohydrates and carbohydrate conjugates	0.949	Monosaccharides	0.646	Hexoses	0.551	Organic compounds; Organoheterocyclic compounds; Carbohydrates and carbohydrate conjugates; Alcohols and polyols; Ethers; Organonitrogen compounds; Primary alcohols; Organooxygen compounds; Hexoses; Monosaccharides; Acetals; Secondary alcohols; Oxanes; Glycosyl compounds; O-glycosyl compounds; Benzene and substituted derivatives; Polyols; Benzenoids; Amines; Oxacyclic compounds; Hydrocarbon derivatives; Organopnictogen compounds; Organic oxygen compounds; Organic nitrogen compounds; Chemical entities	439.190	499	8.313	816705101812608573	816702829099105664	816702829099105663	2684	
1	C19H38O4	[M + Na]+	C19H38NaO4+	Fatty acids	1.000	Glycerolipids	0.994	Monoacylglycerols	0.998	Lipids and lipid-like molecules	0.999	Glycerolipids	0.991	Monoradylglycerols	0.996	Monoacylglycerols	0.989	1-monoacylglycerols	0.941	Organic compounds; Lipids and lipid-like molecules; Alcohols and polyols; Glycerolipids; Organic acids and derivatives; Carboxylic acids and derivatives; Primary alcohols; Organooxygen compounds; Fatty acid esters; Carboxylic acid derivatives; Monoacylglycerols; Monocarboxylic acids and derivatives; Carboxylic acid esters; 1-monoacylglycerols; Secondary alcohols; Carbonyl compounds; Polyols; 1,2-diols; Monoradylglycerols; Fatty Acyls; Organic oxides; Hydrocarbon derivatives; Organic oxygen compounds; Chemical entities	353.267	499	8.316	816705100537539592	816702829141048709	816702829141048708	2695	
1	C9H21N5O5	[M + H]+	C9H22N5O5+	Carbohydrates	0.894	Nucleosides	0.886	Purine nucleosides	0.553	Organic oxygen compounds	1.000	Organooxygen compounds	0.989	Carbohydrates and carbohydrate conjugates	0.564	Glycosyl compounds	0.450	Glycosylamines	0.565	Organic compounds; Organoheterocyclic compounds; Carbohydrates and carbohydrate conjugates; Alcohols and polyols; Organic acids and derivatives; Carboxylic acids and derivatives; Organonitrogen compounds; Nucleosides, nucleotides, and analogues; Organooxygen compounds; Azoles; Secondary alcohols; Carbonyl compounds; Glycosylamines; Organic oxides; Azacyclic compounds; Oxacyclic compounds; Heteroaromatic compounds; Hydrocarbon derivatives; Organopnictogen compounds; Organic oxygen compounds; Organic nitrogen compounds; Chemical entities	280.161	501	8.347	816705105440682529	816702829464010142	816702829464010141	2705	
1	C18H32O7	[M + Na]+	C18H32NaO7+	Polyketides	0.500	Macrolides	0.439	Macrolide lactones	0.464	Lipids and lipid-like molecules	0.756	Fatty Acyls	0.635	Fatty acid esters	0.565			Fatty acid esters	0.565	Organic compounds; Lipids and lipid-like molecules; Alcohols and polyols; Organic acids and derivatives; Carboxylic acids and derivatives; Organooxygen compounds; Fatty acid esters; Dicarboxylic acids and derivatives; Carboxylic acid derivatives; Carboxylic acid esters; Carbonyl compounds; Fatty Acyls; Organic oxides; Oxacyclic compounds; Hydrocarbon derivatives; Organic oxygen compounds; Chemical entities	383.203	501	8.348	816705105285493252	816702829552090536	816702829552090535	2700	
1	C9H8O4	[M + H]+	C9H9O4+	Shikimates and Phenylpropanoids	0.902	Phenolic acids (C6-C1)	0.944	Simple phenolic acids	0.975	Benzenoids	0.998	Benzene and substituted derivatives	0.924	Benzoic acids and derivatives	0.865	Benzoic acids	0.829	Benzoic acids	0.829	Organic compounds; Benzoic acids and derivatives; Organic acids and derivatives; Carboxylic acids and derivatives; Benzoyl derivatives; Organooxygen compounds; Monocarboxylic acids and derivatives; Carboxylic acids; Benzene and substituted derivatives; Benzenoids; Benzoic acids; Organic oxides; Hydrocarbon derivatives; Organic oxygen compounds; Chemical entities	181.049	501	8.349	816705104291442981	816702829665336754	816702829665336753	2701	
1	C16H22O4	[M + H]+	C16H23O4+	Terpenoids	0.934	Sesquiterpenoids	0.910	Bisabolane sesquiterpenoids	0.081	Organic acids and derivatives	0.919	Carboxylic acids and derivatives	0.899	Carboxylic acid derivatives	0.673	Carboxylic acid esters	0.631	Carboxylic acid esters	0.631	Organic compounds; Organic acids and derivatives; Carboxylic acids and derivatives; Organooxygen compounds; Carboxylic acid derivatives; Monocarboxylic acids and derivatives; Carboxylic acid esters; Carbonyl compounds; Organic oxides; Oxacyclic compounds; Hydrocarbon derivatives; Organic oxygen compounds; Chemical entities	279.158	501	8.349	816705110738089114	816702829799554492	816702829795360187	2703	
1	C16H30N3O2	[M + K]+	C16H30KN3O2+	Alkaloids	0.617	Lysine alkaloids	0.364	Quinolizidine alkaloids	0.390	Organic acids and derivatives	0.863	Carboxylic acids and derivatives	0.775	Amino acids, peptides, and analogues	0.687	Amino acids and derivatives	0.686	Amino acids and derivatives	0.686	Organic compounds; Organoheterocyclic compounds; Amino acids, peptides, and analogues; Organic acids and derivatives; Carboxylic acids and derivatives; Organonitrogen compounds; Organooxygen compounds; Amino acids and derivatives; Carboxylic acid amides; Carboxylic acid derivatives; Carbonyl compounds; Amines; Organic oxides; Azacyclic compounds; Hydrocarbon derivatives; Organopnictogen compounds; Organic oxygen compounds; Organic nitrogen compounds; Chemical entities	335.196	501	8.351	816705108917761062	816702829937966539	816702829937966538	2665	
1	C23H37N3O4	[M + H]+	C23H38N3O4+	Alkaloids	0.551	Nicotinic acid alkaloids	0.420	Pyridine alkaloids	0.418	Organic acids and derivatives	0.996	Carboxylic acids and derivatives	0.989	Amino acids, peptides, and analogues	0.651	Amino acids and derivatives	0.643	Amino acids and derivatives	0.643	Organic compounds; Organoheterocyclic compounds; Amino acids, peptides, and analogues; Pyridines and derivatives; Organic acids and derivatives; Carboxylic acids and derivatives; Organonitrogen compounds; Organooxygen compounds; Amino acids and derivatives; Carboxylic acid amides; Carboxylic acid derivatives; Pyridinecarboxylic acids and derivatives; Secondary carboxylic acid amides; Carbonyl compounds; Organic oxides; Azacyclic compounds; Heteroaromatic compounds; Hydrocarbon derivatives; Organopnictogen compounds; Organic oxygen compounds; Organic nitrogen compounds; Chemical entities	420.283	501	8.352	816705111023301841	816702830038629845	816702830034435540	2721	
1	C26H37N3O4S	[M + H]+	C26H38N3O4S+	Amino acids and Peptides	0.998	Linear polyketides	0.790	Melithiazole and Myxothiazole derivatives	0.518	Organic acids and derivatives	0.995	Carboxylic acids and derivatives	0.987	Amino acids, peptides, and analogues	0.937	Amino acids and derivatives	0.932	Amino acids and derivatives	0.932	Organic compounds; Organoheterocyclic compounds; Lipids and lipid-like molecules; Amino acids, peptides, and analogues; Thiazoles; Phenethylamines; Amphetamines and derivatives; Organic acids and derivatives; Carboxylic acids and derivatives; Organonitrogen compounds; Organooxygen compounds; Amino acids and derivatives; Azoles; Carboxylic acid amides; Carboxylic acid derivatives; Monocarboxylic acids and derivatives; Carboxylic acid esters; Secondary carboxylic acid amides; Carbonyl compounds; Benzene and substituted derivatives; Benzenoids; Amines; 2,4-disubstituted thiazoles; Aralkylamines; Fatty Acyls; Organic oxides; Azacyclic compounds; Heteroaromatic compounds; Hydrocarbon derivatives; Organopnictogen compounds; Organic oxygen compounds; Organic nitrogen compounds; Chemical entities	488.256	502	8.361	816705125757892665	816702830076378586	816702830076378585	2716	
1	C26H37N3O4S	[M + Na]+	C26H37N3NaO4S+	Amino acids and Peptides	0.416	Linear polyketides	0.441	Open-chain polyketides	0.371	Organic acids and derivatives	0.958	Carboxylic acids and derivatives	0.826	Amino acids, peptides, and analogues	0.529	Amino acids and derivatives	0.528	Amino acids and derivatives	0.528	Organic compounds; Organoheterocyclic compounds; Organosulfur compounds; Amino acids, peptides, and analogues; Alcohols and polyols; Benzoic acids and derivatives; Organic acids and derivatives; Carboxylic acids and derivatives; Organosulfonic acids and derivatives; Organonitrogen compounds; Benzoyl derivatives; Organooxygen compounds; Amino acids and derivatives; Carboxylic acid amides; Carboxylic acid derivatives; Sulfonyls; Organosulfonamides; Secondary alcohols; Secondary carboxylic acid amides; Carbonyl compounds; Trialkylamines; Benzene and substituted derivatives; Benzenoids; Amines; Tertiary amines; Aralkylamines; Organic oxides; Azacyclic compounds; Hydrocarbon derivatives; Organic sulfonic acids and derivatives; Organopnictogen compounds; Organic oxygen compounds; Organic nitrogen compounds; Chemical entities	510.238	502	8.363	816705167579299171	816702830256733678	816702830252539373	2720	
1	C18H30O2	[M + H]+	C18H31O2+	Fatty acids	0.891	Fatty Acids and Conjugates	0.314	Unsaturated fatty acids	0.313	Lipids and lipid-like molecules	0.967	Fatty Acyls	0.906					Fatty Acyls	0.906	Organic compounds; Lipids and lipid-like molecules; Organic acids and derivatives; Carboxylic acids and derivatives; Organooxygen compounds; Monocarboxylic acids and derivatives; Carboxylic acid esters; Carbonyl compounds; Fatty Acyls; Organic oxides; Hydrocarbon derivatives; Organic oxygen compounds; Chemical entities	279.231	503	8.379	816705169844223706	816702830307065331	816702830307065330	2731	
1	C19H40NO7P	[M + H]+	C19H41NO7P+	Fatty acids	1.000	Glycerophospholipids	1.000	Glycerophosphoethanolamines	1.000	Organic acids and derivatives	1.000	Carboxylic acids and derivatives	0.999	Amino acids, peptides, and analogues	0.990	Amino acids and derivatives	0.990	Amino acids and derivatives	0.990	Organic compounds; Lipids and lipid-like molecules; Amino acids, peptides, and analogues; Alcohols and polyols; Glycerophospholipids; Organic acids and derivatives; Carboxylic acids and derivatives; Organonitrogen compounds; Organooxygen compounds; Fatty acid esters; Amino acids and derivatives; Organic phosphoric acids and derivatives; Phosphate esters; Monoalkylamines; Carboxylic acid derivatives; Monocarboxylic acids and derivatives; Carboxylic acid esters; Phosphoethanolamines; Lysophosphatidylethanolamines; Secondary alcohols; 1-acyl-sn-glycero-3-phosphoethanolamines; Carbonyl compounds; Glycerophosphoethanolamines; Amines; Primary amines; Alkyl phosphates; Dialkyl phosphates; Fatty Acyls; Organic oxides; Hydrocarbon derivatives; Organopnictogen compounds; Organic oxygen compounds; Organic nitrogen compounds; Chemical entities	426.260	503	8.379	816705170053938934	816702830361591288	816702830361591287	2732	
1	C37H58O8	[M + H]+	C37H59O8+	Polyketides	0.940	Linear polyketides	0.838	Open-chain polyketides	0.817	Lipids and lipid-like molecules	0.951	Prenol lipids	0.474	Diterpenoids	0.587			Diterpenoids	0.587	Organic compounds; Lipids and lipid-like molecules; Alcohols and polyols; Organic acids and derivatives; Carboxylic acids and derivatives; Organooxygen compounds; Branched fatty acids; Hydroxy fatty acids; Carboxylic acid derivatives; Carboxylic acids; Carboxylic acid esters; Fatty alcohols; Diterpenoids; Secondary alcohols; Carbonyl compounds; Fatty Acyls; Organic oxides; Hydrocarbon derivatives; Organic oxygen compounds; Chemical entities	631.423	503	8.382	816705182926260834	816702830500003335	816702830500003334	2742	
1	C16H25ClN2O2	[M + Na]+	C16H25ClN2NaO2+	Amino acids and Peptides	0.317	Small peptides	0.091	Dipeptides	0.043	Organohalogen compounds	0.998	Aryl halides	0.740	Aryl chlorides	0.812			Aryl chlorides	0.812	Organic compounds; Organoheterocyclic compounds; Organic acids and derivatives; Carboxylic acids and derivatives; Organohalogen compounds; Organonitrogen compounds; Organooxygen compounds; Aryl chlorides; Carboxylic acid derivatives; Organochlorides; Carbonyl compounds; Aryl halides; Organic oxides; Azacyclic compounds; Heteroaromatic compounds; Hydrocarbon derivatives; Organopnictogen compounds; Organic oxygen compounds; Organic nitrogen compounds; Chemical entities	335.150	503	8.385	816705179856029384	816702830550334988	816702830550334987	2744	
1	C16H30N3O2	[M + K]+	C16H30KN3O2+	Alkaloids	0.776	Lysine alkaloids	0.255	Quinolizidine alkaloids	0.542	Organic acids and derivatives	0.925	Carboxylic acids and derivatives	0.899	Amino acids, peptides, and analogues	0.741	Amino acids and derivatives	0.739	Amino acids and derivatives	0.739	Organic compounds; Organoheterocyclic compounds; Amino acids, peptides, and analogues; Organic acids and derivatives; Carboxylic acids and derivatives; Organonitrogen compounds; Organooxygen compounds; Amino acids and derivatives; Carboxylic acid amides; Carboxylic acid derivatives; Carbonyl compounds; Trialkylamines; Amines; Tertiary amines; Organic oxides; Azacyclic compounds; Hydrocarbon derivatives; Organopnictogen compounds; Organic oxygen compounds; Organic nitrogen compounds; Chemical entities	335.200	503	8.388	816705183458937576	816702830642609686	816702830642609685	2749	
1	C21H33NO3	[M + H]+	C21H34NO3+	Alkaloids	0.613	Pseudoalkaloids (transamidation)	0.778	Terpenoid alkaloids	0.573	Organic acids and derivatives	0.992	Carboxylic acids and derivatives	0.987	Amino acids, peptides, and analogues	0.829	Amino acids and derivatives	0.828	Amino acids and derivatives	0.828	Organic compounds; Lipids and lipid-like molecules; Amino acids, peptides, and analogues; Alcohols and polyols; Organic acids and derivatives; Carboxylic acids and derivatives; Organonitrogen compounds; Organooxygen compounds; Amino acids and derivatives; Carboxylic acid derivatives; Monocarboxylic acids and derivatives; Carboxylic acid esters; Carbonyl compounds; Amines; Methyl esters; Organic oxides; Hydrocarbon derivatives; Organopnictogen compounds; Organic oxygen compounds; Organic nitrogen compounds; Chemical entities	348.252	504	8.395	816705179319158123	816702830697135643	816702830697135642	2755	
1	C21H33NO3	[M + Na]+	C21H33NNaO3+	Alkaloids	0.913	Pseudoalkaloids (transamidation)	0.551	Open-chain polyketides	0.146	Alkaloids and derivatives	0.578							Alkaloids and derivatives	0.578	Organic compounds; Organoheterocyclic compounds; Alcohols and polyols; Pyrrolidines; Organic acids and derivatives; Carboxylic acids and derivatives; Organonitrogen compounds; Alkaloids and derivatives; Organooxygen compounds; Carboxylic acid derivatives; Monocarboxylic acids and derivatives; Carboxylic acid esters; Secondary alcohols; Carbonyl compounds; Organic oxides; Azacyclic compounds; Hydrocarbon derivatives; Organopnictogen compounds; Organic oxygen compounds; Organic nitrogen compounds; Chemical entities	370.234	504	8.395	816705188794094738	816702830743272992	816702830743272991	2756	
1	C21H39NO4	[M + H]+	C21H40NO4+	Fatty acids	0.996	Spingolipids	0.990	Sphingoid bases	0.972	Organic acids and derivatives	0.994	Carboxylic acids and derivatives	0.989	Amino acids, peptides, and analogues	0.876	Amino acids and derivatives	0.874	Alpha amino acids	0.646	Organic compounds; Lipids and lipid-like molecules; Amino acids, peptides, and analogues; Alpha amino acids and derivatives; Alcohols and polyols; Fatty acids and conjugates; Organic acids and derivatives; Carboxylic acids and derivatives; Organonitrogen compounds; Organooxygen compounds; Unsaturated fatty acids; Hydroxy fatty acids; Amino acids and derivatives; Hydroxy acids and derivatives; Monocarboxylic acids and derivatives; Carboxylic acids; Secondary alcohols; Beta hydroxy acids and derivatives; Carbonyl compounds; Alpha amino acids; Amines; Long-chain fatty acids; Fatty Acyls; Organic oxides; Hydrocarbon derivatives; Amino acids; Organopnictogen compounds; Organic oxygen compounds; Organic nitrogen compounds; Chemical entities	370.294	504	8.403	816705179432404382	816702830843936298	816702830843936297	2760	
1	C18H30O3	[M + H]+	C18H31O3+	Fatty acids	0.643	Diterpenoids	0.276	Other Octadecanoids	0.143	Lipids and lipid-like molecules	0.843	Fatty Acyls	0.619					Fatty Acyls	0.619	Organic compounds; Lipids and lipid-like molecules; Alcohols and polyols; Organooxygen compounds; Monocarboxylic acids and derivatives; Secondary alcohols; Carbonyl compounds; Fatty Acyls; Organic oxides; Hydrocarbon derivatives; Organic oxygen compounds; Chemical entities	295.225	505	8.414	816705181735078115	816702830906850863	816702830906850862	2708	
1	C18H37Si	[M + H]+	C18H38Si+	Terpenoids	0.993	Diterpenoids	0.873	Prenyleudesmane diterpenoids	0.061	Lipids and lipid-like molecules	0.913	Prenol lipids	0.829	Diterpenoids	0.503			Diterpenoids	0.503	Organic compounds; Lipids and lipid-like molecules; Prenol lipids; Organohalogen compounds; Diterpenoids; Alkyl halides; Hydrocarbon derivatives; Chemical entities	282.273	507	8.456	816705181693135039	816702831020097081	816702831015902776	2768	
1	C16H32FNO	[M + Na]+	C16H32FNNaO+	Fatty acids	0.567	Fatty amides	0.430	N-acyl amines	0.140	Lipids and lipid-like molecules	0.743	Fatty Acyls	0.620	Fatty amides	0.730	N-acyl amines	0.584	N-acyl amines	0.584	Organic compounds; Lipids and lipid-like molecules; Organic acids and derivatives; Carboxylic acids and derivatives; Organohalogen compounds; Organonitrogen compounds; Organooxygen compounds; Fatty amides; Carboxylic acid amides; Alkyl fluorides; Carboxylic acid derivatives; N-acyl amines; Organofluorides; Secondary carboxylic acid amides; Carbonyl compounds; Alkyl halides; Fatty Acyls; Organic oxides; Hydrocarbon derivatives; Organopnictogen compounds; Organic oxygen compounds; Organic nitrogen compounds; Chemical entities	296.236	507	8.457	816705189708454061	816702831070428734	816702831070428733	2794	
1	C21H36O4	[M + H]+	C21H37O4+	Terpenoids	0.442	Diterpenoids	0.672	Fatty alcohols	0.220	Lipids and lipid-like molecules	0.901	Prenol lipids	0.594	Diterpenoids	0.500			Diterpenoids	0.500	Organic compounds; Lipids and lipid-like molecules; Alcohols and polyols; Prenol lipids; Organic acids and derivatives; Carboxylic acids and derivatives; Primary alcohols; Organooxygen compounds; Carboxylic acid derivatives; Monocarboxylic acids and derivatives; Carboxylic acid esters; Diterpenoids; Secondary alcohols; Carbonyl compounds; Fatty Acyls; Organic oxides; Hydrocarbon derivatives; Organic oxygen compounds; Chemical entities	353.267	508	8.464	816705188781511809	816702831154314824	816702831154314823	2777	
1	C33H56O14	[M + Na]+	C33H56NaO14+	Fatty acids	0.964	Glycerolipids	0.686	Sophorolipids	0.238	Organic oxygen compounds	1.000	Organooxygen compounds	1.000	Carbohydrates and carbohydrate conjugates	0.996	Disaccharides	0.884	Disaccharides	0.884	Organic compounds; Organoheterocyclic compounds; Carbohydrates and carbohydrate conjugates; Lipids and lipid-like molecules; Alcohols and polyols; Ethers; Organic acids and derivatives; Carboxylic acids and derivatives; Primary alcohols; Organooxygen compounds; Fatty acid esters; Carboxylic acid derivatives; Monocarboxylic acids and derivatives; Carboxylic acid esters; Disaccharides; Acetals; Secondary alcohols; Carbonyl compounds; Oxanes; Glycosyl compounds; O-glycosyl compounds; Polyols; Fatty Acyls; Organic oxides; Oxacyclic compounds; Hydrocarbon derivatives; Organic oxygen compounds; Chemical entities	699.354	508	8.465	816705204732456179	816702831200452173	816702831196257868	2780	
1	C33H56O14	[M + H3N + H]+	C33H60NO14+	Fatty acids	0.984	Glycerolipids	0.875	Glycosyldiacylglycerols	0.209	Lipids and lipid-like molecules	0.955	Glycerolipids	0.658	Glycosylglycerols	0.848			Glycosylglycerols	0.848	Organic compounds; Organoheterocyclic compounds; Carbohydrates and carbohydrate conjugates; Lipids and lipid-like molecules; Alcohols and polyols; Glycerolipids; Ethers; Organic acids and derivatives; Carboxylic acids and derivatives; Primary alcohols; Organooxygen compounds; Fatty acid esters; Glycosylglycerols; Carboxylic acid derivatives; Monocarboxylic acids and derivatives; Carboxylic acid esters; Disaccharides; Acetals; Secondary alcohols; Fatty acyl glycosides; Carbonyl compounds; Oxanes; Glycosyl compounds; O-glycosyl compounds; Polyols; Fatty Acyls; Organic oxides; Oxacyclic compounds; Hydrocarbon derivatives; Organic oxygen compounds; Chemical entities	694.399	508	8.466	816705207857213529	816702831250783826	816702831250783825	2783	
1	C14H35N5O5	[M + H]+	C14H36N5O5+	Carbohydrates	0.560	Glycerolipids	0.145	Polyamines	0.148	Organic oxygen compounds	0.995	Organooxygen compounds	0.965	Alcohols and polyols	0.493	Primary alcohols	0.547	Primary alcohols	0.547	Organic compounds; Organonitrogen compounds; Primary alcohols; Organooxygen compounds; Amines; Hydrocarbon derivatives; Organopnictogen compounds; Organic oxygen compounds; Organic nitrogen compounds; Chemical entities	354.271	508	8.468	816705201406372066	816702831292726871	816702831292726870	2782	
1	C15H31NO2	[M + H]+	C15H32NO2+	Amino acids and Peptides	0.572	Linear polyketides	0.288	Dipeptides	0.106	Organic acids and derivatives	0.966	Carboxylic acids and derivatives	0.918	Amino acids, peptides, and analogues	0.529	Amino acids and derivatives	0.523	Amino acids and derivatives	0.523	Organic compounds; Organoheterocyclic compounds; Amino acids, peptides, and analogues; Organic acids and derivatives; Carboxylic acids and derivatives; Organonitrogen compounds; Organooxygen compounds; Amino acids and derivatives; Carboxylic acid amides; Carboxylic acid derivatives; Carbonyl compounds; Organic oxides; Azacyclic compounds; Hydrocarbon derivatives; Organopnictogen compounds; Organic oxygen compounds; Organic nitrogen compounds; Chemical entities	258.242	509	8.484	816705202664663687	816702831435333222	816702831431138917	2790	
1	C19H32O3	[M + H]+	C19H33O3+	Terpenoids	0.592	Diterpenoids	0.357	Prenyl quinone meroterpenoids	0.119	Lipids and lipid-like molecules	0.919	Prenol lipids	0.540					Prenol lipids	0.540	Organic compounds; Lipids and lipid-like molecules; Alcohols and polyols; Prenol lipids; Organic acids and derivatives; Carboxylic acids and derivatives; Organooxygen compounds; Carboxylic acid derivatives; Monocarboxylic acids and derivatives; Carboxylic acid esters; Secondary alcohols; Carbonyl compounds; Methyl esters; Fatty Acyls; Organic oxides; Hydrocarbon derivatives; Organic oxygen compounds; Chemical entities	309.241	509	8.489	816705205269327280	816702831489859179	816702831489859178	2793	
1	C13H28BClN4O2	[M + H]+	C13H29BClN4O2+	Amino acids and Peptides	0.227	Monoterpenoids	0.318	Pinane monoterpenoids	0.252	Organoheterocyclic compounds	0.940	Azoles	0.508	Imidazoles	0.469	Substituted imidazoles	0.542	N-substituted imidazoles	0.531	Organic compounds; Organoheterocyclic compounds; Pyrimidines and pyrimidine derivatives; Organic acids and derivatives; Organohalogen compounds; Organonitrogen compounds; Organooxygen compounds; Azoles; Organometallic compounds; Diazines; Organometalloid compounds; Organochlorides; Substituted imidazoles; N-substituted imidazoles; Organoboron compounds; Organic salts; Organic metalloid salts; Organic metal salts; Azacyclic compounds; Heteroaromatic compounds; Hydrocarbon derivatives; Alkylboranes; Organic oxygen compounds; Organic nitrogen compounds; Chemical entities	318.211	509	8.491	816705205386767837	816702831548579440	816702831548579439	2796	
1	C18H30O3	[M + H]+	C18H31O3+	Fatty acids	0.940	Octadecanoids	0.881	Other Octadecanoids	0.851	Lipids and lipid-like molecules	0.969	Fatty Acyls	0.932	Lineolic acids and derivatives	0.641			Lineolic acids and derivatives	0.641	Organic compounds; Lipids and lipid-like molecules; Ketones; Fatty acids and conjugates; Organic acids and derivatives; Carboxylic acids and derivatives; Acryloyl compounds; Organooxygen compounds; Unsaturated fatty acids; Lineolic acids and derivatives; Monocarboxylic acids and derivatives; Carboxylic acids; Enones; Carbonyl compounds; Long-chain fatty acids; Alpha,beta-unsaturated carbonyl compounds; Alpha,beta-unsaturated ketones; Fatty Acyls; Organic oxides; Hydrocarbon derivatives; Organic oxygen compounds; Chemical entities	295.226	510	8.492	816705211430761380	816702831590522485	816702831590522484	2797	
1	C18H30O3	[M - H2O + H]+	C18H29O2+	Fatty acids	0.996	Octadecanoids	0.589	Other Octadecanoids	0.613	Lipids and lipid-like molecules	0.959	Fatty Acyls	0.926	Lineolic acids and derivatives	0.585			Lineolic acids and derivatives	0.585	Organic compounds; Lipids and lipid-like molecules; Alcohols and polyols; Fatty acids and conjugates; Organic acids and derivatives; Carboxylic acids and derivatives; Organooxygen compounds; Unsaturated fatty acids; Lineolic acids and derivatives; Monocarboxylic acids and derivatives; Carboxylic acids; Secondary alcohols; Carbonyl compounds; Long-chain fatty acids; Fatty Acyls; Organic oxides; Hydrocarbon derivatives; Organic oxygen compounds; Chemical entities	277.215	510	8.492	816705211627893764	816702831728934532	816702831724740227	2800	
1	C16H28N3O2	[M + Na]+	C16H28N3NaO2+	Alkaloids	0.688	Small peptides	0.196	Quinolizidine alkaloids	0.033	Organic acids and derivatives	0.957	Carboxylic acids and derivatives	0.948	Amino acids, peptides, and analogues	0.875	Amino acids and derivatives	0.875	Amino acids and derivatives	0.875	Organic compounds; Organoheterocyclic compounds; Amino acids, peptides, and analogues; Piperazines; Organic acids and derivatives; Carboxylic acids and derivatives; Organonitrogen compounds; Organooxygen compounds; Amino acids and derivatives; Carboxylic acid amides; Carboxylic acid derivatives; Tertiary carboxylic acid amides; Carbonyl compounds; Trialkylamines; Diazinanes; Amines; Tertiary amines; N-alkylpiperazines; Organic oxides; Azacyclic compounds; Oxacyclic compounds; Hydrocarbon derivatives; Organopnictogen compounds; Organic oxygen compounds; Organic nitrogen compounds; Chemical entities	317.207	510	8.493	816705201553172787	816702831766683273	816702831766683272	2801	
1	C19H40O4	[M + Na]+	C19H40NaO4+	Fatty acids	1.000	Glycerolipids	0.987	Fatty alcohols	0.985	Lipids and lipid-like molecules	0.975	Fatty Acyls	0.841	Fatty alcohols	0.674	Long-chain fatty alcohols	0.630	Long-chain fatty alcohols	0.630	Organic compounds; Lipids and lipid-like molecules; Alcohols and polyols; Glycerolipids; Primary alcohols; Organooxygen compounds; Carboxylic acid esters; Fatty alcohols; Secondary alcohols; Polyols; 1,2-diols; Long-chain fatty alcohols; Monoradylglycerols; Fatty Acyls; Hydrocarbon derivatives; Organic oxygen compounds; Chemical entities	355.282	510	8.494	816705208293421227	816702831825403534	816702831825403533	2774	
1	C37H72NO8P	[M + H]+	C37H73NO8P+	Fatty acids	1.000	Glycerophospholipids	1.000	Glycerophosphoethanolamines	0.998	Lipids and lipid-like molecules	0.989	Glycerophospholipids	0.999	Glycerophosphoethanolamines	0.996	Phosphatidylethanolamines	0.969	Phosphatidylethanolamines	0.969	Organic compounds; Lipids and lipid-like molecules; Amino acids, peptides, and analogues; Glycerophospholipids; Organic acids and derivatives; Carboxylic acids and derivatives; Organonitrogen compounds; Organooxygen compounds; Fatty acid esters; Dicarboxylic acids and derivatives; Amino acids and derivatives; Organic phosphoric acids and derivatives; Phosphate esters; Monoalkylamines; Carboxylic acid derivatives; Carboxylic acid esters; Phosphoethanolamines; Phosphatidylethanolamines; Carbonyl compounds; Glycerophosphoethanolamines; Amines; Primary amines; Alkyl phosphates; Dialkyl phosphates; Fatty Acyls; Organic oxides; Hydrocarbon derivatives; Organopnictogen compounds; Organic oxygen compounds; Organic nitrogen compounds; Chemical entities	690.505	510	8.500	816705202161347044	816702831871540883	816702831871540882	2802	
1	C26H55NO	[M + H]+	C26H56NO+	Fatty acids	0.975	Fatty amides	0.317	Sphingoid bases	0.284	Organic nitrogen compounds	0.996	Organonitrogen compounds	0.993	Aminoxides	0.813	Long-chain alkyl amine oxides	0.937	Long-chain alkyl amine oxides	0.937	Organic compounds; Organonitrogen compounds; Amine oxides and derivatives; Amines; Trisubstituted amine oxides and derivatives; Organic oxides; Aminoxides; Hydrocarbon derivatives; Long-chain alkyl amine oxides; Trialkyl amine oxides; Organopnictogen compounds; Organic oxygen compounds; Organic nitrogen compounds; Chemical entities	398.433	511	8.512	816705203167980397	816702831913483928	816702831909289623	2809	
1	C18H34O3	[M + H]+	C18H35O3+	Terpenoids	0.925	Diterpenoids	0.625	Labdane diterpenoids	0.288	Lipids and lipid-like molecules	0.965	Prenol lipids	0.809					Prenol lipids	0.809	Organic compounds; Lipids and lipid-like molecules; Alcohols and polyols; Prenol lipids; Organooxygen compounds; Secondary alcohols; Tertiary alcohols; Polyols; Fatty Acyls; Hydrocarbon derivatives; Organic oxygen compounds; Chemical entities	299.260	511	8.521	816705208360530119	816702831980592797	816702831980592796	2815	
1	C13H31N2O3	[M + H]+	C13H32N2O3+	Amino acids and Peptides	0.542	Small peptides	0.665	Dipeptides	0.364	Organic acids and derivatives	0.999	Carboxylic acids and derivatives	0.995	Amino acids, peptides, and analogues	0.878	Amino acids and derivatives	0.874	N-acyl-alpha amino acids	0.548	Organic compounds; Lipids and lipid-like molecules; Amino acids, peptides, and analogues; Alpha amino acids and derivatives; Organic acids and derivatives; Carboxylic acids and derivatives; Organonitrogen compounds; Organooxygen compounds; Fatty amides; Amino acids and derivatives; Carboxylic acid amides; Carboxylic acid derivatives; N-acyl amines; Monocarboxylic acids and derivatives; N-acyl-alpha amino acids and derivatives; Carboxylic acids; Secondary carboxylic acid amides; Carbonyl compounds; N-acyl-alpha amino acids; Fatty Acyls; Organic oxides; Hydrocarbon derivatives; Organopnictogen compounds; Organic oxygen compounds; Organic nitrogen compounds; Chemical entities	264.239	512	8.528	816705203885206612	816702832018341538	816702832018341537	2827	
1	C19H40NO7P	[M + H]+	C19H41NO7P+	Fatty acids	1.000	Glycerophospholipids	1.000	Glycerophosphoethanolamines	1.000	Organic acids and derivatives	1.000	Carboxylic acids and derivatives	0.998	Amino acids, peptides, and analogues	0.991	Amino acids and derivatives	0.991	Amino acids and derivatives	0.991	Organic compounds; Lipids and lipid-like molecules; Amino acids, peptides, and analogues; Alcohols and polyols; Glycerophospholipids; Organic acids and derivatives; Carboxylic acids and derivatives; Organonitrogen compounds; Organooxygen compounds; Fatty acid esters; Amino acids and derivatives; Organic phosphoric acids and derivatives; Phosphate esters; Monoalkylamines; Carboxylic acid derivatives; Monocarboxylic acids and derivatives; Carboxylic acid esters; Phosphoethanolamines; Lysophosphatidylethanolamines; Secondary alcohols; 1-acyl-sn-glycero-3-phosphoethanolamines; Carbonyl compounds; Glycerophosphoethanolamines; Amines; Primary amines; Alkyl phosphates; Dialkyl phosphates; Fatty Acyls; Organic oxides; Hydrocarbon derivatives; Organopnictogen compounds; Organic oxygen compounds; Organic nitrogen compounds; Chemical entities	426.260	512	8.533	816705208918372698	816702832051895975	816702832051895974	2822	
1	C36H60O10	[M + H]+	C36H61O10+	Polyketides	0.971	Macrolides	0.253	Open-chain polyketides	0.172	Benzenoids	0.724	Phenols	0.584					Phenols	0.584	Organic compounds; Organoheterocyclic compounds; Lipids and lipid-like molecules; Alcohols and polyols; Phenols; Ethers; Organic acids and derivatives; Carboxylic acids and derivatives; Organooxygen compounds; Carboxylic acid derivatives; Carboxylic acid esters; Carbonyl compounds; Benzene and substituted derivatives; Benzenoids; Vinylogous acids; Fatty Acyls; Organic oxides; Oxacyclic compounds; Hydrocarbon derivatives; Organic oxygen compounds; Chemical entities	653.427	512	8.535	816705211497870275	816702832106421932	816702832106421931	2824	
1	C37H62O8	[M + H]+	C37H63O8+	Fatty acids	0.990	Glycerolipids	0.948	Diacylglycerols	0.344	Lipids and lipid-like molecules	0.984	Fatty Acyls	0.983	Fatty alcohols	0.852			Fatty alcohols	0.852	Organic compounds; Lipids and lipid-like molecules; Alcohols and polyols; Glycerolipids; Organic acids and derivatives; Carboxylic acids and derivatives; Organooxygen compounds; Fatty acid esters; Dicarboxylic acids and derivatives; Carboxylic acid derivatives; Carboxylic acid esters; Fatty alcohols; Secondary alcohols; Carbonyl compounds; Fatty Acyls; Organic oxides; Hydrocarbon derivatives; Organic oxygen compounds; Chemical entities	635.454	512	8.535	816705211560784868	816702832148364977	816702832148364976	2826	
1	C18H32O2	[M + H]+	C18H33O2+	Fatty acids	0.956	Fatty Acids and Conjugates	0.601	Unsaturated fatty acids	0.649	Lipids and lipid-like molecules	0.974	Fatty Acyls	0.879	Fatty acids and conjugates	0.741	Long-chain fatty acids	0.811	Long-chain fatty acids	0.811	Organic compounds; Lipids and lipid-like molecules; Alcohols and polyols; Fatty acids and conjugates; Organic acids and derivatives; Carboxylic acids and derivatives; Organooxygen compounds; Straight chain fatty acids; Unsaturated fatty acids; Monocarboxylic acids and derivatives; Carboxylic acids; Carbonyl compounds; Long-chain fatty acids; Fatty Acyls; Organic oxides; Hydrocarbon derivatives; Organic oxygen compounds; Chemical entities	281.247	512	8.536	816705200663980016	816702832190308022	816702832190308021	2829	
1	C17H30O6	[M + H]+	C17H31O6+	Fatty acids	0.858	Fatty acyls	0.159	Fatty alcohols	0.230	Lipids and lipid-like molecules	0.918	Fatty Acyls	0.902	Fatty acid esters	0.795			Fatty acid esters	0.795	Organic compounds; Lipids and lipid-like molecules; Alcohols and polyols; Organic acids and derivatives; Carboxylic acids and derivatives; Organooxygen compounds; Fatty acid esters; Carboxylic acid derivatives; Monocarboxylic acids and derivatives; Carboxylic acid esters; Secondary alcohols; Carbonyl compounds; Methyl esters; Fatty Acyls; Organic oxides; Hydrocarbon derivatives; Organic oxygen compounds; Chemical entities	331.211	512	8.538	816705210407351046	816702832236445371	816702832232251066	2833	
1	C16H26O5	[M + H]+	C16H27O5+	Terpenoids	0.779	Sesquiterpenoids	0.759	Bisabolane sesquiterpenoids	0.097	Lipids and lipid-like molecules	0.631							Lipids and lipid-like molecules	0.631	Organic compounds; Organoheterocyclic compounds; Lipids and lipid-like molecules; Alcohols and polyols; Organic acids and derivatives; Carboxylic acids and derivatives; Organooxygen compounds; Carboxylic acid derivatives; Tertiary alcohols; Carbonyl compounds; Organic oxides; Oxacyclic compounds; Hydrocarbon derivatives; Organic oxygen compounds; Chemical entities	299.184	512	8.538	816705210088583812	816702832362274506	816702832358080201	2836	
1	C20H41NO5	[M + H]+	C20H42NO5+	Fatty acids	0.977	Spingolipids	0.788	Sphingoid bases	0.840	Lipids and lipid-like molecules	0.852	Fatty Acyls	0.824	Fatty amides	0.565	N-acyl amines	0.556	N-acyl amines	0.556	Organic compounds; Lipids and lipid-like molecules; Alcohols and polyols; Organic acids and derivatives; Carboxylic acids and derivatives; Organonitrogen compounds; Primary alcohols; Organooxygen compounds; Fatty amides; Carboxylic acid derivatives; N-acyl amines; Secondary alcohols; Carbonyl compounds; Polyols; Fatty Acyls; Organic oxides; Hydrocarbon derivatives; Organopnictogen compounds; Organic oxygen compounds; Organic nitrogen compounds; Chemical entities	376.304	513	8.545	816705203344141235	816702832425189076	816702832425189075	2854	
1	C18H30O	[M + H]+	C18H31O+	Terpenoids	0.984	Diterpenoids	0.793	Norlabdane diterpenoids	0.128	Lipids and lipid-like molecules	0.883	Prenol lipids	0.769					Prenol lipids	0.769	Organic compounds; Lipids and lipid-like molecules; Alcohols and polyols; Prenol lipids; Organooxygen compounds; Hydrocarbon derivatives; Organic oxygen compounds; Chemical entities	263.236	513	8.546	816705206632476463	816702832471326425	816702832471326424	2855	
1	C24H40O6	[M + H]+	C24H41O6+	Terpenoids	0.984	Sesterterpenoids	0.253	Cholane steroids	0.341	Lipids and lipid-like molecules	0.966	Steroids and steroid derivatives	0.553	Bile acids, alcohols and derivatives	0.524	Hydroxy bile acids, alcohols and derivatives	0.517	Hydroxy bile acids, alcohols and derivatives	0.517	Organic compounds; Lipids and lipid-like molecules; Alcohols and polyols; Steroids and steroid derivatives; Organic acids and derivatives; Carboxylic acids and derivatives; Organooxygen compounds; Monocarboxylic acids and derivatives; Carboxylic acids; Cyclic alcohols and derivatives; Hydroxysteroids; Bile acids, alcohols and derivatives; Secondary alcohols; Carbonyl compounds; Hydroxy bile acids, alcohols and derivatives; Polyols; Organic oxides; Hydrocarbon derivatives; Organic oxygen compounds; Chemical entities	425.288	514	8.567	816705203155397462	816702832555212515	816702832555212514	2870	
1	C18H28	[M + H]+	C18H29+	Terpenoids	0.989	Diterpenoids	0.619	Apocarotenoids (β-)	0.029	Lipids and lipid-like molecules	0.878	Prenol lipids	0.837					Prenol lipids	0.837	Organic compounds; Lipids and lipid-like molecules; Prenol lipids; Hydrocarbons; Olefins; Cyclic olefins; Polycyclic hydrocarbons; Unsaturated hydrocarbons; Unsaturated aliphatic hydrocarbons; Branched unsaturated hydrocarbons; Chemical entities	245.225	514	8.574	816705209543324181	816702832634904301	816702832630709996	2882	
1	C21H42NO7P	[M + H]+	C21H43NO7P+	Fatty acids	1.000	Glycerophospholipids	1.000	Glycerophosphoethanolamines	0.998	Organic acids and derivatives	1.000	Carboxylic acids and derivatives	0.999	Amino acids, peptides, and analogues	0.987	Amino acids and derivatives	0.986	Amino acids and derivatives	0.986	Organic compounds; Lipids and lipid-like molecules; Amino acids, peptides, and analogues; Alcohols and polyols; Glycerophospholipids; Organic acids and derivatives; Carboxylic acids and derivatives; Organonitrogen compounds; Organooxygen compounds; Fatty acid esters; Amino acids and derivatives; Organic phosphoric acids and derivatives; Phosphate esters; Monoalkylamines; Carboxylic acid derivatives; Monocarboxylic acids and derivatives; Carboxylic acid esters; Phosphoethanolamines; Lysophosphatidylethanolamines; Secondary alcohols; 1-acyl-sn-glycero-3-phosphoethanolamines; Carbonyl compounds; Glycerophosphoethanolamines; Amines; Primary amines; Alkyl phosphates; Dialkyl phosphates; Fatty Acyls; Organic oxides; Hydrocarbon derivatives; Organopnictogen compounds; Organic oxygen compounds; Organic nitrogen compounds; Chemical entities	452.276	515	8.580	816705204585655491	816702832672653042	816702832672653041	2884	
1	C21H43NO5	[M + H]+	C21H44NO5+	Fatty acids	1.000	Spingolipids	0.999	Sphingoid bases	0.998	Lipids and lipid-like molecules	0.975	Sphingolipids	0.518	Ceramides	0.727			Ceramides	0.727	Organic compounds; Lipids and lipid-like molecules; Amino acids, peptides, and analogues; Alcohols and polyols; Sphingolipids; Fatty acids and conjugates; Organic acids and derivatives; Carboxylic acids and derivatives; Organonitrogen compounds; Primary alcohols; Organooxygen compounds; Hydroxy fatty acids; Amino acids and derivatives; Monoalkylamines; Hydroxy acids and derivatives; Amino fatty acids; Monocarboxylic acids and derivatives; Carboxylic acids; Ceramides; Secondary alcohols; Beta hydroxy acids and derivatives; Carbonyl compounds; 1,3-aminoalcohols; Polyols; Alpha amino acids; Amines; Primary amines; Alkanolamines; Long-chain fatty acids; Fatty Acyls; Organic oxides; Hydrocarbon derivatives; Amino acids; Organopnictogen compounds; Organic oxygen compounds; Organic nitrogen compounds; Chemical entities	390.320	515	8.581	816705210373796589	816702832727178999	816702832727178998	2885	
1	C18H32N4S	[M + H]+	C18H33N4S+	Alkaloids	0.822	Pseudoalkaloids (transamidation)	0.322	Purine alkaloids	0.060	Organoheterocyclic compounds	0.950	Azoles	0.545					Azoles	0.545	Organic compounds; Organoheterocyclic compounds; Organosulfur compounds; Organonitrogen compounds; Azoles; Amines; Azacyclic compounds; Heteroaromatic compounds; Hydrocarbon derivatives; Organopnictogen compounds; Organic nitrogen compounds; Chemical entities	337.244	515	8.583	816705212483531946	816702832760733436	816702832760733435	2904	
1	C19H34O3	[M + H]+	C19H35O3+	Terpenoids	0.961	Diterpenoids	0.905	Labdane diterpenoids	0.323	Lipids and lipid-like molecules	0.933	Prenol lipids	0.821	Diterpenoids	0.792			Diterpenoids	0.792	Organic compounds; Lipids and lipid-like molecules; Alcohols and polyols; Prenol lipids; Primary alcohols; Organooxygen compounds; Cyclic alcohols and derivatives; Diterpenoids; Secondary alcohols; Hydrocarbon derivatives; Organic oxygen compounds; Chemical entities	311.257	515	8.587	816705212357702794	816702832798482177	816702832798482176	2887	
1	C18H35NO2	[M + Na]+	C18H35NNaO2+	Fatty acids	0.968	Fatty amides	0.902	N-acyl ethanolamines (endocannabinoids)	0.319	Lipids and lipid-like molecules	0.634	Fatty Acyls	0.614					Fatty Acyls	0.614	Organic compounds; Lipids and lipid-like molecules; Organic acids and derivatives; Carboxylic acids and derivatives; Organonitrogen compounds; Organooxygen compounds; Carboxylic acid derivatives; Carbonyl compounds; Fatty Acyls; Organic oxides; Hydrocarbon derivatives; Organopnictogen compounds; Organic oxygen compounds; Organic nitrogen compounds; Chemical entities	320.254	516	8.593	816705213041374630	816702832836230918	816702832836230917	2892	
1	C18H35NO2	[M + H]+	C18H36NO2+	Fatty acids	1.000	Fatty amides	0.959	N-acyl ethanolamines (endocannabinoids)	0.913	Lipids and lipid-like molecules	0.739	Fatty Acyls	0.743					Fatty Acyls	0.743	Organic compounds; Lipids and lipid-like molecules; Alcohols and polyols; Organic acids and derivatives; Carboxylic acids and derivatives; Organonitrogen compounds; Primary alcohols; Organooxygen compounds; Carbonyl compounds; 1,2-aminoalcohols; Amines; Alkanolamines; Fatty Acyls; Organic oxides; Hydrocarbon derivatives; Organopnictogen compounds; Organic oxygen compounds; Organic nitrogen compounds; Chemical entities	298.272	516	8.594	816705220389795491	816702832949477136	816702832945282831	2895	
1	C18H30O2	[M + H]+	C18H31O2+	Fatty acids	0.865	Fatty Acids and Conjugates	0.325	Unsaturated fatty acids	0.354	Lipids and lipid-like molecules	0.956	Fatty Acyls	0.796	Fatty acids and conjugates	0.497	Long-chain fatty acids	0.573	Long-chain fatty acids	0.573	Organic compounds; Lipids and lipid-like molecules; Alcohols and polyols; Carboxylic acids and derivatives; Organooxygen compounds; Unsaturated fatty acids; Monocarboxylic acids and derivatives; Carbonyl compounds; Long-chain fatty acids; Fatty Acyls; Organic oxides; Hydrocarbon derivatives; Organic oxygen compounds; Chemical entities	279.231	516	8.598	816705220201051776	816702832907534091	816702832907534090	2927	
1	C33H68N4O6	[M + H]+	C33H69N4O6+	Amino acids and Peptides	0.829	Oligopeptides	0.636	Lipopeptides	0.187	Organic acids and derivatives	0.995	Carboxylic acids and derivatives	0.987	Amino acids, peptides, and analogues	0.910	Amino acids and derivatives	0.891	N-acyl-alpha amino acids and derivatives	0.741	Organic compounds; Lipids and lipid-like molecules; Amino acids, peptides, and analogues; Alpha amino acids and derivatives; Alcohols and polyols; Organic acids and derivatives; Carboxylic acids and derivatives; Organonitrogen compounds; Organooxygen compounds; Fatty amides; Amino acids and derivatives; Carboxylic acid amides; Carboxylic acid derivatives; N-acyl amines; Monocarboxylic acids and derivatives; N-acyl-alpha amino acids and derivatives; Secondary alcohols; Secondary carboxylic acid amides; Carbonyl compounds; Alpha amino acid amides; Fatty Acyls; Organic oxides; Hydrocarbon derivatives; Organopnictogen compounds; Organic oxygen compounds; Organic nitrogen compounds; Chemical entities	617.520	516	8.598	816705217558640133	816702833045946138	816702833045946137	2899	
1	C16H35NO	[M + Na]+	C16H35NNaO+	Fatty acids	0.940	Fatty amides	0.430	Sphingoid bases	0.662	Lipids and lipid-like molecules	0.591							Lipids and lipid-like molecules	0.591	Organic compounds; Lipids and lipid-like molecules; Alcohols and polyols; Organonitrogen compounds; Organooxygen compounds; Monoalkylamines; Amines; Primary amines; Hydrocarbon derivatives; Organopnictogen compounds; Organic oxygen compounds; Organic nitrogen compounds; Chemical entities	280.261	516	8.601	816705223631992630	816702833087889183	816702833087889182	2902	
1	C21H38O4	[M + H]+	C21H39O4+	Fatty acids	0.977	Glycerolipids	0.790	Monoacylglycerols	0.875	Lipids and lipid-like molecules	0.983	Fatty Acyls	0.933	Fatty alcohols	0.556	Long-chain fatty alcohols	0.574	Long-chain fatty alcohols	0.574	Organic compounds; Lipids and lipid-like molecules; Alcohols and polyols; Glycerolipids; Organic acids and derivatives; Carboxylic acids and derivatives; Primary alcohols; Organooxygen compounds; Fatty acid esters; Carboxylic acid derivatives; Monoacylglycerols; Monocarboxylic acids and derivatives; Carboxylic acid esters; Fatty alcohols; Secondary alcohols; Fatty alcohol esters; Carbonyl compounds; Polyols; 1,2-diols; Long-chain fatty alcohols; Monoradylglycerols; Fatty Acyls; Organic oxides; Hydrocarbon derivatives; Organic oxygen compounds; Chemical entities	355.283	517	8.615	816705229457881938	816702833196941102	816702833196941101	2912	
1	C23H42N6O6	[M + H]+	C23H43N6O6+	Carbohydrates	0.827	Nucleosides	0.634	Purine nucleosides	0.718	Organic oxygen compounds	0.999	Organooxygen compounds	0.997	Carbohydrates and carbohydrate conjugates	0.883	Glycosyl compounds	0.935	Glycosylamines	0.923	Organic compounds; Organoheterocyclic compounds; Carbohydrates and carbohydrate conjugates; Lipids and lipid-like molecules; Pyrimidines and pyrimidine derivatives; Imidazoles; Alcohols and polyols; Purines and purine derivatives; Organonitrogen compounds; Primary alcohols; Nucleosides, nucleotides, and analogues; Organooxygen compounds; Azoles; Monoalkylamines; Aminopyrimidines and derivatives; Diazines; Monosaccharides; Secondary alcohols; Imidazopyrimidines; Glycosyl compounds; Glycosylamines; Polyols; Substituted imidazoles; N-substituted imidazoles; Amines; Primary amines; 6-aminopurines; Imidolactams; Fatty Acyls; Azacyclic compounds; Oxacyclic compounds; Heteroaromatic compounds; Hydrocarbon derivatives; Organopnictogen compounds; Organic oxygen compounds; Organic nitrogen compounds; Chemical entities	499.325	519	8.648	816705236936327646	816702833272438584	816702833272438583	2914	
1	C33H58O14	[M + H3N + H]+	C33H62NO14+	Fatty acids	1.000	Glycerolipids	0.999	Glycosyldiacylglycerols	0.829	Lipids and lipid-like molecules	0.997	Glycerolipids	0.984	Glycosylglycerols	0.997	Glycosyldiradylglycerols	0.530	Glycosyldiradylglycerols	0.530	Organic compounds; Organoheterocyclic compounds; Carbohydrates and carbohydrate conjugates; Lipids and lipid-like molecules; Alcohols and polyols; Glycerolipids; Ethers; Organic acids and derivatives; Carboxylic acids and derivatives; Primary alcohols; Organooxygen compounds; Fatty acid esters; Lineolic acids and derivatives; Glycosylglycerols; Carboxylic acid derivatives; Monocarboxylic acids and derivatives; Carboxylic acid esters; Disaccharides; Acetals; Secondary alcohols; Fatty acyl glycosides; Carbonyl compounds; Oxanes; Glycosyl compounds; O-glycosyl compounds; Polyols; Glycosyldiradylglycerols; Fatty acyl glycosides of mono- and disaccharides; Fatty Acyls; Organic oxides; Oxacyclic compounds; Hydrocarbon derivatives; Organic oxygen compounds; Chemical entities	696.414	519	8.656	816705247749245274	816702833385684807	816702833385684806	2909	
1	C18H32O3	[M + H]+	C18H33O3+	Terpenoids	0.916	Diterpenoids	0.745	Labdane diterpenoids	0.142	Lipids and lipid-like molecules	0.890	Prenol lipids	0.732					Prenol lipids	0.732	Organic compounds; Lipids and lipid-like molecules; Alcohols and polyols; Prenol lipids; Organooxygen compounds; Secondary alcohols; Tertiary alcohols; Hydrocarbon derivatives; Organic oxygen compounds; Chemical entities	297.241	519	8.657	816705237456421576	816702833423433548	816702833423433547	2929	
1	C26H46O20	[M + Na]+	C26H46NaO20+	Carbohydrates	0.983	Saccharides	0.987	Polysaccharides	0.773	Organic oxygen compounds	1.000	Organooxygen compounds	1.000	Carbohydrates and carbohydrate conjugates	1.000	Oligosaccharides	0.781	Oligosaccharides	0.781	Organic compounds; Organoheterocyclic compounds; Carbohydrates and carbohydrate conjugates; Lipids and lipid-like molecules; Alcohols and polyols; Oligosaccharides; Ethers; Organic acids and derivatives; Carboxylic acids and derivatives; Primary alcohols; Organooxygen compounds; Carboxylic acid derivatives; Monocarboxylic acids and derivatives; Carboxylic acid esters; Disaccharides; Acetals; Secondary alcohols; Carbonyl compounds; Oxanes; Glycosyl compounds; O-glycosyl compounds; Polyols; Fatty Acyls; Organic oxides; Oxacyclic compounds; Hydrocarbon derivatives; Organic oxygen compounds; Chemical entities	701.241	519	8.658	816705660036813081	816702833461182289	816702833461182288	2911	
1	C21H37N5O5	[M + H]+	C21H38N5O5+	Amino acids and Peptides	0.565	Oligopeptides	0.294	Pyridine alkaloids	0.168	Organic acids and derivatives	0.986	Carboxylic acids and derivatives	0.948	Amino acids, peptides, and analogues	0.714	Amino acids and derivatives	0.701	Amino acids and derivatives	0.701	Organic compounds; Organoheterocyclic compounds; Amino acids, peptides, and analogues; Pyridines and derivatives; Organic acids and derivatives; Carboxylic acids and derivatives; Organonitrogen compounds; Organooxygen compounds; Amino acids and derivatives; Carboxylic acid amides; Carboxylic acid derivatives; Secondary carboxylic acid amides; Carbonyl compounds; Amines; Organic oxides; Azacyclic compounds; Heteroaromatic compounds; Hydrocarbon derivatives; Organopnictogen compounds; Organic oxygen compounds; Organic nitrogen compounds; Chemical entities	440.287	520	8.661	816705244490270178	816702833494736726	816702833494736725	2939	
1	C20H37NO	[M + H]+	C20H38NO+	Fatty acids	0.997	Fatty amides	0.993	Primary amides	0.967	Lipids and lipid-like molecules	0.889	Fatty Acyls	0.817	Fatty amides	0.865			Fatty amides	0.865	Organic compounds; Lipids and lipid-like molecules; Organic acids and derivatives; Carboxylic acids and derivatives; Organonitrogen compounds; Organooxygen compounds; Fatty amides; Carboxylic acid amides; Carboxylic acid derivatives; Primary carboxylic acid amides; Carbonyl compounds; Fatty Acyls; Organic oxides; Hydrocarbon derivatives; Organopnictogen compounds; Organic oxygen compounds; Organic nitrogen compounds; Chemical entities	308.293	520	8.663	816705238261728064	816702833532485467	816702833532485466	2944	
1	C17H26O8	[M + H]+	C17H27O8+	Polyketides	0.383	Fatty acyl glycosides	0.332	Macrolide lactones	0.229	Organic oxygen compounds	1.000	Organooxygen compounds	0.999	Carbohydrates and carbohydrate conjugates	0.668	Glycosyl compounds	0.570	O-glycosyl compounds	0.580	Organic compounds; Organoheterocyclic compounds; Carbohydrates and carbohydrate conjugates; Lipids and lipid-like molecules; Alcohols and polyols; Ethers; Organic acids and derivatives; Carboxylic acids and derivatives; Primary alcohols; Organooxygen compounds; Carboxylic acids; Monosaccharides; Acetals; Secondary alcohols; Carbonyl compounds; Oxanes; Glycosyl compounds; O-glycosyl compounds; Polyols; Fatty Acyls; Organic oxides; Oxacyclic compounds; Hydrocarbon derivatives; Organic oxygen compounds; Chemical entities	359.171	520	8.664	816705242841908520	816702833570234208	816702833570234207	2925	
1	C22H38O5	[M + Na]+	C22H38NaO5+	Polyketides	0.398	Aromatic polyketides	0.613	Catechols with side chains	0.196	Benzenoids	0.747	Benzene and substituted derivatives	0.825	Benzoic acids and derivatives	0.669	Benzoic acid esters	0.650	Benzoic acid esters	0.650	Organic compounds; Phenols; Benzoic acids and derivatives; Organic acids and derivatives; Carboxylic acids and derivatives; Benzoyl derivatives; Organooxygen compounds; Carboxylic acid derivatives; Carboxylic acid esters; Benzoic acid esters; Benzene and substituted derivatives; Benzenoids; Organic oxides; Hydrocarbon derivatives; Organic oxygen compounds; Chemical entities	405.260	520	8.670	816705244888729231	816702833696063343	816702833696063342	2950	
1	C22H38O5	[M + H]+	C22H39O5+	Terpenoids	0.475	Diterpenoids	0.293	Bisabolane sesquiterpenoids	0.116	Benzenoids	0.972	Phenol ethers	0.897	Anisoles	0.672			Anisoles	0.672	Organic compounds; Lipids and lipid-like molecules; Alkyl aryl ethers; Alcohols and polyols; Anisoles; Ethers; Organic acids and derivatives; Carboxylic acids and derivatives; Organooxygen compounds; Carboxylic acid derivatives; Carboxylic acid esters; Carbonyl compounds; Benzene and substituted derivatives; Phenol ethers; Benzenoids; Fatty Acyls; Organic oxides; Methoxybenzenes; Hydrocarbon derivatives; Organic oxygen compounds; Phenoxy compounds; Chemical entities	383.278	520	8.671	816705249343081639	816702833738006388	816702833738006387	2952	
1	C16H35NO5	[M + H]+	C16H36NO5+	Fatty acids	0.943	Fatty amides	0.554	N-acyl amines	0.451	Lipids and lipid-like molecules	0.752	Fatty Acyls	0.705	Fatty amides	0.544	N-acyl amines	0.525	N-acyl amines	0.525	Organic compounds; Lipids and lipid-like molecules; Alcohols and polyols; Organic acids and derivatives; Carboxylic acids and derivatives; Organonitrogen compounds; Primary alcohols; Organooxygen compounds; Fatty amides; Carboxylic acid amides; Carboxylic acid derivatives; N-acyl amines; Secondary alcohols; Carbonyl compounds; Fatty Acyls; Organic oxides; Hydrocarbon derivatives; Organopnictogen compounds; Organic oxygen compounds; Organic nitrogen compounds; Chemical entities	322.260	521	8.676	816705246277044122	816702833792532345	816702833792532344	2973	
1	C31H59NO7	[M + H]+	C31H60NO7+	Fatty acids	0.683	Spingolipids	0.470	Sphingoid bases	0.177	Lipids and lipid-like molecules	0.869	Fatty Acyls	0.797	Fatty amides	0.611			Fatty amides	0.611	Organic compounds; Organoheterocyclic compounds; Lipids and lipid-like molecules; Alcohols and polyols; Ethers; Organic acids and derivatives; Carboxylic acids and derivatives; Organonitrogen compounds; Organooxygen compounds; Fatty amides; Carboxylic acid amides; Carboxylic acid derivatives; Carboxylic acid esters; Secondary alcohols; Carbonyl compounds; Trialkylamines; Amines; Fatty Acyls; Organic oxides; Oxacyclic compounds; Hydrocarbon derivatives; Organopnictogen compounds; Organic oxygen compounds; Organic nitrogen compounds; Chemical entities	558.435	522	8.695	816705251800944112	816702833960304525	816702833960304524	2963	
1	C16H32O	[M + Na]+	C16H32NaO+	Fatty acids	0.871	Fatty acyls	0.775	Fatty alcohols	0.666	Lipids and lipid-like molecules	0.740	Fatty Acyls	0.541					Fatty Acyls	0.541	Organic compounds; Lipids and lipid-like molecules; Alcohols and polyols; Organooxygen compounds; Fatty Acyls; Hydrocarbon derivatives; Organic oxygen compounds; Chemical entities	263.236	522	8.696	816705252685942417	816702834002247570	816702834002247569	3002	
1	C34H67NO	[M + H]+	C34H68NO+	Fatty acids	1.000	Fatty amides	0.998	Primary amides	0.711	Lipids and lipid-like molecules	0.981	Fatty Acyls	0.974	Fatty amides	0.979	N-acyl amines	0.899	N-acyl amines	0.899	Organic compounds; Lipids and lipid-like molecules; Organic acids and derivatives; Carboxylic acids and derivatives; Organonitrogen compounds; Organooxygen compounds; Fatty amides; Carboxylic acid amides; Carboxylic acid derivatives; N-acyl amines; Secondary carboxylic acid amides; Carbonyl compounds; Fatty Acyls; Organic oxides; Hydrocarbon derivatives; Organopnictogen compounds; Organic oxygen compounds; Organic nitrogen compounds; Chemical entities	506.528	522	8.702	816705252404923993	816702834136465313	816702834136465312	2941	
1	C19H38O4	[M + Na]+	C19H38NaO4+	Fatty acids	0.999	Glycerolipids	0.958	Monoacylglycerols	0.981	Lipids and lipid-like molecules	0.995	Fatty Acyls	0.946	Fatty alcohols	0.501	Long-chain fatty alcohols	0.636	Long-chain fatty alcohols	0.636	Organic compounds; Lipids and lipid-like molecules; Alcohols and polyols; Glycerolipids; Organic acids and derivatives; Carboxylic acids and derivatives; Primary alcohols; Organooxygen compounds; Fatty acid esters; Carboxylic acid derivatives; Monoacylglycerols; Monocarboxylic acids and derivatives; Carboxylic acid esters; Fatty alcohols; 1-monoacylglycerols; Secondary alcohols; Carbonyl compounds; Polyols; 1,2-diols; Long-chain fatty alcohols; Monoradylglycerols; Fatty Acyls; Organic oxides; Hydrocarbon derivatives; Organic oxygen compounds; Chemical entities	353.267	522	8.706	816705255005392876	816702834207768491	816702834207768490	2971	
1	C14H29NO	[M + H]+	C14H30NO+	Fatty acids	0.976	Fatty amides	0.959	Primary amides	0.538	Organic acids and derivatives	0.572	Carboxylic acids and derivatives	0.562	Carboxylic acid derivatives	0.551	Carboxylic acid amides	0.658	Carboxylic acid amides	0.658	Organic compounds; Organic acids and derivatives; Carboxylic acids and derivatives; Organonitrogen compounds; Organooxygen compounds; Carboxylic acid amides; Carboxylic acid derivatives; Carbonyl compounds; Organic oxides; Hydrocarbon derivatives; Organopnictogen compounds; Organic oxygen compounds; Organic nitrogen compounds; Chemical entities	228.231	523	8.715	816705256775389680	816702834329403322	816702834329403321	2977	
1	C24H42O6	[M + Na]+	C24H42NaO6+	Terpenoids	0.463	Aromatic polyketides	0.313	Dibenzylbutane lignans	0.102	Benzenoids	0.677	Phenols	0.557					Phenols	0.557	Organic compounds; Alcohols and polyols; Phenols; Ethers; Primary alcohols; Organooxygen compounds; Benzenoids; Hydrocarbon derivatives; Organic oxygen compounds; Chemical entities	449.286	523	8.720	816705258667021058	816702834375540671	816702834375540670	2984	
1	C31H55NO16	[M + H]+	C31H56NO16+	Carbohydrates	0.963	Saccharides	0.732	Polysaccharides	0.872	Organic oxygen compounds	0.999	Organooxygen compounds	0.999	Carbohydrates and carbohydrate conjugates	0.985	Oligosaccharides	0.727	Oligosaccharides	0.727	Organic compounds; Organoheterocyclic compounds; Carbohydrates and carbohydrate conjugates; Lipids and lipid-like molecules; Alcohols and polyols; Oligosaccharides; Ethers; Organic acids and derivatives; Carboxylic acids and derivatives; Organonitrogen compounds; Primary alcohols; Organooxygen compounds; Acetals; Secondary alcohols; Fatty acyl glycosides; Carbonyl compounds; 1,2-aminoalcohols; Oxanes; Glycosyl compounds; O-glycosyl compounds; Polyols; Aminosaccharides; Fatty Acyls; Organic oxides; Oxacyclic compounds; Hydrocarbon derivatives; Organopnictogen compounds; Organic oxygen compounds; Organic nitrogen compounds; Chemical entities	698.361	523	8.721	816705333455676368	816702834434260932	816702834434260931	2985	
1	C19H41O4	[M + Na]+	C19H41NaO4+	Fatty acids	0.999	Glycerolipids	0.985	Monoacylglycerols	0.986	Lipids and lipid-like molecules	0.996	Fatty Acyls	0.923	Fatty alcohols	0.502			Fatty alcohols	0.502	Organic compounds; Lipids and lipid-like molecules; Alcohols and polyols; Glycerolipids; Organic acids and derivatives; Carboxylic acids and derivatives; Primary alcohols; Organooxygen compounds; Fatty acid esters; Carboxylic acid derivatives; Monoacylglycerols; Monocarboxylic acids and derivatives; Carboxylic acid esters; Fatty alcohols; 1-monoacylglycerols; Secondary alcohols; Carbonyl compounds; Polyols; 1,2-diols; Monoalkylglycerols; Monoradylglycerols; Fatty Acyls; Organic oxides; Hydrocarbon derivatives; Organic oxygen compounds; Chemical entities	356.286	523	8.723	816705263863764992	816702834589450195	816702834585255890	2983	
1	C21H36O3	[M + H]+	C21H37O3+	Terpenoids	0.806	Diterpenoids	0.733	Labdane diterpenoids	0.177	Lipids and lipid-like molecules	0.972	Prenol lipids	0.784	Diterpenoids	0.810			Diterpenoids	0.810	Organic compounds; Lipids and lipid-like molecules; Alcohols and polyols; Prenol lipids; Fatty acids and conjugates; Organic acids and derivatives; Carboxylic acids and derivatives; Organooxygen compounds; Monocarboxylic acids and derivatives; Carboxylic acids; Diterpenoids; Secondary alcohols; Carbonyl compounds; Fatty Acyls; Organic oxides; Hydrocarbon derivatives; Organic oxygen compounds; Chemical entities	337.272	523	8.724	816705263574357866	816702834681724893	816702834681724892	2993	
1	C21H42NO7P	[M + H]+	C21H43NO7P+	Fatty acids	1.000	Glycerophospholipids	1.000	Glycerophosphoethanolamines	0.999	Organic acids and derivatives	1.000	Carboxylic acids and derivatives	0.999	Amino acids, peptides, and analogues	0.990	Amino acids and derivatives	0.990	Amino acids and derivatives	0.990	Organic compounds; Lipids and lipid-like molecules; Amino acids, peptides, and analogues; Alcohols and polyols; Glycerophospholipids; Organic acids and derivatives; Carboxylic acids and derivatives; Organonitrogen compounds; Organooxygen compounds; Fatty acid esters; Amino acids and derivatives; Organic phosphoric acids and derivatives; Phosphate esters; Monoalkylamines; Carboxylic acid derivatives; Monocarboxylic acids and derivatives; Carboxylic acid esters; Phosphoethanolamines; Lysophosphatidylethanolamines; Secondary alcohols; 1-acyl-sn-glycero-3-phosphoethanolamines; Carbonyl compounds; Glycerophosphoethanolamines; Amines; Primary amines; Alkyl phosphates; Dialkyl phosphates; Fatty Acyls; Organic oxides; Hydrocarbon derivatives; Organopnictogen compounds; Organic oxygen compounds; Organic nitrogen compounds; Chemical entities	452.276	523	8.724	816705262471255592	816702834727862242	816702834727862241	2994	
1	C33H58O14	[M + H3N + H]+	C33H62NO14+	Fatty acids	1.000	Glycerolipids	0.962	Glycosyldiacylglycerols	0.336	Lipids and lipid-like molecules	0.990	Glycerolipids	0.789	Glycosylglycerols	0.877			Glycosylglycerols	0.877	Organic compounds; Organoheterocyclic compounds; Carbohydrates and carbohydrate conjugates; Lipids and lipid-like molecules; Alcohols and polyols; Glycerolipids; Ethers; Organic acids and derivatives; Carboxylic acids and derivatives; Primary alcohols; Organooxygen compounds; Fatty acid esters; Lineolic acids and derivatives; Glycosylglycerols; Carboxylic acid derivatives; Monocarboxylic acids and derivatives; Carboxylic acid esters; Disaccharides; Acetals; Secondary alcohols; Fatty acyl glycosides; Carbonyl compounds; Oxanes; Glycosyl compounds; O-glycosyl compounds; Polyols; Fatty Acyls; Organic oxides; Oxacyclic compounds; Hydrocarbon derivatives; Organic oxygen compounds; Chemical entities	696.414	523	8.724	816705264241252434	816702834811748332	816702834811748331	2997	
1	C16H30	[M + Na]+	C16H30Na+	Terpenoids	0.925	Sesquiterpenoids	0.852	Caryophyllane sesquiterpenoids	0.239	Lipids and lipid-like molecules	0.782	Prenol lipids	0.725	Sesquiterpenoids	0.532			Sesquiterpenoids	0.532	Organic compounds; Lipids and lipid-like molecules; Prenol lipids; Sesquiterpenoids; Hydrocarbons; Olefins; Unsaturated hydrocarbons; Unsaturated aliphatic hydrocarbons; Branched unsaturated hydrocarbons; Chemical entities	245.225	523	8.725	816705265398880431	816702834883051510	816702834883051509	2998	
1	C21H38O4	[M + H]+	C21H39O4+	Fatty acids	0.999	Glycerolipids	0.983	Monoacylglycerols	0.988	Lipids and lipid-like molecules	0.998	Fatty Acyls	0.982	Lineolic acids and derivatives	0.526			Lineolic acids and derivatives	0.526	Organic compounds; Lipids and lipid-like molecules; Alcohols and polyols; Glycerolipids; Organic acids and derivatives; Carboxylic acids and derivatives; Primary alcohols; Organooxygen compounds; Fatty acid esters; Lineolic acids and derivatives; Carboxylic acid derivatives; Monoacylglycerols; Monocarboxylic acids and derivatives; Carboxylic acid esters; 1-monoacylglycerols; 2-monoacylglycerols; Secondary alcohols; Carbonyl compounds; Polyols; 1,2-diols; Monoradylglycerols; Fatty Acyls; Organic oxides; Hydrocarbon derivatives; Organic oxygen compounds; Chemical entities	355.283	523	8.725	816705274370499629	816702834929188859	816702834929188858	2999	
1	C26H46O20	[M + Na]+	C26H46NaO20+	Carbohydrates	0.990	Saccharides	0.992	Polysaccharides	0.801	Organic oxygen compounds	1.000	Organooxygen compounds	1.000	Carbohydrates and carbohydrate conjugates	1.000	Oligosaccharides	0.777	Oligosaccharides	0.777	Organic compounds; Organoheterocyclic compounds; Carbohydrates and carbohydrate conjugates; Lipids and lipid-like molecules; Alcohols and polyols; Oligosaccharides; Ethers; Organic acids and derivatives; Carboxylic acids and derivatives; Primary alcohols; Organooxygen compounds; Monocarboxylic acids and derivatives; Disaccharides; Acetals; Secondary alcohols; Carbonyl compounds; Oxanes; Glycosyl compounds; O-glycosyl compounds; Polyols; Fatty Acyls; Organic oxides; Oxacyclic compounds; Hydrocarbon derivatives; Organic oxygen compounds; Chemical entities	701.241	524	8.726	816705626310412117	816702834975326208	816702834966937599	3001	
1	C33H58O14	[M + Na]+	C33H58NaO14+	Fatty acids	0.999	Glycerolipids	0.996	Glycosyldiacylglycerols	0.753	Lipids and lipid-like molecules	0.987	Glycerolipids	0.859	Glycosylglycerols	0.991	Glycosyldiradylglycerols	0.559	Glycosyldiradylglycerols	0.559	Organic compounds; Organoheterocyclic compounds; Carbohydrates and carbohydrate conjugates; Lipids and lipid-like molecules; Alcohols and polyols; Glycerolipids; Ethers; Organic acids and derivatives; Carboxylic acids and derivatives; Primary alcohols; Organooxygen compounds; Fatty acid esters; Glycosylglycerols; Carboxylic acid derivatives; Monocarboxylic acids and derivatives; Carboxylic acid esters; Disaccharides; Acetals; Secondary alcohols; Carbonyl compounds; Oxanes; Glycosyl compounds; O-glycosyl compounds; Polyols; Glycosyldiradylglycerols; Fatty Acyls; Organic oxides; Oxacyclic compounds; Hydrocarbon derivatives; Organic oxygen compounds; Chemical entities	701.370	524	8.728	816705282285153178	816702835025657861	816702835025657860	3012	
1	C19H34O3	[M + H]+	C19H35O3+	Terpenoids	0.975	Diterpenoids	0.797	Tetracyclic diterpenoids	0.392	Lipids and lipid-like molecules	0.968	Prenol lipids	0.493	Diterpenoids	0.536			Diterpenoids	0.536	Organic compounds; Lipids and lipid-like molecules; Alcohols and polyols; Steroids and steroid derivatives; Primary alcohols; Organooxygen compounds; Cyclic alcohols and derivatives; Hydroxysteroids; Diterpenoids; Secondary alcohols; Polyols; Hydrocarbon derivatives; Organic oxygen compounds; Chemical entities	311.257	524	8.732	816705278917126387	816702835059212298	816702835059212297	3016	
1	C21H42NO7P	[M + Na]+	C21H42NNaO7P+	Fatty acids	1.000	Glycerophospholipids	1.000	Glycerophosphoethanolamines	0.999	Organic acids and derivatives	0.999	Carboxylic acids and derivatives	0.996	Amino acids, peptides, and analogues	0.987	Amino acids and derivatives	0.987	Amino acids and derivatives	0.987	Organic compounds; Lipids and lipid-like molecules; Amino acids, peptides, and analogues; Alcohols and polyols; Glycerophospholipids; Organic acids and derivatives; Carboxylic acids and derivatives; Organonitrogen compounds; Organooxygen compounds; Fatty acid esters; Amino acids and derivatives; Organic phosphoric acids and derivatives; Phosphate esters; Monoalkylamines; Carboxylic acid derivatives; Monocarboxylic acids and derivatives; Carboxylic acid esters; Phosphoethanolamines; Lysophosphatidylethanolamines; Secondary alcohols; 1-acyl-sn-glycero-3-phosphoethanolamines; Carbonyl compounds; Glycerophosphoethanolamines; Amines; Primary amines; Alkyl phosphates; Dialkyl phosphates; Fatty Acyls; Organic oxides; Hydrocarbon derivatives; Organopnictogen compounds; Organic oxygen compounds; Organic nitrogen compounds; Chemical entities	474.257	524	8.732	816705276316657379	816702835101155343	816702835096961038	3017	
1	C18H32O3	[M - H2O + H]+	C18H31O2+	Terpenoids	0.833	Diterpenoids	0.665	Labdane diterpenoids	0.125	Lipids and lipid-like molecules	0.871	Prenol lipids	0.636					Prenol lipids	0.636	Organic compounds; Lipids and lipid-like molecules; Alcohols and polyols; Prenol lipids; Organooxygen compounds; Secondary alcohols; Hydrocarbon derivatives; Organic oxygen compounds; Chemical entities	279.231	524	8.736	816705276920637325	816702835138904084	816702835138904083	3018	
1	C18H32O3	[M + H]+	C18H33O3+	Terpenoids	0.914	Diterpenoids	0.792	Labdane diterpenoids	0.482	Lipids and lipid-like molecules	0.926	Prenol lipids	0.785					Prenol lipids	0.785	Organic compounds; Lipids and lipid-like molecules; Alcohols and polyols; Prenol lipids; Organooxygen compounds; Secondary alcohols; Tertiary alcohols; Fatty Acyls; Hydrocarbon derivatives; Organic oxygen compounds; Chemical entities	297.243	525	8.746	816705280284469769	816702835252150307	816702835252150306	3021	
1	C30H24O12	[M + H]+	C30H25O12+	Shikimates and Phenylpropanoids	0.731	Lignans	0.648	Neolignans	0.179	Organic oxygen compounds	1.000	Organooxygen compounds	1.000	Ethers	0.615	Alkyl aryl ethers	0.578	Alkyl aryl ethers	0.578	Organic compounds; Organoheterocyclic compounds; Alkyl aryl ethers; Ethers; Organic acids and derivatives; Carboxylic acids and derivatives; Organooxygen compounds; Carboxylic acid derivatives; Carboxylic acid esters; Carbonyl compounds; Benzene and substituted derivatives; Benzenoids; Organic oxides; Oxacyclic compounds; Hydrocarbon derivatives; Organic oxygen compounds; Chemical entities	577.132	526	8.771	816705286190050976	816702835331842093	816702835327647788	3034	
1	C18H24O2	[M + H]+	C18H25O2+	Terpenoids	0.964	Diterpenoids	0.698	Bisabolane sesquiterpenoids	0.093	Benzenoids	0.878							Benzenoids	0.878	Organic compounds; Lipids and lipid-like molecules; Prenol lipids; Organic acids and derivatives; Carboxylic acids and derivatives; Organooxygen compounds; Monocarboxylic acids and derivatives; Carboxylic acid esters; Carbonyl compounds; Benzenoids; Organic oxides; Hydrocarbon derivatives; Organic oxygen compounds; Chemical entities	273.184	526	8.771	816705279638546782	816702835369590834	816702835369590833	3036	
1	C19H28O3	[M + H]+	C19H29O3+	Terpenoids	0.994	Steroids	0.971	Androstane steroids	0.971	Lipids and lipid-like molecules	0.981	Steroids and steroid derivatives	0.971	Androstane steroids	0.888	Androgens and derivatives	0.889	Androgens and derivatives	0.889	Organic compounds; Lipids and lipid-like molecules; Ketones; Alcohols and polyols; Steroids and steroid derivatives; Organic acids and derivatives; Carboxylic acids and derivatives; Organooxygen compounds; Monocarboxylic acids and derivatives; Oxosteroids; Carboxylic acids; Hydroxysteroids; Androgens and derivatives; Carbonyl compounds; 3-oxo delta-4-steroids; Delta-4-steroids; 3-oxosteroids; Cyclic ketones; 17-oxosteroids; Androstane steroids; Organic oxides; Hydrocarbon derivatives; Cyclohexenones; Organic oxygen compounds; Chemical entities	305.210	526	8.773	816705281169468119	816702835407339575	816702835407339574	3040	
1	C18H36O3	[M - H2O + H]+	C18H35O2+	Fatty acids	0.999	Fatty acyls	0.876	Fatty alcohols	0.972	Lipids and lipid-like molecules	0.986	Fatty Acyls	0.977	Fatty alcohols	0.789	Long-chain fatty alcohols	0.823	Long-chain fatty alcohols	0.823	Organic compounds; Lipids and lipid-like molecules; Alcohols and polyols; Organic acids and derivatives; Carboxylic acids and derivatives; Primary alcohols; Organooxygen compounds; Carboxylic acid derivatives; Monocarboxylic acids and derivatives; Carboxylic acid esters; Fatty alcohols; Secondary alcohols; Carbonyl compounds; Long-chain fatty alcohols; Fatty Acyls; Organic oxides; Hydrocarbon derivatives; Organic oxygen compounds; Chemical entities	283.262	528	8.807	816705276220188352	816702835503808577	816702835503808576	3066	
1	C23H44NO7P	[M + Na]+	C23H44NNaO7P+	Fatty acids	1.000	Glycerophospholipids	1.000	Glycerophosphoethanolamines	0.999	Organic acids and derivatives	0.999	Carboxylic acids and derivatives	0.998	Amino acids, peptides, and analogues	0.986	Amino acids and derivatives	0.986	Amino acids and derivatives	0.986	Organic compounds; Lipids and lipid-like molecules; Amino acids, peptides, and analogues; Alcohols and polyols; Glycerophospholipids; Organic acids and derivatives; Carboxylic acids and derivatives; Organonitrogen compounds; Organooxygen compounds; Fatty acid esters; Amino acids and derivatives; Organic phosphoric acids and derivatives; Phosphate esters; Monoalkylamines; Carboxylic acid derivatives; Monocarboxylic acids and derivatives; Carboxylic acid esters; Phosphoethanolamines; Lysophosphatidylethanolamines; Secondary alcohols; 1-acyl-sn-glycero-3-phosphoethanolamines; Carbonyl compounds; Glycerophosphoethanolamines; Amines; Primary amines; Alkyl phosphates; Dialkyl phosphates; Fatty Acyls; Organic oxides; Hydrocarbon derivatives; Organopnictogen compounds; Organic oxygen compounds; Organic nitrogen compounds; Chemical entities	500.273	528	8.807	816705280846506657	816702835587694667	816702835583500362	3069	
1	C18H30	[M + H]+	C18H31+	Fatty acids	0.623	Fatty acyls	0.847	Hydrocarbons	0.754	Hydrocarbons	0.998	Unsaturated hydrocarbons	0.949	Acetylenes	0.554			Acetylenes	0.554	Organic compounds; Hydrocarbons; Acetylenes; Unsaturated hydrocarbons; Unsaturated aliphatic hydrocarbons; Chemical entities	247.241	528	8.808	816705279986674089	816702835629637712	816702835629637711	3071	
1	C36H64O10	[M + H]+	C36H65O10+	Polyketides	0.725	Aromatic polyketides	0.158	Depsides and depsidones	0.074	Lipids and lipid-like molecules	0.793	Fatty Acyls	0.797	Fatty acid esters	0.650			Fatty acid esters	0.650	Organic compounds; Lipids and lipid-like molecules; Alcohols and polyols; Ethers; Organic acids and derivatives; Carboxylic acids and derivatives; Organooxygen compounds; Fatty acid esters; Carboxylic acid derivatives; Carboxylic acid esters; Secondary alcohols; Carbonyl compounds; Benzenoids; Fatty Acyls; Organic oxides; Hydrocarbon derivatives; Organic oxygen compounds; Chemical entities	657.456	528	8.808	816705291558761185	816702835692552277	816702835692552276	3073	
1	C32H45N7O7	[M + H]+	C32H46N7O7+	Amino acids and Peptides	0.944	Oligopeptides	0.968	Cyclic peptides	0.142	Organic acids and derivatives	0.999	Carboxylic acids and derivatives	0.995	Amino acids, peptides, and analogues	0.862	Amino acids and derivatives	0.836	N-acyl-alpha amino acids and derivatives	0.543	Organic compounds; Organoheterocyclic compounds; Lipids and lipid-like molecules; Amino acids, peptides, and analogues; Alpha amino acids and derivatives; Alcohols and polyols; Phenylpropanoids and polyketides; Organic acids and derivatives; Carboxylic acids and derivatives; Organonitrogen compounds; Organooxygen compounds; Fatty amides; Amino acids and derivatives; Carboxylic acid amides; Carboxylic acid derivatives; N-acyl amines; N-acyl-alpha amino acids and derivatives; Secondary alcohols; Secondary carboxylic acid amides; Carbonyl compounds; Benzene and substituted derivatives; Fatty Acyls; Organic oxides; Azacyclic compounds; Hydrocarbon derivatives; Organopnictogen compounds; Organic oxygen compounds; Organic nitrogen compounds; Chemical entities	640.344	528	8.808	816705300995946423	816702835734495322	816702835734495321	3075	
1	C18H32O	[M + H]+	C18H33O+	Fatty acids	0.997	Fatty acyls	0.772	Unsaturated fatty acids	0.577	Lipids and lipid-like molecules	0.843	Fatty Acyls	0.807					Fatty Acyls	0.807	Organic compounds; Lipids and lipid-like molecules; Organooxygen compounds; Carbonyl compounds; Fatty Acyls; Organic oxides; Hydrocarbon derivatives; Organic oxygen compounds; Chemical entities	265.251	529	8.809	816705277327484891	816702835776438367	816702835776438366	3076	
1	C23H44NO7P	[M + H]+	C23H45NO7P+	Fatty acids	1.000	Glycerophospholipids	1.000	Glycerophosphoethanolamines	0.999	Organic acids and derivatives	1.000	Carboxylic acids and derivatives	0.998	Amino acids, peptides, and analogues	0.988	Amino acids and derivatives	0.988	Amino acids and derivatives	0.988	Organic compounds; Lipids and lipid-like molecules; Amino acids, peptides, and analogues; Alcohols and polyols; Glycerophospholipids; Organic acids and derivatives; Carboxylic acids and derivatives; Organonitrogen compounds; Organooxygen compounds; Fatty acid esters; Amino acids and derivatives; Organic phosphoric acids and derivatives; Phosphate esters; Monoalkylamines; Carboxylic acid derivatives; Monocarboxylic acids and derivatives; Carboxylic acid esters; Phosphoethanolamines; Lysophosphatidylethanolamines; Secondary alcohols; 1-acyl-sn-glycero-3-phosphoethanolamines; Carbonyl compounds; Glycerophosphoethanolamines; Amines; Primary amines; Alkyl phosphates; Dialkyl phosphates; Fatty Acyls; Organic oxides; Hydrocarbon derivatives; Organopnictogen compounds; Organic oxygen compounds; Organic nitrogen compounds; Chemical entities	478.291	529	8.809	816705278875183335	816702835805798500	816702835805798499	3077	
1	C36H62O8	[M + H]+	C36H63O8+	Terpenoids	0.932	Diterpenoids	0.388	Tetracyclic diterpenoids	0.080	Lipids and lipid-like molecules	0.940	Prenol lipids	0.781	Diterpenoids	0.542			Diterpenoids	0.542	Organic compounds; Organoheterocyclic compounds; Carbohydrates and carbohydrate conjugates; Lipids and lipid-like molecules; Alcohols and polyols; Ethers; Prenol lipids; Organic acids and derivatives; Carboxylic acids and derivatives; Organooxygen compounds; Carboxylic acid derivatives; Carboxylic acid esters; Cyclic alcohols and derivatives; Diterpenoids; Secondary alcohols; Carbonyl compounds; Oxanes; Polyols; Alpha,beta-unsaturated carboxylic esters; Organic oxides; Oxacyclic compounds; Hydrocarbon derivatives; Organic oxygen compounds; Chemical entities	623.455	529	8.822	816705289092510141	816702835965182072	816702835960987767	3092	
1	C18H34O3	[M + H]+	C18H35O3+	Terpenoids	0.607	Diterpenoids	0.509	Labdane diterpenoids	0.278	Lipids and lipid-like molecules	0.948	Prenol lipids	0.651					Prenol lipids	0.651	Organic compounds; Lipids and lipid-like molecules; Alcohols and polyols; Prenol lipids; Organooxygen compounds; Secondary alcohols; Tertiary alcohols; Fatty Acyls; Hydrocarbon derivatives; Organic oxygen compounds; Chemical entities	299.257	531	8.844	816705283811880169	816702836049068162	816702836049068161	3103	
1	C21H38O4	[M + H]+	C21H39O4+	Fatty acids	0.999	Glycerolipids	0.985	Monoacylglycerols	0.986	Lipids and lipid-like molecules	0.996	Fatty Acyls	0.980	Lineolic acids and derivatives	0.529			Lineolic acids and derivatives	0.529	Organic compounds; Lipids and lipid-like molecules; Alcohols and polyols; Glycerolipids; Organic acids and derivatives; Carboxylic acids and derivatives; Primary alcohols; Organooxygen compounds; Fatty acid esters; Lineolic acids and derivatives; Carboxylic acid derivatives; Monoacylglycerols; Monocarboxylic acids and derivatives; Carboxylic acid esters; 1-monoacylglycerols; 2-monoacylglycerols; Secondary alcohols; Carbonyl compounds; Polyols; 1,2-diols; Monoradylglycerols; Fatty Acyls; Organic oxides; Hydrocarbon derivatives; Organic oxygen compounds; Chemical entities	355.283	531	8.848	816705290896061050	816702836170702993	816702836170702992	3112	
1	C27H48O9	[M - H2O + H]+	C27H47O8+	Terpenoids	0.686	Diterpenoids	0.336	Phenylethanoids	0.173	Lipids and lipid-like molecules	0.878	Prenol lipids	0.691	Terpene glycosides	0.518			Terpene glycosides	0.518	Organic compounds; Organoheterocyclic compounds; Carbohydrates and carbohydrate conjugates; Lipids and lipid-like molecules; Alcohols and polyols; Ethers; Prenol lipids; Primary alcohols; Organooxygen compounds; Cyclic alcohols and derivatives; Hexoses; Monosaccharides; Acetals; Secondary alcohols; Oxanes; Terpene glycosides; Glycosyl compounds; O-glycosyl compounds; Polyols; Oxacyclic compounds; Hydrocarbon derivatives; Organic oxygen compounds; Chemical entities	499.325	531	8.850	816705287540617186	816702836342669462	816702836342669461	3105	
1	C19H36O3	[M + H]+	C19H37O3+	Terpenoids	0.905	Diterpenoids	0.846	Labdane diterpenoids	0.407	Lipids and lipid-like molecules	0.918	Prenol lipids	0.749	Diterpenoids	0.616			Diterpenoids	0.616	Organic compounds; Lipids and lipid-like molecules; Alcohols and polyols; Prenol lipids; Primary alcohols; Organooxygen compounds; Diterpenoids; Secondary alcohols; Fatty Acyls; Hydrocarbon derivatives; Organic oxygen compounds; Chemical entities	313.272	531	8.852	816705286647230261	816702836388806811	816702836388806810	3117	
1	C18H30O	[M + H]+	C18H31O+	Fatty acids	0.892	Fatty acyls	0.421	Unsaturated fatty acids	0.327	Lipids and lipid-like molecules	0.928	Fatty Acyls	0.680					Fatty Acyls	0.680	Organic compounds; Lipids and lipid-like molecules; Alcohols and polyols; Organooxygen compounds; Carbonyl compounds; Fatty Acyls; Organic oxides; Hydrocarbon derivatives; Organic oxygen compounds; Chemical entities	263.236	531	8.852	816705290401133098	816702836430749856	816702836430749855	3118	
1	C31H58O14	[M + Na]+	C31H58NaO14+	Terpenoids	0.798	Monoterpenoids	0.166	Secoiridoid monoterpenoids	0.446	Lipids and lipid-like molecules	0.839	Prenol lipids	0.534	Terpene glycosides	0.519			Terpene glycosides	0.519	Organic compounds; Organoheterocyclic compounds; Carbohydrates and carbohydrate conjugates; Lipids and lipid-like molecules; Alcohols and polyols; Ethers; Prenol lipids; Organic acids and derivatives; Carboxylic acids and derivatives; Primary alcohols; Organooxygen compounds; Carboxylic acid derivatives; Carboxylic acid esters; Acetals; Secondary alcohols; Carbonyl compounds; Oxanes; Terpene glycosides; Glycosyl compounds; O-glycosyl compounds; Polyols; Enoate esters; Alpha,beta-unsaturated carboxylic esters; Organic oxides; Oxacyclic compounds; Hydrocarbon derivatives; Organic oxygen compounds; Chemical entities	677.370	531	8.852	816705293819491324	816702836476887205	816702836476887204	3119	
1	C19H38O4	[M + H]+	C19H39O4+	Fatty acids	0.992	Fatty acyls	0.944	Fatty alcohols	0.984	Lipids and lipid-like molecules	0.982	Fatty Acyls	0.947	Fatty alcohols	0.772	Long-chain fatty alcohols	0.808	Long-chain fatty alcohols	0.808	Organic compounds; Lipids and lipid-like molecules; Alcohols and polyols; Glycerolipids; Organic acids and derivatives; Carboxylic acids and derivatives; Primary alcohols; Organooxygen compounds; Fatty acid esters; Carboxylic acid derivatives; Monoacylglycerols; Monocarboxylic acids and derivatives; Carboxylic acid esters; Fatty alcohols; Secondary alcohols; Fatty alcohol esters; Carbonyl compounds; Polyols; 1,2-diols; Long-chain fatty alcohols; Monoradylglycerols; Fatty Acyls; Organic oxides; Hydrocarbon derivatives; Organic oxygen compounds; Chemical entities	331.283	532	8.858	816705294645769287	816702836569161903	816702836564967598	3132	
1	C11H30N6O2	[M + H]+	C11H31N6O2+	Amino acids and Peptides	0.895	Small peptides	0.856	Aminoacids	0.409	Organic acids and derivatives	0.661	Carboxylic acids and derivatives	0.638	Amino acids, peptides, and analogues	0.659	Amino acids and derivatives	0.649	Alpha amino acids and derivatives	0.700	Organic compounds; Lipids and lipid-like molecules; Amino acids, peptides, and analogues; Alpha amino acids and derivatives; Organic acids and derivatives; Carboxylic acids and derivatives; Organonitrogen compounds; Organooxygen compounds; Amino acids and derivatives; Guanidines; Carbonyl compounds; Carboximidamides; Organic 1,3-dipolar compounds; Fatty Acyls; Organic oxides; Hydrocarbon derivatives; Organopnictogen compounds; Organic oxygen compounds; Organic nitrogen compounds; Chemical entities	279.249	532	8.875	816705295350412569	816702836606910644	816702836606910643	3137	
1	C18H28O	[M + H3N + H]+	C18H32NO+	Terpenoids	0.990	Diterpenoids	0.884	Norlabdane diterpenoids	0.052	Lipids and lipid-like molecules	0.921	Prenol lipids	0.837	Diterpenoids	0.678			Diterpenoids	0.678	Organic compounds; Lipids and lipid-like molecules; Prenol lipids; Organooxygen compounds; Diterpenoids; Carbonyl compounds; Organic oxides; Hydrocarbon derivatives; Organic oxygen compounds; Chemical entities	278.247	533	8.876	816705296289936757	816702836648853689	816702836648853688	3136	
1	C21H40O4	[M + H]+	C21H41O4+	Fatty acids	1.000	Glycerolipids	0.984	Monoacylglycerols	0.979	Lipids and lipid-like molecules	0.995	Glycerolipids	0.954	Monoradylglycerols	0.945	Monoacylglycerols	0.956	1-monoacylglycerols	0.812	Organic compounds; Lipids and lipid-like molecules; Alcohols and polyols; Glycerolipids; Organic acids and derivatives; Carboxylic acids and derivatives; Primary alcohols; Organooxygen compounds; Fatty acid esters; Carboxylic acid derivatives; Monoacylglycerols; Monocarboxylic acids and derivatives; Carboxylic acid esters; 1-monoacylglycerols; Secondary alcohols; Carbonyl compounds; Polyols; 1,2-diols; Monoradylglycerols; Fatty Acyls; Organic oxides; Hydrocarbon derivatives; Organic oxygen compounds; Chemical entities	357.298	533	8.886	816705296638064030	816702836686602430	816702836686602429	3146	
1	C19H40O3	[M + Na]+	C19H40NaO3+	Fatty acids	1.000	Fatty acyls	0.972	Fatty alcohols	0.991	Lipids and lipid-like molecules	0.942	Fatty Acyls	0.831	Fatty alcohols	0.711	Long-chain fatty alcohols	0.664	Long-chain fatty alcohols	0.664	Organic compounds; Lipids and lipid-like molecules; Alcohols and polyols; Glycerolipids; Primary alcohols; Organooxygen compounds; Fatty alcohols; Secondary alcohols; Polyols; Long-chain fatty alcohols; Monoradylglycerols; Fatty Acyls; Hydrocarbon derivatives; Organic oxygen compounds; Chemical entities	339.288	533	8.889	816705312362516553	816702836766294216	816702836766294215	3150	
1	C22H44NO7P	[M + H]+	C22H45NO7P+	Fatty acids	1.000	Glycerophospholipids	1.000	Glycerophosphoethanolamines	0.999	Organic acids and derivatives	0.999	Carboxylic acids and derivatives	0.998	Amino acids, peptides, and analogues	0.989	Amino acids and derivatives	0.988	Amino acids and derivatives	0.988	Organic compounds; Lipids and lipid-like molecules; Amino acids, peptides, and analogues; Alcohols and polyols; Glycerophospholipids; Organic acids and derivatives; Carboxylic acids and derivatives; Organonitrogen compounds; Organooxygen compounds; Fatty acid esters; Amino acids and derivatives; Organic phosphoric acids and derivatives; Phosphate esters; Monoalkylamines; Carboxylic acid derivatives; Monocarboxylic acids and derivatives; Carboxylic acid esters; Phosphoethanolamines; Lysophosphatidylethanolamines; Secondary alcohols; 1-acyl-sn-glycero-3-phosphoethanolamines; Carbonyl compounds; Glycerophosphoethanolamines; Amines; Primary amines; Alkyl phosphates; Dialkyl phosphates; Fatty Acyls; Organic oxides; Hydrocarbon derivatives; Organopnictogen compounds; Organic oxygen compounds; Organic nitrogen compounds; Chemical entities	466.291	534	8.893	816705314170262095	816702836854374610	816702836854374609	3155	
1	C34H62N2O2	[M + H]+	C34H63N2O2+	Fatty acids	0.946	Fatty amides	0.579	Primary amides	0.143	Lipids and lipid-like molecules	0.939	Fatty Acyls	0.667	Fatty amides	0.703	N-acyl amines	0.518	N-acyl amines	0.518	Organic compounds; Lipids and lipid-like molecules; Organic acids and derivatives; Carboxylic acids and derivatives; Organonitrogen compounds; Organooxygen compounds; Fatty amides; Carboxylic acid amides; Carboxylic acid derivatives; N-acyl amines; Secondary carboxylic acid amides; Carbonyl compounds; Fatty Acyls; Organic oxides; Hydrocarbon derivatives; Organopnictogen compounds; Organic oxygen compounds; Organic nitrogen compounds; Chemical entities	531.486	534	8.908	816705322474986633	816702836976009441	816702836976009440	3166	
1	C31H62N4O	[M + H]+	C31H63N4O+	Fatty acids	0.818	Fatty amides	0.720	N-acyl amines	0.124	Lipids and lipid-like molecules	0.618	Fatty Acyls	0.460	Fatty amides	0.525			Fatty amides	0.525	Organic compounds; Organoheterocyclic compounds; Lipids and lipid-like molecules; Organic acids and derivatives; Carboxylic acids and derivatives; Organonitrogen compounds; Organooxygen compounds; Fatty amides; Carboxylic acid amides; Carboxylic acid derivatives; Secondary carboxylic acid amides; Carbonyl compounds; Amines; Organic oxides; Azacyclic compounds; Hydrocarbon derivatives; Organopnictogen compounds; Organic oxygen compounds; Organic nitrogen compounds; Chemical entities	507.498	535	8.910	816705318918215000	816702837009563878	816702837009563877	3168	
1	C16H28O	[M + H]+	C16H29O+	Fatty acids	0.961	Fatty acyls	0.702	Fatty alcohols	0.303	Lipids and lipid-like molecules	0.680							Lipids and lipid-like molecules	0.680	Organic compounds; Lipids and lipid-like molecules; Organooxygen compounds; Hydrocarbon derivatives; Organic oxygen compounds; Chemical entities	237.220	535	8.912	816705322483375260	816702837047312619	816702837043118314	3172	
1	C16H28O	[M + H3N + H]+	C16H32NO+	Fatty acids	0.949	Fatty acyls	0.921	Fatty alcohols	0.428	Lipids and lipid-like molecules	0.542							Lipids and lipid-like molecules	0.542	Organic compounds; Lipids and lipid-like molecules; Ketones; Organooxygen compounds; Carbonyl compounds; Organic oxides; Hydrocarbon derivatives; Organic oxygen compounds; Chemical entities	254.247	535	8.913	816705322483375263	816702837085061360	816702837080867055	3173	
1	C25H40O10	[M + K]+	C25H40KO10+	Fatty acids	0.718	Fatty acyl glycosides	0.180	Fatty acyl glycosides of mono- and disaccharides	0.147	Organic oxygen compounds	1.000	Organooxygen compounds	1.000	Carbohydrates and carbohydrate conjugates	0.954	Glycosyl compounds	0.859	O-glycosyl compounds	0.888	Organic compounds; Organoheterocyclic compounds; Carbohydrates and carbohydrate conjugates; Lipids and lipid-like molecules; Alcohols and polyols; Ethers; Organic acids and derivatives; Carboxylic acids and derivatives; Primary alcohols; Organooxygen compounds; Fatty acid esters; Carboxylic acid derivatives; Carboxylic acid esters; Monosaccharides; Acetals; Secondary alcohols; Carbonyl compounds; Oxanes; Glycosyl compounds; O-glycosyl compounds; Polyols; Fatty Acyls; Organic oxides; Oxacyclic compounds; Hydrocarbon derivatives; Organic oxygen compounds; Chemical entities	539.222	536	8.925	816705343308097561	816702837160558842	816702837160558841	3125	
1	C23H44NO7P	[M + Na]+	C23H44NNaO7P+	Fatty acids	1.000	Glycerophospholipids	1.000	Glycerophosphoethanolamines	0.999	Organic acids and derivatives	1.000	Carboxylic acids and derivatives	0.997	Amino acids, peptides, and analogues	0.988	Amino acids and derivatives	0.988	Amino acids and derivatives	0.988	Organic compounds; Lipids and lipid-like molecules; Amino acids, peptides, and analogues; Alcohols and polyols; Glycerophospholipids; Organic acids and derivatives; Carboxylic acids and derivatives; Organonitrogen compounds; Organooxygen compounds; Fatty acid esters; Amino acids and derivatives; Organic phosphoric acids and derivatives; Phosphate esters; Monoalkylamines; Carboxylic acid derivatives; Monocarboxylic acids and derivatives; Carboxylic acid esters; Phosphoethanolamines; Lysophosphatidylethanolamines; Secondary alcohols; 1-acyl-sn-glycero-3-phosphoethanolamines; Carbonyl compounds; Glycerophosphoethanolamines; Amines; Primary amines; Alkyl phosphates; Dialkyl phosphates; Fatty Acyls; Organic oxides; Hydrocarbon derivatives; Organopnictogen compounds; Organic oxygen compounds; Organic nitrogen compounds; Chemical entities	500.273	536	8.939	816705332151247609	816702837445771544	816702837445771543	3189	
1	C19H29NO	[M + H]+	C19H30NO+	Fatty acids	0.600	Pseudoalkaloids (transamidation)	0.265	Phenylalanine-derived alkaloids	0.059	Benzenoids	0.908	Benzene and substituted derivatives	0.570					Benzene and substituted derivatives	0.570	Organic compounds; Alcohols and polyols; Organonitrogen compounds; Organooxygen compounds; Secondary alcohols; Benzene and substituted derivatives; Benzenoids; Hydrocarbon derivatives; Organopnictogen compounds; Organic oxygen compounds; Organic nitrogen compounds; Chemical entities	288.231	537	8.942	816705333388567482	816702837529657634	816702837529657633	3191	
1	C30H45N7O7	[M + H]+	C30H46N7O7+	Amino acids and Peptides	0.937	Oligopeptides	0.987	Cyclic peptides	0.376	Organic acids and derivatives	0.995	Carboxylic acids and derivatives	0.986	Amino acids, peptides, and analogues	0.923	Amino acids and derivatives	0.909	N-acyl-alpha amino acids and derivatives	0.687	Organic compounds; Organoheterocyclic compounds; Lipids and lipid-like molecules; Amino acids, peptides, and analogues; Alpha amino acids and derivatives; Alcohols and polyols; Organic acids and derivatives; Carboxylic acids and derivatives; Organonitrogen compounds; Organooxygen compounds; Fatty amides; Amino acids and derivatives; Carboxylic acid amides; Carboxylic acid derivatives; N-acyl amines; Organic nitro compounds; N-acyl-alpha amino acids and derivatives; Secondary alcohols; Secondary carboxylic acid amides; Carbonyl compounds; Benzene and substituted derivatives; Benzenoids; Organic 1,3-dipolar compounds; Allyl-type 1,3-dipolar organic compounds; Propargyl-type 1,3-dipolar organic compounds; Fatty Acyls; Organic oxides; Azacyclic compounds; Heteroaromatic compounds; Hydrocarbon derivatives; Organopnictogen compounds; Organic oxygen compounds; Nitroaromatic compounds; Organic nitrogen compounds; Chemical entities	616.344	537	8.944	816705371774840491	816702837575794983	816702837571600678	3192	
1	C21H44NO7P	[M + H]+	C21H45NO7P+	Fatty acids	1.000	Glycerophospholipids	1.000	Glycerophosphoethanolamines	1.000	Organic acids and derivatives	0.999	Carboxylic acids and derivatives	0.997	Amino acids, peptides, and analogues	0.987	Amino acids and derivatives	0.986	Amino acids and derivatives	0.986	Organic compounds; Lipids and lipid-like molecules; Amino acids, peptides, and analogues; Alcohols and polyols; Glycerophospholipids; Organic acids and derivatives; Carboxylic acids and derivatives; Organonitrogen compounds; Organooxygen compounds; Fatty acid esters; Amino acids and derivatives; Organic phosphoric acids and derivatives; Phosphate esters; Monoalkylamines; Carboxylic acid derivatives; Monocarboxylic acids and derivatives; Carboxylic acid esters; Phosphoethanolamines; Lysophosphatidylethanolamines; Secondary alcohols; 1-acyl-sn-glycero-3-phosphoethanolamines; Carbonyl compounds; Glycerophosphoethanolamines; Amines; Primary amines; Alkyl phosphates; Dialkyl phosphates; Fatty Acyls; Organic oxides; Hydrocarbon derivatives; Organopnictogen compounds; Organic oxygen compounds; Organic nitrogen compounds; Chemical entities	454.291	537	8.944	816705332117693168	816702837617738028	816702837617738027	3193	
1	C23H44NO7P	[M + H]+	C23H45NO7P+	Fatty acids	1.000	Glycerophospholipids	1.000	Glycerophosphoethanolamines	0.998	Organic acids and derivatives	1.000	Carboxylic acids and derivatives	0.999	Amino acids, peptides, and analogues	0.993	Amino acids and derivatives	0.993	Amino acids and derivatives	0.993	Organic compounds; Lipids and lipid-like molecules; Amino acids, peptides, and analogues; Alcohols and polyols; Glycerophospholipids; Organic acids and derivatives; Carboxylic acids and derivatives; Organonitrogen compounds; Organooxygen compounds; Fatty acid esters; Amino acids and derivatives; Organic phosphoric acids and derivatives; Phosphate esters; Monoalkylamines; Carboxylic acid derivatives; Monocarboxylic acids and derivatives; Carboxylic acid esters; Phosphoethanolamines; Lysophosphatidylethanolamines; Secondary alcohols; 1-acyl-sn-glycero-3-phosphoethanolamines; Carbonyl compounds; Glycerophosphoethanolamines; Amines; Primary amines; Alkyl phosphates; Dialkyl phosphates; Fatty Acyls; Organic oxides; Hydrocarbon derivatives; Organopnictogen compounds; Organic oxygen compounds; Organic nitrogen compounds; Chemical entities	478.291	537	8.944	816705334588138640	816702837655486769	816702837655486768	3194	
1	C23H36N2O11	[M + Na]+	C23H36N2NaO11+	Amino acids and Peptides	0.924	Aminosugars and aminoglycosides	0.118	Cyanogenic glycosides	0.212	Organic acids and derivatives	0.888	Carboxylic acids and derivatives	0.859	Amino acids, peptides, and analogues	0.574	Amino acids and derivatives	0.569	Amino acids and derivatives	0.569	Organic compounds; Organoheterocyclic compounds; Carbohydrates and carbohydrate conjugates; Lipids and lipid-like molecules; Amino acids, peptides, and analogues; Alcohols and polyols; Ethers; Organic acids and derivatives; Carboxylic acids and derivatives; Organonitrogen compounds; Primary alcohols; Organooxygen compounds; Amino acids and derivatives; Carboxylic acid amides; Carboxylic acid derivatives; Acetals; Secondary alcohols; Secondary carboxylic acid amides; Carbonyl compounds; Benzene and substituted derivatives; Polyols; Amines; Fatty Acyls; Organic oxides; Oxacyclic compounds; Hydrocarbon derivatives; Organopnictogen compounds; Organic oxygen compounds; Organic nitrogen compounds; Chemical entities	539.222	538	8.959	816705558329121998	816702837764538688	816702837764538687	3207	
1	C21H38O4	[M + H]+	C21H39O4+	Fatty acids	0.999	Glycerolipids	0.988	Monoacylglycerols	0.979	Lipids and lipid-like molecules	0.998	Fatty Acyls	0.985	Lineolic acids and derivatives	0.580			Lineolic acids and derivatives	0.580	Organic compounds; Lipids and lipid-like molecules; Alcohols and polyols; Glycerolipids; Organic acids and derivatives; Carboxylic acids and derivatives; Primary alcohols; Organooxygen compounds; Fatty acid esters; Lineolic acids and derivatives; Carboxylic acid derivatives; Monoacylglycerols; Monocarboxylic acids and derivatives; Carboxylic acid esters; 1-monoacylglycerols; 2-monoacylglycerols; Secondary alcohols; Carbonyl compounds; Polyols; 1,2-diols; Monoradylglycerols; Fatty Acyls; Organic oxides; Hydrocarbon derivatives; Organic oxygen compounds; Chemical entities	355.283	538	8.960	816705344872572999	816702837798093125	816702837798093124	3212	
1	C27H48O9	[M + H3N + H]+	C27H52NO9+	Fatty acids	1.000	Glycerolipids	0.999	Glycosyldiacylglycerols	0.476	Lipids and lipid-like molecules	0.998	Glycerolipids	0.984	Glycosylglycerols	0.993			Glycosylglycerols	0.993	Organic compounds; Organoheterocyclic compounds; Carbohydrates and carbohydrate conjugates; Lipids and lipid-like molecules; Alcohols and polyols; Glycerolipids; Ethers; Organic acids and derivatives; Carboxylic acids and derivatives; Primary alcohols; Organooxygen compounds; Fatty acid esters; Lineolic acids and derivatives; Glycosylglycerols; Carboxylic acid derivatives; Monocarboxylic acids and derivatives; Carboxylic acid esters; Hexoses; Monosaccharides; Acetals; Secondary alcohols; Fatty acyl glycosides; Carbonyl compounds; Oxanes; Glycosyl compounds; O-glycosyl compounds; Polyols; Fatty Acyls; Organic oxides; Oxacyclic compounds; Hydrocarbon derivatives; Organic oxygen compounds; Chemical entities	534.362	538	8.960	816705341202556761	816702837831647562	816702837831647561	3213	
1	C21H36O3	[M + H]+	C21H37O3+	Terpenoids	0.606	Diterpenoids	0.550	Monoacylglycerols	0.084	Lipids and lipid-like molecules	0.974	Prenol lipids	0.637	Diterpenoids	0.576			Diterpenoids	0.576	Organic compounds; Lipids and lipid-like molecules; Alcohols and polyols; Prenol lipids; Organic acids and derivatives; Carboxylic acids and derivatives; Organooxygen compounds; Carboxylic acid derivatives; Monocarboxylic acids and derivatives; Carboxylic acid esters; Diterpenoids; Secondary alcohols; Carbonyl compounds; Fatty Acyls; Organic oxides; Hydrocarbon derivatives; Organic oxygen compounds; Chemical entities	337.272	538	8.961	816705339982014115	816702837886173519	816702837886173518	3216	
1	C14H35N4	[M + Na]+	C14H35N4Na+	Alkaloids	0.712	Fatty acyls	0.208	Acetate-derived alkaloids	0.235	Organic nitrogen compounds	1.000	Organonitrogen compounds	0.998					Organonitrogen compounds	0.998	Organic compounds; Organonitrogen compounds; Hydrocarbon derivatives; Organopnictogen compounds; Organic nitrogen compounds; Chemical entities	282.278	538	8.961	816705338367206881	816702837957476692	816702837953282387	3217	
1	C16H30	[M + Na]+	C16H30Na+	Terpenoids	0.988	Sesquiterpenoids	0.899	Caryophyllane sesquiterpenoids	0.194	Lipids and lipid-like molecules	0.866	Prenol lipids	0.824	Sesquiterpenoids	0.597			Sesquiterpenoids	0.597	Organic compounds; Lipids and lipid-like molecules; Prenol lipids; Sesquiterpenoids; Hydrocarbons; Olefins; Polycyclic hydrocarbons; Unsaturated hydrocarbons; Unsaturated aliphatic hydrocarbons; Branched unsaturated hydrocarbons; Chemical entities	245.225	538	8.962	816705337993913752	816702838020391257	816702838020391256	3219	
1	C18H30O	[M + H]+	C18H31O+	Fatty acids	0.829	Fatty acyls	0.391	Unsaturated fatty acids	0.215	Lipids and lipid-like molecules	0.887	Fatty Acyls	0.643					Fatty Acyls	0.643	Organic compounds; Lipids and lipid-like molecules; Organooxygen compounds; Carbonyl compounds; Fatty Acyls; Organic oxides; Hydrocarbon derivatives; Organic oxygen compounds; Chemical entities	263.236	538	8.963	816705341097699134	816702838066528606	816702838066528605	3220	
1	C19H37NO3	[M + H]+	C19H38NO3+	Fatty acids	0.883	Fatty amides	0.749	N-acyl ethanolamines (endocannabinoids)	0.166	Lipids and lipid-like molecules	0.807	Fatty Acyls	0.670	Fatty amides	0.506	N-acyl amines	0.575	N-acyl amines	0.575	Organic compounds; Lipids and lipid-like molecules; Alcohols and polyols; Organic acids and derivatives; Carboxylic acids and derivatives; Organonitrogen compounds; Organooxygen compounds; Fatty amides; Carboxylic acid amides; Carboxylic acid derivatives; N-acyl amines; Monocarboxylic acids and derivatives; Secondary alcohols; Secondary carboxylic acid amides; Carbonyl compounds; Fatty Acyls; Organic oxides; Hydrocarbon derivatives; Organopnictogen compounds; Organic oxygen compounds; Organic nitrogen compounds; Chemical entities	328.283	538	8.967	816705355249281883	816702838137831784	816702838137831783	3226	
1	C26H48NO7P	[M + H]+	C26H49NO7P+	Fatty acids	1.000	Glycerophospholipids	1.000	Glycerophosphocholines	0.998	Lipids and lipid-like molecules	0.988	Glycerophospholipids	0.999	Glycerophosphocholines	0.998	Lysophosphatidylcholines	0.965	1-acyl-sn-glycero-3-phosphocholines	0.894	Organic compounds; Lipids and lipid-like molecules; Alcohols and polyols; Glycerophospholipids; Organic acids and derivatives; Carboxylic acids and derivatives; Organonitrogen compounds; Organooxygen compounds; Fatty acid esters; Organic phosphoric acids and derivatives; Phosphate esters; Quaternary ammonium salts; Cholines; Carboxylic acid derivatives; Monocarboxylic acids and derivatives; Carboxylic acid esters; Phosphocholines; Lysophosphatidylcholines; 1-acyl-sn-glycero-3-phosphocholines; Secondary alcohols; Carbonyl compounds; Glycerophosphocholines; Amines; Alkyl phosphates; Dialkyl phosphates; Organic cations; Organic salts; Fatty Acyls; Organic oxides; Hydrocarbon derivatives; Tetraalkylammonium salts; Organopnictogen compounds; Organic oxygen compounds; Organic nitrogen compounds; Chemical entities	518.323	538	8.971	816705349146569105	816702838175580525	816702838175580524	3227	
1	C18H28O2	[M + H]+	C18H29O2+	Terpenoids	0.839	Steroids	0.743	Androstane steroids	0.236	Lipids and lipid-like molecules	0.941	Steroids and steroid derivatives	0.741	Oxosteroids	0.554			Oxosteroids	0.554	Organic compounds; Lipids and lipid-like molecules; Ketones; Alcohols and polyols; Steroids and steroid derivatives; Organooxygen compounds; Oxosteroids; Carbonyl compounds; Organic oxides; Hydrocarbon derivatives; Organic oxygen compounds; Chemical entities	277.215	540	8.993	816705354590776091	816702838255272311	816702838255272310	3240	
1	C29H46N6O8S3	[M + H]+	C29H47N6O8S3+	Amino acids and Peptides	0.988	Oligopeptides	1.000	Linear peptides	0.570	Organic acids and derivatives	0.998	Carboxylic acids and derivatives	0.980	Amino acids, peptides, and analogues	0.980	Peptides	0.616	Peptides	0.616	Organic compounds; Organoheterocyclic compounds; Organosulfur compounds; Lipids and lipid-like molecules; Amino acids, peptides, and analogues; Alpha amino acids and derivatives; Macrolactams; Alcohols and polyols; Lactams; Phenylpropanoids and polyketides; Organic acids and derivatives; Carboxylic acids and derivatives; Organonitrogen compounds; Organooxygen compounds; Fatty amides; Amino acids and derivatives; Peptides; Organic carbonic acids and derivatives; Monoalkylamines; Carboxylic acid amides; Ureas; Carboxylic acid derivatives; N-acyl amines; Monocarboxylic acids and derivatives; N-acyl-alpha amino acids and derivatives; Thioethers; N-carbamoyl-alpha amino acids and derivatives; Secondary alcohols; Secondary carboxylic acid amides; Tertiary carboxylic acid amides; Carbonyl compounds; Alpha amino acid amides; N-carbamoyl-alpha amino acids; Amines; Primary amines; Sulfenyl compounds; Dialkylthioethers; Fatty Acyls; Organic oxides; Azacyclic compounds; Methionine and derivatives; Hydrocarbon derivatives; Organopnictogen compounds; Organic oxygen compounds; Organic nitrogen compounds; Chemical entities	703.257	540	8.994	816705678873434114	816702838334964097	816702838334964096	3243	
1	C21H40O4	[M + H]+	C21H41O4+	Fatty acids	1.000	Glycerolipids	0.996	Monoacylglycerols	0.998	Lipids and lipid-like molecules	0.998	Glycerolipids	0.988	Monoradylglycerols	0.993	Monoacylglycerols	0.989	1-monoacylglycerols	0.952	Organic compounds; Lipids and lipid-like molecules; Alcohols and polyols; Glycerolipids; Organic acids and derivatives; Carboxylic acids and derivatives; Primary alcohols; Organooxygen compounds; Fatty acid esters; Carboxylic acid derivatives; Monoacylglycerols; Monocarboxylic acids and derivatives; Carboxylic acid esters; 1-monoacylglycerols; Secondary alcohols; Carbonyl compounds; Polyols; 1,2-diols; Monoradylglycerols; Fatty Acyls; Organic oxides; Hydrocarbon derivatives; Organic oxygen compounds; Chemical entities	357.298	540	8.996	816705370814344772	816702838372712838	816702838372712837	3245	
1	C21H38O3	[M + H]+	C21H39O3+	Fatty acids	1.000	Glycerolipids	0.857	Monoacylglycerols	0.928	Lipids and lipid-like molecules	0.992	Glycerolipids	0.742	Monoradylglycerols	0.861	Monoacylglycerols	0.817	1-monoacylglycerols	0.571	Organic compounds; Lipids and lipid-like molecules; Alcohols and polyols; Glycerolipids; Organic acids and derivatives; Carboxylic acids and derivatives; Primary alcohols; Organooxygen compounds; Fatty acid esters; Carboxylic acid derivatives; Monoacylglycerols; Monocarboxylic acids and derivatives; Carboxylic acid esters; 1-monoacylglycerols; Secondary alcohols; Carbonyl compounds; Polyols; 1,2-diols; Monoradylglycerols; Fatty Acyls; Organic oxides; Hydrocarbon derivatives; Organic oxygen compounds; Chemical entities	339.288	540	8.998	816705371049225832	816702838452404624	816702838452404623	3251	
1	C19H32O3	[M + H]+	C19H33O3+	Terpenoids	0.892	Diterpenoids	0.324	Open-chain polyketides	0.047	Lipids and lipid-like molecules	0.850	Prenol lipids	0.568					Prenol lipids	0.568	Organic compounds; Lipids and lipid-like molecules; Ketones; Alcohols and polyols; Prenol lipids; Organooxygen compounds; Secondary alcohols; Carbonyl compounds; Organic oxides; Hydrocarbon derivatives; Organic oxygen compounds; Chemical entities	309.241	540	9.000	816705397766943774	816702838506930581	816702838506930580	3252	
1	C33H60O14	[M + H3N + H]+	C33H64NO14+	Fatty acids	1.000	Glycerolipids	0.990	Glycosyldiacylglycerols	0.470	Lipids and lipid-like molecules	0.988	Glycerolipids	0.795	Glycosylglycerols	0.962			Glycosylglycerols	0.962	Organic compounds; Organoheterocyclic compounds; Carbohydrates and carbohydrate conjugates; Lipids and lipid-like molecules; Alcohols and polyols; Glycerolipids; Ethers; Organic acids and derivatives; Carboxylic acids and derivatives; Primary alcohols; Organooxygen compounds; Fatty acid esters; Glycosylglycerols; Carboxylic acid derivatives; Monocarboxylic acids and derivatives; Carboxylic acid esters; Disaccharides; Acetals; Secondary alcohols; Carbonyl compounds; Oxanes; Glycosyl compounds; O-glycosyl compounds; Polyols; Fatty Acyls; Organic oxides; Oxacyclic compounds; Hydrocarbon derivatives; Organic oxygen compounds; Chemical entities	698.430	540	9.001	816705399864096042	816702838544679322	816702838544679321	3256	
1	C18H28O	[M + H]+	C18H29O+	Terpenoids	0.969	Diterpenoids	0.706	Norlabdane diterpenoids	0.234	Lipids and lipid-like molecules	0.837	Prenol lipids	0.808					Prenol lipids	0.808	Organic compounds; Lipids and lipid-like molecules; Prenol lipids; Organooxygen compounds; Organic oxides; Hydrocarbon derivatives; Organic oxygen compounds; Chemical entities	261.220	541	9.025	816705387511869748	816702838624371108	816702838624371107	3274	
1	C19H38O4	[M + Na]+	C19H38NaO4+	Fatty acids	0.998	Glycerolipids	0.957	Monoacylglycerols	0.974	Lipids and lipid-like molecules	0.995	Fatty Acyls	0.949	Fatty alcohols	0.590	Long-chain fatty alcohols	0.663	Long-chain fatty alcohols	0.663	Organic compounds; Lipids and lipid-like molecules; Alcohols and polyols; Glycerolipids; Organic acids and derivatives; Carboxylic acids and derivatives; Primary alcohols; Organooxygen compounds; Fatty acid esters; Carboxylic acid derivatives; Monoacylglycerols; Monocarboxylic acids and derivatives; Carboxylic acid esters; Fatty alcohols; 1-monoacylglycerols; Secondary alcohols; Carbonyl compounds; Polyols; 1,2-diols; Long-chain fatty alcohols; Monoradylglycerols; Fatty Acyls; Organic oxides; Hydrocarbon derivatives; Organic oxygen compounds; Chemical entities	353.267	541	9.025	816705388988264893	816702838662119849	816702838662119848	3275	
1	C22H44NO7P	[M + H]+	C22H45NO7P+	Fatty acids	1.000	Glycerophospholipids	1.000	Glycerophosphoethanolamines	0.999	Organic acids and derivatives	1.000	Carboxylic acids and derivatives	0.999	Amino acids, peptides, and analogues	0.990	Amino acids and derivatives	0.989	Amino acids and derivatives	0.989	Organic compounds; Lipids and lipid-like molecules; Amino acids, peptides, and analogues; Alcohols and polyols; Glycerophospholipids; Organic acids and derivatives; Carboxylic acids and derivatives; Organonitrogen compounds; Organooxygen compounds; Fatty acid esters; Amino acids and derivatives; Organic phosphoric acids and derivatives; Phosphate esters; Monoalkylamines; Carboxylic acid derivatives; Monocarboxylic acids and derivatives; Carboxylic acid esters; Phosphoethanolamines; Lysophosphatidylethanolamines; Secondary alcohols; 1-acyl-sn-glycero-3-phosphoethanolamines; Carbonyl compounds; Glycerophosphoethanolamines; Amines; Primary amines; Alkyl phosphates; Dialkyl phosphates; Fatty Acyls; Organic oxides; Hydrocarbon derivatives; Organopnictogen compounds; Organic oxygen compounds; Organic nitrogen compounds; Chemical entities	466.291	542	9.034	816705401185301992	816702838750200243	816702838750200242	3282	
1	C22H44NO7P	[M + Na]+	C22H44NNaO7P+	Fatty acids	1.000	Glycerophospholipids	1.000	Glycerophosphoethanolamines	1.000	Organic acids and derivatives	0.999	Carboxylic acids and derivatives	0.997	Amino acids, peptides, and analogues	0.984	Amino acids and derivatives	0.984	Amino acids and derivatives	0.984	Organic compounds; Lipids and lipid-like molecules; Amino acids, peptides, and analogues; Alcohols and polyols; Glycerophospholipids; Organic acids and derivatives; Carboxylic acids and derivatives; Organonitrogen compounds; Organooxygen compounds; Fatty acid esters; Amino acids and derivatives; Organic phosphoric acids and derivatives; Phosphate esters; Monoalkylamines; Carboxylic acid derivatives; Monocarboxylic acids and derivatives; Carboxylic acid esters; Phosphoethanolamines; Lysophosphatidylethanolamines; Secondary alcohols; 1-acyl-sn-glycero-3-phosphoethanolamines; Carbonyl compounds; Glycerophosphoethanolamines; Amines; Primary amines; Alkyl phosphates; Dialkyl phosphates; Fatty Acyls; Organic oxides; Hydrocarbon derivatives; Organopnictogen compounds; Organic oxygen compounds; Organic nitrogen compounds; Chemical entities	488.273	542	9.038	816705400379995474	816702838792143288	816702838792143287	3287	
1	C34H67NO	[M + H]+	C34H68NO+	Fatty acids	1.000	Fatty amides	0.999	N-acyl amines	0.723	Lipids and lipid-like molecules	0.989	Fatty Acyls	0.985	Fatty amides	0.989	N-acyl amines	0.942	N-acyl amines	0.942	Organic compounds; Lipids and lipid-like molecules; Organic acids and derivatives; Carboxylic acids and derivatives; Organonitrogen compounds; Organooxygen compounds; Fatty amides; Carboxylic acid amides; Carboxylic acid derivatives; N-acyl amines; Secondary carboxylic acid amides; Carbonyl compounds; Fatty Acyls; Organic oxides; Hydrocarbon derivatives; Organopnictogen compounds; Organic oxygen compounds; Organic nitrogen compounds; Chemical entities	506.528	543	9.045	816705400942032294	816702838829892029	816702838825697724	3291	
1	C29H40O6	[M + H]+	C29H41O6+	Terpenoids	0.405	Triterpenoids	0.168	Other polyketide meroterpenoids	0.052	Benzenoids	0.624							Benzenoids	0.624	Organic compounds; Organoheterocyclic compounds; Lipids and lipid-like molecules; Alcohols and polyols; Ethers; Prenol lipids; Organic acids and derivatives; Carboxylic acids and derivatives; Organooxygen compounds; Carboxylic acid derivatives; Carboxylic acid esters; Carbonyl compounds; Benzenoids; Organic oxides; Oxacyclic compounds; Hydrocarbon derivatives; Organic oxygen compounds; Chemical entities	485.288	543	9.048	816705401495680562	816702838867640770	816702838867640769	3294	
1	C29H48O2	[M + H]+	C29H49O2+	Terpenoids	1.000	Meroterpenoids	1.000	Prenyl quinone meroterpenoids	1.000	Lipids and lipid-like molecules	0.920	Prenol lipids	0.954	Quinone and hydroquinone lipids	0.999	Vitamin E compounds	0.999	Tocopherols	0.880	Organic compounds; Organoheterocyclic compounds; Lipids and lipid-like molecules; Benzopyrans; Alkyl aryl ethers; Phenols; Tocopherols; Ethers; Prenol lipids; Carboxylic acids and derivatives; Organooxygen compounds; Carboxylic acid derivatives; Monocarboxylic acids and derivatives; Carboxylic acid esters; Quinone and hydroquinone lipids; Vitamin E compounds; Diterpenoids; Carbonyl compounds; Benzenoids; 1-benzopyrans; Organic oxides; Oxacyclic compounds; Hydrocarbon derivatives; Organic oxygen compounds; Chemical entities	429.371	543	9.057	816705412853856854	816702839148659168	816702839148659167	3305	
1	C22H43NO2	[M - H2O + H]+	C22H42NO+	Fatty acids	0.994	Fatty amides	0.778	N-acyl ethanolamines (endocannabinoids)	0.673	Lipids and lipid-like molecules	0.650							Lipids and lipid-like molecules	0.650	Organic compounds; Lipids and lipid-like molecules; Alcohols and polyols; Organonitrogen compounds; Primary alcohols; Organooxygen compounds; Secondary alcohols; 1,2-aminoalcohols; Amines; Alkanolamines; Hydrocarbon derivatives; Organopnictogen compounds; Organic oxygen compounds; Organic nitrogen compounds; Chemical entities	336.325	544	9.058	816705410098198819	816702839182213605	816702839182213604	3308	
1	C39H66O9	[M + H]+	C39H67O9+	Polyketides	0.447	Linear polyketides	0.103	Open-chain polyketides	0.154	Lipids and lipid-like molecules	0.865	Prenol lipids	0.587					Prenol lipids	0.587	Organic compounds; Organoheterocyclic compounds; Lipids and lipid-like molecules; Alcohols and polyols; Ethers; Prenol lipids; Organic acids and derivatives; Carboxylic acids and derivatives; Organooxygen compounds; Carboxylic acid derivatives; Carboxylic acid esters; Secondary alcohols; Carbonyl compounds; Fatty Acyls; Organic oxides; Oxacyclic compounds; Hydrocarbon derivatives; Organic oxygen compounds; Chemical entities	679.484	544	9.059	816705434676824917	816702839224156650	816702839219962345	3309	
1	C34H65N3O4	[M + H]+	C34H66N3O4+	Fatty acids	0.539	Oligopeptides	0.170	Open-chain polyketides	0.160	Organic acids and derivatives	0.988	Carboxylic acids and derivatives	0.966	Amino acids, peptides, and analogues	0.607	Amino acids and derivatives	0.593	Amino acids and derivatives	0.593	Organic compounds; Organoheterocyclic compounds; Lipids and lipid-like molecules; Amino acids, peptides, and analogues; Organic acids and derivatives; Carboxylic acids and derivatives; Organonitrogen compounds; Organooxygen compounds; Fatty amides; Amino acids and derivatives; Carboxylic acid amides; Carboxylic acid derivatives; N-acyl amines; Secondary carboxylic acid amides; Carbonyl compounds; Fatty Acyls; Organic oxides; Azacyclic compounds; Hydrocarbon derivatives; Organopnictogen compounds; Organic oxygen compounds; Organic nitrogen compounds; Chemical entities	580.503	544	9.059	816705422622392556	816702839257711087	816702839257711086	3311	
1	C21H46OSi	[M + H]+	C21H47OSi+	Fatty acids	0.995	Fatty acyls	0.972	Fatty alcohols	0.954	Lipids and lipid-like molecules	0.643	Fatty Acyls	0.609					Fatty Acyls	0.609	Organic compounds; Lipids and lipid-like molecules; Alcohols and polyols; Primary alcohols; Organooxygen compounds; Fatty Acyls; Hydrocarbon derivatives; Organic oxygen compounds; Chemical entities	343.338	544	9.065	816705422504951994	816702839295459828	816702839295459827	3320	
1	C30H48	[M + H]+	C30H49+	Terpenoids	0.998	Carotenoids (C40)	0.552	Carotenoids (C40, γ-Ψ)	0.115	Lipids and lipid-like molecules	0.982	Prenol lipids	0.914					Prenol lipids	0.914	Organic compounds; Lipids and lipid-like molecules; Prenol lipids; Hydrocarbons; Olefins; Cyclic olefins; Unsaturated hydrocarbons; Unsaturated aliphatic hydrocarbons; Branched unsaturated hydrocarbons; Chemical entities	409.381	544	9.066	816705422668529916	816702839333208569	816702839329014264	3316	
1	C21H40O4	[M + H]+	C21H41O4+	Fatty acids	1.000	Glycerolipids	0.991	Monoacylglycerols	0.995	Lipids and lipid-like molecules	0.997	Glycerolipids	0.981	Monoradylglycerols	0.983	Monoacylglycerols	0.980	1-monoacylglycerols	0.906	Organic compounds; Lipids and lipid-like molecules; Alcohols and polyols; Glycerolipids; Organic acids and derivatives; Carboxylic acids and derivatives; Primary alcohols; Organooxygen compounds; Fatty acid esters; Carboxylic acid derivatives; Monoacylglycerols; Monocarboxylic acids and derivatives; Carboxylic acid esters; 1-monoacylglycerols; Secondary alcohols; Carbonyl compounds; Polyols; 1,2-diols; Monoradylglycerols; Fatty Acyls; Organic oxides; Hydrocarbon derivatives; Organic oxygen compounds; Chemical entities	357.298	544	9.071	816705416058305740	816702839375151614	816702839375151613	3375	
1	C32H61N5O4	[M + H]+	C32H62N5O4+	Amino acids and Peptides	0.974	Small peptides	0.581	Tripeptides	0.415	Organic acids and derivatives	0.998	Carboxylic acids and derivatives	0.993	Amino acids, peptides, and analogues	0.982	Peptides	0.678	Dipeptides	0.575	Organic compounds; Organoheterocyclic compounds; Lipids and lipid-like molecules; Amino acids, peptides, and analogues; Alpha amino acids and derivatives; Organic acids and derivatives; Carboxylic acids and derivatives; Organonitrogen compounds; Organooxygen compounds; Fatty amides; Amino acids and derivatives; Peptides; Carboxylic acid amides; Carboxylic acid derivatives; N-acyl amines; N-acyl-alpha amino acids and derivatives; Secondary carboxylic acid amides; Tertiary carboxylic acid amides; Carbonyl compounds; Alpha amino acid amides; N-acylpyrrolidines; Fatty Acyls; Organic oxides; Azacyclic compounds; Hydrocarbon derivatives; Valine and derivatives; Organopnictogen compounds; Organic oxygen compounds; Organic nitrogen compounds; Dipeptides; Chemical entities	580.485	544	9.072	816705425369662198	816702839412900355	816702839412900354	3343	
1	C36H68N2O7	[M + Na]+	C36H68N2NaO7+	Amino acids and Peptides	0.448	Oligopeptides	0.702	Aminoacids	0.186	Organic acids and derivatives	0.999	Carboxylic acids and derivatives	0.997	Amino acids, peptides, and analogues	0.879	Amino acids and derivatives	0.874	Alpha amino acid esters	0.557	Organic compounds; Organoheterocyclic compounds; Amino acids, peptides, and analogues; Lactones; Alpha amino acids and derivatives; Macrolides and analogues; Organic acids and derivatives; Carboxylic acids and derivatives; Organonitrogen compounds; Organooxygen compounds; Amino acids and derivatives; Alpha amino acid esters; Carboxylic acid amides; Carboxylic acid derivatives; Carboxylic acid esters; Tertiary carboxylic acid amides; Carbonyl compounds; Fatty Acyls; Organic oxides; Azacyclic compounds; Oxacyclic compounds; Hydrocarbon derivatives; Organopnictogen compounds; Organic oxygen compounds; Organic nitrogen compounds; Chemical entities	663.489	544	9.073	816705439110204493	816702839454843400	816702839454843399	3326	
1	C21H44NO7P	[M + Na]+	C21H44NNaO7P+	Fatty acids	1.000	Glycerophospholipids	1.000	Glycerophosphoethanolamines	1.000	Organic acids and derivatives	0.999	Carboxylic acids and derivatives	0.996	Amino acids, peptides, and analogues	0.986	Amino acids and derivatives	0.985	Amino acids and derivatives	0.985	Organic compounds; Lipids and lipid-like molecules; Amino acids, peptides, and analogues; Alcohols and polyols; Glycerophospholipids; Organic acids and derivatives; Carboxylic acids and derivatives; Organonitrogen compounds; Organooxygen compounds; Fatty acid esters; Amino acids and derivatives; Organic phosphoric acids and derivatives; Phosphate esters; Monoalkylamines; Carboxylic acid derivatives; Monocarboxylic acids and derivatives; Carboxylic acid esters; Phosphoethanolamines; Lysophosphatidylethanolamines; Secondary alcohols; 1-acyl-sn-glycero-3-phosphoethanolamines; Carbonyl compounds; Glycerophosphoethanolamines; Amines; Primary amines; Alkyl phosphates; Dialkyl phosphates; Fatty Acyls; Organic oxides; Hydrocarbon derivatives; Organopnictogen compounds; Organic oxygen compounds; Organic nitrogen compounds; Chemical entities	476.273	545	9.077	816705422504951999	816702839492592141	816702839492592140	3329	
1	C21H44NO7P	[M + H]+	C21H45NO7P+	Fatty acids	1.000	Glycerophospholipids	1.000	Glycerophosphoethanolamines	1.000	Organic acids and derivatives	1.000	Carboxylic acids and derivatives	0.997	Amino acids, peptides, and analogues	0.990	Amino acids and derivatives	0.990	Amino acids and derivatives	0.990	Organic compounds; Lipids and lipid-like molecules; Amino acids, peptides, and analogues; Alcohols and polyols; Glycerophospholipids; Organic acids and derivatives; Carboxylic acids and derivatives; Organonitrogen compounds; Organooxygen compounds; Fatty acid esters; Amino acids and derivatives; Organic phosphoric acids and derivatives; Phosphate esters; Monoalkylamines; Carboxylic acid derivatives; Monocarboxylic acids and derivatives; Carboxylic acid esters; Phosphoethanolamines; Lysophosphatidylethanolamines; Secondary alcohols; 1-acyl-sn-glycero-3-phosphoethanolamines; Carbonyl compounds; Glycerophosphoethanolamines; Amines; Primary amines; Alkyl phosphates; Dialkyl phosphates; Fatty Acyls; Organic oxides; Hydrocarbon derivatives; Organopnictogen compounds; Organic oxygen compounds; Organic nitrogen compounds; Chemical entities	454.291	545	9.080	816705424107176414	816702839530340882	816702839530340881	3336	
1	C20H40N6O4	[M + H]+	C20H41N6O4+	Terpenoids	0.351	Tyrosine alkaloids	0.268	Prenyl quinone meroterpenoids	0.362	Organic oxygen compounds	0.999	Organooxygen compounds	0.995	Ethers	0.516	Alkyl aryl ethers	0.622	Alkyl aryl ethers	0.622	Organic compounds; Lipids and lipid-like molecules; Alkyl aryl ethers; Ethers; Prenol lipids; Organonitrogen compounds; Organooxygen compounds; Monoalkylamines; Benzenoids; Amines; Primary amines; Aralkylamines; Hydrocarbon derivatives; Organopnictogen compounds; Organic oxygen compounds; Organic nitrogen compounds; Chemical entities	429.317	545	9.083	816705428314064950	816702839605838364	816702839605838363	3341	
1	C15H34N6O2	[M + H]+	C15H35N6O2+	Alkaloids	0.806	Pseudoalkaloids (transamidation)	0.632	Purine alkaloids	0.601	Organoheterocyclic compounds	0.996	Imidazopyrimidines	0.584	Purines and purine derivatives	0.567			Purines and purine derivatives	0.567	Organic compounds; Organoheterocyclic compounds; Pyrimidines and pyrimidine derivatives; Purines and purine derivatives; Ethers; Organonitrogen compounds; Organooxygen compounds; Aminopyrimidines and derivatives; Diazines; Imidazopyrimidines; Amines; Primary amines; Azacyclic compounds; Heteroaromatic compounds; Hydrocarbon derivatives; Organopnictogen compounds; Organic oxygen compounds; Organic nitrogen compounds; Chemical entities	331.283	545	9.087	816705429656242492	816702839723278891	816702839719084586	3348	
1	C23H46NO7P	[M + H]+	C23H47NO7P+	Fatty acids	1.000	Glycerophospholipids	1.000	Glycerophosphoethanolamines	0.998	Organic acids and derivatives	0.999	Carboxylic acids and derivatives	0.997	Amino acids, peptides, and analogues	0.983	Amino acids and derivatives	0.983	Amino acids and derivatives	0.983	Organic compounds; Lipids and lipid-like molecules; Amino acids, peptides, and analogues; Alcohols and polyols; Glycerophospholipids; Organic acids and derivatives; Carboxylic acids and derivatives; Organonitrogen compounds; Organooxygen compounds; Fatty acid esters; Amino acids and derivatives; Organic phosphoric acids and derivatives; Phosphate esters; Monoalkylamines; Carboxylic acid derivatives; Monocarboxylic acids and derivatives; Carboxylic acid esters; Phosphoethanolamines; Lysophosphatidylethanolamines; Secondary alcohols; 1-acyl-sn-glycero-3-phosphoethanolamines; Carbonyl compounds; Glycerophosphoethanolamines; Amines; Primary amines; Alkyl phosphates; Dialkyl phosphates; Fatty Acyls; Organic oxides; Hydrocarbon derivatives; Organopnictogen compounds; Organic oxygen compounds; Organic nitrogen compounds; Chemical entities	480.306	545	9.088	816705430084061549	816702839756833328	816702839756833327	3350	
1	C36H70O7S	[M + H]+	C36H71O7S+	Polyketides	0.524	Macrolides	0.549	Open-chain polyketides	0.179	Organic acids and derivatives	0.929	Carboxylic acids and derivatives	0.849	Dicarboxylic acids and derivatives	0.549			Dicarboxylic acids and derivatives	0.549	Organic compounds; Organosulfur compounds; Lipids and lipid-like molecules; Alcohols and polyols; Organic acids and derivatives; Carboxylic acids and derivatives; Organooxygen compounds; Dicarboxylic acids and derivatives; Carboxylic acid derivatives; Carboxylic acid esters; Secondary alcohols; Carbonyl compounds; Fatty Acyls; Organic oxides; Hydrocarbon derivatives; Organic oxygen compounds; Chemical entities	647.495	546	9.093	816705437747055583	816702839861690938	816702839861690937	3360	
1	C18H33NO	[M + H]+	C18H34NO+	Fatty acids	1.000	Fatty amides	0.999	Primary amides	0.998	Lipids and lipid-like molecules	0.925	Fatty Acyls	0.921	Fatty amides	0.911			Fatty amides	0.911	Organic compounds; Lipids and lipid-like molecules; Organic acids and derivatives; Carboxylic acids and derivatives; Organonitrogen compounds; Organooxygen compounds; Fatty amides; Carboxylic acid amides; Carboxylic acid derivatives; Primary carboxylic acid amides; Carbonyl compounds; Fatty Acyls; Organic oxides; Hydrocarbon derivatives; Organopnictogen compounds; Organic oxygen compounds; Organic nitrogen compounds; Chemical entities	280.262	548	9.133	816705438405561390	816702840092377688	816702840092377687	3390	
1	C11H29N5O2	[M + H3N + H]+	C11H33N6O2+	Amino acids and Peptides	0.877	Small peptides	0.920	Aminoacids	0.797	Organic acids and derivatives	0.841	Carboxylic acids and derivatives	0.806	Amino acids, peptides, and analogues	0.731	Amino acids and derivatives	0.725	Alpha amino acids and derivatives	0.741	Organic compounds; Lipids and lipid-like molecules; Amino acids, peptides, and analogues; Alpha amino acids and derivatives; Fatty acids and conjugates; Organic acids and derivatives; Carboxylic acids and derivatives; Organonitrogen compounds; Organooxygen compounds; Amino acids and derivatives; Guanidines; Monocarboxylic acids and derivatives; Carboxylic acids; Carbonyl compounds; Carboximidamides; Organic 1,3-dipolar compounds; Propargyl-type 1,3-dipolar organic compounds; Fatty Acyls; Organic oxides; Hydrocarbon derivatives; Organopnictogen compounds; Organic oxygen compounds; Organic nitrogen compounds; Chemical entities	281.266	548	9.133	816705433921850105	816702840134320733	816702840134320732	3397	
1	C40H65N	[M + H]+	C40H66N+	Alkaloids	0.454	Pseudoalkaloids (transamidation)	0.817	Steroidal alkaloids	0.767	Lipids and lipid-like molecules	0.861	Steroids and steroid derivatives	0.511					Steroids and steroid derivatives	0.511	Organic compounds; Lipids and lipid-like molecules; Steroids and steroid derivatives; Prenol lipids; Organonitrogen compounds; Hydrocarbon derivatives; Organopnictogen compounds; Organic nitrogen compounds; Chemical entities	560.520	548	9.133	816705449142981348	816702840176263778	816702840176263777	3399	
1	C18H28	[M + H]+	C18H29+	Terpenoids	0.954	Diterpenoids	0.717	Bisabolane sesquiterpenoids	0.077	Benzenoids	0.682	Benzene and substituted derivatives	0.551					Benzene and substituted derivatives	0.551	Organic compounds; Lipids and lipid-like molecules; Prenol lipids; Benzene and substituted derivatives; Benzenoids; Hydrocarbons; Olefins; Cyclic olefins; Unsaturated hydrocarbons; Unsaturated aliphatic hydrocarbons; Aromatic hydrocarbons; Branched unsaturated hydrocarbons; Chemical entities	245.225	548	9.136	816705448484475612	816702840335647350	816702840331453045	3401	
1	C18H30O	[M + H]+	C18H31O+	Terpenoids	0.980	Diterpenoids	0.815	Norlabdane diterpenoids	0.140	Lipids and lipid-like molecules	0.894	Prenol lipids	0.787	Diterpenoids	0.542			Diterpenoids	0.542	Organic compounds; Lipids and lipid-like molecules; Alcohols and polyols; Prenol lipids; Organooxygen compounds; Diterpenoids; Carbonyl compounds; Organic oxides; Hydrocarbon derivatives; Organic oxygen compounds; Chemical entities	263.236	548	9.138	816705449147175660	816702840369201787	816702840369201786	3404	
1	C13H31N2O3	[M + H]+	C13H32N2O3+	Amino acids and Peptides	0.695	Small peptides	0.826	Dipeptides	0.682	Organic acids and derivatives	0.998	Carboxylic acids and derivatives	0.990	Amino acids, peptides, and analogues	0.900	Amino acids and derivatives	0.896	N-acyl-alpha amino acids	0.568	Organic compounds; Lipids and lipid-like molecules; Amino acids, peptides, and analogues; Alpha amino acids and derivatives; Organic acids and derivatives; Carboxylic acids and derivatives; Organonitrogen compounds; Organooxygen compounds; Amino acids and derivatives; Carboxylic acid amides; Carboxylic acid derivatives; Monocarboxylic acids and derivatives; N-acyl-alpha amino acids and derivatives; Carboxylic acids; Secondary carboxylic acid amides; Carbonyl compounds; N-acyl-alpha amino acids; Fatty Acyls; Organic oxides; Hydrocarbon derivatives; Organopnictogen compounds; Organic oxygen compounds; Organic nitrogen compounds; Chemical entities	264.239	549	9.142	816705457753890270	816702840406950528	816702840406950527	3406	
1	C21H38O4	[M - H2O + H]+	C21H37O3+	Terpenoids	0.925	Diterpenoids	0.895	Labdane diterpenoids	0.298	Lipids and lipid-like molecules	0.968	Prenol lipids	0.826	Diterpenoids	0.863			Diterpenoids	0.863	Organic compounds; Lipids and lipid-like molecules; Alcohols and polyols; Prenol lipids; Carboxylic acids and derivatives; Primary alcohols; Organooxygen compounds; Monocarboxylic acids and derivatives; Cyclic alcohols and derivatives; Diterpenoids; Secondary alcohols; Carbonyl compounds; Fatty Acyls; Organic oxides; Hydrocarbon derivatives; Organic oxygen compounds; Chemical entities	337.272	550	9.163	816705450724234232	816702840482448010	816702840478253705	3419	
1	C35H66N2O2	[M + H]+	C35H67N2O2+	Fatty acids	1.000	Fatty amides	0.994	N-acyl ethanolamines (endocannabinoids)	0.384	Lipids and lipid-like molecules	0.977	Fatty Acyls	0.968	Fatty amides	0.973	N-acyl amines	0.932	N-acyl amines	0.932	Organic compounds; Lipids and lipid-like molecules; Organic acids and derivatives; Carboxylic acids and derivatives; Organonitrogen compounds; Organooxygen compounds; Fatty amides; Carboxylic acid amides; Carboxylic acid derivatives; N-acyl amines; Secondary carboxylic acid amides; Carbonyl compounds; Fatty Acyls; Organic oxides; Hydrocarbon derivatives; Organopnictogen compounds; Organic oxygen compounds; Organic nitrogen compounds; Chemical entities	547.518	550	9.168	816705461373575016	816702840591499929	816702840591499928	3426	
1	C18H32N6O2	[M - H2O + H]+	C18H31N6O+	Amino acids and Peptides	0.390	Small peptides	0.132	Cyclamides	0.048	Organic acids and derivatives	0.967	Carboxylic acids and derivatives	0.945	Amino acids, peptides, and analogues	0.698	Amino acids and derivatives	0.692	Amino acids and derivatives	0.692	Organic compounds; Organoheterocyclic compounds; Amino acids, peptides, and analogues; Alcohols and polyols; Organic acids and derivatives; Carboxylic acids and derivatives; Organonitrogen compounds; Organooxygen compounds; Amino acids and derivatives; Azoles; Carboxylic acid amides; Carboxylic acid derivatives; Diazines; Secondary carboxylic acid amides; Carbonyl compounds; Benzenoids; Amines; Organic oxides; Azacyclic compounds; Heteroaromatic compounds; Hydrocarbon derivatives; Organopnictogen compounds; Organic oxygen compounds; Organic nitrogen compounds; Chemical entities	347.256	550	9.170	816705471003697886	816702840629248670	816702840625054365	3430	
1	C17H33NO	[M + H]+	C17H34NO+	Fatty acids	1.000	Fatty amides	0.999	Primary amides	1.000	Lipids and lipid-like molecules	0.831	Fatty Acyls	0.877	Fatty amides	0.850			Fatty amides	0.850	Organic compounds; Lipids and lipid-like molecules; Organic acids and derivatives; Carboxylic acids and derivatives; Organonitrogen compounds; Organooxygen compounds; Fatty amides; Carboxylic acid amides; Carboxylic acid derivatives; Primary carboxylic acid amides; Carbonyl compounds; Fatty Acyls; Organic oxides; Hydrocarbon derivatives; Organopnictogen compounds; Organic oxygen compounds; Organic nitrogen compounds; Chemical entities	268.262	550	9.173	816705469019791675	816702840662803107	816702840662803106	3434	
1	C26H48NO7P	[M + H]+	C26H49NO7P+	Fatty acids	1.000	Glycerophospholipids	1.000	Glycerophosphocholines	0.997	Lipids and lipid-like molecules	0.992	Glycerophospholipids	0.999	Glycerophosphocholines	0.997	Lysophosphatidylcholines	0.989	1-acyl-sn-glycero-3-phosphocholines	0.965	Organic compounds; Lipids and lipid-like molecules; Alcohols and polyols; Glycerophospholipids; Organic acids and derivatives; Carboxylic acids and derivatives; Organonitrogen compounds; Organooxygen compounds; Fatty acid esters; Organic phosphoric acids and derivatives; Phosphate esters; Quaternary ammonium salts; Cholines; Carboxylic acid derivatives; Monocarboxylic acids and derivatives; Carboxylic acid esters; Phosphocholines; Lysophosphatidylcholines; 1-acyl-sn-glycero-3-phosphocholines; Secondary alcohols; Carbonyl compounds; Glycerophosphocholines; Amines; Alkyl phosphates; Dialkyl phosphates; Organic cations; Organic salts; Fatty Acyls; Organic oxides; Hydrocarbon derivatives; Tetraalkylammonium salts; Organopnictogen compounds; Organic oxygen compounds; Organic nitrogen compounds; Chemical entities	518.322	551	9.177	816705478951905064	816702840700551848	816702840700551847	3441	
1	C20H33N5O2	[M + H]+	C20H34N5O2+	Amino acids and Peptides	0.999	Small peptides	0.887	Tripeptides	0.325	Organic acids and derivatives	0.987	Carboxylic acids and derivatives	0.986	Amino acids, peptides, and analogues	0.993	Peptides	0.868	Dipeptides	0.565	Organic compounds; Lipids and lipid-like molecules; Amino acids, peptides, and analogues; Alpha amino acids and derivatives; Phenethylamines; Amphetamines and derivatives; Organic acids and derivatives; Carboxylic acids and derivatives; Organonitrogen compounds; Organooxygen compounds; Fatty amides; Amino acids and derivatives; Peptides; Guanidines; Monoalkylamines; Carboxylic acid amides; Carboxylic acid derivatives; N-acyl amines; N-acyl-alpha amino acids and derivatives; Secondary carboxylic acid amides; Carbonyl compounds; Benzene and substituted derivatives; Alpha amino acid amides; Benzenoids; Amines; Primary amines; Carboximidamides; Organic 1,3-dipolar compounds; Propargyl-type 1,3-dipolar organic compounds; Aralkylamines; Fatty Acyls; Organic oxides; Hydrocarbon derivatives; Phenylalanine and derivatives; Organopnictogen compounds; Organic oxygen compounds; Organic nitrogen compounds; Dipeptides; Chemical entities	376.268	551	9.184	816705470278083128	816702840742494893	816702840742494892	3473	
1	C33H64N4O8	[M + H]+	C33H65N4O8+	Amino acids and Peptides	0.873	Oligopeptides	0.992	Lipopeptides	0.423	Organic acids and derivatives	1.000	Carboxylic acids and derivatives	0.998	Amino acids, peptides, and analogues	0.988	Amino acids and derivatives	0.983	Valine and derivatives	0.597	Organic compounds; Organoheterocyclic compounds; Lipids and lipid-like molecules; Amino acids, peptides, and analogues; Alpha amino acids and derivatives; Macrolactams; Alcohols and polyols; Lactams; Organic acids and derivatives; Carboxylic acids and derivatives; Organonitrogen compounds; Organooxygen compounds; Fatty amides; Amino acids and derivatives; Carboxylic acid amides; Carboxylic acid derivatives; N-acyl amines; Monocarboxylic acids and derivatives; Carboxylic acid esters; Secondary alcohols; Secondary carboxylic acid amides; Tertiary carboxylic acid amides; Peptidomimetics; Carbonyl compounds; Fatty Acyls; Organic oxides; Azacyclic compounds; Hydrocarbon derivatives; Valine and derivatives; Organopnictogen compounds; Organic oxygen compounds; Organic nitrogen compounds; Chemical entities	645.479	551	9.187	816705479874652017	816702840780243634	816702840780243633	3446	
1	C21H46OSi	[M + H]+	C21H47OSi+	Fatty acids	0.999	Fatty acyls	0.952	Fatty alcohols	0.896	Lipids and lipid-like molecules	0.728	Fatty Acyls	0.782					Fatty Acyls	0.782	Organic compounds; Lipids and lipid-like molecules; Alcohols and polyols; Primary alcohols; Organooxygen compounds; Fatty Acyls; Hydrocarbon derivatives; Organic oxygen compounds; Chemical entities	343.338	552	9.207	816705471402156870	816702840859935420	816702840859935419	3461	
1	C23H46NO7P	[M + Na]+	C23H46NNaO7P+	Fatty acids	1.000	Glycerophospholipids	1.000	Glycerophosphoethanolamines	0.999	Organic acids and derivatives	0.999	Carboxylic acids and derivatives	0.995	Amino acids, peptides, and analogues	0.986	Amino acids and derivatives	0.986	Amino acids and derivatives	0.986	Organic compounds; Lipids and lipid-like molecules; Amino acids, peptides, and analogues; Alcohols and polyols; Glycerophospholipids; Organic acids and derivatives; Carboxylic acids and derivatives; Organonitrogen compounds; Organooxygen compounds; Fatty acid esters; Amino acids and derivatives; Organic phosphoric acids and derivatives; Phosphate esters; Monoalkylamines; Carboxylic acid derivatives; Monocarboxylic acids and derivatives; Carboxylic acid esters; Phosphoethanolamines; Lysophosphatidylethanolamines; Secondary alcohols; 1-acyl-sn-glycero-3-phosphoethanolamines; Carbonyl compounds; Glycerophosphoethanolamines; Amines; Primary amines; Alkyl phosphates; Dialkyl phosphates; Fatty Acyls; Organic oxides; Hydrocarbon derivatives; Organopnictogen compounds; Organic oxygen compounds; Organic nitrogen compounds; Chemical entities	502.289	553	9.216	816705470814954159	816702841010930379	816702841010930378	3468	
1	C23H46NO7P	[M + H]+	C23H47NO7P+	Fatty acids	1.000	Glycerophospholipids	1.000	Glycerophosphoethanolamines	0.998	Organic acids and derivatives	1.000	Carboxylic acids and derivatives	0.999	Amino acids, peptides, and analogues	0.985	Amino acids and derivatives	0.985	Amino acids and derivatives	0.985	Organic compounds; Lipids and lipid-like molecules; Amino acids, peptides, and analogues; Alcohols and polyols; Glycerophospholipids; Organic acids and derivatives; Carboxylic acids and derivatives; Organonitrogen compounds; Organooxygen compounds; Fatty acid esters; Amino acids and derivatives; Organic phosphoric acids and derivatives; Phosphate esters; Monoalkylamines; Carboxylic acid derivatives; Monocarboxylic acids and derivatives; Carboxylic acid esters; Phosphoethanolamines; Lysophosphatidylethanolamines; Secondary alcohols; 1-acyl-sn-glycero-3-phosphoethanolamines; Carbonyl compounds; Glycerophosphoethanolamines; Amines; Primary amines; Alkyl phosphates; Dialkyl phosphates; Fatty Acyls; Organic oxides; Hydrocarbon derivatives; Organopnictogen compounds; Organic oxygen compounds; Organic nitrogen compounds; Chemical entities	480.307	553	9.218	816705473411228601	816702841052873424	816702841052873423	3470	
1	C24H39N3O5	[M + H]+	C24H40N3O5+	Amino acids and Peptides	0.940	Oligopeptides	0.509	Dipeptides	0.080	Organic acids and derivatives	0.999	Carboxylic acids and derivatives	0.996	Amino acids, peptides, and analogues	0.869	Amino acids and derivatives	0.852	N-acyl-alpha amino acids and derivatives	0.546	Organic compounds; Lipids and lipid-like molecules; Amino acids, peptides, and analogues; Alpha amino acids and derivatives; Alcohols and polyols; Organic acids and derivatives; Carboxylic acids and derivatives; Organonitrogen compounds; Organooxygen compounds; Fatty amides; Amino acids and derivatives; Carboxylic acid amides; Carboxylic acid derivatives; N-acyl amines; Monocarboxylic acids and derivatives; N-acyl-alpha amino acids and derivatives; Carboxylic acids; Secondary alcohols; Secondary carboxylic acid amides; Carbonyl compounds; Fatty Acyls; Organic oxides; Hydrocarbon derivatives; Organopnictogen compounds; Organic oxygen compounds; Organic nitrogen compounds; Chemical entities	450.296	553	9.218	816705476678591983	816702841090622165	816702841086427860	3471	
1	C28H47NO9	[M + H]+	C28H48NO9+	Amino acids and Peptides	0.371	Linear polyketides	0.580	Open-chain polyketides	0.593	Lipids and lipid-like molecules	0.821	Fatty Acyls	0.687					Fatty Acyls	0.687	Organic compounds; Organoheterocyclic compounds; Lipids and lipid-like molecules; Alcohols and polyols; Ethers; Organic acids and derivatives; Carboxylic acids and derivatives; Organonitrogen compounds; Organooxygen compounds; Carboxylic acid derivatives; Secondary alcohols; Carbonyl compounds; Polyols; Fatty Acyls; Organic oxides; Hydrocarbon derivatives; Organopnictogen compounds; Organic oxygen compounds; Organic nitrogen compounds; Chemical entities	542.333	553	9.220	816705476678591993	816702841174508255	816702841174508254	3476	
1	C21H38O3	[M + H]+	C21H39O3+	Fatty acids	0.897	Fatty acyls	0.590	Fatty alcohols	0.713	Lipids and lipid-like molecules	0.945	Fatty Acyls	0.826	Fatty alcohols	0.527	Long-chain fatty alcohols	0.502	Long-chain fatty alcohols	0.502	Organic compounds; Lipids and lipid-like molecules; Alcohols and polyols; Organic acids and derivatives; Carboxylic acids and derivatives; Primary alcohols; Organooxygen compounds; Monocarboxylic acids and derivatives; Carboxylic acid esters; Fatty alcohols; Secondary alcohols; Carbonyl compounds; Long-chain fatty alcohols; Fatty Acyls; Organic oxides; Hydrocarbon derivatives; Organic oxygen compounds; Chemical entities	339.285	553	9.220	816705475072173391	816702841216451300	816702841216451299	3475	
1	C21H40O4	[M + H]+	C21H41O4+	Fatty acids	1.000	Glycerolipids	0.995	Monoacylglycerols	0.999	Lipids and lipid-like molecules	0.998	Glycerolipids	0.986	Monoradylglycerols	0.993	Monoacylglycerols	0.991	1-monoacylglycerols	0.958	Organic compounds; Lipids and lipid-like molecules; Alcohols and polyols; Glycerolipids; Organic acids and derivatives; Carboxylic acids and derivatives; Primary alcohols; Organooxygen compounds; Fatty acid esters; Carboxylic acid derivatives; Monoacylglycerols; Monocarboxylic acids and derivatives; Carboxylic acid esters; 1-monoacylglycerols; Secondary alcohols; Carbonyl compounds; Polyols; 1,2-diols; Monoradylglycerols; Fatty Acyls; Organic oxides; Hydrocarbon derivatives; Organic oxygen compounds; Chemical entities	357.298	553	9.221	816705483678886236	816702841270977257	816702841270977256	3477	
1	C21H38O4	[M + H]+	C21H39O4+	Fatty acids	0.999	Glycerolipids	0.981	Monoacylglycerols	0.986	Lipids and lipid-like molecules	0.998	Fatty Acyls	0.984	Lineolic acids and derivatives	0.517			Lineolic acids and derivatives	0.517	Organic compounds; Lipids and lipid-like molecules; Alcohols and polyols; Glycerolipids; Organic acids and derivatives; Carboxylic acids and derivatives; Primary alcohols; Organooxygen compounds; Fatty acid esters; Lineolic acids and derivatives; Carboxylic acid derivatives; Monoacylglycerols; Monocarboxylic acids and derivatives; Carboxylic acid esters; 1-monoacylglycerols; Secondary alcohols; Carbonyl compounds; Polyols; 1,2-diols; Monoradylglycerols; Fatty Acyls; Organic oxides; Hydrocarbon derivatives; Organic oxygen compounds; Chemical entities	355.283	554	9.231	816705483238484278	816702841346474739	816702841346474738	3421	
1	C39H76NO8P	[M + H]+	C39H77NO8P+	Fatty acids	0.999	Glycerophospholipids	1.000	Glycerophosphoethanolamines	0.996	Lipids and lipid-like molecules	0.982	Glycerophospholipids	0.999	Glycerophosphoethanolamines	0.990	Phosphatidylethanolamines	0.951	Phosphatidylethanolamines	0.951	Organic compounds; Lipids and lipid-like molecules; Amino acids, peptides, and analogues; Glycerophospholipids; Organic acids and derivatives; Carboxylic acids and derivatives; Organonitrogen compounds; Organooxygen compounds; Fatty acid esters; Dicarboxylic acids and derivatives; Amino acids and derivatives; Organic phosphoric acids and derivatives; Phosphate esters; Monoalkylamines; Carboxylic acid derivatives; Carboxylic acid esters; Phosphoethanolamines; Phosphatidylethanolamines; Carbonyl compounds; Glycerophosphoethanolamines; Amines; Primary amines; Alkyl phosphates; Dialkyl phosphates; Fatty Acyls; Organic oxides; Hydrocarbon derivatives; Organopnictogen compounds; Organic oxygen compounds; Organic nitrogen compounds; Chemical entities	718.536	554	9.232	816705482512869616	816702841384223480	816702841384223479	3489	
1	C34H66N2O2	[M + H]+	C34H67N2O2+	Fatty acids	1.000	Fatty amides	0.999	N-acyl amines	0.594	Lipids and lipid-like molecules	0.969	Fatty Acyls	0.962	Fatty amides	0.971	N-acyl amines	0.929	N-acyl amines	0.929	Organic compounds; Lipids and lipid-like molecules; Organic acids and derivatives; Carboxylic acids and derivatives; Organonitrogen compounds; Organooxygen compounds; Fatty amides; Carboxylic acid amides; Carboxylic acid derivatives; N-acyl amines; Secondary carboxylic acid amides; Carbonyl compounds; Fatty Acyls; Organic oxides; Hydrocarbon derivatives; Organopnictogen compounds; Organic oxygen compounds; Organic nitrogen compounds; Chemical entities	535.518	554	9.236	816705487722195420	816702841426166525	816702841426166524	3494	
1	C18H30O	[M + H]+	C18H31O+	Terpenoids	0.923	Diterpenoids	0.674	Farnesane sesquiterpenoids	0.105	Lipids and lipid-like molecules	0.911	Prenol lipids	0.747					Prenol lipids	0.747	Organic compounds; Lipids and lipid-like molecules; Alcohols and polyols; Prenol lipids; Organooxygen compounds; Carbonyl compounds; Organic oxides; Hydrocarbon derivatives; Organic oxygen compounds; Chemical entities	263.236	555	9.247	816705485591488930	816702841493275399	816702841493275398	3528	
1	C32H66N2O2	[M + H]+	C32H67N2O2+	Fatty acids	1.000	Fatty amides	0.999	N-acyl amines	0.886	Lipids and lipid-like molecules	0.995	Fatty Acyls	0.996	Fatty amides	0.997	N-acyl amines	0.979	N-acyl amines	0.979	Organic compounds; Lipids and lipid-like molecules; Organic acids and derivatives; Carboxylic acids and derivatives; Organonitrogen compounds; Organooxygen compounds; Fatty amides; Carboxylic acid amides; Carboxylic acid derivatives; N-acyl amines; Secondary carboxylic acid amides; Carbonyl compounds; Fatty Acyls; Organic oxides; Hydrocarbon derivatives; Organopnictogen compounds; Organic oxygen compounds; Organic nitrogen compounds; Chemical entities	511.518	555	9.255	816705509096375670	816702841535218444	816702841531024139	3510	
1	C16H33NO	[M + H]+	C16H34NO+	Fatty acids	1.000	Fatty amides	0.999	Primary amides	0.997	Lipids and lipid-like molecules	0.926	Fatty Acyls	0.928	Fatty amides	0.942	N-acyl amines	0.501	N-acyl amines	0.501	Organic compounds; Lipids and lipid-like molecules; Organic acids and derivatives; Carboxylic acids and derivatives; Organonitrogen compounds; Organooxygen compounds; Fatty amides; Carboxylic acid amides; Carboxylic acid derivatives; N-acyl amines; Primary carboxylic acid amides; Carbonyl compounds; Fatty Acyls; Organic oxides; Hydrocarbon derivatives; Organopnictogen compounds; Organic oxygen compounds; Organic nitrogen compounds; Chemical entities	256.263	556	9.259	816705533129742126	816702841602327318	816702841602327317	3521	
1	C18H28	[M + H]+	C18H29+	Terpenoids	0.981	Diterpenoids	0.749	Serrulatane and Biflorane diterpenoids	0.083	Benzenoids	0.754	Benzene and substituted derivatives	0.535					Benzene and substituted derivatives	0.535	Organic compounds; Lipids and lipid-like molecules; Prenol lipids; Benzene and substituted derivatives; Benzenoids; Hydrocarbons; Olefins; Cyclic olefins; Polycyclic hydrocarbons; Unsaturated hydrocarbons; Unsaturated aliphatic hydrocarbons; Aromatic hydrocarbons; Branched unsaturated hydrocarbons; Chemical entities	245.225	556	9.259	816705521301804374	816702841635881755	816702841635881754	3522	
1	C21H38O4	[M - H2O + H]+	C21H37O3+	Terpenoids	0.861	Diterpenoids	0.730	Labdane diterpenoids	0.165	Lipids and lipid-like molecules	0.947	Prenol lipids	0.762	Diterpenoids	0.656			Diterpenoids	0.656	Organic compounds; Lipids and lipid-like molecules; Alcohols and polyols; Prenol lipids; Organooxygen compounds; Cyclic alcohols and derivatives; Diterpenoids; Secondary alcohols; Fatty Acyls; Hydrocarbon derivatives; Organic oxygen compounds; Chemical entities	337.272	556	9.261	816705531393300215	816702841673630496	816702841673630495	3526	
1	C15H33N9O	[M + H]+	C15H34N9O+	Alkaloids	0.689	Pseudoalkaloids (transamidation)	0.215	Purine alkaloids	0.230	Organic nitrogen compounds	1.000	Organonitrogen compounds	1.000	Amines	0.873	Tertiary amines	0.633	Dialkylarylamines	0.619	Organic compounds; Organoheterocyclic compounds; Triazines; Organonitrogen compounds; Organooxygen compounds; Azoles; Aminotriazines; Amines; Tertiary amines; Tertiary alkylarylamines; N-aliphatic s-triazines; Dialkylarylamines; 1,3,5-triazines; Azacyclic compounds; Heteroaromatic compounds; Hydrocarbon derivatives; Organopnictogen compounds; Organic oxygen compounds; Organic nitrogen compounds; Chemical entities	356.286	556	9.263	816705524980209255	816702841723962149	816702841723962148	3535	
1	C21H38O4	[M + H]+	C21H39O4+	Fatty acids	1.000	Glycerolipids	0.991	Monoacylglycerols	0.977	Lipids and lipid-like molecules	0.998	Fatty Acyls	0.986	Lineolic acids and derivatives	0.613			Lineolic acids and derivatives	0.613	Organic compounds; Lipids and lipid-like molecules; Alcohols and polyols; Glycerolipids; Organic acids and derivatives; Carboxylic acids and derivatives; Primary alcohols; Organooxygen compounds; Fatty acid esters; Lineolic acids and derivatives; Carboxylic acid derivatives; Monoacylglycerols; Monocarboxylic acids and derivatives; Carboxylic acid esters; 1-monoacylglycerols; 2-monoacylglycerols; Secondary alcohols; Carbonyl compounds; Polyols; 1,2-diols; Monoradylglycerols; Fatty Acyls; Organic oxides; Hydrocarbon derivatives; Organic oxygen compounds; Chemical entities	355.282	556	9.264	816705540943731088	816702841770099498	816702841765905193	3529	
1	C24H48NO7P	[M + H]+	C24H49NO7P+	Fatty acids	1.000	Glycerophospholipids	1.000	Glycerophosphocholines	0.999	Lipids and lipid-like molecules	0.994	Glycerophospholipids	0.999	Glycerophosphocholines	0.998	Lysophosphatidylcholines	0.997	1-acyl-sn-glycero-3-phosphocholines	0.990	Organic compounds; Lipids and lipid-like molecules; Alcohols and polyols; Glycerophospholipids; Organic acids and derivatives; Carboxylic acids and derivatives; Organonitrogen compounds; Organooxygen compounds; Fatty acid esters; Organic phosphoric acids and derivatives; Phosphate esters; Quaternary ammonium salts; Cholines; Carboxylic acid derivatives; Monocarboxylic acids and derivatives; Carboxylic acid esters; Phosphocholines; Lysophosphatidylcholines; 1-acyl-sn-glycero-3-phosphocholines; Secondary alcohols; Carbonyl compounds; Glycerophosphocholines; Amines; Alkyl phosphates; Dialkyl phosphates; Organic cations; Organic salts; Fatty Acyls; Organic oxides; Hydrocarbon derivatives; Tetraalkylammonium salts; Organopnictogen compounds; Organic oxygen compounds; Organic nitrogen compounds; Chemical entities	494.323	556	9.268	816705542504012304	816702841833014068	816702841833014067	3536	
1	C26H50NO7P	[M + H]+	C26H51NO7P+	Fatty acids	1.000	Glycerophospholipids	1.000	Glycerophosphocholines	0.997	Lipids and lipid-like molecules	0.989	Glycerophospholipids	0.999	Glycerophosphocholines	0.998	Lysophosphatidylcholines	0.972	1-acyl-sn-glycero-3-phosphocholines	0.918	Organic compounds; Lipids and lipid-like molecules; Alcohols and polyols; Glycerophospholipids; Organic acids and derivatives; Carboxylic acids and derivatives; Organonitrogen compounds; Organooxygen compounds; Fatty acid esters; Organic phosphoric acids and derivatives; Phosphate esters; Quaternary ammonium salts; Cholines; Carboxylic acid derivatives; Monocarboxylic acids and derivatives; Carboxylic acid esters; Phosphocholines; Lysophosphatidylcholines; 1-acyl-sn-glycero-3-phosphocholines; Secondary alcohols; Carbonyl compounds; Glycerophosphocholines; Amines; Alkyl phosphates; Dialkyl phosphates; Organic cations; Organic salts; Fatty Acyls; Organic oxides; Hydrocarbon derivatives; Tetraalkylammonium salts; Organopnictogen compounds; Organic oxygen compounds; Organic nitrogen compounds; Chemical entities	520.338	558	9.300	816705543036689003	816702841870762809	816702841870762808	3557	
1	C16H30O	[M + Na]+	C16H30NaO+	Fatty acids	0.731	Fatty acyls	0.483	Fatty alcohols	0.430	Lipids and lipid-like molecules	0.829							Lipids and lipid-like molecules	0.829	Organic compounds; Lipids and lipid-like molecules; Alcohols and polyols; Organooxygen compounds; Hydrocarbon derivatives; Organic oxygen compounds; Chemical entities	261.220	558	9.302	816705536258693195	816702841908511550	816702841908511549	3561	
1	C18H30O2	[M + H]+	C18H31O2+	Fatty acids	0.745	Diterpenoids	0.402	Unsaturated fatty acids	0.468	Lipids and lipid-like molecules	0.955	Fatty Acyls	0.779	Fatty acids and conjugates	0.439	Unsaturated fatty acids	0.615	Unsaturated fatty acids	0.615	Organic compounds; Lipids and lipid-like molecules; Prenol lipids; Organic acids and derivatives; Carboxylic acids and derivatives; Organooxygen compounds; Unsaturated fatty acids; Monocarboxylic acids and derivatives; Carboxylic acids; Carbonyl compounds; Fatty Acyls; Organic oxides; Hydrocarbon derivatives; Organic oxygen compounds; Chemical entities	279.231	558	9.306	816705535503718412	816702841946260291	816702841946260290	3563	
1	C38H71NO3	[M + H]+	C38H72NO3+	Fatty acids	1.000	Spingolipids	1.000	Ceramides	1.000	Lipids and lipid-like molecules	0.988	Sphingolipids	0.980	Ceramides	0.993	Long-chain ceramides	0.734	Long-chain ceramides	0.734	Organic compounds; Lipids and lipid-like molecules; Alcohols and polyols; Sphingolipids; Organic acids and derivatives; Carboxylic acids and derivatives; Organonitrogen compounds; Primary alcohols; Organooxygen compounds; Fatty amides; Carboxylic acid amides; Carboxylic acid derivatives; N-acyl amines; Ceramides; Secondary alcohols; Secondary carboxylic acid amides; Long-chain ceramides; Carbonyl compounds; Fatty Acyls; Organic oxides; Hydrocarbon derivatives; Organopnictogen compounds; Organic oxygen compounds; Organic nitrogen compounds; Chemical entities	590.546	559	9.324	816705562083024434	816702842109838167	816702842109838166	3580	
1	C16H25ClN2O2	[M + Na]+	C16H25ClN2NaO2+	Alkaloids	0.187	Histidine alkaloids	0.041	Imidazole alkaloids	0.042	Organohalogen compounds	0.998	Aryl halides	0.805	Aryl chlorides	0.837			Aryl chlorides	0.837	Organic compounds; Organoheterocyclic compounds; Organic acids and derivatives; Carboxylic acids and derivatives; Organohalogen compounds; Organonitrogen compounds; Organooxygen compounds; Aryl chlorides; Carboxylic acid derivatives; Monocarboxylic acids and derivatives; Organochlorides; Carbonyl compounds; Aryl halides; Organic oxides; Azacyclic compounds; Heteroaromatic compounds; Hydrocarbon derivatives; Organopnictogen compounds; Organic oxygen compounds; Organic nitrogen compounds; Chemical entities	335.150	560	9.329	816705541962947013	816702842231472993	816702842227278688	3591	
1	C21H46OSi	[M + H]+	C21H47OSi+	Fatty acids	0.989	Fatty acyls	0.966	Fatty alcohols	0.960	Organic oxygen compounds	0.996	Organooxygen compounds	0.987	Alcohols and polyols	0.773	Primary alcohols	0.713	Primary alcohols	0.713	Organic compounds; Alcohols and polyols; Primary alcohols; Organooxygen compounds; Hydrocarbon derivatives; Organic oxygen compounds; Chemical entities	343.338	560	9.335	816705548929686446	816702842361496432	816702842361496431	3600	
1	C30H48	[M + H]+	C30H49+	Terpenoids	0.998	Triterpenoids	0.979	Lupane triterpenoids	0.185	Lipids and lipid-like molecules	0.981	Prenol lipids	0.928	Triterpenoids	0.711			Triterpenoids	0.711	Organic compounds; Lipids and lipid-like molecules; Prenol lipids; Triterpenoids; Hydrocarbons; Olefins; Cyclic olefins; Polycyclic hydrocarbons; Unsaturated hydrocarbons; Unsaturated aliphatic hydrocarbons; Branched unsaturated hydrocarbons; Chemical entities	409.381	560	9.340	816705555590241339	816702842399245173	816702842399245172	3602	
1	C29H48	[M + H]+	C29H49+	Terpenoids	0.994	Steroids	0.699	Cholestane steroids	0.523	Lipids and lipid-like molecules	0.988	Steroids and steroid derivatives	0.770					Steroids and steroid derivatives	0.770	Organic compounds; Lipids and lipid-like molecules; Steroids and steroid derivatives; Prenol lipids; Hydrocarbons; Olefins; Cyclic olefins; Polycyclic hydrocarbons; Unsaturated hydrocarbons; Unsaturated aliphatic hydrocarbons; Branched unsaturated hydrocarbons; Chemical entities	397.381	561	9.344	816705563987238676	816702842495714175	816702842491519870	3611	
1	C17H33NO	[M + H]+	C17H34NO+	Fatty acids	1.000	Fatty amides	0.999	Primary amides	0.997	Lipids and lipid-like molecules	0.780	Fatty Acyls	0.825	Fatty amides	0.835			Fatty amides	0.835	Organic compounds; Lipids and lipid-like molecules; Organic acids and derivatives; Carboxylic acids and derivatives; Organonitrogen compounds; Organooxygen compounds; Fatty amides; Carboxylic acid amides; Carboxylic acid derivatives; Primary carboxylic acid amides; Carbonyl compounds; Fatty Acyls; Organic oxides; Hydrocarbon derivatives; Organopnictogen compounds; Organic oxygen compounds; Organic nitrogen compounds; Chemical entities	268.262	561	9.356	816705562477289055	816702842571211657	816702842571211656	3622	
1	C20H35NO	[M + H]+	C20H36NO+	Fatty acids	1.000	Fatty amides	1.000	Primary amides	0.971	Lipids and lipid-like molecules	0.943	Fatty Acyls	0.942	Fatty amides	0.933			Fatty amides	0.933	Organic compounds; Lipids and lipid-like molecules; Organic acids and derivatives; Carboxylic acids and derivatives; Organonitrogen compounds; Organooxygen compounds; Fatty amides; Carboxylic acid amides; Carboxylic acid derivatives; Primary carboxylic acid amides; Secondary carboxylic acid amides; Carbonyl compounds; Fatty Acyls; Organic oxides; Hydrocarbon derivatives; Organopnictogen compounds; Organic oxygen compounds; Organic nitrogen compounds; Chemical entities	306.276	561	9.357	816705582622532499	816702842613154702	816702842613154701	3623	
1	C23H48NO7P	[M + H]+	C23H49NO7P+	Fatty acids	0.999	Glycerophospholipids	1.000	Glycerophosphocholines	0.998	Lipids and lipid-like molecules	0.979	Glycerophospholipids	0.997	Glycerophosphocholines	0.995	Lysophosphatidylcholines	0.980	1-acyl-sn-glycero-3-phosphocholines	0.971	Organic compounds; Lipids and lipid-like molecules; Alcohols and polyols; Glycerophospholipids; Organic acids and derivatives; Carboxylic acids and derivatives; Organonitrogen compounds; Organooxygen compounds; Fatty acid esters; Organic phosphoric acids and derivatives; Phosphate esters; Quaternary ammonium salts; Cholines; Carboxylic acid derivatives; Monocarboxylic acids and derivatives; Carboxylic acid esters; Phosphocholines; Lysophosphatidylcholines; 1-acyl-sn-glycero-3-phosphocholines; Secondary alcohols; Carbonyl compounds; Glycerophosphocholines; Amines; Alkyl phosphates; Dialkyl phosphates; Organic cations; Organic salts; Fatty Acyls; Organic oxides; Hydrocarbon derivatives; Tetraalkylammonium salts; Organopnictogen compounds; Organic oxygen compounds; Organic nitrogen compounds; Chemical entities	482.322	562	9.367	816705567074246636	816702842646709139	816702842646709138	3635	
1	C19H38O4	[M + H]+	C19H39O4+	Fatty acids	0.996	Fatty acyls	0.936	Fatty alcohols	0.982	Lipids and lipid-like molecules	0.991	Fatty Acyls	0.970	Fatty alcohols	0.773	Long-chain fatty alcohols	0.808	Long-chain fatty alcohols	0.808	Organic compounds; Lipids and lipid-like molecules; Alcohols and polyols; Glycerolipids; Organic acids and derivatives; Carboxylic acids and derivatives; Primary alcohols; Organooxygen compounds; Fatty acid esters; Carboxylic acid derivatives; Monoacylglycerols; Monocarboxylic acids and derivatives; Carboxylic acid esters; Fatty alcohols; 1-monoacylglycerols; Secondary alcohols; Fatty alcohol esters; Carbonyl compounds; Polyols; 1,2-diols; Long-chain fatty alcohols; Monoradylglycerols; Fatty Acyls; Organic oxides; Hydrocarbon derivatives; Organic oxygen compounds; Chemical entities	331.283	562	9.370	816705567497871368	816702842684457880	816702842684457879	3639	
1	C25H39NO3	[M + H]+	C25H40NO3+	Fatty acids	0.998	Fatty amides	0.998	N-acyl amines	0.997	Organic acids and derivatives	1.000	Carboxylic acids and derivatives	1.000	Amino acids, peptides, and analogues	0.986	Amino acids and derivatives	0.986	Phenylalanine and derivatives	0.991	Organic compounds; Lipids and lipid-like molecules; Amino acids, peptides, and analogues; Alpha amino acids and derivatives; Phenethylamines; Amphetamines and derivatives; Phenylpropanoids and polyketides; Organic acids and derivatives; Carboxylic acids and derivatives; Organonitrogen compounds; Organooxygen compounds; Fatty amides; Amino acids and derivatives; Carboxylic acid amides; Carboxylic acid derivatives; N-acyl amines; Monocarboxylic acids and derivatives; N-acyl-alpha amino acids and derivatives; Carboxylic acids; Secondary carboxylic acid amides; Carbonyl compounds; Benzene and substituted derivatives; N-acyl-alpha amino acids; Benzenoids; Phenylpropanoic acids; Fatty Acyls; Organic oxides; Hydrocarbon derivatives; Phenylalanine and derivatives; Organopnictogen compounds; Organic oxygen compounds; Organic nitrogen compounds; Chemical entities	402.297	562	9.374	816705582123410237	816702842910950306	816702842910950305	3662	
1	C18H35NO	[M + H]+	C18H36NO+	Fatty acids	1.000	Fatty amides	0.999	Primary amides	1.000	Lipids and lipid-like molecules	0.866	Fatty Acyls	0.882	Fatty amides	0.874			Fatty amides	0.874	Organic compounds; Lipids and lipid-like molecules; Organic acids and derivatives; Carboxylic acids and derivatives; Organonitrogen compounds; Organooxygen compounds; Fatty amides; Carboxylic acid amides; Carboxylic acid derivatives; Primary carboxylic acid amides; Carbonyl compounds; Fatty Acyls; Organic oxides; Hydrocarbon derivatives; Organopnictogen compounds; Organic oxygen compounds; Organic nitrogen compounds; Chemical entities	282.278	566	9.428	816705625760958135	816702843321992153	816702843317797848	3706	
1	C18H32O	[M + H]+	C18H33O+	Fatty acids	0.980	Fatty Acids and Conjugates	0.703	Unsaturated fatty acids	0.641	Lipids and lipid-like molecules	0.860	Fatty Acyls	0.750					Fatty Acyls	0.750	Organic compounds; Lipids and lipid-like molecules; Organooxygen compounds; Carbonyl compounds; Fatty Acyls; Organic oxides; Hydrocarbon derivatives; Organic oxygen compounds; Chemical entities	265.251	566	9.429	816705626000033549	816702843410072547	816702843410072546	3709	
1	C18H30	[M + H]+	C18H31+	Terpenoids	0.936	Diterpenoids	0.900	Aphidicolane diterpenoids	0.047	Lipids and lipid-like molecules	0.815	Prenol lipids	0.700	Diterpenoids	0.556			Diterpenoids	0.556	Organic compounds; Lipids and lipid-like molecules; Prenol lipids; Diterpenoids; Hydrocarbons; Olefins; Polycyclic hydrocarbons; Unsaturated hydrocarbons; Unsaturated aliphatic hydrocarbons; Branched unsaturated hydrocarbons; Chemical entities	247.241	566	9.430	816705619595330220	816702843485570029	816702843485570028	3713	
1	C15H27N3O2	[M + H]+	C15H28N3O2+	Terpenoids	0.530	Lysine alkaloids	0.062	Piperidine alkaloids	0.080	Organoheterocyclic compounds	0.793	Azacyclic compounds	0.852					Azacyclic compounds	0.852	Organic compounds; Organoheterocyclic compounds; Organonitrogen compounds; Organooxygen compounds; Carbonyl compounds; Organic oxides; Azacyclic compounds; Hydrocarbon derivatives; Organopnictogen compounds; Organic oxygen compounds; Organic nitrogen compounds; Chemical entities	282.219	566	9.433	816705640667515307	816702843561067511	816702843561067510	3723	
1	C35H70N2O2	[M + H]+	C35H71N2O2+	Fatty acids	1.000	Fatty amides	0.998	Primary amides	0.494	Lipids and lipid-like molecules	0.954	Fatty Acyls	0.939	Fatty amides	0.948	N-acyl amines	0.863	N-acyl amines	0.863	Organic compounds; Lipids and lipid-like molecules; Organic acids and derivatives; Carboxylic acids and derivatives; Organonitrogen compounds; Organooxygen compounds; Fatty amides; Carboxylic acid amides; Carboxylic acid derivatives; N-acyl amines; Secondary carboxylic acid amides; Carbonyl compounds; Fatty Acyls; Organic oxides; Hydrocarbon derivatives; Organopnictogen compounds; Organic oxygen compounds; Organic nitrogen compounds; Chemical entities	551.549	567	9.453	816705623223403608	816702843661730817	816702843661730816	3738	
1	C24H50NO7P	[M + H]+	C24H51NO7P+	Fatty acids	0.998	Glycerophospholipids	1.000	Glycerophosphocholines	0.997	Lipids and lipid-like molecules	0.968	Glycerophospholipids	0.995	Glycerophosphocholines	0.991	Lysophosphatidylcholines	0.942	1-acyl-sn-glycero-3-phosphocholines	0.936	Organic compounds; Lipids and lipid-like molecules; Alcohols and polyols; Glycerophospholipids; Organic acids and derivatives; Carboxylic acids and derivatives; Organonitrogen compounds; Organooxygen compounds; Fatty acid esters; Organic phosphoric acids and derivatives; Phosphate esters; Quaternary ammonium salts; Cholines; Carboxylic acid derivatives; Monocarboxylic acids and derivatives; Carboxylic acid esters; Phosphocholines; Lysophosphatidylcholines; 1-acyl-sn-glycero-3-phosphocholines; Secondary alcohols; Carbonyl compounds; Glycerophosphocholines; Amines; Alkyl phosphates; Dialkyl phosphates; Organic cations; Organic salts; Fatty Acyls; Organic oxides; Hydrocarbon derivatives; Tetraalkylammonium salts; Organopnictogen compounds; Organic oxygen compounds; Organic nitrogen compounds; Chemical entities	496.338	569	9.488	816705626545293213	816702843821114389	816702843821114388	3744	
1	C18H32O	[M + H]+	C18H33O+	Fatty acids	0.998	Fatty acyls	0.721	Unsaturated fatty acids	0.580	Lipids and lipid-like molecules	0.800	Fatty Acyls	0.813					Fatty Acyls	0.813	Organic compounds; Lipids and lipid-like molecules; Organooxygen compounds; Carbonyl compounds; Fatty Acyls; Organic oxides; Hydrocarbon derivatives; Organic oxygen compounds; Chemical entities	265.251	571	9.516	816705625505105490	816702843993080873	816702843993080872	3803	
1	C22H43NO10	[M + K]+	C22H43KNO10+	Fatty acids	0.993	Fatty esters	0.728	Fatty acyl carnitines	0.806	Lipids and lipid-like molecules	0.877	Fatty Acyls	0.881	Fatty acid esters	0.644			Fatty acid esters	0.644	Organic compounds; Carbohydrates and carbohydrate conjugates; Lipids and lipid-like molecules; Alcohols and polyols; Ethers; Organic acids and derivatives; Carboxylic acids and derivatives; Organonitrogen compounds; Organooxygen compounds; Fatty acid esters; Quaternary ammonium salts; Carboxylic acid derivatives; Carboxylic acids; Carboxylic acid esters; Monosaccharides; Acetals; Secondary alcohols; Carbonyl compounds; Polyols; Amines; Organic salts; Fatty Acyls; Organic oxides; Hydrocarbon derivatives; Tetraalkylammonium salts; Organopnictogen compounds; Organic oxygen compounds; Organic nitrogen compounds; Chemical entities	520.257	571	9.523	816705626297829190	816702844030829614	816702844030829613	3762	
1	C24H36O5	[M + Na]+	C24H36NaO5+	Terpenoids	0.546	Steroids	0.108	Prenyl quinone meroterpenoids	0.020	Benzenoids	0.614							Benzenoids	0.614	Organic compounds; Lipids and lipid-like molecules; Organic acids and derivatives; Carboxylic acids and derivatives; Organooxygen compounds; Carboxylic acid derivatives; Monocarboxylic acids and derivatives; Carboxylic acid esters; Carbonyl compounds; Benzenoids; Organic oxides; Hydrocarbon derivatives; Organic oxygen compounds; Chemical entities	427.247	572	9.532	816705622577480555	816702844072772659	816702844072772658	3766	
1	C26H44N6O5	[M + H]+	C26H45N6O5+	Amino acids and Peptides	0.745	Oligopeptides	0.501	Linear peptides	0.118	Organic acids and derivatives	0.972	Carboxylic acids and derivatives	0.884	Amino acids, peptides, and analogues	0.763	Amino acids and derivatives	0.748	Alpha amino acids and derivatives	0.572	Organic compounds; Organoheterocyclic compounds; Lipids and lipid-like molecules; Amino acids, peptides, and analogues; Alpha amino acids and derivatives; Organic acids and derivatives; Carboxylic acids and derivatives; Organonitrogen compounds; Organooxygen compounds; Fatty amides; Amino acids and derivatives; Carboxylic acid amides; Carboxylic acid derivatives; N-acyl amines; Secondary carboxylic acid amides; Carbonyl compounds; Amines; Fatty Acyls; Organic oxides; Azacyclic compounds; Hydrocarbon derivatives; Organopnictogen compounds; Organic oxygen compounds; Organic nitrogen compounds; Chemical entities	521.341	572	9.533	816705625140200991	816702844106327096	816702844106327095	3780	
1	C26H50NO7P	[M + H]+	C26H51NO7P+	Fatty acids	1.000	Glycerophospholipids	1.000	Glycerophosphocholines	0.993	Lipids and lipid-like molecules	0.988	Glycerophospholipids	0.998	Glycerophosphocholines	0.996	Lysophosphatidylcholines	0.968	1-acyl-sn-glycero-3-phosphocholines	0.910	Organic compounds; Lipids and lipid-like molecules; Alcohols and polyols; Glycerophospholipids; Organic acids and derivatives; Carboxylic acids and derivatives; Organonitrogen compounds; Organooxygen compounds; Fatty acid esters; Organic phosphoric acids and derivatives; Phosphate esters; Quaternary ammonium salts; Cholines; Carboxylic acid derivatives; Monocarboxylic acids and derivatives; Carboxylic acid esters; Phosphocholines; Lysophosphatidylcholines; 1-acyl-sn-glycero-3-phosphocholines; Secondary alcohols; Carbonyl compounds; Glycerophosphocholines; Amines; Alkyl phosphates; Dialkyl phosphates; Organic cations; Organic salts; Fatty Acyls; Organic oxides; Hydrocarbon derivatives; Tetraalkylammonium salts; Organopnictogen compounds; Organic oxygen compounds; Organic nitrogen compounds; Chemical entities	520.338	572	9.534	816705627279296607	816702844148270141	816702844148270140	3771	
1	C31H50O5	[M + H3N + H]+	C31H54NO5+	Terpenoids	0.935	Carotenoids (C40)	0.340	Carotenoids (C40, β-β)	0.092	Lipids and lipid-like molecules	0.941	Prenol lipids	0.561					Prenol lipids	0.561	Organic compounds; Lipids and lipid-like molecules; Alcohols and polyols; Prenol lipids; Organooxygen compounds; Secondary alcohols; Carbonyl compounds; Organic oxides; Hydrocarbon derivatives; Organic oxygen compounds; Chemical entities	520.396	572	9.535	816705627128301610	816702844223767623	816702844223767622	3782	
1	C21H40O5S	[M + H]+	C21H41O5S+	Fatty acids	0.997	Glycerolipids	0.656	Monoacylglycerols	0.465	Lipids and lipid-like molecules	0.909	Fatty Acyls	0.836	Fatty acid esters	0.574			Fatty acid esters	0.574	Organic compounds; Organosulfur compounds; Lipids and lipid-like molecules; Alcohols and polyols; Organic acids and derivatives; Carboxylic acids and derivatives; Organooxygen compounds; Fatty acid esters; Dicarboxylic acids and derivatives; Carboxylic acid derivatives; Thioethers; Carboxylic acid esters; Secondary alcohols; Carbonyl compounds; Sulfenyl compounds; Dialkylthioethers; Fatty Acyls; Organic oxides; Hydrocarbon derivatives; Organic oxygen compounds; Chemical entities	405.266	572	9.538	816705648678636323	816702844265710668	816702844265710667	3786	
1	C26H50NO7P	[M + Na]+	C26H50NNaO7P+	Fatty acids	1.000	Glycerophospholipids	1.000	Glycerophosphocholines	0.999	Lipids and lipid-like molecules	0.984	Glycerophospholipids	0.999	Glycerophosphocholines	0.997	Lysophosphatidylcholines	0.973	1-acyl-sn-glycero-3-phosphocholines	0.956	Organic compounds; Lipids and lipid-like molecules; Alcohols and polyols; Glycerophospholipids; Organic acids and derivatives; Carboxylic acids and derivatives; Organonitrogen compounds; Organooxygen compounds; Fatty acid esters; Organic phosphoric acids and derivatives; Phosphate esters; Quaternary ammonium salts; Cholines; Carboxylic acid derivatives; Monocarboxylic acids and derivatives; Carboxylic acid esters; Phosphocholines; Lysophosphatidylcholines; 1-acyl-sn-glycero-3-phosphocholines; Secondary alcohols; Carbonyl compounds; Glycerophosphocholines; Amines; Alkyl phosphates; Dialkyl phosphates; Organic cations; Organic salts; Fatty Acyls; Organic oxides; Hydrocarbon derivatives; Tetraalkylammonium salts; Organopnictogen compounds; Organic oxygen compounds; Organic nitrogen compounds; Chemical entities	542.320	573	9.546	816705629338699944	816702844303459409	816702844299265104	3794	
1	C26H39N3O8	[M + H]+	C26H40N3O8+	Carbohydrates	0.570	Nucleosides	0.788	Pyrimidine nucleosides	0.929	Organic oxygen compounds	1.000	Organooxygen compounds	0.996	Carbohydrates and carbohydrate conjugates	0.569	Glycosyl compounds	0.687	Glycosylamines	0.720	Organic compounds; Organoheterocyclic compounds; Carbohydrates and carbohydrate conjugates; Lipids and lipid-like molecules; Pyrimidines and pyrimidine derivatives; Alcohols and polyols; Organic acids and derivatives; Carboxylic acids and derivatives; Organonitrogen compounds; Pyrimidones; Organooxygen compounds; Organic carbonic acids and derivatives; Ureas; Carboxylic acid derivatives; Diazines; Secondary alcohols; Carbonyl compounds; Glycosyl compounds; Hydropyrimidines; Glycosylamines; Polyols; Vinylogous amides; Fatty Acyls; Organic oxides; Azacyclic compounds; Heteroaromatic compounds; Hydrocarbon derivatives; Tetraalkylammonium salts; Organopnictogen compounds; Organic oxygen compounds; Organic nitrogen compounds; Chemical entities	522.281	573	9.554	816705663497114658	816702844337013846	816702844337013845	3800	
1	C21H40O4	[M - H2O + H]+	C21H39O3+	Fatty acids	1.000	Fatty acyls	0.920	Fatty alcohols	0.973	Lipids and lipid-like molecules	0.990	Fatty Acyls	0.968	Fatty alcohols	0.781	Long-chain fatty alcohols	0.782	Long-chain fatty alcohols	0.782	Organic compounds; Lipids and lipid-like molecules; Alcohols and polyols; Glycerolipids; Organic acids and derivatives; Carboxylic acids and derivatives; Primary alcohols; Organooxygen compounds; Fatty acid esters; Carboxylic acid derivatives; Monoacylglycerols; Monocarboxylic acids and derivatives; Carboxylic acid esters; Fatty alcohols; 1-monoacylglycerols; Secondary alcohols; Fatty alcohol esters; Carbonyl compounds; Polyols; 1,2-diols; Long-chain fatty alcohols; Monoradylglycerols; Fatty Acyls; Organic oxides; Hydrocarbon derivatives; Organic oxygen compounds; Chemical entities	339.288	574	9.565	816705650633182183	816702844378956891	816702844378956890	3804	
1	C21H40O4	[M + H]+	C21H41O4+	Fatty acids	1.000	Glycerolipids	0.995	Monoacylglycerols	0.998	Lipids and lipid-like molecules	0.998	Glycerolipids	0.988	Monoradylglycerols	0.993	Monoacylglycerols	0.988	1-monoacylglycerols	0.945	Organic compounds; Lipids and lipid-like molecules; Alcohols and polyols; Glycerolipids; Organic acids and derivatives; Carboxylic acids and derivatives; Primary alcohols; Organooxygen compounds; Fatty acid esters; Carboxylic acid derivatives; Monoacylglycerols; Monocarboxylic acids and derivatives; Carboxylic acid esters; 1-monoacylglycerols; Secondary alcohols; Carbonyl compounds; Polyols; 1,2-diols; Monoradylglycerols; Fatty Acyls; Organic oxides; Hydrocarbon derivatives; Organic oxygen compounds; Chemical entities	357.299	574	9.567	816705667704001952	816702844513174634	816702844513174633	3807	
1	C18H28	[M + H]+	C18H29+	Terpenoids	0.979	Sesquiterpenoids	0.680	Bisabolane sesquiterpenoids	0.389	Lipids and lipid-like molecules	0.818	Prenol lipids	0.762	Sesquiterpenoids	0.529			Sesquiterpenoids	0.529	Organic compounds; Lipids and lipid-like molecules; Prenol lipids; Sesquiterpenoids; Benzene and substituted derivatives; Benzenoids; Hydrocarbons; Olefins; Cyclic olefins; Polycyclic hydrocarbons; Unsaturated hydrocarbons; Aromatic hydrocarbons; Branched unsaturated hydrocarbons; Chemical entities	245.225	575	9.581	816705659621576839	816702844651586681	816702844651586680	3824	
1	C19H34O2	[M + H]+	C19H35O2+	Fatty acids	0.997	Fatty Acids and Conjugates	0.863	Unsaturated fatty acids	0.921	Lipids and lipid-like molecules	0.986	Fatty Acyls	0.951	Fatty acids and conjugates	0.924	Long-chain fatty acids	0.910	Long-chain fatty acids	0.910	Organic compounds; Lipids and lipid-like molecules; Fatty acids and conjugates; Organic acids and derivatives; Carboxylic acids and derivatives; Organooxygen compounds; Straight chain fatty acids; Unsaturated fatty acids; Monocarboxylic acids and derivatives; Carboxylic acids; Carbonyl compounds; Long-chain fatty acids; Fatty Acyls; Organic oxides; Hydrocarbon derivatives; Organic oxygen compounds; Chemical entities	295.262	575	9.581	816705662909911976	816702844693529726	816702844693529725	3834	
1	C11H29N5O2	[M + H]+	C11H30N5O2+	Fatty acids	0.227	Histidine alkaloids	0.120	Aminoacids	0.117	Organic nitrogen compounds	0.999	Organonitrogen compounds	0.996	Amines	0.576			Amines	0.576	Organic compounds; Organonitrogen compounds; Organooxygen compounds; Amines; Hydrocarbon derivatives; Organopnictogen compounds; Organic oxygen compounds; Organic nitrogen compounds; Chemical entities	264.239	575	9.582	816705660523352492	816702844748055683	816702844748055682	3829	
1	C18H32O2	[M + H]+	C18H33O2+	Fatty acids	0.999	Fatty Acids and Conjugates	0.695	Unsaturated fatty acids	0.715	Lipids and lipid-like molecules	0.981	Fatty Acyls	0.972	Lineolic acids and derivatives	0.709			Lineolic acids and derivatives	0.709	Organic compounds; Lipids and lipid-like molecules; Fatty acids and conjugates; Organic acids and derivatives; Carboxylic acids and derivatives; Organooxygen compounds; Straight chain fatty acids; Unsaturated fatty acids; Lineolic acids and derivatives; Monocarboxylic acids and derivatives; Carboxylic acids; Carbonyl compounds; Long-chain fatty acids; Fatty Acyls; Organic oxides; Hydrocarbon derivatives; Organic oxygen compounds; Chemical entities	281.246	575	9.582	816705666160497940	816702844798387336	816702844798387335	3828	
1	C18H30O	[M + H]+	C18H31O+	Terpenoids	0.938	Diterpenoids	0.660	Apocarotenoids (β-)	0.084	Lipids and lipid-like molecules	0.923	Prenol lipids	0.719	Diterpenoids	0.527			Diterpenoids	0.527	Organic compounds; Lipids and lipid-like molecules; Alcohols and polyols; Prenol lipids; Organooxygen compounds; Diterpenoids; Carbonyl compounds; Organic oxides; Hydrocarbon derivatives; Organic oxygen compounds; Chemical entities	263.236	575	9.583	816705662515647292	816702844840330381	816702844840330380	3832	
1	C29H48	[M + H]+	C29H49+	Terpenoids	0.979	Steroids	0.719	Cholestane steroids	0.635	Lipids and lipid-like molecules	0.981	Steroids and steroid derivatives	0.824					Steroids and steroid derivatives	0.824	Organic compounds; Lipids and lipid-like molecules; Steroids and steroid derivatives; Prenol lipids; Hydrocarbons; Olefins; Cyclic olefins; Polycyclic hydrocarbons; Saturated hydrocarbons; Unsaturated hydrocarbons; Unsaturated aliphatic hydrocarbons; Chemical entities	397.381	576	9.600	816705666089194761	816702844890662034	816702844890662033	3840	
1	C23H48NO7P	[M + H]+	C23H49NO7P+	Fatty acids	1.000	Glycerophospholipids	1.000	Glycerophosphoethanolamines	1.000	Organic acids and derivatives	1.000	Carboxylic acids and derivatives	0.997	Amino acids, peptides, and analogues	0.984	Amino acids and derivatives	0.984	Amino acids and derivatives	0.984	Organic compounds; Lipids and lipid-like molecules; Amino acids, peptides, and analogues; Alcohols and polyols; Glycerophospholipids; Organic acids and derivatives; Carboxylic acids and derivatives; Organonitrogen compounds; Organooxygen compounds; Fatty acid esters; Amino acids and derivatives; Organic phosphoric acids and derivatives; Phosphate esters; Monoalkylamines; Carboxylic acid derivatives; Monocarboxylic acids and derivatives; Carboxylic acid esters; Phosphoethanolamines; Lysophosphatidylethanolamines; Secondary alcohols; 1-acyl-sn-glycero-3-phosphoethanolamines; Carbonyl compounds; Glycerophosphoethanolamines; Amines; Primary amines; Alkyl phosphates; Dialkyl phosphates; Fatty Acyls; Organic oxides; Hydrocarbon derivatives; Organopnictogen compounds; Organic oxygen compounds; Organic nitrogen compounds; Chemical entities	482.322	576	9.606	816705661173469735	816702844940993687	816702844936799382	3843	
1	C27H41NO3	[M + H]+	C27H42NO3+	Fatty acids	0.992	Fatty amides	0.996	N-acyl amines	0.993	Organic acids and derivatives	1.000	Carboxylic acids and derivatives	1.000	Amino acids, peptides, and analogues	0.984	Amino acids and derivatives	0.983	Phenylalanine and derivatives	0.993	Organic compounds; Lipids and lipid-like molecules; Amino acids, peptides, and analogues; Alpha amino acids and derivatives; Phenethylamines; Amphetamines and derivatives; Phenylpropanoids and polyketides; Organic acids and derivatives; Carboxylic acids and derivatives; Organonitrogen compounds; Organooxygen compounds; Fatty amides; Amino acids and derivatives; Carboxylic acid amides; Carboxylic acid derivatives; N-acyl amines; Monocarboxylic acids and derivatives; N-acyl-alpha amino acids and derivatives; Carboxylic acids; Secondary carboxylic acid amides; Carbonyl compounds; Benzene and substituted derivatives; N-acyl-alpha amino acids; Benzenoids; Phenylpropanoic acids; Fatty Acyls; Organic oxides; Hydrocarbon derivatives; Phenylalanine and derivatives; Organopnictogen compounds; Organic oxygen compounds; Organic nitrogen compounds; Chemical entities	428.314	577	9.613	816705664528913596	816702844974548124	816702844970353819	3851	
1	C36H70O7S	[M + H]+	C36H71O7S+	Fatty acids	0.643	Fatty esters	0.482	Wax monoesters	0.112	Lipids and lipid-like molecules	0.636	Fatty Acyls	0.627	Fatty acid esters	0.587			Fatty acid esters	0.587	Organic compounds; Organosulfur compounds; Lipids and lipid-like molecules; Organic acids and derivatives; Carboxylic acids and derivatives; Organooxygen compounds; Fatty acid esters; Dicarboxylic acids and derivatives; Carboxylic acid derivatives; Carboxylic acid esters; Carbonyl compounds; Sulfenyl compounds; Fatty Acyls; Organic oxides; Hydrocarbon derivatives; Organic oxygen compounds; Chemical entities	647.495	577	9.614	816705696984439550	816702845008102561	816702845008102560	3852	
1	C16H27ClN2O2	[M + Na]+	C16H27ClN2NaO2+	Terpenoids	0.223	Small peptides	0.061	Imidazole alkaloids	0.042	Organohalogen compounds	0.997	Aryl halides	0.910	Aryl chlorides	0.927			Aryl chlorides	0.927	Organic compounds; Organoheterocyclic compounds; Organic acids and derivatives; Carboxylic acids and derivatives; Organohalogen compounds; Organonitrogen compounds; Organooxygen compounds; Aryl chlorides; Carboxylic acid derivatives; Monocarboxylic acids and derivatives; Carboxylic acid esters; Organochlorides; Carbonyl compounds; Aryl halides; Organic oxides; Azacyclic compounds; Hydrocarbon derivatives; Organopnictogen compounds; Organic oxygen compounds; Organic nitrogen compounds; Chemical entities	337.166	578	9.641	816705682228877407	816702845217817791	816702845217817790	3879	
1	C20H37NO	[M + H]+	C20H38NO+	Fatty acids	0.997	Fatty amides	0.968	Primary amides	0.686	Lipids and lipid-like molecules	0.851	Fatty Acyls	0.679	Fatty amides	0.714			Fatty amides	0.714	Organic compounds; Lipids and lipid-like molecules; Organic acids and derivatives; Carboxylic acids and derivatives; Organonitrogen compounds; Organooxygen compounds; Fatty amides; Carboxylic acid amides; Carboxylic acid derivatives; Secondary carboxylic acid amides; Carbonyl compounds; Fatty Acyls; Organic oxides; Hydrocarbon derivatives; Organopnictogen compounds; Organic oxygen compounds; Organic nitrogen compounds; Chemical entities	308.293	579	9.646	816705662419178271	816702845251372228	816702845251372227	3885	
1	C30H48	[M + H]+	C30H49+	Terpenoids	0.999	Triterpenoids	0.995	Lupane triterpenoids	0.169	Lipids and lipid-like molecules	0.987	Prenol lipids	0.955	Triterpenoids	0.820			Triterpenoids	0.820	Organic compounds; Lipids and lipid-like molecules; Prenol lipids; Triterpenoids; Hydrocarbons; Olefins; Cyclic olefins; Polycyclic hydrocarbons; Unsaturated hydrocarbons; Unsaturated aliphatic hydrocarbons; Branched unsaturated hydrocarbons; Chemical entities	409.381	580	9.663	816705672435177221	816702845381395667	816702845381395666	3853	
1	C34H63NO3	[M + H]+	C34H64NO3+	Fatty acids	1.000	Spingolipids	1.000	Ceramides	0.999	Lipids and lipid-like molecules	0.983	Sphingolipids	0.960	Ceramides	0.977	Long-chain ceramides	0.609	Long-chain ceramides	0.609	Organic compounds; Lipids and lipid-like molecules; Alcohols and polyols; Sphingolipids; Organic acids and derivatives; Carboxylic acids and derivatives; Organonitrogen compounds; Primary alcohols; Organooxygen compounds; Fatty amides; Carboxylic acid amides; Carboxylic acid derivatives; N-acyl amines; Ceramides; Secondary alcohols; Secondary carboxylic acid amides; Long-chain ceramides; Carbonyl compounds; Fatty Acyls; Organic oxides; Hydrocarbon derivatives; Organopnictogen compounds; Organic oxygen compounds; Organic nitrogen compounds; Chemical entities	534.486	580	9.663	816705671877334740	816702845423338712	816702845419144407	3893	
1	C16H36N6O2	[M + Na]+	C16H36N6NaO2+	Alkaloids	0.833	Small peptides	0.255	Dipeptides	0.068	Organoheterocyclic compounds	0.863	Heteroaromatic compounds	0.656					Heteroaromatic compounds	0.656	Organic compounds; Organoheterocyclic compounds; Organic acids and derivatives; Carboxylic acids and derivatives; Organonitrogen compounds; Organooxygen compounds; Carboxylic acid derivatives; Carbonyl compounds; Amines; Organic oxides; Azacyclic compounds; Heteroaromatic compounds; Hydrocarbon derivatives; Organopnictogen compounds; Organic oxygen compounds; Organic nitrogen compounds; Chemical entities	367.281	581	9.681	816705684233754897	816702845553362151	816702845553362150	3907	
1	C39H66O6	[M + H]+	C39H67O6+	Terpenoids	0.929	Carotenoids (C40)	0.779	Carotenoids (C40, β-β)	0.137	Lipids and lipid-like molecules	0.943	Prenol lipids	0.915					Prenol lipids	0.915	Organic compounds; Organoheterocyclic compounds; Lipids and lipid-like molecules; Alcohols and polyols; Ethers; Prenol lipids; Organooxygen compounds; Secondary alcohols; Carbonyl compounds; Fatty Acyls; Organic oxides; Hydrocarbon derivatives; Organic oxygen compounds; Chemical entities	631.496	581	9.682	816705689568909932	816702845607888108	816702845607888107	3909	
1	C29H48	[M + H]+	C29H49+	Terpenoids	0.984	Steroids	0.373	Cholestane steroids	0.349	Lipids and lipid-like molecules	0.972	Steroids and steroid derivatives	0.638					Steroids and steroid derivatives	0.638	Organic compounds; Lipids and lipid-like molecules; Steroids and steroid derivatives; Prenol lipids; Hydrocarbons; Olefins; Cyclic olefins; Polycyclic hydrocarbons; Unsaturated hydrocarbons; Unsaturated aliphatic hydrocarbons; Branched unsaturated hydrocarbons; Chemical entities	397.381	582	9.701	816705686511262070	816702845654025457	816702845654025456	3937	
1	C26H52NO7P	[M + H]+	C26H53NO7P+	Fatty acids	1.000	Glycerophospholipids	1.000	Glycerophosphocholines	0.997	Lipids and lipid-like molecules	0.981	Glycerophospholipids	0.996	Glycerophosphocholines	0.996	Lysophosphatidylcholines	0.952	1-acyl-sn-glycero-3-phosphocholines	0.907	Organic compounds; Lipids and lipid-like molecules; Alcohols and polyols; Glycerophospholipids; Organic acids and derivatives; Carboxylic acids and derivatives; Organonitrogen compounds; Organooxygen compounds; Fatty acid esters; Organic phosphoric acids and derivatives; Phosphate esters; Quaternary ammonium salts; Cholines; Carboxylic acid derivatives; Monocarboxylic acids and derivatives; Carboxylic acid esters; Phosphocholines; Lysophosphatidylcholines; 1-acyl-sn-glycero-3-phosphocholines; Secondary alcohols; Carbonyl compounds; Glycerophosphocholines; Amines; Alkyl phosphates; Dialkyl phosphates; Organic cations; Organic salts; Fatty Acyls; Organic oxides; Hydrocarbon derivatives; Tetraalkylammonium salts; Organopnictogen compounds; Organic oxygen compounds; Organic nitrogen compounds; Chemical entities	522.353	582	9.702	816705687622752731	816702845687579894	816702845687579893	3920	
1	C30H48	[M + H]+	C30H49+	Terpenoids	0.999	Triterpenoids	0.981	Lupane triterpenoids	0.154	Lipids and lipid-like molecules	0.983	Prenol lipids	0.934	Triterpenoids	0.713			Triterpenoids	0.713	Organic compounds; Lipids and lipid-like molecules; Prenol lipids; Triterpenoids; Hydrocarbons; Olefins; Cyclic olefins; Polycyclic hydrocarbons; Unsaturated hydrocarbons; Unsaturated aliphatic hydrocarbons; Branched unsaturated hydrocarbons; Chemical entities	409.381	583	9.715	816705700339883192	816702845809214725	816702845805020420	3935	
1	C19H37NO	[M + H]+	C19H38NO+	Fatty acids	1.000	Fatty amides	1.000	Primary amides	1.000	Lipids and lipid-like molecules	0.900	Fatty Acyls	0.923	Fatty amides	0.903			Fatty amides	0.903	Organic compounds; Lipids and lipid-like molecules; Organic acids and derivatives; Carboxylic acids and derivatives; Organonitrogen compounds; Organooxygen compounds; Fatty amides; Carboxylic acid amides; Carboxylic acid derivatives; Primary carboxylic acid amides; Carbonyl compounds; Fatty Acyls; Organic oxides; Hydrocarbon derivatives; Organopnictogen compounds; Organic oxygen compounds; Organic nitrogen compounds; Chemical entities	296.293	583	9.718	816705707851881949	816702845901489423	816702845901489422	3927	
1	C33H61N3O2	[M + Na]+	C33H61N3NaO2+	Fatty acids	0.998	Spingolipids	0.872	Ceramides	0.629	Lipids and lipid-like molecules	0.976	Sphingolipids	0.503	Ceramides	0.729			Ceramides	0.729	Organic compounds; Lipids and lipid-like molecules; Alcohols and polyols; Sphingolipids; Organic acids and derivatives; Carboxylic acids and derivatives; Organonitrogen compounds; Primary alcohols; Organooxygen compounds; Fatty amides; Carboxylic acid amides; Carboxylic acid derivatives; N-acyl amines; Ceramides; Secondary alcohols; Secondary carboxylic acid amides; Carbonyl compounds; Fatty Acyls; Organic oxides; Hydrocarbon derivatives; Organopnictogen compounds; Organic oxygen compounds; Organic nitrogen compounds; Chemical entities	554.471	583	9.718	816705710846615067	816702845964403988	816702845964403987	3921	
1	C26H52NO7P	[M + Na]+	C26H52NNaO7P+	Fatty acids	1.000	Glycerophospholipids	1.000	Glycerophosphocholines	0.993	Lipids and lipid-like molecules	0.975	Glycerophospholipids	0.998	Glycerophosphocholines	0.994	Lysophosphatidylcholines	0.883	1-acyl-sn-glycero-3-phosphocholines	0.827	Organic compounds; Lipids and lipid-like molecules; Alcohols and polyols; Glycerophospholipids; Organic acids and derivatives; Carboxylic acids and derivatives; Organonitrogen compounds; Organooxygen compounds; Fatty acid esters; Organic phosphoric acids and derivatives; Phosphate esters; Quaternary ammonium salts; Cholines; Carboxylic acid derivatives; Monocarboxylic acids and derivatives; Carboxylic acid esters; Phosphocholines; Lysophosphatidylcholines; 1-acyl-sn-glycero-3-phosphocholines; Carbonyl compounds; Glycerophosphocholines; Amines; Alkyl phosphates; Dialkyl phosphates; Organic cations; Organic salts; Fatty Acyls; Organic oxides; Hydrocarbon derivatives; Tetraalkylammonium salts; Organopnictogen compounds; Organic oxygen compounds; Organic nitrogen compounds; Chemical entities	544.336	584	9.727	816705722666167642	816702846002152729	816702846002152728	3932	
1	C29H44NO6P	[M + H]+	C29H45NO6P+	Fatty acids	1.000	Spingolipids	0.998	Sphingoid bases	0.563	Lipids and lipid-like molecules	0.970	Sphingolipids	0.936	Phosphosphingolipids	0.934			Phosphosphingolipids	0.934	Organic compounds; Lipids and lipid-like molecules; Alcohols and polyols; Sphingolipids; Organic acids and derivatives; Carboxylic acids and derivatives; Organonitrogen compounds; Organooxygen compounds; Fatty amides; Organic phosphoric acids and derivatives; Phosphate esters; Monoalkylamines; Carboxylic acid amides; Carboxylic acid derivatives; N-acyl amines; Phosphoethanolamines; Secondary alcohols; Secondary carboxylic acid amides; Carbonyl compounds; Amines; Primary amines; Phosphosphingolipids; Alkyl phosphates; Dialkyl phosphates; Fatty Acyls; Organic oxides; Hydrocarbon derivatives; Organopnictogen compounds; Organic oxygen compounds; Organic nitrogen compounds; Chemical entities	534.294	585	9.753	816705725551849124	816702846107010344	816702846107010343	3950	
1	C24H50NO7P	[M + Na]+	C24H50NNaO7P+	Fatty acids	0.999	Glycerophospholipids	1.000	Glycerophosphocholines	0.999	Lipids and lipid-like molecules	0.979	Glycerophospholipids	0.998	Glycerophosphocholines	0.995	Lysophosphatidylcholines	0.971	1-acyl-sn-glycero-3-phosphocholines	0.961	Organic compounds; Lipids and lipid-like molecules; Alcohols and polyols; Glycerophospholipids; Organic acids and derivatives; Carboxylic acids and derivatives; Organonitrogen compounds; Organooxygen compounds; Fatty acid esters; Organic phosphoric acids and derivatives; Phosphate esters; Quaternary ammonium salts; Cholines; Carboxylic acid derivatives; Monocarboxylic acids and derivatives; Carboxylic acid esters; Phosphocholines; Lysophosphatidylcholines; 1-acyl-sn-glycero-3-phosphocholines; Secondary alcohols; Carbonyl compounds; Glycerophosphocholines; Amines; Alkyl phosphates; Dialkyl phosphates; Organic cations; Organic salts; Fatty Acyls; Organic oxides; Hydrocarbon derivatives; Tetraalkylammonium salts; Organopnictogen compounds; Organic oxygen compounds; Organic nitrogen compounds; Chemical entities	518.320	585	9.754	816705740546487190	816702846140564781	816702846140564780	3955	
1	C23H43NO3	[M + Na]+	C23H43NNaO3+	Fatty acids	0.999	Fatty amides	0.990	N-acyl amines	0.966	Organic acids and derivatives	1.000	Carboxylic acids and derivatives	0.999	Amino acids, peptides, and analogues	0.775	Amino acids and derivatives	0.773	N-acyl-alpha amino acids	0.864	Organic compounds; Lipids and lipid-like molecules; Amino acids, peptides, and analogues; Alpha amino acids and derivatives; Fatty acids and conjugates; Organic acids and derivatives; Carboxylic acids and derivatives; Organonitrogen compounds; Organooxygen compounds; Fatty amides; Amino acids and derivatives; Carboxylic acid amides; Carboxylic acid derivatives; N-acyl amines; Monocarboxylic acids and derivatives; N-acyl-alpha amino acids and derivatives; Carboxylic acids; Secondary carboxylic acid amides; Carbonyl compounds; Benzene and substituted derivatives; N-acyl-alpha amino acids; Benzenoids; Fatty Acyls; Organic oxides; Hydrocarbon derivatives; Organic oxygen compounds; Organic nitrogen compounds; Chemical entities	404.314	585	9.755	816705740529709961	816702846178313522	816702846178313521	3958	
1	C24H44N6O5	[M + Na]+	C24H44N6NaO5+	Amino acids and Peptides	0.979	Small peptides	0.773	Dipeptides	0.340	Organic acids and derivatives	0.990	Carboxylic acids and derivatives	0.960	Amino acids, peptides, and analogues	0.934	Amino acids and derivatives	0.926	N-acyl-alpha amino acids and derivatives	0.541	Organic compounds; Lipids and lipid-like molecules; Amino acids, peptides, and analogues; Alpha amino acids and derivatives; Organic acids and derivatives; Carboxylic acids and derivatives; Organonitrogen compounds; Organooxygen compounds; Fatty amides; Amino acids and derivatives; Carboxylic acid amides; Carboxylic acid derivatives; N-acyl amines; N-acyl-alpha amino acids and derivatives; Secondary carboxylic acid amides; Carbonyl compounds; Benzene and substituted derivatives; Alpha amino acid amides; Benzenoids; Amines; Fatty Acyls; Organic oxides; Hydrocarbon derivatives; Organopnictogen compounds; Organic oxygen compounds; Organic nitrogen compounds; Chemical entities	519.323	585	9.755	816705766098194419	816702846216062263	816702846216062262	3946	
1	C28H48N2O4	[M + Na]+	C28H48N2NaO4+	Fatty acids	1.000	Spingolipids	0.980	Ceramides	0.251	Lipids and lipid-like molecules	0.973	Sphingolipids	0.778	Ceramides	0.632			Ceramides	0.632	Organic compounds; Lipids and lipid-like molecules; Alcohols and polyols; Sphingolipids; Organic acids and derivatives; Carboxylic acids and derivatives; Organonitrogen compounds; Organooxygen compounds; Fatty amides; Carboxylic acid amides; Carboxylic acid derivatives; N-acyl amines; Ceramides; Secondary alcohols; Secondary carboxylic acid amides; Carbonyl compounds; Amines; Fatty Acyls; Organic oxides; Hydrocarbon derivatives; Tetraalkylammonium salts; Organopnictogen compounds; Organic oxygen compounds; Organic nitrogen compounds; Chemical entities	499.348	585	9.758	816705744229087154	816702846249616700	816702846249616699	3954	
1	C8H12Br3N4O4P	[M + H]+	C8H13Br3N4O4P+	Alkaloids	0.872	Histidine alkaloids	0.626	Imidazole alkaloids	0.622	Organic 1,3-dipolar compounds	0.590	Allyl-type 1,3-dipolar organic compounds	0.800	Organic nitro compounds	0.841	C-nitro compounds	0.727	Nitroaromatic compounds	0.614	Organic compounds; Organoheterocyclic compounds; Imidazoles; Organic acids and derivatives; Organohalogen compounds; Organonitrogen compounds; Organooxygen compounds; Organic phosphoric acids and derivatives; Phosphate esters; Azoles; Alkyl bromides; Organic nitro compounds; Organic phosphoramides; Organic oxoazanium compounds; Organobromides; Substituted imidazoles; N-substituted imidazoles; Alkyl halides; Organic 1,3-dipolar compounds; Allyl-type 1,3-dipolar organic compounds; Organic phosphoric acid diamides; Phosphoric monoester diamides; Organic oxides; C-nitro compounds; Azacyclic compounds; Heteroaromatic compounds; Hydrocarbon derivatives; Organopnictogen compounds; Organic oxygen compounds; Nitroaromatic compounds; Organic nitrogen compounds; Chemical entities	496.821	586	9.759	816705748620525189	816702846316725569	816702846316725568	3959	
1	C24H48NO6P	[M + H]+	C24H49NO6P+	Fatty acids	1.000	Glycerophospholipids	0.985	Glycerophosphoethanolamines	0.748	Lipids and lipid-like molecules	0.997	Glycerophospholipids	0.989	Glycerophosphoethanolamines	0.967	Glycero-3-phospho-N-acyl-ethanolamines	0.940	Glycero-3-phospho-N-acyl-ethanolamines	0.940	Organic compounds; Lipids and lipid-like molecules; Alcohols and polyols; Glycerophospholipids; Organic acids and derivatives; Carboxylic acids and derivatives; Organonitrogen compounds; Primary alcohols; Organooxygen compounds; Fatty amides; Organic phosphoric acids and derivatives; Phosphate esters; Carboxylic acid amides; Carboxylic acid derivatives; N-acyl amines; Phosphoethanolamines; Secondary alcohols; Secondary carboxylic acid amides; Carbonyl compounds; Glycerophosphoethanolamines; Polyols; Amines; 1,2-diols; Glycero-3-phospho-N-acyl-ethanolamines; Alkyl phosphates; Dialkyl phosphates; Fatty Acyls; Organic oxides; Hydrocarbon derivatives; Organopnictogen compounds; Organic oxygen compounds; Organic nitrogen compounds; Chemical entities	478.328	586	9.760	816705741670560980	816702846367057222	816702846367057221	3965	
1	C18H27FO5	[M + H]+	C18H28FO5+	Terpenoids	0.456	Sesquiterpenoids	0.438	Erythromycins	0.031	Benzenoids	0.827	Benzene and substituted derivatives	0.844	Halobenzenes	0.863	Fluorobenzenes	0.877	Fluorobenzenes	0.877	Organic compounds; Lipids and lipid-like molecules; Halobenzenes; Organic acids and derivatives; Carboxylic acids and derivatives; Organohalogen compounds; Organooxygen compounds; Aryl fluorides; Carboxylic acid derivatives; Fluorobenzenes; Monocarboxylic acids and derivatives; Carboxylic acid esters; Organofluorides; Carbonyl compounds; Benzene and substituted derivatives; Benzenoids; Aryl halides; Organic oxides; Hydrocarbon derivatives; Organic oxygen compounds; Chemical entities	343.192	586	9.760	816705741515371680	816702846421583179	816702846421583178	3969	
1	C29H50O5	[M + H3N + H]+	C29H54NO5+	Terpenoids	0.751	Glycerolipids	0.511	Monoacylglycerols	0.086	Lipids and lipid-like molecules	0.961	Glycerolipids	0.536					Glycerolipids	0.536	Organic compounds; Lipids and lipid-like molecules; Alcohols and polyols; Glycerolipids; Organic acids and derivatives; Carboxylic acids and derivatives; Primary alcohols; Organooxygen compounds; Carboxylic acid derivatives; Carboxylic acid esters; Secondary alcohols; Carbonyl compounds; Fatty Acyls; Organic oxides; Hydrocarbon derivatives; Organic oxygen compounds; Chemical entities	496.395	586	9.763	816705737878909318	816702846526440789	816702846526440788	3970	
1	C19H43N3O9	[M + K]+	C19H43KN3O9+	Carbohydrates	0.909	Aminosugars and aminoglycosides	0.603	Polyamines	0.462	Organic oxygen compounds	1.000	Organooxygen compounds	0.999	Alcohols and polyols	0.950	Cyclic alcohols and derivatives	0.136	Aminocyclitols and derivatives	0.590	Organic compounds; Carbohydrates and carbohydrate conjugates; Alcohols and polyols; Ethers; Organonitrogen compounds; Primary alcohols; Organooxygen compounds; Secondary alcohols; 1,2-aminoalcohols; Amines; Alkanolamines; Aminocyclitols and derivatives; Aminosaccharides; Hydrocarbon derivatives; Organopnictogen compounds; Organic oxygen compounds; Organic nitrogen compounds; Chemical entities	496.260	586	9.764	816705766102388733	816702846568383834	816702846568383833	3983	
1	C26H45N3O6	[M + H]+	C26H46N3O6+	Fatty acids	0.999	Spingolipids	0.290	Glycerophosphocholines	0.128	Lipids and lipid-like molecules	0.969	Fatty Acyls	0.967	Fatty amides	0.671	N-acyl amines	0.654	N-acyl amines	0.654	Organic compounds; Lipids and lipid-like molecules; Alcohols and polyols; Organic acids and derivatives; Carboxylic acids and derivatives; Organonitrogen compounds; Organooxygen compounds; Fatty acid esters; Fatty amides; Organic phosphoric acids and derivatives; Phosphate esters; Carboxylic acid amides; Quaternary ammonium salts; Cholines; Carboxylic acid derivatives; N-acyl amines; Monocarboxylic acids and derivatives; Carboxylic acid esters; Phosphocholines; Secondary alcohols; Secondary carboxylic acid amides; Carbonyl compounds; Amines; Alkyl phosphates; Dialkyl phosphates; Organic cations; Organic salts; Fatty Acyls; Organic oxides; Hydrocarbon derivatives; Tetraalkylammonium salts; Organopnictogen compounds; Organic oxygen compounds; Organic nitrogen compounds; Chemical entities	496.338	586	9.764	816705739183338215	816702846627104095	816702846627104094	3978	
1	C37H68O5	[M + Na]+	C37H68NaO5+	Fatty acids	1.000	Glycerolipids	1.000	Diacylglycerols	1.000	Lipids and lipid-like molecules	0.998	Fatty Acyls	0.992	Lineolic acids and derivatives	0.677			Lineolic acids and derivatives	0.677	Organic compounds; Lipids and lipid-like molecules; Alcohols and polyols; Glycerolipids; Organic acids and derivatives; Carboxylic acids and derivatives; Primary alcohols; Organooxygen compounds; Fatty acid esters; Dicarboxylic acids and derivatives; Lineolic acids and derivatives; Carboxylic acid derivatives; Diacylglycerols; Carboxylic acid esters; 1,2-diacylglycerols; Carbonyl compounds; Diradylglycerols; Fatty Acyls; Organic oxides; Hydrocarbon derivatives; Organic oxygen compounds; Chemical entities	615.498	587	9.776	816705738529026596	816702846794876270	816702846794876269	3989	
1	C21H46OSi	[M + H]+	C21H47OSi+	Fatty acids	0.997	Fatty acyls	0.994	Fatty alcohols	0.988	Lipids and lipid-like molecules	0.496	Fatty Acyls	0.528	Fatty alcohols	0.630			Fatty alcohols	0.630	Organic compounds; Alcohols and polyols; Primary alcohols; Organooxygen compounds; Fatty alcohols; Fatty Acyls; Hydrocarbon derivatives; Organic oxygen compounds; Chemical entities	343.338	587	9.781	816705742639445351	816702846836819315	816702846836819314	3988	
1	C39H66O6	[M + H]+	C39H67O6+	Terpenoids	0.918	Carotenoids (C40)	0.760	Carotenoids (C40, β-β)	0.131	Lipids and lipid-like molecules	0.940	Prenol lipids	0.907					Prenol lipids	0.907	Organic compounds; Organoheterocyclic compounds; Lipids and lipid-like molecules; Alcohols and polyols; Ethers; Prenol lipids; Organooxygen compounds; Secondary alcohols; Carbonyl compounds; Fatty Acyls; Organic oxides; Hydrocarbon derivatives; Organic oxygen compounds; Chemical entities	631.493	588	9.793	816705737941823893	816702847029757324	816702847029757323	4015	
1	C20H33FN2O2	[M + Na]+	C20H33FN2NaO2+	Alkaloids	0.862	Pseudoalkaloids (transamidation)	0.265	Open-chain polyketides	0.034	Benzenoids	0.663	Benzene and substituted derivatives	0.512	Halobenzenes	0.480	Fluorobenzenes	0.554	Fluorobenzenes	0.554	Organic compounds; Organoheterocyclic compounds; Organohalogen compounds; Organonitrogen compounds; Organooxygen compounds; Alkyl fluorides; Aryl fluorides; Fluorobenzenes; Organofluorides; Benzene and substituted derivatives; Benzenoids; Alkyl halides; Azacyclic compounds; Hydrocarbon derivatives; Organopnictogen compounds; Organic oxygen compounds; Organic nitrogen compounds; Chemical entities	375.241	588	9.798	816705766094000104	816702846920705405	816702846920705404	3998	
1	C18H37NO	[M + H]+	C18H38NO+	Fatty acids	1.000	Fatty amides	0.999	Primary amides	0.999	Lipids and lipid-like molecules	0.948	Fatty Acyls	0.953	Fatty amides	0.962			Fatty amides	0.962	Organic compounds; Lipids and lipid-like molecules; Organic acids and derivatives; Carboxylic acids and derivatives; Organonitrogen compounds; Organooxygen compounds; Fatty amides; Carboxylic acid amides; Carboxylic acid derivatives; Primary carboxylic acid amides; Carbonyl compounds; Fatty Acyls; Organic oxides; Hydrocarbon derivatives; Organopnictogen compounds; Organic oxygen compounds; Organic nitrogen compounds; Chemical entities	284.294	591	9.852	816705745160222831	816702847113643414	816702847113643413	4020	
1	C21H42O4	[M + H]+	C21H43O4+	Fatty acids	0.999	Glycerolipids	0.986	Monoacylglycerols	0.967	Lipids and lipid-like molecules	0.995	Fatty Acyls	0.986	Fatty alcohols	0.589			Fatty alcohols	0.589	Organic compounds; Lipids and lipid-like molecules; Alcohols and polyols; Glycerolipids; Organic acids and derivatives; Carboxylic acids and derivatives; Primary alcohols; Organooxygen compounds; Fatty acid esters; Carboxylic acid derivatives; Monoacylglycerols; Monocarboxylic acids and derivatives; Carboxylic acid esters; Fatty alcohols; 1-monoacylglycerols; 2-monoacylglycerols; Secondary alcohols; Carbonyl compounds; 1,2-diols; Monoradylglycerols; Fatty Acyls; Organic oxides; Hydrocarbon derivatives; Organic oxygen compounds; Chemical entities	359.314	591	9.858	816705779008264243	816702847335941551	816702847335941550	4029	
1	C25H48O3	[M + Na]+	C25H48NaO3+	Fatty acids	0.954	Fatty esters	0.720	Wax monoesters	0.375	Lipids and lipid-like molecules	0.863	Fatty Acyls	0.661	Fatty acid esters	0.508			Fatty acid esters	0.508	Organic compounds; Lipids and lipid-like molecules; Ethers; Organic acids and derivatives; Carboxylic acids and derivatives; Organooxygen compounds; Fatty acid esters; Carboxylic acid derivatives; Monocarboxylic acids and derivatives; Dialkyl ethers; Carboxylic acid esters; Carbonyl compounds; Fatty Acyls; Organic oxides; Hydrocarbon derivatives; Organic oxygen compounds; Chemical entities	419.350	592	9.859	816705776583956017	816702847377884596	816702847377884595	4007	
1	C13H29BN4O2	[M + H]+	C13H30BN4O2+	Terpenoids	0.286	Monoterpenoids	0.412	Pinane monoterpenoids	0.109	Lipids and lipid-like molecules	0.434	Fatty Acyls	0.455	Fatty amides	0.564	N-acyl amines	0.548	N-acyl amines	0.548	Organic compounds; Organic acids and derivatives; Carboxylic acids and derivatives; Organonitrogen compounds; Organooxygen compounds; Fatty amides; Boronic acids; Organometallic compounds; Carboxylic acid amides; Boronic acid derivatives; Carboxylic acid derivatives; N-acyl amines; Organometalloid compounds; Secondary carboxylic acid amides; Carbonyl compounds; Organoboron compounds; Organic salts; Organic oxides; Organic metalloid salts; Organic metal salts; Hydrocarbon derivatives; Alkylboranes; Monoalkylboranes; Organic oxygen compounds; Organic nitrogen compounds; Chemical entities	284.251	594	9.893	816705777183741614	816702847499519427	816702847495325122	4016	
1	C34H67NO	[M + H]+	C34H68NO+	Fatty acids	1.000	Fatty amides	0.998	Primary amides	0.634	Lipids and lipid-like molecules	0.983	Fatty Acyls	0.980	Fatty amides	0.985	N-acyl amines	0.928	N-acyl amines	0.928	Organic compounds; Lipids and lipid-like molecules; Organic acids and derivatives; Carboxylic acids and derivatives; Organonitrogen compounds; Organooxygen compounds; Fatty amides; Carboxylic acid amides; Carboxylic acid derivatives; N-acyl amines; Secondary carboxylic acid amides; Carbonyl compounds; Fatty Acyls; Organic oxides; Hydrocarbon derivatives; Organopnictogen compounds; Organic oxygen compounds; Organic nitrogen compounds; Chemical entities	506.528	594	9.894	816705778068739946	816702847537268168	816702847537268167	4039	
1	C22H42N2O3	[M + H]+	C22H43N2O3+	Terpenoids	0.435	Steroids	0.181	Open-chain polyketides	0.202	Lipids and lipid-like molecules	0.911	Steroids and steroid derivatives	0.662					Steroids and steroid derivatives	0.662	Organic compounds; Lipids and lipid-like molecules; Alcohols and polyols; Steroids and steroid derivatives; Organic acids and derivatives; Carboxylic acids and derivatives; Organonitrogen compounds; Organooxygen compounds; Carboxylic acid amides; Carboxylic acid derivatives; Monocarboxylic acids and derivatives; Secondary alcohols; Carbonyl compounds; Organic oxides; Hydrocarbon derivatives; Organopnictogen compounds; Organic oxygen compounds; Organic nitrogen compounds; Chemical entities	383.321	594	9.894	816705776424572424	816702847616959949	816702847612765644	4040	
1	C23H44NO3	[M + H]+	C23H45NO3+	Terpenoids	0.592	Diterpenoids	0.290	Open-chain polyketides	0.193	Lipids and lipid-like molecules	0.897	Steroids and steroid derivatives	0.686	Hydroxysteroids	0.602			Hydroxysteroids	0.602	Organic compounds; Lipids and lipid-like molecules; Amino acids, peptides, and analogues; Alcohols and polyols; Steroids and steroid derivatives; Prenol lipids; Organic acids and derivatives; Carboxylic acids and derivatives; Organonitrogen compounds; Organooxygen compounds; Amino acids and derivatives; Carboxylic acid derivatives; Monocarboxylic acids and derivatives; Cyclic alcohols and derivatives; Hydroxysteroids; Secondary alcohols; Carbonyl compounds; Organic oxides; Hydrocarbon derivatives; Organopnictogen compounds; Organic oxygen compounds; Organic nitrogen compounds; Chemical entities	383.336	595	9.910	816705772926522776	816702847696651735	816702847692457430	4110	
1	C27H50	[M + Na]+	C27H50Na+	Terpenoids	0.956	Steroids	0.938	Cholestane steroids	0.915	Lipids and lipid-like molecules	0.982	Steroids and steroid derivatives	0.914	Cholestane steroids	0.729			Cholestane steroids	0.729	Organic compounds; Lipids and lipid-like molecules; Steroids and steroid derivatives; Hydrocarbons; Cholestane steroids; Polycyclic hydrocarbons; Saturated hydrocarbons; Chemical entities	397.381	595	9.924	816705788810354153	816702847746983388	816702847746983387	4063	
1	C31H54O3	[M + H]+	C31H55O3+	Terpenoids	0.292	Sesquiterpenoids	0.131	Catechols with side chains	0.124	Benzenoids	0.997	Benzene and substituted derivatives	0.987	Phenylpropanes	0.539			Phenylpropanes	0.539	Organic compounds; Lipids and lipid-like molecules; Organic acids and derivatives; Carboxylic acids and derivatives; Organooxygen compounds; Fatty acid esters; Carboxylic acid derivatives; Monocarboxylic acids and derivatives; Carboxylic acid esters; Carbonyl compounds; Benzene and substituted derivatives; Benzenoids; Phenylpropanes; Fatty Acyls; Organic oxides; Hydrocarbon derivatives; Organic oxygen compounds; Phenoxy compounds; Chemical entities	475.413	596	9.933	816705777473148630	816702847788926433	816702847784732128	4051	
1	C15H37FN6O2	[M + Na]+	C15H37FN6NaO2+	Alkaloids	0.661	Ornithine alkaloids	0.844	Polyamines	0.530	Organic acids and derivatives	0.861	Carboxylic acids and derivatives	0.647	Amino acids, peptides, and analogues	0.537	Amino acids and derivatives	0.534	Amino acids and derivatives	0.534	Organic compounds; Amino acids, peptides, and analogues; Organic acids and derivatives; Carboxylic acids and derivatives; Organohalogen compounds; Organonitrogen compounds; Organooxygen compounds; Amino acids and derivatives; Carboxylic acid amides; Alkyl fluorides; Carboxylic acid derivatives; Organofluorides; Carbonyl compounds; Amines; Alkyl halides; Organic oxides; Azacyclic compounds; Hydrocarbon derivatives; Organopnictogen compounds; Organic oxygen compounds; Organic nitrogen compounds; Chemical entities	375.286	596	9.940	816705786868391208	816702847818286566	816702847818286565	4057	
1	C21H46OSi	[M + H]+	C21H47OSi+	Fatty acids	0.995	Fatty acyls	0.971	Fatty alcohols	0.945	Lipids and lipid-like molecules	0.597	Fatty Acyls	0.628					Fatty Acyls	0.628	Organic compounds; Lipids and lipid-like molecules; Alcohols and polyols; Primary alcohols; Organooxygen compounds; Fatty Acyls; Hydrocarbon derivatives; Organic oxygen compounds; Chemical entities	343.338	596	9.941	816705792128048843	816702847851841003	816702847851841002	4059	
1	C39H74NO8P	[M + H]+	C39H75NO8P+	Fatty acids	0.999	Glycerophospholipids	1.000	Glycerophosphoethanolamines	0.998	Lipids and lipid-like molecules	0.986	Glycerophospholipids	0.999	Glycerophosphoethanolamines	0.993	Phosphatidylethanolamines	0.965	Phosphatidylethanolamines	0.965	Organic compounds; Lipids and lipid-like molecules; Amino acids, peptides, and analogues; Glycerophospholipids; Organic acids and derivatives; Carboxylic acids and derivatives; Organonitrogen compounds; Organooxygen compounds; Fatty acid esters; Dicarboxylic acids and derivatives; Amino acids and derivatives; Organic phosphoric acids and derivatives; Phosphate esters; Monoalkylamines; Carboxylic acid derivatives; Carboxylic acid esters; Phosphoethanolamines; Phosphatidylethanolamines; Carbonyl compounds; Glycerophosphoethanolamines; Amines; Primary amines; Alkyl phosphates; Dialkyl phosphates; Fatty Acyls; Organic oxides; Hydrocarbon derivatives; Organopnictogen compounds; Organic oxygen compounds; Organic nitrogen compounds; Chemical entities	716.520	597	9.942	816705770447688824	816702847906366960	816702847906366959	4064	
1	C24H50NO7P	[M + Na]+	C24H50NNaO7P+	Fatty acids	0.999	Glycerophospholipids	1.000	Glycerophosphocholines	0.992	Lipids and lipid-like molecules	0.961	Glycerophospholipids	0.996	Glycerophosphocholines	0.992	Lysophosphatidylcholines	0.813	1-acyl-sn-glycero-3-phosphocholines	0.784	Organic compounds; Lipids and lipid-like molecules; Glycerophospholipids; Organic acids and derivatives; Carboxylic acids and derivatives; Organonitrogen compounds; Organooxygen compounds; Fatty acid esters; Organic phosphoric acids and derivatives; Phosphate esters; Quaternary ammonium salts; Cholines; Carboxylic acid derivatives; Monocarboxylic acids and derivatives; Carboxylic acid esters; Phosphocholines; Lysophosphatidylcholines; 1-acyl-sn-glycero-3-phosphocholines; Carbonyl compounds; Glycerophosphocholines; Amines; Alkyl phosphates; Dialkyl phosphates; Organic cations; Organic salts; Fatty Acyls; Organic oxides; Hydrocarbon derivatives; Tetraalkylammonium salts; Organopnictogen compounds; Organic oxygen compounds; Organic nitrogen compounds; Chemical entities	518.320	597	9.946	816705782682475210	816702847981864442	816702847981864441	4068	
1	C30H48	[M + H]+	C30H49+	Terpenoids	0.998	Triterpenoids	0.928	Taraxerane triterpenoids	0.135	Lipids and lipid-like molecules	0.980	Prenol lipids	0.927	Triterpenoids	0.573			Triterpenoids	0.573	Organic compounds; Lipids and lipid-like molecules; Prenol lipids; Triterpenoids; Hydrocarbons; Olefins; Cyclic olefins; Polycyclic hydrocarbons; Unsaturated hydrocarbons; Unsaturated aliphatic hydrocarbons; Branched unsaturated hydrocarbons; Chemical entities	409.381	597	9.947	816705778798548952	816702848023807487	816702848023807486	4070	
1	C27H46O3	[M + H]+	C27H47O3+	Terpenoids	0.471	Meroterpenoids	0.134	Catechols with side chains	0.102	Benzenoids	0.996	Benzene and substituted derivatives	0.973	Phenoxy compounds	0.553			Phenoxy compounds	0.553	Organic compounds; Lipids and lipid-like molecules; Phenols; Organic acids and derivatives; Carboxylic acids and derivatives; Organooxygen compounds; Fatty acid esters; Carboxylic acid derivatives; Monocarboxylic acids and derivatives; Carboxylic acid esters; Carbonyl compounds; Benzene and substituted derivatives; Benzenoids; Fatty Acyls; Organic oxides; Hydrocarbon derivatives; Organic oxygen compounds; Phenoxy compounds; Chemical entities	419.350	597	9.948	816705788328009151	816702848053167620	816702848053167619	4077	
1	C22H42O4	[M + Na]+	C22H42NaO4+	Fatty acids	0.603	Diterpenoids	0.324	Monoacylglycerols	0.160	Lipids and lipid-like molecules	0.964	Fatty Acyls	0.825					Fatty Acyls	0.825	Organic compounds; Lipids and lipid-like molecules; Alcohols and polyols; Organic acids and derivatives; Carboxylic acids and derivatives; Primary alcohols; Organooxygen compounds; Carboxylic acid derivatives; Monocarboxylic acids and derivatives; Carboxylic acid esters; Secondary alcohols; Carbonyl compounds; Fatty Acyls; Organic oxides; Hydrocarbon derivatives; Organic oxygen compounds; Chemical entities	393.296	597	9.952	816705784976759911	816702848246105624	816702848246105623	4078	
1	C27H43NO3	[M + H]+	C27H44NO3+	Fatty acids	1.000	Fatty amides	1.000	N-acyl amines	1.000	Organic acids and derivatives	1.000	Carboxylic acids and derivatives	1.000	Amino acids, peptides, and analogues	0.996	Amino acids and derivatives	0.996	Phenylalanine and derivatives	0.992	Organic compounds; Lipids and lipid-like molecules; Amino acids, peptides, and analogues; Alpha amino acids and derivatives; Phenethylamines; Amphetamines and derivatives; Phenylpropanoids and polyketides; Organic acids and derivatives; Carboxylic acids and derivatives; Organonitrogen compounds; Organooxygen compounds; Fatty amides; Amino acids and derivatives; Carboxylic acid amides; Carboxylic acid derivatives; N-acyl amines; Monocarboxylic acids and derivatives; N-acyl-alpha amino acids and derivatives; Carboxylic acids; Secondary carboxylic acid amides; Carbonyl compounds; Benzene and substituted derivatives; N-acyl-alpha amino acids; Benzenoids; Phenylpropanoic acids; Fatty Acyls; Organic oxides; Hydrocarbon derivatives; Phenylalanine and derivatives; Organopnictogen compounds; Organic oxygen compounds; Organic nitrogen compounds; Chemical entities	430.330	597	9.955	816705786113416401	816702848283854365	816702848283854364	4086	
1	C22H42O4	[M - H2O + H]+	C22H41O3+	Terpenoids	0.599	Diterpenoids	0.679	Labdane diterpenoids	0.452	Lipids and lipid-like molecules	0.973	Prenol lipids	0.675	Diterpenoids	0.714			Diterpenoids	0.714	Organic compounds; Lipids and lipid-like molecules; Alcohols and polyols; Prenol lipids; Organic acids and derivatives; Carboxylic acids and derivatives; Primary alcohols; Organooxygen compounds; Carboxylic acid derivatives; Monocarboxylic acids and derivatives; Carboxylic acid esters; Cyclic alcohols and derivatives; Diterpenoids; Secondary alcohols; Carbonyl compounds; Fatty Acyls; Organic oxides; Hydrocarbon derivatives; Organic oxygen compounds; Chemical entities	353.304	597	9.958	816705791452765818	816702848350963239	816702848350963238	4090	
1	C16H32	[M + Na]+	C16H32Na+	Terpenoids	0.983	Sesquiterpenoids	0.760	Caryolane sesquiterpenoids	0.108	Lipids and lipid-like molecules	0.856	Prenol lipids	0.823					Prenol lipids	0.823	Organic compounds; Lipids and lipid-like molecules; Prenol lipids; Hydrocarbons; Polycyclic hydrocarbons; Saturated hydrocarbons; Chemical entities	247.241	597	9.958	816705791406628462	816702848388711980	816702848388711979	4092	
1	C19H36O2	[M + H]+	C19H37O2+	Fatty acids	0.996	Fatty esters	0.990	Wax monoesters	0.978	Lipids and lipid-like molecules	0.977	Fatty Acyls	0.972	Fatty acid esters	0.909	Fatty acid methyl esters	0.515	Fatty acid methyl esters	0.515	Organic compounds; Lipids and lipid-like molecules; Organic acids and derivatives; Carboxylic acids and derivatives; Organooxygen compounds; Fatty acid esters; Carboxylic acid derivatives; Monocarboxylic acids and derivatives; Carboxylic acid esters; Carbonyl compounds; Methyl esters; Fatty acid methyl esters; Fatty Acyls; Organic oxides; Hydrocarbon derivatives; Organic oxygen compounds; Chemical entities	297.278	598	9.960	816705793793187600	816702848464209462	816702848464209461	4094	
1	C18H34O2	[M + H]+	C18H35O2+	Fatty acids	0.999	Fatty esters	0.998	Wax monoesters	0.993	Lipids and lipid-like molecules	0.987	Fatty Acyls	0.989	Fatty acid esters	0.961	Fatty acid methyl esters	0.552	Fatty acid methyl esters	0.552	Organic compounds; Lipids and lipid-like molecules; Organic acids and derivatives; Carboxylic acids and derivatives; Organooxygen compounds; Fatty acid esters; Carboxylic acid derivatives; Monocarboxylic acids and derivatives; Carboxylic acid esters; Carbonyl compounds; Fatty acid methyl esters; Fatty Acyls; Organic oxides; Hydrocarbon derivatives; Organic oxygen compounds; Chemical entities	283.262	598	9.961	816705795668041611	816702848493569595	816702848493569594	4097	
1	C16H34O	[M + Na]+	C16H34NaO+	Fatty acids	0.998	Fatty acyls	0.998	Fatty alcohols	0.999	Lipids and lipid-like molecules	0.785	Fatty Acyls	0.803	Fatty alcohols	0.864	Long-chain fatty alcohols	0.615	Long-chain fatty alcohols	0.615	Organic compounds; Lipids and lipid-like molecules; Alcohols and polyols; Primary alcohols; Organooxygen compounds; Fatty alcohols; Long-chain fatty alcohols; Fatty Acyls; Hydrocarbon derivatives; Organic oxygen compounds; Chemical entities	265.251	598	9.963	816705819768516814	816702848531318336	816702848531318335	4100	
1	C22H39NO	[M + H]+	C22H40NO+	Fatty acids	1.000	Fatty amides	1.000	N-acyl ethanolamines (endocannabinoids)	0.790	Lipids and lipid-like molecules	0.943	Fatty Acyls	0.946	Fatty amides	0.943	N-acyl amines	0.895	N-acyl amines	0.895	Organic compounds; Lipids and lipid-like molecules; Organic acids and derivatives; Carboxylic acids and derivatives; Organonitrogen compounds; Organooxygen compounds; Fatty amides; Carboxylic acid amides; Carboxylic acid derivatives; N-acyl amines; Secondary carboxylic acid amides; Carbonyl compounds; Fatty Acyls; Organic oxides; Hydrocarbon derivatives; Organopnictogen compounds; Organic oxygen compounds; Organic nitrogen compounds; Chemical entities	334.309	598	9.963	816705823262372615	816702848569067077	816702848564872772	4101	
1	C27H50O	[M + Na]+	C27H50NaO+	Terpenoids	0.999	Steroids	0.998	Cholestane steroids	0.840	Lipids and lipid-like molecules	0.998	Steroids and steroid derivatives	0.995	Cholestane steroids	0.683	Cholesterols and derivatives	0.674	Cholesterols and derivatives	0.674	Organic compounds; Lipids and lipid-like molecules; Ketones; Alcohols and polyols; Steroids and steroid derivatives; Organooxygen compounds; Oxosteroids; Cyclic alcohols and derivatives; Hydroxysteroids; Cholesterols and derivatives; Secondary alcohols; Carbonyl compounds; 3-hydroxy delta-5-steroids; Delta-5-steroids; Cholestane steroids; Organic oxides; Hydrocarbon derivatives; Organic oxygen compounds; Chemical entities	413.376	598	9.965	816705827779638534	816702848611010122	816702848611010121	4103	
1	C24H46O6	[M + H]+	C24H47O6+	Polyketides	0.433	Steroids	0.245	Monacolins and Monacolin derivatives	0.221	Lipids and lipid-like molecules	0.893	Fatty Acyls	0.666	Fatty acid esters	0.569			Fatty acid esters	0.569	Organic compounds; Lipids and lipid-like molecules; Alcohols and polyols; Organic acids and derivatives; Carboxylic acids and derivatives; Organooxygen compounds; Fatty acid esters; Carboxylic acid derivatives; Carboxylic acid esters; Secondary alcohols; Carbonyl compounds; Fatty Acyls; Organic oxides; Oxacyclic compounds; Hydrocarbon derivatives; Organic oxygen compounds; Chemical entities	431.340	598	9.965	816705821911806537	816702848640370255	816702848636175950	4079	
1	C26H52NO7P	[M + Na]+	C26H52NNaO7P+	Fatty acids	1.000	Glycerophospholipids	1.000	Glycerophosphocholines	0.999	Lipids and lipid-like molecules	0.987	Glycerophospholipids	0.999	Glycerophosphocholines	0.997	Lysophosphatidylcholines	0.985	1-acyl-sn-glycero-3-phosphocholines	0.974	Organic compounds; Lipids and lipid-like molecules; Alcohols and polyols; Glycerophospholipids; Organic acids and derivatives; Carboxylic acids and derivatives; Organonitrogen compounds; Organooxygen compounds; Fatty acid esters; Organic phosphoric acids and derivatives; Phosphate esters; Quaternary ammonium salts; Cholines; Carboxylic acid derivatives; Monocarboxylic acids and derivatives; Carboxylic acid esters; Phosphocholines; Lysophosphatidylcholines; 1-acyl-sn-glycero-3-phosphocholines; Secondary alcohols; Carbonyl compounds; Glycerophosphocholines; Amines; Alkyl phosphates; Dialkyl phosphates; Organic cations; Organic salts; Fatty Acyls; Organic oxides; Hydrocarbon derivatives; Tetraalkylammonium salts; Organopnictogen compounds; Organic oxygen compounds; Organic nitrogen compounds; Chemical entities	544.336	598	9.967	816705819776905436	816702848673924692	816702848673924691	4104	
1	C27H48N4O6	[M + H]+	C27H49N4O6+	Fatty acids	0.805	Oligopeptides	0.301	Lipopeptides	0.089	Organic acids and derivatives	0.983	Carboxylic acids and derivatives	0.957	Amino acids, peptides, and analogues	0.665	Amino acids and derivatives	0.649	Amino acids and derivatives	0.649	Organic compounds; Lipids and lipid-like molecules; Amino acids, peptides, and analogues; Alcohols and polyols; Organic acids and derivatives; Carboxylic acids and derivatives; Organonitrogen compounds; Organooxygen compounds; Fatty amides; Amino acids and derivatives; Carboxylic acid amides; Carboxylic acid derivatives; N-acyl amines; Organic nitro compounds; Organic oxoazanium compounds; Secondary alcohols; Secondary carboxylic acid amides; Carbonyl compounds; Amines; Allyl-type 1,3-dipolar organic compounds; Fatty Acyls; Organic oxides; C-nitro compounds; Hydrocarbon derivatives; Organopnictogen compounds; Organic oxygen compounds; Nitroaromatic compounds; Organic nitrogen compounds; Chemical entities	525.364	598	9.969	816705819781099741	816702848707479129	816702848707479128	4109	
1	C44H81NO8	[M + H]+	C44H82NO8+	Fatty acids	1.000	Spingolipids	1.000	Neutral glycosphingolipids	1.000	Lipids and lipid-like molecules	0.996	Sphingolipids	0.978	Glycosphingolipids	0.981	Neutral glycosphingolipids	0.760	Glycosyl-N-acylsphingosines	0.720	Organic compounds; Organoheterocyclic compounds; Carbohydrates and carbohydrate conjugates; Lipids and lipid-like molecules; Alcohols and polyols; Ethers; Sphingolipids; Organic acids and derivatives; Carboxylic acids and derivatives; Organonitrogen compounds; Primary alcohols; Organooxygen compounds; Fatty amides; Carboxylic acid amides; Carboxylic acid derivatives; N-acyl amines; Neutral glycosphingolipids; Simple glycosylceramides; Hexoses; Monosaccharides; Acetals; Secondary alcohols; Secondary carboxylic acid amides; Fatty acyl glycosides; Carbonyl compounds; Oxanes; Glycosyl compounds; Alkyl glycosides; O-glycosyl compounds; Polyols; Glycosphingolipids; Fatty acyl glycosides of mono- and disaccharides; Fatty Acyls; Organic oxides; Oxacyclic compounds; Hydrocarbon derivatives; Glycosyl-N-acylsphingosines; Organopnictogen compounds; Organic oxygen compounds; Organic nitrogen compounds; Chemical entities	752.601	599	9.977	816705822142493289	816702848745227870	816702848745227869	4113	
1	C26H52NO7P	[M + H]+	C26H53NO7P+	Fatty acids	1.000	Glycerophospholipids	1.000	Glycerophosphocholines	0.997	Lipids and lipid-like molecules	0.987	Glycerophospholipids	0.999	Glycerophosphocholines	0.997	Lysophosphatidylcholines	0.981	1-acyl-sn-glycero-3-phosphocholines	0.961	Organic compounds; Lipids and lipid-like molecules; Alcohols and polyols; Glycerophospholipids; Organic acids and derivatives; Carboxylic acids and derivatives; Organonitrogen compounds; Organooxygen compounds; Fatty acid esters; Organic phosphoric acids and derivatives; Phosphate esters; Quaternary ammonium salts; Cholines; Carboxylic acid derivatives; Monocarboxylic acids and derivatives; Carboxylic acid esters; Phosphocholines; Lysophosphatidylcholines; 1-acyl-sn-glycero-3-phosphocholines; Secondary alcohols; Carbonyl compounds; Glycerophosphocholines; Amines; Alkyl phosphates; Dialkyl phosphates; Organic cations; Organic salts; Fatty Acyls; Organic oxides; Hydrocarbon derivatives; Tetraalkylammonium salts; Organopnictogen compounds; Organic oxygen compounds; Organic nitrogen compounds; Chemical entities	522.354	599	9.979	816705822314459773	816702848791365219	816702848787170914	4114	
1	C44H83NO8	[M + O + H]+	C44H84NO9+	Fatty acids	1.000	Spingolipids	1.000	Neutral glycosphingolipids	1.000	Lipids and lipid-like molecules	0.998	Sphingolipids	0.983	Glycosphingolipids	0.983	Neutral glycosphingolipids	0.852	Glycosyl-N-acylsphingosines	0.830	Organic compounds; Organoheterocyclic compounds; Carbohydrates and carbohydrate conjugates; Lipids and lipid-like molecules; Alcohols and polyols; Ethers; Sphingolipids; Organic acids and derivatives; Carboxylic acids and derivatives; Organonitrogen compounds; Primary alcohols; Organooxygen compounds; Fatty amides; Carboxylic acid amides; Carboxylic acid derivatives; N-acyl amines; Neutral glycosphingolipids; Simple glycosylceramides; Hexoses; Monosaccharides; Acetals; Secondary alcohols; Secondary carboxylic acid amides; Fatty acyl glycosides; Carbonyl compounds; Oxanes; Glycosyl compounds; Alkyl glycosides; O-glycosyl compounds; Polyols; Glycosphingolipids; Fatty acyl glycosides of mono- and disaccharides; Fatty Acyls; Organic oxides; Oxacyclic compounds; Hydrocarbon derivatives; Glycosyl-N-acylsphingosines; Organopnictogen compounds; Organic oxygen compounds; Organic nitrogen compounds; Chemical entities	770.612	599	9.980	816705822750667455	816702848837502568	816702848837502567	4115	
1	C38H71NO3	[M + H]+	C38H72NO3+	Fatty acids	1.000	Spingolipids	1.000	Ceramides	1.000	Lipids and lipid-like molecules	0.992	Sphingolipids	0.988	Ceramides	0.996	Long-chain ceramides	0.772	Long-chain ceramides	0.772	Organic compounds; Lipids and lipid-like molecules; Alcohols and polyols; Sphingolipids; Organic acids and derivatives; Carboxylic acids and derivatives; Organonitrogen compounds; Primary alcohols; Organooxygen compounds; Fatty amides; Carboxylic acid amides; Carboxylic acid derivatives; N-acyl amines; Ceramides; Secondary alcohols; Secondary carboxylic acid amides; Long-chain ceramides; Carbonyl compounds; Fatty Acyls; Organic oxides; Hydrocarbon derivatives; Organopnictogen compounds; Organic oxygen compounds; Organic nitrogen compounds; Chemical entities	590.549	599	9.981	816705822629032624	816702848879445613	816702848879445612	4117	
1	C20H41N3O8	[M + H]+	C20H42N3O8+	Amino acids and Peptides	0.855	Small peptides	0.652	Tripeptides	0.603	Organic acids and derivatives	0.998	Carboxylic acids and derivatives	0.995	Amino acids, peptides, and analogues	0.934	Peptides	0.703	Peptides	0.703	Organic compounds; Lipids and lipid-like molecules; Amino acids, peptides, and analogues; Alpha amino acids and derivatives; Alcohols and polyols; Fatty acids and conjugates; Organic acids and derivatives; Carboxylic acids and derivatives; Organonitrogen compounds; Organooxygen compounds; Fatty amides; Hydroxy fatty acids; Amino acids and derivatives; Peptides; Carboxylic acid amides; Carboxylic acid derivatives; N-acyl amines; N-acyl-alpha amino acids and derivatives; Carboxylic acids; Secondary alcohols; Secondary carboxylic acid amides; Carbonyl compounds; Alpha amino acid amides; N-acyl-alpha amino acids; Fatty Acyls; Organic oxides; Hydrocarbon derivatives; Amino acids; Organopnictogen compounds; Organic oxygen compounds; Organic nitrogen compounds; Chemical entities	452.294	600	9.996	816705826672342059	816702848917194354	816702848917194353	4082	
1	C21H42O4	[M + K]+	C21H42KO4+	Terpenoids	0.784	Diterpenoids	0.406	Cholane steroids	0.527	Lipids and lipid-like molecules	0.972	Fatty Acyls	0.701					Fatty Acyls	0.701	Organic compounds; Lipids and lipid-like molecules; Alcohols and polyols; Organic acids and derivatives; Carboxylic acids and derivatives; Organooxygen compounds; Carboxylic acid derivatives; Monocarboxylic acids and derivatives; Carboxylic acid esters; Secondary alcohols; Carbonyl compounds; Fatty Acyls; Organic oxides; Hydrocarbon derivatives; Organic oxygen compounds; Chemical entities	397.270	601	10.014	816705830367524300	816702848971720311	816702848971720310	4127	
1	C21H42O4	[M - H2O + H]+	C21H41O3+	Fatty acids	0.998	Glycerolipids	0.998	Monoacylglycerols	0.998	Lipids and lipid-like molecules	0.992	Glycerolipids	0.991	Monoradylglycerols	0.983	Monoacylglycerols	0.848	1-monoacylglycerols	0.731	Organic compounds; Lipids and lipid-like molecules; Alcohols and polyols; Glycerolipids; Organic acids and derivatives; Carboxylic acids and derivatives; Primary alcohols; Organooxygen compounds; Fatty acid esters; Carboxylic acid derivatives; Monoacylglycerols; Monocarboxylic acids and derivatives; Carboxylic acid esters; 1-monoacylglycerols; Secondary alcohols; Carbonyl compounds; Polyols; 1,2-diols; Monoradylglycerols; Fatty Acyls; Organic oxides; Hydrocarbon derivatives; Organic oxygen compounds; Chemical entities	341.304	601	10.015	816705841776031910	816702849022051964	816702849022051963	4129	
1	C21H42O4	[M + H]+	C21H43O4+	Fatty acids	0.999	Glycerolipids	0.998	Monoacylglycerols	0.998	Lipids and lipid-like molecules	0.996	Glycerolipids	0.992	Monoradylglycerols	0.984	Monoacylglycerols	0.934	1-monoacylglycerols	0.847	Organic compounds; Lipids and lipid-like molecules; Alcohols and polyols; Glycerolipids; Organic acids and derivatives; Carboxylic acids and derivatives; Primary alcohols; Organooxygen compounds; Fatty acid esters; Carboxylic acid derivatives; Monoacylglycerols; Monocarboxylic acids and derivatives; Carboxylic acid esters; 1-monoacylglycerols; Secondary alcohols; Carbonyl compounds; Polyols; 1,2-diols; Monoradylglycerols; Fatty Acyls; Organic oxides; Hydrocarbon derivatives; Organic oxygen compounds; Chemical entities	359.314	601	10.016	816705828077434185	816702849068189313	816702849068189312	4131	
1	C30H60O9	[M + H]+	C30H61O9+	Terpenoids	0.928	Steroids	0.897	Pregnane steroids	0.374	Lipids and lipid-like molecules	0.955	Steroids and steroid derivatives	0.883	Pregnane steroids	0.529	Gluco/mineralocorticoids, progestogins and derivatives	0.521	Gluco/mineralocorticoids, progestogins and derivatives	0.521	Organic compounds; Lipids and lipid-like molecules; Ketones; Alcohols and polyols; Steroids and steroid derivatives; Organic acids and derivatives; Carboxylic acids and derivatives; Organooxygen compounds; Carboxylic acid derivatives; Oxosteroids; Carboxylic acid esters; Cyclic alcohols and derivatives; Hydroxysteroids; Gluco/mineralocorticoids, progestogins and derivatives; Secondary alcohols; Tertiary alcohols; Carbonyl compounds; Polyols; 11-hydroxysteroids; Pregnane steroids; Organic oxides; Hydrocarbon derivatives; 14-hydroxysteroids; Organic oxygen compounds; Chemical entities	565.428	601	10.018	816705830975698423	816702849110132358	816702849105938053	4134	
1	C33H56N4O3	[M + H]+	C33H57N4O3+	Alkaloids	0.699	Ornithine alkaloids	0.047	Steroidal alkaloids	0.031	Organic acids and derivatives	0.972	Carboxylic acids and derivatives	0.956	Amino acids, peptides, and analogues	0.815	Amino acids and derivatives	0.813	Alpha amino acids and derivatives	0.528	Organic compounds; Organoheterocyclic compounds; Lipids and lipid-like molecules; Amino acids, peptides, and analogues; Alpha amino acids and derivatives; Organic acids and derivatives; Carboxylic acids and derivatives; Organonitrogen compounds; Organooxygen compounds; Amino acids and derivatives; Azoles; Carboxylic acid amides; Carboxylic acid derivatives; Tertiary carboxylic acid amides; Carbonyl compounds; Trialkylamines; Amines; Tertiary amines; Organic oxides; Azacyclic compounds; Heteroaromatic compounds; Hydrocarbon derivatives; Organopnictogen compounds; Organic oxygen compounds; Organic nitrogen compounds; Chemical entities	557.442	601	10.018	816705834356307734	816702849156269707	816702849156269706	4136	
1	C30H55N5O5	[M + H]+	C30H56N5O5+	Amino acids and Peptides	0.993	Oligopeptides	0.824	Linear peptides	0.261	Organic acids and derivatives	0.999	Carboxylic acids and derivatives	0.996	Amino acids, peptides, and analogues	0.955	Peptides	0.566	Peptides	0.566	Organic compounds; Lipids and lipid-like molecules; Amino acids, peptides, and analogues; Alpha amino acids and derivatives; Organic acids and derivatives; Carboxylic acids and derivatives; Organonitrogen compounds; Organooxygen compounds; Fatty amides; Amino acids and derivatives; Peptides; Carboxylic acid amides; Carboxylic acid derivatives; N-acyl amines; N-acyl-alpha amino acids and derivatives; Secondary carboxylic acid amides; Carbonyl compounds; Alpha amino acid amides; Fatty Acyls; Organic oxides; Hydrocarbon derivatives; Organopnictogen compounds; Organic oxygen compounds; Organic nitrogen compounds; Chemical entities	566.429	601	10.019	816705824713601897	816702849194018448	816702849194018447	4139	
1	C21H42O4	[M + Na]+	C21H42NaO4+	Fatty acids	0.998	Fatty acyls	0.906	Fatty alcohols	0.975	Lipids and lipid-like molecules	0.979	Fatty Acyls	0.927	Fatty alcohols	0.829	Long-chain fatty alcohols	0.845	Long-chain fatty alcohols	0.845	Organic compounds; Lipids and lipid-like molecules; Alcohols and polyols; Glycerolipids; Organic acids and derivatives; Carboxylic acids and derivatives; Primary alcohols; Organooxygen compounds; Carboxylic acid derivatives; Monoacylglycerols; Monocarboxylic acids and derivatives; Carboxylic acid esters; Fatty alcohols; Secondary alcohols; Fatty alcohol esters; Carbonyl compounds; Polyols; 1,2-diols; Long-chain fatty alcohols; Monoradylglycerols; Fatty Acyls; Organic oxides; Hydrocarbon derivatives; Organic oxygen compounds; Chemical entities	381.296	601	10.019	816705836784810006	816702849336624789	816702849336624788	4140	
1	C21H34N2O5	[M + Na]+	C21H34N2NaO5+	Amino acids and Peptides	0.948	Small peptides	0.927	Dipeptides	0.690	Organic acids and derivatives	0.999	Carboxylic acids and derivatives	0.998	Amino acids, peptides, and analogues	0.994	Peptides	0.709	Peptides	0.709	Organic compounds; Lipids and lipid-like molecules; Amino acids, peptides, and analogues; Alpha amino acids and derivatives; Organic acids and derivatives; Carboxylic acids and derivatives; Organonitrogen compounds; Organooxygen compounds; Fatty amides; Dicarboxylic acids and derivatives; Amino acids and derivatives; Peptides; Carboxylic acid amides; Carboxylic acid derivatives; Monocarboxylic acids and derivatives; N-acyl-alpha amino acids and derivatives; Carboxylic acids; Tertiary carboxylic acid amides; Carbonyl compounds; Alpha amino acid amides; N-acyl-alpha amino acids; Alpha amino acids; Amines; Fatty Acyls; Organic oxides; Hydrocarbon derivatives; Amino acids; Organopnictogen compounds; Organic oxygen compounds; Organic nitrogen compounds; Chemical entities	417.238	601	10.019	816705836394739628	816702849378567834	816702849378567833	4128	
1	C20H36O	[M + H]+	C20H37O+	Fatty acids	0.995	Fatty acyls	0.871	Fatty alcohols	0.491	Lipids and lipid-like molecules	0.850	Fatty Acyls	0.789					Fatty Acyls	0.789	Organic compounds; Lipids and lipid-like molecules; Organooxygen compounds; Fatty Acyls; Hydrocarbon derivatives; Organic oxygen compounds; Chemical entities	293.283	603	10.047	816705838009546818	816702849483425449	816702849483425448	4154	
1	C20H39NO	[M + H]+	C20H40NO+	Fatty acids	1.000	Fatty amides	0.999	Primary amides	0.995	Lipids and lipid-like molecules	0.833	Fatty Acyls	0.866	Fatty amides	0.825			Fatty amides	0.825	Organic compounds; Lipids and lipid-like molecules; Organic acids and derivatives; Carboxylic acids and derivatives; Organonitrogen compounds; Organooxygen compounds; Fatty amides; Carboxylic acid amides; Carboxylic acid derivatives; Primary carboxylic acid amides; Carbonyl compounds; Fatty Acyls; Organic oxides; Hydrocarbon derivatives; Organopnictogen compounds; Organic oxygen compounds; Organic nitrogen compounds; Chemical entities	310.309	603	10.048	816705845848702258	816702849521174190	816702849521174189	4155	
1	C11H28B10FNO	[M + H]+	C11H29B10FNO+	Terpenoids	1.000	Monoterpenoids	1.000	Pinane monoterpenoids	1.000	Organoheterocyclic compounds	1.000	Isoindoles and derivatives	0.659	Isoindoles	0.999			Isoindoles	0.999	Organic compounds; Organoheterocyclic compounds; Pyrazines; Isoindoles; Organic acids and derivatives; Organonitrogen compounds; Organometallic compounds; Boronic acid derivatives; Organometalloid compounds; Isoindoles and derivatives; Pyrazinecarboxamides; Pyrazine carboxylic acids and derivatives; Organoboron compounds; Organoboroxines; Organic salts; Organic metalloid salts; Organic metal salts; Azacyclic compounds; Oxacyclic compounds; Hydrocarbon derivatives; Alkylboranes; Organic oxygen compounds; Organic nitrogen compounds; Chemical entities	310.353	603	10.048	816705860029645658	816702849558922931	816702849558922930	4156	
1	C32H65NO	[M + H]+	C32H66NO+	Fatty acids	0.995	Fatty amides	0.972	Primary amides	0.408	Lipids and lipid-like molecules	0.696	Fatty Acyls	0.638	Fatty amides	0.695	N-acyl amines	0.542	N-acyl amines	0.542	Organic compounds; Lipids and lipid-like molecules; Organic acids and derivatives; Carboxylic acids and derivatives; Organonitrogen compounds; Organooxygen compounds; Fatty amides; Carboxylic acid amides; Carboxylic acid derivatives; N-acyl amines; Carbonyl compounds; Amines; Fatty Acyls; Organic oxides; Hydrocarbon derivatives; Organopnictogen compounds; Organic oxygen compounds; Organic nitrogen compounds; Chemical entities	480.512	606	10.093	816705846503014030	816702849667974850	816702849667974849	4176	
1	C34H67NO	[M + H]+	C34H68NO+	Fatty acids	0.999	Fatty amides	0.995	Primary amides	0.492	Lipids and lipid-like molecules	0.970	Fatty Acyls	0.952	Fatty amides	0.964	N-acyl amines	0.873	N-acyl amines	0.873	Organic compounds; Lipids and lipid-like molecules; Organic acids and derivatives; Carboxylic acids and derivatives; Organonitrogen compounds; Organooxygen compounds; Fatty amides; Carboxylic acid amides; Carboxylic acid derivatives; N-acyl amines; Secondary carboxylic acid amides; Carbonyl compounds; Fatty Acyls; Organic oxides; Hydrocarbon derivatives; Organopnictogen compounds; Organic oxygen compounds; Organic nitrogen compounds; Chemical entities	506.528	606	10.098	816705846679174861	816702849705723591	816702849705723590	4177	
1	C21H44NO7P	[M + H]+	C21H45NO7P+	Fatty acids	1.000	Glycerophospholipids	1.000	Glycerophosphoethanolamines	0.999	Organic acids and derivatives	0.999	Carboxylic acids and derivatives	0.997	Amino acids, peptides, and analogues	0.991	Amino acids and derivatives	0.990	Amino acids and derivatives	0.990	Organic compounds; Lipids and lipid-like molecules; Amino acids, peptides, and analogues; Alcohols and polyols; Glycerophospholipids; Organic acids and derivatives; Carboxylic acids and derivatives; Organonitrogen compounds; Organooxygen compounds; Fatty acid esters; Amino acids and derivatives; Organic phosphoric acids and derivatives; Phosphate esters; Monoalkylamines; Carboxylic acid derivatives; Monocarboxylic acids and derivatives; Carboxylic acid esters; Phosphoethanolamines; Lysophosphatidylethanolamines; Secondary alcohols; 1-acyl-sn-glycero-3-phosphoethanolamines; Carbonyl compounds; Glycerophosphoethanolamines; Amines; Primary amines; Alkyl phosphates; Dialkyl phosphates; Fatty Acyls; Organic oxides; Hydrocarbon derivatives; Organopnictogen compounds; Organic oxygen compounds; Organic nitrogen compounds; Chemical entities	454.291	606	10.105	816705845844507951	816702849735083724	816702849735083723	4178	
1	C36H69NO3	[M + O + H]+	C36H70NO4+	Fatty acids	1.000	Spingolipids	1.000	Ceramides	1.000	Lipids and lipid-like molecules	0.995	Sphingolipids	0.998	Ceramides	1.000	Long-chain ceramides	0.878	Long-chain ceramides	0.878	Organic compounds; Lipids and lipid-like molecules; Alcohols and polyols; Sphingolipids; Organic acids and derivatives; Carboxylic acids and derivatives; Organonitrogen compounds; Primary alcohols; Organooxygen compounds; Fatty amides; Carboxylic acid amides; Carboxylic acid derivatives; N-acyl amines; Ceramides; Secondary alcohols; Secondary carboxylic acid amides; Long-chain ceramides; Carbonyl compounds; Fatty Acyls; Organic oxides; Hydrocarbon derivatives; Organopnictogen compounds; Organic oxygen compounds; Organic nitrogen compounds; Chemical entities	580.528	607	10.110	816705851431321489	816702849802192598	816702849802192597	4181	
1	C19H38N4O	[M + H]+	C19H39N4O+	Alkaloids	0.745	Ornithine alkaloids	0.120	Polyamines	0.049	Organic acids and derivatives	0.529	Organic carbonic acids and derivatives	0.403	Ureas	0.540			Ureas	0.540	Organic compounds; Organoheterocyclic compounds; Organic acids and derivatives; Organonitrogen compounds; Organooxygen compounds; Ureas; Carbonyl compounds; Amines; Organic oxides; Azacyclic compounds; Hydrocarbon derivatives; Organopnictogen compounds; Organic oxygen compounds; Organic nitrogen compounds; Chemical entities	339.312	607	10.121	816705853109043278	816702849839941339	816702849839941338	4171	
1	C21H44O4Si3	[M - H2O + H]+	C21H43O3Si3+	Fatty acids	0.994	Glycerolipids	0.572	Monoacylglycerols	0.545	Lipids and lipid-like molecules	0.938	Glycerolipids	0.427	Monoradylglycerols	0.682	Monoacylglycerols	0.571	Monoacylglycerols	0.571	Organic compounds; Lipids and lipid-like molecules; Alcohols and polyols; Organic acids and derivatives; Carboxylic acids and derivatives; Organooxygen compounds; Carboxylic acid derivatives; Monoacylglycerols; Monocarboxylic acids and derivatives; Carboxylic acid esters; Secondary alcohols; Carbonyl compounds; Monoradylglycerols; Fatty Acyls; Organic oxides; Hydrocarbon derivatives; Organic oxygen compounds; Chemical entities	427.250	609	10.143	816705853822075000	816702849915438821	816702849915438820	4191	
1	C15H35N5O9	[M + H]+	C15H36N5O9+	Carbohydrates	0.999	Nucleosides	0.931	Purine nucleosides	0.850	Organic oxygen compounds	1.000	Organooxygen compounds	0.999	Carbohydrates and carbohydrate conjugates	0.987	Glycosyl compounds	0.935	Glycosylamines	0.914	Organic compounds; Organoheterocyclic compounds; Carbohydrates and carbohydrate conjugates; Pyrimidines and pyrimidine derivatives; Imidazoles; Alcohols and polyols; Purines and purine derivatives; Organonitrogen compounds; Primary alcohols; Organooxygen compounds; Azoles; Monoalkylamines; Aminopyrimidines and derivatives; Diazines; Pentoses; Monosaccharides; Secondary alcohols; Imidazopyrimidines; Carbonyl compounds; Oxanes; Glycosyl compounds; Glycosylamines; Polyols; Substituted imidazoles; N-substituted imidazoles; Amines; Primary amines; Tetrahydrofurans; 6-aminopurines; Imidolactams; Azacyclic compounds; Oxacyclic compounds; Hydrocarbon derivatives; Organopnictogen compounds; Organic oxygen compounds; Organic nitrogen compounds; Chemical entities	430.250	609	10.143	816705859526329081	816702849948993258	816702849944798953	4192	
1	C28H38N2	[M + K]+	C28H38KN2+	Alkaloids	0.937	Tryptophan alkaloids	0.760	Simple indole alkaloids	0.152	Organoheterocyclic compounds	0.997	Indoles and derivatives	0.395	Carbazoles	0.509			Carbazoles	0.509	Organic compounds; Organoheterocyclic compounds; Imidazoles; Carbazoles; Organonitrogen compounds; Azoles; Substituted imidazoles; N-substituted imidazoles; Benzenoids; Azacyclic compounds; Heteroaromatic compounds; Hydrocarbon derivatives; Organopnictogen compounds; Organic nitrogen compounds; Chemical entities	441.266	609	10.145	816705860071588707	816702850011907828	816702850011907827	4198	
1	C24H46N2O4	[M + H]+	C24H47N2O4+	Amino acids and Peptides	0.431	Tryptophan alkaloids	0.239	Open-chain polyketides	0.295	Organic acids and derivatives	0.949	Carboxylic acids and derivatives	0.886	Amino acids, peptides, and analogues	0.515	Amino acids and derivatives	0.516	Amino acids and derivatives	0.516	Organic compounds; Organoheterocyclic compounds; Amino acids, peptides, and analogues; Organic acids and derivatives; Carboxylic acids and derivatives; Organonitrogen compounds; Organooxygen compounds; Amino acids and derivatives; Carboxylic acid amides; Carboxylic acid derivatives; Secondary carboxylic acid amides; Carbonyl compounds; Benzenoids; Organic oxides; Azacyclic compounds; Oxacyclic compounds; Hydrocarbon derivatives; Organopnictogen compounds; Organic oxygen compounds; Organic nitrogen compounds; Chemical entities	427.356	609	10.154	816705864182007176	816702850141931267	816702850137736962	4208	
1	C28H54O4	[M + Na]+	C28H54NaO4+	Fatty acids	0.904	Glycerolipids	0.697	Monoacylglycerols	0.487	Lipids and lipid-like molecules	0.994	Fatty Acyls	0.969	Fatty alcohols	0.535			Fatty alcohols	0.535	Organic compounds; Lipids and lipid-like molecules; Alcohols and polyols; Organic acids and derivatives; Carboxylic acids and derivatives; Organooxygen compounds; Fatty acid esters; Carboxylic acid derivatives; Monocarboxylic acids and derivatives; Carboxylic acid esters; Fatty alcohols; Secondary alcohols; Carbonyl compounds; Methyl esters; Fatty acid methyl esters; Fatty Acyls; Organic oxides; Hydrocarbon derivatives; Organic oxygen compounds; Chemical entities	477.392	609	10.154	816705870100170434	816702850196457224	816702850196457223	4209	
1	C29H50O4	[M - H2O + H]+	C29H49O3+	Fatty acids	0.986	Fatty esters	0.707	Fatty acid estolides	0.655	Lipids and lipid-like molecules	0.997	Fatty Acyls	0.961	Fatty acid esters	0.790			Fatty acid esters	0.790	Organic compounds; Lipids and lipid-like molecules; Organic acids and derivatives; Carboxylic acids and derivatives; Organooxygen compounds; Fatty acid esters; Dicarboxylic acids and derivatives; Carboxylic acid derivatives; Carboxylic acids; Carboxylic acid esters; Carbonyl compounds; Fatty Acyls; Organic oxides; Hydrocarbon derivatives; Organic oxygen compounds; Chemical entities	445.366	609	10.154	816705865880700367	816702850234205965	816702850230011660	4210	
1	C28H44	[M + H]+	C28H45+	Terpenoids	0.996	Steroids	0.279	Ergostane steroids	0.231	Lipids and lipid-like molecules	0.983	Prenol lipids	0.786					Prenol lipids	0.786	Organic compounds; Lipids and lipid-like molecules; Prenol lipids; Hydrocarbons; Olefins; Cyclic olefins; Polycyclic hydrocarbons; Unsaturated hydrocarbons; Unsaturated aliphatic hydrocarbons; Branched unsaturated hydrocarbons; Chemical entities	381.350	612	10.195	816705881240242349	816702850330674967	816702850330674966	4218	
1	C25H52NO7P	[M + H]+	C25H53NO7P+	Fatty acids	0.999	Glycerophospholipids	1.000	Glycerophosphocholines	0.999	Lipids and lipid-like molecules	0.976	Glycerophospholipids	0.997	Glycerophosphocholines	0.993	Lysophosphatidylcholines	0.959	1-acyl-sn-glycero-3-phosphocholines	0.958	Organic compounds; Lipids and lipid-like molecules; Alcohols and polyols; Glycerophospholipids; Organic acids and derivatives; Carboxylic acids and derivatives; Organonitrogen compounds; Organooxygen compounds; Fatty acid esters; Organic phosphoric acids and derivatives; Phosphate esters; Quaternary ammonium salts; Cholines; Carboxylic acid derivatives; Monocarboxylic acids and derivatives; Carboxylic acid esters; Phosphocholines; Lysophosphatidylcholines; 1-acyl-sn-glycero-3-phosphocholines; Secondary alcohols; Carbonyl compounds; Glycerophosphocholines; Amines; Alkyl phosphates; Dialkyl phosphates; Organic cations; Organic salts; Fatty Acyls; Organic oxides; Hydrocarbon derivatives; Tetraalkylammonium salts; Organopnictogen compounds; Organic oxygen compounds; Organic nitrogen compounds; Chemical entities	510.354	612	10.200	816705880275552199	816702850364229404	816702850364229403	4220	
1	C29H46	[M + H]+	C29H47+	Terpenoids	0.992	Carotenoids (C40)	0.511	Ergostane steroids	0.162	Lipids and lipid-like molecules	0.979	Prenol lipids	0.700					Prenol lipids	0.700	Organic compounds; Lipids and lipid-like molecules; Prenol lipids; Hydrocarbons; Olefins; Cyclic olefins; Unsaturated hydrocarbons; Unsaturated aliphatic hydrocarbons; Branched unsaturated hydrocarbons; Chemical entities	395.366	612	10.204	816705880636262424	816702850427143974	816702850427143973	4222	
1	C27H46O3	[M + H]+	C27H47O3+	Terpenoids	0.393	Meroterpenoids	0.114	Catechols with side chains	0.120	Benzenoids	0.996	Benzene and substituted derivatives	0.976	Phenoxy compounds	0.595			Phenoxy compounds	0.595	Organic compounds; Lipids and lipid-like molecules; Phenols; Organic acids and derivatives; Carboxylic acids and derivatives; Organooxygen compounds; Fatty acid esters; Carboxylic acid derivatives; Monocarboxylic acids and derivatives; Carboxylic acid esters; Carbonyl compounds; Benzene and substituted derivatives; Benzenoids; Fatty Acyls; Organic oxides; Hydrocarbon derivatives; Organic oxygen compounds; Phenoxy compounds; Chemical entities	419.350	613	10.210	816705880745314365	816702850464892715	816702850464892714	4225	
1	C19H32O2	[M + H]+	C19H33O2+	Terpenoids	0.760	Diterpenoids	0.753	Norlabdane diterpenoids	0.096	Lipids and lipid-like molecules	0.910	Prenol lipids	0.530					Prenol lipids	0.530	Organic compounds; Lipids and lipid-like molecules; Alcohols and polyols; Prenol lipids; Carboxylic acids and derivatives; Organooxygen compounds; Monocarboxylic acids and derivatives; Carbonyl compounds; Organic oxides; Hydrocarbon derivatives; Organic oxygen compounds; Chemical entities	293.244	613	10.211	816705883253508412	816702850536195893	816702850536195892	4229	
1	C31H54O3	[M + H]+	C31H55O3+	Terpenoids	0.286	Sesquiterpenoids	0.091	Catechols with side chains	0.097	Benzenoids	0.997	Benzene and substituted derivatives	0.982	Phenylpropanes	0.785			Phenylpropanes	0.785	Organic compounds; Lipids and lipid-like molecules; Phenols; Organic acids and derivatives; Carboxylic acids and derivatives; Organooxygen compounds; Fatty acid esters; Carboxylic acid derivatives; Carboxylic acid esters; Carbonyl compounds; Benzene and substituted derivatives; Benzenoids; Phenylpropanes; Fatty Acyls; Organic oxides; Hydrocarbon derivatives; Organic oxygen compounds; Chemical entities	475.413	613	10.214	816705886478928370	816702850578138938	816702850578138937	4231	
1	C25H40N8O9	[M + Na]+	C25H40N8NaO9+	Carbohydrates	0.723	Oligopeptides	0.850	Purine nucleosides	0.399	Organic acids and derivatives	0.961	Carboxylic acids and derivatives	0.836	Amino acids, peptides, and analogues	0.782	Amino acids and derivatives	0.764	Alpha amino acids and derivatives	0.722	Organic compounds; Organoheterocyclic compounds; Carbohydrates and carbohydrate conjugates; Lipids and lipid-like molecules; Amino acids, peptides, and analogues; Alpha amino acids and derivatives; Pyrimidines and pyrimidine derivatives; Imidazoles; Alcohols and polyols; Purines and purine derivatives; Organic acids and derivatives; Carboxylic acids and derivatives; Organonitrogen compounds; Primary alcohols; Organooxygen compounds; Fatty amides; Amino acids and derivatives; Azoles; Monoalkylamines; Carboxylic acid amides; Carboxylic acid derivatives; N-acyl amines; Aminopyrimidines and derivatives; Diazines; Secondary alcohols; Secondary carboxylic acid amides; Imidazopyrimidines; Carbonyl compounds; Glycosyl compounds; Glycosylamines; Substituted imidazoles; N-substituted imidazoles; Amines; Primary amines; 6-aminopurines; Imidolactams; Fatty Acyls; Organic oxides; Azacyclic compounds; Oxacyclic compounds; Heteroaromatic compounds; Hydrocarbon derivatives; Organopnictogen compounds; Organic oxygen compounds; Organic nitrogen compounds; Chemical entities	619.283	613	10.221	816705893680550535	816702850624276287	816702850620081982	4234	
1	C35H65NO3	[M + H]+	C35H66NO3+	Fatty acids	0.806	Fatty amides	0.173	Phenylethylamines	0.042	Lipids and lipid-like molecules	0.753	Fatty Acyls	0.771	Fatty amides	0.608	N-acyl amines	0.504	N-acyl amines	0.504	Organic compounds; Lipids and lipid-like molecules; Phenols; Organic acids and derivatives; Carboxylic acids and derivatives; Organonitrogen compounds; Organooxygen compounds; Fatty amides; Carboxylic acid derivatives; N-acyl amines; Carbonyl compounds; Benzene and substituted derivatives; Benzenoids; Amines; Aralkylamines; Fatty Acyls; Organic oxides; Hydrocarbon derivatives; Organopnictogen compounds; Organic oxygen compounds; 1-hydroxy-2-unsubstituted benzenoids; Organic nitrogen compounds; Chemical entities	548.502	613	10.223	816705899808429127	816702850657830724	816702850657830723	4236	
1	C19H38O3	[M + Na]+	C19H38NaO3+	Fatty acids	0.888	Fatty acyls	0.385	Fatty alcohols	0.582	Lipids and lipid-like molecules	0.951	Fatty Acyls	0.882	Fatty acids and conjugates	0.379	Long-chain fatty acids	0.602	Long-chain fatty acids	0.602	Organic compounds; Lipids and lipid-like molecules; Alcohols and polyols; Carboxylic acids and derivatives; Primary alcohols; Organooxygen compounds; Monocarboxylic acids and derivatives; Fatty alcohols; Secondary alcohols; Carbonyl compounds; Long-chain fatty acids; Long-chain fatty alcohols; Fatty Acyls; Organic oxides; Hydrocarbon derivatives; Organic oxygen compounds; Chemical entities	337.272	614	10.225	816705893277897284	816702850695579465	816702850695579464	4224	
1	C37H70O5	[M + Na]+	C37H70NaO5+	Fatty acids	1.000	Glycerolipids	1.000	Diacylglycerols	1.000	Lipids and lipid-like molecules	0.996	Glycerolipids	0.998	Diradylglycerols	0.996	Diacylglycerols	0.998	1,2-diacylglycerols	0.992	Organic compounds; Lipids and lipid-like molecules; Alcohols and polyols; Glycerolipids; Organic acids and derivatives; Carboxylic acids and derivatives; Primary alcohols; Organooxygen compounds; Fatty acid esters; Dicarboxylic acids and derivatives; Carboxylic acid derivatives; Diacylglycerols; Carboxylic acid esters; 1,2-diacylglycerols; Carbonyl compounds; Diradylglycerols; Fatty Acyls; Organic oxides; Hydrocarbon derivatives; Organic oxygen compounds; Chemical entities	617.512	614	10.230	816705898315256533	816702850733328206	816702850733328205	4223	
1	C27H48O2	[M + Na]+	C27H48NaO2+	Terpenoids	0.934	Steroids	0.693	Ergostane steroids	0.167	Lipids and lipid-like molecules	0.919	Steroids and steroid derivatives	0.544					Steroids and steroid derivatives	0.544	Organic compounds; Lipids and lipid-like molecules; Steroids and steroid derivatives; Organic acids and derivatives; Carboxylic acids and derivatives; Organooxygen compounds; Carboxylic acid derivatives; Monocarboxylic acids and derivatives; Carboxylic acid esters; Carbonyl compounds; Organic oxides; Hydrocarbon derivatives; Organic oxygen compounds; Chemical entities	427.356	616	10.269	816705901624562893	816702850838185821	816702850838185820	4250	
1	C36H63NO2	[M + H]+	C36H64NO2+	Fatty acids	1.000	Spingolipids	0.999	Ceramides	0.999	Lipids and lipid-like molecules	0.994	Sphingolipids	0.960	Ceramides	0.991	Long-chain ceramides	0.624	Long-chain ceramides	0.624	Organic compounds; Lipids and lipid-like molecules; Alcohols and polyols; Sphingolipids; Organic acids and derivatives; Carboxylic acids and derivatives; Organonitrogen compounds; Primary alcohols; Organooxygen compounds; Fatty amides; Carboxylic acid amides; Carboxylic acid derivatives; N-acyl amines; Ceramides; Secondary alcohols; Secondary carboxylic acid amides; Long-chain ceramides; Carbonyl compounds; Fatty Acyls; Organic oxides; Hydrocarbon derivatives; Organopnictogen compounds; Organic oxygen compounds; Organic nitrogen compounds; Chemical entities	542.491	617	10.290	816705902798968083	816702850922071911	816702850922071910	4255	
1	C36H65NO3	[M + H]+	C36H66NO3+	Fatty acids	1.000	Spingolipids	1.000	Ceramides	1.000	Lipids and lipid-like molecules	0.994	Sphingolipids	0.989	Ceramides	0.997	Long-chain ceramides	0.745	Long-chain ceramides	0.745	Organic compounds; Lipids and lipid-like molecules; Alcohols and polyols; Sphingolipids; Organic acids and derivatives; Carboxylic acids and derivatives; Organonitrogen compounds; Primary alcohols; Organooxygen compounds; Fatty amides; Carboxylic acid amides; Carboxylic acid derivatives; N-acyl amines; Ceramides; Secondary alcohols; Secondary carboxylic acid amides; Long-chain ceramides; Carbonyl compounds; Fatty Acyls; Organic oxides; Hydrocarbon derivatives; Organopnictogen compounds; Organic oxygen compounds; Organic nitrogen compounds; Chemical entities	560.502	617	10.290	816705905990833577	816702850955626348	816702850955626347	4256	
1	C34H63NO	[M + Na]+	C34H63NNaO+	Fatty acids	0.815	Pseudoalkaloids (transamidation)	0.512	Steroidal alkaloids	0.282	Lipids and lipid-like molecules	0.706							Lipids and lipid-like molecules	0.706	Organic compounds; Lipids and lipid-like molecules; Organonitrogen compounds; Organooxygen compounds; Carbonyl compounds; Amines; Organic oxides; Hydrocarbon derivatives; Tetraalkylammonium salts; Organopnictogen compounds; Organic oxygen compounds; Organic nitrogen compounds; Chemical entities	524.481	617	10.291	816705906137634254	816702850993375089	816702850993375088	4257	
1	C29H50O4	[M - H2O + H]+	C29H49O3+	Terpenoids	0.999	Steroids	0.998	Spirostane steroids	0.668	Lipids and lipid-like molecules	0.991	Steroids and steroid derivatives	0.976	Hydroxysteroids	0.850	3-hydroxysteroids	0.816	3-hydroxysteroids	0.816	Organic compounds; Organoheterocyclic compounds; Lipids and lipid-like molecules; Alcohols and polyols; Ethers; Steroids and steroid derivatives; Organooxygen compounds; Cyclic alcohols and derivatives; Hydroxysteroids; Secondary alcohols; 3-hydroxysteroids; Oxacyclic compounds; Hydrocarbon derivatives; Organic oxygen compounds; Chemical entities	445.366	618	10.307	816705911351154314	816702851039512438	816702851039512437	4263	
1	C23H34N2O6	[M - H2O + H]+	C23H33N2O5+	Fatty acids	0.994	Fatty amides	0.724	N-acyl amines	0.396	Organic acids and derivatives	0.998	Carboxylic acids and derivatives	0.994	Amino acids, peptides, and analogues	0.860	Amino acids and derivatives	0.855	N-acyl-alpha amino acids	0.585	Organic compounds; Lipids and lipid-like molecules; Amino acids, peptides, and analogues; Alpha amino acids and derivatives; Alcohols and polyols; Organic acids and derivatives; Carboxylic acids and derivatives; Organonitrogen compounds; Organooxygen compounds; Fatty amides; Amino acids and derivatives; Carboxylic acid amides; Carboxylic acid derivatives; N-acyl amines; Monocarboxylic acids and derivatives; N-acyl-alpha amino acids and derivatives; Carboxylic acids; Secondary alcohols; Secondary carboxylic acid amides; Carbonyl compounds; N-acyl-alpha amino acids; Fatty Acyls; Organic oxides; Hydrocarbon derivatives; Organopnictogen compounds; Organic oxygen compounds; Organic nitrogen compounds; Chemical entities	417.239	618	10.308	816705920079502521	816702851119204224	816702851119204223	4265	
1	C21H39O7P	[M + H]+	C21H40O7P+	Fatty acids	1.000	Glycerophospholipids	1.000	Glycerophosphates	0.743	Lipids and lipid-like molecules	0.997	Glycerophospholipids	0.997	Glycerophosphates	0.581			Glycerophosphates	0.581	Organic compounds; Lipids and lipid-like molecules; Alcohols and polyols; Glycerophospholipids; Organic acids and derivatives; Carboxylic acids and derivatives; Organooxygen compounds; Fatty acid esters; Organic phosphoric acids and derivatives; Phosphate esters; Carboxylic acid derivatives; Monocarboxylic acids and derivatives; Carboxylic acid esters; Secondary alcohols; Carbonyl compounds; Glycerophosphates; Alkyl phosphates; Dialkyl phosphates; Fatty Acyls; Organic oxides; Hydrocarbon derivatives; Organic oxygen compounds; Chemical entities	435.249	619	10.317	816705923153927638	816702851194701706	816702851194701705	4268	
1	C28H54NO7P	[M + H]+	C28H55NO7P+	Fatty acids	1.000	Glycerophospholipids	0.997	Glycerophosphocholines	0.965	Lipids and lipid-like molecules	0.938	Glycerophospholipids	0.979	Glycerophosphocholines	0.970			Glycerophosphocholines	0.970	Organic compounds; Lipids and lipid-like molecules; Alcohols and polyols; Glycerophospholipids; Organic acids and derivatives; Carboxylic acids and derivatives; Organonitrogen compounds; Organooxygen compounds; Fatty acid esters; Organic phosphoric acids and derivatives; Phosphate esters; Quaternary ammonium salts; Cholines; Carboxylic acid derivatives; Monocarboxylic acids and derivatives; Carboxylic acid esters; Phosphocholines; Secondary alcohols; Carbonyl compounds; Glycerophosphocholines; Amines; Alkyl phosphates; Dialkyl phosphates; Organic cations; Organic salts; Fatty Acyls; Organic oxides; Hydrocarbon derivatives; Tetraalkylammonium salts; Organopnictogen compounds; Organic oxygen compounds; Organic nitrogen compounds; Chemical entities	548.369	620	10.330	816705920385686747	816702851232450447	816702851232450446	4271	
1	C26H54NO7P	[M + H]+	C26H55NO7P+	Fatty acids	0.998	Glycerophospholipids	1.000	Glycerophosphocholines	0.999	Lipids and lipid-like molecules	0.935	Glycerophospholipids	0.997	Glycerophosphocholines	0.994	Lysophosphatidylcholines	0.882	1-acyl-sn-glycero-3-phosphocholines	0.915	Organic compounds; Lipids and lipid-like molecules; Alcohols and polyols; Glycerophospholipids; Organic acids and derivatives; Carboxylic acids and derivatives; Organonitrogen compounds; Organooxygen compounds; Fatty acid esters; Organic phosphoric acids and derivatives; Phosphate esters; Quaternary ammonium salts; Cholines; Carboxylic acid derivatives; Monocarboxylic acids and derivatives; Carboxylic acid esters; Phosphocholines; Lysophosphatidylcholines; 1-acyl-sn-glycero-3-phosphocholines; Secondary alcohols; Carbonyl compounds; Glycerophosphocholines; Amines; Alkyl phosphates; Dialkyl phosphates; Organic cations; Organic salts; Fatty Acyls; Organic oxides; Hydrocarbon derivatives; Tetraalkylammonium salts; Organopnictogen compounds; Organic oxygen compounds; Organic nitrogen compounds; Chemical entities	524.369	620	10.338	816705923346865656	816702851270199188	816702851270199187	4273	
1	C33H63O5	[M + H]+	C33H64O5+	Fatty acids	1.000	Glycerolipids	1.000	Diacylglycerols	0.998	Lipids and lipid-like molecules	0.996	Fatty Acyls	0.992	Lineolic acids and derivatives	0.502			Lineolic acids and derivatives	0.502	Organic compounds; Lipids and lipid-like molecules; Alcohols and polyols; Glycerolipids; Organic acids and derivatives; Carboxylic acids and derivatives; Primary alcohols; Organooxygen compounds; Fatty acid esters; Dicarboxylic acids and derivatives; Lineolic acids and derivatives; Carboxylic acid derivatives; Diacylglycerols; Carboxylic acid esters; 1,2-diacylglycerols; Secondary alcohols; Carbonyl compounds; Diradylglycerols; Fatty Acyls; Organic oxides; Hydrocarbon derivatives; Organic oxygen compounds; Chemical entities	540.476	621	10.350	816705934222696470	816702851404416936	816702851404416935	4279	
1	C22H38O	[M + H3N + H]+	C22H42NO+	Terpenoids	0.796	Diterpenoids	0.391	Unsaturated fatty acids	0.308	Lipids and lipid-like molecules	0.974	Steroids and steroid derivatives	0.517					Steroids and steroid derivatives	0.517	Organic compounds; Lipids and lipid-like molecules; Alcohols and polyols; Steroids and steroid derivatives; Organooxygen compounds; Hydrocarbon derivatives; Organic oxygen compounds; Chemical entities	336.325	621	10.352	816705935938167364	816702851496691634	816702851492497329	4282	
1	C36H63NO3	[M + H]+	C36H64NO3+	Fatty acids	1.000	Spingolipids	1.000	Ceramides	0.999	Lipids and lipid-like molecules	0.986	Sphingolipids	0.970	Ceramides	0.992	Long-chain ceramides	0.636	Long-chain ceramides	0.636	Organic compounds; Lipids and lipid-like molecules; Alcohols and polyols; Sphingolipids; Organic acids and derivatives; Carboxylic acids and derivatives; Organonitrogen compounds; Primary alcohols; Organooxygen compounds; Fatty amides; Carboxylic acid amides; Carboxylic acid derivatives; N-acyl amines; Ceramides; Secondary alcohols; Secondary carboxylic acid amides; Long-chain ceramides; Carbonyl compounds; Fatty Acyls; Organic oxides; Hydrocarbon derivatives; Organopnictogen compounds; Organic oxygen compounds; Organic nitrogen compounds; Chemical entities	558.488	621	10.352	816705934331748423	816702851530246071	816702851530246070	4283	
1	C35H54O6	[M + Na]+	C35H54NaO6+	Shikimates and Phenylpropanoids	0.800	Lignans	0.683	Dibenzylbutane lignans	0.674	Benzenoids	0.970	Phenol ethers	0.903	Anisoles	0.845			Anisoles	0.845	Organic compounds; Alkyl aryl ethers; Phenols; Anisoles; Ethers; Organooxygen compounds; Benzene and substituted derivatives; Phenol ethers; Benzenoids; Methoxybenzenes; Hydrocarbon derivatives; Organic oxygen compounds; 1-hydroxy-2-unsubstituted benzenoids; Phenoxy compounds; Chemical entities	593.382	622	10.361	816705938182120432	816702851630909382	816702851630909381	4288	
1	C45H78O10	[M + Na]+	C45H78NaO10+	Fatty acids	1.000	Glycerolipids	1.000	Glycosyldiacylglycerols	1.000	Lipids and lipid-like molecules	0.999	Glycerolipids	1.000	Glycosylglycerols	1.000	Glycosyldiradylglycerols	1.000	Glycosyldiacylglycerols	0.998	Organic compounds; Organoheterocyclic compounds; Carbohydrates and carbohydrate conjugates; Lipids and lipid-like molecules; Alcohols and polyols; Glycerolipids; Ethers; Organic acids and derivatives; Carboxylic acids and derivatives; Primary alcohols; Organooxygen compounds; Fatty acid esters; Dicarboxylic acids and derivatives; Lineolic acids and derivatives; Glycosylglycerols; Carboxylic acid derivatives; Carboxylic acid esters; Hexoses; Monosaccharides; Acetals; Secondary alcohols; Fatty acyl glycosides; Carbonyl compounds; Oxanes; Glycosyl compounds; O-glycosyl compounds; Polyols; Glycosyldiacylglycerols; Glycosyldiradylglycerols; Fatty acyl glycosides of mono- and disaccharides; Fatty Acyls; Organic oxides; Oxacyclic compounds; Hydrocarbon derivatives; Organic oxygen compounds; Chemical entities	801.546	623	10.382	816705938576385096	816702851869984740	816702851869984739	4314	
1	C39H74NO8P	[M + H]+	C39H75NO8P+	Fatty acids	0.999	Glycerophospholipids	1.000	Glycerophosphoethanolamines	0.996	Lipids and lipid-like molecules	0.988	Glycerophospholipids	0.999	Glycerophosphoethanolamines	0.992	Phosphatidylethanolamines	0.953	Phosphatidylethanolamines	0.953	Organic compounds; Lipids and lipid-like molecules; Amino acids, peptides, and analogues; Glycerophospholipids; Organic acids and derivatives; Carboxylic acids and derivatives; Organonitrogen compounds; Organooxygen compounds; Fatty acid esters; Dicarboxylic acids and derivatives; Amino acids and derivatives; Organic phosphoric acids and derivatives; Phosphate esters; Monoalkylamines; Carboxylic acid derivatives; Carboxylic acid esters; Phosphoethanolamines; Phosphatidylethanolamines; Carbonyl compounds; Glycerophosphoethanolamines; Amines; Primary amines; Alkyl phosphates; Dialkyl phosphates; Fatty Acyls; Organic oxides; Hydrocarbon derivatives; Organopnictogen compounds; Organic oxygen compounds; Organic nitrogen compounds; Chemical entities	716.520	624	10.395	816705944024786446	816702851689629643	816702851685435338	4295	
1	C23H44NO7P	[M + Na]+	C23H44NNaO7P+	Fatty acids	1.000	Glycerophospholipids	1.000	Glycerophosphoethanolamines	0.996	Organic acids and derivatives	1.000	Carboxylic acids and derivatives	0.997	Amino acids, peptides, and analogues	0.809	Amino acids and derivatives	0.806	Amino acids and derivatives	0.806	Organic compounds; Lipids and lipid-like molecules; Amino acids, peptides, and analogues; Alcohols and polyols; Glycerophospholipids; Organic acids and derivatives; Carboxylic acids and derivatives; Organonitrogen compounds; Organooxygen compounds; Fatty acid esters; Amino acids and derivatives; Organic phosphoric acids and derivatives; Phosphate esters; Monoalkylamines; Carboxylic acid derivatives; Monocarboxylic acids and derivatives; Carboxylic acid esters; Phosphoethanolamines; Lysophosphatidylethanolamines; Secondary alcohols; 1-acyl-sn-glycero-3-phosphoethanolamines; Carbonyl compounds; Glycerophosphoethanolamines; Amines; Primary amines; Alkyl phosphates; Dialkyl phosphates; Fatty Acyls; Organic oxides; Hydrocarbon derivatives; Organopnictogen compounds; Organic oxygen compounds; Organic nitrogen compounds; Chemical entities	500.273	624	10.397	816705938274395147	816702851718989776	816702851718989775	4296	
1	C42H83NO5	[M + H]+	C42H84NO5+	Fatty acids	1.000	Spingolipids	1.000	Ceramides	1.000	Lipids and lipid-like molecules	0.998	Sphingolipids	0.999	Ceramides	1.000	Long-chain ceramides	0.772	Long-chain ceramides	0.772	Organic compounds; Lipids and lipid-like molecules; Alcohols and polyols; Sphingolipids; Organic acids and derivatives; Carboxylic acids and derivatives; Organonitrogen compounds; Primary alcohols; Organooxygen compounds; Fatty amides; Carboxylic acid amides; Carboxylic acid derivatives; N-acyl amines; Ceramides; Secondary alcohols; Secondary carboxylic acid amides; Long-chain ceramides; Carbonyl compounds; Phytoceramides; Fatty Acyls; Organic oxides; Hydrocarbon derivatives; Organopnictogen compounds; Organic oxygen compounds; Organic nitrogen compounds; Chemical entities	682.632	626	10.433	816705944330970696	816702851983230963	816702851983230962	4306	
1	C29H48O	[M + H]+	C29H49O+	Terpenoids	0.999	Steroids	0.994	Cholestane steroids	0.719	Lipids and lipid-like molecules	0.998	Steroids and steroid derivatives	0.992	Hydroxysteroids	0.813	3-hydroxysteroids	0.776	3-hydroxy delta-5-steroids	0.786	Organic compounds; Lipids and lipid-like molecules; Alcohols and polyols; Steroids and steroid derivatives; Organooxygen compounds; Cyclic alcohols and derivatives; Hydroxysteroids; Secondary alcohols; 3-hydroxy delta-5-steroids; Delta-5-steroids; 3-hydroxysteroids; Hydrocarbon derivatives; Organic oxygen compounds; Chemical entities	413.376	627	10.449	816705949968115628	816702852037756920	816702852037756919	4318	
1	C21H41NO	[M + H]+	C21H42NO+	Fatty acids	1.000	Fatty amides	1.000	Primary amides	0.868	Lipids and lipid-like molecules	0.895	Fatty Acyls	0.895	Fatty amides	0.924	N-acyl amines	0.814	N-acyl amines	0.814	Organic compounds; Lipids and lipid-like molecules; Organic acids and derivatives; Carboxylic acids and derivatives; Organonitrogen compounds; Organooxygen compounds; Fatty amides; Carboxylic acid amides; Carboxylic acid derivatives; N-acyl amines; Secondary carboxylic acid amides; Carbonyl compounds; Fatty Acyls; Organic oxides; Hydrocarbon derivatives; Organopnictogen compounds; Organic oxygen compounds; Organic nitrogen compounds; Chemical entities	324.325	627	10.450	816705953378085035	816702852079699965	816702852079699964	4319	
1	C27H48	[M + Na]+	C27H48Na+	Terpenoids	0.992	Steroids	0.744	Cholestane steroids	0.648	Lipids and lipid-like molecules	0.989	Steroids and steroid derivatives	0.841					Steroids and steroid derivatives	0.841	Organic compounds; Lipids and lipid-like molecules; Steroids and steroid derivatives; Prenol lipids; Hydrocarbons; Olefins; Cyclic olefins; Polycyclic hydrocarbons; Unsaturated hydrocarbons; Unsaturated aliphatic hydrocarbons; Branched unsaturated hydrocarbons; Chemical entities	395.366	627	10.450	816705950509180877	816702852125837314	816702852121643009	4320	
1	C28H50	[M + Na]+	C28H50Na+	Terpenoids	0.993	Triterpenoids	0.584	Hopane and Moretane triterpenoids	0.047	Lipids and lipid-like molecules	0.960	Prenol lipids	0.820					Prenol lipids	0.820	Organic compounds; Lipids and lipid-like molecules; Prenol lipids; Hydrocarbons; Olefins; Cyclic olefins; Polycyclic hydrocarbons; Unsaturated hydrocarbons; Unsaturated aliphatic hydrocarbons; Branched unsaturated hydrocarbons; Chemical entities	409.381	627	10.452	816705956230212163	816702852159391751	816702852159391750	4294	
1	C36H63NO2	[M + H]+	C36H64NO2+	Fatty acids	0.999	Spingolipids	0.796	Ceramides	0.815	Lipids and lipid-like molecules	0.977	Sphingolipids	0.432	Ceramides	0.724			Ceramides	0.724	Organic compounds; Lipids and lipid-like molecules; Alcohols and polyols; Organic acids and derivatives; Carboxylic acids and derivatives; Organonitrogen compounds; Primary alcohols; Organooxygen compounds; Fatty amides; Carboxylic acid amides; Carboxylic acid derivatives; N-acyl amines; Ceramides; Secondary alcohols; Secondary carboxylic acid amides; Carbonyl compounds; Fatty Acyls; Organic oxides; Hydrocarbon derivatives; Organopnictogen compounds; Organic oxygen compounds; Organic nitrogen compounds; Chemical entities	542.491	629	10.486	816705962559418146	816702852377495589	816702852377495588	4329	
1	C36H65NO3	[M + H]+	C36H66NO3+	Fatty acids	1.000	Spingolipids	1.000	Ceramides	1.000	Lipids and lipid-like molecules	0.994	Sphingolipids	0.993	Ceramides	0.999	Long-chain ceramides	0.778	Long-chain ceramides	0.778	Organic compounds; Lipids and lipid-like molecules; Alcohols and polyols; Sphingolipids; Organic acids and derivatives; Carboxylic acids and derivatives; Organonitrogen compounds; Primary alcohols; Organooxygen compounds; Fatty amides; Carboxylic acid amides; Carboxylic acid derivatives; N-acyl amines; Ceramides; Secondary alcohols; Secondary carboxylic acid amides; Long-chain ceramides; Carbonyl compounds; Fatty Acyls; Organic oxides; Hydrocarbon derivatives; Organopnictogen compounds; Organic oxygen compounds; Organic nitrogen compounds; Chemical entities	560.502	630	10.499	816705962412617462	816702852419438634	816702852415244329	4375	
1	C36H62O6	[M + Na]+	C36H62NaO6+	Fatty acids	0.982	Glycerolipids	0.758	Fatty acid estolides	0.307	Lipids and lipid-like molecules	0.996	Fatty Acyls	0.985	Fatty alcohols	0.587			Fatty alcohols	0.587	Organic compounds; Lipids and lipid-like molecules; Alcohols and polyols; Organic acids and derivatives; Carboxylic acids and derivatives; Organooxygen compounds; Fatty acid esters; Dicarboxylic acids and derivatives; Carboxylic acid derivatives; Carboxylic acids; Carboxylic acid esters; Fatty alcohols; Secondary alcohols; Carbonyl compounds; Fatty Acyls; Organic oxides; Hydrocarbon derivatives; Organic oxygen compounds; Chemical entities	613.449	631	10.512	816705960130915778	816702852469770287	816702852469770286	4328	
1	C31H65N3O4	[M + H]+	C31H66N3O4+	Amino acids and Peptides	0.922	Oligopeptides	0.289	Open-chain polyketides	0.105	Organic acids and derivatives	0.993	Carboxylic acids and derivatives	0.987	Amino acids, peptides, and analogues	0.817	Amino acids and derivatives	0.800	Alpha amino acids and derivatives	0.718	Organic compounds; Organoheterocyclic compounds; Lipids and lipid-like molecules; Amino acids, peptides, and analogues; Alpha amino acids and derivatives; Alcohols and polyols; Organic acids and derivatives; Carboxylic acids and derivatives; Organonitrogen compounds; Organooxygen compounds; Fatty amides; Amino acids and derivatives; Carboxylic acid amides; Carboxylic acid derivatives; N-acyl amines; Secondary carboxylic acid amides; Carbonyl compounds; Fatty Acyls; Organic oxides; Azacyclic compounds; Hydrocarbon derivatives; Organopnictogen compounds; Organic oxygen compounds; Organic nitrogen compounds; Chemical entities	544.504	631	10.521	816705960055418274	816702852515907636	816702852515907635	4330	
1	C25H42O2	[M + Na]+	C25H42NaO2+	Terpenoids	0.951	Steroids	0.303	Prenyl quinone meroterpenoids	0.114	Lipids and lipid-like molecules	0.889	Prenol lipids	0.559					Prenol lipids	0.559	Organic compounds; Lipids and lipid-like molecules; Prenol lipids; Organic acids and derivatives; Carboxylic acids and derivatives; Organooxygen compounds; Carboxylic acid derivatives; Monocarboxylic acids and derivatives; Carboxylic acid esters; Carbonyl compounds; Organic oxides; Hydrocarbon derivatives; Organic oxygen compounds; Chemical entities	397.309	631	10.524	816705965235384599	816702852549462073	816702852549462072	4337	
1	C42H79NO9	[M + Na]+	C42H79NNaO9+	Fatty acids	1.000	Spingolipids	1.000	Neutral glycosphingolipids	1.000	Lipids and lipid-like molecules	0.998	Sphingolipids	0.992	Glycosphingolipids	0.992	Neutral glycosphingolipids	0.901	Glycosyl-N-acylsphingosines	0.894	Organic compounds; Organoheterocyclic compounds; Carbohydrates and carbohydrate conjugates; Lipids and lipid-like molecules; Alcohols and polyols; Ethers; Sphingolipids; Organic acids and derivatives; Carboxylic acids and derivatives; Organonitrogen compounds; Primary alcohols; Organooxygen compounds; Fatty amides; Carboxylic acid amides; Carboxylic acid derivatives; N-acyl amines; Neutral glycosphingolipids; Simple glycosylceramides; Hexoses; Monosaccharides; Acetals; Secondary alcohols; Secondary carboxylic acid amides; Fatty acyl glycosides; Carbonyl compounds; Oxanes; Glycosyl compounds; Alkyl glycosides; O-glycosyl compounds; Polyols; Glycosphingolipids; Fatty acyl glycosides of mono- and disaccharides; Fatty Acyls; Organic oxides; Oxacyclic compounds; Hydrocarbon derivatives; Glycosyl-N-acylsphingosines; Organopnictogen compounds; Organic oxygen compounds; Organic nitrogen compounds; Chemical entities	764.562	632	10.534	816705962374868712	816702852641736771	816702852641736770	4340	
1	C42H79NO8	[M + O + H]+	C42H80NO9+	Fatty acids	1.000	Spingolipids	1.000	Neutral glycosphingolipids	1.000	Lipids and lipid-like molecules	0.996	Sphingolipids	0.982	Glycosphingolipids	0.982	Neutral glycosphingolipids	0.800	Glycosyl-N-acylsphingosines	0.767	Organic compounds; Organoheterocyclic compounds; Carbohydrates and carbohydrate conjugates; Lipids and lipid-like molecules; Alcohols and polyols; Ethers; Sphingolipids; Organic acids and derivatives; Carboxylic acids and derivatives; Organonitrogen compounds; Primary alcohols; Organooxygen compounds; Fatty amides; Carboxylic acid amides; Carboxylic acid derivatives; N-acyl amines; Neutral glycosphingolipids; Simple glycosylceramides; Hexoses; Monosaccharides; Acetals; Secondary alcohols; Secondary carboxylic acid amides; Fatty acyl glycosides; Carbonyl compounds; Oxanes; Glycosyl compounds; Alkyl glycosides; O-glycosyl compounds; Polyols; Glycosphingolipids; Fatty acyl glycosides of mono- and disaccharides; Fatty Acyls; Organic oxides; Oxacyclic compounds; Hydrocarbon derivatives; Glycosyl-N-acylsphingosines; Organopnictogen compounds; Organic oxygen compounds; Organic nitrogen compounds; Chemical entities	742.580	632	10.534	816705962509086485	816702852692068424	816702852692068423	4342	
1	C29H66N6O4	[M + H]+	C29H67N6O4+	Fatty acids	0.794	Oligopeptides	0.683	Linear peptides	0.411	Organic acids and derivatives	0.853	Carboxylic acids and derivatives	0.726	Amino acids, peptides, and analogues	0.625	Amino acids and derivatives	0.588	Alpha amino acid amides	0.522	Organic compounds; Lipids and lipid-like molecules; Amino acids, peptides, and analogues; Alpha amino acids and derivatives; Organic acids and derivatives; Carboxylic acids and derivatives; Organonitrogen compounds; Organooxygen compounds; Fatty amides; Amino acids and derivatives; Monoalkylamines; Carboxylic acid amides; Carboxylic acid derivatives; N-acyl amines; Secondary carboxylic acid amides; Carbonyl compounds; Alpha amino acid amides; Primary amines; Fatty Acyls; Organic oxides; Hydrocarbon derivatives; Organopnictogen compounds; Organic oxygen compounds; Organic nitrogen compounds; Chemical entities	563.521	632	10.536	816705959380135172	816702852771760210	816702852771760209	4354	
1	C36H67NO3	[M + H]+	C36H68NO3+	Fatty acids	1.000	Spingolipids	1.000	Ceramides	1.000	Lipids and lipid-like molecules	0.991	Sphingolipids	0.989	Ceramides	0.997	Long-chain ceramides	0.757	Long-chain ceramides	0.757	Organic compounds; Lipids and lipid-like molecules; Alcohols and polyols; Sphingolipids; Organic acids and derivatives; Carboxylic acids and derivatives; Organonitrogen compounds; Primary alcohols; Organooxygen compounds; Fatty amides; Carboxylic acid amides; Carboxylic acid derivatives; N-acyl amines; Ceramides; Secondary alcohols; Secondary carboxylic acid amides; Long-chain ceramides; Carbonyl compounds; Fatty Acyls; Organic oxides; Hydrocarbon derivatives; Organopnictogen compounds; Organic oxygen compounds; Organic nitrogen compounds; Chemical entities	562.517	632	10.537	816705965667398053	816702852830480471	816702852830480470	4348	
1	C42H77NO8	[M + H]+	C42H78NO8+	Fatty acids	1.000	Spingolipids	1.000	Neutral glycosphingolipids	1.000	Lipids and lipid-like molecules	0.997	Sphingolipids	0.981	Glycosphingolipids	0.984	Neutral glycosphingolipids	0.845	Glycosyl-N-acylsphingosines	0.819	Organic compounds; Organoheterocyclic compounds; Carbohydrates and carbohydrate conjugates; Lipids and lipid-like molecules; Alcohols and polyols; Ethers; Sphingolipids; Organic acids and derivatives; Carboxylic acids and derivatives; Organonitrogen compounds; Primary alcohols; Organooxygen compounds; Fatty amides; Carboxylic acid amides; Carboxylic acid derivatives; N-acyl amines; Neutral glycosphingolipids; Simple glycosylceramides; Hexoses; Monosaccharides; Acetals; Secondary alcohols; Secondary carboxylic acid amides; Fatty acyl glycosides; Carbonyl compounds; Oxanes; Glycosyl compounds; Alkyl glycosides; O-glycosyl compounds; Polyols; Glycosphingolipids; Fatty acyl glycosides of mono- and disaccharides; Fatty Acyls; Organic oxides; Oxacyclic compounds; Hydrocarbon derivatives; Glycosyl-N-acylsphingosines; Organopnictogen compounds; Organic oxygen compounds; Organic nitrogen compounds; Chemical entities	724.570	632	10.537	816705960667786775	816702852868229212	816702852868229211	4349	
1	C36H69NO3	[M + O + H]+	C36H70NO4+	Fatty acids	1.000	Spingolipids	1.000	Ceramides	1.000	Lipids and lipid-like molecules	0.995	Sphingolipids	0.997	Ceramides	0.999	Long-chain ceramides	0.841	Long-chain ceramides	0.841	Organic compounds; Lipids and lipid-like molecules; Alcohols and polyols; Sphingolipids; Organic acids and derivatives; Carboxylic acids and derivatives; Organonitrogen compounds; Primary alcohols; Organooxygen compounds; Fatty amides; Carboxylic acid amides; Carboxylic acid derivatives; N-acyl amines; Ceramides; Secondary alcohols; Secondary carboxylic acid amides; Long-chain ceramides; Carbonyl compounds; Fatty Acyls; Organic oxides; Hydrocarbon derivatives; Organopnictogen compounds; Organic oxygen compounds; Organic nitrogen compounds; Chemical entities	580.528	632	10.538	816705959724068157	816702852918560865	816702852914366560	4353	
1	C42H83NO5	[M + H]+	C42H84NO5+	Fatty acids	1.000	Spingolipids	1.000	Ceramides	1.000	Lipids and lipid-like molecules	0.998	Sphingolipids	0.999	Ceramides	1.000	Long-chain ceramides	0.780	Long-chain ceramides	0.780	Organic compounds; Lipids and lipid-like molecules; Alcohols and polyols; Sphingolipids; Organic acids and derivatives; Carboxylic acids and derivatives; Organonitrogen compounds; Primary alcohols; Organooxygen compounds; Fatty amides; Carboxylic acid amides; Carboxylic acid derivatives; N-acyl amines; Ceramides; Secondary alcohols; Secondary carboxylic acid amides; Long-chain ceramides; Carbonyl compounds; Phytoceramides; Fatty Acyls; Organic oxides; Hydrocarbon derivatives; Organopnictogen compounds; Organic oxygen compounds; Organic nitrogen compounds; Chemical entities	682.632	632	10.539	816705963670909174	816702852985669739	816702852985669738	4341	
1	C20H28N4O3	[M + H]+	C20H29N4O3+	Alkaloids	0.687	Small peptides	0.109	Pyridine alkaloids	0.093	Benzenoids	0.589							Benzenoids	0.589	Organic compounds; Organoheterocyclic compounds; Organic acids and derivatives; Carboxylic acids and derivatives; Organonitrogen compounds; Organooxygen compounds; Azoles; Carboxylic acid amides; Carboxylic acid derivatives; Carbonyl compounds; Benzenoids; Organic oxides; Azacyclic compounds; Heteroaromatic compounds; Hydrocarbon derivatives; Organopnictogen compounds; Organic oxygen compounds; Organic nitrogen compounds; Chemical entities	373.223	632	10.541	816705971937883708	816702853023418480	816702853019224175	4357	
1	C16H32N6O6	[M + H]+	C16H33N6O6+	Carbohydrates	0.990	Nucleosides	0.945	Purine nucleosides	0.825	Organic oxygen compounds	0.999	Organooxygen compounds	0.996	Carbohydrates and carbohydrate conjugates	0.901	Glycosyl compounds	0.884	Glycosylamines	0.905	Organic compounds; Organoheterocyclic compounds; Carbohydrates and carbohydrate conjugates; Pyrimidines and pyrimidine derivatives; Imidazoles; Alcohols and polyols; Purines and purine derivatives; Organonitrogen compounds; Primary alcohols; Nucleosides, nucleotides, and analogues; Organooxygen compounds; Azoles; Aminopyrimidines and derivatives; Diazines; Pentoses; Monosaccharides; Secondary alcohols; Imidazopyrimidines; Glycosyl compounds; Glycosylamines; Substituted imidazoles; N-substituted imidazoles; Amines; Primary amines; Tertiary amines; 6-aminopurines; Imidolactams; Azacyclic compounds; Oxacyclic compounds; Heteroaromatic compounds; Hydrocarbon derivatives; Organopnictogen compounds; Organic oxygen compounds; Organic nitrogen compounds; Chemical entities	405.249	632	10.541	816705968922178436	816702853065361525	816702853065361524	4358	
1	C23H47N5O	[M + H]+	C23H48N5O+	Alkaloids	0.832	Pseudoalkaloids (transamidation)	0.475	Tricyclic guanidine alkaloids	0.093	Organoheterocyclic compounds	0.962	Azoles	0.599					Azoles	0.599	Organic compounds; Organoheterocyclic compounds; Organonitrogen compounds; Organooxygen compounds; Azoles; Amines; Azacyclic compounds; Heteroaromatic compounds; Hydrocarbon derivatives; Organopnictogen compounds; Organic oxygen compounds; Organic nitrogen compounds; Chemical entities	410.385	633	10.544	816705965734506941	816702853107304570	816702853107304569	4356	
1	C21H46OSi	[M + H]+	C21H47OSi+	Fatty acids	0.993	Fatty acyls	0.916	Fatty alcohols	0.862	Lipids and lipid-like molecules	0.519							Lipids and lipid-like molecules	0.519	Organic compounds; Lipids and lipid-like molecules; Alcohols and polyols; Ethers; Primary alcohols; Organooxygen compounds; Hydrocarbon derivatives; Organic oxygen compounds; Chemical entities	343.338	633	10.545	816705975192665039	816702853145053311	816702853145053310	4362	
1	C11H36N11O3	[M + H]+	C11H37N11O3+	Carbohydrates	0.690	Nucleosides	0.476	Purine nucleosides	0.364	Organoheterocyclic compounds	0.849	Heteroaromatic compounds	0.747					Heteroaromatic compounds	0.747	Organic compounds; Organoheterocyclic compounds; Organic acids and derivatives; Organonitrogen compounds; Organooxygen compounds; Carbonyl compounds; Amines; Primary amines; Organic oxides; Azacyclic compounds; Heteroaromatic compounds; Hydrocarbon derivatives; Organopnictogen compounds; Organic oxygen compounds; Organic nitrogen compounds; Chemical entities	371.308	633	10.549	816705975163304885	816702853186996356	816702853186996355	4364	
1	C28H50	[M + Na]+	C28H50Na+	Terpenoids	0.992	Triterpenoids	0.487	Cholestane steroids	0.043	Lipids and lipid-like molecules	0.964	Prenol lipids	0.840					Prenol lipids	0.840	Organic compounds; Lipids and lipid-like molecules; Prenol lipids; Hydrocarbons; Olefins; Cyclic olefins; Polycyclic hydrocarbons; Unsaturated hydrocarbons; Unsaturated aliphatic hydrocarbons; Branched unsaturated hydrocarbons; Chemical entities	409.381	633	10.553	816705975180082114	816702853275076750	816702853275076749	4366	
1	C36H69NO3	[M + H]+	C36H70NO3+	Fatty acids	1.000	Spingolipids	1.000	Ceramides	1.000	Lipids and lipid-like molecules	0.995	Sphingolipids	0.997	Ceramides	0.999	Long-chain ceramides	0.810	Long-chain ceramides	0.810	Organic compounds; Lipids and lipid-like molecules; Alcohols and polyols; Sphingolipids; Organic acids and derivatives; Carboxylic acids and derivatives; Organonitrogen compounds; Primary alcohols; Organooxygen compounds; Fatty amides; Carboxylic acid amides; Carboxylic acid derivatives; N-acyl amines; Ceramides; Secondary alcohols; Secondary carboxylic acid amides; Long-chain ceramides; Carbonyl compounds; Fatty Acyls; Organic oxides; Hydrocarbon derivatives; Organopnictogen compounds; Organic oxygen compounds; Organic nitrogen compounds; Chemical entities	564.530	634	10.574	816705975184276428	816702853430266018	816702853430266017	4383	
1	C27H54NO7P	[M + H]+	C27H55NO7P+	Fatty acids	1.000	Glycerophospholipids	1.000	Glycerophosphocholines	1.000	Lipids and lipid-like molecules	0.990	Glycerophospholipids	1.000	Glycerophosphocholines	0.999	Lysophosphatidylcholines	0.989	1-acyl-sn-glycero-3-phosphocholines	0.980	Organic compounds; Lipids and lipid-like molecules; Alcohols and polyols; Glycerophospholipids; Organic acids and derivatives; Carboxylic acids and derivatives; Organonitrogen compounds; Organooxygen compounds; Fatty acid esters; Organic phosphoric acids and derivatives; Phosphate esters; Quaternary ammonium salts; Cholines; Carboxylic acid derivatives; Monocarboxylic acids and derivatives; Carboxylic acid esters; Phosphocholines; Lysophosphatidylcholines; 1-acyl-sn-glycero-3-phosphocholines; Secondary alcohols; Carbonyl compounds; Glycerophosphocholines; Amines; Alkyl phosphates; Dialkyl phosphates; Organic cations; Organic salts; Fatty Acyls; Organic oxides; Hydrocarbon derivatives; Tetraalkylammonium salts; Organopnictogen compounds; Organic oxygen compounds; Organic nitrogen compounds; Chemical entities	536.369	634	10.574	816705975188470734	816702853472209063	816702853468014758	4378	
1	C34H69NO3	[M + O + H]+	C34H70NO4+	Fatty acids	1.000	Spingolipids	1.000	Ceramides	1.000	Lipids and lipid-like molecules	0.999	Sphingolipids	0.999	Ceramides	1.000	Long-chain ceramides	0.849	Long-chain ceramides	0.849	Organic compounds; Lipids and lipid-like molecules; Alcohols and polyols; Sphingolipids; Organic acids and derivatives; Carboxylic acids and derivatives; Organonitrogen compounds; Primary alcohols; Organooxygen compounds; Fatty amides; Carboxylic acid amides; Carboxylic acid derivatives; N-acyl amines; Ceramides; Secondary alcohols; Secondary carboxylic acid amides; Long-chain ceramides; Carbonyl compounds; Fatty Acyls; Organic oxides; Hydrocarbon derivatives; Organopnictogen compounds; Organic oxygen compounds; Organic nitrogen compounds; Chemical entities	556.528	635	10.579	816705975180082121	816702853547706545	816702853547706544	4379	
1	C37H70O5	[M + Na]+	C37H70NaO5+	Fatty acids	1.000	Glycerolipids	1.000	Diacylglycerols	1.000	Lipids and lipid-like molecules	0.996	Glycerolipids	0.999	Diradylglycerols	0.998	Diacylglycerols	0.999	1,2-diacylglycerols	0.996	Organic compounds; Lipids and lipid-like molecules; Alcohols and polyols; Glycerolipids; Organic acids and derivatives; Carboxylic acids and derivatives; Primary alcohols; Organooxygen compounds; Fatty acid esters; Dicarboxylic acids and derivatives; Carboxylic acid derivatives; Diacylglycerols; Carboxylic acid esters; 1,2-diacylglycerols; Carbonyl compounds; Diradylglycerols; Fatty Acyls; Organic oxides; Hydrocarbon derivatives; Organic oxygen compounds; Chemical entities	617.510	635	10.589	816705975188470733	816702853639981243	816702853639981242	4374	
1	C36H67NO2	[M + H]+	C36H68NO2+	Fatty acids	1.000	Spingolipids	1.000	Ceramides	1.000	Lipids and lipid-like molecules	0.993	Sphingolipids	0.994	Ceramides	0.998	Long-chain ceramides	0.876	Long-chain ceramides	0.876	Organic compounds; Lipids and lipid-like molecules; Alcohols and polyols; Sphingolipids; Organic acids and derivatives; Carboxylic acids and derivatives; Organonitrogen compounds; Primary alcohols; Organooxygen compounds; Fatty amides; Carboxylic acid amides; Carboxylic acid derivatives; N-acyl amines; Ceramides; Secondary alcohols; Secondary carboxylic acid amides; Long-chain ceramides; Carbonyl compounds; Fatty Acyls; Organic oxides; Hydrocarbon derivatives; Organopnictogen compounds; Organic oxygen compounds; Organic nitrogen compounds; Chemical entities	546.522	636	10.595	816705980125167599	816702853677729984	816702853677729983	4397	
1	C34H40O7	[M + H]+	C34H41O7+	Terpenoids	0.616	Carotenoids (C40)	0.453	Azaphilones	0.147	Benzenoids	0.695							Benzenoids	0.695	Organic compounds; Lipids and lipid-like molecules; Ketones; Organic acids and derivatives; Carboxylic acids and derivatives; Organooxygen compounds; Carbonyl compounds; Benzenoids; Organic oxides; Hydrocarbon derivatives; Organic oxygen compounds; Chemical entities	561.280	636	10.603	816705984017482540	816702853715478725	816702853715478724	4390	
1	C30H40N6O7	[M - H2O + H]+	C30H39N6O6+	Amino acids and Peptides	0.760	Oligopeptides	0.928	Lipopeptides	0.439	Organic acids and derivatives	0.996	Carboxylic acids and derivatives	0.986	Amino acids, peptides, and analogues	0.904	Amino acids and derivatives	0.891	N-acyl-alpha amino acids	0.508	Organic compounds; Organoheterocyclic compounds; Lipids and lipid-like molecules; Amino acids, peptides, and analogues; Alpha amino acids and derivatives; Alcohols and polyols; Organic acids and derivatives; Carboxylic acids and derivatives; Organonitrogen compounds; Organooxygen compounds; Fatty amides; Amino acids and derivatives; Carboxylic acid amides; Carboxylic acid derivatives; N-acyl amines; Monocarboxylic acids and derivatives; N-acyl-alpha amino acids and derivatives; Carboxylic acids; Primary carboxylic acid amides; Secondary carboxylic acid amides; Carbonyl compounds; Substituted pyrroles; N-acyl-alpha amino acids; Benzenoids; Fatty Acyls; Organic oxides; Azacyclic compounds; Heteroaromatic compounds; Hydrocarbon derivatives; Organopnictogen compounds; Organic oxygen compounds; Organic nitrogen compounds; Chemical entities	579.291	636	10.603	816705988064986830	816702853761616074	816702853761616073	4391	
1	C34H44O9	[M + H]+	C34H45O9+	Fatty acids	0.515	Glycerolipids	0.318	Diacylglycerols	0.059	Lipids and lipid-like molecules	0.913	Fatty Acyls	0.869	Fatty acid esters	0.748			Fatty acid esters	0.748	Organic compounds; Lipids and lipid-like molecules; Alcohols and polyols; Glycerolipids; Organic acids and derivatives; Carboxylic acids and derivatives; Organooxygen compounds; Fatty acid esters; Carboxylic acid derivatives; Carboxylic acid esters; Secondary alcohols; Carbonyl compounds; Polyols; Fatty Acyls; Organic oxides; Hydrocarbon derivatives; Organic oxygen compounds; Chemical entities	597.301	636	10.603	816705986819278328	816702853807753423	816702853807753422	4392	
1	C25H40N8O9	[M + Na]+	C25H40N8NaO9+	Amino acids and Peptides	0.948	Oligopeptides	0.929	Cyclic peptides	0.490	Organic acids and derivatives	0.947	Carboxylic acids and derivatives	0.806	Amino acids, peptides, and analogues	0.864	Peptides	0.583	Peptides	0.583	Organic compounds; Organoheterocyclic compounds; Carbohydrates and carbohydrate conjugates; Lipids and lipid-like molecules; Amino acids, peptides, and analogues; Alpha amino acids and derivatives; Alcohols and polyols; Lactams; Ethers; Organic acids and derivatives; Carboxylic acids and derivatives; Organonitrogen compounds; Primary alcohols; Organooxygen compounds; Fatty amides; Amino acids and derivatives; Peptides; Monoalkylamines; Carboxylic acid amides; Carboxylic acid derivatives; N-acyl amines; N-acyl-alpha amino acids and derivatives; Hexoses; Monosaccharides; Secondary alcohols; Secondary carboxylic acid amides; Carbonyl compounds; Oxanes; Glycosyl compounds; O-glycosyl compounds; Polyols; Alpha amino acid amides; Benzenoids; Amines; Primary amines; Fatty Acyls; Organic oxides; Azacyclic compounds; Oxacyclic compounds; Hydrocarbon derivatives; Organopnictogen compounds; Organic oxygen compounds; Organic nitrogen compounds; Chemical entities	619.283	637	10.612	816705991932135798	816702853849696468	816702853849696467	4398	
1	C34H63FO6	[M + H]+	C34H64FO6+	Fatty acids	0.986	Glycerolipids	0.805	Fatty alcohols	0.287	Lipids and lipid-like molecules	0.973	Fatty Acyls	0.887	Fatty acid esters	0.796			Fatty acid esters	0.796	Organic compounds; Lipids and lipid-like molecules; Alcohols and polyols; Organic acids and derivatives; Carboxylic acids and derivatives; Organohalogen compounds; Organooxygen compounds; Fatty acid esters; Dicarboxylic acids and derivatives; Alkyl fluorides; Carboxylic acid derivatives; Carboxylic acid esters; Organofluorides; Secondary alcohols; Carbonyl compounds; Alkyl halides; Fatty Acyls; Organic oxides; Hydrocarbon derivatives; Organic oxygen compounds; Chemical entities	587.468	637	10.621	816705986026554677	816702853929388254	816702853929388253	4403	
1	C28H46	[M + H]+	C28H47+	Terpenoids	0.997	Triterpenoids	0.858	Hopane and Moretane triterpenoids	0.304	Lipids and lipid-like molecules	0.979	Prenol lipids	0.834					Prenol lipids	0.834	Organic compounds; Lipids and lipid-like molecules; Prenol lipids; Hydrocarbons; Olefins; Cyclic olefins; Polycyclic hydrocarbons; Unsaturated hydrocarbons; Unsaturated aliphatic hydrocarbons; Branched unsaturated hydrocarbons; Chemical entities	383.366	638	10.636	816705986659894736	816702853962942691	816702853962942690	4406	
1	C24H38O4	[M + H]+	C24H39O4+	Shikimates and Phenylpropanoids	0.213	Phenolic acids (C6-C1)	0.094	Simple phenolic acids	0.079	Benzenoids	0.999	Benzene and substituted derivatives	0.995	Benzoic acids and derivatives	0.996	Benzoic acid esters	0.987	Benzoic acid esters	0.987	Organic compounds; Benzoic acids and derivatives; Organic acids and derivatives; Carboxylic acids and derivatives; Benzoyl derivatives; Organooxygen compounds; Dicarboxylic acids and derivatives; Carboxylic acid derivatives; Carboxylic acid esters; Benzoic acid esters; Benzene and substituted derivatives; Benzenoids; Organic oxides; Hydrocarbon derivatives; Organic oxygen compounds; Chemical entities	391.283	639	10.656	816705983287673488	816702854034245869	816702854034245868	4411	
1	C24H38O4	[M + Na]+	C24H38NaO4+	Terpenoids	0.392	Sesquiterpenoids	0.110	Catechols with side chains	0.017	Benzenoids	0.940	Benzene and substituted derivatives	0.899	Benzoic acids and derivatives	0.901	Benzoic acid esters	0.856	Benzoic acid esters	0.856	Organic compounds; Benzoic acids and derivatives; Organic acids and derivatives; Carboxylic acids and derivatives; Benzoyl derivatives; Organooxygen compounds; Dicarboxylic acids and derivatives; Carboxylic acid derivatives; Carboxylic acid esters; Benzoic acid esters; Benzene and substituted derivatives; Benzenoids; Organic oxides; Hydrocarbon derivatives; Organic oxygen compounds; Chemical entities	413.265	640	10.659	816705986211104099	816702854113937655	816702854109743350	4414	
1	C20H41NO	[M + H]+	C20H42NO+	Fatty acids	0.996	Fatty amides	0.992	Primary amides	0.513	Lipids and lipid-like molecules	0.707	Fatty Acyls	0.667	Fatty amides	0.710	N-acyl amines	0.536	N-acyl amines	0.536	Organic compounds; Lipids and lipid-like molecules; Organic acids and derivatives; Carboxylic acids and derivatives; Organonitrogen compounds; Organooxygen compounds; Fatty amides; Carboxylic acid amides; Carboxylic acid derivatives; N-acyl amines; Carbonyl compounds; Amines; Fatty Acyls; Organic oxides; Hydrocarbon derivatives; Organopnictogen compounds; Organic oxygen compounds; Organic nitrogen compounds; Chemical entities	312.324	640	10.662	816705986487928230	816702854151686396	816702854147492091	4417	
1	C24H34O3	[M + Na]+	C24H34NaO3+	Terpenoids	0.898	Meroterpenoids	0.343	Prenyl quinone meroterpenoids	0.192	Benzenoids	0.679							Benzenoids	0.679	Organic compounds; Lipids and lipid-like molecules; Prenol lipids; Organic acids and derivatives; Carboxylic acids and derivatives; Organooxygen compounds; Carbonyl compounds; Benzenoids; Organic oxides; Hydrocarbon derivatives; Organic oxygen compounds; Chemical entities	393.244	640	10.669	816705994884926630	816702854181046529	816702854181046528	4407	
1	C18H30O	[M + H]+	C18H31O+	Fatty acids	0.946	Fatty acyls	0.981	Fatty alcohols	0.364	Organic oxygen compounds	0.953	Organooxygen compounds	0.959	Carbonyl compounds	0.872	Ketones	0.838	Alkyl-phenylketones	0.571	Organic compounds; Ketones; Benzoyl derivatives; Organooxygen compounds; Carbonyl compounds; Benzene and substituted derivatives; Benzenoids; Aryl ketones; Aryl alkyl ketones; Organic oxides; Hydrocarbon derivatives; Alkyl-phenylketones; Organic oxygen compounds; Chemical entities	263.236	641	10.685	816705991877609812	816702854252349707	816702854252349706	4421	
1	C19H34O2	[M + H]+	C19H35O2+	Fatty acids	0.971	Fatty Acids and Conjugates	0.640	Unsaturated fatty acids	0.685	Lipids and lipid-like molecules	0.978	Fatty Acyls	0.908	Fatty acids and conjugates	0.559	Long-chain fatty acids	0.660	Long-chain fatty acids	0.660	Organic compounds; Lipids and lipid-like molecules; Fatty acids and conjugates; Organic acids and derivatives; Carboxylic acids and derivatives; Organooxygen compounds; Straight chain fatty acids; Unsaturated fatty acids; Monocarboxylic acids and derivatives; Carboxylic acids; Carbonyl compounds; Long-chain fatty acids; Fatty Acyls; Organic oxides; Hydrocarbon derivatives; Organic oxygen compounds; Chemical entities	295.262	641	10.686	816705991567231220	816702854285904144	816702854285904143	4422	
1	C18H28	[M + H]+	C18H29+	Terpenoids	0.976	Diterpenoids	0.623	Serrulatane and Biflorane diterpenoids	0.071	Lipids and lipid-like molecules	0.835	Prenol lipids	0.769					Prenol lipids	0.769	Organic compounds; Lipids and lipid-like molecules; Prenol lipids; Hydrocarbons; Olefins; Cyclic olefins; Polycyclic hydrocarbons; Unsaturated hydrocarbons; Unsaturated aliphatic hydrocarbons; Aromatic hydrocarbons; Branched unsaturated hydrocarbons; Chemical entities	245.225	641	10.689	816705992242514408	816702854348818709	816702854348818708	4423	
1	C24H26O5	[M + H]+	C24H27O5+	Shikimates and Phenylpropanoids	0.897	Coumarins	0.858	Simple coumarins	0.244	Phenylpropanoids and polyketides	0.861	Coumarins and derivatives	0.706					Coumarins and derivatives	0.706	Organic compounds; Organoheterocyclic compounds; Lactones; Pyrans; Benzopyrans; Alkyl aryl ethers; Coumarins and derivatives; Ethers; Phenylpropanoids and polyketides; Organic acids and derivatives; Carboxylic acids and derivatives; Organooxygen compounds; Pyranones and derivatives; Carboxylic acid derivatives; Carboxylic acid esters; Carbonyl compounds; Benzene and substituted derivatives; Benzenoids; 1-benzopyrans; Organic oxides; Oxacyclic compounds; Hydrocarbon derivatives; Organic oxygen compounds; Chemical entities	395.186	642	10.692	816705993047820919	816702854445287711	816702854445287710	4425	
1	C26H54NO7P	[M + H]+	C26H55NO7P+	Fatty acids	0.999	Glycerophospholipids	1.000	Glycerophosphocholines	0.999	Lipids and lipid-like molecules	0.977	Glycerophospholipids	0.997	Glycerophosphocholines	0.993	Lysophosphatidylcholines	0.950	1-acyl-sn-glycero-3-phosphocholines	0.951	Organic compounds; Lipids and lipid-like molecules; Alcohols and polyols; Glycerophospholipids; Organic acids and derivatives; Carboxylic acids and derivatives; Organonitrogen compounds; Organooxygen compounds; Fatty acid esters; Organic phosphoric acids and derivatives; Phosphate esters; Quaternary ammonium salts; Cholines; Carboxylic acid derivatives; Monocarboxylic acids and derivatives; Carboxylic acid esters; Phosphocholines; Lysophosphatidylcholines; 1-acyl-sn-glycero-3-phosphocholines; Secondary alcohols; Carbonyl compounds; Glycerophosphocholines; Amines; Alkyl phosphates; Dialkyl phosphates; Organic cations; Organic salts; Fatty Acyls; Organic oxides; Hydrocarbon derivatives; Tetraalkylammonium salts; Organopnictogen compounds; Organic oxygen compounds; Organic nitrogen compounds; Chemical entities	524.369	642	10.697	816705991831472444	816702854508202276	816702854508202275	4427	
1	C26H54NO7P	[M + Na]+	C26H54NNaO7P+	Fatty acids	1.000	Glycerophospholipids	1.000	Glycerophosphocholines	0.967	Lipids and lipid-like molecules	0.981	Glycerophospholipids	0.995	Glycerophosphocholines	0.878	Lysophosphatidylcholines	0.808	1-acyl-sn-glycero-3-phosphocholines	0.810	Organic compounds; Lipids and lipid-like molecules; Alcohols and polyols; Glycerophospholipids; Organic acids and derivatives; Carboxylic acids and derivatives; Organonitrogen compounds; Organooxygen compounds; Fatty acid esters; Organic phosphoric acids and derivatives; Phosphate esters; Quaternary ammonium salts; Cholines; Carboxylic acid derivatives; Monocarboxylic acids and derivatives; Carboxylic acid esters; Phosphocholines; Lysophosphatidylcholines; 1-acyl-sn-glycero-3-phosphocholines; Secondary alcohols; Carbonyl compounds; Glycerophosphocholines; Amines; Alkyl phosphates; Dialkyl phosphates; Organic cations; Organic salts; Fatty Acyls; Organic oxides; Hydrocarbon derivatives; Tetraalkylammonium salts; Organopnictogen compounds; Organic oxygen compounds; Organic nitrogen compounds; Chemical entities	546.351	642	10.707	816705996151606679	816702854550145321	816702854550145320	4428	
1	C28H48O2	[M + Na]+	C28H48NaO2+	Terpenoids	0.982	Triterpenoids	0.912	Oleanane triterpenoids	0.160	Lipids and lipid-like molecules	0.952	Prenol lipids	0.843	Triterpenoids	0.669			Triterpenoids	0.669	Organic compounds; Lipids and lipid-like molecules; Prenol lipids; Organic acids and derivatives; Carboxylic acids and derivatives; Organooxygen compounds; Monocarboxylic acids and derivatives; Triterpenoids; Carbonyl compounds; Organic oxides; Hydrocarbon derivatives; Organic oxygen compounds; Chemical entities	439.354	644	10.734	816705994897509552	816702854650808627	816702854646614322	4435	
1	C23H47N5O	[M + H]+	C23H48N5O+	Alkaloids	0.701	Fatty amides	0.202	Imidazole alkaloids	0.109	Lipids and lipid-like molecules	0.735	Fatty Acyls	0.603	Fatty amides	0.605	N-acyl amines	0.516	N-acyl amines	0.516	Organic compounds; Organoheterocyclic compounds; Lipids and lipid-like molecules; Organic acids and derivatives; Carboxylic acids and derivatives; Organonitrogen compounds; Organooxygen compounds; Fatty amides; Carboxylic acid amides; Carboxylic acid derivatives; N-acyl amines; Secondary carboxylic acid amides; Carbonyl compounds; Amines; Fatty Acyls; Organic oxides; Azacyclic compounds; Heteroaromatic compounds; Hydrocarbon derivatives; Organopnictogen compounds; Organic oxygen compounds; Organic nitrogen compounds; Chemical entities	410.385	645	10.744	816705994897509562	816702854713723197	816702854713723196	4439	
1	C28H50	[M + Na]+	C28H50Na+	Terpenoids	0.993	Triterpenoids	0.449	Cholestane steroids	0.050	Lipids and lipid-like molecules	0.969	Prenol lipids	0.845					Prenol lipids	0.845	Organic compounds; Lipids and lipid-like molecules; Prenol lipids; Hydrocarbons; Olefins; Cyclic olefins; Polycyclic hydrocarbons; Unsaturated hydrocarbons; Unsaturated aliphatic hydrocarbons; Branched unsaturated hydrocarbons; Chemical entities	409.381	646	10.761	816706000475934693	816702854747277634	816702854747277633	4437	
1	C24H36O4	[M + Na]+	C24H36NaO4+	Terpenoids	0.830	Diterpenoids	0.214	Cholane steroids	0.149	Lipids and lipid-like molecules	0.950	Prenol lipids	0.583					Prenol lipids	0.583	Organic compounds; Lipids and lipid-like molecules; Prenol lipids; Organic acids and derivatives; Carboxylic acids and derivatives; Organooxygen compounds; Carboxylic acid derivatives; Monocarboxylic acids and derivatives; Carboxylic acid esters; Carbonyl compounds; Fatty Acyls; Organic oxides; Hydrocarbon derivatives; Organic oxygen compounds; Chemical entities	411.252	646	10.771	816705997460229757	816702854889883985	816702854889883984	4450	
1	C37H70O5	[M + Na]+	C37H70NaO5+	Fatty acids	1.000	Glycerolipids	1.000	Diacylglycerols	1.000	Lipids and lipid-like molecules	0.997	Glycerolipids	0.997	Diradylglycerols	0.994	Diacylglycerols	0.998	1,2-diacylglycerols	0.992	Organic compounds; Lipids and lipid-like molecules; Alcohols and polyols; Glycerolipids; Organic acids and derivatives; Carboxylic acids and derivatives; Primary alcohols; Organooxygen compounds; Fatty acid esters; Dicarboxylic acids and derivatives; Carboxylic acid derivatives; Diacylglycerols; Carboxylic acid esters; 1,2-diacylglycerols; Carbonyl compounds; Diradylglycerols; Fatty Acyls; Organic oxides; Hydrocarbon derivatives; Organic oxygen compounds; Chemical entities	617.510	646	10.771	816706001205743647	816702854931827030	816702854931827029	4434	
1	C26H40N2O8	[M + Na]+	C26H40N2NaO8+	Fatty acids	0.997	Glycerolipids	0.320	Glycerophosphoinositols	0.150	Lipids and lipid-like molecules	0.969	Fatty Acyls	0.949	Fatty acid esters	0.930			Fatty acid esters	0.930	Organic compounds; Lipids and lipid-like molecules; Alcohols and polyols; Glycerolipids; Organic acids and derivatives; Carboxylic acids and derivatives; Organonitrogen compounds; Primary alcohols; Organooxygen compounds; Fatty acid esters; Dicarboxylic acids and derivatives; Carboxylic acid amides; Carboxylic acid derivatives; Monocarboxylic acids and derivatives; Carboxylic acid esters; Secondary alcohols; Secondary carboxylic acid amides; Carbonyl compounds; Polyols; Fatty Acyls; Organic oxides; Hydrocarbon derivatives; Organopnictogen compounds; Organic oxygen compounds; Organic nitrogen compounds; Chemical entities	531.267	647	10.783	816706012157073235	816702855032490336	816702855032490335	4458	
1	C15H32N6O	[M + H]+	C15H33N6O+	Alkaloids	0.676	Ornithine alkaloids	0.074	Polyamines	0.015	Organoheterocyclic compounds	0.985	Triazines	0.671	1,3,5-triazines	0.823	Alkoxy-S-triazines	0.546	Alkoxy-S-triazines	0.546	Organic compounds; Organoheterocyclic compounds; Triazines; Ethers; Organonitrogen compounds; Organooxygen compounds; Azoles; Dialkyl ethers; Aminotriazines; Amines; Tertiary amines; N-aliphatic s-triazines; 1,3,5-triazines; Azacyclic compounds; Oxacyclic compounds; Heteroaromatic compounds; Hydrocarbon derivatives; Organopnictogen compounds; Organic oxygen compounds; Alkoxy-S-triazines; Organic nitrogen compounds; 1,3,5-triazine-2,4-diamines; Chemical entities	313.272	648	10.792	816706002820550958	816702855128959338	816702855120570729	4463	
1	C34H65NO3	[M - H2O + H]+	C34H64NO2+	Fatty acids	1.000	Spingolipids	1.000	Ceramides	1.000	Lipids and lipid-like molecules	0.993	Sphingolipids	0.993	Ceramides	0.998	Long-chain ceramides	0.715	Long-chain ceramides	0.715	Organic compounds; Lipids and lipid-like molecules; Alcohols and polyols; Sphingolipids; Organic acids and derivatives; Carboxylic acids and derivatives; Organonitrogen compounds; Primary alcohols; Organooxygen compounds; Fatty amides; Carboxylic acid amides; Carboxylic acid derivatives; N-acyl amines; Ceramides; Secondary alcohols; Secondary carboxylic acid amides; Long-chain ceramides; Carbonyl compounds; Fatty Acyls; Organic oxides; Hydrocarbon derivatives; Organopnictogen compounds; Organic oxygen compounds; Organic nitrogen compounds; Chemical entities	518.491	649	10.815	816706005861421704	816702855204456820	816702855204456819	4470	
1	C34H65NO3	[M + H]+	C34H66NO3+	Fatty acids	1.000	Spingolipids	1.000	Ceramides	1.000	Lipids and lipid-like molecules	0.993	Sphingolipids	0.994	Ceramides	0.998	Long-chain ceramides	0.722	Long-chain ceramides	0.722	Organic compounds; Lipids and lipid-like molecules; Alcohols and polyols; Sphingolipids; Organic acids and derivatives; Carboxylic acids and derivatives; Organonitrogen compounds; Primary alcohols; Organooxygen compounds; Fatty amides; Carboxylic acid amides; Carboxylic acid derivatives; N-acyl amines; Ceramides; Secondary alcohols; Secondary carboxylic acid amides; Long-chain ceramides; Carbonyl compounds; Fatty Acyls; Organic oxides; Hydrocarbon derivatives; Organopnictogen compounds; Organic oxygen compounds; Organic nitrogen compounds; Chemical entities	536.502	649	10.818	816706019585186124	816702855472892291	816702855472892290	4472	
1	C27H44	[M + H]+	C27H45+	Terpenoids	0.989	Steroids	0.737	Cholestane steroids	0.567	Lipids and lipid-like molecules	0.988	Steroids and steroid derivatives	0.776					Steroids and steroid derivatives	0.776	Organic compounds; Lipids and lipid-like molecules; Steroids and steroid derivatives; Prenol lipids; Hydrocarbons; Olefins; Cyclic olefins; Polycyclic hydrocarbons; Unsaturated hydrocarbons; Unsaturated aliphatic hydrocarbons; Branched unsaturated hydrocarbons; Chemical entities	369.345	650	10.833	816706014564603992	816702855649053079	816702855649053078	4476	
1	C23H46O4	[M + Na]+	C23H46NaO4+	Fatty acids	0.855	Fatty acyls	0.248	Fatty alcohols	0.543	Lipids and lipid-like molecules	0.971	Fatty Acyls	0.894	Fatty alcohols	0.782	Long-chain fatty alcohols	0.547	Long-chain fatty alcohols	0.547	Organic compounds; Lipids and lipid-like molecules; Alcohols and polyols; Primary alcohols; Organooxygen compounds; Fatty alcohols; Secondary alcohols; Long-chain fatty alcohols; Fatty Acyls; Hydrocarbon derivatives; Organic oxygen compounds; Chemical entities	409.328	651	10.853	816706022277929489	816702855690996124	816702855690996123	4482	
1	C20H42O	[M + Na]+	C20H42NaO+	Fatty acids	0.999	Fatty acyls	0.999	Fatty alcohols	0.999	Lipids and lipid-like molecules	0.807	Fatty Acyls	0.828	Fatty alcohols	0.897	Long-chain fatty alcohols	0.668	Long-chain fatty alcohols	0.668	Organic compounds; Lipids and lipid-like molecules; Alcohols and polyols; Primary alcohols; Organooxygen compounds; Fatty alcohols; Long-chain fatty alcohols; Fatty Acyls; Hydrocarbon derivatives; Organic oxygen compounds; Chemical entities	321.314	653	10.884	816706025369132121	816702855846185387	816702855846185386	4489	
1	C22H43NO	[M + H]+	C22H44NO+	Fatty acids	1.000	Fatty amides	1.000	Primary amides	1.000	Lipids and lipid-like molecules	0.889	Fatty Acyls	0.914	Fatty amides	0.887			Fatty amides	0.887	Organic compounds; Lipids and lipid-like molecules; Organic acids and derivatives; Carboxylic acids and derivatives; Organonitrogen compounds; Organooxygen compounds; Fatty amides; Carboxylic acid amides; Carboxylic acid derivatives; Primary carboxylic acid amides; Carbonyl compounds; Fatty Acyls; Organic oxides; Hydrocarbon derivatives; Organopnictogen compounds; Organic oxygen compounds; Organic nitrogen compounds; Chemical entities	338.341	653	10.887	816706023284562687	816702855955237301	816702855955237300	4496	
1	C19H35N3O2	[M + H]+	C19H36N3O2+	Fatty acids	0.730	Fatty amides	0.885	Primary amides	0.385	Lipids and lipid-like molecules	0.780	Fatty Acyls	0.653	Fatty amides	0.660			Fatty amides	0.660	Organic compounds; Lipids and lipid-like molecules; Organic acids and derivatives; Carboxylic acids and derivatives; Organonitrogen compounds; Organooxygen compounds; Fatty amides; Carboxylic acid amides; Carboxylic acid derivatives; Primary carboxylic acid amides; Carbonyl compounds; Fatty Acyls; Organic oxides; Hydrocarbon derivatives; Organopnictogen compounds; Organic oxygen compounds; Organic nitrogen compounds; Chemical entities	338.281	654	10.894	816706037939462361	816702856127203780	816702856127203779	4503	
1	C36H69NO4	[M + H]+	C36H70NO4+	Fatty acids	1.000	Spingolipids	1.000	Ceramides	1.000	Lipids and lipid-like molecules	0.991	Sphingolipids	0.975	Ceramides	0.991	Long-chain ceramides	0.745	Long-chain ceramides	0.745	Organic compounds; Carbohydrates and carbohydrate conjugates; Lipids and lipid-like molecules; Alcohols and polyols; Sphingolipids; Organic acids and derivatives; Carboxylic acids and derivatives; Organonitrogen compounds; Primary alcohols; Organooxygen compounds; Fatty amides; Carboxylic acid amides; Carboxylic acid derivatives; N-acyl amines; Ceramides; Monosaccharides; Secondary alcohols; Secondary carboxylic acid amides; Long-chain ceramides; Carbonyl compounds; Fatty Acyls; Organic oxides; Hydrocarbon derivatives; Organopnictogen compounds; Organic oxygen compounds; Organic nitrogen compounds; Chemical entities	580.528	656	10.934	816706024966478845	816702856211089870	816702856211089869	4505	
1	C36H64O6	[M + Na]+	C36H64NaO6+	Fatty acids	1.000	Glycerolipids	1.000	Diacylglycerols	0.982	Lipids and lipid-like molecules	0.997	Glycerolipids	0.984	Diradylglycerols	0.859	Diacylglycerols	0.888	1,2-diacylglycerols	0.911	Organic compounds; Lipids and lipid-like molecules; Alcohols and polyols; Glycerolipids; Organic acids and derivatives; Carboxylic acids and derivatives; Organooxygen compounds; Fatty acid esters; Dicarboxylic acids and derivatives; Carboxylic acid derivatives; Diacylglycerols; Carboxylic acid esters; Fatty alcohols; 1,2-diacylglycerols; Secondary alcohols; Carbonyl compounds; Diradylglycerols; Fatty Acyls; Organic oxides; Hydrocarbon derivatives; Organic oxygen compounds; Chemical entities	615.457	656	10.940	816706027365621032	816702856257227219	816702856257227218	4508	
1	C28H56NO7P	[M + H]+	C28H57NO7P+	Fatty acids	1.000	Glycerophospholipids	1.000	Glycerophosphocholines	0.999	Lipids and lipid-like molecules	0.977	Glycerophospholipids	0.998	Glycerophosphocholines	0.997	Lysophosphatidylcholines	0.929	1-acyl-sn-glycero-3-phosphocholines	0.925	Organic compounds; Lipids and lipid-like molecules; Alcohols and polyols; Glycerophospholipids; Organic acids and derivatives; Carboxylic acids and derivatives; Organonitrogen compounds; Organooxygen compounds; Fatty acid esters; Organic phosphoric acids and derivatives; Phosphate esters; Quaternary ammonium salts; Cholines; Carboxylic acid derivatives; Monocarboxylic acids and derivatives; Carboxylic acid esters; Phosphocholines; Lysophosphatidylcholines; 1-acyl-sn-glycero-3-phosphocholines; Secondary alcohols; Carbonyl compounds; Glycerophosphocholines; Amines; Alkyl phosphates; Dialkyl phosphates; Organic cations; Organic salts; Fatty Acyls; Organic oxides; Hydrocarbon derivatives; Tetraalkylammonium salts; Organopnictogen compounds; Organic oxygen compounds; Organic nitrogen compounds; Chemical entities	550.385	657	10.944	816706026619034856	816702856294975960	816702856294975959	4507	
1	C29H44O3	[M - H2O + H]+	C29H43O2+	Terpenoids	0.999	Meroterpenoids	0.976	Prenyl quinone meroterpenoids	0.987	Lipids and lipid-like molecules	0.966	Prenol lipids	0.940	Quinone and hydroquinone lipids	0.931	Vitamin E compounds	0.976	Vitamin E compounds	0.976	Organic compounds; Organoheterocyclic compounds; Lipids and lipid-like molecules; Benzopyrans; Alkyl aryl ethers; Ethers; Prenol lipids; Organic acids and derivatives; Carboxylic acids and derivatives; Organooxygen compounds; Monocarboxylic acids and derivatives; Carboxylic acids; Quinone and hydroquinone lipids; Vitamin E compounds; Diterpenoids; Carbonyl compounds; Benzenoids; 1-benzopyrans; Organic oxides; Oxacyclic compounds; Hydrocarbon derivatives; Organic oxygen compounds; Chemical entities	423.324	657	10.952	816706028405808466	816702856307558882	816702856307558881	4510	
